0,1,2,3,4,5,6,7,8,9,10,11,12,13,14,15,16,17,18,19,20,21,22,23,24,25,26,27,28,29,30,31,32,33,34,35,36,37,38,39,40,41,42,43,44,45,46,47,48,49,50,51,52,53,54,55,56,57,58,59,60,61,62,63,64,65,66,67,68,69,70,71,72,73,74,75,76,77,78,79,80,81,82,83,84,85,86,87,88,89,90,91,92,93,94,95,96,97,98,99,100,101,102,103,104,105,106,107,108,109,110,111,112,113,114,115,116,117,118,119,120,121,122,123,124,125,126,127,128,129,130,131,132,133,134,135,136,137,138,139,140,141,142,143,144,145,146,147,148,149,150,151,152,153,154,155,156,157,158,159,160,161,162,163,164,165,166,167,168,169,170,171,172,173,174,175,176,177,178,179,180,181,182,183,184,185,186,187,188,189,190,191,192,193,194,195,196,197,198,199,200
0.2222222238779068,0.31111112236976624,0.46666666865348816,0.5555555820465088,0.3333333432674408,0.4444444477558136,0.6222222447395325,0.4444444477558136,0.5111111402511597,0.5111111402511597,0.5111111402511597,0.4444444477558136,0.644444465637207,0.35555556416511536,0.46666666865348816,0.35555556416511536,0.3333333432674408,0.35555556416511536,0.2666666805744171,0.5333333611488342,0.2888889014720917,0.3777777850627899,0.5555555820465088,0.5555555820465088,0.3333333432674408,0.4000000059604645,0.6666666865348816,0.5555555820465088,0.4888888895511627,0.5333333611488342,0.35555556416511536,0.3777777850627899,0.4444444477558136,0.46666666865348816,0.7333333492279053,0.5333333611488342,0.5333333611488342,0.6222222447395325,0.644444465637207,0.4888888895511627,0.3777777850627899,0.5333333611488342,0.5555555820465088,0.5555555820465088,0.6666666865348816,0.5333333611488342,0.6888889074325562,0.5555555820465088,0.42222222685813904,0.6222222447395325,0.6888889074325562,0.644444465637207,0.6000000238418579,0.5111111402511597,0.5333333611488342,0.6888889074325562,0.5111111402511597,0.6222222447395325,0.8444444537162781,0.5555555820465088,0.8888888955116272,0.8444444537162781,0.9555555582046509,0.6888889074325562,0.800000011920929,0.6000000238418579,0.7555555701255798,0.7333333492279053,0.6666666865348816,0.7555555701255798,0.7111111283302307,0.8222222328186035,0.7333333492279053,0.7333333492279053,0.6000000238418579,0.7777777910232544,0.7777777910232544,0.7333333492279053,0.6888889074325562,0.7555555701255798,0.6000000238418579,0.9111111164093018,0.8888888955116272,0.8222222328186035,0.6888889074325562,0.7111111283302307,0.5777778029441833,0.7333333492279053,0.644444465637207,0.5111111402511597,0.5333333611488342,0.46666666865348816,0.4444444477558136,0.2666666805744171,0.15555556118488312,0.20000000298023224,0.13333334028720856,0.15555556118488312,0.1111111119389534,0.04444444552063942,0.0,0.04444444552063942,0.1111111119389534,0.15555556118488312,0.13333334028720856,0.20000000298023224,0.15555556118488312,0.2666666805744171,0.42222222685813904,0.46666666865348816,0.5111111402511597,0.5333333611488342,0.6666666865348816,0.6888889074325562,0.6000000238418579,0.7111111283302307,0.6666666865348816,0.800000011920929,0.8888888955116272,0.9777777791023254,0.5777778029441833,0.7555555701255798,0.7111111283302307,0.7333333492279053,0.7111111283302307,0.8444444537162781,0.5333333611488342,0.800000011920929,0.6666666865348816,0.8666666746139526,0.7111111283302307,0.7555555701255798,0.6666666865348816,0.7333333492279053,0.7777777910232544,0.6000000238418579,0.7555555701255798,0.6888889074325562,1.0,0.8444444537162781,0.800000011920929,0.644444465637207,0.8222222328186035,0.6222222447395325,0.5333333611488342,0.6888889074325562,0.5111111402511597,0.5333333611488342,0.5555555820465088,0.6666666865348816,0.6888889074325562,0.6000000238418579,0.46666666865348816,0.5333333611488342,0.6888889074325562,0.5555555820465088,0.644444465637207,0.5555555820465088,0.5777778029441833,0.5333333611488342,0.35555556416511536,0.4888888895511627,0.6666666865348816,0.6222222447395325,0.46666666865348816,0.6000000238418579,0.6666666865348816,0.5333333611488342,0.42222222685813904,0.4000000059604645,0.35555556416511536,0.5111111402511597,0.5111111402511597,0.5111111402511597,0.6888889074325562,0.3777777850627899,0.3777777850627899,0.5333333611488342,0.5555555820465088,0.4000000059604645,0.2888889014720917,0.4888888895511627,0.2888889014720917,0.35555556416511536,0.31111112236976624,0.4000000059604645,0.46666666865348816,0.35555556416511536,0.6222222447395325,0.4444444477558136,0.5111111402511597,0.4888888895511627,0.5555555820465088,0.42222222685813904,0.6222222447395325,0.4444444477558136,0.3333333432674408,0.5333333611488342,0.46666666865348816,0.3333333432674408,0.24444444477558136
0.0,0.0,0.0,0.0,0.0,0.0,0.0,0.0,0.0,0.0,0.0,0.0,0.0,0.0,0.0,0.0,0.0,0.0,0.0,0.0,0.0,0.0,0.0,0.0,0.0,0.0,0.0,0.0,0.0,0.0,0.0,0.0,0.0,0.0,0.0,0.0,0.0,0.0,0.0,0.0,0.0,0.0,0.0,0.0,0.0,0.0,0.0,0.0,0.0,0.0,0.0,0.0,0.0,0.0,0.0,0.0,0.0,0.0,0.0,0.0,0.0,0.0,0.0,0.0,0.0,0.0,0.0,0.0,0.0,0.0,0.0,0.0,0.0,0.0,1.0,0.5,0.0,0.0,0.0,0.0,0.0,0.0,0.0,0.0,0.0,0.0,0.0,0.0,0.0,0.0,0.0,0.0,0.0,0.0,0.0,0.0,0.0,0.0,0.0,0.0,0.0,0.0,0.0,0.0,0.0,0.0,0.0,0.0,0.0,0.0,0.0,0.0,0.0,0.0,0.0,0.0,0.0,0.0,0.0,0.0,0.0,0.0,0.0,0.0,0.0,0.5,1.0,0.0,0.0,0.0,0.0,0.0,0.0,0.0,0.0,0.0,0.0,0.0,0.0,0.0,0.0,0.0,0.0,0.0,0.0,0.0,0.0,0.0,0.0,0.0,0.0,0.0,0.0,0.0,0.0,0.0,0.0,0.0,0.0,0.0,0.0,0.0,0.0,0.0,0.0,0.0,0.0,0.0,0.0,0.0,0.0,0.0,0.0,0.0,0.0,0.0,0.0,0.0,0.0,0.0,0.0,0.0,0.0,0.0,0.0,0.0,0.0,0.0,0.0,0.0,0.0,0.0,0.0,0.0,0.0,0.0,0.0,0.0,0.0,0.0,0.0
0.0,0.25,1.0,0.75,0.5,0.25,0.0,1.0,0.0,0.0,0.0,0.0,0.0,0.0,0.0,0.0,0.25,0.0,0.25,0.25,0.0,0.25,0.25,0.25,0.0,0.0,0.0,0.0,0.0,0.5,0.0,0.5,0.25,0.5,0.0,0.25,0.0,0.25,0.25,0.0,0.0,0.25,0.0,0.5,0.25,0.25,0.25,0.0,0.0,0.0,0.0,0.0,0.0,0.0,0.25,0.0,0.25,0.0,0.0,0.0,0.25,0.25,0.0,0.0,0.0,0.0,0.0,0.5,0.0,0.0,0.25,0.0,0.0,0.0,0.25,0.0,0.0,0.0,0.0,0.5,0.25,0.0,0.0,0.0,0.25,0.5,0.0,0.25,0.0,0.25,0.25,0.0,0.0,0.0,0.0,0.0,0.0,0.0,0.0,0.0,0.0,0.0,0.0,0.0,0.0,0.0,0.0,0.0,0.0,0.0,0.25,0.25,0.0,0.25,0.0,0.5,0.25,0.0,0.0,0.0,0.25,0.5,0.0,0.0,0.0,0.0,0.25,0.0,0.0,0.0,0.25,0.0,0.0,0.5,0.0,0.0,0.0,0.0,0.0,0.25,0.25,0.0,0.0,0.0,0.25,0.0,0.25,0.0,0.0,0.0,0.0,0.0,0.0,0.0,0.25,0.25,0.25,0.5,0.0,0.25,0.0,0.0,0.25,0.25,0.0,0.25,0.0,0.5,0.25,0.5,0.0,0.5,0.0,0.0,0.0,0.0,0.0,0.25,0.25,0.25,0.0,0.25,0.25,0.0,0.25,0.0,0.0,0.0,0.0,0.0,0.0,0.0,0.0,1.0,0.0,0.25,0.5,0.75,0.75,0.5,0.0
0.08695652335882187,0.239130437374115,0.18115942180156708,0.1304347813129425,0.1304347813129425,0.19565217196941376,0.13768115639686584,0.14492753148078918,0.09420289844274521,0.15217390656471252,0.1666666716337204,0.15217390656471252,0.14492753148078918,0.15942029654979706,0.09420289844274521,0.11594203114509583,0.15217390656471252,0.19565217196941376,0.10144927352666855,0.14492753148078918,0.14492753148078918,0.15942029654979706,0.21014492213726044,0.23188406229019165,0.15942029654979706,0.11594203114509583,0.18115942180156708,0.1666666716337204,0.18115942180156708,0.14492753148078918,0.11594203114509583,0.19565217196941376,0.2028985470533371,0.26811593770980835,0.21739129722118378,0.2246376872062683,0.18840579688549042,0.2246376872062683,0.239130437374115,0.23188406229019165,0.3115941882133484,0.2246376872062683,0.28260868787765503,0.2028985470533371,0.3333333432674408,0.26811593770980835,0.2971014380455017,0.4202898442745209,0.4057970941066742,0.3333333432674408,0.32608696818351746,0.39855071902275085,0.3478260934352875,0.3913043439388275,0.5,0.3913043439388275,0.36231884360313416,0.3695652186870575,0.39855071902275085,0.4057970941066742,0.5724637508392334,0.39855071902275085,0.5289855003356934,0.5652173757553101,0.5797101259231567,0.5579710006713867,0.47101449966430664,0.6739130616188049,0.739130437374115,0.5,0.7463768124580383,0.5507246255874634,0.695652186870575,0.6521739363670349,0.8333333134651184,0.6376811861991882,0.7028985619544983,0.782608687877655,0.9130434989929199,0.7753623127937317,0.9130434989929199,0.9202898740768433,0.8913043737411499,0.7318840622901917,1.0,0.97826087474823,0.8478260636329651,0.8550724387168884,0.9202898740768433,0.7318840622901917,0.8260869383811951,0.7536231875419617,0.9420289993286133,0.7028985619544983,0.6521739363670349,0.37681159377098083,0.15942029654979706,0.021739130839705467,0.014492753893136978,0.028985507786273956,0.0,0.028985507786273956,0.014492753893136978,0.021739130839705467,0.15217390656471252,0.3478260934352875,0.6811594367027283,0.6739130616188049,0.9492753744125366,0.7681159377098083,0.7898550629615784,0.7536231875419617,0.9275362491607666,0.8550724387168884,0.8260869383811951,1.0,0.9927536249160767,0.7463768124580383,0.8768116235733032,0.8913043737411499,0.95652174949646,0.7681159377098083,0.8768116235733032,0.8188405632972717,0.7028985619544983,0.6376811861991882,0.8115941882133484,0.6811594367027283,0.6811594367027283,0.5724637508392334,0.7028985619544983,0.5289855003356934,0.7463768124580383,0.6666666865348816,0.4855072498321533,0.5362318754196167,0.5869565010070801,0.5652173757553101,0.54347825050354,0.39855071902275085,0.5507246255874634,0.4202898442745209,0.39855071902275085,0.37681159377098083,0.3478260934352875,0.3913043439388275,0.5144927501678467,0.39855071902275085,0.3188405930995941,0.4057970941066742,0.34057971835136414,0.3333333432674408,0.37681159377098083,0.4492753744125366,0.30434781312942505,0.260869562625885,0.32608696818351746,0.19565217196941376,0.28985506296157837,0.2246376872062683,0.3188405930995941,0.239130437374115,0.2246376872062683,0.239130437374115,0.18115942180156708,0.2246376872062683,0.2246376872062683,0.260869562625885,0.21014492213726044,0.18115942180156708,0.1304347813129425,0.14492753148078918,0.1666666716337204,0.18115942180156708,0.1666666716337204,0.1304347813129425,0.15217390656471252,0.239130437374115,0.18115942180156708,0.15942029654979706,0.15942029654979706,0.15217390656471252,0.10144927352666855,0.18840579688549042,0.1666666716337204,0.11594203114509583,0.09420289844274521,0.15942029654979706,0.14492753148078918,0.14492753148078918,0.15942029654979706,0.15217390656471252,0.10144927352666855,0.14492753148078918,0.13768115639686584,0.2028985470533371,0.1304347813129425,0.12318840622901917,0.1666666716337204,0.24637681245803833,0.10144927352666855
0.0,0.0,0.0,0.0,0.0,0.0,0.0,0.0,0.0,0.0,0.0,0.0,0.0,0.0,0.0,0.0,0.0,0.0,0.0,0.0,0.0,0.0,1.0,0.0,0.0,0.0,0.0,0.0,0.0,0.0,0.0,0.0,0.0,0.0,0.0,0.0,0.0,0.0,0.0,0.0,0.0,0.0,0.0,0.0,0.0,0.0,0.0,0.0,0.0,0.0,0.0,0.0,0.0,0.0,0.0,0.0,0.0,0.0,0.0,0.0,0.0,0.0,0.0,0.0,0.0,0.0,0.0,0.0,0.0,0.0,0.0,0.0,0.0,0.0,0.0,0.0,0.0,0.0,0.0,0.0,0.0,0.0,0.0,0.0,1.0,0.0,0.0,0.0,0.0,0.0,0.0,0.0,0.0,0.0,0.0,0.0,0.0,0.0,0.0,0.0,0.0,0.0,0.0,0.0,0.0,0.0,0.0,0.0,0.0,0.0,0.0,0.0,0.0,0.0,0.0,0.0,1.0,0.0,0.0,0.0,0.0,0.0,0.0,0.0,0.0,0.0,0.0,0.0,0.0,0.0,0.0,0.0,0.0,0.0,0.0,0.0,0.0,0.0,0.0,0.0,0.0,0.0,0.0,0.0,0.0,0.0,0.0,0.0,0.0,0.0,0.0,0.0,0.0,0.0,0.0,0.0,0.0,0.0,0.0,0.0,0.0,0.0,0.0,0.0,0.0,0.0,0.0,0.0,0.0,0.0,0.0,0.0,0.0,0.0,0.0,0.0,0.0,0.0,1.0,0.0,0.0,0.0,0.0,0.0,0.0,0.0,0.0,0.0,0.0,0.0,0.0,0.0,0.0,0.0,0.0,0.0,0.0,0.0,0.0,0.0,0.0
0.0,0.0,0.0,0.0,0.0,0.0,0.0,0.0,0.0,0.0,0.0,0.0,0.0,0.0,0.0,0.0,0.0,0.0,0.0,0.0,0.0,0.0,0.0,0.0,0.0,0.0,0.0,0.0,0.0,0.0,0.0,0.0,1.0,0.0,0.0,0.0,0.0,0.0,0.0,0.0,0.0,0.0,0.0,0.0,0.0,0.0,0.0,0.0,0.0,1.0,0.0,0.0,0.0,0.0,0.0,0.0,0.0,0.0,1.0,0.0,0.0,0.0,0.0,0.0,0.0,0.0,0.0,0.0,0.0,0.0,0.0,0.0,1.0,0.0,1.0,0.0,0.0,0.0,1.0,1.0,0.0,0.0,0.0,0.0,0.0,0.0,0.0,0.0,0.0,0.0,0.0,0.0,0.0,0.0,0.0,0.0,0.0,0.0,0.0,0.0,0.0,0.0,0.0,0.0,0.0,0.0,0.0,0.0,0.0,0.0,0.0,0.0,0.0,0.0,0.0,0.0,0.0,0.0,0.0,0.0,0.0,1.0,1.0,0.0,0.0,0.0,1.0,0.0,1.0,0.0,0.0,0.0,0.0,0.0,0.0,0.0,0.0,0.0,0.0,0.0,0.0,0.0,1.0,0.0,0.0,0.0,0.0,0.0,0.0,0.0,0.0,1.0,0.0,0.0,0.0,0.0,0.0,0.0,0.0,0.0,0.0,0.0,0.0,0.0,0.0,0.0,0.0,0.0,1.0,0.0,0.0,0.0,0.0,0.0,0.0,0.0,0.0,0.0,0.0,0.0,0.0,0.0,0.0,0.0,0.0,0.0,0.0,0.0,0.0,0.0,0.0,0.0,0.0,0.0,0.0,0.0,0.0,0.0,0.0,0.0,0.0
0.3333333432674408,0.4444444477558136,0.1111111119389534,0.7777777910232544,0.4444444477558136,0.4444444477558136,0.8888888955116272,0.3333333432674408,0.5555555820465088,0.2222222238779068,0.3333333432674408,0.5555555820465088,0.3333333432674408,0.3333333432674408,0.4444444477558136,0.3333333432674408,0.3333333432674408,0.5555555820465088,0.3333333432674408,0.2222222238779068,0.3333333432674408,0.8888888955116272,0.3333333432674408,0.2222222238779068,0.5555555820465088,0.3333333432674408,0.2222222238779068,0.2222222238779068,0.4444444477558136,0.3333333432674408,0.4444444477558136,0.3333333432674408,0.0,0.3333333432674408,0.6666666865348816,0.4444444477558136,0.2222222238779068,0.2222222238779068,0.3333333432674408,0.2222222238779068,0.7777777910232544,0.3333333432674408,0.4444444477558136,0.5555555820465088,0.2222222238779068,0.0,0.7777777910232544,0.4444444477558136,0.3333333432674408,0.4444444477558136,0.1111111119389534,0.4444444477558136,0.4444444477558136,0.4444444477558136,0.3333333432674408,0.6666666865348816,0.2222222238779068,0.2222222238779068,0.4444444477558136,0.4444444477558136,0.4444444477558136,0.5555555820465088,0.5555555820465088,0.1111111119389534,0.7777777910232544,0.2222222238779068,0.2222222238779068,0.4444444477558136,0.3333333432674408,0.4444444477558136,0.3333333432674408,0.2222222238779068,0.4444444477558136,0.4444444477558136,0.8888888955116272,0.3333333432674408,0.4444444477558136,0.2222222238779068,0.3333333432674408,0.1111111119389534,0.7777777910232544,0.8888888955116272,0.7777777910232544,0.1111111119389534,0.3333333432674408,0.3333333432674408,0.2222222238779068,0.3333333432674408,0.5555555820465088,0.3333333432674408,0.5555555820465088,0.6666666865348816,0.3333333432674408,0.4444444477558136,0.1111111119389534,0.1111111119389534,0.7777777910232544,0.2222222238779068,0.4444444477558136,0.0,0.0,0.0,0.4444444477558136,0.2222222238779068,0.6666666865348816,0.2222222238779068,0.1111111119389534,0.4444444477558136,0.3333333432674408,0.6666666865348816,0.5555555820465088,0.3333333432674408,0.5555555820465088,0.3333333432674408,0.2222222238779068,0.3333333432674408,0.3333333432674408,0.1111111119389534,0.6666666865348816,1.0,0.7777777910232544,0.1111111119389534,0.2222222238779068,0.3333333432674408,0.4444444477558136,0.3333333432674408,0.8888888955116272,0.4444444477558136,0.4444444477558136,0.2222222238779068,0.3333333432674408,0.4444444477558136,0.3333333432674408,0.4444444477558136,0.2222222238779068,0.2222222238779068,0.7777777910232544,0.1111111119389534,0.5555555820465088,0.5555555820465088,0.4444444477558136,0.4444444477558136,0.3333333432674408,0.3333333432674408,0.2222222238779068,0.5555555820465088,0.4444444477558136,0.4444444477558136,0.4444444477558136,0.4444444477558136,0.1111111119389534,0.3333333432674408,0.4444444477558136,0.4444444477558136,0.7777777910232544,0.0,0.2222222238779068,0.5555555820465088,0.4444444477558136,0.3333333432674408,0.7777777910232544,0.2222222238779068,0.3333333432674408,0.2222222238779068,0.2222222238779068,0.4444444477558136,0.6666666865348816,0.3333333432674408,0.0,0.3333333432674408,0.3333333432674408,0.3333333432674408,0.5555555820465088,0.2222222238779068,0.1111111119389534,0.4444444477558136,0.4444444477558136,0.3333333432674408,0.3333333432674408,0.8888888955116272,0.2222222238779068,0.3333333432674408,0.3333333432674408,0.5555555820465088,0.3333333432674408,0.3333333432674408,0.4444444477558136,0.3333333432674408,0.2222222238779068,0.6666666865348816,0.3333333432674408,0.2222222238779068,0.5555555820465088,0.3333333432674408,0.8888888955116272,0.4444444477558136,0.4444444477558136,0.7777777910232544,0.0,0.5555555820465088,0.3333333432674408
0.0,0.25,0.25,0.25,0.25,0.0,0.0,0.5,0.25,0.0,0.25,0.0,0.25,0.25,0.25,0.25,0.5,0.5,1.0,0.25,0.0,0.0,0.0,0.25,0.0,0.25,0.0,0.5,0.0,0.0,0.0,0.25,0.5,0.0,0.25,0.0,0.25,0.25,0.25,0.0,0.25,0.0,0.25,0.25,0.5,0.25,0.25,0.5,0.0,0.25,0.0,0.0,0.25,0.0,0.5,0.25,0.5,0.25,0.0,0.25,0.0,0.0,0.5,0.5,0.25,0.5,0.0,0.25,0.25,0.5,0.0,0.5,0.5,0.25,0.0,0.75,0.0,0.0,0.25,0.0,0.25,0.25,0.5,0.25,0.0,0.25,0.75,0.75,0.25,0.25,0.0,0.0,0.25,0.0,0.0,0.0,0.0,0.0,0.0,0.0,0.0,0.0,0.0,0.0,0.0,0.0,0.0,0.0,0.25,0.0,0.0,0.0,0.5,0.75,0.5,0.5,0.0,0.25,0.5,0.25,0.25,0.0,0.25,0.0,0.0,0.5,0.25,0.25,0.5,0.5,0.0,0.5,0.25,0.25,0.0,0.5,0.25,0.5,0.5,0.0,0.0,0.25,0.0,0.25,0.5,0.25,0.5,0.0,0.25,0.0,0.0,0.25,0.0,0.5,0.25,0.25,0.5,0.25,0.0,0.25,0.25,0.0,0.25,0.25,0.25,0.0,0.25,0.0,0.5,0.25,0.0,0.0,0.0,0.25,0.25,0.25,0.0,0.25,0.0,0.0,0.0,0.25,1.0,0.5,0.5,0.25,0.25,0.25,0.25,0.0,0.25,0.0,0.25,0.5,0.0,0.0,0.25,0.25,0.25,0.25,0.0
0.1428571492433548,0.4285714328289032,0.9523809552192688,0.5714285969734192,0.7142857313156128,0.5714285969734192,0.6666666865348816,0.8571428656578064,0.6190476417541504,0.6190476417541504,0.523809552192688,0.380952388048172,0.8571428656578064,0.6190476417541504,0.4761904776096344,0.6190476417541504,0.761904776096344,0.3333333432674408,0.6190476417541504,0.2380952388048172,0.6666666865348816,0.4761904776096344,0.380952388048172,0.9047619104385376,0.761904776096344,0.4285714328289032,0.380952388048172,0.5714285969734192,0.9523809552192688,0.5714285969734192,0.380952388048172,0.380952388048172,0.2857142984867096,0.1428571492433548,0.380952388048172,0.2857142984867096,0.6190476417541504,0.4285714328289032,0.2380952388048172,0.3333333432674408,0.4761904776096344,0.4761904776096344,0.380952388048172,0.380952388048172,0.4761904776096344,0.523809552192688,0.190476194024086,0.0476190485060215,0.1428571492433548,0.4761904776096344,0.5714285969734192,0.1428571492433548,0.2857142984867096,0.1428571492433548,0.380952388048172,0.4761904776096344,0.380952388048172,0.4761904776096344,0.3333333432674408,0.2380952388048172,0.2857142984867096,0.4285714328289032,0.380952388048172,0.5714285969734192,0.2380952388048172,0.4285714328289032,0.2380952388048172,0.190476194024086,0.4761904776096344,0.1428571492433548,0.3333333432674408,0.5714285969734192,0.4285714328289032,0.523809552192688,0.380952388048172,0.2857142984867096,0.4761904776096344,0.523809552192688,0.6190476417541504,0.380952388048172,0.4761904776096344,0.523809552192688,0.4285714328289032,0.4285714328289032,0.6666666865348816,0.761904776096344,0.6666666865348816,0.4285714328289032,0.5714285969734192,0.6666666865348816,0.6666666865348816,0.4285714328289032,0.380952388048172,0.2380952388048172,0.190476194024086,0.0,0.0,0.0,0.095238097012043,0.0,0.0,0.0,0.095238097012043,0.0,0.0,0.0,0.190476194024086,0.2380952388048172,0.380952388048172,0.4285714328289032,0.523809552192688,0.7142857313156128,0.6666666865348816,0.4285714328289032,0.6190476417541504,0.7142857313156128,0.761904776096344,0.4285714328289032,0.4285714328289032,0.523809552192688,0.4761904776096344,0.380952388048172,0.6190476417541504,0.523809552192688,0.380952388048172,0.3333333432674408,0.4285714328289032,0.523809552192688,0.4285714328289032,0.523809552192688,0.380952388048172,0.1428571492433548,0.4285714328289032,0.2380952388048172,0.2380952388048172,0.3333333432674408,0.2380952388048172,0.6666666865348816,0.380952388048172,0.380952388048172,0.2380952388048172,0.3333333432674408,0.2380952388048172,0.5714285969734192,0.380952388048172,0.4761904776096344,0.380952388048172,0.1428571492433548,0.2857142984867096,0.1428571492433548,0.5714285969734192,0.4285714328289032,0.190476194024086,0.0476190485060215,0.190476194024086,0.523809552192688,0.4761904776096344,0.380952388048172,0.380952388048172,0.4761904776096344,0.4761904776096344,0.3333333432674408,0.190476194024086,0.4761904776096344,0.6190476417541504,0.2857142984867096,0.3333333432674408,0.190476194024086,0.2857142984867096,0.380952388048172,0.3333333432674408,0.6190476417541504,0.9047619104385376,0.6190476417541504,0.380952388048172,0.380952388048172,0.761904776096344,0.9047619104385376,0.4285714328289032,0.4761904776096344,0.6190476417541504,0.2857142984867096,0.523809552192688,0.380952388048172,0.8095238208770752,0.6190476417541504,0.4761904776096344,0.5714285969734192,0.8571428656578064,0.4285714328289032,0.523809552192688,0.523809552192688,0.7142857313156128,0.8571428656578064,0.6666666865348816,0.523809552192688,0.761904776096344,0.523809552192688,1.0,0.4285714328289032,0.1428571492433548
0.3333333432674408,0.1666666716337204,0.5,0.1666666716337204,0.3333333432674408,0.6666666865348816,0.0,0.3333333432674408,0.0,0.3333333432674408,0.1666666716337204,0.3333333432674408,0.3333333432674408,1.0,0.3333333432674408,0.3333333432674408,0.0,0.0,0.3333333432674408,0.5,0.6666666865348816,0.1666666716337204,0.1666666716337204,0.5,0.1666666716337204,0.1666666716337204,0.3333333432674408,0.1666666716337204,0.6666666865348816,0.1666666716337204,0.0,0.5,0.5,0.5,0.1666666716337204,0.5,0.1666666716337204,0.5,0.1666666716337204,0.5,0.1666666716337204,0.0,0.3333333432674408,0.0,0.3333333432674408,0.6666666865348816,0.8333333134651184,0.5,0.0,0.6666666865348816,0.5,0.6666666865348816,0.3333333432674408,0.0,0.6666666865348816,0.5,0.5,0.1666666716337204,0.6666666865348816,0.3333333432674408,0.0,0.5,0.3333333432674408,0.1666666716337204,0.1666666716337204,0.3333333432674408,0.3333333432674408,0.1666666716337204,0.5,0.5,0.6666666865348816,0.8333333134651184,0.3333333432674408,0.5,0.0,0.3333333432674408,1.0,0.6666666865348816,0.5,0.5,0.5,0.3333333432674408,0.8333333134651184,0.3333333432674408,0.1666666716337204,0.5,0.3333333432674408,0.1666666716337204,0.3333333432674408,0.3333333432674408,0.6666666865348816,0.1666666716337204,0.0,0.0,0.0,0.0,0.0,0.0,0.0,0.0,0.0,0.0,0.0,0.0,0.0,0.0,0.0,0.0,0.0,0.1666666716337204,0.6666666865348816,0.3333333432674408,0.3333333432674408,0.1666666716337204,0.3333333432674408,0.3333333432674408,0.3333333432674408,0.1666666716337204,1.0,0.3333333432674408,0.5,0.5,0.5,0.6666666865348816,1.0,0.3333333432674408,0.0,0.5,0.3333333432674408,0.6666666865348816,0.6666666865348816,0.6666666865348816,0.5,0.1666666716337204,0.3333333432674408,0.3333333432674408,0.1666666716337204,0.1666666716337204,0.3333333432674408,0.5,0.0,0.3333333432674408,0.6666666865348816,0.1666666716337204,0.3333333432674408,0.6666666865348816,0.6666666865348816,0.0,0.3333333432674408,0.6666666865348816,0.5,0.6666666865348816,0.0,0.5,0.8333333134651184,0.5,0.3333333432674408,0.1666666716337204,0.3333333432674408,0.0,0.1666666716337204,0.5,0.1666666716337204,0.5,0.1666666716337204,0.5,0.1666666716337204,0.5,0.5,0.5,0.0,0.1666666716337204,0.6666666865348816,0.0,0.5,0.1666666716337204,0.1666666716337204,0.5,0.1666666716337204,0.1666666716337204,0.6666666865348816,0.5,0.3333333432674408,0.0,0.0,0.3333333432674408,0.3333333432674408,1.0,0.3333333432674408,0.3333333432674408,0.1666666716337204,0.3333333432674408,0.0,0.3333333432674408,0.0,0.6666666865348816,0.1666666716337204,0.3333333432674408,0.5,0.1666666716337204,0.3333333432674408
0.1568627506494522,0.4313725531101227,0.5490196347236633,0.27450981736183167,0.37254902720451355,0.3333333432674408,0.5490196347236633,0.3137255012989044,0.37254902720451355,0.47058823704719543,0.4117647111415863,0.27450981736183167,0.45098039507865906,0.45098039507865906,0.3529411852359772,0.4901960790157318,0.27450981736183167,0.3529411852359772,0.6274510025978088,0.4901960790157318,0.47058823704719543,0.6078431606292725,0.529411792755127,0.529411792755127,0.5098039507865906,0.4313725531101227,0.3333333432674408,0.3529411852359772,0.37254902720451355,0.4901960790157318,0.6274510025978088,0.5882353186607361,0.4117647111415863,0.5098039507865906,0.37254902720451355,0.3333333432674408,0.6470588445663452,0.3921568691730499,0.7058823704719543,0.5490196347236633,0.6470588445663452,0.4117647111415863,0.5098039507865906,0.5686274766921997,0.45098039507865906,0.45098039507865906,0.529411792755127,0.4117647111415863,0.529411792755127,0.45098039507865906,0.5686274766921997,0.5098039507865906,0.45098039507865906,0.47058823704719543,0.7058823704719543,0.5490196347236633,0.5686274766921997,0.4117647111415863,0.7450980544090271,0.529411792755127,0.6078431606292725,0.5882353186607361,0.6274510025978088,0.6470588445663452,0.529411792755127,0.5098039507865906,0.529411792755127,0.8039215803146362,0.4901960790157318,0.4901960790157318,0.686274528503418,0.6078431606292725,0.686274528503418,0.5882353186607361,0.6470588445663452,0.686274528503418,0.8235294222831726,0.6078431606292725,0.7843137383460999,0.7843137383460999,0.7450980544090271,0.7058823704719543,1.0,0.47058823704719543,0.686274528503418,0.7058823704719543,0.8823529481887817,0.7254902124404907,0.7450980544090271,0.9215686321258545,0.529411792755127,0.47058823704719543,0.3529411852359772,0.23529411852359772,0.13725490868091583,0.03921568766236305,0.0,0.05882352963089943,0.03921568766236305,0.0,0.0,0.0,0.03921568766236305,0.05882352963089943,0.0,0.03921568766236305,0.13725490868091583,0.21568627655506134,0.3529411852359772,0.4901960790157318,0.529411792755127,0.9019607901573181,0.7647058963775635,0.686274528503418,0.8823529481887817,0.7450980544090271,0.6666666865348816,0.47058823704719543,0.9607843160629272,0.7058823704719543,0.8039215803146362,0.7843137383460999,0.7450980544090271,0.6470588445663452,0.8235294222831726,0.5882353186607361,0.7254902124404907,0.5686274766921997,0.7254902124404907,0.6078431606292725,0.6666666865348816,0.45098039507865906,0.5490196347236633,0.7647058963775635,0.5490196347236633,0.47058823704719543,0.5490196347236633,0.686274528503418,0.6078431606292725,0.5882353186607361,0.6078431606292725,0.5490196347236633,0.7254902124404907,0.4117647111415863,0.5686274766921997,0.5686274766921997,0.6666666865348816,0.47058823704719543,0.45098039507865906,0.529411792755127,0.5686274766921997,0.47058823704719543,0.5098039507865906,0.3921568691730499,0.5686274766921997,0.4313725531101227,0.45098039507865906,0.5686274766921997,0.4901960790157318,0.4313725531101227,0.6470588445663452,0.5490196347236633,0.7058823704719543,0.4117647111415863,0.6470588445663452,0.3137255012989044,0.37254902720451355,0.5098039507865906,0.4313725531101227,0.5686274766921997,0.6274510025978088,0.5098039507865906,0.3529411852359772,0.3529411852359772,0.3333333432674408,0.4313725531101227,0.529411792755127,0.4901960790157318,0.5490196347236633,0.6274510025978088,0.47058823704719543,0.47058823704719543,0.6470588445663452,0.3529411852359772,0.23529411852359772,0.5098039507865906,0.37254902720451355,0.4117647111415863,0.45098039507865906,0.3137255012989044,0.3921568691730499,0.45098039507865906,0.4117647111415863,0.3137255012989044,0.529411792755127,0.3529411852359772,0.37254902720451355,0.27450981736183167,0.529411792755127,0.4313725531101227,0.1764705926179886
0.0,0.0,0.0,0.0,0.0,0.0,0.0,0.0,0.0,0.0,0.0,0.0,0.0,0.0,0.5,0.0,0.0,0.0,0.0,0.0,0.0,0.0,0.0,0.0,0.0,0.0,0.0,0.0,0.0,0.0,0.0,0.5,0.0,0.0,0.0,0.0,0.0,0.0,0.0,0.0,0.0,0.0,0.0,0.0,0.0,0.0,0.0,0.0,0.0,0.0,0.0,0.0,0.0,0.0,0.0,0.0,0.0,0.0,0.0,0.0,0.0,0.0,0.0,0.0,0.0,0.0,0.0,0.0,0.0,0.0,0.0,0.0,0.0,0.0,1.0,0.0,0.0,0.0,0.0,0.0,0.0,0.0,0.0,0.5,0.0,0.0,0.0,0.0,0.5,0.0,0.0,0.0,0.5,0.5,0.0,0.0,0.0,0.0,0.0,0.0,0.0,0.0,0.0,0.0,0.0,0.0,0.0,0.5,0.5,0.0,0.0,0.0,0.5,0.0,0.0,0.0,0.0,0.5,0.0,0.0,0.0,0.0,0.0,0.0,0.0,0.0,1.0,0.0,0.0,0.0,0.0,0.0,0.0,0.0,0.0,0.0,0.0,0.0,0.0,0.0,0.0,0.0,0.0,0.0,0.0,0.0,0.0,0.0,0.0,0.0,0.0,0.0,0.0,0.0,0.0,0.0,0.0,0.0,0.0,0.0,0.0,0.0,0.0,0.0,0.0,0.0,0.0,0.0,0.0,0.5,0.0,0.0,0.0,0.0,0.0,0.0,0.0,0.0,0.0,0.0,0.0,0.0,0.0,0.0,0.0,0.0,0.5,0.0,0.0,0.0,0.0,0.0,0.0,0.0,0.0,0.0,0.0,0.0,0.0,0.0,0.0
0.0833333358168602,0.28333333134651184,0.23333333432674408,0.38333332538604736,0.18333333730697632,0.15000000596046448,0.20000000298023224,0.23333333432674408,0.25,0.21666666865348816,0.25,0.2666666805744171,0.2666666805744171,0.23333333432674408,0.15000000596046448,0.28333333134651184,0.25,0.23333333432674408,0.25,0.25,0.3333333432674408,0.2666666805744171,0.15000000596046448,0.21666666865348816,0.20000000298023224,0.3333333432674408,0.36666667461395264,0.28333333134651184,0.25,0.23333333432674408,0.2666666805744171,0.21666666865348816,0.3499999940395355,0.21666666865348816,0.28333333134651184,0.28333333134651184,0.3166666626930237,0.25,0.28333333134651184,0.4000000059604645,0.28333333134651184,0.25,0.28333333134651184,0.36666667461395264,0.4000000059604645,0.30000001192092896,0.3333333432674408,0.46666666865348816,0.36666667461395264,0.3333333432674408,0.3499999940395355,0.3333333432674408,0.3166666626930237,0.3499999940395355,0.4333333373069763,0.4000000059604645,0.30000001192092896,0.46666666865348816,0.4166666567325592,0.5166666507720947,0.3333333432674408,0.3333333432674408,0.550000011920929,0.550000011920929,0.4166666567325592,0.5166666507720947,0.5833333134651184,0.699999988079071,0.5,0.7333333492279053,0.6000000238418579,0.550000011920929,0.6499999761581421,0.7333333492279053,0.5166666507720947,0.5,0.7833333611488342,0.6666666865348816,0.7333333492279053,0.7833333611488342,0.6833333373069763,0.7833333611488342,0.7666666507720947,0.75,0.6499999761581421,0.6833333373069763,0.7333333492279053,0.8833333253860474,1.0,0.800000011920929,0.75,0.6833333373069763,0.6499999761581421,0.550000011920929,0.4000000059604645,0.20000000298023224,0.01666666753590107,0.01666666753590107,0.0,0.0,0.0,0.0,0.0,0.01666666753590107,0.01666666753590107,0.1666666716337204,0.4000000059604645,0.550000011920929,0.6499999761581421,0.699999988079071,0.7333333492279053,0.8166666626930237,0.9833333492279053,0.8999999761581421,0.7333333492279053,0.6666666865348816,0.6833333373069763,0.7333333492279053,0.7333333492279053,0.8166666626930237,0.699999988079071,0.7666666507720947,0.75,0.6333333253860474,0.800000011920929,0.5,0.5166666507720947,0.7333333492279053,0.6166666746139526,0.5666666626930237,0.6166666746139526,0.699999988079071,0.5333333611488342,0.6833333373069763,0.6000000238418579,0.5333333611488342,0.4166666567325592,0.550000011920929,0.5333333611488342,0.3333333432674408,0.3333333432674408,0.5333333611488342,0.4166666567325592,0.44999998807907104,0.3166666626930237,0.4000000059604645,0.4166666567325592,0.36666667461395264,0.28333333134651184,0.36666667461395264,0.3333333432674408,0.3499999940395355,0.3499999940395355,0.4833333194255829,0.3166666626930237,0.3166666626930237,0.4000000059604645,0.36666667461395264,0.25,0.28333333134651184,0.28333333134651184,0.38333332538604736,0.30000001192092896,0.25,0.3166666626930237,0.28333333134651184,0.28333333134651184,0.20000000298023224,0.36666667461395264,0.21666666865348816,0.2666666805744171,0.23333333432674408,0.23333333432674408,0.2666666805744171,0.4000000059604645,0.3166666626930237,0.21666666865348816,0.21666666865348816,0.15000000596046448,0.25,0.3333333432674408,0.25,0.25,0.25,0.21666666865348816,0.30000001192092896,0.1666666716337204,0.23333333432674408,0.25,0.28333333134651184,0.23333333432674408,0.21666666865348816,0.2666666805744171,0.23333333432674408,0.1666666716337204,0.1666666716337204,0.20000000298023224,0.38333332538604736,0.21666666865348816,0.30000001192092896,0.0833333358168602
0.04545454680919647,0.3636363744735718,0.13636364042758942,0.5,0.3181818127632141,0.1818181872367859,0.22727273404598236,0.27272728085517883,0.3181818127632141,0.3181818127632141,0.1818181872367859,0.27272728085517883,0.1818181872367859,0.27272728085517883,0.3636363744735718,0.22727273404598236,0.3181818127632141,0.27272728085517883,0.27272728085517883,0.22727273404598236,0.3181818127632141,0.40909090638160706,0.3181818127632141,0.1818181872367859,0.27272728085517883,0.27272728085517883,0.3181818127632141,0.13636364042758942,0.13636364042758942,0.40909090638160706,0.13636364042758942,0.1818181872367859,0.27272728085517883,0.40909090638160706,0.3636363744735718,0.22727273404598236,0.27272728085517883,0.3636363744735718,0.5454545617103577,0.22727273404598236,0.13636364042758942,0.3181818127632141,0.40909090638160706,0.40909090638160706,0.6363636255264282,0.22727273404598236,0.3636363744735718,0.22727273404598236,0.3181818127632141,0.27272728085517883,0.3636363744735718,0.27272728085517883,0.5,0.3636363744735718,0.3636363744735718,0.22727273404598236,0.5454545617103577,0.3636363744735718,0.4545454680919647,0.3636363744735718,0.3181818127632141,0.27272728085517883,0.3181818127632141,0.3181818127632141,0.3181818127632141,0.40909090638160706,0.1818181872367859,0.27272728085517883,0.6363636255264282,0.3636363744735718,0.40909090638160706,0.5,0.5,0.5909090638160706,0.27272728085517883,0.5454545617103577,0.5,0.22727273404598236,0.8636363744735718,0.4545454680919647,0.6363636255264282,0.4545454680919647,0.9545454382896423,0.5909090638160706,0.4545454680919647,0.7727272510528564,0.5909090638160706,0.40909090638160706,0.27272728085517883,0.1818181872367859,0.09090909361839294,0.09090909361839294,0.09090909361839294,0.0,0.0,0.0,0.0,0.0,0.04545454680919647,0.0,0.0,0.0,0.04545454680919647,0.0,0.0,0.0,0.0,0.0,0.09090909361839294,0.09090909361839294,0.09090909361839294,0.1818181872367859,0.22727273404598236,0.4545454680919647,0.5454545617103577,0.7727272510528564,0.5,0.5,1.0,0.4545454680919647,0.6818181872367859,0.4545454680919647,0.8636363744735718,0.22727273404598236,0.4545454680919647,0.5,0.3636363744735718,0.5909090638160706,0.5,0.4545454680919647,0.40909090638160706,0.40909090638160706,0.6363636255264282,0.27272728085517883,0.1818181872367859,0.3636363744735718,0.3636363744735718,0.3181818127632141,0.3181818127632141,0.27272728085517883,0.3181818127632141,0.3636363744735718,0.4545454680919647,0.27272728085517883,0.5,0.3636363744735718,0.3636363744735718,0.3181818127632141,0.5,0.3181818127632141,0.3636363744735718,0.27272728085517883,0.3181818127632141,0.22727273404598236,0.3636363744735718,0.22727273404598236,0.6363636255264282,0.3636363744735718,0.4545454680919647,0.3181818127632141,0.04545454680919647,0.3181818127632141,0.5,0.3636363744735718,0.27272728085517883,0.27272728085517883,0.3636363744735718,0.40909090638160706,0.27272728085517883,0.13636364042758942,0.1818181872367859,0.3636363744735718,0.1818181872367859,0.13636364042758942,0.3181818127632141,0.27272728085517883,0.27272728085517883,0.1818181872367859,0.3181818127632141,0.40909090638160706,0.3181818127632141,0.22727273404598236,0.27272728085517883,0.22727273404598236,0.3636363744735718,0.22727273404598236,0.3636363744735718,0.27272728085517883,0.1818181872367859,0.27272728085517883,0.1818181872367859,0.27272728085517883,0.3636363744735718,0.27272728085517883,0.22727273404598236,0.1818181872367859,0.3181818127632141,0.5,0.13636364042758942,0.3636363744735718,0.04545454680919647
0.0833333358168602,0.1944444477558136,0.25,0.1388888955116272,0.1666666716337204,0.1111111119389534,0.0555555559694767,0.2777777910232544,0.1388888955116272,0.1388888955116272,0.1666666716337204,0.1666666716337204,0.0833333358168602,0.1666666716337204,0.2222222238779068,0.1666666716337204,0.1388888955116272,0.2222222238779068,0.1666666716337204,0.1111111119389534,0.1111111119389534,0.1666666716337204,0.1111111119389534,0.1388888955116272,0.1111111119389534,0.0833333358168602,0.2222222238779068,0.1666666716337204,0.0833333358168602,0.1111111119389534,0.1388888955116272,0.1944444477558136,0.1388888955116272,0.2777777910232544,0.0555555559694767,0.1388888955116272,0.1944444477558136,0.1388888955116272,0.1666666716337204,0.0555555559694767,0.1388888955116272,0.1944444477558136,0.0833333358168602,0.1944444477558136,0.1111111119389534,0.1944444477558136,0.1666666716337204,0.1388888955116272,0.1111111119389534,0.1111111119389534,0.1666666716337204,0.1388888955116272,0.2222222238779068,0.25,0.1666666716337204,0.1666666716337204,0.2222222238779068,0.2777777910232544,0.3055555522441864,0.1388888955116272,0.1944444477558136,0.1944444477558136,0.1111111119389534,0.1666666716337204,0.3055555522441864,0.3055555522441864,0.5833333134651184,0.25,0.3333333432674408,0.2777777910232544,0.1111111119389534,0.1388888955116272,0.4444444477558136,0.3333333432674408,0.3611111044883728,0.4444444477558136,0.3888888955116272,0.3055555522441864,0.5277777910232544,0.4722222089767456,0.4166666567325592,0.3888888955116272,0.3611111044883728,0.6944444179534912,0.4722222089767456,0.6666666865348816,0.4444444477558136,0.6944444179534912,0.3055555522441864,0.6111111044883728,0.8055555820465088,0.7222222089767456,0.6944444179534912,0.9722222089767456,0.8888888955116272,0.5555555820465088,0.3055555522441864,0.02777777798473835,0.02777777798473835,0.02777777798473835,0.0,0.02777777798473835,0.02777777798473835,0.02777777798473835,0.2777777910232544,0.5833333134651184,0.8611111044883728,1.0,0.6388888955116272,0.7777777910232544,0.7777777910232544,0.6111111044883728,0.2777777910232544,0.7222222089767456,0.4722222089767456,0.5833333134651184,0.5555555820465088,0.6388888955116272,0.3888888955116272,0.4166666567325592,0.3611111044883728,0.5277777910232544,0.5277777910232544,0.25,0.4166666567325592,0.4166666567325592,0.3611111044883728,0.3888888955116272,0.4444444477558136,0.1388888955116272,0.1111111119389534,0.25,0.3611111044883728,0.25,0.5555555820465088,0.3055555522441864,0.3055555522441864,0.1388888955116272,0.1666666716337204,0.1944444477558136,0.1944444477558136,0.1388888955116272,0.3055555522441864,0.25,0.25,0.1666666716337204,0.1666666716337204,0.2222222238779068,0.25,0.1388888955116272,0.1666666716337204,0.1111111119389534,0.1111111119389534,0.1111111119389534,0.1944444477558136,0.1666666716337204,0.1388888955116272,0.1944444477558136,0.0833333358168602,0.1666666716337204,0.1666666716337204,0.0555555559694767,0.1666666716337204,0.1388888955116272,0.1944444477558136,0.1388888955116272,0.0555555559694767,0.2777777910232544,0.1388888955116272,0.1666666716337204,0.1666666716337204,0.1111111119389534,0.0833333358168602,0.1666666716337204,0.2222222238779068,0.0833333358168602,0.1111111119389534,0.1388888955116272,0.0833333358168602,0.1944444477558136,0.1111111119389534,0.1111111119389534,0.1666666716337204,0.2222222238779068,0.1388888955116272,0.1388888955116272,0.25,0.1666666716337204,0.0833333358168602,0.1388888955116272,0.1666666716337204,0.1666666716337204,0.1388888955116272,0.25,0.0833333358168602,0.1111111119389534,0.1666666716337204,0.1388888955116272,0.25,0.1944444477558136,0.0833333358168602
0.0833333358168602,0.4583333432674408,0.4166666567325592,0.5,0.5,0.4166666567325592,0.5833333134651184,0.4583333432674408,0.5833333134651184,0.625,0.2083333283662796,0.4583333432674408,0.5833333134651184,0.5416666865348816,0.2916666567325592,0.6666666865348816,1.0,0.4166666567325592,0.5,0.4166666567325592,0.5,0.25,0.625,0.4166666567325592,0.375,0.625,0.6666666865348816,0.75,0.4583333432674408,0.5416666865348816,0.2916666567325592,0.375,0.5833333134651184,0.375,0.8333333134651184,0.7083333134651184,0.2916666567325592,0.75,0.4166666567325592,0.4583333432674408,0.5416666865348816,0.5833333134651184,0.375,0.6666666865348816,0.6666666865348816,0.6666666865348816,0.6666666865348816,0.4583333432674408,0.5,0.7083333134651184,0.2083333283662796,0.7083333134651184,0.5,0.25,0.5833333134651184,0.625,0.4166666567325592,0.5833333134651184,0.4166666567325592,0.75,0.4166666567325592,0.4583333432674408,0.8333333134651184,0.4166666567325592,0.4583333432674408,0.4166666567325592,0.625,0.4583333432674408,0.5416666865348816,0.4166666567325592,0.6666666865348816,0.7083333134651184,0.7916666865348816,0.6666666865348816,0.5,0.5,0.5,0.7083333134651184,0.625,0.6666666865348816,0.4166666567325592,0.7083333134651184,0.875,0.625,0.375,0.6666666865348816,0.75,0.7083333134651184,0.5,0.4166666567325592,0.6666666865348816,0.2916666567325592,0.375,0.375,0.25,0.1666666716337204,0.0416666679084301,0.125,0.0416666679084301,0.0,0.0,0.0,0.0416666679084301,0.125,0.0416666679084301,0.1666666716337204,0.25,0.3333333432674408,0.4166666567325592,0.2916666567325592,0.625,0.4166666567325592,0.5416666865348816,0.7083333134651184,0.75,0.6666666865348816,0.375,0.625,0.8333333134651184,0.75,0.4166666567325592,0.6666666865348816,0.625,0.7083333134651184,0.4583333432674408,0.5416666865348816,0.5,0.625,0.75,0.75,0.6666666865348816,0.4583333432674408,0.5416666865348816,0.4583333432674408,0.5833333134651184,0.4583333432674408,0.4583333432674408,0.375,0.8333333134651184,0.4166666567325592,0.5,0.7083333134651184,0.4583333432674408,0.5833333134651184,0.375,0.5833333134651184,0.625,0.2916666567325592,0.4583333432674408,0.7083333134651184,0.25,0.7083333134651184,0.4583333432674408,0.5,0.6666666865348816,0.6666666865348816,0.6666666865348816,0.625,0.4166666567325592,0.5416666865348816,0.5833333134651184,0.4583333432674408,0.4166666567325592,0.625,0.4166666567325592,0.6666666865348816,0.7916666865348816,0.4583333432674408,0.5416666865348816,0.375,0.2916666567325592,0.5833333134651184,0.4166666567325592,0.75,0.6666666865348816,0.625,0.4166666567325592,0.4166666567325592,0.5416666865348816,0.3333333432674408,0.5,0.4166666567325592,0.4583333432674408,0.4166666567325592,1.0,0.7083333134651184,0.2916666567325592,0.5,0.625,0.4583333432674408,0.2083333283662796,0.5833333134651184,0.625,0.4583333432674408,0.5833333134651184,0.4166666567325592,0.5,0.5,0.4166666567325592,0.4583333432674408,0.0833333358168602
0.0,0.0,0.125,0.0,0.25,0.0,0.0,0.125,0.25,0.0,0.0,0.125,0.0,0.0,0.0,0.0,0.125,0.0,0.0,0.0,0.125,0.0,0.0,0.0,0.0,0.125,0.125,0.0,0.0,0.0,0.0,0.125,0.0,0.0,0.125,0.375,0.0,0.0,0.125,0.0,0.125,0.0,0.0,0.0,0.0,0.125,0.125,0.0,0.0,0.25,0.25,0.0,0.125,0.0,0.0,0.0,0.125,0.0,0.125,0.25,0.125,0.5,0.25,0.0,0.125,0.25,0.0,0.625,0.125,0.125,0.125,0.375,0.125,0.0,0.125,0.0,0.25,0.0,0.375,0.25,0.25,1.0,0.25,0.5,0.25,0.625,0.5,0.625,0.375,0.125,0.75,0.5,0.375,0.625,0.25,0.25,0.25,0.0,0.125,0.0,0.0,0.0,0.125,0.0,0.125,0.375,0.25,0.625,0.375,0.5,0.75,0.125,0.375,0.625,0.5,0.5,0.375,0.5,0.25,1.0,0.25,0.25,0.375,0.0,0.25,0.0,0.125,0.0,0.125,0.375,0.125,0.125,0.125,0.625,0.0,0.25,0.125,0.0,0.25,0.5,0.125,0.25,0.125,0.0,0.125,0.0,0.0,0.0,0.125,0.0,0.25,0.25,0.0,0.0,0.125,0.125,0.0,0.0,0.0,0.0,0.125,0.0,0.125,0.0,0.0,0.375,0.125,0.0,0.0,0.125,0.0,0.0,0.0,0.0,0.125,0.125,0.0,0.0,0.0,0.0,0.0,0.125,0.0,0.0,0.125,0.0,0.0,0.0,0.0,0.125,0.0,0.0,0.25,0.125,0.0,0.0,0.25,0.0,0.125,0.0,0.0
0.095238097012043,0.523809552192688,0.523809552192688,0.3333333432674408,0.2857142984867096,0.380952388048172,0.4285714328289032,0.6190476417541504,0.380952388048172,0.4761904776096344,0.4761904776096344,0.523809552192688,0.2380952388048172,0.3333333432674408,0.3333333432674408,0.380952388048172,0.380952388048172,0.3333333432674408,0.380952388048172,0.4285714328289032,0.6190476417541504,0.523809552192688,0.761904776096344,0.2857142984867096,0.4285714328289032,0.4285714328289032,0.2857142984867096,0.5714285969734192,0.5714285969734192,0.6666666865348816,0.5714285969734192,0.7142857313156128,0.4285714328289032,0.523809552192688,0.523809552192688,0.380952388048172,0.4761904776096344,0.2857142984867096,0.4285714328289032,0.4761904776096344,0.380952388048172,0.6666666865348816,0.523809552192688,0.4761904776096344,0.6666666865348816,0.380952388048172,0.5714285969734192,0.7142857313156128,0.8095238208770752,0.761904776096344,0.523809552192688,0.4761904776096344,0.761904776096344,0.523809552192688,0.380952388048172,0.3333333432674408,0.8095238208770752,1.0,0.523809552192688,0.6666666865348816,0.761904776096344,0.6666666865348816,0.5714285969734192,0.7142857313156128,0.4285714328289032,0.4761904776096344,0.8095238208770752,0.8571428656578064,0.761904776096344,0.6190476417541504,0.8571428656578064,0.523809552192688,0.5714285969734192,0.8095238208770752,0.5714285969734192,0.6666666865348816,0.8571428656578064,0.5714285969734192,0.6190476417541504,0.8571428656578064,0.761904776096344,0.8095238208770752,0.761904776096344,0.8571428656578064,0.8571428656578064,0.4285714328289032,0.6666666865348816,0.761904776096344,0.7142857313156128,0.523809552192688,0.3333333432674408,0.3333333432674408,0.1428571492433548,0.4285714328289032,0.2380952388048172,0.0476190485060215,0.0,0.0,0.0,0.0,0.0,0.0,0.0,0.0,0.0,0.0476190485060215,0.2380952388048172,0.380952388048172,0.190476194024086,0.3333333432674408,0.3333333432674408,0.523809552192688,0.7142857313156128,0.7142857313156128,0.7142857313156128,0.380952388048172,0.9047619104385376,0.8095238208770752,0.8095238208770752,0.8095238208770752,0.761904776096344,0.761904776096344,0.6190476417541504,0.6666666865348816,0.761904776096344,0.761904776096344,0.4761904776096344,0.8095238208770752,0.6190476417541504,0.5714285969734192,0.8571428656578064,0.5714285969734192,0.761904776096344,0.9047619104385376,0.8095238208770752,0.4285714328289032,0.4761904776096344,0.7142857313156128,0.523809552192688,0.7142857313156128,0.7142857313156128,0.7142857313156128,0.4761904776096344,1.0,0.8095238208770752,0.3333333432674408,0.4285714328289032,0.523809552192688,0.761904776096344,0.4761904776096344,0.523809552192688,0.7142857313156128,0.8571428656578064,0.7142857313156128,0.5714285969734192,0.380952388048172,0.6666666865348816,0.4761904776096344,0.523809552192688,0.6666666865348816,0.380952388048172,0.4761904776096344,0.4285714328289032,0.2857142984867096,0.4761904776096344,0.380952388048172,0.523809552192688,0.4285714328289032,0.523809552192688,0.7142857313156128,0.5714285969734192,0.6190476417541504,0.5714285969734192,0.5714285969734192,0.3333333432674408,0.4285714328289032,0.4285714328289032,0.2857142984867096,0.761904776096344,0.523809552192688,0.5714285969734192,0.4285714328289032,0.380952388048172,0.380952388048172,0.380952388048172,0.380952388048172,0.3333333432674408,0.3333333432674408,0.190476194024086,0.523809552192688,0.523809552192688,0.4761904776096344,0.380952388048172,0.523809552192688,0.523809552192688,0.2857142984867096,0.380952388048172,0.3333333432674408,0.523809552192688,0.4285714328289032,0.190476194024086
0.3333333432674408,0.25,0.6666666865348816,0.25,0.25,0.5833333134651184,0.3333333432674408,0.75,0.4166666567325592,0.5,0.3333333432674408,0.5833333134651184,0.6666666865348816,0.3333333432674408,0.5,0.5833333134651184,0.8333333134651184,0.75,0.4166666567325592,0.3333333432674408,0.5833333134651184,0.6666666865348816,0.3333333432674408,0.5,0.3333333432674408,0.5,0.5,1.0,0.6666666865348816,0.5,0.75,0.6666666865348816,0.3333333432674408,0.4166666567325592,0.5833333134651184,0.5833333134651184,0.5,0.8333333134651184,0.5833333134651184,0.25,0.3333333432674408,0.3333333432674408,0.6666666865348816,0.75,0.5,0.75,0.1666666716337204,0.1666666716337204,0.3333333432674408,0.4166666567325592,0.25,0.25,0.5,0.0,0.25,0.1666666716337204,0.4166666567325592,0.0833333358168602,0.3333333432674408,0.1666666716337204,0.6666666865348816,0.0833333358168602,0.1666666716337204,0.0,0.25,0.0833333358168602,0.0,0.1666666716337204,0.25,0.25,0.3333333432674408,0.0833333358168602,0.0833333358168602,0.1666666716337204,0.1666666716337204,0.0833333358168602,0.0833333358168602,0.1666666716337204,0.0833333358168602,0.0833333358168602,0.0833333358168602,0.3333333432674408,0.1666666716337204,0.0833333358168602,0.0,0.1666666716337204,0.0833333358168602,0.1666666716337204,0.0,0.0833333358168602,0.1666666716337204,0.1666666716337204,0.25,0.0833333358168602,0.1666666716337204,0.0833333358168602,0.0833333358168602,0.1666666716337204,0.1666666716337204,0.0,0.0,0.0,0.1666666716337204,0.1666666716337204,0.0833333358168602,0.0,0.25,0.0833333358168602,0.25,0.1666666716337204,0.1666666716337204,0.0833333358168602,0.0,0.1666666716337204,0.0833333358168602,0.1666666716337204,0.0,0.0833333358168602,0.1666666716337204,0.3333333432674408,0.0833333358168602,0.0833333358168602,0.0833333358168602,0.1666666716337204,0.0833333358168602,0.0833333358168602,0.1666666716337204,0.1666666716337204,0.0833333358168602,0.0833333358168602,0.3333333432674408,0.25,0.25,0.1666666716337204,0.0,0.0833333358168602,0.25,0.0,0.1666666716337204,0.0833333358168602,0.5833333134651184,0.25,0.3333333432674408,0.0833333358168602,0.4166666567325592,0.1666666716337204,0.25,0.0,0.5,0.25,0.25,0.3333333432674408,0.4166666567325592,0.1666666716337204,0.1666666716337204,0.6666666865348816,0.5833333134651184,0.75,0.6666666865348816,0.3333333432674408,0.3333333432674408,0.25,0.5833333134651184,0.8333333134651184,0.5,0.5833333134651184,0.5833333134651184,0.4166666567325592,0.3333333432674408,0.6666666865348816,0.75,0.4166666567325592,0.75,0.8333333134651184,0.5833333134651184,0.5833333134651184,0.3333333432674408,0.5,0.3333333432674408,0.6666666865348816,0.5833333134651184,0.3333333432674408,0.25,0.9166666865348816,0.6666666865348816,0.75,0.5,0.3333333432674408,0.6666666865348816,0.5833333134651184,0.25,0.5,0.5,0.75,0.3333333432674408,0.5,0.3333333432674408,0.1666666716337204,0.75,0.25,0.3333333432674408
0.3571428656578064,0.6071428656578064,0.6785714030265808,0.6785714030265808,0.6071428656578064,0.4285714328289032,1.0,0.75,0.6071428656578064,0.6428571343421936,0.7857142686843872,0.6428571343421936,0.8571428656578064,0.8928571343421936,0.6428571343421936,0.6071428656578064,0.6428571343421936,0.7857142686843872,0.5,0.6785714030265808,0.6785714030265808,0.6785714030265808,0.8571428656578064,0.7142857313156128,0.6785714030265808,0.8571428656578064,0.6428571343421936,0.7857142686843872,0.6428571343421936,0.3928571343421936,0.7142857313156128,0.6071428656578064,0.6071428656578064,0.75,0.8214285969734192,0.6071428656578064,0.7857142686843872,0.7142857313156128,0.8928571343421936,0.7857142686843872,0.75,0.6785714030265808,0.7857142686843872,0.75,0.9285714030265808,0.9285714030265808,0.5714285969734192,0.7142857313156128,0.6071428656578064,0.6428571343421936,0.75,0.6785714030265808,0.4285714328289032,0.9642857313156128,0.7857142686843872,0.75,0.4285714328289032,0.6785714030265808,0.7142857313156128,0.5714285969734192,0.4642857015132904,0.8928571343421936,0.8571428656578064,0.7857142686843872,0.5714285969734192,0.8571428656578064,0.8214285969734192,0.4285714328289032,0.6428571343421936,0.75,0.5714285969734192,0.4642857015132904,0.3571428656578064,0.5,0.6785714030265808,0.7142857313156128,0.7857142686843872,0.3928571343421936,0.3928571343421936,0.8571428656578064,0.25,0.5714285969734192,0.6071428656578064,0.4285714328289032,0.5357142686843872,0.6785714030265808,0.5714285969734192,0.8928571343421936,0.3571428656578064,0.5,0.8928571343421936,0.7857142686843872,0.4642857015132904,0.5357142686843872,0.5714285969734192,0.2857142984867096,0.3214285671710968,0.0714285746216774,0.2142857164144516,0.0,0.0,0.0,0.2142857164144516,0.0714285746216774,0.3214285671710968,0.2857142984867096,0.5357142686843872,0.5357142686843872,0.4642857015132904,0.7857142686843872,0.8928571343421936,0.5357142686843872,0.3571428656578064,0.8928571343421936,0.5357142686843872,0.6071428656578064,0.6071428656578064,0.4642857015132904,0.6071428656578064,0.5357142686843872,0.2857142984867096,0.8214285969734192,0.4285714328289032,0.3571428656578064,0.7857142686843872,0.7142857313156128,0.6428571343421936,0.5357142686843872,0.3571428656578064,0.4285714328289032,0.6428571343421936,0.7142857313156128,0.6785714030265808,0.4285714328289032,0.75,0.8928571343421936,0.5714285969734192,0.8214285969734192,0.75,1.0,0.4642857015132904,0.5357142686843872,0.75,0.6428571343421936,0.4642857015132904,0.7142857313156128,0.7857142686843872,0.9285714030265808,0.4642857015132904,0.7142857313156128,0.75,0.6428571343421936,0.6071428656578064,0.6785714030265808,0.6071428656578064,0.9285714030265808,0.8571428656578064,0.8214285969734192,0.7857142686843872,0.6428571343421936,0.7857142686843872,0.6785714030265808,0.9642857313156128,0.75,0.75,0.6428571343421936,0.7857142686843872,0.6785714030265808,0.7142857313156128,0.5,0.8214285969734192,0.3214285671710968,0.7142857313156128,0.75,0.6785714030265808,0.75,0.6785714030265808,0.8214285969734192,0.7857142686843872,0.75,0.6785714030265808,0.5714285969734192,0.5714285969734192,0.8214285969734192,0.6428571343421936,0.5714285969734192,0.6428571343421936,0.8928571343421936,0.8928571343421936,0.6428571343421936,0.7857142686843872,0.6428571343421936,0.6071428656578064,0.7142857313156128,1.0,0.4285714328289032,0.6428571343421936,0.6428571343421936,0.6785714030265808,0.6071428656578064,0.3928571343421936
0.0,0.0,0.0,0.0,0.0,0.0,0.0,0.0,0.0,0.0,0.0,0.0,0.0,0.0,0.0,0.0,0.0,0.0,0.0,0.0,0.0,0.0,0.0,0.0,0.0,0.0,0.0,0.0,0.0,0.0,0.0,0.0,0.0,0.0,0.0,1.0,0.0,0.0,0.0,0.0,0.0,0.0,0.0,0.0,0.0,0.0,0.0,0.0,0.0,1.0,0.0,0.0,0.0,0.0,0.0,0.0,0.0,0.0,0.0,0.0,0.0,0.0,0.0,1.0,0.0,0.0,0.0,0.0,0.0,0.0,0.0,0.0,0.0,0.0,0.0,0.0,0.0,0.0,0.0,0.0,0.0,0.0,0.0,0.0,0.0,0.0,0.0,0.0,0.0,0.0,1.0,0.0,1.0,0.0,0.0,0.0,1.0,0.0,0.0,0.0,0.0,0.0,0.0,0.0,1.0,0.0,0.0,0.0,1.0,0.0,1.0,0.0,0.0,0.0,0.0,0.0,0.0,0.0,0.0,0.0,0.0,0.0,0.0,0.0,0.0,0.0,0.0,0.0,0.0,0.0,0.0,0.0,0.0,0.0,0.0,0.0,0.0,1.0,0.0,0.0,0.0,0.0,0.0,0.0,0.0,0.0,0.0,0.0,0.0,0.0,0.0,1.0,0.0,0.0,0.0,0.0,0.0,0.0,0.0,0.0,0.0,0.0,0.0,0.0,0.0,1.0,0.0,0.0,0.0,0.0,0.0,0.0,0.0,0.0,0.0,0.0,0.0,0.0,0.0,0.0,0.0,0.0,0.0,0.0,0.0,0.0,0.0,0.0,0.0,0.0,0.0,0.0,0.0,0.0,0.0,0.0,0.0,0.0,0.0,0.0,0.0
0.20000000298023224,0.6800000071525574,0.3199999928474426,0.36000001430511475,0.6800000071525574,0.2800000011920929,0.4399999976158142,0.36000001430511475,0.3199999928474426,0.4399999976158142,0.5199999809265137,0.800000011920929,0.5199999809265137,0.7200000286102295,0.6399999856948853,0.5600000023841858,0.3199999928474426,0.6800000071525574,0.7200000286102295,0.47999998927116394,0.6000000238418579,0.5600000023841858,0.6000000238418579,0.5600000023841858,0.8799999952316284,0.6800000071525574,0.47999998927116394,0.5600000023841858,0.7200000286102295,0.8399999737739563,0.6000000238418579,0.6000000238418579,0.36000001430511475,0.5600000023841858,0.6399999856948853,0.6800000071525574,0.47999998927116394,0.23999999463558197,0.47999998927116394,1.0,0.9200000166893005,0.6000000238418579,0.8399999737739563,0.800000011920929,0.6399999856948853,0.5199999809265137,0.6399999856948853,0.47999998927116394,0.6800000071525574,0.4399999976158142,0.5600000023841858,0.5199999809265137,0.800000011920929,0.6800000071525574,0.800000011920929,0.5199999809265137,0.6399999856948853,0.7200000286102295,0.7599999904632568,0.8399999737739563,0.9599999785423279,0.7599999904632568,0.9200000166893005,0.6800000071525574,0.47999998927116394,0.5600000023841858,0.8799999952316284,0.8399999737739563,0.6399999856948853,0.6000000238418579,0.6800000071525574,0.7200000286102295,0.6399999856948853,0.6000000238418579,0.8399999737739563,0.9599999785423279,0.5600000023841858,0.7599999904632568,0.36000001430511475,0.5600000023841858,0.6800000071525574,0.7599999904632568,0.8799999952316284,0.3199999928474426,0.800000011920929,0.7200000286102295,0.800000011920929,0.6000000238418579,0.7599999904632568,0.6800000071525574,0.6800000071525574,0.6399999856948853,0.20000000298023224,0.3199999928474426,0.11999999731779099,0.0,0.0,0.0,0.0,0.0,0.0,0.0,0.0,0.0,0.0,0.0,0.11999999731779099,0.3199999928474426,0.20000000298023224,0.6399999856948853,0.6800000071525574,0.6800000071525574,0.7599999904632568,0.6000000238418579,0.800000011920929,0.6000000238418579,0.8799999952316284,0.36000001430511475,0.8799999952316284,0.7200000286102295,0.7200000286102295,0.47999998927116394,0.36000001430511475,0.7599999904632568,0.6000000238418579,0.9200000166893005,0.8799999952316284,0.6000000238418579,0.6399999856948853,0.7599999904632568,0.6800000071525574,0.5199999809265137,0.6800000071525574,0.8799999952316284,0.8399999737739563,0.5199999809265137,0.5600000023841858,0.6800000071525574,0.9200000166893005,0.7200000286102295,0.9599999785423279,0.8799999952316284,0.6800000071525574,0.7599999904632568,0.6800000071525574,0.47999998927116394,0.800000011920929,0.6800000071525574,0.800000011920929,0.5199999809265137,0.6000000238418579,0.4000000059604645,0.6399999856948853,0.5600000023841858,0.6000000238418579,0.5600000023841858,0.6399999856948853,0.800000011920929,0.8399999737739563,0.6000000238418579,0.9200000166893005,0.9200000166893005,0.5600000023841858,0.23999999463558197,0.47999998927116394,0.6800000071525574,0.6399999856948853,0.5600000023841858,0.36000001430511475,0.6000000238418579,0.5600000023841858,0.8799999952316284,0.7200000286102295,0.5600000023841858,0.47999998927116394,0.6800000071525574,0.8799999952316284,0.5600000023841858,0.5199999809265137,0.6000000238418579,0.6399999856948853,0.47999998927116394,0.6399999856948853,0.7599999904632568,0.3199999928474426,0.5600000023841858,0.5600000023841858,0.7599999904632568,0.5199999809265137,0.8399999737739563,0.47999998927116394,0.47999998927116394,0.3199999928474426,0.3199999928474426,0.47999998927116394,0.2800000011920929,0.6800000071525574,0.36000001430511475,0.3199999928474426,0.6000000238418579,0.2800000011920929
0.1882352977991104,0.42352941632270813,0.4117647111415863,0.4470588266849518,0.42352941632270813,0.34117648005485535,0.5882353186607361,0.3529411852359772,0.3176470696926117,0.4000000059604645,0.4470588266849518,0.4470588266849518,0.3294117748737335,0.4117647111415863,0.42352941632270813,0.5058823823928833,0.4117647111415863,0.4470588266849518,0.43529412150382996,0.47058823704719543,0.5647059082984924,0.5411764979362488,0.47058823704719543,0.4941176474094391,0.5058823823928833,0.43529412150382996,0.364705890417099,0.5529412031173706,0.529411792755127,0.48235294222831726,0.5058823823928833,0.4941176474094391,0.48235294222831726,0.47058823704719543,0.5058823823928833,0.4941176474094391,0.6000000238418579,0.5647059082984924,0.6117647290229797,0.529411792755127,0.5529412031173706,0.529411792755127,0.5882353186607361,0.4941176474094391,0.48235294222831726,0.5176470875740051,0.48235294222831726,0.5176470875740051,0.5764706134796143,0.4117647111415863,0.5411764979362488,0.5411764979362488,0.658823549747467,0.5176470875740051,0.6352941393852234,0.7176470756530762,0.6470588445663452,0.6823529601097107,0.7882353067398071,0.658823549747467,0.6470588445663452,0.729411780834198,0.6117647290229797,0.5882353186607361,0.6941176652908325,0.7529411911964417,0.6470588445663452,0.6470588445663452,0.8588235378265381,0.729411780834198,0.5529412031173706,0.729411780834198,0.658823549747467,0.8352941274642944,0.8352941274642944,0.800000011920929,0.8470588326454163,0.7411764860153198,0.6941176652908325,0.929411768913269,0.8470588326454163,0.8117647171020508,0.7529411911964417,0.9882352948188782,0.7882353067398071,0.9411764740943909,0.8823529481887817,0.9058823585510254,0.8941176533699036,0.9647058844566345,0.8117647171020508,0.5411764979362488,0.658823549747467,0.7176470756530762,0.529411792755127,0.29411765933036804,0.07058823853731155,0.0,0.0,0.0,0.0,0.0,0.0,0.0,0.07058823853731155,0.23529411852359772,0.5882353186607361,0.7176470756530762,0.6352941393852234,0.5529412031173706,0.8117647171020508,0.9411764740943909,0.9058823585510254,0.8941176533699036,0.8705882430076599,0.9647058844566345,0.7882353067398071,1.0,0.7176470756530762,0.8470588326454163,0.8235294222831726,0.929411768913269,0.7058823704719543,0.7058823704719543,0.9058823585510254,0.800000011920929,0.7882353067398071,0.8470588326454163,0.6823529601097107,0.7411764860153198,0.5411764979362488,0.729411780834198,0.8352941274642944,0.658823549747467,0.6705882549285889,0.6941176652908325,0.7411764860153198,0.5764706134796143,0.6117647290229797,0.7176470756530762,0.6352941393852234,0.6941176652908325,0.7411764860153198,0.7176470756530762,0.6352941393852234,0.729411780834198,0.6470588445663452,0.5058823823928833,0.6352941393852234,0.5647059082984924,0.5529412031173706,0.4117647111415863,0.5764706134796143,0.5176470875740051,0.4941176474094391,0.5176470875740051,0.48235294222831726,0.4470588266849518,0.6352941393852234,0.5176470875740051,0.5647059082984924,0.4941176474094391,0.6117647290229797,0.5529412031173706,0.6470588445663452,0.4588235318660736,0.5176470875740051,0.48235294222831726,0.48235294222831726,0.5058823823928833,0.4941176474094391,0.4941176474094391,0.4941176474094391,0.5764706134796143,0.3764705955982208,0.43529412150382996,0.4941176474094391,0.4941176474094391,0.48235294222831726,0.5411764979362488,0.5411764979362488,0.4941176474094391,0.43529412150382996,0.43529412150382996,0.42352941632270813,0.4588235318660736,0.47058823704719543,0.4117647111415863,0.3294117748737335,0.4117647111415863,0.47058823704719543,0.4000000059604645,0.30588236451148987,0.3529411852359772,0.5764706134796143,0.364705890417099,0.4000000059604645,0.4470588266849518,0.43529412150382996,0.42352941632270813,0.20000000298023224
0.3571428656578064,0.6428571343421936,0.8095238208770752,0.4761904776096344,0.6190476417541504,0.6666666865348816,0.3571428656578064,0.5714285969734192,0.4285714328289032,0.9523809552192688,0.6666666865348816,0.4523809552192688,0.4285714328289032,0.5952380895614624,0.3571428656578064,0.4523809552192688,0.6428571343421936,0.6904761791229248,0.761904776096344,0.4523809552192688,0.6190476417541504,0.6190476417541504,0.6428571343421936,0.523809552192688,0.761904776096344,0.6666666865348816,0.6190476417541504,0.5476190447807312,0.9047619104385376,0.6190476417541504,0.6666666865348816,0.6428571343421936,0.5952380895614624,0.5952380895614624,0.6428571343421936,0.5952380895614624,0.5476190447807312,0.5952380895614624,0.6190476417541504,0.5714285969734192,0.5714285969734192,0.5714285969734192,0.738095223903656,0.6190476417541504,0.5952380895614624,0.6666666865348816,0.9523809552192688,0.6904761791229248,0.7857142686843872,0.8095238208770752,0.6904761791229248,0.6190476417541504,0.4285714328289032,0.8333333134651184,0.6904761791229248,0.5,0.7142857313156128,0.5476190447807312,0.761904776096344,0.7142857313156128,0.5714285969734192,0.5714285969734192,0.8571428656578064,0.6190476417541504,0.6904761791229248,0.761904776096344,0.761904776096344,0.6190476417541504,0.9523809552192688,0.5714285969734192,0.7857142686843872,0.5952380895614624,0.5952380895614624,0.6904761791229248,0.8333333134651184,0.738095223903656,0.5476190447807312,0.5952380895614624,0.5952380895614624,0.8809523582458496,0.5476190447807312,0.523809552192688,0.6904761791229248,0.6666666865348816,0.4761904776096344,0.7857142686843872,0.523809552192688,0.4523809552192688,0.6666666865348816,0.6428571343421936,0.6428571343421936,0.6428571343421936,0.5714285969734192,0.5,0.3095238208770752,0.2380952388048172,0.1666666716337204,0.095238097012043,0.1666666716337204,0.02380952425301075,0.0,0.02380952425301075,0.1666666716337204,0.095238097012043,0.1428571492433548,0.261904776096344,0.2857142984867096,0.4523809552192688,0.6190476417541504,0.6190476417541504,0.6428571343421936,0.6666666865348816,0.6904761791229248,0.4523809552192688,0.523809552192688,0.738095223903656,0.523809552192688,0.6428571343421936,0.7142857313156128,0.4761904776096344,0.5714285969734192,0.8809523582458496,0.6190476417541504,0.5714285969734192,0.5476190447807312,0.738095223903656,0.8333333134651184,0.6428571343421936,0.5952380895614624,0.6190476417541504,0.8333333134651184,0.5714285969734192,0.9523809552192688,0.5952380895614624,0.7857142686843872,0.738095223903656,0.6904761791229248,0.5952380895614624,0.8571428656578064,0.6190476417541504,0.523809552192688,0.761904776096344,0.7142857313156128,0.5952380895614624,0.7142857313156128,0.5,0.6666666865348816,0.8095238208770752,0.4523809552192688,0.5,0.8333333134651184,0.8095238208770752,0.7857142686843872,0.6904761791229248,0.9047619104385376,0.6904761791229248,0.5952380895614624,0.6190476417541504,0.761904776096344,0.5714285969734192,0.5476190447807312,0.5714285969734192,0.5476190447807312,0.6666666865348816,0.4761904776096344,0.6904761791229248,0.6428571343421936,0.5476190447807312,0.6428571343421936,0.6190476417541504,0.6904761791229248,0.5,1.0,0.523809552192688,0.6428571343421936,0.6904761791229248,0.7142857313156128,0.5476190447807312,0.6190476417541504,0.6666666865348816,0.5714285969734192,0.5,0.761904776096344,0.6190476417541504,0.6904761791229248,0.4761904776096344,0.3571428656578064,0.5714285969734192,0.4523809552192688,0.4523809552192688,0.6428571343421936,0.9523809552192688,0.4285714328289032,0.5952380895614624,0.3333333432674408,0.6428571343421936,0.6666666865348816,0.4523809552192688,0.8333333134651184,0.6428571343421936,0.3571428656578064
0.1677018702030182,0.3913043439388275,0.27950310707092285,0.3726707994937897,0.3105590045452118,0.2981366515159607,0.3229813575744629,0.3354037404060364,0.3602484464645386,0.4409937858581543,0.2981366515159607,0.3664596378803253,0.30434781312942505,0.34161490201950073,0.3913043439388275,0.3726707994937897,0.3602484464645386,0.38509318232536316,0.3602484464645386,0.30434781312942505,0.3788819909095764,0.2981366515159607,0.3354037404060364,0.34161490201950073,0.3478260934352875,0.3478260934352875,0.3726707994937897,0.30434781312942505,0.4285714328289032,0.2981366515159607,0.3354037404060364,0.3913043439388275,0.3478260934352875,0.4037266969680786,0.3913043439388275,0.3354037404060364,0.3664596378803253,0.3229813575744629,0.31677019596099854,0.26708075404167175,0.39751553535461426,0.3788819909095764,0.26708075404167175,0.3105590045452118,0.31677019596099854,0.27950310707092285,0.3664596378803253,0.3229813575744629,0.3913043439388275,0.4285714328289032,0.3664596378803253,0.3726707994937897,0.3788819909095764,0.3602484464645386,0.3478260934352875,0.3788819909095764,0.3664596378803253,0.3664596378803253,0.4285714328289032,0.3354037404060364,0.3354037404060364,0.3105590045452118,0.34161490201950073,0.2981366515159607,0.3913043439388275,0.3602484464645386,0.29192546010017395,0.35403725504875183,0.34161490201950073,0.31677019596099854,0.38509318232536316,0.3354037404060364,0.3664596378803253,0.39751553535461426,0.39751553535461426,0.34161490201950073,0.3664596378803253,0.3602484464645386,0.42236024141311646,0.40993788838386536,0.45962733030319214,0.4658385217189789,0.47204968333244324,0.5962733030319214,0.48447203636169434,0.6645962595939636,0.6273291707038879,0.6024844646453857,0.6459627151489258,0.6708074808120728,0.7080745100975037,0.6521739363670349,0.8447204828262329,0.9503105878829956,0.9813664555549622,0.6832298040390015,0.32919254899024963,0.13664595782756805,0.12422360479831696,0.018633540719747543,0.0,0.018633540719747543,0.11801242083311081,0.1304347813129425,0.3105590045452118,0.6708074808120728,1.0,0.95652174949646,0.8322981595993042,0.6645962595939636,0.7142857313156128,0.6583850979804993,0.6521739363670349,0.6024844646453857,0.6273291707038879,0.6583850979804993,0.5031055808067322,0.5652173757553101,0.4906832277774811,0.4658385217189789,0.4534161388874054,0.4161490797996521,0.40993788838386536,0.3664596378803253,0.3664596378803253,0.3478260934352875,0.39751553535461426,0.40993788838386536,0.3726707994937897,0.3354037404060364,0.3726707994937897,0.3229813575744629,0.34161490201950073,0.35403725504875183,0.2981366515159607,0.3478260934352875,0.38509318232536316,0.3105590045452118,0.3478260934352875,0.27950310707092285,0.35403725504875183,0.34161490201950073,0.43478259444236755,0.35403725504875183,0.3726707994937897,0.3478260934352875,0.3664596378803253,0.3726707994937897,0.3664596378803253,0.3664596378803253,0.38509318232536316,0.42236024141311646,0.4037266969680786,0.3229813575744629,0.34161490201950073,0.29192546010017395,0.3229813575744629,0.29192546010017395,0.27950310707092285,0.3726707994937897,0.4037266969680786,0.27950310707092285,0.3105590045452118,0.3229813575744629,0.3602484464645386,0.3354037404060364,0.3788819909095764,0.4161490797996521,0.3602484464645386,0.38509318232536316,0.3354037404060364,0.27950310707092285,0.43478259444236755,0.3229813575744629,0.3664596378803253,0.35403725504875183,0.34161490201950073,0.3478260934352875,0.31677019596099854,0.2981366515159607,0.3913043439388275,0.2981366515159607,0.35403725504875183,0.3913043439388275,0.35403725504875183,0.38509318232536316,0.3913043439388275,0.32919254899024963,0.31677019596099854,0.35403725504875183,0.3105590045452118,0.4161490797996521,0.34161490201950073,0.38509318232536316,0.3105590045452118,0.2981366515159607,0.3229813575744629,0.3478260934352875,0.2857142984867096,0.39751553535461426,0.1801242232322693
0.17886178195476532,0.3008130192756653,0.3658536672592163,0.2926829159259796,0.27642276883125305,0.3414634168148041,0.3008130192756653,0.3983739912509918,0.26829269528388977,0.3414634168148041,0.38211381435394287,0.34959349036216736,0.22764228284358978,0.34959349036216736,0.3008130192756653,0.35772356390953064,0.35772356390953064,0.3252032399177551,0.3658536672592163,0.39024388790130615,0.39024388790130615,0.4146341383457184,0.3658536672592163,0.3739837408065796,0.4065040647983551,0.38211381435394287,0.31707316637039185,0.30894309282302856,0.39024388790130615,0.31707316637039185,0.35772356390953064,0.3252032399177551,0.34959349036216736,0.38211381435394287,0.38211381435394287,0.3658536672592163,0.31707316637039185,0.4471544623374939,0.3983739912509918,0.4065040647983551,0.4471544623374939,0.38211381435394287,0.3739837408065796,0.30894309282302856,0.26829269528388977,0.3008130192756653,0.2926829159259796,0.45528456568717957,0.35772356390953064,0.31707316637039185,0.4390243887901306,0.2601625919342041,0.3252032399177551,0.3008130192756653,0.27642276883125305,0.3252032399177551,0.3252032399177551,0.30894309282302856,0.3658536672592163,0.26829269528388977,0.23577235639095306,0.31707316637039185,0.38211381435394287,0.3658536672592163,0.2926829159259796,0.30894309282302856,0.3008130192756653,0.3414634168148041,0.4471544623374939,0.3739837408065796,0.2601625919342041,0.42276424169540405,0.3252032399177551,0.34959349036216736,0.34959349036216736,0.3658536672592163,0.34959349036216736,0.3252032399177551,0.4390243887901306,0.42276424169540405,0.4390243887901306,0.47154471278190613,0.4065040647983551,0.38211381435394287,0.5365853905677795,0.5853658318519592,0.4796747863292694,0.5447154641151428,0.6016260385513306,0.6504064798355103,0.707317054271698,0.6260162591934204,0.8536585569381714,0.9512194991111755,1.0,0.772357702255249,0.4065040647983551,0.04878048598766327,0.016260161995887756,0.0,0.0,0.0,0.016260161995887756,0.04065040498971939,0.35772356390953064,0.8048780560493469,0.9918699264526367,0.9593495726585388,0.8455284833908081,0.642276406288147,0.6829268336296082,0.6585366129875183,0.6097561120986938,0.5528455376625061,0.4878048896789551,0.5691056847572327,0.5284552574157715,0.3983739912509918,0.42276424169540405,0.46341463923454285,0.4390243887901306,0.3983739912509918,0.46341463923454285,0.31707316637039185,0.35772356390953064,0.3658536672592163,0.3414634168148041,0.3333333432674408,0.35772356390953064,0.3983739912509918,0.2601625919342041,0.3739837408065796,0.47154471278190613,0.3252032399177551,0.31707316637039185,0.2926829159259796,0.30894309282302856,0.34959349036216736,0.38211381435394287,0.3252032399177551,0.22764228284358978,0.28455284237861633,0.3414634168148041,0.3252032399177551,0.3333333432674408,0.3252032399177551,0.26829269528388977,0.2926829159259796,0.3333333432674408,0.2601625919342041,0.43089431524276733,0.31707316637039185,0.3658536672592163,0.45528456568717957,0.28455284237861633,0.31707316637039185,0.26829269528388977,0.3008130192756653,0.3739837408065796,0.3739837408065796,0.45528456568717957,0.38211381435394287,0.4146341383457184,0.45528456568717957,0.3252032399177551,0.3414634168148041,0.4065040647983551,0.3739837408065796,0.34959349036216736,0.31707316637039185,0.35772356390953064,0.3252032399177551,0.39024388790130615,0.27642276883125305,0.34959349036216736,0.3739837408065796,0.3983739912509918,0.38211381435394287,0.38211381435394287,0.3983739912509918,0.4065040647983551,0.3739837408065796,0.38211381435394287,0.31707316637039185,0.35772356390953064,0.35772356390953064,0.2926829159259796,0.34959349036216736,0.24390244483947754,0.3414634168148041,0.34959349036216736,0.3739837408065796,0.2601625919342041,0.3983739912509918,0.31707316637039185,0.3333333432674408,0.27642276883125305,0.2926829159259796,0.34959349036216736,0.30894309282302856,0.19512194395065308
0.3245614171028137,0.7280701994895935,0.8684210777282715,0.7719298005104065,0.7631579041481018,0.7280701994895935,0.45614033937454224,0.6315789222717285,0.7719298005104065,0.8421052694320679,0.7982456088066101,0.5877193212509155,0.6842105388641357,0.9473684430122375,0.6666666865348816,0.7105262875556946,0.6315789222717285,0.6754385828971863,0.859649121761322,0.780701756477356,0.6578947305679321,0.719298243522644,0.7017543911933899,0.6228070259094238,0.640350878238678,0.7631579041481018,0.8157894611358643,0.6666666865348816,0.640350878238678,0.6666666865348816,0.7543859481811523,0.8333333134651184,0.6491228342056274,0.7280701994895935,0.9912280440330505,0.7456140518188477,0.7456140518188477,0.5877193212509155,0.8684210777282715,0.6754385828971863,0.8508771657943726,0.6228070259094238,0.6315789222717285,0.7105262875556946,0.7719298005104065,0.6315789222717285,0.7456140518188477,0.9561403393745422,0.8070175647735596,0.8421052694320679,0.6315789222717285,0.7368420958518982,0.6140350699424744,0.7631579041481018,0.6578947305679321,0.6842105388641357,0.8771929740905762,0.6140350699424744,0.8157894611358643,0.8859649300575256,0.7543859481811523,0.7280701994895935,0.859649121761322,0.8245614171028137,0.7543859481811523,0.5438596606254578,0.719298243522644,0.7368420958518982,0.7368420958518982,0.5614035129547119,0.7105262875556946,0.8245614171028137,0.8070175647735596,0.6228070259094238,0.7456140518188477,0.7017543911933899,0.7456140518188477,0.719298243522644,0.6754385828971863,0.6578947305679321,0.7631579041481018,0.6754385828971863,0.6228070259094238,0.780701756477356,0.6578947305679321,0.8245614171028137,0.6929824352264404,0.7719298005104065,0.7982456088066101,0.7631579041481018,0.8070175647735596,0.7631579041481018,0.8947368264198303,0.7719298005104065,0.8157894611358643,0.9298245906829834,0.8245614171028137,0.17543859779834747,0.22807016968727112,0.02631578966975212,0.0,0.02631578966975212,0.21929824352264404,0.1666666716337204,0.8070175647735596,0.9385964870452881,0.8070175647735596,0.7894737124443054,0.8771929740905762,0.7719298005104065,0.7894737124443054,0.780701756477356,0.8157894611358643,0.7456140518188477,0.719298243522644,0.8070175647735596,0.6754385828971863,0.7543859481811523,0.6315789222717285,0.7017543911933899,0.7456140518188477,0.6666666865348816,0.6666666865348816,0.7280701994895935,0.7280701994895935,0.6929824352264404,0.7543859481811523,0.6315789222717285,0.8070175647735596,0.8333333134651184,0.6842105388641357,0.5789473652839661,0.7368420958518982,0.7280701994895935,0.7280701994895935,0.5350877046585083,0.7456140518188477,0.859649121761322,0.8333333134651184,0.7368420958518982,0.7631579041481018,0.8771929740905762,0.8070175647735596,0.6140350699424744,0.859649121761322,0.7105262875556946,0.6754385828971863,0.7105262875556946,0.6315789222717285,0.7631579041481018,0.6315789222717285,0.8070175647735596,0.8245614171028137,0.9385964870452881,0.7543859481811523,0.6666666865348816,0.7719298005104065,0.6754385828971863,0.640350878238678,0.6228070259094238,0.8333333134651184,0.6842105388641357,0.8684210777282715,0.6052631735801697,0.7280701994895935,0.7368420958518982,1.0,0.7456140518188477,0.6578947305679321,0.8070175647735596,0.7719298005104065,0.6754385828971863,0.6140350699424744,0.6929824352264404,0.7982456088066101,0.7631579041481018,0.640350878238678,0.640350878238678,0.6929824352264404,0.6929824352264404,0.6491228342056274,0.8157894611358643,0.859649121761322,0.6578947305679321,0.6491228342056274,0.7017543911933899,0.6929824352264404,0.9210526347160339,0.7017543911933899,0.5526315569877625,0.8333333134651184,0.7982456088066101,0.8157894611358643,0.6140350699424744,0.4736842215061188,0.7280701994895935,0.7631579041481018,0.719298243522644,0.9035087823867798,0.7368420958518982,0.34210526943206787
0.260869562625885,0.52173912525177,0.260869562625885,0.30434781312942505,0.5869565010070801,0.52173912525177,0.5869565010070801,0.5869565010070801,0.43478259444236755,0.30434781312942505,0.45652174949645996,0.5869565010070801,0.3913043439388275,0.3913043439388275,0.6086956262588501,0.47826087474823,0.43478259444236755,0.45652174949645996,0.260869562625885,0.3695652186870575,0.6086956262588501,0.3913043439388275,0.3913043439388275,0.30434781312942505,0.3695652186870575,0.3913043439388275,0.6086956262588501,0.6739130616188049,0.3478260934352875,0.3695652186870575,0.54347825050354,0.5,0.52173912525177,0.43478259444236755,0.41304346919059753,0.5869565010070801,0.5869565010070801,0.3695652186870575,0.47826087474823,0.41304346919059753,0.3478260934352875,0.239130437374115,0.54347825050354,0.21739129722118378,0.5,0.3913043439388275,0.695652186870575,0.45652174949645996,0.3913043439388275,0.5869565010070801,0.52173912525177,0.45652174949645996,0.52173912525177,0.6086956262588501,0.3478260934352875,0.41304346919059753,0.3478260934352875,0.43478259444236755,0.52173912525177,0.43478259444236755,0.54347825050354,0.43478259444236755,0.41304346919059753,0.5,0.43478259444236755,0.5869565010070801,0.3913043439388275,0.5,0.47826087474823,0.41304346919059753,0.41304346919059753,0.3478260934352875,0.6304348111152649,0.3695652186870575,0.45652174949645996,0.45652174949645996,0.3695652186870575,0.5652173757553101,0.41304346919059753,0.45652174949645996,0.6086956262588501,0.739130437374115,0.6739130616188049,0.54347825050354,0.52173912525177,0.47826087474823,0.6521739363670349,1.0,0.54347825050354,0.6739130616188049,0.760869562625885,0.8478260636329651,0.6739130616188049,0.6304348111152649,0.28260868787765503,0.1304347813129425,0.08695652335882187,0.10869564861059189,0.1304347813129425,0.08695652335882187,0.0,0.06521739065647125,0.1304347813129425,0.1304347813129425,0.08695652335882187,0.10869564861059189,0.28260868787765503,0.5869565010070801,0.739130437374115,0.804347813129425,0.804347813129425,0.6739130616188049,0.52173912525177,0.9130434989929199,0.760869562625885,0.45652174949645996,0.54347825050354,0.54347825050354,0.6739130616188049,0.717391312122345,0.6086956262588501,0.47826087474823,0.41304346919059753,0.5652173757553101,0.32608696818351746,0.5,0.41304346919059753,0.3913043439388275,0.5869565010070801,0.41304346919059753,0.41304346919059753,0.3913043439388275,0.5,0.5,0.3913043439388275,0.5869565010070801,0.43478259444236755,0.47826087474823,0.41304346919059753,0.41304346919059753,0.54347825050354,0.45652174949645996,0.5,0.47826087474823,0.3478260934352875,0.41304346919059753,0.32608696818351746,0.6304348111152649,0.5,0.45652174949645996,0.54347825050354,0.5869565010070801,0.3913043439388275,0.45652174949645996,0.6521739363670349,0.41304346919059753,0.52173912525177,0.19565217196941376,0.54347825050354,0.239130437374115,0.3695652186870575,0.41304346919059753,0.47826087474823,0.3478260934352875,0.54347825050354,0.6521739363670349,0.3695652186870575,0.45652174949645996,0.5,0.54347825050354,0.5,0.3695652186870575,0.3695652186870575,0.6086956262588501,0.695652186870575,0.3695652186870575,0.3913043439388275,0.30434781312942505,0.3695652186870575,0.3913043439388275,0.6304348111152649,0.32608696818351746,0.30434781312942505,0.43478259444236755,0.45652174949645996,0.47826087474823,0.6086956262588501,0.3913043439388275,0.3695652186870575,0.5652173757553101,0.47826087474823,0.32608696818351746,0.3913043439388275,0.6086956262588501,0.5869565010070801,0.54347825050354,0.5869565010070801,0.28260868787765503,0.28260868787765503,0.47826087474823,0.30434781312942505
0.4124124050140381,0.857857882976532,0.8258258104324341,0.8748748898506165,0.890890896320343,0.8618618845939636,0.857857882976532,0.8618618845939636,0.8628628849983215,0.8828828930854797,0.8638638854026794,0.8608608841896057,0.8448448181152344,0.8748748898506165,0.8918918967247009,0.8028028011322021,0.8698698878288269,0.8568568825721741,0.8818818926811218,0.793793797492981,0.8858858942985535,0.8718718886375427,0.8668668866157532,0.8708708882331848,0.868868887424469,0.890890896320343,0.8038038015365601,0.8548548817634583,0.8498498201370239,0.8768768906593323,0.8748748898506165,0.8748748898506165,0.8508508801460266,0.8288288116455078,0.8338338136672974,0.8668668866157532,0.8748748898506165,0.8828828930854797,0.8818818926811218,0.8228228092193604,0.8428428173065186,0.8708708882331848,0.8288288116455078,0.8728728890419006,0.8598598837852478,0.9449449181556702,0.8628628849983215,0.8848848938941956,0.8398398160934448,0.8128128051757812,0.837837815284729,0.8568568825721741,0.8828828930854797,0.8448448181152344,0.8918918967247009,0.8828828930854797,0.9099099040031433,0.8538538813591003,0.8918918967247009,0.8398398160934448,0.8918918967247009,0.9059059023857117,0.9589589834213257,0.9369369149208069,0.8918918967247009,0.9519519805908203,0.9219219088554382,0.8988988995552063,0.9409409165382385,0.9719719886779785,0.9729729890823364,0.9759759902954102,0.9429429173469543,0.9649649858474731,1.0,0.9629629850387573,0.9409409165382385,0.9219219088554382,0.9439439177513123,0.8748748898506165,0.9149149060249329,0.8518518805503845,0.8828828930854797,0.8748748898506165,0.8388388156890869,0.8078078031539917,0.7757757902145386,0.7267267107963562,0.7047047019004822,0.6646646857261658,0.6066066026687622,0.6186186075210571,0.5795795917510986,0.650650680065155,0.6476476192474365,0.6406406164169312,0.673673689365387,0.6466466188430786,0.6656656861305237,0.0200200192630291,0.0,0.01701701618731022,0.6476476192474365,0.6376376152038574,0.6766766905784607,0.6476476192474365,0.6446446180343628,0.6586586833000183,0.5685685873031616,0.6236236095428467,0.6076076030731201,0.661661684513092,0.7017017006874084,0.7127127051353455,0.7907907962799072,0.8068068027496338,0.8358358144760132,0.868868887424469,0.8948948979377747,0.857857882976532,0.8998998999595642,0.8718718886375427,0.9459459185600281,0.9189189076423645,0.9589589834213257,0.9479479193687439,0.9809809923171997,0.9899899959564209,0.9459459185600281,0.9709709882736206,0.9719719886779785,0.9609609842300415,0.9509509801864624,0.8998998999595642,0.9219219088554382,0.9449449181556702,0.890890896320343,0.9509509801864624,0.9489489197731018,0.9039039015769958,0.8928928971290588,0.8468468189239502,0.8948948979377747,0.8508508801460266,0.8978978991508484,0.8978978991508484,0.8958958983421326,0.8408408164978027,0.8788788914680481,0.8498498201370239,0.8438438177108765,0.8218218088150024,0.826826810836792,0.8698698878288269,0.8758758902549744,0.9639639854431152,0.8458458185195923,0.8748748898506165,0.8148148059844971,0.8888888955116272,0.8478478193283081,0.8198198080062866,0.857857882976532,0.8958958983421326,0.8858858942985535,0.8668668866157532,0.8188188076019287,0.8388388156890869,0.8628628849983215,0.8678678870201111,0.8718718886375427,0.8588588833808899,0.8748748898506165,0.8508508801460266,0.7987987995147705,0.8808808922767639,0.8628628849983215,0.8938938975334167,0.8648648858070374,0.8648648858070374,0.8838838934898376,0.8108108043670654,0.8698698878288269,0.8618618845939636,0.8478478193283081,0.8198198080062866,0.90190190076828,0.8678678870201111,0.8368368148803711,0.857857882976532,0.8738738894462585,0.8828828930854797,0.8588588833808899,0.8538538813591003,0.8618618845939636,0.8708708882331848,0.8858858942985535,0.8748748898506165,0.8148148059844971,0.868868887424469,0.44144144654273987
0.2073170691728592,0.3048780560493469,0.32926830649375916,0.2804878056049347,0.3658536672592163,0.26829269528388977,0.37804877758026123,0.39024388790130615,0.32926830649375916,0.3414634168148041,0.39024388790130615,0.2926829159259796,0.39024388790130615,0.4390243887901306,0.2926829159259796,0.31707316637039185,0.4146341383457184,0.4146341383457184,0.3658536672592163,0.37804877758026123,0.4390243887901306,0.39024388790130615,0.4390243887901306,0.40243902802467346,0.37804877758026123,0.353658527135849,0.3658536672592163,0.45121949911117554,0.39024388790130615,0.4878048896789551,0.24390244483947754,0.39024388790130615,0.4878048896789551,0.37804877758026123,0.5,0.5609756112098694,0.5731707215309143,0.4146341383457184,0.37804877758026123,0.6097561120986938,0.2804878056049347,0.39024388790130615,0.32926830649375916,0.32926830649375916,0.5365853905677795,0.5121951103210449,0.45121949911117554,0.47560974955558777,0.3414634168148041,0.5731707215309143,0.353658527135849,0.39024388790130615,0.4878048896789551,0.39024388790130615,0.4146341383457184,0.5,0.5,0.4390243887901306,0.5487805008888245,0.39024388790130615,0.3414634168148041,0.5243902206420898,0.5121951103210449,0.5243902206420898,0.6585366129875183,0.47560974955558777,0.4268292784690857,0.45121949911117554,0.5853658318519592,0.5243902206420898,0.5731707215309143,0.4146341383457184,0.5609756112098694,0.5243902206420898,0.47560974955558777,0.5487805008888245,0.7439024448394775,0.45121949911117554,0.5243902206420898,0.5609756112098694,0.6707317233085632,0.6341463327407837,0.707317054271698,0.5975610017776489,0.4390243887901306,0.7560975551605225,0.6219512224197388,0.6707317233085632,0.7439024448394775,0.6829268336296082,0.8902438879013062,0.7560975551605225,0.9512194991111755,1.0,0.9146341681480408,0.5243902206420898,0.7317073345184326,0.5121951103210449,0.0,0.0,0.0,0.0,0.0,0.46341463923454285,0.7560975551605225,0.5365853905677795,0.9024389982223511,1.0,0.9512194991111755,0.7195122241973877,0.9024389982223511,0.7195122241973877,0.7439024448394775,0.6219512224197388,0.6707317233085632,0.707317054271698,0.47560974955558777,0.5975610017776489,0.7195122241973877,0.6097561120986938,0.6829268336296082,0.5853658318519592,0.46341463923454285,0.5121951103210449,0.707317054271698,0.5731707215309143,0.46341463923454285,0.5365853905677795,0.5609756112098694,0.40243902802467346,0.5609756112098694,0.5487805008888245,0.5731707215309143,0.47560974955558777,0.4268292784690857,0.47560974955558777,0.6219512224197388,0.5609756112098694,0.5121951103210449,0.5,0.3658536672592163,0.39024388790130615,0.5487805008888245,0.4146341383457184,0.5243902206420898,0.4878048896789551,0.4268292784690857,0.39024388790130615,0.45121949911117554,0.40243902802467346,0.3658536672592163,0.5853658318519592,0.31707316637039185,0.46341463923454285,0.4878048896789551,0.46341463923454285,0.5853658318519592,0.31707316637039185,0.32926830649375916,0.39024388790130615,0.24390244483947754,0.6463414430618286,0.3658536672592163,0.4268292784690857,0.5731707215309143,0.5731707215309143,0.45121949911117554,0.40243902802467346,0.5121951103210449,0.3658536672592163,0.26829269528388977,0.4390243887901306,0.4268292784690857,0.4268292784690857,0.39024388790130615,0.353658527135849,0.39024388790130615,0.40243902802467346,0.4390243887901306,0.3658536672592163,0.46341463923454285,0.3658536672592163,0.37804877758026123,0.4146341383457184,0.40243902802467346,0.32926830649375916,0.2804878056049347,0.45121949911117554,0.39024388790130615,0.2804878056049347,0.40243902802467346,0.32926830649375916,0.32926830649375916,0.39024388790130615,0.37804877758026123,0.2804878056049347,0.3414634168148041,0.2926829159259796,0.3414634168148041,0.3048780560493469,0.2073170691728592
0.09890110045671463,0.08791209012269974,0.09890110045671463,0.1318681389093399,0.09890110045671463,0.08791209012269974,0.07692307978868484,0.09890110045671463,0.1428571492433548,0.09890110045671463,0.12087912112474442,0.07692307978868484,0.16483516991138458,0.05494505539536476,0.07692307978868484,0.06593406945466995,0.05494505539536476,0.12087912112474442,0.08791209012269974,0.032967034727334976,0.09890110045671463,0.06593406945466995,0.10989011079072952,0.12087912112474442,0.1318681389093399,0.08791209012269974,0.10989011079072952,0.12087912112474442,0.04395604506134987,0.04395604506134987,0.10989011079072952,0.08791209012269974,0.10989011079072952,0.04395604506134987,0.09890110045671463,0.10989011079072952,0.07692307978868484,0.06593406945466995,0.05494505539536476,0.06593406945466995,0.09890110045671463,0.04395604506134987,0.032967034727334976,0.04395604506134987,0.07692307978868484,0.05494505539536476,0.04395604506134987,0.04395604506134987,0.06593406945466995,0.07692307978868484,0.08791209012269974,0.05494505539536476,0.021978022530674934,0.032967034727334976,0.08791209012269974,0.06593406945466995,0.032967034727334976,0.05494505539536476,0.021978022530674934,0.09890110045671463,0.06593406945466995,0.032967034727334976,0.09890110045671463,0.06593406945466995,0.032967034727334976,0.05494505539536476,0.06593406945466995,0.04395604506134987,0.032967034727334976,0.12087912112474442,0.05494505539536476,0.010989011265337467,0.06593406945466995,0.08791209012269974,0.10989011079072952,0.05494505539536476,0.12087912112474442,0.09890110045671463,0.1318681389093399,0.12087912112474442,0.1428571492433548,0.18681319057941437,0.19780220091342926,0.06593406945466995,0.23076923191547394,0.2527472674846649,0.19780220091342926,0.3076923191547394,0.32967033982276917,0.37362638115882874,0.5164835453033447,0.5054945349693298,0.49450549483299255,0.4615384638309479,0.7362637519836426,0.9560439586639404,0.8791208863258362,0.10989011079072952,0.0,0.0,0.0,0.0,0.0,0.08791209012269974,0.8461538553237915,1.0,0.7472527623176575,0.450549453496933,0.5054945349693298,0.47252747416496277,0.5384615659713745,0.37362638115882874,0.32967033982276917,0.2967033088207245,0.21978022158145905,0.2527472674846649,0.23076923191547394,0.06593406945466995,0.19780220091342926,0.18681319057941437,0.1428571492433548,0.12087912112474442,0.12087912112474442,0.10989011079072952,0.12087912112474442,0.05494505539536476,0.10989011079072952,0.08791209012269974,0.05494505539536476,0.021978022530674934,0.05494505539536476,0.12087912112474442,0.032967034727334976,0.04395604506134987,0.06593406945466995,0.05494505539536476,0.032967034727334976,0.06593406945466995,0.09890110045671463,0.032967034727334976,0.05494505539536476,0.10989011079072952,0.021978022530674934,0.04395604506134987,0.04395604506134987,0.06593406945466995,0.08791209012269974,0.032967034727334976,0.021978022530674934,0.05494505539536476,0.07692307978868484,0.08791209012269974,0.06593406945466995,0.04395604506134987,0.032967034727334976,0.06593406945466995,0.07692307978868484,0.04395604506134987,0.032967034727334976,0.04395604506134987,0.09890110045671463,0.05494505539536476,0.06593406945466995,0.05494505539536476,0.08791209012269974,0.09890110045671463,0.09890110045671463,0.05494505539536476,0.09890110045671463,0.08791209012269974,0.12087912112474442,0.04395604506134987,0.04395604506134987,0.12087912112474442,0.10989011079072952,0.08791209012269974,0.1318681389093399,0.12087912112474442,0.10989011079072952,0.05494505539536476,0.09890110045671463,0.04395604506134987,0.08791209012269974,0.12087912112474442,0.04395604506134987,0.07692307978868484,0.07692307978868484,0.05494505539536476,0.1428571492433548,0.09890110045671463,0.12087912112474442,0.09890110045671463,0.1428571492433548,0.09890110045671463,0.07692307978868484,0.08791209012269974,0.09890110045671463,0.09890110045671463,0.12087912112474442,0.08791209012269974,0.10989011079072952
0.40223464369773865,0.7765362858772278,0.8100558519363403,0.7988826632499695,0.7709497213363647,0.7988826632499695,0.8603351712226868,0.6703910827636719,0.8659217953681946,0.7541899681091309,0.832402229309082,0.7374301552772522,0.7877094745635986,0.826815664768219,0.8938547372817993,0.7765362858772278,0.8156424760818481,0.8379888534545898,0.8100558519363403,0.8100558519363403,0.7262569665908813,0.7877094745635986,0.8156424760818481,0.7653631567955017,0.8882681727409363,0.8994413614273071,0.9050279259681702,0.8826815485954285,0.8044692873954773,0.8547486066818237,0.8156424760818481,0.8826815485954285,0.7597765326499939,0.8100558519363403,0.8715083599090576,0.8938547372817993,0.8435754179954529,0.8603351712226868,0.748603343963623,0.8435754179954529,0.8603351712226868,0.7821229100227356,0.8212290406227112,0.9720670580863953,0.8044692873954773,0.9329608678817749,0.8659217953681946,0.8659217953681946,0.8212290406227112,0.9217877388000488,0.826815664768219,0.8715083599090576,0.8659217953681946,0.8379888534545898,0.8659217953681946,0.8715083599090576,0.8044692873954773,0.8770949840545654,0.8994413614273071,0.8044692873954773,0.7988826632499695,0.832402229309082,0.7597765326499939,0.8770949840545654,0.9553072452545166,0.7877094745635986,0.8435754179954529,0.8435754179954529,0.916201114654541,0.8044692873954773,0.8826815485954285,1.0,0.8938547372817993,0.9720670580863953,0.8770949840545654,0.910614550113678,0.8659217953681946,0.8547486066818237,0.8379888534545898,0.8770949840545654,0.9441340565681458,0.8156424760818481,0.8212290406227112,0.826815664768219,0.8491619825363159,0.74301677942276,0.7765362858772278,0.6927374005317688,0.7039105892181396,0.6424580812454224,0.6424580812454224,0.5251396894454956,0.5083798766136169,0.46927374601364136,0.3910614550113678,0.27374300360679626,0.2793295979499817,0.1284916251897812,0.0670391097664833,0.005586592014878988,0.0,0.0,0.07262569665908813,0.1284916251897812,0.2569832503795624,0.2625698447227478,0.4189944267272949,0.4525139629840851,0.5307262539863586,0.4804469347000122,0.6703910827636719,0.6480447053909302,0.6983240246772766,0.6983240246772766,0.74301677942276,0.7709497213363647,0.8491619825363159,0.8156424760818481,0.8212290406227112,0.8100558519363403,0.9385474920272827,0.8938547372817993,0.8435754179954529,0.8435754179954529,0.8770949840545654,0.916201114654541,0.8659217953681946,0.9497206807136536,0.910614550113678,0.994413435459137,0.8882681727409363,0.7821229100227356,0.9329608678817749,0.826815664768219,0.8715083599090576,0.7877094745635986,0.9553072452545166,0.8826815485954285,0.7374301552772522,0.826815664768219,0.7988826632499695,0.8044692873954773,0.910614550113678,0.8491619825363159,0.832402229309082,0.8770949840545654,0.8770949840545654,0.832402229309082,0.8491619825363159,0.8770949840545654,0.8212290406227112,0.9217877388000488,0.8379888534545898,0.8491619825363159,0.8882681727409363,0.9050279259681702,0.8156424760818481,0.9497206807136536,0.8547486066818237,0.7821229100227356,0.8547486066818237,0.8491619825363159,0.748603343963623,0.8603351712226868,0.832402229309082,0.8826815485954285,0.8659217953681946,0.8156424760818481,0.7709497213363647,0.8603351712226868,0.8547486066818237,0.8379888534545898,0.8044692873954773,0.8882681727409363,0.8603351712226868,0.9553072452545166,0.8715083599090576,0.7765362858772278,0.8156424760818481,0.7877094745635986,0.7094972133636475,0.8044692873954773,0.8212290406227112,0.826815664768219,0.8100558519363403,0.8156424760818481,0.8659217953681946,0.826815664768219,0.8044692873954773,0.748603343963623,0.8100558519363403,0.7374301552772522,0.8882681727409363,0.659217894077301,0.8770949840545654,0.7821229100227356,0.7765362858772278,0.8156424760818481,0.7821229100227356,0.7932960987091064,0.4301675856113434
0.38383838534355164,0.7373737096786499,0.6969696879386902,0.9696969985961914,0.7777777910232544,0.9797979593276978,0.9494949579238892,1.0,0.868686854839325,0.8989899158477783,0.9898989796638489,0.9494949579238892,0.9494949579238892,0.9797979593276978,0.868686854839325,0.7272727489471436,0.8484848737716675,0.7373737096786499,0.8989899158477783,0.9090909361839294,0.7373737096786499,0.8181818127632141,0.7676767706871033,0.6363636255264282,0.8989899158477783,0.8282828330993652,0.7373737096786499,0.5858585834503174,0.5757575631141663,0.7272727489471436,0.6161616444587708,0.6161616444587708,0.42424243688583374,0.4848484992980957,0.4141414165496826,0.3737373650074005,0.4545454680919647,0.3333333432674408,0.4040403962135315,0.4444444477558136,0.2929292917251587,0.34343433380126953,0.2626262605190277,0.21212121844291687,0.2626262605190277,0.13131313025951385,0.20202019810676575,0.19191919267177582,0.1515151560306549,0.16161616146564484,0.16161616146564484,0.1111111119389534,0.13131313025951385,0.09090909361839294,0.08080808073282242,0.05050504952669144,0.05050504952669144,0.09090909361839294,0.05050504952669144,0.09090909361839294,0.04040404036641121,0.03030303120613098,0.03030303120613098,0.020202020183205605,0.03030303120613098,0.020202020183205605,0.05050504952669144,0.020202020183205605,0.0,0.010101010091602802,0.03030303120613098,0.03030303120613098,0.020202020183205605,0.03030303120613098,0.03030303120613098,0.010101010091602802,0.0,0.04040404036641121,0.03030303120613098,0.0,0.020202020183205605,0.010101010091602802,0.03030303120613098,0.0,0.0,0.0,0.0,0.010101010091602802,0.0,0.010101010091602802,0.010101010091602802,0.010101010091602802,0.010101010091602802,0.010101010091602802,0.020202020183205605,0.03030303120613098,0.03030303120613098,0.04040404036641121,0.10101009905338287,0.0,0.0,0.0,0.10101009905338287,0.03030303120613098,0.04040404036641121,0.03030303120613098,0.020202020183205605,0.010101010091602802,0.010101010091602802,0.0,0.020202020183205605,0.010101010091602802,0.0,0.010101010091602802,0.0,0.0,0.0,0.0,0.03030303120613098,0.010101010091602802,0.020202020183205605,0.0,0.020202020183205605,0.05050504952669144,0.0,0.010101010091602802,0.03030303120613098,0.020202020183205605,0.03030303120613098,0.03030303120613098,0.03030303120613098,0.0,0.010101010091602802,0.010101010091602802,0.06060606241226196,0.010101010091602802,0.04040404036641121,0.020202020183205605,0.03030303120613098,0.03030303120613098,0.04040404036641121,0.09090909361839294,0.03030303120613098,0.1111111119389534,0.04040404036641121,0.06060606241226196,0.08080808073282242,0.08080808073282242,0.14141413569450378,0.10101009905338287,0.17171716690063477,0.1515151560306549,0.1515151560306549,0.1818181872367859,0.2222222238779068,0.13131313025951385,0.23232322931289673,0.23232322931289673,0.2626262605190277,0.3333333432674408,0.3030303120613098,0.4040403962135315,0.42424243688583374,0.3232323229312897,0.4747474789619446,0.39393940567970276,0.4040403962135315,0.4848484992980957,0.42424243688583374,0.6161616444587708,0.6060606241226196,0.7171717286109924,0.6060606241226196,0.5454545617103577,0.7373737096786499,0.8585858345031738,0.8888888955116272,0.6363636255264282,0.7575757503509521,0.808080792427063,0.747474730014801,0.9191918969154358,0.8989899158477783,0.7373737096786499,0.868686854839325,0.7070707082748413,0.868686854839325,0.9696969985961914,0.9292929172515869,0.9292929172515869,0.9898989796638489,0.9191918969154358,0.8989899158477783,0.9898989796638489,0.9494949579238892,0.9494949579238892,0.8181818127632141,0.9595959782600403,0.7070707082748413,0.747474730014801,0.39393940567970276
0.37876614928245544,0.8292682766914368,0.7647058963775635,0.7948350310325623,0.7761836647987366,0.8134863972663879,0.7460545301437378,0.7589669823646545,0.8220946788787842,0.7474892139434814,0.8249641060829163,0.81635582447052,0.8091822266578674,0.8034433126449585,0.7288378477096558,0.8220946788787842,0.7733141779899597,0.8149210810661316,0.8063127398490906,0.8350071907043457,0.751793384552002,0.7575322985649109,0.807747483253479,0.8421807885169983,0.8048780560493469,0.8134863972663879,0.7862266898155212,0.860832154750824,0.7862266898155212,0.8507890701293945,0.8149210810661316,0.8249641060829163,0.8593974113464355,0.8263988494873047,0.8020086288452148,0.8249641060829163,0.8335724472999573,0.8220946788787842,0.8220946788787842,0.8436154723167419,0.8106169104576111,0.8321377038955688,0.8048780560493469,0.860832154750824,0.7733141779899597,0.8206599950790405,0.8378766179084778,0.8622668385505676,0.8421807885169983,0.8106169104576111,0.8923959732055664,0.8479196429252625,0.8378766179084778,0.8766140341758728,0.8880918025970459,0.8350071907043457,0.863701581954956,0.8321377038955688,0.9096125960350037,0.9024389982223511,0.8565279841423035,0.7718794941902161,0.9110473394393921,0.8794835209846497,0.9225251078605652,0.9196556806564331,0.8852223753929138,0.9985652565956116,0.9325681328773499,0.90817791223526,0.8866571187973022,0.9540889263153076,0.8967001438140869,0.8809182047843933,0.9325681328773499,0.9024389982223511,0.8579626679420471,0.9598278403282166,0.9096125960350037,0.9512194991111755,0.9038737416267395,0.9856528043746948,0.9067431688308716,0.8493543863296509,0.8981348872184753,0.8134863972663879,0.8220946788787842,0.6169297099113464,0.6398852467536926,0.6083213686943054,0.4375896751880646,0.42180773615837097,0.3256814777851105,0.18938307464122772,0.14347201585769653,0.07030129432678223,0.050215207040309906,0.040172167122364044,0.04304160550236702,0.024390242993831635,0.0,0.02152080275118351,0.04447632655501366,0.040172167122364044,0.04734576866030693,0.07173600792884827,0.14060258865356445,0.18507890403270721,0.331420361995697,0.4117647111415863,0.4390243887901306,0.6025825142860413,0.6341463327407837,0.6183643937110901,0.8206599950790405,0.799139142036438,0.916786253452301,0.8350071907043457,0.9096125960350037,0.9756097793579102,0.9110473394393921,0.946915328502655,0.9124820828437805,0.9612625241279602,0.8536585569381714,0.9110473394393921,0.9354375600814819,0.8737446069717407,0.9053084850311279,0.9426112174987793,0.8967001438140869,0.9024389982223511,0.9340028762817383,1.0,0.8794835209846497,0.9210903644561768,0.9383070468902588,0.8751793503761292,0.9053084850311279,0.7862266898155212,0.8407460451126099,0.9038737416267395,0.9053084850311279,0.8249641060829163,0.855093240737915,0.8593974113464355,0.8780487775802612,0.8895265460014343,0.8278335928916931,0.8565279841423035,0.8852223753929138,0.8134863972663879,0.8307030200958252,0.8680057525634766,0.8436154723167419,0.8263988494873047,0.7718794941902161,0.8479196429252625,0.8048780560493469,0.8421807885169983,0.8106169104576111,0.8479196429252625,0.8106169104576111,0.8263988494873047,0.8378766179084778,0.8177905082702637,0.8034433126449585,0.8321377038955688,0.8565279841423035,0.8278335928916931,0.8206599950790405,0.8335724472999573,0.8063127398490906,0.8507890701293945,0.7819225192070007,0.81635582447052,0.8149210810661316,0.8307030200958252,0.81635582447052,0.763271152973175,0.7388809323310852,0.8364418745040894,0.7977044582366943,0.8120516538619995,0.7819225192070007,0.8192252516746521,0.7417503595352173,0.7934002876281738,0.8192252516746521,0.8005738854408264,0.8350071907043457,0.7388809323310852,0.8220946788787842,0.769010066986084,0.7431851029396057,0.8048780560493469,0.7733141779899597,0.8106169104576111,0.751793384552002,0.8421807885169983,0.4002869427204132
0.0,0.0,0.0,0.0,0.0,0.0,0.0,0.0,0.0,0.0,0.0,0.01923076994717121,0.01923076994717121,0.0,0.0,0.0,0.01923076994717121,0.0,0.01923076994717121,0.0,0.0,0.01923076994717121,0.0,0.01923076994717121,0.01923076994717121,0.0,0.0,0.0,0.0,0.0,0.01923076994717121,0.0,0.01923076994717121,0.0,0.0,0.0,0.0,0.0,0.01923076994717121,0.0,0.0,0.0,0.0,0.0,0.01923076994717121,0.01923076994717121,0.0,0.0,0.0,0.0,0.0,0.01923076994717121,0.03846153989434242,0.01923076994717121,0.0,0.0,0.0,0.03846153989434242,0.0,0.03846153989434242,0.0,0.01923076994717121,0.0,0.01923076994717121,0.0,0.0,0.0,0.0,0.01923076994717121,0.0,0.0,0.01923076994717121,0.0,0.0,0.057692307978868484,0.0,0.03846153989434242,0.0,0.0,0.01923076994717121,0.0,0.0,0.0,0.0,0.0,0.01923076994717121,0.0,0.01923076994717121,0.03846153989434242,0.03846153989434242,0.057692307978868484,0.07692307978868484,0.07692307978868484,0.23076923191547394,0.3076923191547394,0.17307692766189575,0.3076923191547394,0.9615384340286255,0.03846153989434242,0.03846153989434242,0.0,0.03846153989434242,0.0,1.0,0.3076923191547394,0.17307692766189575,0.3076923191547394,0.23076923191547394,0.07692307978868484,0.07692307978868484,0.057692307978868484,0.03846153989434242,0.03846153989434242,0.01923076994717121,0.0,0.0,0.01923076994717121,0.0,0.0,0.0,0.0,0.01923076994717121,0.0,0.0,0.03846153989434242,0.0,0.057692307978868484,0.0,0.0,0.01923076994717121,0.0,0.0,0.01923076994717121,0.0,0.0,0.0,0.0,0.01923076994717121,0.0,0.01923076994717121,0.0,0.03846153989434242,0.0,0.01923076994717121,0.01923076994717121,0.0,0.0,0.01923076994717121,0.03846153989434242,0.01923076994717121,0.0,0.0,0.0,0.0,0.0,0.01923076994717121,0.01923076994717121,0.0,0.0,0.0,0.0,0.0,0.01923076994717121,0.0,0.0,0.0,0.0,0.0,0.01923076994717121,0.0,0.01923076994717121,0.0,0.0,0.0,0.0,0.0,0.01923076994717121,0.01923076994717121,0.0,0.01923076994717121,0.0,0.0,0.01923076994717121,0.0,0.01923076994717121,0.0,0.0,0.0,0.01923076994717121,0.01923076994717121,0.0,0.0,0.0,0.0,0.0,0.0,0.0,0.0,0.0,0.0,0.0
0.0,0.029411764815449715,0.05882352963089943,0.05882352963089943,0.029411764815449715,0.029411764815449715,0.0,0.029411764815449715,0.0,0.029411764815449715,0.0,0.0,0.029411764815449715,0.0,0.0,0.029411764815449715,0.05882352963089943,0.0,0.0,0.0,0.05882352963089943,0.029411764815449715,0.029411764815449715,0.0882352963089943,0.0,0.029411764815449715,0.0,0.05882352963089943,0.05882352963089943,0.029411764815449715,0.029411764815449715,0.05882352963089943,0.05882352963089943,0.029411764815449715,0.05882352963089943,0.0,0.05882352963089943,0.05882352963089943,0.0,0.0882352963089943,0.0,0.0882352963089943,0.0,0.05882352963089943,0.05882352963089943,0.029411764815449715,0.029411764815449715,0.0,0.11764705926179886,0.029411764815449715,0.029411764815449715,0.05882352963089943,0.05882352963089943,0.0,0.05882352963089943,0.029411764815449715,0.029411764815449715,0.029411764815449715,0.05882352963089943,0.029411764815449715,0.05882352963089943,0.0882352963089943,0.0,0.11764705926179886,0.0882352963089943,0.05882352963089943,0.0882352963089943,0.0,0.0882352963089943,0.0,0.0,0.11764705926179886,0.23529411852359772,0.0882352963089943,0.05882352963089943,0.029411764815449715,0.05882352963089943,0.05882352963089943,0.0882352963089943,0.14705882966518402,0.1764705926179886,0.11764705926179886,0.14705882966518402,0.2647058963775635,0.05882352963089943,0.2647058963775635,0.2647058963775635,0.2647058963775635,0.4117647111415863,0.38235294818878174,0.23529411852359772,0.529411792755127,0.5,0.529411792755127,0.529411792755127,0.9411764740943909,0.970588207244873,0.5,0.0,0.05882352963089943,0.0,0.05882352963089943,0.0,0.5,0.9117646813392639,1.0,0.5,0.5,0.5588235259056091,0.529411792755127,0.23529411852359772,0.38235294818878174,0.4117647111415863,0.23529411852359772,0.29411765933036804,0.2647058963775635,0.05882352963089943,0.2647058963775635,0.14705882966518402,0.0882352963089943,0.20588235557079315,0.14705882966518402,0.0882352963089943,0.05882352963089943,0.05882352963089943,0.029411764815449715,0.05882352963089943,0.0882352963089943,0.20588235557079315,0.14705882966518402,0.0,0.0,0.0882352963089943,0.0,0.0882352963089943,0.05882352963089943,0.0882352963089943,0.11764705926179886,0.0,0.0882352963089943,0.05882352963089943,0.029411764815449715,0.05882352963089943,0.029411764815449715,0.029411764815449715,0.029411764815449715,0.05882352963089943,0.0,0.05882352963089943,0.05882352963089943,0.029411764815449715,0.029411764815449715,0.11764705926179886,0.0,0.029411764815449715,0.029411764815449715,0.05882352963089943,0.05882352963089943,0.0,0.0882352963089943,0.0,0.0882352963089943,0.0,0.05882352963089943,0.05882352963089943,0.0,0.029411764815449715,0.05882352963089943,0.05882352963089943,0.05882352963089943,0.029411764815449715,0.029411764815449715,0.05882352963089943,0.05882352963089943,0.0,0.029411764815449715,0.0,0.0882352963089943,0.029411764815449715,0.029411764815449715,0.05882352963089943,0.0,0.0,0.0,0.05882352963089943,0.029411764815449715,0.0,0.0,0.029411764815449715,0.0,0.0,0.029411764815449715,0.0,0.029411764815449715,0.0,0.029411764815449715,0.029411764815449715,0.05882352963089943,0.05882352963089943,0.029411764815449715,0.0
0.36206895112991333,0.8908045887947083,0.7816091775894165,0.977011501789093,0.9712643623352051,0.7528735399246216,0.9195402264595032,0.9022988677024841,0.9655172228813171,0.8390804529190063,0.7643678188323975,0.8908045887947083,0.9367815852165222,0.9252873659133911,0.8793103694915771,0.954023003578186,0.8850574493408203,0.8908045887947083,0.8218390941619873,0.7816091775894165,0.7586206793785095,0.7701149582862854,0.8103448152542114,0.9252873659133911,0.8620689511299133,0.7298850417137146,0.7873563170433044,0.954023003578186,0.9022988677024841,0.8160919547080994,0.959770143032074,0.7183908224105835,0.8908045887947083,0.7931034564971924,0.8160919547080994,0.9425287246704102,0.7643678188323975,0.7471264600753784,0.8793103694915771,0.7528735399246216,0.8965517282485962,0.8275862336158752,0.7413793206214905,0.7758620977401733,0.7988505959510803,0.954023003578186,0.7643678188323975,0.7931034564971924,0.7068965435028076,0.7816091775894165,0.8965517282485962,0.7988505959510803,0.6954023241996765,0.7413793206214905,0.6436781883239746,0.7528735399246216,0.6321839094161987,0.7011494040489197,0.7643678188323975,0.7183908224105835,0.7988505959510803,0.6896551847457886,0.6321839094161987,0.7183908224105835,0.7758620977401733,0.7241379022598267,0.6839080452919006,0.7068965435028076,0.6954023241996765,0.6609195470809937,0.6264367699623108,0.8160919547080994,0.7356321811676025,0.5919540524482727,0.6494252681732178,0.6551724076271057,0.6896551847457886,0.7241379022598267,0.7126436829566956,0.7126436829566956,0.7988505959510803,0.8390804529190063,0.7298850417137146,0.7413793206214905,0.7413793206214905,0.6781609058380127,0.6034482717514038,0.9137930870056152,0.6724137663841248,0.7931034564971924,0.8620689511299133,0.8103448152542114,0.6609195470809937,0.7586206793785095,0.7701149582862854,0.7011494040489197,0.7413793206214905,0.545976996421814,0.2298850566148758,0.13793103396892548,0.0,0.12643678486347198,0.22413793206214905,0.5287356376647949,0.7413793206214905,0.7011494040489197,0.7701149582862854,0.7471264600753784,0.7011494040489197,0.7931034564971924,0.8678160905838013,0.7816091775894165,0.6781609058380127,0.9252873659133911,0.5977011322975159,0.6494252681732178,0.7701149582862854,0.7241379022598267,0.7643678188323975,0.7873563170433044,0.8160919547080994,0.7298850417137146,0.7126436829566956,0.7298850417137146,0.6781609058380127,0.6494252681732178,0.6436781883239746,0.6091954112052917,0.7356321811676025,0.8103448152542114,0.6494252681732178,0.6494252681732178,0.6724137663841248,0.7011494040489197,0.6954023241996765,0.7298850417137146,0.7701149582862854,0.7298850417137146,0.6264367699623108,0.6954023241996765,0.7816091775894165,0.7241379022598267,0.7701149582862854,0.7011494040489197,0.6379310488700867,0.7586206793785095,0.6551724076271057,0.6839080452919006,0.7528735399246216,0.7931034564971924,0.8793103694915771,0.7816091775894165,0.7011494040489197,0.7873563170433044,0.7586206793785095,0.959770143032074,0.8045976758003235,0.7931034564971924,0.7356321811676025,0.8103448152542114,0.9252873659133911,0.7413793206214905,0.8620689511299133,0.7471264600753784,0.7873563170433044,0.9137930870056152,0.8333333134651184,0.7988505959510803,0.8735632300376892,0.7298850417137146,0.9482758641242981,0.8275862336158752,0.8793103694915771,0.959770143032074,0.8218390941619873,0.7126436829566956,0.8390804529190063,0.931034505367279,0.8275862336158752,0.7758620977401733,0.7471264600753784,0.7816091775894165,0.8103448152542114,0.9252873659133911,0.8735632300376892,0.9425287246704102,0.8735632300376892,0.9482758641242981,0.9080459475517273,0.9022988677024841,0.7586206793785095,0.8275862336158752,1.0,0.8908045887947083,0.9137930870056152,0.7586206793785095,0.9425287246704102,0.982758641242981,0.7931034564971924,0.8793103694915771,0.4080459773540497
0.10000000149011612,0.20000000298023224,0.20000000298023224,0.800000011920929,0.4000000059604645,0.4000000059604645,0.30000001192092896,0.5,0.30000001192092896,0.30000001192092896,0.30000001192092896,0.4000000059604645,0.8999999761581421,0.10000000149011612,0.4000000059604645,0.30000001192092896,0.20000000298023224,0.8999999761581421,0.800000011920929,0.5,0.4000000059604645,0.5,0.20000000298023224,0.6000000238418579,0.5,0.30000001192092896,0.4000000059604645,0.20000000298023224,0.699999988079071,0.10000000149011612,0.20000000298023224,0.30000001192092896,0.4000000059604645,0.30000001192092896,0.800000011920929,0.699999988079071,0.5,0.699999988079071,0.20000000298023224,0.30000001192092896,0.4000000059604645,0.10000000149011612,0.10000000149011612,0.20000000298023224,0.30000001192092896,0.5,0.4000000059604645,0.5,0.30000001192092896,0.30000001192092896,0.6000000238418579,0.30000001192092896,0.30000001192092896,0.20000000298023224,0.20000000298023224,0.699999988079071,0.800000011920929,0.30000001192092896,0.4000000059604645,0.699999988079071,0.6000000238418579,0.5,0.30000001192092896,0.699999988079071,0.20000000298023224,0.10000000149011612,0.30000001192092896,0.30000001192092896,0.4000000059604645,0.30000001192092896,0.10000000149011612,0.30000001192092896,0.5,0.20000000298023224,0.4000000059604645,0.30000001192092896,0.5,0.4000000059604645,0.6000000238418579,0.4000000059604645,0.10000000149011612,0.6000000238418579,0.699999988079071,0.6000000238418579,0.30000001192092896,0.5,0.5,0.6000000238418579,0.800000011920929,0.4000000059604645,0.30000001192092896,0.30000001192092896,0.30000001192092896,0.30000001192092896,1.0,0.6000000238418579,0.20000000298023224,0.10000000149011612,0.20000000298023224,0.0,0.0,0.0,0.20000000298023224,0.10000000149011612,0.20000000298023224,0.6000000238418579,1.0,0.30000001192092896,0.30000001192092896,0.30000001192092896,0.30000001192092896,0.4000000059604645,0.699999988079071,0.699999988079071,0.4000000059604645,0.5,0.4000000059604645,0.6000000238418579,0.699999988079071,0.6000000238418579,0.10000000149011612,0.4000000059604645,0.6000000238418579,0.4000000059604645,0.5,0.30000001192092896,0.4000000059604645,0.20000000298023224,0.5,0.30000001192092896,0.10000000149011612,0.30000001192092896,0.30000001192092896,0.4000000059604645,0.30000001192092896,0.10000000149011612,0.20000000298023224,0.699999988079071,0.30000001192092896,0.5,0.5,0.800000011920929,0.4000000059604645,0.30000001192092896,0.800000011920929,0.6000000238418579,0.30000001192092896,0.20000000298023224,0.30000001192092896,0.30000001192092896,0.6000000238418579,0.30000001192092896,0.30000001192092896,0.5,0.4000000059604645,0.5,0.30000001192092896,0.20000000298023224,0.10000000149011612,0.10000000149011612,0.4000000059604645,0.30000001192092896,0.10000000149011612,0.800000011920929,0.5,0.6000000238418579,0.800000011920929,0.4000000059604645,0.4000000059604645,0.30000001192092896,0.20000000298023224,0.10000000149011612,0.699999988079071,0.20000000298023224,0.4000000059604645,0.30000001192092896,0.5,0.6000000238418579,0.10000000149011612,0.6000000238418579,0.4000000059604645,0.5,0.699999988079071,1.0,0.20000000298023224,0.30000001192092896,0.4000000059604645,0.10000000149011612,0.800000011920929,0.5,0.30000001192092896,0.20000000298023224,0.4000000059604645,0.5,0.30000001192092896,0.4000000059604645,0.4000000059604645,0.800000011920929,0.20000000298023224,0.20000000298023224,0.10000000149011612
0.0,0.06451612710952759,0.032258063554763794,0.0,0.032258063554763794,0.032258063554763794,0.032258063554763794,0.09677419066429138,0.0,0.0,0.0,0.06451612710952759,0.06451612710952759,0.032258063554763794,0.09677419066429138,0.032258063554763794,0.032258063554763794,0.032258063554763794,0.032258063554763794,0.09677419066429138,0.0,0.0,0.06451612710952759,0.0,0.032258063554763794,0.06451612710952759,0.09677419066429138,0.032258063554763794,0.0,0.09677419066429138,0.06451612710952759,0.16129031777381897,0.032258063554763794,0.032258063554763794,0.032258063554763794,0.06451612710952759,0.06451612710952759,0.12903225421905518,0.06451612710952759,0.12903225421905518,0.09677419066429138,0.032258063554763794,0.06451612710952759,0.06451612710952759,0.12903225421905518,0.06451612710952759,0.032258063554763794,0.032258063554763794,0.16129031777381897,0.19354838132858276,0.032258063554763794,0.09677419066429138,0.06451612710952759,0.032258063554763794,0.12903225421905518,0.09677419066429138,0.032258063554763794,0.032258063554763794,0.09677419066429138,0.09677419066429138,0.09677419066429138,0.06451612710952759,0.19354838132858276,0.06451612710952759,0.12903225421905518,0.09677419066429138,0.032258063554763794,0.12903225421905518,0.09677419066429138,0.06451612710952759,0.032258063554763794,0.12903225421905518,0.06451612710952759,0.032258063554763794,0.06451612710952759,0.09677419066429138,0.09677419066429138,0.19354838132858276,0.0,0.12903225421905518,0.06451612710952759,0.22580644488334656,0.19354838132858276,0.19354838132858276,0.09677419066429138,0.16129031777381897,0.35483869910240173,0.06451612710952759,0.0,0.25806450843811035,0.32258063554763794,0.25806450843811035,0.25806450843811035,0.3870967626571655,0.4838709533214569,0.9677419066429138,0.8387096524238586,0.6129032373428345,0.032258063554763794,0.0,0.0,0.0,0.032258063554763794,0.5806451439857483,0.8387096524238586,1.0,0.4516128897666931,0.4193548262119293,0.22580644488334656,0.29032257199287415,0.32258063554763794,0.25806450843811035,0.0,0.06451612710952759,0.32258063554763794,0.19354838132858276,0.09677419066429138,0.19354838132858276,0.19354838132858276,0.22580644488334656,0.06451612710952759,0.12903225421905518,0.0,0.19354838132858276,0.09677419066429138,0.09677419066429138,0.06451612710952759,0.032258063554763794,0.06451612710952759,0.12903225421905518,0.032258063554763794,0.06451612710952759,0.09677419066429138,0.12903225421905518,0.032258063554763794,0.09677419066429138,0.12903225421905518,0.06451612710952759,0.19354838132858276,0.06451612710952759,0.09677419066429138,0.09677419066429138,0.06451612710952759,0.06451612710952759,0.032258063554763794,0.09677419066429138,0.12903225421905518,0.032258063554763794,0.06451612710952759,0.09677419066429138,0.032258063554763794,0.19354838132858276,0.12903225421905518,0.06451612710952759,0.032258063554763794,0.06451612710952759,0.12903225421905518,0.032258063554763794,0.09677419066429138,0.032258063554763794,0.09677419066429138,0.12903225421905518,0.032258063554763794,0.16129031777381897,0.06451612710952759,0.032258063554763794,0.06451612710952759,0.032258063554763794,0.032258063554763794,0.12903225421905518,0.09677419066429138,0.09677419066429138,0.0,0.032258063554763794,0.09677419066429138,0.06451612710952759,0.032258063554763794,0.0,0.06451612710952759,0.0,0.0,0.09677419066429138,0.032258063554763794,0.032258063554763794,0.032258063554763794,0.032258063554763794,0.09677419066429138,0.032258063554763794,0.06451612710952759,0.06451612710952759,0.0,0.0,0.0,0.09677419066429138,0.032258063554763794,0.032258063554763794,0.032258063554763794,0.0,0.032258063554763794,0.06451612710952759,0.0
0.350210964679718,0.7215189933776855,0.7088607549667358,0.649789035320282,0.6160337328910828,0.6877636909484863,0.6624472737312317,0.6413502097129822,0.7341772317886353,0.5907173156738281,0.6919831037521362,0.5907173156738281,0.7426160573959351,0.7046413421630859,0.7046413421630859,0.7257384061813354,0.6033755540847778,0.7426160573959351,0.7805907130241394,0.6160337328910828,0.6835442781448364,0.6962025165557861,0.6793248653411865,0.6371307969093323,0.700421929359436,0.8059071898460388,0.7763713002204895,0.5654008388519287,0.8016877770423889,0.7848101258277893,0.7088607549667358,0.6244725584983826,0.6666666865348816,0.7215189933776855,0.8607594966888428,0.7088607549667358,0.8354430198669434,0.6751055121421814,0.75527423620224,0.7046413421630859,0.7637130618095398,0.649789035320282,0.6708860993385315,0.8354430198669434,0.8438818454742432,0.7637130618095398,0.7594936490058899,0.7679324746131897,0.6413502097129822,0.6877636909484863,0.7299578189849854,0.7383966445922852,0.8860759735107422,0.7721518874168396,0.6582278609275818,0.7848101258277893,0.8902953863143921,0.7341772317886353,0.7848101258277893,0.852320671081543,0.8016877770423889,0.7510548233985901,0.7594936490058899,0.7426160573959351,0.9282700419425964,0.7130801677703857,0.8227847814559937,0.8734177350997925,0.8438818454742432,0.7848101258277893,0.8945147395133972,0.8143460154533386,0.8312236070632935,0.8860759735107422,0.9789029359817505,0.9240506291389465,0.8185654282569885,0.7426160573959351,0.9957805871963501,0.75527423620224,0.7932489514350891,0.852320671081543,0.7172995805740356,0.75527423620224,0.7046413421630859,0.594936728477478,0.5822784900665283,0.4683544337749481,0.5147679448127747,0.4472573697566986,0.3164556920528412,0.4345991611480713,0.3417721390724182,0.2405063360929489,0.18565401434898376,0.16033755242824554,0.16033755242824554,0.16455696523189545,0.14345991611480713,0.13924050331115723,0.0,0.13080169260501862,0.14345991611480713,0.17299577593803406,0.15611813962459564,0.15611813962459564,0.19409282505512238,0.2278480976819992,0.350210964679718,0.40928271412849426,0.3333333432674408,0.4472573697566986,0.49367088079452515,0.48945146799087524,0.5780590772628784,0.5907173156738281,0.7130801677703857,0.75527423620224,0.6962025165557861,0.8438818454742432,0.8101266026496887,0.7594936490058899,0.9746835231781006,0.7721518874168396,0.7679324746131897,0.9367088675498962,1.0,0.902953565120697,0.8227847814559937,0.8143460154533386,0.8860759735107422,0.8016877770423889,0.8270041942596436,0.8691983222961426,0.8227847814559937,0.7341772317886353,0.9198312163352966,0.7341772317886353,0.7721518874168396,0.7510548233985901,0.7805907130241394,0.8565400838851929,0.7932489514350891,0.7088607549667358,0.8945147395133972,0.8270041942596436,0.6455696225166321,0.7637130618095398,0.8945147395133972,0.7383966445922852,0.7426160573959351,0.6793248653411865,0.6455696225166321,0.7341772317886353,0.7805907130241394,0.7510548233985901,0.8565400838851929,0.8354430198669434,0.6751055121421814,0.6582278609275818,0.7510548233985901,0.7046413421630859,0.7594936490058899,0.6708860993385315,0.8438818454742432,0.6919831037521362,0.8649789094924927,0.7130801677703857,0.6962025165557861,0.6160337328910828,0.6919831037521362,0.7805907130241394,0.7932489514350891,0.5907173156738281,0.7679324746131897,0.8185654282569885,0.6962025165557861,0.6244725584983826,0.700421929359436,0.6751055121421814,0.6835442781448364,0.6244725584983826,0.7679324746131897,0.7594936490058899,0.5991561412811279,0.7299578189849854,0.6835442781448364,0.7130801677703857,0.746835470199585,0.594936728477478,0.6793248653411865,0.5991561412811279,0.7215189933776855,0.6540084481239319,0.6708860993385315,0.6624472737312317,0.6286919713020325,0.6666666865348816,0.7046413421630859,0.7215189933776855,0.3670886158943176
0.0,0.018518518656492233,0.0,0.018518518656492233,0.03703703731298447,0.03703703731298447,0.0555555559694767,0.0,0.03703703731298447,0.018518518656492233,0.0,0.07407407462596893,0.018518518656492233,0.0,0.018518518656492233,0.0,0.0,0.03703703731298447,0.018518518656492233,0.0,0.018518518656492233,0.018518518656492233,0.03703703731298447,0.0,0.03703703731298447,0.03703703731298447,0.0,0.018518518656492233,0.03703703731298447,0.018518518656492233,0.018518518656492233,0.018518518656492233,0.0555555559694767,0.0,0.018518518656492233,0.0555555559694767,0.018518518656492233,0.018518518656492233,0.018518518656492233,0.018518518656492233,0.018518518656492233,0.0,0.0,0.0,0.0,0.018518518656492233,0.03703703731298447,0.0,0.018518518656492233,0.0,0.0555555559694767,0.0,0.018518518656492233,0.0,0.018518518656492233,0.0,0.0,0.018518518656492233,0.018518518656492233,0.0,0.0,0.0,0.018518518656492233,0.0555555559694767,0.0,0.018518518656492233,0.0,0.03703703731298447,0.018518518656492233,0.0,0.018518518656492233,0.03703703731298447,0.03703703731298447,0.03703703731298447,0.07407407462596893,0.0,0.018518518656492233,0.1111111119389534,0.0555555559694767,0.0555555559694767,0.09259258955717087,0.1111111119389534,0.07407407462596893,0.14814814925193787,0.1666666716337204,0.07407407462596893,0.1111111119389534,0.20370370149612427,0.35185185074806213,0.1666666716337204,0.3888888955116272,0.40740740299224854,0.2222222238779068,0.4444444477558136,0.8148148059844971,1.0,0.8888888955116272,0.20370370149612427,0.0,0.0,0.0,0.0,0.0,0.18518517911434174,0.8888888955116272,1.0,0.8333333134651184,0.4444444477558136,0.2222222238779068,0.3888888955116272,0.40740740299224854,0.1666666716337204,0.3333333432674408,0.2222222238779068,0.1111111119389534,0.07407407462596893,0.1666666716337204,0.12962962687015533,0.09259258955717087,0.1111111119389534,0.09259258955717087,0.03703703731298447,0.07407407462596893,0.1111111119389534,0.0,0.018518518656492233,0.07407407462596893,0.03703703731298447,0.03703703731298447,0.03703703731298447,0.018518518656492233,0.0,0.018518518656492233,0.03703703731298447,0.0,0.0,0.018518518656492233,0.0555555559694767,0.018518518656492233,0.0,0.0,0.0,0.018518518656492233,0.018518518656492233,0.0,0.0,0.018518518656492233,0.0,0.018518518656492233,0.0,0.0555555559694767,0.0,0.018518518656492233,0.0,0.03703703731298447,0.018518518656492233,0.0,0.0,0.0,0.0,0.018518518656492233,0.018518518656492233,0.018518518656492233,0.018518518656492233,0.018518518656492233,0.0555555559694767,0.018518518656492233,0.0,0.0555555559694767,0.018518518656492233,0.018518518656492233,0.018518518656492233,0.03703703731298447,0.018518518656492233,0.0,0.03703703731298447,0.03703703731298447,0.0,0.03703703731298447,0.018518518656492233,0.018518518656492233,0.0,0.018518518656492233,0.03703703731298447,0.0,0.0,0.018518518656492233,0.0,0.018518518656492233,0.0555555559694767,0.018518518656492233,0.018518518656492233,0.03703703731298447,0.0,0.0555555559694767,0.03703703731298447,0.03703703731298447,0.018518518656492233,0.0,0.018518518656492233,0.0
0.13953489065170288,0.44186046719551086,0.41860464215278625,0.5581395626068115,0.5116279125213623,0.4651162922382355,0.44186046719551086,0.3255814015865326,0.4883720874786377,0.5581395626068115,0.3488371968269348,0.5116279125213623,0.39534884691238403,0.5581395626068115,0.3720930218696594,0.3720930218696594,0.3255814015865326,0.44186046719551086,0.4883720874786377,0.44186046719551086,0.604651153087616,0.41860464215278625,0.604651153087616,0.39534884691238403,0.44186046719551086,0.4651162922382355,0.44186046719551086,0.4651162922382355,0.6279069781303406,0.41860464215278625,0.4883720874786377,0.5581395626068115,0.5813953280448914,0.4883720874786377,0.302325576543808,0.4883720874786377,0.41860464215278625,0.5116279125213623,0.6511628031730652,0.3255814015865326,0.604651153087616,0.7441860437393188,0.4883720874786377,0.5348837375640869,0.5116279125213623,0.4651162922382355,0.5348837375640869,0.39534884691238403,0.6511628031730652,0.6744186282157898,0.39534884691238403,0.6279069781303406,0.604651153087616,0.604651153087616,0.39534884691238403,0.41860464215278625,0.4651162922382355,0.6279069781303406,0.5116279125213623,0.4883720874786377,0.6279069781303406,0.6511628031730652,0.4651162922382355,0.5813953280448914,0.6279069781303406,0.4883720874786377,0.6511628031730652,0.8604651093482971,0.5581395626068115,0.5348837375640869,0.5581395626068115,0.6511628031730652,0.3488371968269348,0.5116279125213623,0.5813953280448914,0.5116279125213623,0.5116279125213623,0.7441860437393188,0.7209302186965942,0.7674418687820435,0.7906976938247681,0.6976743936538696,0.5581395626068115,0.5116279125213623,0.5581395626068115,0.7209302186965942,0.5813953280448914,0.8372092843055725,0.6279069781303406,1.0,0.7209302186965942,0.5581395626068115,0.7209302186965942,0.7674418687820435,0.7906976938247681,0.4883720874786377,0.1860465109348297,0.0,0.0,0.0,0.0,0.0,0.0,0.0,0.1860465109348297,0.4883720874786377,0.7441860437393188,0.8139534592628479,0.7209302186965942,0.5116279125213623,0.7674418687820435,1.0,0.6279069781303406,0.8372092843055725,0.5581395626068115,0.7441860437393188,0.5581395626068115,0.5116279125213623,0.5581395626068115,0.6511628031730652,0.7906976938247681,0.7906976938247681,0.6976743936538696,0.7441860437393188,0.5348837375640869,0.5116279125213623,0.5813953280448914,0.5348837375640869,0.3488371968269348,0.6279069781303406,0.5813953280448914,0.5116279125213623,0.5581395626068115,0.8604651093482971,0.6511628031730652,0.44186046719551086,0.6976743936538696,0.5813953280448914,0.41860464215278625,0.6976743936538696,0.5581395626068115,0.5116279125213623,0.5348837375640869,0.6279069781303406,0.4883720874786377,0.39534884691238403,0.41860464215278625,0.5813953280448914,0.6279069781303406,0.604651153087616,0.41860464215278625,0.6511628031730652,0.6511628031730652,0.41860464215278625,0.5348837375640869,0.4651162922382355,0.4883720874786377,0.5348837375640869,0.4883720874786377,0.6976743936538696,0.6511628031730652,0.3255814015865326,0.6511628031730652,0.5116279125213623,0.41860464215278625,0.4651162922382355,0.3255814015865326,0.5116279125213623,0.5581395626068115,0.5581395626068115,0.5116279125213623,0.3720930218696594,0.6744186282157898,0.44186046719551086,0.4651162922382355,0.4651162922382355,0.39534884691238403,0.44186046719551086,0.5813953280448914,0.39534884691238403,0.6279069781303406,0.4651162922382355,0.4883720874786377,0.44186046719551086,0.3255814015865326,0.3720930218696594,0.3720930218696594,0.5116279125213623,0.41860464215278625,0.5348837375640869,0.3488371968269348,0.5348837375640869,0.4883720874786377,0.3488371968269348,0.41860464215278625,0.44186046719551086,0.5348837375640869,0.5581395626068115,0.41860464215278625,0.44186046719551086,0.1627907007932663
0.3333333432674408,0.1666666716337204,0.5,0.0,0.6666666865348816,0.3333333432674408,0.1666666716337204,0.3333333432674408,0.8333333134651184,0.6666666865348816,0.6666666865348816,0.6666666865348816,0.3333333432674408,0.0,0.6666666865348816,0.5,0.1666666716337204,0.3333333432674408,0.5,0.6666666865348816,0.5,0.1666666716337204,0.0,0.0,0.8333333134651184,0.6666666865348816,0.3333333432674408,0.1666666716337204,0.0,0.1666666716337204,0.0,1.0,0.5,0.1666666716337204,0.3333333432674408,0.6666666865348816,0.0,0.3333333432674408,0.6666666865348816,0.5,0.5,0.5,0.1666666716337204,0.3333333432674408,0.0,0.1666666716337204,0.0,0.5,0.6666666865348816,0.5,0.0,0.3333333432674408,0.1666666716337204,0.1666666716337204,0.0,0.1666666716337204,0.3333333432674408,0.3333333432674408,0.3333333432674408,0.3333333432674408,0.1666666716337204,0.0,0.1666666716337204,0.5,0.1666666716337204,0.0,0.5,0.1666666716337204,0.0,0.0,0.1666666716337204,0.1666666716337204,0.3333333432674408,0.0,0.1666666716337204,0.1666666716337204,0.0,0.0,0.1666666716337204,0.1666666716337204,0.3333333432674408,0.0,0.5,0.0,0.5,0.1666666716337204,0.0,0.0,0.3333333432674408,0.1666666716337204,0.0,0.1666666716337204,0.3333333432674408,0.1666666716337204,0.3333333432674408,0.3333333432674408,0.6666666865348816,0.0,0.0,0.0,0.0,0.0,0.0,0.0,0.6666666865348816,0.1666666716337204,0.5,0.1666666716337204,0.3333333432674408,0.1666666716337204,0.0,0.1666666716337204,0.3333333432674408,0.0,0.0,0.1666666716337204,0.5,0.0,0.5,0.0,0.1666666716337204,0.3333333432674408,0.1666666716337204,0.0,0.0,0.1666666716337204,0.1666666716337204,0.0,0.3333333432674408,0.1666666716337204,0.1666666716337204,0.0,0.0,0.1666666716337204,0.5,0.0,0.1666666716337204,0.5,0.1666666716337204,0.0,0.1666666716337204,0.3333333432674408,0.3333333432674408,0.3333333432674408,0.3333333432674408,0.1666666716337204,0.0,0.1666666716337204,0.1666666716337204,0.3333333432674408,0.0,0.5,0.6666666865348816,0.5,0.0,0.1666666716337204,0.0,0.3333333432674408,0.1666666716337204,0.5,0.5,0.5,0.6666666865348816,0.3333333432674408,0.0,0.6666666865348816,0.3333333432674408,0.1666666716337204,0.5,1.0,0.0,0.1666666716337204,0.0,0.1666666716337204,0.3333333432674408,0.6666666865348816,0.8333333134651184,0.0,0.0,0.1666666716337204,0.3333333432674408,0.8333333134651184,0.5,0.3333333432674408,0.1666666716337204,0.5,0.6666666865348816,0.0,0.3333333432674408,0.6666666865348816,0.6666666865348816,0.6666666865348816,0.8333333134651184,0.3333333432674408,0.1666666716337204,0.3333333432674408,0.6666666865348816,0.0,0.5,0.1666666716337204,0.3333333432674408
0.4928571283817291,0.75,0.9214285612106323,0.9214285612106323,0.9178571701049805,0.8785714507102966,0.8785714507102966,0.8964285850524902,0.9857142567634583,0.8678571581840515,0.9178571701049805,0.9035714268684387,0.9464285969734192,0.9357143044471741,0.8571428656578064,0.8857142925262451,0.949999988079071,0.9785714149475098,0.8142856955528259,0.8892857432365417,0.8571428656578064,0.9821428656578064,0.949999988079071,0.9214285612106323,0.8785714507102966,0.949999988079071,0.949999988079071,0.8785714507102966,0.8107143044471741,0.8285714387893677,0.8857142925262451,0.8464285731315613,0.9928571581840515,0.925000011920929,0.8357142806053162,0.8892857432365417,0.800000011920929,0.8964285850524902,0.8464285731315613,0.8678571581840515,0.8535714149475098,0.7785714268684387,0.8107143044471741,0.9642857313156128,0.9107142686843872,0.9142857193946838,0.7892857193946838,0.8035714030265808,0.800000011920929,0.8607142567634583,0.8821428418159485,0.824999988079071,0.7964285612106323,0.8607142567634583,0.7214285731315613,0.75,0.7321428656578064,0.7071428298950195,0.7464285492897034,0.7749999761581421,0.800000011920929,0.7392857074737549,0.8321428298950195,0.7035714387893677,0.6785714030265808,0.7464285492897034,0.7142857313156128,0.5785714387893677,0.6535714268684387,0.6571428775787354,0.6392857432365417,0.6892856955528259,0.6964285969734192,0.6714285612106323,0.6892856955528259,0.699999988079071,0.6357142925262451,0.7535714507102966,0.6321428418159485,0.625,0.5857142806053162,0.6535714268684387,0.6607142686843872,0.6000000238418579,0.5178571343421936,0.5892857313156128,0.5571428537368774,0.6071428656578064,0.5071428418159485,0.5035714507102966,0.5142857432365417,0.5071428418159485,0.4357142746448517,0.4535714387893677,0.5,0.4000000059604645,0.17142857611179352,0.0035714285913854837,0.0,0.0,0.0,0.0,0.0,0.0035714285913854837,0.15000000596046448,0.4000000059604645,0.5142857432365417,0.4392857253551483,0.44285714626312256,0.5178571343421936,0.5142857432365417,0.5,0.5142857432365417,0.5857142806053162,0.5607143044471741,0.574999988079071,0.5464285612106323,0.5964285731315613,0.6642857193946838,0.6357142925262451,0.5857142806053162,0.6321428418159485,0.6178571581840515,0.7535714507102966,0.6428571343421936,0.7035714387893677,0.6821428537368774,0.6642857193946838,0.7107142806053162,0.6928571462631226,0.6357142925262451,0.6464285850524902,0.6499999761581421,0.5892857313156128,0.7071428298950195,0.7464285492897034,0.7035714387893677,0.6928571462631226,0.8178571462631226,0.7428571581840515,0.7928571701049805,0.7749999761581421,0.7214285731315613,0.7428571581840515,0.7178571224212646,0.7714285850524902,0.7214285731315613,0.8464285731315613,0.8142856955528259,0.800000011920929,0.8928571343421936,0.8607142567634583,0.7821428775787354,0.8071428537368774,0.7857142686843872,0.9178571701049805,0.9178571701049805,0.9714285731315613,0.8071428537368774,0.7821428775787354,0.8571428656578064,0.8821428418159485,0.8142856955528259,0.9071428775787354,0.8142856955528259,0.8857142925262451,0.8428571224212646,0.9071428775787354,0.9928571581840515,0.8464285731315613,0.8928571343421936,0.8107143044471741,0.8321428298950195,0.8642857074737549,0.9678571224212646,0.9535714387893677,0.875,0.9142857193946838,0.9392856955528259,0.9892857074737549,0.8321428298950195,0.8964285850524902,0.8285714387893677,0.9785714149475098,0.9571428298950195,0.875,0.8714285492897034,0.9428571462631226,0.9142857193946838,0.9071428775787354,0.9285714030265808,0.8392857313156128,1.0,0.9071428775787354,0.8821428418159485,0.8785714507102966,0.8999999761581421,0.9535714387893677,0.9071428775787354,0.7535714507102966,0.5178571343421936
0.0,0.0625,0.03125,0.0625,0.0625,0.0625,0.03125,0.0,0.0625,0.09375,0.0625,0.0,0.09375,0.03125,0.0625,0.03125,0.0,0.0,0.0,0.1875,0.0625,0.03125,0.0,0.03125,0.03125,0.09375,0.03125,0.0625,0.03125,0.03125,0.0,0.0625,0.0,0.03125,0.125,0.0625,0.0,0.0625,0.0,0.0,0.15625,0.03125,0.09375,0.03125,0.03125,0.03125,0.0,0.0625,0.0,0.03125,0.0625,0.09375,0.09375,0.0625,0.0625,0.0625,0.09375,0.0625,0.125,0.09375,0.125,0.09375,0.03125,0.03125,0.09375,0.125,0.03125,0.03125,0.03125,0.09375,0.0625,0.0,0.125,0.03125,0.09375,0.0625,0.0625,0.125,0.0625,0.0,0.1875,0.03125,0.15625,0.09375,0.28125,0.0625,0.0625,0.1875,0.3125,0.40625,0.1875,0.25,0.25,0.5,0.75,0.875,0.75,0.25,0.0,0.03125,0.0,0.03125,0.0,0.21875,0.65625,1.0,0.71875,0.5,0.25,0.28125,0.1875,0.40625,0.3125,0.15625,0.09375,0.0625,0.25,0.125,0.15625,0.03125,0.1875,0.0,0.0625,0.125,0.0625,0.0625,0.09375,0.03125,0.125,0.0,0.0625,0.09375,0.03125,0.03125,0.03125,0.125,0.09375,0.03125,0.03125,0.0625,0.15625,0.09375,0.125,0.0625,0.09375,0.0625,0.0625,0.0625,0.09375,0.09375,0.0625,0.03125,0.0,0.0625,0.0,0.03125,0.03125,0.03125,0.09375,0.03125,0.15625,0.0,0.0,0.0625,0.0,0.0625,0.125,0.03125,0.0,0.0625,0.0,0.03125,0.03125,0.0625,0.03125,0.09375,0.03125,0.03125,0.0,0.03125,0.0625,0.15625,0.03125,0.0,0.0,0.03125,0.03125,0.0625,0.09375,0.0,0.0625,0.09375,0.0625,0.0,0.03125,0.03125,0.09375,0.0625,0.03125,0.0625,0.0
0.30288460850715637,0.6586538553237915,0.6538461446762085,0.6057692170143127,0.7788461446762085,0.75,0.7019230723381042,0.567307710647583,0.6346153616905212,0.6394230723381042,0.6442307829856873,0.6346153616905212,0.7163461446762085,0.6778846383094788,0.6442307829856873,0.6971153616905212,0.7067307829856873,0.6586538553237915,0.75,0.6634615659713745,0.6875,0.6875,0.7788461446762085,0.6586538553237915,0.7259615659713745,0.7307692170143127,0.6730769276618958,0.6346153616905212,0.7307692170143127,0.6490384340286255,0.8317307829856873,0.6730769276618958,0.6490384340286255,0.807692289352417,0.8125,0.5625,0.7067307829856873,0.7355769276618958,0.6538461446762085,0.7980769276618958,0.6971153616905212,0.682692289352417,0.7115384340286255,0.6394230723381042,0.8125,0.7836538553237915,0.7355769276618958,0.6971153616905212,0.745192289352417,0.7067307829856873,0.692307710647583,0.8509615659713745,0.75,0.7596153616905212,0.6778846383094788,0.754807710647583,0.745192289352417,0.7740384340286255,0.7403846383094788,0.6682692170143127,0.8461538553237915,0.7932692170143127,0.7740384340286255,0.8317307829856873,0.8942307829856873,0.8317307829856873,0.8894230723381042,0.8605769276618958,0.9615384340286255,0.7740384340286255,0.8653846383094788,0.8653846383094788,1.0,0.8365384340286255,0.9567307829856873,0.8028846383094788,0.7692307829856873,0.7644230723381042,0.8317307829856873,0.8269230723381042,0.745192289352417,0.692307710647583,0.629807710647583,0.567307710647583,0.5769230723381042,0.5865384340286255,0.5336538553237915,0.375,0.3076923191547394,0.32692307233810425,0.3509615361690521,0.25961539149284363,0.14903846383094788,0.11538461595773697,0.10576923191547394,0.08173076808452606,0.05288461595773697,0.057692307978868484,0.08173076808452606,0.048076923936605453,0.0,0.04326923191547394,0.08173076808452606,0.057692307978868484,0.057692307978868484,0.08173076808452606,0.09615384787321091,0.12019230425357819,0.1538461595773697,0.24038460850715637,0.36057692766189575,0.3173076808452606,0.30288460850715637,0.38942307233810425,0.504807710647583,0.5961538553237915,0.5865384340286255,0.567307710647583,0.6442307829856873,0.682692289352417,0.75,0.817307710647583,0.8125,0.7884615659713745,0.754807710647583,0.8028846383094788,0.9567307829856873,0.8509615659713745,0.9855769276618958,0.8557692170143127,0.8653846383094788,0.7932692170143127,0.9711538553237915,0.8269230723381042,0.8990384340286255,0.8413461446762085,0.8990384340286255,0.817307710647583,0.7692307829856873,0.8269230723381042,0.817307710647583,0.682692289352417,0.7211538553237915,0.7740384340286255,0.7403846383094788,0.7932692170143127,0.6778846383094788,0.7355769276618958,0.745192289352417,0.8557692170143127,0.7115384340286255,0.7019230723381042,0.7403846383094788,0.7019230723381042,0.7307692170143127,0.7884615659713745,0.8028846383094788,0.6490384340286255,0.7019230723381042,0.682692289352417,0.7067307829856873,0.7980769276618958,0.629807710647583,0.75,0.7115384340286255,0.5721153616905212,0.7932692170143127,0.8125,0.6586538553237915,0.6682692170143127,0.8365384340286255,0.6538461446762085,0.7211538553237915,0.625,0.6730769276618958,0.75,0.7115384340286255,0.6634615659713745,0.7692307829856873,0.7067307829856873,0.6778846383094788,0.6634615659713745,0.7259615659713745,0.692307710647583,0.7067307829856873,0.7067307829856873,0.6153846383094788,0.6971153616905212,0.7019230723381042,0.6394230723381042,0.629807710647583,0.6442307829856873,0.6538461446762085,0.5769230723381042,0.6875,0.7211538553237915,0.8125,0.5961538553237915,0.6490384340286255,0.6586538553237915,0.32692307233810425
0.25,0.75,0.5,0.5833333134651184,0.4166666567325592,0.4166666567325592,0.4166666567325592,0.3333333432674408,0.25,0.25,0.5,0.3333333432674408,0.5833333134651184,0.5,0.5833333134651184,0.5,0.6666666865348816,0.5833333134651184,0.5833333134651184,0.5833333134651184,0.5,0.5,0.6666666865348816,0.5833333134651184,0.3333333432674408,0.5833333134651184,0.9166666865348816,0.75,0.5,0.75,0.4166666567325592,0.5833333134651184,0.6666666865348816,0.4166666567325592,0.3333333432674408,0.1666666716337204,0.25,0.25,0.4166666567325592,0.5,0.3333333432674408,0.25,0.3333333432674408,0.8333333134651184,0.5,0.8333333134651184,0.5833333134651184,0.4166666567325592,0.25,0.5833333134651184,0.3333333432674408,0.4166666567325592,0.6666666865348816,0.6666666865348816,0.4166666567325592,0.5,0.3333333432674408,1.0,0.3333333432674408,0.9166666865348816,0.4166666567325592,0.5,0.5,0.5833333134651184,0.25,0.5,0.5833333134651184,0.5833333134651184,0.4166666567325592,0.3333333432674408,0.5833333134651184,0.25,0.6666666865348816,0.75,0.1666666716337204,0.1666666716337204,0.0,0.3333333432674408,0.5,0.5,0.5,0.25,0.5833333134651184,0.4166666567325592,0.3333333432674408,0.1666666716337204,0.4166666567325592,0.25,0.75,0.25,0.0833333358168602,0.8333333134651184,0.5833333134651184,0.0833333358168602,0.1666666716337204,0.0,0.0,0.0,0.0,0.0,0.0,0.0,0.0,0.0,0.0,0.0,0.1666666716337204,0.0833333358168602,0.5833333134651184,0.8333333134651184,0.0833333358168602,0.25,0.6666666865348816,0.3333333432674408,0.3333333432674408,0.25,0.3333333432674408,0.3333333432674408,0.6666666865348816,0.25,0.5,0.4166666567325592,0.5833333134651184,0.3333333432674408,0.0,0.1666666716337204,0.1666666716337204,0.6666666865348816,0.75,0.25,0.5833333134651184,0.3333333432674408,0.4166666567325592,0.4166666567325592,0.75,0.5,0.25,0.5833333134651184,0.5,0.5,0.4166666567325592,0.8333333134651184,0.3333333432674408,0.9166666865348816,0.5,0.5,0.4166666567325592,0.6666666865348816,0.6666666865348816,0.4166666567325592,0.3333333432674408,0.5,0.3333333432674408,0.4166666567325592,0.5833333134651184,0.75,0.5833333134651184,0.6666666865348816,0.5,0.25,0.3333333432674408,0.5,0.4166666567325592,0.25,0.25,0.1666666716337204,0.3333333432674408,0.4166666567325592,0.6666666865348816,0.5833333134651184,0.4166666567325592,0.75,0.5,0.75,0.9166666865348816,0.5,0.4166666567325592,0.5833333134651184,0.5833333134651184,0.5833333134651184,0.5,0.5,0.6666666865348816,0.5833333134651184,0.6666666865348816,0.5,0.5833333134651184,0.5,0.5,0.4166666567325592,0.5,0.25,0.1666666716337204,0.4166666567325592,0.4166666567325592,0.4166666567325592,0.4166666567325592,0.5833333134651184,0.5,0.75,0.25
0.3076923191547394,0.7307692170143127,0.5384615659713745,0.5,0.6538461446762085,0.7692307829856873,0.4615384638309479,0.7692307829856873,0.6153846383094788,0.6538461446762085,0.7692307829856873,0.23076923191547394,0.6538461446762085,0.5,0.42307692766189575,0.692307710647583,0.38461539149284363,0.4615384638309479,0.6153846383094788,0.7692307829856873,0.6538461446762085,0.6153846383094788,0.5769230723381042,0.6538461446762085,0.3461538553237915,0.3461538553237915,0.42307692766189575,0.5384615659713745,0.42307692766189575,0.5,0.5769230723381042,0.5384615659713745,0.38461539149284363,0.807692289352417,0.42307692766189575,0.7307692170143127,0.692307710647583,0.6538461446762085,0.5384615659713745,0.6538461446762085,0.4615384638309479,0.38461539149284363,0.4615384638309479,0.42307692766189575,0.6153846383094788,0.7692307829856873,0.7307692170143127,0.6153846383094788,0.5,0.5769230723381042,0.5,0.5,0.5,0.5384615659713745,0.807692289352417,0.3461538553237915,0.5384615659713745,0.6538461446762085,0.5,0.5384615659713745,0.23076923191547394,0.6538461446762085,0.5769230723381042,0.7307692170143127,0.38461539149284363,0.42307692766189575,0.42307692766189575,0.6153846383094788,0.5,0.4615384638309479,0.5,0.5769230723381042,0.38461539149284363,0.9615384340286255,0.5769230723381042,0.42307692766189575,0.6153846383094788,0.38461539149284363,0.42307692766189575,0.42307692766189575,0.7692307829856873,0.38461539149284363,0.3461538553237915,0.42307692766189575,0.692307710647583,0.3076923191547394,0.692307710647583,0.8846153616905212,0.5769230723381042,0.7692307829856873,0.5,0.26923078298568726,0.5,0.5,0.42307692766189575,0.42307692766189575,0.07692307978868484,0.07692307978868484,0.19230769574642181,0.11538461595773697,0.0,0.11538461595773697,0.19230769574642181,0.07692307978868484,0.07692307978868484,0.42307692766189575,0.42307692766189575,0.4615384638309479,0.5384615659713745,0.26923078298568726,0.5,0.7692307829856873,0.5384615659713745,0.9230769276618958,0.6538461446762085,0.3461538553237915,0.6538461446762085,0.4615384638309479,0.3076923191547394,0.38461539149284363,0.7692307829856873,0.42307692766189575,0.42307692766189575,0.42307692766189575,0.6153846383094788,0.42307692766189575,0.5384615659713745,1.0,0.3461538553237915,0.6153846383094788,0.5,0.4615384638309479,0.5,0.6153846383094788,0.38461539149284363,0.4615384638309479,0.38461539149284363,0.7307692170143127,0.5769230723381042,0.6538461446762085,0.23076923191547394,0.5384615659713745,0.5,0.6538461446762085,0.5,0.38461539149284363,0.807692289352417,0.5,0.5,0.5384615659713745,0.5,0.5,0.5769230723381042,0.5769230723381042,0.7692307829856873,0.7307692170143127,0.6153846383094788,0.4615384638309479,0.4615384638309479,0.38461539149284363,0.42307692766189575,0.692307710647583,0.5384615659713745,0.5769230723381042,0.692307710647583,0.7692307829856873,0.4615384638309479,0.7692307829856873,0.42307692766189575,0.5,0.6153846383094788,0.5,0.42307692766189575,0.5384615659713745,0.3461538553237915,0.42307692766189575,0.3461538553237915,0.5769230723381042,0.6153846383094788,0.6538461446762085,0.6153846383094788,0.807692289352417,0.6153846383094788,0.4615384638309479,0.3076923191547394,0.7692307829856873,0.42307692766189575,0.5,0.6538461446762085,0.23076923191547394,0.692307710647583,0.692307710647583,0.6538461446762085,0.7692307829856873,0.4615384638309479,0.7692307829856873,0.6538461446762085,0.5,0.5,0.7692307829856873,0.3076923191547394
0.2874999940395355,0.7875000238418579,0.612500011920929,0.637499988079071,0.7749999761581421,0.625,0.6875,0.6875,0.550000011920929,0.7124999761581421,0.75,0.6625000238418579,0.737500011920929,0.75,0.5625,0.737500011920929,0.5249999761581421,0.612500011920929,1.0,0.762499988079071,0.675000011920929,0.5625,0.824999988079071,0.5249999761581421,0.612500011920929,0.675000011920929,0.737500011920929,0.512499988079071,0.5874999761581421,0.862500011920929,0.6875,0.6875,0.737500011920929,0.7250000238418579,0.5625,0.637499988079071,0.6625000238418579,0.612500011920929,0.512499988079071,0.699999988079071,0.5,0.5625,0.48750001192092896,0.5249999761581421,0.5625,0.6000000238418579,0.4375,0.4124999940395355,0.3499999940395355,0.6875,0.5625,0.512499988079071,0.5625,0.612500011920929,0.5,0.6625000238418579,0.5249999761581421,0.5625,0.512499988079071,0.5625,0.375,0.5375000238418579,0.4124999940395355,0.550000011920929,0.42500001192092896,0.48750001192092896,0.5,0.4625000059604645,0.38749998807907104,0.44999998807907104,0.5249999761581421,0.512499988079071,0.6000000238418579,0.574999988079071,0.5375000238418579,0.4749999940395355,0.4749999940395355,0.512499988079071,0.512499988079071,0.44999998807907104,0.38749998807907104,0.44999998807907104,0.375,0.4375,0.4375,0.3499999940395355,0.4000000059604645,0.36250001192092896,0.38749998807907104,0.42500001192092896,0.22499999403953552,0.23749999701976776,0.1875,0.10000000149011612,0.05000000074505806,0.08749999850988388,0.03750000149011612,0.012500000186264515,0.05000000074505806,0.03750000149011612,0.0,0.03750000149011612,0.05000000074505806,0.012500000186264515,0.03750000149011612,0.08749999850988388,0.05000000074505806,0.10000000149011612,0.1875,0.23749999701976776,0.21250000596046448,0.4124999940395355,0.38749998807907104,0.38749998807907104,0.375,0.36250001192092896,0.4375,0.44999998807907104,0.3499999940395355,0.4749999940395355,0.38749998807907104,0.42500001192092896,0.5375000238418579,0.512499988079071,0.4375,0.5,0.5375000238418579,0.5874999761581421,0.5375000238418579,0.574999988079071,0.512499988079071,0.42500001192092896,0.42500001192092896,0.4375,0.5249999761581421,0.44999998807907104,0.4375,0.574999988079071,0.4000000059604645,0.5375000238418579,0.38749998807907104,0.5375000238418579,0.5249999761581421,0.5625,0.512499988079071,0.675000011920929,0.512499988079071,0.612500011920929,0.550000011920929,0.512499988079071,0.574999988079071,0.6625000238418579,0.3499999940395355,0.38749998807907104,0.4625000059604645,0.625,0.550000011920929,0.5375000238418579,0.48750001192092896,0.5249999761581421,0.5249999761581421,0.6875,0.512499988079071,0.612500011920929,0.6625000238418579,0.6625000238418579,0.5375000238418579,0.7250000238418579,0.737500011920929,0.699999988079071,0.6625000238418579,0.875,0.5874999761581421,0.5375000238418579,0.737500011920929,0.6625000238418579,0.550000011920929,0.574999988079071,0.8374999761581421,0.550000011920929,0.6875,0.75,0.9750000238418579,0.625,0.5375000238418579,0.7250000238418579,0.574999988079071,0.762499988079071,0.737500011920929,0.6625000238418579,0.75,0.675000011920929,0.6000000238418579,0.6499999761581421,0.7124999761581421,0.5874999761581421,0.7875000238418579,0.637499988079071,0.612500011920929,0.8125,0.30000001192092896
0.3333333432674408,0.739130437374115,0.6666666865348816,1.0,0.695652186870575,0.7101449370384216,0.782608687877655,0.7536231875419617,0.7246376872062683,0.7971014380455017,0.7101449370384216,0.8550724387168884,0.782608687877655,0.6231883764266968,0.7101449370384216,0.6231883764266968,0.7246376872062683,0.8550724387168884,0.6231883764266968,0.5362318754196167,0.8405796885490417,0.782608687877655,0.739130437374115,0.695652186870575,0.8115941882133484,0.8985507488250732,0.6231883764266968,0.7681159377098083,0.695652186870575,0.8550724387168884,0.7681159377098083,0.739130437374115,0.7971014380455017,0.6811594367027283,0.6811594367027283,0.8405796885490417,0.8985507488250732,0.7536231875419617,0.9130434989929199,0.6521739363670349,0.8115941882133484,0.7971014380455017,0.8115941882133484,1.0,0.7681159377098083,0.8260869383811951,0.695652186870575,0.9130434989929199,0.6376811861991882,0.782608687877655,0.8260869383811951,0.6231883764266968,0.5942028760910034,0.6521739363670349,0.7971014380455017,0.7246376872062683,0.5942028760910034,0.8260869383811951,0.739130437374115,0.5797101259231567,0.7971014380455017,0.8840579986572266,0.6811594367027283,0.6376811861991882,0.7536231875419617,0.7101449370384216,0.739130437374115,0.8260869383811951,0.6521739363670349,0.7536231875419617,0.739130437374115,0.6231883764266968,0.8985507488250732,0.8260869383811951,0.739130437374115,0.782608687877655,0.6811594367027283,0.95652174949646,0.7101449370384216,0.8260869383811951,0.8115941882133484,0.695652186870575,0.8695651888847351,0.6231883764266968,0.8260869383811951,0.6231883764266968,0.739130437374115,0.6811594367027283,0.695652186870575,0.7681159377098083,0.47826087474823,0.3913043439388275,0.36231884360313416,0.3333333432674408,0.07246376574039459,0.028985507786273956,0.014492753893136978,0.0,0.014492753893136978,0.014492753893136978,0.0,0.014492753893136978,0.014492753893136978,0.0,0.014492753893136978,0.028985507786273956,0.07246376574039459,0.3333333432674408,0.36231884360313416,0.3913043439388275,0.43478259444236755,0.782608687877655,0.695652186870575,0.695652186870575,0.7246376872062683,0.5797101259231567,0.8840579986572266,0.6231883764266968,0.8405796885490417,0.7246376872062683,0.782608687877655,0.8260869383811951,0.7246376872062683,0.95652174949646,0.6666666865348816,0.8115941882133484,0.7536231875419617,0.8260869383811951,0.8985507488250732,0.6086956262588501,0.739130437374115,0.7246376872062683,0.695652186870575,0.8115941882133484,0.695652186870575,0.739130437374115,0.782608687877655,0.6376811861991882,0.6666666865348816,0.8840579986572266,0.8115941882133484,0.5652173757553101,0.739130437374115,0.7681159377098083,0.6376811861991882,0.7246376872062683,0.8115941882133484,0.6376811861991882,0.6086956262588501,0.6376811861991882,0.8115941882133484,0.739130437374115,0.695652186870575,0.8985507488250732,0.7101449370384216,0.7681159377098083,0.7971014380455017,0.9855072498321533,0.8405796885490417,0.782608687877655,0.8260869383811951,0.6376811861991882,0.8695651888847351,0.8115941882133484,0.8550724387168884,0.8840579986572266,0.695652186870575,0.6811594367027283,0.782608687877655,0.695652186870575,0.7971014380455017,0.8840579986572266,0.6666666865348816,0.739130437374115,0.6376811861991882,0.8985507488250732,0.8405796885490417,0.6521739363670349,0.7681159377098083,0.7681159377098083,0.8115941882133484,0.6086956262588501,0.6086956262588501,0.8115941882133484,0.739130437374115,0.6521739363670349,0.6811594367027283,0.6521739363670349,0.7971014380455017,0.8115941882133484,0.7536231875419617,0.782608687877655,0.7101449370384216,0.7536231875419617,0.8115941882133484,0.6811594367027283,0.7101449370384216,1.0,0.6521739363670349,0.739130437374115,0.36231884360313416
0.0,0.043478261679410934,0.0,0.08695652335882187,0.0,0.17391304671764374,0.0,0.0,0.043478261679410934,0.08695652335882187,0.043478261679410934,0.0,0.08695652335882187,0.08695652335882187,0.08695652335882187,0.043478261679410934,0.0,0.043478261679410934,0.08695652335882187,0.1304347813129425,0.043478261679410934,0.0,0.043478261679410934,0.08695652335882187,0.08695652335882187,0.0,0.043478261679410934,0.043478261679410934,0.0,0.043478261679410934,0.1304347813129425,0.043478261679410934,0.0,0.043478261679410934,0.0,0.0,0.0,0.0,0.043478261679410934,0.1304347813129425,0.0,0.043478261679410934,0.043478261679410934,0.0,0.0,0.17391304671764374,0.0,0.08695652335882187,0.043478261679410934,0.08695652335882187,0.1304347813129425,0.043478261679410934,0.1304347813129425,0.08695652335882187,0.0,0.0,0.043478261679410934,0.08695652335882187,0.260869562625885,0.08695652335882187,0.0,0.21739129722118378,0.17391304671764374,0.08695652335882187,0.08695652335882187,0.043478261679410934,0.043478261679410934,0.08695652335882187,0.260869562625885,0.08695652335882187,0.08695652335882187,0.043478261679410934,0.043478261679410934,0.08695652335882187,0.08695652335882187,0.08695652335882187,0.0,0.21739129722118378,0.08695652335882187,0.21739129722118378,0.08695652335882187,0.17391304671764374,0.08695652335882187,0.043478261679410934,0.08695652335882187,0.17391304671764374,0.3478260934352875,0.08695652335882187,0.260869562625885,0.21739129722118378,0.260869562625885,0.30434781312942505,0.21739129722118378,0.260869562625885,0.43478259444236755,0.95652174949646,0.95652174949646,0.17391304671764374,0.0,0.0,0.0,0.0,0.0,0.1304347813129425,1.0,0.95652174949646,0.43478259444236755,0.21739129722118378,0.260869562625885,0.30434781312942505,0.260869562625885,0.21739129722118378,0.260869562625885,0.08695652335882187,0.30434781312942505,0.21739129722118378,0.08695652335882187,0.043478261679410934,0.08695652335882187,0.17391304671764374,0.08695652335882187,0.21739129722118378,0.08695652335882187,0.21739129722118378,0.0,0.08695652335882187,0.08695652335882187,0.08695652335882187,0.043478261679410934,0.043478261679410934,0.08695652335882187,0.08695652335882187,0.260869562625885,0.08695652335882187,0.043478261679410934,0.043478261679410934,0.08695652335882187,0.08695652335882187,0.17391304671764374,0.21739129722118378,0.0,0.08695652335882187,0.21739129722118378,0.1304347813129425,0.043478261679410934,0.0,0.0,0.08695652335882187,0.1304347813129425,0.043478261679410934,0.1304347813129425,0.08695652335882187,0.043478261679410934,0.043478261679410934,0.043478261679410934,0.17391304671764374,0.0,0.0,0.043478261679410934,0.043478261679410934,0.0,0.1304347813129425,0.043478261679410934,0.0,0.0,0.0,0.0,0.043478261679410934,0.0,0.043478261679410934,0.1304347813129425,0.043478261679410934,0.0,0.043478261679410934,0.043478261679410934,0.0,0.08695652335882187,0.08695652335882187,0.043478261679410934,0.0,0.043478261679410934,0.1304347813129425,0.08695652335882187,0.0,0.043478261679410934,0.043478261679410934,0.08695652335882187,0.08695652335882187,0.08695652335882187,0.0,0.043478261679410934,0.08695652335882187,0.043478261679410934,0.0,0.0,0.17391304671764374,0.0,0.08695652335882187,0.0,0.043478261679410934,0.0
0.0,0.8571428656578064,0.3333333432674408,0.523809552192688,0.190476194024086,0.3333333432674408,0.6666666865348816,0.5714285969734192,0.2857142984867096,0.7142857313156128,0.4761904776096344,0.380952388048172,0.380952388048172,0.4285714328289032,0.523809552192688,0.4285714328289032,0.4761904776096344,0.2380952388048172,0.5714285969734192,0.4285714328289032,0.6190476417541504,0.523809552192688,0.4761904776096344,0.3333333432674408,0.523809552192688,0.380952388048172,0.4761904776096344,0.380952388048172,0.5714285969734192,0.3333333432674408,0.4285714328289032,0.761904776096344,0.523809552192688,0.4761904776096344,0.380952388048172,0.2857142984867096,0.3333333432674408,0.4285714328289032,0.4761904776096344,0.4285714328289032,0.3333333432674408,0.523809552192688,0.190476194024086,0.4285714328289032,0.3333333432674408,0.761904776096344,0.5714285969734192,0.4285714328289032,0.380952388048172,0.380952388048172,0.4285714328289032,0.4761904776096344,0.3333333432674408,0.2857142984867096,0.380952388048172,0.4761904776096344,0.5714285969734192,0.380952388048172,0.6190476417541504,0.3333333432674408,0.4761904776096344,0.2380952388048172,0.523809552192688,0.523809552192688,0.2857142984867096,0.6190476417541504,0.380952388048172,0.523809552192688,0.3333333432674408,0.2857142984867096,0.380952388048172,0.523809552192688,0.3333333432674408,0.380952388048172,0.523809552192688,0.6666666865348816,0.4285714328289032,0.3333333432674408,0.523809552192688,0.380952388048172,0.2857142984867096,0.3333333432674408,0.3333333432674408,0.8571428656578064,0.4285714328289032,0.7142857313156128,0.6190476417541504,0.5714285969734192,0.523809552192688,0.8095238208770752,0.8571428656578064,0.9047619104385376,0.5714285969734192,1.0,0.3333333432674408,0.5714285969734192,0.3333333432674408,0.0476190485060215,0.190476194024086,0.0476190485060215,0.0,0.0476190485060215,0.190476194024086,0.0,0.380952388048172,0.5714285969734192,0.3333333432674408,1.0,0.5714285969734192,0.9047619104385376,0.8095238208770752,0.761904776096344,0.6190476417541504,0.523809552192688,0.6190476417541504,0.7142857313156128,0.4285714328289032,0.8571428656578064,0.380952388048172,0.3333333432674408,0.2857142984867096,0.3333333432674408,0.523809552192688,0.3333333432674408,0.4285714328289032,0.7142857313156128,0.4761904776096344,0.4285714328289032,0.2380952388048172,0.5714285969734192,0.4285714328289032,0.2380952388048172,0.380952388048172,0.4761904776096344,0.4285714328289032,0.6190476417541504,0.2857142984867096,0.4761904776096344,0.5714285969734192,0.2380952388048172,0.4285714328289032,0.380952388048172,0.5714285969734192,0.4285714328289032,0.5714285969734192,0.4761904776096344,0.380952388048172,0.2857142984867096,0.3333333432674408,0.4761904776096344,0.4285714328289032,0.380952388048172,0.3333333432674408,0.4761904776096344,0.5714285969734192,0.761904776096344,0.3333333432674408,0.4285714328289032,0.190476194024086,0.4285714328289032,0.4285714328289032,0.4285714328289032,0.4761904776096344,0.380952388048172,0.3333333432674408,0.3333333432674408,0.380952388048172,0.4761904776096344,0.523809552192688,0.7142857313156128,0.4761904776096344,0.3333333432674408,0.5714285969734192,0.3333333432674408,0.4761904776096344,0.4285714328289032,0.523809552192688,0.3333333432674408,0.4285714328289032,0.5714285969734192,0.5714285969734192,0.4761904776096344,0.5714285969734192,0.190476194024086,0.4761904776096344,0.4285714328289032,0.5714285969734192,0.4285714328289032,0.380952388048172,0.380952388048172,0.4761904776096344,0.7142857313156128,0.2857142984867096,0.5714285969734192,0.6190476417541504,0.380952388048172,0.190476194024086,0.523809552192688,0.3333333432674408,0.8571428656578064,0.0
0.23636363446712494,0.27272728085517883,0.38181817531585693,0.4727272689342499,0.3272727131843567,0.4000000059604645,0.3272727131843567,0.23636363446712494,0.2545454502105713,0.290909081697464,0.1818181872367859,0.38181817531585693,0.3272727131843567,0.20000000298023224,0.2545454502105713,0.27272728085517883,0.34545454382896423,0.34545454382896423,0.4727272689342499,0.41818180680274963,0.2545454502105713,0.3272727131843567,0.1818181872367859,0.3636363744735718,0.5090909004211426,0.2181818187236786,0.41818180680274963,0.2545454502105713,0.30909091234207153,0.27272728085517883,0.2181818187236786,0.34545454382896423,0.5090909004211426,0.3272727131843567,0.3636363744735718,0.2545454502105713,0.3636363744735718,0.2181818187236786,0.38181817531585693,0.4000000059604645,0.4363636374473572,0.4000000059604645,0.3636363744735718,0.4727272689342499,0.27272728085517883,0.3272727131843567,0.34545454382896423,0.27272728085517883,0.290909081697464,0.4909090995788574,0.38181817531585693,0.34545454382896423,0.30909091234207153,0.34545454382896423,0.4363636374473572,0.3272727131843567,0.38181817531585693,0.4000000059604645,0.4363636374473572,0.27272728085517883,0.4727272689342499,0.3636363744735718,0.3272727131843567,0.3636363744735718,0.34545454382896423,0.4000000059604645,0.3272727131843567,0.3636363744735718,0.4909090995788574,0.3636363744735718,0.290909081697464,0.5090909004211426,0.5454545617103577,0.5090909004211426,0.34545454382896423,0.4909090995788574,0.6181818246841431,0.34545454382896423,0.4545454680919647,0.5272727012634277,0.4363636374473572,0.4909090995788574,0.4363636374473572,0.5454545617103577,0.6363636255264282,0.5636363625526428,0.5636363625526428,0.4727272689342499,0.38181817531585693,0.4909090995788574,0.7090908885002136,0.9090909361839294,0.581818163394928,0.9818181991577148,0.8363636136054993,0.4363636374473572,0.290909081697464,0.072727270424366,0.072727270424366,0.05454545468091965,0.0,0.05454545468091965,0.072727270424366,0.072727270424366,0.27272728085517883,0.41818180680274963,0.8363636136054993,1.0,0.581818163394928,0.8727272748947144,0.7454545497894287,0.5090909004211426,0.3636363744735718,0.4909090995788574,0.4909090995788574,0.6000000238418579,0.6727272868156433,0.5090909004211426,0.4727272689342499,0.4545454680919647,0.4545454680919647,0.5090909004211426,0.4909090995788574,0.3272727131843567,0.6181818246841431,0.4909090995788574,0.3636363744735718,0.4909090995788574,0.5454545617103577,0.5090909004211426,0.290909081697464,0.38181817531585693,0.4909090995788574,0.34545454382896423,0.3272727131843567,0.4000000059604645,0.34545454382896423,0.3636363744735718,0.34545454382896423,0.3272727131843567,0.5090909004211426,0.27272728085517883,0.4363636374473572,0.38181817531585693,0.38181817531585693,0.34545454382896423,0.4363636374473572,0.34545454382896423,0.30909091234207153,0.34545454382896423,0.38181817531585693,0.4909090995788574,0.27272728085517883,0.27272728085517883,0.3636363744735718,0.290909081697464,0.290909081697464,0.4909090995788574,0.3636363744735718,0.4000000059604645,0.4000000059604645,0.4363636374473572,0.3272727131843567,0.27272728085517883,0.3636363744735718,0.23636363446712494,0.38181817531585693,0.30909091234207153,0.5090909004211426,0.34545454382896423,0.2181818187236786,0.290909081697464,0.30909091234207153,0.2545454502105713,0.41818180680274963,0.20000000298023224,0.5272727012634277,0.34545454382896423,0.20000000298023224,0.3272727131843567,0.2181818187236786,0.41818180680274963,0.4909090995788574,0.34545454382896423,0.3272727131843567,0.30909091234207153,0.2545454502105713,0.1818181872367859,0.34545454382896423,0.38181817531585693,0.16363635659217834,0.290909081697464,0.27272728085517883,0.23636363446712494,0.3272727131843567,0.4000000059604645,0.3272727131843567,0.4727272689342499,0.38181817531585693,0.2545454502105713,0.2545454502105713
0.37090909481048584,0.6509090662002563,0.675636351108551,0.6603636145591736,0.7032727003097534,0.6865454316139221,0.693818211555481,0.7381818294525146,0.6850908994674683,0.6778181791305542,0.6727272868156433,0.720727264881134,0.7018181681632996,0.7389090657234192,0.7127272486686707,0.6814545392990112,0.693818211555481,0.6770908832550049,0.7221817970275879,0.7338181734085083,0.6916363835334778,0.7178182005882263,0.7090908885002136,0.7039999961853027,0.7127272486686707,0.7578181624412537,0.7250909209251404,0.7476363778114319,0.7570909261703491,0.7345454692840576,0.7316363453865051,0.7476363778114319,0.7432727217674255,0.7680000066757202,0.7389090657234192,0.803636372089386,0.758545458316803,0.7374545335769653,0.7818182110786438,0.7360000014305115,0.8080000281333923,0.7483636140823364,0.7541818022727966,0.8261818289756775,0.774545431137085,0.7599999904632568,0.7069091200828552,0.7985454797744751,0.864727258682251,0.8029090762138367,0.7847272753715515,0.7701818346977234,0.807272732257843,0.803636372089386,0.7832727432250977,0.8363636136054993,0.7730908989906311,0.8043636083602905,0.8385454416275024,0.7803636193275452,0.8065454363822937,0.8094545602798462,0.803636372089386,0.8399999737739563,0.8785454630851746,0.8465454578399658,0.8545454740524292,0.8530908823013306,0.8392727375030518,0.8669090867042542,0.8858181834220886,0.9025454521179199,0.8916363716125488,0.9359999895095825,0.9018181562423706,0.8799999952316284,0.931636393070221,0.9520000219345093,0.9774545431137085,0.958545446395874,0.9447273015975952,0.9338181614875793,0.931636393070221,0.9483636617660522,0.9636363387107849,1.0,0.95127272605896,0.913454532623291,0.8589090704917908,0.7832727432250977,0.7163636088371277,0.6465454697608948,0.5578181743621826,0.471272736787796,0.37090909481048584,0.24727272987365723,0.1738181859254837,0.08145454525947571,0.03418181836605072,0.0014545454178005457,0.0,0.0014545454178005457,0.031272727996110916,0.08072727173566818,0.16436363756656647,0.2516363561153412,0.36290907859802246,0.47490909695625305,0.5512727499008179,0.6399999856948853,0.7258181571960449,0.7687272429466248,0.8669090867042542,0.8996363878250122,0.9454545378684998,1.0,0.9767272472381592,0.9476363658905029,0.9345454573631287,0.9330909252166748,0.9440000057220459,0.9614545702934265,0.9665454626083374,0.9629091024398804,0.9083636403083801,0.8930909037590027,0.9025454521179199,0.9461818337440491,0.8887272477149963,0.9003636240959167,0.8858181834220886,0.871999979019165,0.8443636298179626,0.8247272968292236,0.8792726993560791,0.8349090814590454,0.8887272477149963,0.8378182053565979,0.8029090762138367,0.8080000281333923,0.8109090924263,0.7854545712471008,0.823272705078125,0.8109090924263,0.7680000066757202,0.8574545383453369,0.7818182110786438,0.7963636517524719,0.807272732257843,0.7752727270126343,0.7832727432250977,0.7876363396644592,0.868363618850708,0.7978181838989258,0.717090904712677,0.7534545660018921,0.7672727108001709,0.8370909094810486,0.7498182058334351,0.7490909099578857,0.8050909042358398,0.7447272539138794,0.7578181624412537,0.7563636302947998,0.7578181624412537,0.8094545602798462,0.7338181734085083,0.7694545388221741,0.7512727379798889,0.7367272973060608,0.7374545335769653,0.7214545607566833,0.7563636302947998,0.758545458316803,0.729454517364502,0.7614545226097107,0.7105454802513123,0.7025454640388489,0.7061818242073059,0.71345454454422,0.6930909156799316,0.7309091091156006,0.7287272810935974,0.6770908832550049,0.6887272596359253,0.6945454478263855,0.7083636522293091,0.7345454692840576,0.7025454640388489,0.7127272486686707,0.671999990940094,0.6727272868156433,0.7018181681632996,0.7352727055549622,0.6996363401412964,0.6800000071525574,0.701090931892395,0.6698181629180908,0.6676363348960876,0.6545454263687134,0.39127272367477417
0.0,0.0,0.0,0.0,0.0,0.0,0.0,0.0,0.0,0.0,0.0,0.0,0.0,0.0,0.0,0.0,0.0,0.0,0.0,0.0,0.0,0.0,0.0,0.0,0.0,0.0,0.0,0.0,0.0,0.0,0.0,0.0,0.0,0.0,0.0,0.0,0.0,0.0,0.0,0.0,0.0,0.0,0.0,0.0,0.0,0.0,0.0,0.0,0.0,0.0,0.0,0.0,0.0,0.0,0.0,0.0,0.0,0.0,0.0,0.0,0.0,0.0,0.0,0.0,0.0,0.0,0.0,0.0,0.0,0.0,0.0,0.0,0.0,0.0,0.0,0.0,0.0,0.0,0.0,0.0,0.0,0.0,0.0,0.0,0.0,0.0,1.0,0.0,0.0,0.0,0.0,0.0,0.0,0.0,0.0,0.0,0.0,0.0,0.0,0.0,0.0,0.0,0.0,0.0,0.0,0.0,0.0,0.0,0.0,0.0,0.0,0.0,0.0,0.0,1.0,0.0,0.0,0.0,0.0,0.0,0.0,0.0,0.0,0.0,0.0,0.0,0.0,0.0,0.0,0.0,0.0,0.0,0.0,0.0,0.0,0.0,0.0,0.0,0.0,0.0,0.0,0.0,0.0,0.0,0.0,0.0,0.0,0.0,0.0,0.0,0.0,0.0,0.0,0.0,0.0,0.0,0.0,0.0,0.0,0.0,0.0,0.0,0.0,0.0,0.0,0.0,0.0,0.0,0.0,0.0,0.0,0.0,0.0,0.0,0.0,0.0,0.0,0.0,0.0,0.0,0.0,0.0,0.0,0.0,0.0,0.0,0.0,0.0,0.0,0.0,0.0,0.0,0.0,0.0,0.0,0.0,0.0,0.0,0.0,0.0,0.0
0.1785714328289032,0.6785714030265808,0.5357142686843872,0.6071428656578064,0.5714285969734192,0.3928571343421936,0.6428571343421936,0.4285714328289032,0.6071428656578064,0.7142857313156128,0.4642857015132904,0.6071428656578064,0.5357142686843872,0.3214285671710968,0.6428571343421936,0.6785714030265808,0.9642857313156128,0.5,0.3571428656578064,0.75,0.5714285969734192,0.6071428656578064,0.5,0.3214285671710968,0.5,0.2857142984867096,0.5357142686843872,0.5,0.5357142686843872,0.5714285969734192,0.5357142686843872,0.5714285969734192,0.5357142686843872,0.6071428656578064,0.7142857313156128,0.75,0.6428571343421936,0.7142857313156128,0.6785714030265808,0.5714285969734192,0.4285714328289032,0.5,0.6071428656578064,0.5,0.4642857015132904,0.8214285969734192,0.3928571343421936,0.4642857015132904,0.5357142686843872,0.6071428656578064,0.5,0.75,0.5357142686843872,0.5714285969734192,0.7857142686843872,0.3928571343421936,1.0,0.7142857313156128,0.6785714030265808,0.7142857313156128,0.3928571343421936,0.2857142984867096,0.6785714030265808,0.6785714030265808,0.6428571343421936,0.3928571343421936,0.5,0.5,0.5,0.5714285969734192,0.4642857015132904,0.6785714030265808,0.5357142686843872,0.6428571343421936,0.7142857313156128,0.4642857015132904,0.5357142686843872,0.5357142686843872,0.6428571343421936,0.75,0.6785714030265808,0.6785714030265808,0.5,0.6428571343421936,0.7142857313156128,0.75,0.5,0.5714285969734192,0.4642857015132904,0.3928571343421936,0.3928571343421936,0.3928571343421936,0.3214285671710968,0.25,0.25,0.0357142873108387,0.0357142873108387,0.0714285746216774,0.0714285746216774,0.0714285746216774,0.0,0.0714285746216774,0.0714285746216774,0.0714285746216774,0.0357142873108387,0.0357142873108387,0.25,0.25,0.2857142984867096,0.4285714328289032,0.3928571343421936,0.3928571343421936,0.4285714328289032,0.5714285969734192,0.5,0.7142857313156128,0.7857142686843872,0.6428571343421936,0.4642857015132904,0.6428571343421936,0.6785714030265808,0.7857142686843872,0.6785714030265808,0.5,0.5714285969734192,0.4642857015132904,0.7142857313156128,0.6428571343421936,0.5357142686843872,0.6785714030265808,0.4642857015132904,0.5357142686843872,0.4642857015132904,0.5,0.5,0.4285714328289032,0.6428571343421936,0.7142857313156128,0.6785714030265808,0.2857142984867096,0.3214285671710968,0.75,0.7142857313156128,0.6785714030265808,0.9642857313156128,0.4285714328289032,0.8214285969734192,0.5714285969734192,0.5357142686843872,0.7142857313156128,0.5357142686843872,0.5714285969734192,0.5714285969734192,0.3928571343421936,0.4642857015132904,0.7857142686843872,0.5,0.5,0.5714285969734192,0.5357142686843872,0.3571428656578064,0.6071428656578064,0.6785714030265808,0.75,0.6071428656578064,0.75,0.7142857313156128,0.6428571343421936,0.5357142686843872,0.5357142686843872,0.5357142686843872,0.6071428656578064,0.5,0.5,0.5714285969734192,0.2857142984867096,0.4285714328289032,0.3928571343421936,0.4642857015132904,0.6071428656578064,0.6071428656578064,0.75,0.3214285671710968,0.5357142686843872,0.8928571343421936,0.7142857313156128,0.6785714030265808,0.3214285671710968,0.5,0.5714285969734192,0.5357142686843872,0.7142857313156128,0.6071428656578064,0.3928571343421936,0.6785714030265808,0.3928571343421936,0.5357142686843872,0.6428571343421936,0.5357142686843872,0.6785714030265808,0.1785714328289032
0.2800982892513275,0.5626535415649414,0.5995085835456848,0.5708435773849487,0.5954135656356812,0.5782145857810974,0.5520065426826477,0.598689615726471,0.5880426168441772,0.6175265908241272,0.5536445379257202,0.6109746098518372,0.6093366146087646,0.6568386554718018,0.6601146459579468,0.6134316325187683,0.624078631401062,0.601965606212616,0.6420966386795044,0.598689615726471,0.6134316325187683,0.6117936372756958,0.665847659111023,0.6748566627502441,0.6617526412010193,0.6715806722640991,0.6134316325187683,0.6347256302833557,0.6617526412010193,0.6535626649856567,0.6592956781387329,0.6519246697425842,0.6961507201194763,0.681408703327179,0.6773136854171753,0.6617526412010193,0.7108927369117737,0.6683046817779541,0.6781326532363892,0.7428337335586548,0.691236674785614,0.6895986795425415,0.710073709487915,0.7051597237586975,0.7321867346763611,0.7371007204055786,0.7190827131271362,0.7608517408370972,0.7297297120094299,0.7395577430725098,0.6855036616325378,0.7575757503509521,0.755118727684021,0.7428337335586548,0.8075348138809204,0.7510237693786621,0.8042588233947754,0.7862407565116882,0.8140867948532104,0.8067157864570618,0.7780507802963257,0.837837815284729,0.789516806602478,0.8001638054847717,0.8632268905639648,0.8083537817001343,0.8124487996101379,0.831285834312439,0.8419328331947327,0.8271908164024353,0.8222768306732178,0.8943489193916321,0.8927108645439148,0.8509418368339539,0.8910728693008423,0.872235894203186,0.9230139255523682,0.8738738894462585,0.9058148860931396,0.8656838536262512,0.8796069025993347,0.9656019806861877,0.9017199277877808,0.9009009003639221,0.936117947101593,1.0,0.9279279112815857,0.9180999398231506,0.910728931427002,0.9099099040031433,0.8845208883285522,0.8959869146347046,0.8124487996101379,0.7837837934494019,0.6740376949310303,0.541359543800354,0.39967238903045654,0.19164618849754333,0.0687960684299469,0.033579032868146896,0.0,0.03194103017449379,0.06715806573629379,0.18837018311023712,0.3849303722381592,0.5421785712242126,0.6543816328048706,0.7977067828178406,0.8091728091239929,0.8845208883285522,0.8976249098777771,0.9033579230308533,0.9254709482192993,0.9066339135169983,0.9279279112815857,0.9852579832077026,0.9582309722900391,0.9033579230308533,0.9000818729400635,0.9623259902000427,0.8746928572654724,0.8705978989601135,0.895167887210846,0.8804258704185486,0.9115478992462158,0.8927108645439148,0.8877968788146973,0.8476658463478088,0.8845208883285522,0.9049959182739258,0.8214578032493591,0.8222768306732178,0.85667484998703,0.8124487996101379,0.8239148259162903,0.8001638054847717,0.8705978989601135,0.7944307923316956,0.7878788113594055,0.8460278511047363,0.7796887755393982,0.8075348138809204,0.8034397959709167,0.8009827733039856,0.7903357744216919,0.7608517408370972,0.7993447780609131,0.748566746711731,0.7510237693786621,0.7526617646217346,0.6994267106056213,0.7231777310371399,0.7420147657394409,0.7444717288017273,0.7354627251625061,0.7330057621002197,0.7297297120094299,0.7174447178840637,0.6994267106056213,0.6994267106056213,0.6797707080841064,0.751842737197876,0.6723996996879578,0.6756756901741028,0.6953316926956177,0.6764946579933167,0.6683046817779541,0.687960684299469,0.6920557022094727,0.6535626649856567,0.6683046817779541,0.6453726291656494,0.6617526412010193,0.6355446577072144,0.6183456182479858,0.669123649597168,0.6666666865348816,0.6699426770210266,0.6699426770210266,0.6101555824279785,0.6076986193656921,0.6044226288795471,0.6355446577072144,0.6117936372756958,0.6101555824279785,0.624078631401062,0.6552006602287292,0.6552006602287292,0.6224406361579895,0.5904995799064636,0.5733006000518799,0.5937755703926086,0.608517587184906,0.5888615846633911,0.5593775510787964,0.5716625452041626,0.5929566025733948,0.5831285715103149,0.5945945978164673,0.5642915368080139,0.2981162965297699
0.02222222276031971,0.0,0.04444444552063942,0.02222222276031971,0.02222222276031971,0.04444444552063942,0.0,0.0,0.02222222276031971,0.02222222276031971,0.04444444552063942,0.02222222276031971,0.04444444552063942,0.0,0.0,0.04444444552063942,0.04444444552063942,0.02222222276031971,0.0,0.0,0.02222222276031971,0.02222222276031971,0.04444444552063942,0.0,0.0,0.02222222276031971,0.06666667014360428,0.02222222276031971,0.06666667014360428,0.02222222276031971,0.02222222276031971,0.02222222276031971,0.0,0.0,0.02222222276031971,0.02222222276031971,0.04444444552063942,0.0,0.02222222276031971,0.0,0.04444444552063942,0.02222222276031971,0.02222222276031971,0.0,0.08888889104127884,0.02222222276031971,0.0,0.0,0.04444444552063942,0.04444444552063942,0.02222222276031971,0.0,0.0,0.0,0.04444444552063942,0.0,0.02222222276031971,0.0,0.02222222276031971,0.0,0.02222222276031971,0.04444444552063942,0.0,0.08888889104127884,0.0,0.04444444552063942,0.04444444552063942,0.02222222276031971,0.02222222276031971,0.06666667014360428,0.0,0.02222222276031971,0.06666667014360428,0.0,0.04444444552063942,0.02222222276031971,0.06666667014360428,0.02222222276031971,0.06666667014360428,0.02222222276031971,0.08888889104127884,0.08888889104127884,0.04444444552063942,0.06666667014360428,0.13333334028720856,0.1111111119389534,0.15555556118488312,0.20000000298023224,0.1111111119389534,0.3333333432674408,0.08888889104127884,0.2666666805744171,0.24444444477558136,0.24444444477558136,0.4444444477558136,0.5555555820465088,1.0,0.2666666805744171,0.0,0.0,0.0,0.0,0.0,0.2666666805744171,0.9555555582046509,0.6000000238418579,0.4444444477558136,0.24444444477558136,0.24444444477558136,0.2666666805744171,0.08888889104127884,0.3333333432674408,0.1111111119389534,0.20000000298023224,0.15555556118488312,0.1111111119389534,0.13333334028720856,0.06666667014360428,0.04444444552063942,0.08888889104127884,0.08888889104127884,0.02222222276031971,0.06666667014360428,0.02222222276031971,0.06666667014360428,0.02222222276031971,0.04444444552063942,0.0,0.06666667014360428,0.02222222276031971,0.0,0.06666667014360428,0.02222222276031971,0.02222222276031971,0.04444444552063942,0.04444444552063942,0.0,0.08888889104127884,0.0,0.04444444552063942,0.02222222276031971,0.0,0.02222222276031971,0.0,0.02222222276031971,0.0,0.04444444552063942,0.0,0.0,0.0,0.02222222276031971,0.04444444552063942,0.04444444552063942,0.0,0.0,0.02222222276031971,0.08888889104127884,0.0,0.02222222276031971,0.02222222276031971,0.04444444552063942,0.0,0.02222222276031971,0.0,0.04444444552063942,0.02222222276031971,0.02222222276031971,0.0,0.0,0.02222222276031971,0.02222222276031971,0.02222222276031971,0.06666667014360428,0.02222222276031971,0.06666667014360428,0.02222222276031971,0.0,0.0,0.04444444552063942,0.02222222276031971,0.02222222276031971,0.0,0.0,0.02222222276031971,0.04444444552063942,0.04444444552063942,0.0,0.0,0.04444444552063942,0.02222222276031971,0.04444444552063942,0.02222222276031971,0.02222222276031971,0.0,0.0,0.04444444552063942,0.02222222276031971,0.02222222276031971,0.04444444552063942,0.0,0.02222222276031971
0.03999999910593033,0.4399999976158142,0.23999999463558197,0.36000001430511475,0.4399999976158142,0.4000000059604645,0.3199999928474426,0.36000001430511475,0.3199999928474426,0.36000001430511475,0.2800000011920929,0.23999999463558197,0.36000001430511475,0.1599999964237213,0.5600000023841858,0.5199999809265137,0.23999999463558197,0.4399999976158142,0.4000000059604645,0.5199999809265137,0.2800000011920929,0.36000001430511475,0.36000001430511475,0.4399999976158142,0.3199999928474426,0.36000001430511475,0.4399999976158142,0.3199999928474426,0.4399999976158142,0.2800000011920929,0.3199999928474426,0.20000000298023224,0.4000000059604645,0.23999999463558197,0.4399999976158142,0.4399999976158142,0.23999999463558197,0.2800000011920929,0.4399999976158142,0.4000000059604645,0.4000000059604645,0.6000000238418579,0.2800000011920929,0.4000000059604645,0.4399999976158142,0.5199999809265137,0.5199999809265137,0.23999999463558197,0.36000001430511475,0.23999999463558197,0.20000000298023224,0.47999998927116394,0.47999998927116394,0.3199999928474426,0.3199999928474426,0.6399999856948853,0.4000000059604645,0.36000001430511475,0.5199999809265137,0.6399999856948853,0.3199999928474426,0.4399999976158142,0.47999998927116394,0.2800000011920929,0.4399999976158142,0.5199999809265137,0.4000000059604645,0.3199999928474426,0.5199999809265137,0.5199999809265137,0.5199999809265137,0.36000001430511475,0.6800000071525574,0.47999998927116394,0.4399999976158142,0.6399999856948853,0.6800000071525574,0.5600000023841858,0.7200000286102295,0.5199999809265137,0.6399999856948853,0.8399999737739563,1.0,0.6399999856948853,0.6800000071525574,0.5199999809265137,0.7200000286102295,0.6399999856948853,0.47999998927116394,0.23999999463558197,0.5199999809265137,0.3199999928474426,0.36000001430511475,0.2800000011920929,0.0,0.0,0.0,0.03999999910593033,0.03999999910593033,0.0,0.0,0.0,0.03999999910593033,0.03999999910593033,0.0,0.0,0.0,0.23999999463558197,0.36000001430511475,0.36000001430511475,0.5199999809265137,0.23999999463558197,0.4399999976158142,0.6000000238418579,0.7200000286102295,0.5600000023841858,0.6800000071525574,0.6399999856948853,1.0,0.8799999952316284,0.6399999856948853,0.47999998927116394,0.7599999904632568,0.5199999809265137,0.7200000286102295,0.6399999856948853,0.4399999976158142,0.47999998927116394,0.6800000071525574,0.36000001430511475,0.5199999809265137,0.5199999809265137,0.5199999809265137,0.3199999928474426,0.4000000059604645,0.5199999809265137,0.4399999976158142,0.2800000011920929,0.47999998927116394,0.4399999976158142,0.3199999928474426,0.6399999856948853,0.47999998927116394,0.36000001430511475,0.4000000059604645,0.6800000071525574,0.3199999928474426,0.3199999928474426,0.47999998927116394,0.47999998927116394,0.20000000298023224,0.23999999463558197,0.3199999928474426,0.23999999463558197,0.5600000023841858,0.5199999809265137,0.4000000059604645,0.4000000059604645,0.3199999928474426,0.6000000238418579,0.4000000059604645,0.36000001430511475,0.4399999976158142,0.3199999928474426,0.23999999463558197,0.4399999976158142,0.4399999976158142,0.20000000298023224,0.4399999976158142,0.20000000298023224,0.3199999928474426,0.2800000011920929,0.4399999976158142,0.3199999928474426,0.4399999976158142,0.36000001430511475,0.2800000011920929,0.4399999976158142,0.4000000059604645,0.2800000011920929,0.36000001430511475,0.5199999809265137,0.4000000059604645,0.4000000059604645,0.23999999463558197,0.5600000023841858,0.47999998927116394,0.23999999463558197,0.36000001430511475,0.23999999463558197,0.2800000011920929,0.36000001430511475,0.3199999928474426,0.36000001430511475,0.3199999928474426,0.4000000059604645,0.4399999976158142,0.36000001430511475,0.20000000298023224,0.47999998927116394,0.03999999910593033
0.10169491171836853,0.32203391194343567,0.4067796468734741,0.4406779706478119,0.4406779706478119,0.32203391194343567,0.5254237055778503,0.33898305892944336,0.6779661178588867,0.3050847351551056,0.33898305892944336,0.4067796468734741,0.35593220591545105,0.38983049988746643,0.38983049988746643,0.4067796468734741,0.35593220591545105,0.49152541160583496,0.37288135290145874,0.4406779706478119,0.4237288236618042,0.4406779706478119,0.5593220591545105,0.4576271176338196,0.6779661178588867,0.38983049988746643,0.5254237055778503,0.47457626461982727,0.5593220591545105,0.2711864411830902,0.4576271176338196,0.4406779706478119,0.4237288236618042,0.5593220591545105,0.4237288236618042,0.49152541160583496,0.2711864411830902,0.49152541160583496,0.5423728823661804,0.6101694703102112,0.5254237055778503,0.33898305892944336,0.5593220591545105,0.4406779706478119,0.37288135290145874,0.4406779706478119,0.5254237055778503,0.6440678238868713,0.694915235042572,0.4406779706478119,0.6440678238868713,0.49152541160583496,0.5762711763381958,0.5762711763381958,0.6101694703102112,0.4067796468734741,0.33898305892944336,0.5254237055778503,0.6101694703102112,0.32203391194343567,0.5423728823661804,0.6101694703102112,0.6779661178588867,0.5593220591545105,0.5254237055778503,0.37288135290145874,0.7118644118309021,0.5254237055778503,0.6779661178588867,0.5254237055778503,0.4237288236618042,0.4067796468734741,0.508474588394165,0.7288135886192322,0.4406779706478119,0.4406779706478119,0.7627118825912476,0.6779661178588867,0.5762711763381958,0.5762711763381958,0.4576271176338196,0.7288135886192322,0.5932203531265259,0.6440678238868713,0.6101694703102112,0.9152542352676392,0.7966101765632629,0.6779661178588867,0.4576271176338196,0.7627118825912476,0.8135592937469482,0.8983050584793091,0.9830508232116699,1.0,0.7118644118309021,0.2881355881690979,0.10169491171836853,0.016949152573943138,0.016949152573943138,0.0,0.0,0.0,0.016949152573943138,0.016949152573943138,0.10169491171836853,0.2881355881690979,0.6610169410705566,1.0,1.0,0.9322034120559692,0.7966101765632629,0.7457627058029175,0.49152541160583496,0.6440678238868713,0.7966101765632629,0.9491525292396545,0.6101694703102112,0.6101694703102112,0.6271186470985413,0.7118644118309021,0.4576271176338196,0.5932203531265259,0.5423728823661804,0.6610169410705566,0.7627118825912476,0.47457626461982727,0.4406779706478119,0.694915235042572,0.5593220591545105,0.37288135290145874,0.4576271176338196,0.49152541160583496,0.6779661178588867,0.5423728823661804,0.7288135886192322,0.37288135290145874,0.49152541160583496,0.5762711763381958,0.6779661178588867,0.6271186470985413,0.508474588394165,0.35593220591545105,0.5762711763381958,0.5254237055778503,0.35593220591545105,0.4067796468734741,0.6271186470985413,0.5593220591545105,0.5932203531265259,0.4576271176338196,0.6101694703102112,0.508474588394165,0.6440678238868713,0.694915235042572,0.508474588394165,0.4406779706478119,0.38983049988746643,0.4237288236618042,0.5593220591545105,0.35593220591545105,0.47457626461982727,0.6101694703102112,0.5593220591545105,0.49152541160583496,0.2881355881690979,0.508474588394165,0.4067796468734741,0.5254237055778503,0.4576271176338196,0.38983049988746643,0.5254237055778503,0.2711864411830902,0.5423728823661804,0.47457626461982727,0.5254237055778503,0.37288135290145874,0.7118644118309021,0.4237288236618042,0.5932203531265259,0.4237288236618042,0.4237288236618042,0.4406779706478119,0.37288135290145874,0.49152541160583496,0.37288135290145874,0.38983049988746643,0.4067796468734741,0.38983049988746643,0.33898305892944336,0.4067796468734741,0.35593220591545105,0.3050847351551056,0.6779661178588867,0.32203391194343567,0.5423728823661804,0.2881355881690979,0.4576271176338196,0.4406779706478119,0.4067796468734741,0.33898305892944336,0.10169491171836853
0.4157303273677826,0.6741573214530945,0.7191011309623718,0.6516854166984558,0.6404494643211365,0.6404494643211365,0.5056179761886597,0.6516854166984558,0.6966292262077332,0.6741573214530945,0.5730336904525757,0.5617977380752563,0.5056179761886597,0.617977499961853,0.5955055952072144,0.516853928565979,0.7977527976036072,0.550561785697937,0.6404494643211365,0.6966292262077332,0.6067415475845337,0.6067415475845337,0.6404494643211365,0.449438214302063,0.550561785697937,0.6516854166984558,0.5280898809432983,0.6516854166984558,0.6292135119438171,0.8314606547355652,0.6741573214530945,0.6516854166984558,0.6067415475845337,0.6404494643211365,0.617977499961853,0.6966292262077332,0.6067415475845337,0.6292135119438171,0.7191011309623718,0.5393258333206177,0.550561785697937,0.584269642829895,0.6404494643211365,0.7528089880943298,0.6629213690757751,0.7191011309623718,0.6292135119438171,0.7415730357170105,0.6853932738304138,0.6853932738304138,0.7528089880943298,0.6741573214530945,0.7752808928489685,0.7303370833396912,0.7865168452262878,0.6292135119438171,0.8202247023582458,0.7977527976036072,0.6853932738304138,0.584269642829895,0.7528089880943298,0.7415730357170105,0.6853932738304138,0.7303370833396912,0.7078651785850525,0.7977527976036072,0.7528089880943298,0.7415730357170105,0.7528089880943298,0.6853932738304138,0.7640449404716492,0.6516854166984558,0.7977527976036072,0.8314606547355652,0.7752808928489685,1.0,0.8202247023582458,0.8764045238494873,0.8089887499809265,0.8539325594902039,0.932584285736084,0.7640449404716492,0.8089887499809265,0.8539325594902039,0.7078651785850525,0.9438202381134033,0.8089887499809265,0.7865168452262878,0.898876428604126,0.6629213690757751,0.6404494643211365,0.6067415475845337,0.33707866072654724,0.1910112351179123,0.10112359374761581,0.16853933036327362,0.033707864582538605,0.04494382068514824,0.056179776787757874,0.033707864582538605,0.0,0.02247191034257412,0.06741572916507721,0.04494382068514824,0.02247191034257412,0.17977528274059296,0.10112359374761581,0.17977528274059296,0.33707866072654724,0.5730336904525757,0.617977499961853,0.6966292262077332,0.9101123809814453,0.7528089880943298,0.8426966071128845,0.9550561904907227,0.7078651785850525,0.8314606547355652,0.8202247023582458,0.7528089880943298,0.9550561904907227,0.8539325594902039,0.7977527976036072,0.8539325594902039,0.8202247023582458,1.0,0.8202247023582458,0.8089887499809265,0.7977527976036072,0.6516854166984558,0.7640449404716492,0.6629213690757751,0.7865168452262878,0.7191011309623718,0.7752808928489685,0.7303370833396912,0.7865168452262878,0.7078651785850525,0.6853932738304138,0.7528089880943298,0.7528089880943298,0.584269642829895,0.6516854166984558,0.8202247023582458,0.8089887499809265,0.6404494643211365,0.7977527976036072,0.7078651785850525,0.8089887499809265,0.6741573214530945,0.7303370833396912,0.6741573214530945,0.6629213690757751,0.7752808928489685,0.6404494643211365,0.6853932738304138,0.7078651785850525,0.7303370833396912,0.6516854166984558,0.5730336904525757,0.5617977380752563,0.5393258333206177,0.6741573214530945,0.6741573214530945,0.5955055952072144,0.6966292262077332,0.6067415475845337,0.6741573214530945,0.5955055952072144,0.617977499961853,0.6853932738304138,0.8314606547355652,0.6516854166984558,0.6404494643211365,0.516853928565979,0.6516854166984558,0.5617977380752563,0.4606741666793823,0.6292135119438171,0.6067415475845337,0.584269642829895,0.6966292262077332,0.6741573214530945,0.550561785697937,0.7977527976036072,0.5056179761886597,0.6067415475845337,0.617977499961853,0.49438202381134033,0.5730336904525757,0.5730336904525757,0.6629213690757751,0.7078651785850525,0.6404494643211365,0.516853928565979,0.6292135119438171,0.617977499961853,0.6853932738304138,0.6966292262077332,0.7078651785850525,0.4157303273677826
0.372683584690094,0.7302676439285278,0.7385037541389465,0.724090576171875,0.7549759745597839,0.7268359661102295,0.7151681780815125,0.7467398643493652,0.7103637456893921,0.7556623220443726,0.7357584238052368,0.7707618474960327,0.7357584238052368,0.7288950085639954,0.8030198812484741,0.7940974831581116,0.7886067032814026,0.8160604238510132,0.787920355796814,0.8002745509147644,0.7282086610794067,0.758407711982727,0.745367169380188,0.7961564660072327,0.7748798727989197,0.7982155084609985,0.7693891525268555,0.8119423389434814,0.7755662202835083,0.8016472458839417,0.8119423389434814,0.77968430519104,0.8428277373313904,0.8098832964897156,0.8126286864280701,0.783802330493927,0.766643762588501,0.8181194067001343,0.8284145593643188,0.8146877288818359,0.8599862456321716,0.8387096524238586,0.8345916271209717,0.8462594151496887,0.8345916271209717,0.8194921016693115,0.8215511441230774,0.8366506695747375,0.8208647966384888,0.8558682203292847,0.8572409152984619,0.876458466053009,0.8387096524238586,0.847632110118866,0.8291009068489075,0.8654770255088806,0.8201784491539001,0.8510638475418091,0.8805765509605408,0.8805765509605408,0.8496911525726318,0.8297872543334961,0.8970487117767334,0.8737131357192993,0.8819491863250732,0.8943033814430237,0.8750857710838318,0.9341111779212952,0.8963623642921448,0.9258750677108765,0.8750857710838318,0.9368565678596497,0.9347975254058838,0.9492107033729553,0.9169526696205139,0.9306795001029968,0.9272477626800537,0.9890185594558716,0.9169526696205139,0.9725463390350342,0.9691146016120911,0.9876458644866943,0.961564838886261,0.9320521354675293,0.8881263136863708,0.8531228303909302,0.7769389152526855,0.7309539914131165,0.6568291187286377,0.5730953812599182,0.5326012372970581,0.41523680090904236,0.3431709110736847,0.22100205719470978,0.13589566946029663,0.0837337002158165,0.051475636661052704,0.028826355934143066,0.04186685010790825,0.033630747348070145,0.0,0.030885381624102592,0.042553190141916275,0.030199039727449417,0.0459849014878273,0.08853809535503387,0.13315030932426453,0.21757034957408905,0.3376801609992981,0.41523680090904236,0.5298558473587036,0.5648592710494995,0.660260796546936,0.7192862033843994,0.7810569405555725,0.8462594151496887,0.8949897289276123,0.9279341101646423,0.9588195085525513,0.9924502372741699,0.9725463390350342,0.9725463390350342,0.9052848219871521,1.0,0.919011652469635,0.940288245677948,0.9011667966842651,0.96705561876297,0.9306795001029968,0.940288245677948,0.8743994235992432,0.9306795001029968,0.8894989490509033,0.9135209321975708,0.8956760764122009,0.8833218812942505,0.897735059261322,0.8675360083580017,0.8943033814430237,0.8366506695747375,0.8407686948776245,0.8908716440200806,0.864790678024292,0.855181872844696,0.8215511441230774,0.8716540932655334,0.8304736018180847,0.8442004323005676,0.8490048050880432,0.8709677457809448,0.8572409152984619,0.8503775000572205,0.8229238390922546,0.8297872543334961,0.8304736018180847,0.8181194067001343,0.8448867797851562,0.8325325846672058,0.8373370170593262,0.8407686948776245,0.8544955253601074,0.8194921016693115,0.8085106611251831,0.8442004323005676,0.7542896270751953,0.7968428134918213,0.8091970086097717,0.8043925762176514,0.8428277373313904,0.7851750254631042,0.8112559914588928,0.8037062287330627,0.7714481949806213,0.8043925762176514,0.7810569405555725,0.7961564660072327,0.7762525677680969,0.7989018559455872,0.7364447712898254,0.7680164575576782,0.7268359661102295,0.7975291609764099,0.7783116102218628,0.8291009068489075,0.7817432880401611,0.7982155084609985,0.8078243136405945,0.7220315933227539,0.7446808218955994,0.7515442967414856,0.7419354915618896,0.7563486695289612,0.7117364406585693,0.7439945340156555,0.7254632711410522,0.724090576171875,0.7549759745597839,0.7268359661102295,0.7220315933227539,0.750857949256897,0.38778311014175415
0.32967033982276917,0.5494505763053894,0.5054945349693298,0.5824176073074341,0.5494505763053894,0.5274725556373596,0.6043956279754639,0.47252747416496277,0.5604395866394043,0.49450549483299255,0.5274725556373596,0.47252747416496277,0.6263736486434937,0.7582417726516724,0.5604395866394043,0.5824176073074341,0.6263736486434937,0.5494505763053894,0.48351648449897766,0.6263736486434937,0.4615384638309479,0.6483516693115234,0.593406617641449,0.5384615659713745,0.692307710647583,0.48351648449897766,0.47252747416496277,0.5384615659713745,0.6153846383094788,0.47252747416496277,0.7252747416496277,0.6703296899795532,0.6373626589775085,0.5824176073074341,0.6153846383094788,0.5824176073074341,0.5384615659713745,0.6153846383094788,0.593406617641449,0.5384615659713745,0.8461538553237915,0.7802197933197021,0.7032967209815979,0.6703296899795532,0.7032967209815979,0.6153846383094788,0.7142857313156128,0.5274725556373596,0.7142857313156128,0.5604395866394043,0.6593406796455383,0.692307710647583,0.6483516693115234,0.5384615659713745,0.6593406796455383,0.5604395866394043,0.7472527623176575,0.5604395866394043,0.7252747416496277,0.7032967209815979,0.4395604431629181,0.6373626589775085,1.0,0.6153846383094788,0.7362637519836426,0.692307710647583,0.6153846383094788,0.49450549483299255,0.6043956279754639,0.7142857313156128,0.7692307829856873,0.5714285969734192,0.7692307829856873,0.6813187003135681,0.6813187003135681,0.6153846383094788,0.8131868243217468,0.8241758346557617,0.6813187003135681,0.593406617641449,0.7032967209815979,0.7362637519836426,0.7032967209815979,0.6263736486434937,0.6483516693115234,0.7802197933197021,0.6703296899795532,0.6043956279754639,0.5164835453033447,0.7472527623176575,0.8021978139877319,0.5164835453033447,0.35164836049079895,0.2747252881526947,0.09890110045671463,0.0,0.0,0.0,0.0,0.0,0.0,0.0,0.0,0.0,0.0,0.0,0.08791209012269974,0.2527472674846649,0.37362638115882874,0.5054945349693298,0.8241758346557617,0.7472527623176575,0.48351648449897766,0.6043956279754639,0.6703296899795532,0.8021978139877319,0.6373626589775085,0.6153846383094788,0.692307710647583,0.7802197933197021,0.692307710647583,0.5824176073074341,0.692307710647583,0.8131868243217468,0.8131868243217468,0.593406617641449,0.7032967209815979,0.6703296899795532,0.8021978139877319,0.5384615659713745,0.791208803653717,0.7032967209815979,0.5824176073074341,0.5274725556373596,0.6263736486434937,0.6813187003135681,0.7252747416496277,0.6043956279754639,0.9670329689979553,0.692307710647583,0.450549453496933,0.6813187003135681,0.7032967209815979,0.5824176073074341,0.6813187003135681,0.6263736486434937,0.6813187003135681,0.5274725556373596,0.6483516693115234,0.7032967209815979,0.6593406796455383,0.5054945349693298,0.7692307829856873,0.48351648449897766,0.7472527623176575,0.6043956279754639,0.7032967209815979,0.6703296899795532,0.7032967209815979,0.7692307829856873,0.8461538553237915,0.5274725556373596,0.6263736486434937,0.6043956279754639,0.5494505763053894,0.5824176073074341,0.6153846383094788,0.5714285969734192,0.6483516693115234,0.6593406796455383,0.7472527623176575,0.4395604431629181,0.6263736486434937,0.5384615659713745,0.48351648449897766,0.47252747416496277,0.7032967209815979,0.5384615659713745,0.593406617641449,0.6373626589775085,0.47252747416496277,0.6043956279754639,0.49450549483299255,0.5714285969734192,0.593406617641449,0.593406617641449,0.5714285969734192,0.7692307829856873,0.6043956279754639,0.450549453496933,0.5604395866394043,0.47252747416496277,0.5824176073074341,0.450549453496933,0.6373626589775085,0.5164835453033447,0.5274725556373596,0.593406617641449,0.5164835453033447,0.5494505763053894,0.34065935015678406
0.45652174949645996,0.7771739363670349,0.7989130616188049,0.875,0.95652174949646,0.8586956262588501,0.6847826242446899,0.782608687877655,0.657608687877655,0.89673912525177,0.8260869383811951,0.8586956262588501,0.7445651888847351,0.864130437374115,0.70652174949646,0.739130437374115,0.7880434989929199,0.8260869383811951,0.6630434989929199,0.83152174949646,0.7445651888847351,0.7010869383811951,0.760869562625885,0.72826087474823,0.7119565010070801,0.7663043737411499,0.6521739363670349,0.635869562625885,0.625,0.7228260636329651,0.7880434989929199,0.6304348111152649,0.6195651888847351,0.6739130616188049,0.6086956262588501,0.6521739363670349,0.6413043737411499,0.6521739363670349,0.7010869383811951,0.570652186870575,0.6304348111152649,0.5869565010070801,0.58152174949646,0.6086956262588501,0.47826087474823,0.5054348111152649,0.5760869383811951,0.5597826242446899,0.554347813129425,0.5489130616188049,0.5271739363670349,0.570652186870575,0.5380434989929199,0.625,0.52173912525177,0.635869562625885,0.5380434989929199,0.5652173757553101,0.592391312122345,0.5760869383811951,0.5869565010070801,0.3913043439388275,0.5380434989929199,0.6847826242446899,0.635869562625885,0.614130437374115,0.657608687877655,0.6086956262588501,0.592391312122345,0.5271739363670349,0.614130437374115,0.695652186870575,0.7228260636329651,0.8097826242446899,0.739130437374115,0.79347825050354,0.7445651888847351,0.72826087474823,0.83152174949646,0.85326087474823,0.6630434989929199,0.7989130616188049,0.875,0.8260869383811951,0.9510869383811951,0.989130437374115,0.945652186870575,0.8369565010070801,0.907608687877655,0.95652174949646,0.8804348111152649,0.8369565010070801,0.8369565010070801,0.782608687877655,0.6847826242446899,0.41304346919059753,0.20108695328235626,0.06521739065647125,0.05978260934352875,0.021739130839705467,0.0,0.021739130839705467,0.05978260934352875,0.06521739065647125,0.19021739065647125,0.41304346919059753,0.657608687877655,0.804347813129425,0.8152173757553101,0.8260869383811951,0.907608687877655,0.9619565010070801,0.9021739363670349,0.8260869383811951,0.929347813129425,1.0,0.967391312122345,0.804347813129425,0.89673912525177,0.804347813129425,0.6739130616188049,0.842391312122345,0.820652186870575,0.75,0.7228260636329651,0.79347825050354,0.70652174949646,0.8152173757553101,0.7445651888847351,0.717391312122345,0.60326087474823,0.52173912525177,0.60326087474823,0.6195651888847351,0.657608687877655,0.5978260636329651,0.625,0.7010869383811951,0.54347825050354,0.4021739065647125,0.554347813129425,0.5869565010070801,0.5869565010070801,0.5597826242446899,0.554347813129425,0.6195651888847351,0.5163043737411499,0.6521739363670349,0.52173912525177,0.5760869383811951,0.5380434989929199,0.5380434989929199,0.5760869383811951,0.5380434989929199,0.58152174949646,0.5163043737411499,0.46739131212234497,0.60326087474823,0.592391312122345,0.5652173757553101,0.6521739363670349,0.5652173757553101,0.6902173757553101,0.66847825050354,0.635869562625885,0.635869562625885,0.614130437374115,0.7010869383811951,0.6086956262588501,0.60326087474823,0.804347813129425,0.7119565010070801,0.6413043737411499,0.6413043737411499,0.64673912525177,0.7663043737411499,0.6739130616188049,0.7663043737411499,0.7663043737411499,0.6902173757553101,0.7445651888847351,0.83152174949646,0.6847826242446899,0.8097826242446899,0.7663043737411499,0.75,0.695652186870575,0.885869562625885,0.7445651888847351,0.8152173757553101,0.864130437374115,0.8913043737411499,0.66847825050354,0.7228260636329651,0.739130437374115,0.864130437374115,0.9402173757553101,0.885869562625885,0.7880434989929199,0.75,0.5163043737411499
0.34415584802627563,0.7207792401313782,0.8051947951316833,0.7727272510528564,0.7597402334213257,0.8116883039474487,0.7662337422370911,0.7402597665786743,0.8766233921051025,0.7662337422370911,0.7792207598686218,0.7402597665786743,0.7922077775001526,0.6298701167106628,0.8311688303947449,0.7857142686843872,0.7922077775001526,0.8766233921051025,0.6883116960525513,0.7662337422370911,0.8116883039474487,0.8181818127632141,0.6038960814476013,0.7467532753944397,0.6818181872367859,0.6948052048683167,0.6558441519737244,0.5584415793418884,0.6233766078948975,0.6818181872367859,0.6623376607894897,0.5779221057891846,0.5844155550003052,0.6883116960525513,0.6363636255264282,0.6818181872367859,0.6168830990791321,0.6038960814476013,0.5194805264472961,0.5779221057891846,0.5909090638160706,0.5649350881576538,0.5714285969734192,0.551948070526123,0.5454545617103577,0.551948070526123,0.5194805264472961,0.6298701167106628,0.551948070526123,0.649350643157959,0.5,0.5584415793418884,0.5064935088157654,0.5324675440788269,0.5,0.4935064911842346,0.551948070526123,0.5389610528945923,0.4935064911842346,0.5389610528945923,0.6038960814476013,0.5064935088157654,0.6103895902633667,0.7142857313156128,0.5584415793418884,0.5389610528945923,0.6168830990791321,0.6883116960525513,0.6298701167106628,0.5194805264472961,0.6883116960525513,0.6883116960525513,0.7597402334213257,0.6948052048683167,0.7077922224998474,0.6298701167106628,0.6948052048683167,0.7077922224998474,0.7597402334213257,0.8051947951316833,0.6623376607894897,0.8051947951316833,0.8116883039474487,1.0,0.6883116960525513,0.8376623392105103,0.8831169009208679,0.8636363744735718,0.7077922224998474,0.8181818127632141,0.6298701167106628,0.5779221057891846,0.5844155550003052,0.4545454680919647,0.31168830394744873,0.1818181872367859,0.09090909361839294,0.13636364042758942,0.05844155699014664,0.025974025949835777,0.0,0.025974025949835777,0.05844155699014664,0.12337662279605865,0.10389610379934311,0.1753246784210205,0.31168830394744873,0.4545454680919647,0.5649350881576538,0.5844155550003052,0.6298701167106628,0.8311688303947449,0.6818181872367859,0.8311688303947449,0.9090909361839294,0.8441558480262756,0.7077922224998474,0.9870129823684692,0.8051947951316833,0.8116883039474487,0.6623376607894897,0.7922077775001526,0.7857142686843872,0.6948052048683167,0.6948052048683167,0.6363636255264282,0.6948052048683167,0.6948052048683167,0.7662337422370911,0.6883116960525513,0.6948052048683167,0.5194805264472961,0.6298701167106628,0.6948052048683167,0.6168830990791321,0.5259740352630615,0.5649350881576538,0.701298713684082,0.6363636255264282,0.5064935088157654,0.5974025726318359,0.5389610528945923,0.5064935088157654,0.5194805264472961,0.5584415793418884,0.4935064911842346,0.4935064911842346,0.5324675440788269,0.5129870176315308,0.551948070526123,0.5,0.6298701167106628,0.5779221057891846,0.6233766078948975,0.5324675440788269,0.5389610528945923,0.551948070526123,0.551948070526123,0.5779221057891846,0.5584415793418884,0.5844155550003052,0.5844155550003052,0.5,0.6168830990791321,0.6233766078948975,0.6753246784210205,0.6233766078948975,0.6818181872367859,0.5844155550003052,0.6168830990791321,0.6428571343421936,0.649350643157959,0.6428571343421936,0.5909090638160706,0.6428571343421936,0.6948052048683167,0.6688311696052551,0.7532467246055603,0.5844155550003052,0.8376623392105103,0.7792207598686218,0.798701286315918,0.6948052048683167,0.8766233921051025,0.7727272510528564,0.8051947951316833,0.8311688303947449,0.6298701167106628,0.7792207598686218,0.7402597665786743,0.7857142686843872,0.7532467246055603,0.8896104097366333,0.7337662577629089,0.7662337422370911,0.8181818127632141,0.7662337422370911,0.7467532753944397,0.8116883039474487,0.6883116960525513,0.40909090638160706
0.4285714328289032,0.5714285969734192,0.8571428656578064,0.5714285969734192,0.8571428656578064,0.1428571492433548,0.4285714328289032,0.2857142984867096,0.5714285969734192,0.4285714328289032,0.5714285969734192,0.5714285969734192,0.1428571492433548,0.5714285969734192,0.2857142984867096,0.7142857313156128,0.4285714328289032,0.5714285969734192,0.2857142984867096,0.2857142984867096,0.4285714328289032,0.4285714328289032,0.2857142984867096,0.2857142984867096,0.5714285969734192,0.0,0.4285714328289032,0.5714285969734192,0.4285714328289032,0.5714285969734192,0.2857142984867096,0.5714285969734192,0.5714285969734192,0.7142857313156128,0.2857142984867096,0.5714285969734192,0.4285714328289032,0.5714285969734192,0.2857142984867096,0.2857142984867096,0.4285714328289032,0.4285714328289032,0.2857142984867096,0.4285714328289032,0.4285714328289032,0.2857142984867096,0.5714285969734192,0.7142857313156128,0.2857142984867096,0.7142857313156128,0.4285714328289032,0.8571428656578064,0.0,0.5714285969734192,0.2857142984867096,0.2857142984867096,0.8571428656578064,0.2857142984867096,0.1428571492433548,0.5714285969734192,0.2857142984867096,0.1428571492433548,0.5714285969734192,0.4285714328289032,0.7142857313156128,0.5714285969734192,0.2857142984867096,1.0,0.5714285969734192,0.5714285969734192,0.8571428656578064,0.4285714328289032,0.1428571492433548,0.2857142984867096,0.5714285969734192,0.5714285969734192,0.2857142984867096,0.5714285969734192,0.4285714328289032,0.7142857313156128,0.2857142984867096,0.5714285969734192,0.1428571492433548,0.7142857313156128,1.0,0.8571428656578064,0.5714285969734192,0.4285714328289032,0.7142857313156128,0.5714285969734192,0.8571428656578064,0.4285714328289032,0.4285714328289032,0.2857142984867096,0.4285714328289032,0.1428571492433548,0.2857142984867096,0.0,0.1428571492433548,0.2857142984867096,0.0,0.2857142984867096,0.1428571492433548,0.0,0.2857142984867096,0.1428571492433548,0.4285714328289032,0.2857142984867096,0.4285714328289032,0.4285714328289032,0.8571428656578064,0.5714285969734192,0.5714285969734192,0.5714285969734192,0.5714285969734192,0.8571428656578064,1.0,0.7142857313156128,0.1428571492433548,0.2857142984867096,0.5714285969734192,0.5714285969734192,0.5714285969734192,0.5714285969734192,0.2857142984867096,0.4285714328289032,0.5714285969734192,0.4285714328289032,0.1428571492433548,0.4285714328289032,0.8571428656578064,0.5714285969734192,0.5714285969734192,1.0,0.2857142984867096,0.5714285969734192,0.7142857313156128,0.4285714328289032,0.5714285969734192,0.1428571492433548,0.2857142984867096,0.5714285969734192,0.1428571492433548,0.2857142984867096,0.8571428656578064,0.2857142984867096,0.2857142984867096,0.5714285969734192,0.0,0.8571428656578064,0.4285714328289032,0.7142857313156128,0.2857142984867096,0.5714285969734192,0.7142857313156128,0.2857142984867096,0.4285714328289032,0.4285714328289032,0.1428571492433548,0.5714285969734192,0.4285714328289032,0.2857142984867096,0.2857142984867096,0.5714285969734192,0.4285714328289032,0.5714285969734192,0.2857142984867096,0.5714285969734192,0.7142857313156128,0.4285714328289032,0.4285714328289032,0.5714285969734192,0.4285714328289032,0.5714285969734192,0.4285714328289032,0.0,0.5714285969734192,0.2857142984867096,0.2857142984867096,0.4285714328289032,0.4285714328289032,0.2857142984867096,0.2857142984867096,0.5714285969734192,0.4285714328289032,0.7142857313156128,0.2857142984867096,0.5714285969734192,0.1428571492433548,0.5714285969734192,0.5714285969734192,0.4285714328289032,0.5714285969734192,0.2857142984867096,0.4285714328289032,0.1428571492433548,0.8571428656578064,0.5714285969734192,0.8571428656578064,0.5714285969734192,0.4285714328289032
0.36216652393341064,0.7029102444648743,0.7160468697547913,0.7441390752792358,0.7257477641105652,0.706750214099884,0.7265561819076538,0.7318108081817627,0.7041229009628296,0.7305982112884521,0.719886839389801,0.7273645997047424,0.7447453737258911,0.7362570762634277,0.7324171662330627,0.7560630440711975,0.7532336115837097,0.7332255244255066,0.741309642791748,0.7435327172279358,0.7495958209037781,0.7584882974624634,0.75828617811203,0.7437348365783691,0.7497978806495667,0.7301940321922302,0.7506062984466553,0.746160089969635,0.7528294324874878,0.7764753699302673,0.7694017887115479,0.766976535320282,0.7629345059394836,0.7637429237365723,0.7352465391159058,0.7815278768539429,0.7647534608840942,0.771422803401947,0.8035569787025452,0.796685516834259,0.7748585343360901,0.7865804433822632,0.7871867418289185,0.7641471028327942,0.8308407664299011,0.8148747086524963,0.8007275462150574,0.8449878692626953,0.8425626754760742,0.8150768280029297,0.8166936039924622,0.8126515746116638,0.8209377527236938,0.8233629465103149,0.8251819014549255,0.8470088839530945,0.8595392107963562,0.8686338067054749,0.8660064935684204,0.8684316873550415,0.8581244945526123,0.8775262832641602,0.8943006992340088,0.9003638029098511,0.9351252913475037,0.91390460729599,0.9286580681800842,0.9333063960075378,0.9292643666267395,0.9385610222816467,0.9676637053489685,0.9504850506782532,0.9814066290855408,0.9662489891052246,0.9929264187812805,0.9814066290855408,0.9799919128417969,0.9933306574821472,0.9971705675125122,0.9593775272369385,0.9808003306388855,0.995149552822113,0.9812045097351074,0.9797897934913635,0.9559417963027954,0.9296685457229614,0.943613588809967,0.8815683126449585,0.8003233671188354,0.766976535320282,0.6768391132354736,0.5668957233428955,0.46038803458213806,0.34114792943000793,0.20392078161239624,0.12651576101779938,0.0753839910030365,0.0547696053981781,0.05860953778028488,0.05012126266956329,0.0,0.047493938356637955,0.05941794812679291,0.0547696053981781,0.07437348365783691,0.12469685077667236,0.20149555802345276,0.3375101089477539,0.4494745433330536,0.5662894248962402,0.6752223372459412,0.7681891918182373,0.7960792183876038,0.8726758360862732,0.9464430212974548,0.9359337091445923,0.948464035987854,0.9719078540802002,0.9870654940605164,1.0,0.9860549569129944,0.9591754078865051,0.9892886281013489,0.9963621497154236,0.9771624803543091,0.9846402406692505,0.9856507778167725,0.9656426906585693,0.9866612553596497,0.9559417963027954,0.9652384519577026,0.9383589625358582,0.9373484253883362,0.9248180985450745,0.9236055016517639,0.9124898910522461,0.9369442462921143,0.9058205485343933,0.8943006992340088,0.8801535964012146,0.8571139574050903,0.8726758360862732,0.8603476285934448,0.8676232695579529,0.8510509133338928,0.8516572117805481,0.8362975120544434,0.8227566480636597,0.8231608867645264,0.8100242614746094,0.8150768280029297,0.8199272155761719,0.8324575424194336,0.8379142880439758,0.8138641715049744,0.8130557537078857,0.8354890942573547,0.763136625289917,0.7873888611793518,0.7892077565193176,0.7696039080619812,0.797696053981781,0.7863783240318298,0.7863783240318298,0.7712206840515137,0.779708981513977,0.7312045097351074,0.7633387446403503,0.767987072467804,0.7633387446403503,0.7637429237365723,0.7734438180923462,0.759296715259552,0.7518188953399658,0.7536378502845764,0.7265561819076538,0.7471705675125122,0.7475748062133789,0.7560630440711975,0.7542441487312317,0.745149552822113,0.7481811046600342,0.7471705675125122,0.7346402406692505,0.7518188953399658,0.7603071928024292,0.7271624803543091,0.7354486584663391,0.7441390752792358,0.719886839389801,0.7299919128417969,0.7243330478668213,0.7113985419273376,0.728577196598053,0.7255457043647766,0.7093775272369385,0.724737286567688,0.7370654940605164,0.7150363922119141,0.7132174372673035,0.3833872377872467
0.04054053872823715,0.13513512909412384,0.2432432472705841,0.14864864945411682,0.29729729890823364,0.2432432472705841,0.18918919563293457,0.13513512909412384,0.12162162363529205,0.18918919563293457,0.1621621549129486,0.1756756752729416,0.10810811072587967,0.2702702581882477,0.13513512909412384,0.12162162363529205,0.12162162363529205,0.22972972691059113,0.1756756752729416,0.21621622145175934,0.1756756752729416,0.13513512909412384,0.18918919563293457,0.20270270109176636,0.13513512909412384,0.20270270109176636,0.2432432472705841,0.1756756752729416,0.18918919563293457,0.13513512909412384,0.13513512909412384,0.14864864945411682,0.22972972691059113,0.1756756752729416,0.06756756454706192,0.22972972691059113,0.13513512909412384,0.1756756752729416,0.21621622145175934,0.13513512909412384,0.13513512909412384,0.1621621549129486,0.14864864945411682,0.13513512909412384,0.0810810774564743,0.18918919563293457,0.12162162363529205,0.13513512909412384,0.14864864945411682,0.1756756752729416,0.14864864945411682,0.13513512909412384,0.13513512909412384,0.18918919563293457,0.0810810774564743,0.10810811072587967,0.06756756454706192,0.12162162363529205,0.12162162363529205,0.09459459781646729,0.14864864945411682,0.14864864945411682,0.054054055362939835,0.0810810774564743,0.1756756752729416,0.0810810774564743,0.09459459781646729,0.13513512909412384,0.09459459781646729,0.09459459781646729,0.10810811072587967,0.20270270109176636,0.13513512909412384,0.0810810774564743,0.13513512909412384,0.12162162363529205,0.10810811072587967,0.12162162363529205,0.18918919563293457,0.1756756752729416,0.1756756752729416,0.20270270109176636,0.14864864945411682,0.14864864945411682,0.2567567527294159,0.20270270109176636,0.13513512909412384,0.20270270109176636,0.28378379344940186,0.3378378450870514,0.29729729890823364,0.45945945382118225,0.5810810923576355,0.6351351141929626,0.9729729890823364,0.9594594836235046,0.6891891956329346,0.06756756454706192,0.027027027681469917,0.027027027681469917,0.0,0.027027027681469917,0.027027027681469917,0.054054055362939835,0.662162184715271,0.9459459185600281,1.0,0.6216216087341309,0.6216216087341309,0.4324324429035187,0.3243243098258972,0.3378378450870514,0.28378379344940186,0.20270270109176636,0.12162162363529205,0.21621622145175934,0.2432432472705841,0.1621621549129486,0.13513512909412384,0.21621622145175934,0.1756756752729416,0.1621621549129486,0.18918919563293457,0.13513512909412384,0.10810811072587967,0.12162162363529205,0.13513512909412384,0.0810810774564743,0.13513512909412384,0.18918919563293457,0.12162162363529205,0.09459459781646729,0.09459459781646729,0.12162162363529205,0.10810811072587967,0.0810810774564743,0.1756756752729416,0.0810810774564743,0.054054055362939835,0.14864864945411682,0.10810811072587967,0.13513512909412384,0.12162162363529205,0.12162162363529205,0.054054055362939835,0.10810811072587967,0.0810810774564743,0.20270270109176636,0.13513512909412384,0.12162162363529205,0.1621621549129486,0.1621621549129486,0.1621621549129486,0.13513512909412384,0.12162162363529205,0.18918919563293457,0.0810810774564743,0.12162162363529205,0.14864864945411682,0.1756756752729416,0.12162162363529205,0.14864864945411682,0.1756756752729416,0.21621622145175934,0.13513512909412384,0.21621622145175934,0.0810810774564743,0.1756756752729416,0.21621622145175934,0.1621621549129486,0.12162162363529205,0.13513512909412384,0.18918919563293457,0.1756756752729416,0.22972972691059113,0.22972972691059113,0.13513512909412384,0.18918919563293457,0.18918919563293457,0.13513512909412384,0.1756756752729416,0.22972972691059113,0.13513512909412384,0.2702702581882477,0.12162162363529205,0.12162162363529205,0.13513512909412384,0.2702702581882477,0.10810811072587967,0.14864864945411682,0.18918919563293457,0.18918919563293457,0.12162162363529205,0.13513512909412384,0.18918919563293457,0.21621622145175934,0.3243243098258972,0.13513512909412384,0.2432432472705841,0.12162162363529205,0.06756756454706192
0.35593220591545105,0.9067796468734741,0.8898305296897888,0.9152542352676392,0.7542372941970825,0.7881355881690979,1.0,0.9661017060279846,0.8389830589294434,0.7711864113807678,0.7627118825912476,0.6779661178588867,0.7796609997749329,0.7711864113807678,0.7627118825912476,0.7542372941970825,0.8898305296897888,0.7033898234367371,0.8898305296897888,0.8728813529014587,0.6525423526763916,0.7457627058029175,0.8474576473236084,0.7627118825912476,0.7457627058029175,0.8389830589294434,0.6355932354927063,0.6694915294647217,0.8305084705352783,0.7033898234367371,0.7033898234367371,0.8135592937469482,0.7033898234367371,0.7542372941970825,0.7033898234367371,0.6355932354927063,0.6016949415206909,0.7033898234367371,0.4830508530139923,0.6101694703102112,0.5338982939720154,0.7118644118309021,0.6186440587043762,0.6864407062530518,0.5847457647323608,0.5593220591545105,0.6186440587043762,0.5508474707603455,0.5508474707603455,0.5,0.5254237055778503,0.5423728823661804,0.5338982939720154,0.4067796468734741,0.43220338225364685,0.5,0.4406779706478119,0.5,0.5423728823661804,0.38983049988746643,0.3050847351551056,0.5593220591545105,0.41525423526763916,0.43220338225364685,0.3644067943096161,0.43220338225364685,0.4237288236618042,0.3305084705352783,0.4237288236618042,0.4406779706478119,0.35593220591545105,0.3813559412956238,0.33898305892944336,0.31355932354927063,0.3813559412956238,0.39830508828163147,0.3305084705352783,0.347457617521286,0.3644067943096161,0.3644067943096161,0.4067796468734741,0.4661017060279846,0.3644067943096161,0.4661017060279846,0.43220338225364685,0.41525423526763916,0.4576271176338196,0.3813559412956238,0.43220338225364685,0.3050847351551056,0.5,0.3050847351551056,0.347457617521286,0.29661017656326294,0.24576270580291748,0.11016949266195297,0.06779661029577255,0.025423727929592133,0.0,0.025423727929592133,0.0,0.025423727929592133,0.0,0.016949152573943138,0.0762711837887764,0.09322033822536469,0.26271185278892517,0.29661017656326294,0.32203391194343567,0.32203391194343567,0.49152541160583496,0.3050847351551056,0.4406779706478119,0.38983049988746643,0.41525423526763916,0.44915252923965454,0.4237288236618042,0.44915252923965454,0.38983049988746643,0.4406779706478119,0.43220338225364685,0.347457617521286,0.3813559412956238,0.3050847351551056,0.37288135290145874,0.38983049988746643,0.38983049988746643,0.29661017656326294,0.347457617521286,0.39830508828163147,0.347457617521286,0.4406779706478119,0.4237288236618042,0.32203391194343567,0.4406779706478119,0.41525423526763916,0.3813559412956238,0.41525423526763916,0.43220338225364685,0.5508474707603455,0.3050847351551056,0.37288135290145874,0.5508474707603455,0.508474588394165,0.4406779706478119,0.5,0.4237288236618042,0.4067796468734741,0.5508474707603455,0.508474588394165,0.5508474707603455,0.5,0.5338982939720154,0.5508474707603455,0.6186440587043762,0.5677965879440308,0.6016949415206909,0.6694915294647217,0.6101694703102112,0.7203390002250671,0.5423728823661804,0.6101694703102112,0.4576271176338196,0.7288135886192322,0.6101694703102112,0.6271186470985413,0.694915235042572,0.7542372941970825,0.694915235042572,0.8220338821411133,0.7033898234367371,0.694915235042572,0.7881355881690979,0.7118644118309021,0.6271186470985413,0.8728813529014587,0.7372881174087524,0.7711864113807678,0.8305084705352783,0.7372881174087524,0.6525423526763916,0.8644067645072937,0.8898305296897888,0.7288135886192322,0.8559321761131287,0.7796609997749329,0.7711864113807678,0.7627118825912476,0.7711864113807678,0.6610169410705566,0.7881355881690979,0.7542372941970825,0.8644067645072937,0.9576271176338196,0.9745762944221497,0.805084764957428,0.7542372941970825,0.9067796468734741,0.8898305296897888,0.9152542352676392,0.3813559412956238
0.4736842215061188,0.8914473652839661,0.9638158082962036,0.8782894611358643,0.7993420958518982,0.8289473652839661,0.8092105388641357,0.8157894611358643,0.8815789222717285,0.8519737124443054,0.7763158082962036,0.9473684430122375,0.9375,0.6644737124443054,0.9013158082962036,0.8092105388641357,0.9111841917037964,0.8881579041481018,0.9375,0.8388158082962036,0.875,0.7960526347160339,0.8322368264198303,0.7368420958518982,0.8552631735801697,0.9638158082962036,0.9868420958518982,0.8585526347160339,0.8059210777282715,0.9013158082962036,0.8157894611358643,0.8256579041481018,0.9177631735801697,0.7927631735801697,0.7894737124443054,0.8486841917037964,0.8585526347160339,0.7960526347160339,0.7993420958518982,0.8059210777282715,0.9703947305679321,0.8421052694320679,0.8552631735801697,0.9342105388641357,0.8881579041481018,0.8618420958518982,0.9046052694320679,0.8782894611358643,0.8914473652839661,0.8585526347160339,0.8881579041481018,0.7960526347160339,0.8092105388641357,0.8815789222717285,0.9046052694320679,0.8519737124443054,0.7269737124443054,0.8322368264198303,0.8684210777282715,0.7861841917037964,0.7894737124443054,0.7598684430122375,0.9078947305679321,0.8585526347160339,0.8256579041481018,0.8059210777282715,0.7565789222717285,0.8486841917037964,0.875,0.9407894611358643,0.9046052694320679,0.8519737124443054,0.8914473652839661,0.8486841917037964,0.8486841917037964,0.6940789222717285,0.7763158082962036,0.8059210777282715,0.6513158082962036,0.5986841917037964,0.5921052694320679,0.5460526347160339,0.37828946113586426,0.39144736528396606,0.40789473056793213,0.28947368264198303,0.24671052396297455,0.24013157188892365,0.1743421107530594,0.20723684132099152,0.17105263471603394,0.1315789520740509,0.11184210330247879,0.125,0.1184210553765297,0.10526315867900848,0.0690789446234703,0.12171052396297455,0.10197368264198303,0.055921051651239395,0.0,0.05263157933950424,0.09210526198148727,0.1315789520740509,0.0690789446234703,0.10526315867900848,0.12171052396297455,0.12171052396297455,0.11184210330247879,0.12828947603702545,0.1743421107530594,0.2006578892469406,0.17763157188892365,0.2368421107530594,0.2434210479259491,0.2993420958518982,0.3881579041481018,0.3947368562221527,0.38486841320991516,0.5493420958518982,0.5888158082962036,0.6052631735801697,0.6348684430122375,0.8190789222717285,0.7664473652839661,0.6907894611358643,0.8355262875556946,0.8519737124443054,0.8684210777282715,0.875,0.9111841917037964,0.9210526347160339,0.8980262875556946,0.8256579041481018,0.7763158082962036,0.8059210777282715,0.8322368264198303,0.8453947305679321,0.9210526347160339,0.7631579041481018,0.7730262875556946,0.7861841917037964,0.8684210777282715,0.8486841917037964,0.7236841917037964,0.8552631735801697,0.9078947305679321,0.8651315569877625,0.8092105388641357,0.7960526347160339,0.9046052694320679,0.8519737124443054,0.8815789222717285,0.875,0.9046052694320679,0.875,0.875,0.9342105388641357,0.8552631735801697,0.8552631735801697,0.9539473652839661,0.8157894611358643,0.7697368264198303,0.8190789222717285,0.8684210777282715,0.8453947305679321,0.7697368264198303,0.8157894611358643,0.9243420958518982,0.8157894611358643,0.8256579041481018,0.8782894611358643,0.8223684430122375,0.8421052694320679,1.0,0.9638158082962036,0.8552631735801697,0.75,0.8190789222717285,0.7960526347160339,0.8618420958518982,0.8421052694320679,0.9473684430122375,0.8947368264198303,0.8914473652839661,0.8256579041481018,0.9013158082962036,0.6677631735801697,0.9243420958518982,0.9309210777282715,0.8125,0.8355262875556946,0.8914473652839661,0.7993420958518982,0.7894737124443054,0.8519737124443054,0.8125,0.8914473652839661,0.9243420958518982,0.9046052694320679,0.5065789222717285
0.41908714175224304,0.9709543585777283,0.9502074718475342,0.9751037359237671,0.908713698387146,0.8381742835044861,0.8589211702346802,0.8962655663490295,0.8879668116569519,0.8298755288124084,0.8132780194282532,0.8547717928886414,0.8381742835044861,0.8879668116569519,0.8008298873901367,0.8091286420822144,0.9004149436950684,0.7593361139297485,0.8008298873901367,0.8049792647361755,0.9253112077713013,0.8298755288124084,0.8755186796188354,0.8091286420822144,0.8298755288124084,0.8838174343109131,0.7676348686218262,0.7883817553520203,0.7966805100440979,0.7427386045455933,0.7759336233139038,0.7385892271995544,0.7759336233139038,0.5726141333580017,0.7759336233139038,0.7136929631233215,0.7468879818916321,0.7012448310852051,0.7427386045455933,0.7551867365837097,0.8132780194282532,0.8713693022727966,0.6929460763931274,0.7344398498535156,0.7468879818916321,0.7302904725074768,0.7136929631233215,0.7883817553520203,0.6680498123168945,0.6514523029327393,0.6846473217010498,0.7053942084312439,0.6597510576248169,0.6224066615104675,0.7676348686218262,0.6058091521263123,0.6763485670089722,0.6929460763931274,0.6099585294723511,0.7468879818916321,0.6182572841644287,0.7136929631233215,0.5518672466278076,0.6182572841644287,0.6514523029327393,0.726141095161438,0.5518672466278076,0.6721991896629333,0.5518672466278076,0.6016597747802734,0.5518672466278076,0.6141079068183899,0.5103734731674194,0.54356849193573,0.5020747184753418,0.5311203598976135,0.40248963236808777,0.3692946135997772,0.37344399094581604,0.35269710421562195,0.35684648156166077,0.31120333075523376,0.3195020854473114,0.26141080260276794,0.1618257313966751,0.24066390097141266,0.13278008997440338,0.11618257313966751,0.09958506375551224,0.10373444110155106,0.058091286569833755,0.062240663915872574,0.07053942233324051,0.037344399839639664,0.04979253187775612,0.02489626593887806,0.01244813296943903,0.06639004498720169,0.037344399839639664,0.058091286569833755,0.0,0.058091286569833755,0.037344399839639664,0.06639004498720169,0.01244813296943903,0.02489626593887806,0.04149377718567848,0.0456431545317173,0.07053942233324051,0.062240663915872574,0.058091286569833755,0.09958506375551224,0.09958506375551224,0.11203319579362869,0.1369294673204422,0.23236514627933502,0.17012448608875275,0.2531120479106903,0.3195020854473114,0.31120333075523376,0.3651452362537384,0.35684648156166077,0.3609958589076996,0.37344399094581604,0.3858921229839325,0.54356849193573,0.5020747184753418,0.5269709825515747,0.5186722278594971,0.6099585294723511,0.54356849193573,0.6182572841644287,0.5518672466278076,0.6597510576248169,0.5643153786659241,0.7053942084312439,0.6556016802787781,0.6265560388565063,0.5684647560119629,0.6929460763931274,0.6224066615104675,0.7468879818916321,0.6307054162025452,0.6639004349708557,0.680497944355011,0.6265560388565063,0.7510373592376709,0.6390041708946228,0.6390041708946228,0.7219917178153992,0.6680498123168945,0.6431535482406616,0.6721991896629333,0.8091286420822144,0.6970954537391663,0.7385892271995544,0.7510373592376709,0.7219917178153992,0.6887966990470886,0.8713693022727966,0.8257261514663696,0.7468879818916321,0.7385892271995544,0.7095435857772827,0.7593361139297485,0.7053942084312439,0.771784245967865,0.5809128880500793,0.7676348686218262,0.7510373592376709,0.7842323780059814,0.7053942084312439,0.7966805100440979,0.7966805100440979,0.7676348686218262,0.8962655663490295,0.8091286420822144,0.8215767741203308,0.8962655663490295,0.8298755288124084,0.8962655663490295,0.8215767741203308,0.7925311326980591,0.771784245967865,0.8838174343109131,0.8257261514663696,0.8049792647361755,0.8838174343109131,0.8257261514663696,0.8464730381965637,0.8132780194282532,0.8257261514663696,0.9045643210411072,0.8879668116569519,0.8713693022727966,0.8423236608505249,0.9045643210411072,0.9751037359237671,0.9170124530792236,1.0,0.44398340582847595
0.0,0.0,0.0,0.0,0.0,0.0,0.0,0.0,1.0,0.0,0.0,0.0,1.0,1.0,0.0,0.0,0.0,1.0,0.0,0.0,0.0,0.0,0.0,0.0,0.0,1.0,1.0,0.0,0.0,0.0,0.0,0.0,0.0,0.0,0.0,1.0,0.0,0.0,0.0,0.0,0.0,0.0,0.0,0.0,0.0,0.0,0.0,0.0,0.0,0.0,0.0,1.0,0.0,0.0,1.0,0.0,0.0,0.0,1.0,1.0,0.0,0.0,0.0,0.0,0.0,0.0,1.0,0.0,1.0,0.0,0.0,0.0,0.0,0.0,1.0,0.0,0.0,0.0,0.0,0.0,0.0,0.0,0.0,0.0,0.0,0.0,0.0,0.0,0.0,0.0,1.0,0.0,0.0,1.0,1.0,0.0,0.0,0.0,0.0,0.0,0.0,0.0,0.0,0.0,0.0,0.0,1.0,1.0,0.0,0.0,1.0,0.0,0.0,0.0,0.0,0.0,0.0,0.0,0.0,0.0,0.0,0.0,0.0,0.0,0.0,0.0,1.0,0.0,0.0,0.0,0.0,0.0,1.0,0.0,1.0,0.0,0.0,0.0,0.0,0.0,0.0,1.0,1.0,0.0,0.0,0.0,0.0,1.0,0.0,1.0,0.0,0.0,0.0,0.0,0.0,0.0,0.0,0.0,0.0,0.0,0.0,0.0,0.0,0.0,0.0,1.0,0.0,0.0,0.0,0.0,0.0,0.0,0.0,0.0,1.0,1.0,0.0,0.0,0.0,0.0,0.0,0.0,0.0,1.0,0.0,0.0,0.0,1.0,1.0,0.0,0.0,0.0,1.0,0.0,0.0,0.0,0.0,0.0,0.0,0.0,0.0
0.0,0.0,0.0,0.3333333432674408,0.6666666865348816,0.0,0.0,0.3333333432674408,0.0,0.0,0.0,0.3333333432674408,0.0,0.3333333432674408,0.3333333432674408,0.0,0.0,0.3333333432674408,0.0,0.0,0.0,0.3333333432674408,0.0,0.0,0.0,0.3333333432674408,0.0,0.3333333432674408,0.0,0.3333333432674408,0.0,0.6666666865348816,1.0,0.0,0.3333333432674408,0.0,0.0,0.0,0.0,0.6666666865348816,0.3333333432674408,0.0,0.0,0.0,0.3333333432674408,0.3333333432674408,0.0,0.6666666865348816,0.0,0.0,0.3333333432674408,0.0,0.0,0.0,0.3333333432674408,0.0,0.0,0.3333333432674408,0.3333333432674408,0.3333333432674408,0.0,0.3333333432674408,0.0,0.0,0.0,0.0,0.0,0.3333333432674408,0.3333333432674408,0.0,0.3333333432674408,0.0,0.0,1.0,0.0,0.3333333432674408,0.3333333432674408,0.0,0.6666666865348816,0.3333333432674408,0.0,0.0,0.3333333432674408,0.3333333432674408,0.3333333432674408,0.0,0.0,0.6666666865348816,0.3333333432674408,0.0,0.0,0.0,0.6666666865348816,0.3333333432674408,0.3333333432674408,0.3333333432674408,0.0,0.0,0.0,0.0,0.0,0.0,0.0,0.0,0.0,0.3333333432674408,0.3333333432674408,0.3333333432674408,0.6666666865348816,0.0,0.0,0.0,0.3333333432674408,0.6666666865348816,0.0,0.0,0.3333333432674408,0.3333333432674408,0.3333333432674408,0.0,0.0,0.3333333432674408,0.6666666865348816,0.0,0.3333333432674408,0.3333333432674408,0.0,1.0,0.0,0.0,0.3333333432674408,0.0,0.3333333432674408,0.3333333432674408,0.0,0.0,0.0,0.0,0.0,0.3333333432674408,0.0,0.3333333432674408,0.3333333432674408,0.3333333432674408,0.0,0.0,0.3333333432674408,0.0,0.0,0.0,0.3333333432674408,0.0,0.0,0.6666666865348816,0.0,0.3333333432674408,0.3333333432674408,0.0,0.0,0.0,0.3333333432674408,0.6666666865348816,0.0,0.0,0.0,0.0,0.3333333432674408,0.0,1.0,0.6666666865348816,0.0,0.3333333432674408,0.0,0.3333333432674408,0.0,0.3333333432674408,0.0,0.0,0.0,0.3333333432674408,0.0,0.0,0.0,0.3333333432674408,0.0,0.0,0.3333333432674408,0.3333333432674408,0.0,0.3333333432674408,0.0,0.0,0.0,0.3333333432674408,0.0,0.0,0.6666666865348816,0.3333333432674408,0.0,0.0,0.0
0.0,1.0,0.0,0.0,0.0,0.25,0.0,0.5,0.75,0.75,1.0,0.25,0.0,0.25,0.0,0.0,0.25,0.5,0.25,0.25,0.25,0.0,0.5,0.25,0.75,0.25,0.5,0.75,0.75,0.25,0.5,0.25,0.0,0.75,0.5,0.25,0.75,0.0,0.5,0.25,0.25,0.5,0.0,0.0,0.0,0.0,0.75,0.5,0.5,0.0,0.0,0.25,0.0,0.0,0.75,0.25,0.0,0.25,0.5,0.5,0.25,0.0,0.5,0.25,0.25,0.0,0.5,0.25,0.25,0.0,0.5,0.5,0.25,0.0,0.0,0.0,0.75,0.0,0.0,0.0,0.25,0.25,0.75,0.75,0.25,0.0,0.0,1.0,0.75,0.0,0.0,0.0,0.0,0.25,0.5,0.25,0.25,0.0,0.25,0.0,0.0,0.0,0.25,0.0,0.25,0.25,0.5,0.25,0.0,0.0,0.0,0.0,0.75,1.0,0.0,0.0,0.0,1.0,0.75,0.25,0.25,0.0,0.0,0.0,0.75,0.0,0.0,0.0,0.25,0.5,0.5,0.0,0.25,0.25,0.5,0.0,0.25,0.25,0.5,0.0,0.25,0.5,0.5,0.25,0.0,0.25,0.75,0.0,0.0,0.25,0.0,0.0,0.5,0.5,0.5,0.25,0.0,0.0,0.0,0.5,0.25,0.25,0.5,0.0,0.75,0.25,0.5,0.75,0.0,0.25,0.25,0.5,0.75,0.75,0.25,0.5,0.75,0.25,0.5,0.0,0.25,0.25,0.25,0.5,0.0,0.25,0.0,0.25,0.0,0.25,1.0,0.75,0.75,0.5,0.0,0.25,0.0,0.0,0.0,1.0,0.0
0.0,1.0,0.0,0.5,0.0,0.0,0.0,0.0,0.0,0.0,0.0,0.0,0.0,0.0,0.0,0.0,0.0,0.0,0.0,0.0,0.0,0.0,0.0,0.5,0.0,0.0,0.0,0.0,0.5,0.0,0.0,0.5,0.0,0.0,0.0,0.0,0.0,0.0,0.0,0.0,0.0,0.5,0.5,0.0,0.0,0.0,0.0,0.0,0.0,0.0,0.5,0.0,0.0,0.5,0.0,0.0,0.5,0.0,0.0,0.0,0.0,0.0,0.0,0.0,0.0,0.5,0.0,0.0,0.0,0.0,0.0,0.0,0.5,0.0,0.0,0.0,0.0,0.0,0.0,0.0,0.0,0.0,0.5,0.0,0.5,0.5,0.0,0.5,0.0,0.0,0.5,1.0,0.0,0.0,0.0,0.0,0.0,0.0,0.0,0.0,0.0,0.0,0.0,0.0,0.0,0.0,0.0,0.0,0.0,1.0,0.5,0.0,0.0,0.5,0.0,0.5,0.0,0.5,0.5,0.0,0.0,0.0,0.0,0.0,0.0,0.0,0.0,0.0,0.5,0.0,0.0,0.0,0.0,0.0,0.0,0.0,0.5,0.0,0.0,0.0,0.0,0.0,0.0,0.0,0.5,0.0,0.0,0.0,0.5,0.0,0.5,0.0,0.0,0.0,0.0,0.0,0.0,0.0,0.5,0.5,0.0,0.0,0.0,0.0,0.0,0.0,0.0,0.0,0.0,0.5,0.0,0.0,0.5,0.0,0.0,0.0,0.0,0.5,0.0,0.0,0.0,0.0,0.0,0.0,0.0,0.0,0.0,0.0,0.0,0.0,0.0,0.0,0.0,0.0,0.0,0.0,0.0,0.5,0.0,1.0,0.0
0.05882352963089943,0.29411765933036804,0.1764705926179886,0.05882352963089943,0.11764705926179886,0.4117647111415863,0.529411792755127,0.47058823704719543,0.4117647111415863,0.23529411852359772,0.5882353186607361,0.3529411852359772,0.3529411852359772,0.4117647111415863,0.23529411852359772,0.11764705926179886,0.11764705926179886,0.1764705926179886,0.29411765933036804,0.529411792755127,0.47058823704719543,0.3529411852359772,0.29411765933036804,0.1764705926179886,0.29411765933036804,0.5882353186607361,0.1764705926179886,0.4117647111415863,0.4117647111415863,0.5882353186607361,0.4117647111415863,0.29411765933036804,0.529411792755127,0.3529411852359772,0.3529411852359772,0.11764705926179886,0.4117647111415863,0.1764705926179886,0.29411765933036804,0.47058823704719543,0.4117647111415863,0.11764705926179886,0.05882352963089943,0.47058823704719543,0.5882353186607361,0.05882352963089943,0.3529411852359772,0.529411792755127,0.1764705926179886,0.529411792755127,0.29411765933036804,0.1764705926179886,0.1764705926179886,0.3529411852359772,0.529411792755127,0.5882353186607361,0.29411765933036804,0.529411792755127,0.47058823704719543,0.29411765933036804,0.29411765933036804,0.29411765933036804,0.5882353186607361,0.23529411852359772,0.47058823704719543,0.5882353186607361,0.29411765933036804,0.529411792755127,0.23529411852359772,0.529411792755127,0.23529411852359772,0.4117647111415863,0.29411765933036804,0.529411792755127,0.529411792755127,0.47058823704719543,0.3529411852359772,1.0,0.3529411852359772,0.47058823704719543,0.47058823704719543,0.7058823704719543,0.47058823704719543,0.7647058963775635,0.5882353186607361,0.47058823704719543,0.7647058963775635,0.7058823704719543,0.5882353186607361,0.529411792755127,0.9411764740943909,0.9411764740943909,0.9411764740943909,0.5882353186607361,0.4117647111415863,0.529411792755127,0.1764705926179886,0.4117647111415863,0.05882352963089943,0.05882352963089943,0.0,0.05882352963089943,0.05882352963089943,0.4117647111415863,0.1764705926179886,0.529411792755127,0.4117647111415863,0.5882353186607361,0.9411764740943909,0.9411764740943909,0.9411764740943909,0.529411792755127,0.47058823704719543,0.8235294222831726,0.7647058963775635,0.4117647111415863,0.6470588445663452,0.6470588445663452,0.5882353186607361,0.6470588445663452,0.529411792755127,0.47058823704719543,0.3529411852359772,1.0,0.3529411852359772,0.47058823704719543,0.529411792755127,0.529411792755127,0.29411765933036804,0.4117647111415863,0.23529411852359772,0.529411792755127,0.1764705926179886,0.5882353186607361,0.29411765933036804,0.529411792755127,0.529411792755127,0.23529411852359772,0.5882353186607361,0.29411765933036804,0.29411765933036804,0.29411765933036804,0.47058823704719543,0.47058823704719543,0.3529411852359772,0.5882353186607361,0.529411792755127,0.3529411852359772,0.1764705926179886,0.1764705926179886,0.23529411852359772,0.5882353186607361,0.1764705926179886,0.529411792755127,0.3529411852359772,0.05882352963089943,0.5882353186607361,0.47058823704719543,0.05882352963089943,0.11764705926179886,0.4117647111415863,0.47058823704719543,0.29411765933036804,0.1764705926179886,0.4117647111415863,0.11764705926179886,0.3529411852359772,0.3529411852359772,0.529411792755127,0.23529411852359772,0.4117647111415863,0.6470588445663452,0.4117647111415863,0.4117647111415863,0.1764705926179886,0.5882353186607361,0.23529411852359772,0.23529411852359772,0.29411765933036804,0.3529411852359772,0.47058823704719543,0.4117647111415863,0.4117647111415863,0.11764705926179886,0.11764705926179886,0.1764705926179886,0.23529411852359772,0.4117647111415863,0.29411765933036804,0.4117647111415863,0.5882353186607361,0.23529411852359772,0.4117647111415863,0.47058823704719543,0.4117647111415863,0.529411792755127,0.11764705926179886,0.05882352963089943,0.1764705926179886,0.23529411852359772,0.11764705926179886
0.0,0.0,0.0,0.0,0.0,0.0,0.0,0.0,0.0,0.0,0.0,0.0,0.0,0.0,0.0,0.0,0.0,0.0,0.0,0.0,0.0,0.0,0.0,0.0,0.0,0.0,0.0,0.0,0.0,0.0,0.0,0.0,0.0,0.0,0.0,0.0,0.0,0.0,0.0,0.0,0.0,0.0,0.0,0.0,0.0,0.0,0.0,0.0,0.0,0.0,0.0,0.0,0.0,0.0,0.0,0.0,0.0,0.0,0.0,0.0,0.0,0.0,0.0,0.0,0.0,0.0,0.0,0.0,0.0,0.0,0.0,0.0,0.0,0.0,0.0,0.0,0.0,1.0,0.0,0.0,0.0,0.0,0.0,0.0,0.0,0.0,0.0,0.0,0.0,0.0,0.0,0.0,0.0,0.0,0.0,0.0,0.0,0.0,0.0,0.0,0.0,0.0,0.0,0.0,0.0,0.0,0.0,0.0,0.0,0.0,0.0,0.0,0.0,0.0,0.0,0.0,0.0,0.0,0.0,0.0,0.0,0.0,0.0,1.0,0.0,0.0,0.0,0.0,0.0,0.0,0.0,0.0,0.0,0.0,0.0,0.0,0.0,0.0,0.0,0.0,0.0,0.0,0.0,0.0,0.0,0.0,0.0,0.0,0.0,0.0,0.0,0.0,0.0,0.0,0.0,0.0,0.0,0.0,0.0,0.0,0.0,0.0,0.0,0.0,0.0,0.0,0.0,0.0,0.0,0.0,0.0,0.0,0.0,0.0,0.0,0.0,0.0,0.0,0.0,0.0,0.0,0.0,0.0,0.0,0.0,0.0,0.0,0.0,0.0,0.0,0.0,0.0,0.0,0.0,0.0,0.0,0.0,0.0,0.0,0.0,0.0
0.125,0.5,0.3333333432674408,0.2916666567325592,0.1666666716337204,0.0833333358168602,0.125,0.2916666567325592,0.5,0.25,0.2083333283662796,0.375,0.25,0.25,0.25,0.1666666716337204,0.4166666567325592,0.4583333432674408,0.2916666567325592,0.1666666716337204,0.25,0.3333333432674408,0.25,0.3333333432674408,0.3333333432674408,0.2916666567325592,0.75,0.4166666567325592,0.4583333432674408,0.375,0.4166666567325592,0.3333333432674408,0.4166666567325592,0.1666666716337204,0.3333333432674408,0.125,0.3333333432674408,0.4166666567325592,0.5833333134651184,0.5,0.2916666567325592,0.2083333283662796,0.25,0.375,0.375,0.25,0.4583333432674408,0.5833333134651184,0.5833333134651184,0.4583333432674408,0.3333333432674408,0.375,0.4166666567325592,0.4166666567325592,0.375,0.2083333283662796,0.2083333283662796,0.4166666567325592,0.5416666865348816,0.375,0.375,0.4583333432674408,0.25,0.3333333432674408,0.4583333432674408,0.4166666567325592,0.625,0.5,0.5416666865348816,0.4583333432674408,0.3333333432674408,0.5,0.4166666567325592,0.4583333432674408,0.7083333134651184,0.5416666865348816,0.5416666865348816,0.5416666865348816,0.7083333134651184,0.375,0.7916666865348816,0.5833333134651184,0.7916666865348816,0.75,0.5416666865348816,0.75,1.0,0.6666666865348816,0.75,0.4583333432674408,0.9166666865348816,0.9166666865348816,0.4166666567325592,0.75,0.4166666567325592,0.1666666716337204,0.125,0.0833333358168602,0.0833333358168602,0.0,0.0,0.0,0.0833333358168602,0.0833333358168602,0.0833333358168602,0.2083333283662796,0.4166666567325592,0.75,0.4166666567325592,0.875,0.9166666865348816,0.5,0.7083333134651184,0.6666666865348816,0.9583333134651184,0.8333333134651184,0.5416666865348816,0.75,0.75,0.625,0.7916666865348816,0.3333333432674408,0.7083333134651184,0.5833333134651184,0.5,0.5416666865348816,0.75,0.4583333432674408,0.4166666567325592,0.5,0.3333333432674408,0.4583333432674408,0.5416666865348816,0.5,0.5833333134651184,0.4166666567325592,0.5,0.2916666567325592,0.25,0.5,0.375,0.375,0.5416666865348816,0.4166666567325592,0.2083333283662796,0.2083333283662796,0.375,0.4166666567325592,0.4166666567325592,0.375,0.3333333432674408,0.4583333432674408,0.5833333134651184,0.5833333134651184,0.4166666567325592,0.2916666567325592,0.3333333432674408,0.4166666567325592,0.25,0.2083333283662796,0.25,0.5416666865348816,0.5833333134651184,0.375,0.375,0.125,0.3333333432674408,0.1666666716337204,0.4166666567325592,0.3333333432674408,0.4166666567325592,0.375,0.4166666567325592,0.4583333432674408,0.7083333134651184,0.3333333432674408,0.2916666567325592,0.375,0.25,0.3333333432674408,0.25,0.125,0.3333333432674408,0.4583333432674408,0.4166666567325592,0.1666666716337204,0.25,0.25,0.1666666716337204,0.4583333432674408,0.1666666716337204,0.2916666567325592,0.5,0.2916666567325592,0.125,0.0833333358168602,0.1666666716337204,0.2916666567325592,0.3333333432674408,0.4583333432674408,0.1666666716337204
0.0,0.0,0.0,0.0,0.0,0.0,0.0,0.0,0.0,0.0,0.0,0.0,0.0,0.0,0.0,0.0,0.0,0.0,0.0,0.0,0.0,0.0,0.0,0.0,0.0,0.0,0.0,0.0,1.0,0.0,0.0,0.0,0.0,0.0,0.0,0.0,0.0,0.0,0.0,1.0,0.0,0.0,0.0,0.0,0.0,0.0,0.0,0.0,0.0,0.0,0.0,0.0,0.0,0.0,0.0,0.0,0.0,0.0,0.0,0.0,0.0,0.0,0.0,0.0,0.0,0.0,0.0,0.0,0.0,0.0,0.0,0.0,0.0,0.0,0.0,0.0,0.0,0.0,0.0,0.0,0.0,0.0,0.0,0.0,0.0,0.0,0.0,0.0,0.0,0.0,0.0,0.0,0.0,1.0,0.0,0.0,0.0,0.0,0.0,0.0,0.0,0.0,0.0,0.0,0.0,0.0,0.0,1.0,0.0,0.0,0.0,0.0,0.0,0.0,0.0,0.0,0.0,0.0,0.0,0.0,0.0,0.0,0.0,0.0,0.0,0.0,0.0,0.0,0.0,0.0,0.0,0.0,0.0,0.0,0.0,0.0,0.0,0.0,0.0,0.0,0.0,0.0,0.0,0.0,0.0,0.0,0.0,0.0,0.0,0.0,0.0,0.0,0.0,0.0,0.0,0.0,0.0,0.0,0.0,0.0,0.0,1.0,0.0,0.0,0.0,0.0,0.0,0.0,0.0,0.0,0.0,0.0,1.0,0.0,0.0,0.0,0.0,0.0,0.0,0.0,0.0,0.0,0.0,0.0,0.0,0.0,0.0,0.0,0.0,0.0,0.0,0.0,0.0,0.0,0.0,0.0,0.0,0.0,0.0,0.0,0.0
0.08780487626791,0.1609756052494049,0.15121951699256897,0.15121951699256897,0.1463414579629898,0.13658536970615387,0.15121951699256897,0.12195122241973877,0.17073170840740204,0.1463414579629898,0.1463414579629898,0.12195122241973877,0.12682926654815674,0.08292683213949203,0.12195122241973877,0.11219511926174164,0.15609756112098694,0.12195122241973877,0.11219511926174164,0.13658536970615387,0.17073170840740204,0.14146341383457184,0.1609756052494049,0.11219511926174164,0.08780487626791,0.13658536970615387,0.1317073106765747,0.17073170840740204,0.12682926654815674,0.16585366427898407,0.09268292784690857,0.12682926654815674,0.14146341383457184,0.1170731708407402,0.13658536970615387,0.1024390235543251,0.1024390235543251,0.13658536970615387,0.1317073106765747,0.1170731708407402,0.13658536970615387,0.09268292784690857,0.14146341383457184,0.1024390235543251,0.13658536970615387,0.10731707513332367,0.08780487626791,0.17073170840740204,0.10731707513332367,0.1463414579629898,0.13658536970615387,0.10731707513332367,0.15121951699256897,0.15609756112098694,0.14146341383457184,0.20975609123706818,0.12682926654815674,0.12682926654815674,0.16585366427898407,0.12682926654815674,0.1024390235543251,0.1317073106765747,0.14146341383457184,0.1609756052494049,0.1170731708407402,0.1609756052494049,0.15121951699256897,0.16585366427898407,0.16585366427898407,0.15609756112098694,0.20000000298023224,0.17560975253582,0.17560975253582,0.2195121943950653,0.2048780471086502,0.25853657722473145,0.2536585330963135,0.27317073941230774,0.3121951222419739,0.3121951222419739,0.34634146094322205,0.3414634168148041,0.4000000059604645,0.4390243887901306,0.5512195229530334,0.5170731544494629,0.5951219797134399,0.6634146571159363,0.6926829218864441,0.6829268336296082,0.7804877758026123,0.9317073225975037,0.9902439117431641,0.9707317352294922,0.7707316875457764,0.37560975551605225,0.02926829271018505,0.02926829271018505,0.024390242993831635,0.02926829271018505,0.0,0.02926829271018505,0.024390242993831635,0.02926829271018505,0.02926829271018505,0.36097562313079834,0.7609755992889404,0.9512194991111755,1.0,0.9463414549827576,0.7756097316741943,0.6829268336296082,0.6829268336296082,0.6829268336296082,0.5853658318519592,0.5365853905677795,0.5512195229530334,0.4439024329185486,0.4000000059604645,0.3268292546272278,0.34634146094322205,0.31707316637039185,0.3073170781135559,0.2829268276691437,0.2536585330963135,0.2634146213531494,0.19512194395065308,0.21463415026664734,0.18536585569381714,0.18048781156539917,0.19512194395065308,0.1609756052494049,0.16585366427898407,0.15609756112098694,0.1609756052494049,0.15121951699256897,0.12195122241973877,0.1609756052494049,0.1463414579629898,0.1317073106765747,0.1024390235543251,0.12195122241973877,0.17073170840740204,0.12195122241973877,0.12195122241973877,0.20975609123706818,0.15121951699256897,0.15609756112098694,0.1463414579629898,0.11219511926174164,0.13658536970615387,0.1463414579629898,0.10731707513332367,0.15609756112098694,0.09756097197532654,0.10731707513332367,0.14146341383457184,0.1024390235543251,0.14146341383457184,0.09268292784690857,0.12682926654815674,0.12682926654815674,0.1317073106765747,0.12195122241973877,0.1170731708407402,0.1024390235543251,0.12682926654815674,0.12682926654815674,0.13658536970615387,0.12682926654815674,0.09268292784690857,0.1609756052494049,0.13658536970615387,0.16585366427898407,0.1317073106765747,0.1317073106765747,0.09268292784690857,0.1170731708407402,0.15609756112098694,0.1317073106765747,0.17560975253582,0.14146341383457184,0.11219511926174164,0.12682926654815674,0.15121951699256897,0.11219511926174164,0.12195122241973877,0.08292683213949203,0.1317073106765747,0.12195122241973877,0.1463414579629898,0.14146341383457184,0.17073170840740204,0.1170731708407402,0.15121951699256897,0.14146341383457184,0.14146341383457184,0.13658536970615387,0.17560975253582,0.1609756052494049,0.08780487626791
0.25,0.5625,0.5625,0.5,0.4375,0.3125,0.5,0.3125,0.625,0.375,0.4375,0.375,0.375,0.625,0.25,0.5625,0.4375,1.0,0.375,0.3125,0.4375,0.1875,0.625,0.25,0.5625,0.5,0.1875,0.375,0.625,0.25,0.375,0.1875,0.25,0.5625,0.4375,0.4375,0.3125,0.125,0.5,0.25,0.5,0.3125,0.3125,0.375,0.5,0.25,0.3125,0.25,0.1875,0.25,0.3125,0.5,0.0625,0.25,0.125,0.125,0.1875,0.3125,0.4375,0.1875,0.3125,0.625,0.125,0.3125,0.1875,0.6875,0.125,0.4375,0.3125,0.1875,0.3125,0.5,0.3125,0.3125,0.375,0.25,0.3125,0.1875,0.4375,0.6875,0.5625,0.5,0.6875,0.5,0.5,0.6875,0.9375,0.625,0.9375,0.5625,0.3125,0.4375,0.3125,0.1875,0.0625,0.0,0.0,0.0,0.0,0.0,0.0,0.0,0.0,0.0,0.0,0.0,0.0625,0.125,0.3125,0.5,0.25,0.625,0.75,0.8125,0.875,0.75,0.5,0.5,0.5625,0.625,0.5625,0.625,0.5,0.1875,0.3125,0.25,0.3125,0.375,0.25,0.5625,0.3125,0.1875,0.3125,0.4375,0.125,0.6875,0.1875,0.3125,0.125,0.625,0.3125,0.125,0.5,0.3125,0.1875,0.125,0.125,0.25,0.0625,0.4375,0.375,0.25,0.1875,0.25,0.3125,0.25,0.5,0.375,0.3125,0.25,0.5625,0.25,0.5,0.0625,0.375,0.4375,0.375,0.625,0.25,0.1875,0.375,0.25,0.625,0.3125,0.25,0.5,0.5625,0.1875,0.6875,0.125,0.5,0.3125,0.375,0.9375,0.4375,0.5625,0.3125,0.625,0.375,0.375,0.4375,0.375,0.625,0.3125,0.5,0.3125,0.4375,0.4375,0.625,0.5,0.3125
0.10526315867900848,0.22631579637527466,0.34210526943206787,0.23157894611358643,0.21052631735801697,0.19473683834075928,0.16842105984687805,0.2789473831653595,0.2368421107530594,0.19473683834075928,0.24736842513084412,0.21052631735801697,0.2368421107530594,0.18421052396297455,0.2210526317358017,0.2210526317358017,0.24210526049137115,0.205263152718544,0.17894737422466278,0.21578946709632874,0.21052631735801697,0.16842105984687805,0.21052631735801697,0.16842105984687805,0.15789473056793213,0.15263158082962036,0.20000000298023224,0.19473683834075928,0.21578946709632874,0.20000000298023224,0.20000000298023224,0.22631579637527466,0.2684210538864136,0.17368420958518982,0.2526315748691559,0.17368420958518982,0.205263152718544,0.20000000298023224,0.19473683834075928,0.21578946709632874,0.17368420958518982,0.16842105984687805,0.19473683834075928,0.21052631735801697,0.22631579637527466,0.15263158082962036,0.18421052396297455,0.19473683834075928,0.18421052396297455,0.21578946709632874,0.1631578952074051,0.2368421107530594,0.20000000298023224,0.2789473831653595,0.2210526317358017,0.21578946709632874,0.2368421107530594,0.1631578952074051,0.20000000298023224,0.21578946709632874,0.2789473831653595,0.2631579041481018,0.24736842513084412,0.27368420362472534,0.30000001192092896,0.28421053290367126,0.3526315689086914,0.3052631616592407,0.35789474844932556,0.37368419766426086,0.31578946113586426,0.4000000059604645,0.40526315569877625,0.3368421196937561,0.4263157844543457,0.3052631616592407,0.5157894492149353,0.47894737124443054,0.5473684072494507,0.5894736647605896,0.5105262994766235,0.5052631497383118,0.5684210658073425,0.7473683953285217,0.5789473652839661,0.7368420958518982,0.75789475440979,0.9210526347160339,0.8263157606124878,1.0,0.9315789341926575,0.6631578803062439,0.621052622795105,0.3842105269432068,0.13684210181236267,0.031578946858644485,0.031578946858644485,0.04736842215061188,0.04736842215061188,0.0,0.0,0.0,0.04736842215061188,0.04736842215061188,0.031578946858644485,0.031578946858644485,0.13684210181236267,0.34736841917037964,0.6157894730567932,0.6947368383407593,0.9105263352394104,0.9947368502616882,0.8578947186470032,0.8947368264198303,0.7631579041481018,0.74210524559021,0.5789473652839661,0.7263157963752747,0.5947368144989014,0.5105262994766235,0.5157894492149353,0.5789473652839661,0.5473684072494507,0.4842105209827423,0.5210526585578918,0.2947368323802948,0.42105263471603394,0.3368421196937561,0.41578948497772217,0.3842105269432068,0.3368421196937561,0.36315789818763733,0.36315789818763733,0.30000001192092896,0.35789474844932556,0.2947368323802948,0.28947368264198303,0.28421053290367126,0.24210526049137115,0.25789472460746765,0.28421053290367126,0.205263152718544,0.205263152718544,0.15789473056793213,0.24736842513084412,0.2210526317358017,0.21578946709632874,0.27368420362472534,0.21052631735801697,0.22631579637527466,0.17368420958518982,0.205263152718544,0.18421052396297455,0.19473683834075928,0.1894736886024475,0.1473684161901474,0.23157894611358643,0.21578946709632874,0.17368420958518982,0.1894736886024475,0.17368420958518982,0.19473683834075928,0.205263152718544,0.21052631735801697,0.205263152718544,0.16842105984687805,0.2368421107530594,0.1894736886024475,0.25789472460746765,0.24210526049137115,0.19473683834075928,0.19473683834075928,0.21578946709632874,0.20000000298023224,0.20000000298023224,0.15263158082962036,0.15789473056793213,0.17368420958518982,0.205263152718544,0.17368420958518982,0.20000000298023224,0.21578946709632874,0.17894737422466278,0.205263152718544,0.2526315748691559,0.21052631735801697,0.2210526317358017,0.19473683834075928,0.2368421107530594,0.20000000298023224,0.25789472460746765,0.18421052396297455,0.2368421107530594,0.28947368264198303,0.16842105984687805,0.1894736886024475,0.21052631735801697,0.2210526317358017,0.3368421196937561,0.23157894611358643,0.12105263024568558
0.4897959232330322,0.9489796161651611,0.795918345451355,0.8367347121238708,0.9795918464660645,0.8877550959587097,0.8877550959587097,0.8367347121238708,0.9285714030265808,0.7755101919174194,0.9387755393981934,0.8571428656578064,0.8979591727256775,0.8877550959587097,0.7551020383834839,0.918367326259613,0.7755101919174194,0.7755101919174194,0.6224489808082581,0.8061224222183228,0.7142857313156128,0.8061224222183228,0.6938775777816772,0.704081654548645,0.8367347121238708,0.6632652878761292,0.6428571343421936,0.6530612111091614,0.6632652878761292,0.6836734414100647,0.6632652878761292,0.7653061151504517,0.7142857313156128,0.8775510191917419,0.7346938848495483,0.5510203838348389,0.6428571343421936,0.6020408272743225,0.6224489808082581,0.5918367505073547,0.7244898080825806,0.7346938848495483,0.6020408272743225,0.7448979616165161,0.6632652878761292,0.47959184646606445,0.4897959232330322,0.6122449040412903,0.4897959232330322,0.6224489808082581,0.581632673740387,0.6938775777816772,0.5204081535339355,0.6632652878761292,0.6020408272743225,0.6428571343421936,0.7551020383834839,0.5102040767669678,0.40816327929496765,0.44897958636283875,0.4591836631298065,0.5102040767669678,0.6224489808082581,0.6428571343421936,0.704081654548645,0.6734693646430969,0.5510203838348389,0.5306122303009033,0.7857142686843872,0.7346938848495483,0.6224489808082581,0.6734693646430969,0.5918367505073547,0.6020408272743225,0.5918367505073547,0.6224489808082581,0.704081654548645,0.6428571343421936,0.8163265585899353,0.8163265585899353,0.8469387888908386,0.7142857313156128,0.9387755393981934,0.8979591727256775,0.8469387888908386,0.8673469424247742,0.9693877696990967,0.8571428656578064,0.9795918464660645,0.795918345451355,0.8061224222183228,0.7857142686843872,0.5510203838348389,0.36734694242477417,0.18367347121238708,0.09183673560619354,0.030612245202064514,0.09183673560619354,0.09183673560619354,0.11224489659070969,0.0,0.11224489659070969,0.09183673560619354,0.08163265138864517,0.040816325694322586,0.09183673560619354,0.18367347121238708,0.3571428656578064,0.5306122303009033,0.7755101919174194,0.8061224222183228,0.8265306353569031,0.9693877696990967,0.8571428656578064,0.9387755393981934,0.8877550959587097,0.8571428656578064,0.8979591727256775,0.9387755393981934,0.7142857313156128,0.8469387888908386,0.7857142686843872,0.8163265585899353,0.6836734414100647,0.6836734414100647,0.6224489808082581,0.5918367505073547,0.6020408272743225,0.6020408272743225,0.6326530575752258,0.6734693646430969,0.7142857313156128,0.795918345451355,0.5510203838348389,0.5204081535339355,0.6632652878761292,0.704081654548645,0.6734693646430969,0.6122449040412903,0.5,0.4693877696990967,0.4693877696990967,0.3877550959587097,0.5306122303009033,0.704081654548645,0.6632652878761292,0.6122449040412903,0.6326530575752258,0.5408163070678711,0.6836734414100647,0.6020408272743225,0.5918367505073547,0.5102040767669678,0.581632673740387,0.5204081535339355,0.4897959232330322,0.6734693646430969,0.7346938848495483,0.6122449040412903,0.7346938848495483,0.7244898080825806,0.5918367505073547,0.6122449040412903,0.6020408272743225,0.6224489808082581,0.581632673740387,0.7448979616165161,0.8673469424247742,0.7142857313156128,0.7551020383834839,0.6428571343421936,0.7142857313156128,0.6428571343421936,0.6530612111091614,0.6326530575752258,0.6632652878761292,0.8469387888908386,0.6836734414100647,0.7448979616165161,0.8061224222183228,0.6938775777816772,0.8061224222183228,0.6020408272743225,0.7755101919174194,0.8061224222183228,0.8877550959587097,0.7857142686843872,0.8877550959587097,0.8877550959587097,0.8673469424247742,0.9081632494926453,0.7857142686843872,0.9285714030265808,0.8571428656578064,0.8979591727256775,0.8367347121238708,1.0,0.8469387888908386,0.7653061151504517,0.9591836929321289,0.5306122303009033
0.4177215099334717,0.9113923907279968,0.7721518874168396,0.8860759735107422,0.8227847814559937,0.6962025165557861,0.9113923907279968,0.9113923907279968,0.8607594966888428,0.7341772317886353,0.7721518874168396,0.9873417615890503,0.7341772317886353,0.9240506291389465,0.9620253443717957,0.746835470199585,0.797468364238739,0.8227847814559937,0.9873417615890503,0.7721518874168396,0.8987341523170471,0.8987341523170471,0.7088607549667358,0.9873417615890503,0.7721518874168396,0.6202531456947327,0.7088607549667358,0.6582278609275818,0.7721518874168396,0.6835442781448364,0.9367088675498962,0.9367088675498962,0.594936728477478,0.8860759735107422,0.6329113841056824,0.797468364238739,0.9240506291389465,0.7721518874168396,0.797468364238739,0.7088607549667358,0.4303797483444214,0.7215189933776855,0.6202531456947327,0.797468364238739,0.7594936490058899,0.594936728477478,0.6582278609275818,0.607594907283783,0.6708860993385315,0.746835470199585,0.594936728477478,0.4810126721858978,0.5316455960273743,0.6835442781448364,0.594936728477478,0.6455696225166321,0.6329113841056824,0.5822784900665283,0.746835470199585,0.6329113841056824,0.4810126721858978,0.49367088079452515,0.5443037748336792,0.4810126721858978,0.5443037748336792,0.6455696225166321,0.39240506291389465,0.5696202516555786,0.3670886158943176,0.29113924503326416,0.5569620132446289,0.5189873576164246,0.4556961953639984,0.5569620132446289,0.4683544337749481,0.5696202516555786,0.5316455960273743,0.594936728477478,0.4430379867553711,0.5569620132446289,0.49367088079452515,0.4556961953639984,0.49367088079452515,0.4683544337749481,0.4810126721858978,0.5696202516555786,0.5063291192054749,0.5569620132446289,0.5822784900665283,0.5822784900665283,0.4556961953639984,0.3417721390724182,0.27848100662231445,0.18987341225147247,0.10126582533121109,0.025316456332802773,0.012658228166401386,0.012658228166401386,0.025316456332802773,0.0,0.0,0.0,0.025316456332802773,0.012658228166401386,0.012658228166401386,0.012658228166401386,0.10126582533121109,0.20253165066242218,0.2531645596027374,0.3544303774833679,0.4430379867553711,0.5822784900665283,0.5696202516555786,0.5569620132446289,0.5063291192054749,0.5822784900665283,0.5063291192054749,0.4430379867553711,0.5063291192054749,0.4556961953639984,0.5063291192054749,0.5443037748336792,0.4430379867553711,0.5696202516555786,0.5569620132446289,0.5569620132446289,0.4556961953639984,0.5569620132446289,0.4810126721858978,0.5316455960273743,0.5189873576164246,0.3164556920528412,0.3670886158943176,0.5569620132446289,0.4177215099334717,0.6202531456947327,0.5443037748336792,0.49367088079452515,0.5569620132446289,0.4556961953639984,0.4683544337749481,0.6708860993385315,0.746835470199585,0.5822784900665283,0.6329113841056824,0.6202531456947327,0.6329113841056824,0.6708860993385315,0.5316455960273743,0.4810126721858978,0.5822784900665283,0.7088607549667358,0.7215189933776855,0.5696202516555786,0.6835442781448364,0.5822784900665283,0.7848101258277893,0.797468364238739,0.5443037748336792,0.7848101258277893,0.4430379867553711,0.6962025165557861,0.8101266026496887,0.6962025165557861,0.9873417615890503,0.7721518874168396,0.6582278609275818,0.8734177350997925,0.607594907283783,0.9367088675498962,0.9620253443717957,0.6582278609275818,0.6708860993385315,0.7594936490058899,0.7215189933776855,0.6202531456947327,0.746835470199585,1.0,0.7088607549667358,0.8860759735107422,0.8987341523170471,0.7848101258277893,0.9873417615890503,0.8227847814559937,0.797468364238739,0.7721518874168396,0.8987341523170471,0.9620253443717957,0.746835470199585,0.9873417615890503,0.7721518874168396,0.7215189933776855,0.8607594966888428,0.8860759735107422,0.8860759735107422,0.746835470199585,0.8481012582778931,0.8227847814559937,0.797468364238739,0.9367088675498962,0.4303797483444214
0.23728813230991364,0.49152541160583496,0.8135592937469482,0.7627118825912476,0.8305084705352783,0.7796609997749329,0.7627118825912476,0.8135592937469482,0.7288135886192322,0.8644067645072937,0.7457627058029175,0.6610169410705566,0.5932203531265259,0.5932203531265259,0.7288135886192322,0.7457627058029175,0.7118644118309021,0.9152542352676392,0.6271186470985413,0.9322034120559692,0.8305084705352783,0.8983050584793091,0.6779661178588867,0.6610169410705566,0.5932203531265259,0.6101694703102112,0.5762711763381958,0.7118644118309021,0.5762711763381958,0.7627118825912476,0.694915235042572,0.7796609997749329,0.5254237055778503,0.6440678238868713,0.7457627058029175,0.5593220591545105,0.6271186470985413,0.7627118825912476,0.7966101765632629,0.6610169410705566,0.6779661178588867,0.7288135886192322,0.7457627058029175,0.5423728823661804,0.5423728823661804,0.6271186470985413,0.4237288236618042,0.5423728823661804,0.5254237055778503,0.6440678238868713,0.5423728823661804,0.5593220591545105,0.5254237055778503,0.4406779706478119,0.38983049988746643,0.5254237055778503,0.47457626461982727,0.47457626461982727,0.5762711763381958,0.47457626461982727,0.508474588394165,0.4576271176338196,0.49152541160583496,0.49152541160583496,0.4237288236618042,0.49152541160583496,0.47457626461982727,0.5423728823661804,0.5593220591545105,0.38983049988746643,0.4406779706478119,0.49152541160583496,0.5254237055778503,0.694915235042572,0.4576271176338196,0.4237288236618042,0.6440678238868713,0.5762711763381958,0.508474588394165,0.5593220591545105,0.5593220591545105,0.6440678238868713,0.49152541160583496,0.5762711763381958,0.5254237055778503,0.5762711763381958,0.6440678238868713,0.5932203531265259,0.5932203531265259,0.4237288236618042,0.32203391194343567,0.3050847351551056,0.22033898532390594,0.23728813230991364,0.050847455859184265,0.033898305147886276,0.08474576473236084,0.033898305147886276,0.11864406615495682,0.033898305147886276,0.0,0.033898305147886276,0.11864406615495682,0.033898305147886276,0.08474576473236084,0.033898305147886276,0.050847455859184265,0.22033898532390594,0.22033898532390594,0.2881355881690979,0.35593220591545105,0.4237288236618042,0.5593220591545105,0.5932203531265259,0.6610169410705566,0.5932203531265259,0.49152541160583496,0.6101694703102112,0.49152541160583496,0.6271186470985413,0.5254237055778503,0.5932203531265259,0.5254237055778503,0.5593220591545105,0.6610169410705566,0.4067796468734741,0.47457626461982727,0.6779661178588867,0.5254237055778503,0.508474588394165,0.4406779706478119,0.38983049988746643,0.5593220591545105,0.5423728823661804,0.47457626461982727,0.49152541160583496,0.4067796468734741,0.508474588394165,0.49152541160583496,0.4406779706478119,0.5254237055778503,0.4576271176338196,0.5762711763381958,0.4406779706478119,0.47457626461982727,0.5762711763381958,0.35593220591545105,0.47457626461982727,0.5254237055778503,0.5423728823661804,0.5593220591545105,0.6271186470985413,0.5423728823661804,0.5423728823661804,0.4067796468734741,0.6440678238868713,0.508474588394165,0.5762711763381958,0.7288135886192322,0.7118644118309021,0.6271186470985413,0.7118644118309021,0.8305084705352783,0.7457627058029175,0.6440678238868713,0.5254237055778503,0.7627118825912476,0.6440678238868713,0.5423728823661804,0.7627118825912476,0.694915235042572,0.7457627058029175,0.6101694703102112,0.694915235042572,0.5932203531265259,0.6101694703102112,0.5932203531265259,0.6440678238868713,0.6779661178588867,0.9152542352676392,0.7966101765632629,0.9491525292396545,0.5423728823661804,1.0,0.6610169410705566,0.7796609997749329,0.7118644118309021,0.6101694703102112,0.6271186470985413,0.6271186470985413,0.7627118825912476,0.8644067645072937,0.7288135886192322,0.7627118825912476,0.8305084705352783,0.7796609997749329,0.8135592937469482,0.7457627058029175,0.8135592937469482,0.47457626461982727,0.2881355881690979
0.36142513155937195,0.7485440373420715,0.7475162744522095,0.7170263528823853,0.7372387647628784,0.6998972296714783,0.7040082216262817,0.6865364909172058,0.7094895243644714,0.6981843113899231,0.7153134346008301,0.6896197199821472,0.6923604011535645,0.7375813722610474,0.6779718995094299,0.680027425289154,0.6988694667816162,0.6810551285743713,0.6742035150527954,0.669407308101654,0.6889345645904541,0.6663240790367126,0.6738609075546265,0.6536484956741333,0.6769441366195679,0.6471394300460815,0.6553614139556885,0.6245289444923401,0.6265844702720642,0.6728331446647644,0.6831106543540955,0.6372045278549194,0.60500168800354,0.6396026015281677,0.6358342170715332,0.6022610664367676,0.6474820375442505,0.6303528547286987,0.6372045278549194,0.6711202263832092,0.6187050342559814,0.6354916095733643,0.6286399364471436,0.6258992552757263,0.6306954622268677,0.6056869029998779,0.6265844702720642,0.6224734783172607,0.6166495084762573,0.6279547810554504,0.6351490020751953,0.624871551990509,0.6577594876289368,0.633093535900116,0.6372045278549194,0.642000675201416,0.6577594876289368,0.6574169397354126,0.6601575613021851,0.6676943898200989,0.6676943898200989,0.6471394300460815,0.6803699731826782,0.6923604011535645,0.6649537682533264,0.7180541157722473,0.7077766060829163,0.7221651077270508,0.7112024426460266,0.7499143481254578,0.7293593883514404,0.7622473239898682,0.7416923642158508,0.7780061960220337,0.8191161155700684,0.770811915397644,0.8369304537773132,0.7923946380615234,0.8489208817481995,0.8735868334770203,0.8389859795570374,0.8787255883216858,0.9242891669273376,0.9359369874000549,0.9660843014717102,0.9756765961647034,0.9667694568634033,1.0,0.9345666170120239,0.9061322212219238,0.8653648495674133,0.8102089762687683,0.7293593883514404,0.7149708867073059,0.6252140998840332,0.5087358951568604,0.37067487835884094,0.2528263032436371,0.05584103986620903,0.02603631466627121,0.0,0.025008564814925194,0.050359711050987244,0.2511133849620819,0.36348065733909607,0.5029119849205017,0.6276121735572815,0.7108598947525024,0.7225077152252197,0.806783139705658,0.8636519312858582,0.9095580577850342,0.9373072981834412,0.9845837354660034,0.9811579585075378,0.971222996711731,0.9671120047569275,0.9297704696655273,0.9338814616203308,0.881466269493103,0.8465228080749512,0.8715313673019409,0.8403562903404236,0.8019869923591614,0.8300787806510925,0.7714970707893372,0.8091812133789062,0.7852004170417786,0.7509421110153198,0.761562168598175,0.7286742329597473,0.7492291927337646,0.7094895243644714,0.7242206335067749,0.706748902797699,0.7108598947525024,0.6742035150527954,0.6944158673286438,0.6807125806808472,0.6454265117645264,0.6670092344284058,0.6711202263832092,0.6529633402824402,0.651250422000885,0.6536484956741333,0.6533059477806091,0.6392599940299988,0.6372045278549194,0.651593029499054,0.6293250918388367,0.6378896832466125,0.6176772713661194,0.6207605600357056,0.6173347234725952,0.6320657730102539,0.6097978949546814,0.6320657730102539,0.6211031079292297,0.6282973885536194,0.6361767649650574,0.6176772713661194,0.6659814715385437,0.6368619203567505,0.6300103068351746,0.6560465693473816,0.6060294508934021,0.632750928401947,0.6344638466835022,0.6108255982398987,0.6358342170715332,0.6813977360725403,0.6673518419265747,0.6310380101203918,0.6306954622268677,0.6543336510658264,0.6430284380912781,0.6759164333343506,0.6587872505187988,0.6680369973182678,0.6687221527099609,0.678999662399292,0.6755738258361816,0.6707776784896851,0.6872216463088989,0.6978417038917542,0.6844809651374817,0.6762589812278748,0.7392942905426025,0.688249409198761,0.68687903881073,0.7129153609275818,0.7040082216262817,0.7132579684257507,0.6827680468559265,0.7036656141281128,0.7036656141281128,0.7262760996818542,0.7218225598335266,0.7396368384361267,0.7516272664070129,0.39054471254348755
0.0,0.5,0.5,0.0,0.0,0.0,0.0,0.5,0.0,0.0,0.0,0.0,0.0,0.0,0.0,0.0,0.0,0.0,0.0,0.0,0.0,0.0,0.0,0.5,0.0,0.0,0.0,0.0,0.0,0.0,0.0,0.0,0.0,0.5,0.0,0.0,0.0,0.0,0.0,0.0,0.0,0.0,0.0,0.0,0.0,0.0,0.0,0.0,0.0,0.0,0.0,0.0,0.0,0.0,0.0,0.0,0.0,0.0,0.0,0.0,0.0,0.0,0.0,0.0,0.0,0.0,0.5,0.0,0.0,0.0,0.0,0.0,0.0,0.0,0.0,0.0,0.0,0.0,0.0,0.0,0.0,0.0,0.0,0.0,0.0,0.0,0.0,0.5,0.0,0.0,0.0,0.0,0.0,0.0,0.0,0.0,0.0,0.0,0.0,0.0,0.0,0.0,0.0,0.0,0.0,0.0,0.0,0.0,0.0,0.0,0.0,0.0,0.0,0.5,0.0,0.0,0.0,0.0,0.0,0.0,0.0,0.0,0.0,0.0,0.0,0.0,0.0,0.0,0.0,0.0,0.0,0.0,0.0,0.0,0.5,0.0,0.0,0.0,0.0,0.0,0.0,0.0,0.0,0.0,0.0,0.0,0.0,0.0,0.0,0.0,0.0,0.0,0.0,0.0,0.0,0.0,0.0,0.0,0.0,0.0,0.0,0.0,0.0,0.0,0.0,0.0,0.0,0.5,0.0,0.0,0.0,0.0,0.0,0.0,0.0,0.0,0.0,0.5,0.0,0.0,0.0,0.0,0.0,0.0,0.0,0.0,0.0,0.0,0.0,0.0,0.0,0.0,0.0,0.5,0.0,0.0,0.0,0.0,0.0,1.0,0.0
0.0,0.0,0.75,0.25,0.25,0.25,0.25,0.75,0.0,0.75,0.25,0.0,0.0,0.25,0.0,0.0,0.25,0.0,0.0,0.0,0.0,0.25,0.25,0.0,0.0,0.0,0.25,0.0,0.25,0.25,0.5,0.25,1.0,0.25,0.5,0.25,0.25,0.25,0.25,0.25,0.0,0.0,0.25,0.0,0.25,0.0,0.0,0.75,0.0,0.25,0.25,0.0,0.25,0.25,0.0,0.25,0.5,0.25,0.5,0.0,0.25,0.25,0.75,0.25,0.25,0.0,0.25,0.75,0.25,0.25,0.5,0.25,0.25,0.5,0.25,0.0,0.5,0.25,0.25,0.25,0.25,0.25,0.0,0.0,0.0,0.0,0.25,0.75,0.25,0.0,0.5,0.5,0.0,0.0,0.25,0.0,0.0,0.0,0.0,0.0,0.0,0.0,0.0,0.0,0.0,0.0,0.25,0.0,0.0,0.5,0.5,0.0,0.25,0.75,0.25,0.0,0.0,0.0,0.0,0.25,0.25,0.25,0.25,0.25,0.5,0.0,0.25,0.5,0.25,0.25,0.5,0.25,0.25,0.75,0.25,0.0,0.25,0.0,1.0,0.25,0.25,0.0,0.5,0.0,0.75,0.25,0.0,0.25,0.25,0.0,0.25,0.25,0.0,0.5,0.25,0.0,0.25,0.0,0.25,0.0,0.0,0.25,0.25,0.25,0.25,0.25,0.5,0.25,1.0,0.25,0.5,0.25,0.25,0.0,0.25,0.0,0.0,0.0,0.25,0.25,0.0,0.0,0.0,0.0,0.25,0.0,0.0,0.25,0.0,0.0,0.25,0.75,0.0,0.75,0.25,0.25,0.25,0.25,0.75,0.0,0.0
0.0,0.0,0.0,0.0,1.0,0.0,0.0,0.0,0.0,0.0,0.0,0.0,0.0,0.0,0.0,0.0,1.0,0.0,0.0,0.0,0.0,0.0,0.0,1.0,0.0,0.0,0.0,0.0,0.0,0.0,0.0,0.0,0.0,0.0,0.0,0.0,0.0,0.0,0.0,0.0,1.0,0.0,0.0,0.0,0.0,0.0,0.0,0.0,1.0,0.0,0.0,0.0,0.0,1.0,0.0,1.0,0.0,0.0,0.0,1.0,0.0,0.0,0.0,0.0,0.0,0.0,0.0,0.0,0.0,0.0,0.0,0.0,1.0,0.0,0.0,0.0,0.0,0.0,0.0,1.0,1.0,0.0,1.0,0.0,0.0,0.0,0.0,0.0,0.0,0.0,0.0,0.0,0.0,0.0,0.0,0.0,0.0,0.0,0.0,0.0,0.0,0.0,0.0,0.0,0.0,0.0,0.0,0.0,0.0,0.0,0.0,0.0,0.0,0.0,0.0,0.0,0.0,0.0,1.0,0.0,1.0,1.0,0.0,0.0,0.0,0.0,0.0,0.0,1.0,0.0,0.0,0.0,0.0,0.0,0.0,0.0,0.0,0.0,0.0,0.0,0.0,1.0,0.0,0.0,0.0,1.0,0.0,0.0,1.0,0.0,0.0,0.0,1.0,0.0,0.0,0.0,0.0,0.0,0.0,0.0,1.0,0.0,0.0,0.0,0.0,0.0,0.0,0.0,0.0,0.0,0.0,0.0,0.0,0.0,0.0,0.0,0.0,1.0,0.0,0.0,0.0,0.0,0.0,0.0,1.0,0.0,0.0,0.0,0.0,0.0,0.0,0.0,0.0,0.0,0.0,0.0,1.0,0.0,0.0,0.0,0.0
0.24444444477558136,0.2888889014720917,0.5111111402511597,0.4000000059604645,0.4888888895511627,0.3777777850627899,0.5333333611488342,0.2888889014720917,0.3777777850627899,0.5333333611488342,0.3777777850627899,0.31111112236976624,0.46666666865348816,0.4444444477558136,0.4444444477558136,0.5333333611488342,0.6000000238418579,0.6000000238418579,0.4444444477558136,0.4444444477558136,0.2888889014720917,0.31111112236976624,0.4444444477558136,0.24444444477558136,0.31111112236976624,0.5111111402511597,0.5777778029441833,0.3333333432674408,0.2888889014720917,0.4000000059604645,0.5111111402511597,0.2666666805744171,0.2666666805744171,0.3777777850627899,0.3777777850627899,0.5111111402511597,0.35555556416511536,0.5111111402511597,0.35555556416511536,0.6000000238418579,0.24444444477558136,0.42222222685813904,0.4888888895511627,0.4444444477558136,0.46666666865348816,0.4000000059604645,0.5333333611488342,0.3777777850627899,0.4000000059604645,0.3333333432674408,0.35555556416511536,0.46666666865348816,0.20000000298023224,0.46666666865348816,0.46666666865348816,0.5555555820465088,0.42222222685813904,0.4000000059604645,0.35555556416511536,0.5333333611488342,0.3333333432674408,0.42222222685813904,0.3333333432674408,0.46666666865348816,0.42222222685813904,0.46666666865348816,0.5555555820465088,0.6222222447395325,0.5111111402511597,0.5777778029441833,0.7111111283302307,0.5555555820465088,0.5333333611488342,0.4888888895511627,0.5555555820465088,0.5777778029441833,0.6888889074325562,0.6222222447395325,1.0,0.7333333492279053,0.6888889074325562,0.6222222447395325,0.9555555582046509,0.8222222328186035,0.5111111402511597,0.9555555582046509,0.7333333492279053,0.9777777791023254,0.8888888955116272,0.9555555582046509,0.9111111164093018,0.6000000238418579,0.3777777850627899,0.3777777850627899,0.2222222238779068,0.15555556118488312,0.08888889104127884,0.1111111119389534,0.20000000298023224,0.0,0.0,0.0,0.20000000298023224,0.1111111119389534,0.06666667014360428,0.17777778208255768,0.2222222238779068,0.3777777850627899,0.35555556416511536,0.5555555820465088,0.9555555582046509,0.9777777791023254,0.8444444537162781,1.0,0.7555555701255798,0.9111111164093018,0.5333333611488342,0.8222222328186035,0.9111111164093018,0.6666666865348816,0.7111111283302307,0.7333333492279053,0.9333333373069763,0.6666666865348816,0.7111111283302307,0.5333333611488342,0.6000000238418579,0.4888888895511627,0.5333333611488342,0.5555555820465088,0.6000000238418579,0.6888889074325562,0.4888888895511627,0.6000000238418579,0.6000000238418579,0.46666666865348816,0.35555556416511536,0.5333333611488342,0.3333333432674408,0.4000000059604645,0.35555556416511536,0.5333333611488342,0.35555556416511536,0.4000000059604645,0.3777777850627899,0.5777778029441833,0.46666666865348816,0.4888888895511627,0.20000000298023224,0.46666666865348816,0.35555556416511536,0.3333333432674408,0.4000000059604645,0.3777777850627899,0.5333333611488342,0.35555556416511536,0.5111111402511597,0.4000000059604645,0.5333333611488342,0.42222222685813904,0.24444444477558136,0.5555555820465088,0.3777777850627899,0.5333333611488342,0.35555556416511536,0.5111111402511597,0.3333333432674408,0.4000000059604645,0.24444444477558136,0.31111112236976624,0.4888888895511627,0.42222222685813904,0.2888889014720917,0.3333333432674408,0.5777778029441833,0.4888888895511627,0.3333333432674408,0.2222222238779068,0.42222222685813904,0.35555556416511536,0.2888889014720917,0.42222222685813904,0.4444444477558136,0.6222222447395325,0.5777778029441833,0.5555555820465088,0.42222222685813904,0.4444444477558136,0.4888888895511627,0.2888889014720917,0.4000000059604645,0.5333333611488342,0.35555556416511536,0.31111112236976624,0.5333333611488342,0.3777777850627899,0.4444444477558136,0.4444444477558136,0.4888888895511627,0.31111112236976624,0.24444444477558136
0.0,0.0,0.0,0.25,0.25,0.0,0.0,0.25,0.0,0.25,0.25,0.25,0.0,0.0,0.0,0.0,0.0,0.25,0.25,0.0,0.0,0.0,0.0,0.0,0.25,0.0,0.25,0.0,0.0,0.0,0.0,0.0,0.25,0.0,0.25,0.0,0.0,0.0,0.25,0.0,0.25,0.0,0.25,0.0,0.0,0.0,0.25,0.0,0.0,0.0,0.0,0.0,0.0,0.25,0.0,0.25,0.0,0.0,0.0,0.0,0.75,0.0,0.0,0.0,0.0,0.0,0.0,0.0,0.0,0.0,0.0,0.25,0.0,0.0,0.0,0.0,0.0,0.25,0.0,0.0,0.25,0.25,1.0,0.25,0.25,0.0,0.0,0.25,0.25,0.5,0.5,0.0,0.25,0.0,0.25,0.0,0.0,0.0,0.0,0.0,0.0,0.0,0.0,0.0,0.0,0.0,0.25,0.0,0.25,0.0,0.5,0.5,0.25,0.25,0.0,0.0,0.25,0.25,0.75,0.5,0.25,0.0,0.0,0.25,0.0,0.0,0.0,0.0,0.0,0.25,0.0,0.0,0.0,0.0,0.0,0.0,0.0,0.0,0.0,0.0,0.75,0.0,0.0,0.0,0.0,0.25,0.0,0.25,0.0,0.0,0.0,0.0,0.0,0.0,0.25,0.0,0.0,0.0,0.25,0.0,0.25,0.0,0.25,0.0,0.0,0.0,0.25,0.0,0.25,0.0,0.0,0.0,0.0,0.0,0.25,0.0,0.25,0.0,0.0,0.0,0.0,0.0,0.25,0.25,0.0,0.0,0.0,0.0,0.0,0.25,0.0,0.5,0.0,0.25,0.0,0.0,0.25,0.25,0.0,0.0,0.0
0.25609755516052246,0.6768292784690857,0.6646341681480408,0.5914633870124817,0.5609756112098694,0.542682945728302,0.7012194991111755,0.7682926654815674,0.5670731663703918,0.5121951103210449,0.6463414430618286,0.6463414430618286,0.5792682766914368,0.6219512224197388,0.6524389982223511,0.6097561120986938,0.5853658318519592,0.5914633870124817,0.5548780560493469,0.5853658318519592,0.6036585569381714,0.6280487775802612,0.5731707215309143,0.49390244483947754,0.5792682766914368,0.6707317233085632,0.48170730471611023,0.5853658318519592,0.5060975551605225,0.6341463327407837,0.5609756112098694,0.5487805008888245,0.5670731663703918,0.5243902206420898,0.6219512224197388,0.6036585569381714,0.542682945728302,0.5243902206420898,0.542682945728302,0.5304877758026123,0.5731707215309143,0.6097561120986938,0.5731707215309143,0.5121951103210449,0.5487805008888245,0.5548780560493469,0.5609756112098694,0.5548780560493469,0.542682945728302,0.4573170840740204,0.7012194991111755,0.5548780560493469,0.6158536672592163,0.47560974955558777,0.5487805008888245,0.49390244483947754,0.6768292784690857,0.542682945728302,0.5243902206420898,0.5182926654815674,0.5243902206420898,0.5365853905677795,0.6036585569381714,0.5914633870124817,0.4878048896789551,0.5670731663703918,0.6402438879013062,0.5731707215309143,0.542682945728302,0.6402438879013062,0.7134146094322205,0.6646341681480408,0.6707317233085632,0.6036585569381714,0.6646341681480408,0.6707317233085632,0.7134146094322205,0.7621951103210449,0.7012194991111755,0.6341463327407837,0.8231707215309143,0.8353658318519592,0.7439024448394775,0.8902438879013062,0.8353658318519592,0.7865853905677795,0.9268292784690857,0.8780487775802612,0.9939024448394775,0.9695122241973877,0.8109756112098694,0.8414633870124817,0.5670731663703918,0.29878050088882446,0.24390244483947754,0.1463414579629898,0.0731707289814949,0.06707317382097244,0.14024390280246735,0.012195121496915817,0.0,0.012195121496915817,0.12804877758026123,0.07926829159259796,0.0731707289814949,0.13414634764194489,0.24390244483947754,0.3109756112098694,0.5365853905677795,0.8353658318519592,0.8231707215309143,0.9756097793579102,1.0,0.8597561120986938,0.9329268336296082,0.7804877758026123,0.8231707215309143,0.9085366129875183,0.75,0.8292682766914368,0.8109756112098694,0.6402438879013062,0.7195122241973877,0.7439024448394775,0.7134146094322205,0.6951219439506531,0.6341463327407837,0.6158536672592163,0.6768292784690857,0.6524389982223511,0.6951219439506531,0.6707317233085632,0.5304877758026123,0.5670731663703918,0.6646341681480408,0.5548780560493469,0.4878048896789551,0.6036585569381714,0.5975610017776489,0.5182926654815674,0.5487805008888245,0.5182926654815674,0.5182926654815674,0.5182926654815674,0.6768292784690857,0.49390244483947754,0.5853658318519592,0.4695121943950653,0.6158536672592163,0.5609756112098694,0.6707317233085632,0.48170730471611023,0.5304877758026123,0.5609756112098694,0.5731707215309143,0.5487805008888245,0.5487805008888245,0.5121951103210449,0.5853658318519592,0.6036585569381714,0.5670731663703918,0.5304877758026123,0.5060975551605225,0.5487805008888245,0.5243902206420898,0.6402438879013062,0.6036585569381714,0.5365853905677795,0.5487805008888245,0.5670731663703918,0.5731707215309143,0.6158536672592163,0.5182926654815674,0.5792682766914368,0.48170730471611023,0.6829268336296082,0.5487805008888245,0.5121951103210449,0.5487805008888245,0.6341463327407837,0.6280487775802612,0.5609756112098694,0.5731707215309143,0.5975610017776489,0.5731707215309143,0.6219512224197388,0.6158536672592163,0.6463414430618286,0.5853658318519592,0.6158536672592163,0.6646341681480408,0.5,0.5914633870124817,0.7621951103210449,0.6829268336296082,0.5670731663703918,0.5670731663703918,0.5853658318519592,0.6585366129875183,0.6585366129875183,0.2926829159259796
0.0,0.0,0.0,0.0,0.0,0.0,0.0,0.0,0.0,0.0,0.0,0.0,0.0,0.0,0.0,0.0,0.0,0.0,0.0,0.0,0.0,0.0,0.0,0.0,0.0,0.0,0.0,0.0,0.0,0.0,0.0,0.0,0.0,0.0,0.0,0.0,1.0,0.0,0.0,0.0,0.0,1.0,0.0,0.0,0.0,0.0,0.0,0.0,0.0,0.0,0.0,0.0,0.0,0.0,0.0,0.0,0.0,0.0,0.0,0.0,0.0,0.0,0.0,0.0,0.0,0.0,0.0,0.0,0.0,0.0,0.0,0.0,0.0,0.0,0.0,0.0,1.0,0.0,0.0,0.0,0.0,0.0,0.0,0.0,0.0,0.0,0.0,0.0,1.0,0.0,0.0,1.0,0.0,0.0,1.0,0.0,0.0,0.0,0.0,0.0,0.0,0.0,0.0,0.0,0.0,0.0,1.0,0.0,0.0,1.0,0.0,0.0,1.0,0.0,0.0,0.0,0.0,0.0,0.0,0.0,0.0,0.0,0.0,0.0,1.0,0.0,0.0,0.0,0.0,0.0,0.0,0.0,0.0,0.0,0.0,0.0,0.0,0.0,0.0,0.0,0.0,0.0,0.0,0.0,0.0,0.0,0.0,0.0,0.0,0.0,0.0,0.0,0.0,0.0,0.0,0.0,0.0,0.0,0.0,1.0,0.0,0.0,0.0,0.0,1.0,0.0,0.0,0.0,0.0,0.0,0.0,0.0,0.0,0.0,0.0,0.0,0.0,0.0,0.0,0.0,0.0,0.0,0.0,0.0,0.0,0.0,0.0,0.0,0.0,0.0,0.0,0.0,0.0,0.0,0.0,0.0,0.0,0.0,0.0,0.0,0.0
0.0,0.5,0.0,0.75,1.0,0.0,0.75,0.5,0.0,0.25,0.0,0.0,0.25,0.25,0.5,0.0,0.0,0.25,0.0,0.0,0.25,0.0,0.0,0.25,0.0,0.25,0.5,0.5,0.0,0.5,0.0,0.25,0.25,0.0,0.0,0.25,0.0,0.25,0.0,0.0,0.0,0.5,0.5,0.0,0.5,0.25,0.25,0.0,0.25,0.0,0.25,0.25,0.0,0.0,0.0,0.0,0.0,0.0,0.0,0.0,0.25,0.0,0.25,0.25,0.25,0.0,0.0,0.25,0.5,0.5,0.25,0.0,0.0,0.5,0.0,0.0,0.0,0.0,0.25,0.0,0.25,0.25,0.0,0.0,0.0,0.0,0.0,0.0,0.0,0.0,0.75,0.0,0.5,0.25,0.0,0.0,0.25,0.25,0.25,0.0,0.0,0.0,0.25,0.25,0.25,0.0,0.0,0.25,0.5,0.0,0.75,0.0,0.0,0.0,0.0,0.0,0.0,0.0,0.0,0.25,0.25,0.0,0.25,0.0,0.0,0.0,0.0,0.5,0.0,0.0,0.25,0.5,0.5,0.25,0.0,0.0,0.25,0.25,0.25,0.0,0.25,0.0,0.0,0.0,0.0,0.0,0.0,0.0,0.0,0.25,0.25,0.0,0.25,0.0,0.25,0.25,0.5,0.0,0.5,0.5,0.0,0.0,0.0,0.25,0.0,0.25,0.0,0.0,0.25,0.25,0.0,0.5,0.0,0.5,0.5,0.25,0.0,0.25,0.0,0.0,0.25,0.0,0.0,0.25,0.0,0.0,0.25,0.5,0.25,0.0,0.0,0.25,0.0,0.5,0.75,0.0,1.0,0.75,0.0,0.5,0.0
0.2222222238779068,0.5888888835906982,0.4000000059604645,0.4444444477558136,0.4333333373069763,0.5222222208976746,0.5555555820465088,0.5444444417953491,0.5555555820465088,0.47777777910232544,0.5,0.3777777850627899,0.4444444477558136,0.4333333373069763,0.3888888955116272,0.5222222208976746,0.5222222208976746,0.4555555582046509,0.3777777850627899,0.5,0.4333333373069763,0.5444444417953491,0.46666666865348816,0.42222222685813904,0.5777778029441833,0.5333333611488342,0.5222222208976746,0.46666666865348816,0.3444444537162781,0.42222222685813904,0.3222222328186035,0.3222222328186035,0.4000000059604645,0.46666666865348816,0.3888888955116272,0.35555556416511536,0.24444444477558136,0.31111112236976624,0.3444444537162781,0.41111111640930176,0.4000000059604645,0.24444444477558136,0.3777777850627899,0.42222222685813904,0.35555556416511536,0.3777777850627899,0.35555556416511536,0.42222222685813904,0.3888888955116272,0.3888888955116272,0.42222222685813904,0.3333333432674408,0.4555555582046509,0.25555557012557983,0.3444444537162781,0.36666667461395264,0.3444444537162781,0.31111112236976624,0.3333333432674408,0.36666667461395264,0.47777777910232544,0.4000000059604645,0.4333333373069763,0.31111112236976624,0.4888888895511627,0.4000000059604645,0.2888889014720917,0.4333333373069763,0.41111111640930176,0.3222222328186035,0.3888888955116272,0.5444444417953491,0.5333333611488342,0.47777777910232544,0.36666667461395264,0.5555555820465088,0.5111111402511597,0.5222222208976746,0.5888888835906982,0.7111111283302307,0.644444465637207,0.6000000238418579,0.7888888716697693,0.6000000238418579,0.7222222089767456,0.6000000238418579,0.800000011920929,0.9888888597488403,0.9444444179534912,0.8999999761581421,0.7333333492279053,0.7111111283302307,0.5888888835906982,0.4000000059604645,0.2777777910232544,0.1111111119389534,0.0555555559694767,0.10000000149011612,0.10000000149011612,0.13333334028720856,0.0,0.12222222238779068,0.10000000149011612,0.1111111119389534,0.0555555559694767,0.1111111119389534,0.2666666805744171,0.3888888955116272,0.5555555820465088,0.7222222089767456,0.7444444298744202,0.8888888955116272,0.9666666388511658,1.0,0.7888888716697693,0.6222222447395325,0.6888889074325562,0.6000000238418579,0.800000011920929,0.6111111044883728,0.644444465637207,0.7111111283302307,0.6000000238418579,0.5111111402511597,0.5222222208976746,0.5444444417953491,0.35555556416511536,0.46666666865348816,0.5555555820465088,0.5444444417953491,0.3888888955116272,0.3222222328186035,0.4000000059604645,0.4444444477558136,0.2888889014720917,0.3888888955116272,0.4888888895511627,0.3333333432674408,0.4000000059604645,0.4333333373069763,0.46666666865348816,0.3444444537162781,0.35555556416511536,0.31111112236976624,0.3333333432674408,0.3777777850627899,0.3444444537162781,0.2666666805744171,0.41111111640930176,0.3777777850627899,0.42222222685813904,0.3888888955116272,0.35555556416511536,0.4444444477558136,0.35555556416511536,0.3777777850627899,0.3444444537162781,0.4444444477558136,0.3777777850627899,0.23333333432674408,0.4000000059604645,0.4000000059604645,0.3222222328186035,0.35555556416511536,0.24444444477558136,0.3444444537162781,0.4000000059604645,0.4555555582046509,0.41111111640930176,0.31111112236976624,0.30000001192092896,0.4333333373069763,0.35555556416511536,0.4555555582046509,0.5333333611488342,0.5222222208976746,0.5555555820465088,0.4555555582046509,0.4444444477558136,0.5666666626930237,0.4444444477558136,0.4888888895511627,0.3777777850627899,0.4555555582046509,0.5,0.5444444417953491,0.3777777850627899,0.4555555582046509,0.42222222685813904,0.4000000059604645,0.5,0.47777777910232544,0.5444444417953491,0.5222222208976746,0.5555555820465088,0.5555555820465088,0.41111111640930176,0.4555555582046509,0.3888888955116272,0.6000000238418579,0.23333333432674408
0.0,0.0,0.0,0.0,0.0,0.5,0.0,0.0,0.3333333432674408,0.1666666716337204,0.0,0.0,0.1666666716337204,0.5,0.0,0.1666666716337204,0.3333333432674408,0.1666666716337204,0.0,0.0,0.0,0.0,0.3333333432674408,0.3333333432674408,0.0,0.0,0.0,0.5,0.0,0.0,0.3333333432674408,0.0,0.1666666716337204,0.1666666716337204,0.0,0.0,0.1666666716337204,0.1666666716337204,0.3333333432674408,0.1666666716337204,0.0,0.1666666716337204,0.1666666716337204,0.0,0.1666666716337204,0.1666666716337204,0.1666666716337204,0.1666666716337204,0.3333333432674408,0.1666666716337204,0.0,0.0,0.1666666716337204,0.1666666716337204,0.1666666716337204,0.1666666716337204,0.1666666716337204,0.3333333432674408,0.1666666716337204,0.1666666716337204,0.1666666716337204,0.0,0.0,0.0,0.1666666716337204,0.1666666716337204,0.1666666716337204,0.0,0.1666666716337204,0.1666666716337204,0.0,0.1666666716337204,0.3333333432674408,0.1666666716337204,0.0,0.3333333432674408,0.0,0.1666666716337204,0.5,1.0,0.0,0.1666666716337204,0.0,0.0,0.5,0.0,0.1666666716337204,0.6666666865348816,0.1666666716337204,0.0,0.1666666716337204,0.0,0.3333333432674408,0.3333333432674408,0.1666666716337204,0.0,0.0,0.0,0.6666666865348816,0.0,0.0,0.0,0.6666666865348816,0.0,0.0,0.0,0.1666666716337204,0.3333333432674408,0.3333333432674408,0.0,0.1666666716337204,0.0,0.1666666716337204,0.6666666865348816,0.1666666716337204,0.0,0.5,0.0,0.0,0.1666666716337204,0.0,0.8333333134651184,0.6666666865348816,0.1666666716337204,0.0,0.3333333432674408,0.0,0.1666666716337204,0.3333333432674408,0.1666666716337204,0.0,0.1666666716337204,0.1666666716337204,0.0,0.1666666716337204,0.1666666716337204,0.1666666716337204,0.0,0.0,0.0,0.1666666716337204,0.1666666716337204,0.1666666716337204,0.3333333432674408,0.1666666716337204,0.1666666716337204,0.1666666716337204,0.1666666716337204,0.1666666716337204,0.0,0.0,0.1666666716337204,0.3333333432674408,0.1666666716337204,0.1666666716337204,0.1666666716337204,0.1666666716337204,0.0,0.1666666716337204,0.1666666716337204,0.0,0.1666666716337204,0.3333333432674408,0.1666666716337204,0.1666666716337204,0.0,0.0,0.1666666716337204,0.1666666716337204,0.0,0.3333333432674408,0.0,0.0,0.5,0.0,0.0,0.0,0.3333333432674408,0.3333333432674408,0.0,0.0,0.0,0.0,0.1666666716337204,0.3333333432674408,0.1666666716337204,0.0,0.5,0.1666666716337204,0.0,0.0,0.1666666716337204,0.3333333432674408,0.0,0.0,0.5,0.0,0.0,0.0,0.0,0.0
0.0982142835855484,0.21875,0.1919642835855484,0.2544642984867096,0.2321428507566452,0.1830357164144516,0.2232142835855484,0.2544642984867096,0.2053571492433548,0.1785714328289032,0.2232142835855484,0.2276785671710968,0.2098214328289032,0.2366071492433548,0.2276785671710968,0.2276785671710968,0.1875,0.2633928656578064,0.1875,0.2321428507566452,0.1830357164144516,0.2410714328289032,0.2410714328289032,0.2142857164144516,0.1607142835855484,0.1741071492433548,0.1473214328289032,0.2142857164144516,0.1964285671710968,0.2098214328289032,0.2678571343421936,0.2008928507566452,0.21875,0.2053571492433548,0.2008928507566452,0.1830357164144516,0.1428571492433548,0.1964285671710968,0.1741071492433548,0.2053571492433548,0.2098214328289032,0.1741071492433548,0.1741071492433548,0.2008928507566452,0.1651785671710968,0.1785714328289032,0.1964285671710968,0.1696428507566452,0.1919642835855484,0.1919642835855484,0.1785714328289032,0.2142857164144516,0.1473214328289032,0.21875,0.2053571492433548,0.1339285671710968,0.1875,0.2008928507566452,0.2276785671710968,0.2366071492433548,0.1830357164144516,0.1651785671710968,0.2366071492433548,0.2366071492433548,0.2232142835855484,0.2410714328289032,0.2767857015132904,0.2633928656578064,0.2276785671710968,0.2723214328289032,0.2633928656578064,0.2857142984867096,0.2767857015132904,0.3125,0.34375,0.3526785671710968,0.4151785671710968,0.40625,0.3660714328289032,0.4821428656578064,0.4151785671710968,0.4910714328289032,0.5848214030265808,0.5803571343421936,0.5535714030265808,0.6026785969734192,0.7142857313156128,0.6830357313156128,0.8035714030265808,0.7991071343421936,0.9642857313156128,0.9598214030265808,1.0,0.9553571343421936,0.7008928656578064,0.2678571343421936,0.0803571417927742,0.0401785708963871,0.0892857164144516,0.0223214291036129,0.0,0.01785714365541935,0.0848214253783226,0.0491071417927742,0.0803571417927742,0.25,0.6875,0.9508928656578064,0.9955357313156128,0.9553571343421936,0.9732142686843872,0.8080357313156128,0.8125,0.6651785969734192,0.7276785969734192,0.6071428656578064,0.5669642686843872,0.5625,0.5848214030265808,0.4910714328289032,0.4241071343421936,0.4732142984867096,0.3794642984867096,0.40625,0.4107142984867096,0.3616071343421936,0.3214285671710968,0.3214285671710968,0.2767857015132904,0.2901785671710968,0.2678571343421936,0.2767857015132904,0.2276785671710968,0.2544642984867096,0.2857142984867096,0.2455357164144516,0.21875,0.2410714328289032,0.2321428507566452,0.1607142835855484,0.1875,0.2276785671710968,0.2366071492433548,0.1964285671710968,0.1919642835855484,0.125,0.2098214328289032,0.2142857164144516,0.1607142835855484,0.2053571492433548,0.1830357164144516,0.1964285671710968,0.1875,0.1741071492433548,0.1875,0.1875,0.1607142835855484,0.1964285671710968,0.1651785671710968,0.1830357164144516,0.2098214328289032,0.2008928507566452,0.1741071492433548,0.2098214328289032,0.125,0.1875,0.2053571492433548,0.2142857164144516,0.2142857164144516,0.2008928507566452,0.2589285671710968,0.2142857164144516,0.2053571492433548,0.1919642835855484,0.1607142835855484,0.1785714328289032,0.1607142835855484,0.2142857164144516,0.2276785671710968,0.25,0.1785714328289032,0.2366071492433548,0.1919642835855484,0.2589285671710968,0.1919642835855484,0.2276785671710968,0.2321428507566452,0.21875,0.2142857164144516,0.2410714328289032,0.2232142835855484,0.1696428507566452,0.2098214328289032,0.2589285671710968,0.21875,0.1830357164144516,0.2366071492433548,0.2366071492433548,0.2008928507566452,0.2098214328289032,0.1160714253783226
0.14937759935855865,0.2033195048570633,0.2697095572948456,0.21991701424121857,0.3236514627933502,0.2572614252567291,0.21991701424121857,0.24481327831745148,0.21576763689517975,0.2697095572948456,0.31120333075523376,0.2987551987171173,0.3153527081012726,0.22406639158725739,0.23236514627933502,0.3195020854473114,0.2282157689332962,0.2572614252567291,0.2489626556634903,0.28215768933296204,0.24481327831745148,0.2780083119869232,0.2531120479106903,0.2946058213710785,0.24066390097141266,0.2282157689332962,0.28215768933296204,0.2074688822031021,0.28215768933296204,0.26556017994880676,0.31120333075523376,0.21576763689517975,0.30705395340919495,0.2531120479106903,0.23651452362537384,0.2489626556634903,0.23651452362537384,0.26141080260276794,0.2697095572948456,0.2780083119869232,0.30290457606315613,0.2946058213710785,0.2738589346408844,0.2697095572948456,0.2074688822031021,0.26141080260276794,0.2531120479106903,0.2904564440250397,0.31120333075523376,0.24481327831745148,0.2780083119869232,0.28215768933296204,0.3195020854473114,0.28215768933296204,0.34854772686958313,0.33195021748542786,0.3817427456378937,0.32780084013938904,0.35269710421562195,0.37344399094581604,0.3609958589076996,0.39419087767601013,0.3153527081012726,0.4149377644062042,0.35684648156166077,0.4273858964443207,0.37759336829185486,0.3195020854473114,0.5062240958213806,0.4315352737903595,0.46887966990470886,0.42323651909828186,0.5186722278594971,0.4315352737903595,0.5560166239738464,0.6182572841644287,0.634854793548584,0.6016597747802734,0.7136929631233215,0.7053942084312439,0.5809128880500793,0.634854793548584,0.817427396774292,0.8755186796188354,0.8049792647361755,0.8215767741203308,0.9751037359237671,0.9253112077713013,0.9128630757331848,0.9253112077713013,0.8506224155426025,0.6182572841644287,0.589211642742157,0.3609958589076996,0.2697095572948456,0.17012448608875275,0.24066390097141266,0.17842324078083038,0.21991701424121857,0.11203319579362869,0.0,0.10788381844758987,0.21576763689517975,0.18672199547290802,0.23236514627933502,0.17842324078083038,0.26141080260276794,0.35684648156166077,0.5809128880500793,0.6141079068183899,0.8506224155426025,0.9377593398094177,0.8672199249267578,0.9253112077713013,1.0,0.8464730381965637,0.7800830006599426,0.863070547580719,0.8506224155426025,0.6307054162025452,0.5726141333580017,0.7053942084312439,0.7178423404693604,0.6141079068183899,0.6265560388565063,0.5975103974342346,0.5684647560119629,0.4273858964443207,0.5352697372436523,0.4315352737903595,0.46473029255867004,0.4107883870601654,0.5228216052055359,0.3236514627933502,0.37344399094581604,0.4315352737903595,0.35684648156166077,0.4107883870601654,0.3153527081012726,0.40248963236808777,0.34854772686958313,0.37344399094581604,0.3609958589076996,0.3236514627933502,0.3817427456378937,0.3195020854473114,0.37344399094581604,0.2697095572948456,0.3236514627933502,0.2697095572948456,0.28215768933296204,0.2531120479106903,0.31120333075523376,0.28215768933296204,0.2531120479106903,0.2531120479106903,0.2282157689332962,0.26556017994880676,0.2738589346408844,0.28215768933296204,0.31120333075523376,0.2697095572948456,0.2738589346408844,0.2697095572948456,0.24066390097141266,0.24066390097141266,0.23236514627933502,0.2697095572948456,0.30290457606315613,0.21161825954914093,0.3153527081012726,0.26556017994880676,0.2780083119869232,0.2033195048570633,0.2904564440250397,0.2282157689332962,0.23651452362537384,0.28215768933296204,0.26556017994880676,0.2738589346408844,0.24481327831745148,0.2780083119869232,0.2531120479106903,0.26141080260276794,0.2282157689332962,0.3236514627933502,0.22406639158725739,0.21991701424121857,0.3153527081012726,0.2946058213710785,0.3153527081012726,0.2780083119869232,0.21991701424121857,0.24066390097141266,0.21576763689517975,0.26141080260276794,0.3236514627933502,0.22406639158725739,0.26141080260276794,0.2074688822031021,0.1576763540506363
0.2222222238779068,0.6333333253860474,0.6888889074325562,0.5888888835906982,0.5111111402511597,0.6222222447395325,0.5777778029441833,0.644444465637207,0.5888888835906982,0.5555555820465088,0.5888888835906982,0.5555555820465088,0.6000000238418579,0.7666666507720947,0.6222222447395325,0.6666666865348816,0.5888888835906982,0.5,0.6000000238418579,0.8444444537162781,0.644444465637207,0.7555555701255798,0.7444444298744202,0.5666666626930237,0.7666666507720947,0.7111111283302307,0.6888889074325562,0.5888888835906982,0.7444444298744202,0.6333333253860474,0.6333333253860474,0.8333333134651184,0.5555555820465088,0.6555555462837219,0.6333333253860474,0.6555555462837219,0.699999988079071,0.699999988079071,0.6333333253860474,0.6777777671813965,0.6777777671813965,0.7222222089767456,0.6333333253860474,0.6222222447395325,0.7222222089767456,0.6222222447395325,0.6000000238418579,0.7333333492279053,0.6333333253860474,0.5888888835906982,0.644444465637207,0.5888888835906982,0.8222222328186035,0.5888888835906982,0.7111111283302307,0.6777777671813965,0.6333333253860474,0.7111111283302307,0.6333333253860474,0.7666666507720947,0.8111110925674438,0.5888888835906982,0.5888888835906982,0.6777777671813965,0.5555555820465088,0.699999988079071,0.5777778029441833,0.699999988079071,0.6333333253860474,0.6777777671813965,0.6111111044883728,0.7888888716697693,0.4333333373069763,0.7111111283302307,0.6222222447395325,0.6222222447395325,0.855555534362793,0.7333333492279053,0.6888889074325562,0.8888888955116272,0.7666666507720947,0.7777777910232544,0.8444444537162781,0.8666666746139526,0.8777777552604675,0.6555555462837219,1.0,0.8333333134651184,0.644444465637207,0.7222222089767456,0.5777778029441833,0.5,0.2666666805744171,0.24444444477558136,0.06666667014360428,0.011111111380159855,0.0,0.011111111380159855,0.011111111380159855,0.011111111380159855,0.0,0.011111111380159855,0.011111111380159855,0.011111111380159855,0.0,0.0,0.07777778059244156,0.23333333432674408,0.25555557012557983,0.5,0.5888888835906982,0.7111111283302307,0.6333333253860474,0.855555534362793,0.9666666388511658,0.6555555462837219,0.8777777552604675,0.8888888955116272,0.855555534362793,0.7666666507720947,0.7777777910232544,0.8999999761581421,0.6777777671813965,0.7222222089767456,0.8444444537162781,0.644444465637207,0.5888888835906982,0.7222222089767456,0.46666666865348816,0.7444444298744202,0.6333333253860474,0.6555555462837219,0.6666666865348816,0.699999988079071,0.5555555820465088,0.6666666865348816,0.6000000238418579,0.699999988079071,0.5666666626930237,0.5888888835906982,0.8222222328186035,0.7666666507720947,0.6333333253860474,0.6888889074325562,0.6222222447395325,0.6555555462837219,0.7555555701255798,0.6000000238418579,0.8222222328186035,0.5888888835906982,0.644444465637207,0.5888888835906982,0.6222222447395325,0.7444444298744202,0.5777778029441833,0.644444465637207,0.7333333492279053,0.6222222447395325,0.6111111044883728,0.7333333492279053,0.6666666865348816,0.6666666865348816,0.6222222447395325,0.7222222089767456,0.699999988079071,0.6666666865348816,0.6222222447395325,0.6777777671813965,0.5555555820465088,0.8111110925674438,0.6333333253860474,0.6333333253860474,0.7222222089767456,0.6222222447395325,0.6555555462837219,0.7333333492279053,0.7777777910232544,0.5444444417953491,0.7777777910232544,0.7444444298744202,0.6555555462837219,0.8333333134651184,0.6111111044883728,0.47777777910232544,0.6111111044883728,0.6666666865348816,0.5888888835906982,0.7888888716697693,0.6000000238418579,0.5444444417953491,0.6000000238418579,0.5444444417953491,0.6111111044883728,0.6333333253860474,0.5777778029441833,0.6222222447395325,0.4888888895511627,0.6000000238418579,0.6666666865348816,0.6555555462837219,0.24444444477558136
0.2884615361690521,0.6346153616905212,0.557692289352417,0.625,0.567307710647583,0.6057692170143127,0.807692289352417,0.7019230723381042,0.6057692170143127,0.5865384340286255,0.75,0.6730769276618958,0.6442307829856873,0.6153846383094788,0.6153846383094788,0.5480769276618958,0.6346153616905212,0.6057692170143127,0.5961538553237915,0.5865384340286255,0.567307710647583,0.5288461446762085,0.7211538553237915,0.5769230723381042,0.567307710647583,0.692307710647583,0.45192307233810425,0.4423076808452606,0.5096153616905212,0.6057692170143127,0.6153846383094788,0.5288461446762085,0.36538460850715637,0.42307692766189575,0.567307710647583,0.4134615361690521,0.42307692766189575,0.48076921701431274,0.49038460850715637,0.5384615659713745,0.45192307233810425,0.49038460850715637,0.4711538553237915,0.4326923191547394,0.4134615361690521,0.3461538553237915,0.4615384638309479,0.4134615361690521,0.567307710647583,0.48076921701431274,0.5769230723381042,0.3173076808452606,0.4423076808452606,0.5192307829856873,0.39423078298568726,0.39423078298568726,0.39423078298568726,0.3365384638309479,0.5384615659713745,0.45192307233810425,0.4615384638309479,0.4423076808452606,0.36538460850715637,0.45192307233810425,0.4423076808452606,0.4326923191547394,0.5769230723381042,0.3461538553237915,0.4038461446762085,0.5192307829856873,0.48076921701431274,0.4711538553237915,0.567307710647583,0.682692289352417,0.625,0.48076921701431274,0.5961538553237915,0.6057692170143127,0.625,0.6153846383094788,0.567307710647583,0.5096153616905212,0.6346153616905212,0.6730769276618958,0.6057692170143127,0.7884615659713745,0.7884615659713745,0.8653846383094788,0.7884615659713745,0.9711538553237915,0.9615384340286255,0.9519230723381042,0.7788461446762085,0.692307710647583,0.24038460850715637,0.09615384787321091,0.0,0.0,0.009615384973585606,0.028846153989434242,0.0,0.028846153989434242,0.009615384973585606,0.0,0.0,0.08653846383094788,0.25,0.692307710647583,0.7403846383094788,0.942307710647583,1.0,0.942307710647583,0.7692307829856873,0.875,0.817307710647583,0.807692289352417,0.5961538553237915,0.625,0.6634615659713745,0.5192307829856873,0.567307710647583,0.625,0.6153846383094788,0.6057692170143127,0.6057692170143127,0.4711538553237915,0.5769230723381042,0.7403846383094788,0.5769230723381042,0.4615384638309479,0.4711538553237915,0.5192307829856873,0.42307692766189575,0.3365384638309479,0.5769230723381042,0.4326923191547394,0.4326923191547394,0.4711538553237915,0.36538460850715637,0.4423076808452606,0.4038461446762085,0.4711538553237915,0.5480769276618958,0.3461538553237915,0.4134615361690521,0.36538460850715637,0.42307692766189575,0.49038460850715637,0.45192307233810425,0.3173076808452606,0.5865384340286255,0.4423076808452606,0.5865384340286255,0.4423076808452606,0.4615384638309479,0.3461538553237915,0.4038461446762085,0.4423076808452606,0.4615384638309479,0.49038460850715637,0.45192307233810425,0.5480769276618958,0.4711538553237915,0.45192307233810425,0.4615384638309479,0.39423078298568726,0.5865384340286255,0.4134615361690521,0.375,0.5384615659713745,0.5865384340286255,0.5961538553237915,0.5480769276618958,0.42307692766189575,0.4711538553237915,0.6538461446762085,0.5865384340286255,0.567307710647583,0.7211538553237915,0.5384615659713745,0.5480769276618958,0.6153846383094788,0.5961538553237915,0.5961538553237915,0.6057692170143127,0.5769230723381042,0.6153846383094788,0.5865384340286255,0.682692289352417,0.682692289352417,0.7307692170143127,0.6057692170143127,0.5865384340286255,0.6730769276618958,0.7980769276618958,0.6538461446762085,0.557692289352417,0.6057692170143127,0.567307710647583,0.6538461446762085,0.29807692766189575
0.02857142873108387,0.0357142873108387,0.04285714402794838,0.06071428582072258,0.07857143133878708,0.05714285746216774,0.07500000298023224,0.03214285895228386,0.06071428582072258,0.07500000298023224,0.07500000298023224,0.03214285895228386,0.04285714402794838,0.05000000074505806,0.06428571790456772,0.0535714291036129,0.05714285746216774,0.05000000074505806,0.06071428582072258,0.06428571790456772,0.03928571566939354,0.06071428582072258,0.03928571566939354,0.04285714402794838,0.04285714402794838,0.06071428582072258,0.06785714626312256,0.05000000074505806,0.04642857238650322,0.02857142873108387,0.03928571566939354,0.014285714365541935,0.05714285746216774,0.0714285746216774,0.03928571566939354,0.08214285969734192,0.06428571790456772,0.03214285895228386,0.08214285969734192,0.05714285746216774,0.05714285746216774,0.04285714402794838,0.05714285746216774,0.06071428582072258,0.05000000074505806,0.05000000074505806,0.06071428582072258,0.03928571566939354,0.05000000074505806,0.04285714402794838,0.06428571790456772,0.05000000074505806,0.06785714626312256,0.03214285895228386,0.06428571790456772,0.0535714291036129,0.04642857238650322,0.03214285895228386,0.0714285746216774,0.0535714291036129,0.07500000298023224,0.07500000298023224,0.0535714291036129,0.07857143133878708,0.0892857164144516,0.0892857164144516,0.07857143133878708,0.05714285746216774,0.08571428805589676,0.125,0.0714285746216774,0.1428571492433548,0.09285714477300644,0.11785714328289032,0.11428571492433548,0.11785714328289032,0.10357142984867096,0.1607142835855484,0.13214285671710968,0.16428571939468384,0.22142857313156128,0.20714285969734192,0.19285714626312256,0.21785713732242584,0.2321428507566452,0.2571428716182709,0.22857142984867096,0.30000001192092896,0.3392857015132904,0.3678571283817291,0.44999998807907104,0.37142857909202576,0.4928571283817291,0.6285714507102966,0.8892857432365417,1.0,0.5857142806053162,0.06785714626312256,0.0,0.0,0.0,0.0,0.0,0.05714285746216774,0.5785714387893677,0.9821428656578064,0.9071428775787354,0.6178571581840515,0.5071428418159485,0.37857142090797424,0.4357142746448517,0.3821428716182709,0.33571428060531616,0.3107142746448517,0.21785713732242584,0.2607142925262451,0.22142857313156128,0.22857142984867096,0.18214285373687744,0.20714285969734192,0.23571428656578064,0.1607142835855484,0.12857143580913544,0.16428571939468384,0.11071428656578064,0.11785714328289032,0.11071428656578064,0.11785714328289032,0.09642857313156128,0.13928571343421936,0.07500000298023224,0.11785714328289032,0.08571428805589676,0.06428571790456772,0.06785714626312256,0.09642857313156128,0.09285714477300644,0.07857143133878708,0.0535714291036129,0.0714285746216774,0.07857143133878708,0.0535714291036129,0.06785714626312256,0.03214285895228386,0.05000000074505806,0.0535714291036129,0.06071428582072258,0.03214285895228386,0.06428571790456772,0.05714285746216774,0.06428571790456772,0.04285714402794838,0.05000000074505806,0.03928571566939354,0.05714285746216774,0.0535714291036129,0.04285714402794838,0.06428571790456772,0.06071428582072258,0.04285714402794838,0.05714285746216774,0.0535714291036129,0.08571428805589676,0.02857142873108387,0.06785714626312256,0.08214285969734192,0.0357142873108387,0.07500000298023224,0.05714285746216774,0.014285714365541935,0.03928571566939354,0.02857142873108387,0.04642857238650322,0.04642857238650322,0.0714285746216774,0.05714285746216774,0.03928571566939354,0.04285714402794838,0.04285714402794838,0.06428571790456772,0.03928571566939354,0.06428571790456772,0.05714285746216774,0.0535714291036129,0.05714285746216774,0.0535714291036129,0.06428571790456772,0.04642857238650322,0.04642857238650322,0.03214285895228386,0.06785714626312256,0.07857143133878708,0.06071428582072258,0.0357142873108387,0.0714285746216774,0.06071428582072258,0.07500000298023224,0.06428571790456772,0.04285714402794838,0.03214285895228386,0.03214285895228386
0.24180327355861664,0.48770493268966675,0.4959016442298889,0.5,0.4836065471172333,0.5,0.5163934230804443,0.4713114798069,0.5245901346206665,0.4795081913471222,0.5081967115402222,0.4754098355770111,0.5286885499954224,0.5655737519264221,0.618852436542511,0.5737704634666443,0.5081967115402222,0.5204917788505554,0.5860655903816223,0.5655737519264221,0.5163934230804443,0.5655737519264221,0.6393442749977112,0.5532786846160889,0.5942623019218445,0.5163934230804443,0.5327869057655334,0.5778688788414001,0.5737704634666443,0.5737704634666443,0.5491803288459778,0.5778688788414001,0.5860655903816223,0.6270492076873779,0.5286885499954224,0.6024590134620667,0.6598360538482666,0.6639344096183777,0.5655737519264221,0.6639344096183777,0.5819672346115112,0.688524603843689,0.7418032884597778,0.5737704634666443,0.6926229596138,0.7008196711540222,0.6721311211585999,0.6270492076873779,0.6516393423080444,0.7950819730758667,0.7377049326896667,0.6680327653884888,0.7049180269241333,0.6680327653884888,0.7540983557701111,0.7786885499954224,0.6762295365333557,0.7540983557701111,0.7213114500045776,0.7295082211494446,0.7090163826942444,0.8278688788414001,0.7008196711540222,0.7745901346206665,0.881147563457489,0.75,0.8032786846160889,0.8237704634666443,0.8360655903816223,0.7868852615356445,0.7786885499954224,0.8565573692321777,0.8524590134620667,0.9303278923034668,0.7663934230804443,0.8237704634666443,0.7663934230804443,0.8278688788414001,0.7868852615356445,0.7745901346206665,0.9795082211494446,0.8729507923126221,0.9098360538482666,0.8319672346115112,0.8483606576919556,0.7909836173057556,0.7909836173057556,0.7377049326896667,0.6926229596138,0.5286885499954224,0.49180328845977783,0.40163934230804443,0.2950819730758667,0.20081967115402222,0.08196721225976944,0.07786884903907776,0.06147541105747223,0.03688524663448334,0.05737704783678055,0.05737704783678055,0.0,0.05737704783678055,0.05737704783678055,0.03688524663448334,0.06147541105747223,0.07786884903907776,0.08196721225976944,0.19672131538391113,0.28688523173332214,0.39754098653793335,0.4754098355770111,0.5450819730758667,0.6680327653884888,0.7540983557701111,0.7991803288459778,0.7868852615356445,0.8483606576919556,0.8319672346115112,0.8975409865379333,0.8729507923126221,1.0,0.7581967115402222,0.7991803288459778,0.8278688788414001,0.7704917788505554,0.811475396156311,0.7663934230804443,0.9180327653884888,0.8524590134620667,0.881147563457489,0.7704917788505554,0.7909836173057556,0.8155737519264221,0.8442623019218445,0.7827869057655334,0.7540983557701111,0.8893442749977112,0.7786885499954224,0.7008196711540222,0.8401639461517334,0.6967213153839111,0.7377049326896667,0.7172130942344666,0.7459016442298889,0.6557376980781555,0.7950819730758667,0.7663934230804443,0.6475409865379333,0.7377049326896667,0.6557376980781555,0.7418032884597778,0.7745901346206665,0.6557376980781555,0.6352459192276001,0.6803278923034668,0.6844262480735779,0.7049180269241333,0.5778688788414001,0.7418032884597778,0.6803278923034668,0.5737704634666443,0.6803278923034668,0.5491803288459778,0.6803278923034668,0.6557376980781555,0.6065573692321777,0.5040983557701111,0.6393442749977112,0.5983606576919556,0.561475396156311,0.5696721076965332,0.5655737519264221,0.5573770403862,0.6106557250022888,0.5245901346206665,0.5204917788505554,0.5819672346115112,0.5573770403862,0.6270492076873779,0.5819672346115112,0.5,0.5696721076965332,0.5737704634666443,0.5409836173057556,0.4959016442298889,0.5737704634666443,0.6229507923126221,0.5860655903816223,0.5040983557701111,0.4754098355770111,0.5081967115402222,0.4795081913471222,0.5409836173057556,0.4713114798069,0.5081967115402222,0.5040983557701111,0.4754098355770111,0.48770493268966675,0.5081967115402222,0.5,0.25
0.13698630034923553,0.19178082048892975,0.232876718044281,0.267123281955719,0.25342464447021484,0.25342464447021484,0.19863013923168182,0.16438356041908264,0.21917808055877686,0.2397260218858719,0.25342464447021484,0.21917808055877686,0.267123281955719,0.13698630034923553,0.30136987566947937,0.2054794579744339,0.27397260069847107,0.16438356041908264,0.19863013923168182,0.1438356190919876,0.22602739930152893,0.232876718044281,0.27397260069847107,0.22602739930152893,0.24657534062862396,0.27397260069847107,0.27397260069847107,0.16438356041908264,0.24657534062862396,0.24657534062862396,0.21232876181602478,0.1780821979045868,0.28082191944122314,0.28082191944122314,0.24657534062862396,0.31506848335266113,0.25342464447021484,0.267123281955719,0.2397260218858719,0.24657534062862396,0.2054794579744339,0.17123287916183472,0.1780821979045868,0.22602739930152893,0.2876712381839752,0.2397260218858719,0.267123281955719,0.28082191944122314,0.13698630034923553,0.2397260218858719,0.22602739930152893,0.2602739632129669,0.27397260069847107,0.19178082048892975,0.2397260218858719,0.22602739930152893,0.1780821979045868,0.21232876181602478,0.30821916460990906,0.3287671208381653,0.31506848335266113,0.24657534062862396,0.2945205569267273,0.3219178020954132,0.30821916460990906,0.3767123222351074,0.30821916460990906,0.2876712381839752,0.28082191944122314,0.45205479860305786,0.39726027846336365,0.36301368474960327,0.30821916460990906,0.4452054798603058,0.4041095972061157,0.3835616409778595,0.4794520437717438,0.4383561611175537,0.3219178020954132,0.4726027250289917,0.5410959124565125,0.5,0.6164383292198181,0.5,0.7191780805587769,0.5821917653083801,0.6780821681022644,0.8150684833526611,0.6712328791618347,0.8219178318977356,0.7397260069847107,0.8904109597206116,1.0,1.0,0.767123281955719,0.4041095972061157,0.19178082048892975,0.006849315017461777,0.0,0.0,0.0,0.0,0.0,0.006849315017461777,0.1780821979045868,0.3904109597206116,0.7739726305007935,0.9794520735740662,0.9863013625144958,0.9109588861465454,0.732876718044281,0.8424657583236694,0.6712328791618347,0.7808219194412231,0.7191780805587769,0.5753424763679504,0.732876718044281,0.5,0.5958904027938843,0.5136986374855042,0.5410959124565125,0.48630136251449585,0.31506848335266113,0.4383561611175537,0.4794520437717438,0.3835616409778595,0.3904109597206116,0.465753436088562,0.2876712381839752,0.36986300349235535,0.39726027846336365,0.4452054798603058,0.30136987566947937,0.28082191944122314,0.31506848335266113,0.36301368474960327,0.30136987566947937,0.33561643958091736,0.2876712381839752,0.2602739632129669,0.31506848335266113,0.3219178020954132,0.30136987566947937,0.2054794579744339,0.19863013923168182,0.21232876181602478,0.25342464447021484,0.18493150174617767,0.27397260069847107,0.24657534062862396,0.232876718044281,0.24657534062862396,0.13698630034923553,0.2602739632129669,0.2945205569267273,0.232876718044281,0.2876712381839752,0.22602739930152893,0.17123287916183472,0.18493150174617767,0.19178082048892975,0.24657534062862396,0.2397260218858719,0.267123281955719,0.2602739632129669,0.3219178020954132,0.232876718044281,0.2876712381839752,0.2876712381839752,0.1780821979045868,0.21232876181602478,0.2397260218858719,0.25342464447021484,0.15753424167633057,0.27397260069847107,0.28082191944122314,0.24657534062862396,0.22602739930152893,0.2602739632129669,0.2397260218858719,0.22602739930152893,0.13698630034923553,0.21232876181602478,0.15068493783473969,0.2876712381839752,0.2054794579744339,0.28082191944122314,0.1438356190919876,0.28082191944122314,0.19863013923168182,0.2602739632129669,0.25342464447021484,0.2054794579744339,0.1780821979045868,0.19178082048892975,0.25342464447021484,0.2602739632129669,0.267123281955719,0.232876718044281,0.19178082048892975,0.13698630034923553
0.4601227045059204,0.9294478297233582,0.8803681135177612,0.8251533508300781,0.8374233245849609,0.8588957190513611,0.8282208442687988,0.8435583114624023,0.8128834366798401,0.8588957190513611,0.7576687335968018,0.8773006200790405,0.7177914381027222,0.8404908180236816,0.9110429286956787,0.8619632124900818,0.7423312664031982,0.9171779155731201,0.8067484498023987,0.7883435487747192,0.8834356069564819,0.8865030407905579,0.8282208442687988,0.8680981397628784,0.8251533508300781,0.8159509301185608,0.8680981397628784,0.8435583114624023,0.8834356069564819,0.7576687335968018,0.9815950989723206,0.7515337467193604,0.8374233245849609,0.8374233245849609,0.800613522529602,0.7607361674308777,0.7914110422134399,0.8159509301185608,0.8374233245849609,0.8312883377075195,0.7944785356521606,0.8282208442687988,0.8374233245849609,0.7730061411857605,0.6871165633201599,0.7423312664031982,0.8711656332015991,0.8098159432411194,0.6901840567588806,0.745398759841919,0.8251533508300781,0.699386477470398,0.8404908180236816,0.745398759841919,0.7699386477470398,0.7975460290908813,0.7576687335968018,0.8251533508300781,0.7208588719367981,0.8190184235572815,0.754601240158081,0.6349693536758423,0.6441717743873596,0.7116564512252808,0.6779140830039978,0.6288343667984009,0.7576687335968018,0.6165643930435181,0.6196318864822388,0.8067484498023987,0.6196318864822388,0.7024539709091187,0.6073619723320007,0.6901840567588806,0.6595091819763184,0.6717791557312012,0.6687116622924805,0.6809815764427185,0.5490797758102417,0.650306761264801,0.6196318864822388,0.6625766754150391,0.6472392678260803,0.6073619723320007,0.6595091819763184,0.5061349868774414,0.5674846768379211,0.5398772954940796,0.5306748747825623,0.5889570713043213,0.5368098020553589,0.46932515501976013,0.3711656332015991,0.34662577509880066,0.19631901383399963,0.12269938737154007,0.10429447889328003,0.12576687335968018,0.0889570564031601,0.06748466193675995,0.0,0.06441717594861984,0.0920245423913002,0.11963190138339996,0.10429447889328003,0.12269938737154007,0.19938650727272034,0.33742332458496094,0.3650306761264801,0.453987717628479,0.5490797758102417,0.5981594920158386,0.5276073813438416,0.5490797758102417,0.5644171833992004,0.5,0.6257668733596802,0.6288343667984009,0.6441717743873596,0.6595091819763184,0.6319018602371216,0.6533742547035217,0.5521472096443176,0.6871165633201599,0.6564416885375977,0.6625766754150391,0.6625766754150391,0.6809815764427185,0.6134969592094421,0.7239263653755188,0.6165643930435181,0.7914110422134399,0.6288343667984009,0.6134969592094421,0.7515337467193604,0.6288343667984009,0.6625766754150391,0.754601240158081,0.6257668733596802,0.6349693536758423,0.7484662532806396,0.8220859169960022,0.7055214643478394,0.8374233245849609,0.7515337467193604,0.803680956363678,0.7638036608695984,0.7484662532806396,0.8374233245849609,0.7116564512252808,0.8343558311462402,0.7361963391304016,0.6717791557312012,0.8190184235572815,0.8803681135177612,0.7392638325691223,0.6840490698814392,0.7730061411857605,0.8466257452964783,0.8343558311462402,0.7822085618972778,0.8190184235572815,0.803680956363678,0.8650306463241577,0.7760736346244812,0.7791411280632019,0.7944785356521606,0.8312883377075195,0.8404908180236816,0.7423312664031982,1.0,0.745398759841919,0.8773006200790405,0.8527607321739197,0.8834356069564819,0.8098159432411194,0.8251533508300781,0.8680981397628784,0.8128834366798401,0.8803681135177612,0.8680981397628784,0.8220859169960022,0.7883435487747192,0.9294478297233582,0.7484662532806396,0.8404908180236816,0.9355828166007996,0.8312883377075195,0.7208588719367981,0.8680981397628784,0.7484662532806396,0.849693238735199,0.8374233245849609,0.8404908180236816,0.8435583114624023,0.8251533508300781,0.8374233245849609,0.8435583114624023,0.8619632124900818,0.9478527903556824,0.4877300560474396
0.40140846371650696,0.7323943376541138,0.6549295783042908,0.6478873491287231,0.6478873491287231,0.6267605423927307,0.5845070481300354,0.7394366264343262,0.6690140962600708,0.7323943376541138,0.7323943376541138,0.6478873491287231,0.5633803009986877,0.5633803009986877,0.7887324094772339,0.6901408433914185,0.8450704216957092,0.7323943376541138,0.6971830725669861,0.6478873491287231,0.7112675905227661,0.7535211443901062,0.6619718074798584,0.7112675905227661,0.7676056623458862,0.7957746386528015,0.6690140962600708,0.7394366264343262,0.7605633735656738,0.7535211443901062,0.6478873491287231,0.8450704216957092,0.6971830725669861,0.7605633735656738,0.7042253613471985,0.5845070481300354,0.7816901206970215,0.5704225301742554,0.6901408433914185,0.6338028311729431,0.7183098793029785,0.7605633735656738,0.6408450603485107,0.8098591566085815,0.8450704216957092,0.8521126508712769,0.8591549396514893,0.7676056623458862,0.7676056623458862,0.7253521084785461,0.577464759349823,0.7394366264343262,1.0,0.8028169274330139,0.7957746386528015,0.8169013857841492,0.7957746386528015,0.7605633735656738,0.6690140962600708,0.7746478915214539,0.7183098793029785,0.7253521084785461,0.7535211443901062,0.8732394576072693,0.7605633735656738,0.8450704216957092,0.8169013857841492,0.7464788556098938,0.8309859037399292,0.9507042169570923,0.6690140962600708,0.6197183132171631,0.6619718074798584,0.7746478915214539,0.7394366264343262,0.7394366264343262,0.5563380122184753,0.8028169274330139,0.6197183132171631,0.7183098793029785,0.6830986142158508,0.5845070481300354,0.51408451795578,0.5281690359115601,0.4647887349128723,0.43661972880363464,0.35211268067359924,0.3661971688270569,0.246478870511055,0.28169015049934387,0.1619718372821808,0.17605634033679962,0.07746478915214539,0.10563380271196365,0.0845070406794548,0.06338027864694595,0.056338027119636536,0.09859155118465424,0.11971831321716309,0.07042253762483597,0.0,0.056338027119636536,0.11971831321716309,0.11267605423927307,0.056338027119636536,0.06338027864694595,0.0845070406794548,0.10563380271196365,0.07042253762483597,0.18309858441352844,0.1619718372821808,0.28169015049934387,0.23943662643432617,0.3380281627178192,0.3802816867828369,0.4225352108478546,0.47887325286865234,0.47887325286865234,0.5211267471313477,0.5985915660858154,0.6971830725669861,0.7183098793029785,0.5985915660858154,0.8309859037399292,0.5563380122184753,0.7253521084785461,0.6760563254356384,0.8380281925201416,0.6830986142158508,0.5985915660858154,0.6901408433914185,0.9366196990013123,0.8450704216957092,0.7394366264343262,0.8028169274330139,0.8591549396514893,0.7605633735656738,0.8802816867828369,0.7605633735656738,0.7183098793029785,0.7112675905227661,0.7676056623458862,0.6901408433914185,0.7394366264343262,0.7816901206970215,0.8169013857841492,0.8028169274330139,0.8028169274330139,0.98591548204422,0.7605633735656738,0.5633803009986877,0.7183098793029785,0.7535211443901062,0.7816901206970215,0.8521126508712769,0.9014084339141846,0.8309859037399292,0.7957746386528015,0.6478873491287231,0.7605633735656738,0.7183098793029785,0.6338028311729431,0.6690140962600708,0.591549277305603,0.8028169274330139,0.5704225301742554,0.6901408433914185,0.7746478915214539,0.6971830725669861,0.8380281925201416,0.6549295783042908,0.7394366264343262,0.7676056623458862,0.7464788556098938,0.6549295783042908,0.7887324094772339,0.7676056623458862,0.7183098793029785,0.6690140962600708,0.7323943376541138,0.7183098793029785,0.6690140962600708,0.6901408433914185,0.7253521084785461,0.8450704216957092,0.6971830725669861,0.8028169274330139,0.5633803009986877,0.5563380122184753,0.6478873491287231,0.7253521084785461,0.7535211443901062,0.6549295783042908,0.7323943376541138,0.5845070481300354,0.6338028311729431,0.6549295783042908,0.6478873491287231,0.6478873491287231,0.7394366264343262,0.4084506928920746
0.47999998927116394,0.9333333373069763,0.6933333277702332,0.8799999952316284,0.8666666746139526,0.8399999737739563,0.9066666960716248,0.8533333539962769,0.54666668176651,1.0,0.746666669845581,0.7200000286102295,0.7333333492279053,0.8666666746139526,0.5866666436195374,0.8666666746139526,0.7200000286102295,0.6800000071525574,0.6133333444595337,0.7200000286102295,0.6133333444595337,0.7599999904632568,0.6266666650772095,0.7866666913032532,0.653333306312561,0.8266666531562805,0.6399999856948853,0.7333333492279053,0.5733333230018616,0.6266666650772095,0.4533333480358124,0.7200000286102295,0.5733333230018616,0.6666666865348816,0.5733333230018616,0.6933333277702332,0.6399999856948853,0.6133333444595337,0.6399999856948853,0.3733333349227905,0.653333306312561,0.5600000023841858,0.5733333230018616,0.6399999856948853,0.4933333396911621,0.5600000023841858,0.4399999976158142,0.6399999856948853,0.5866666436195374,0.4533333480358124,0.5333333611488342,0.5333333611488342,0.46666666865348816,0.6266666650772095,0.3333333432674408,0.5199999809265137,0.5333333611488342,0.5066666603088379,0.4399999976158142,0.47999998927116394,0.4933333396911621,0.5333333611488342,0.4399999976158142,0.3866666555404663,0.6800000071525574,0.4000000059604645,0.5600000023841858,0.4933333396911621,0.3199999928474426,0.4000000059604645,0.47999998927116394,0.47999998927116394,0.5199999809265137,0.41333332657814026,0.5600000023841858,0.5866666436195374,0.5066666603088379,0.4533333480358124,0.7066666483879089,0.653333306312561,0.5066666603088379,0.5199999809265137,0.4933333396911621,0.6000000238418579,0.5600000023841858,0.5866666436195374,0.54666668176651,0.5733333230018616,0.46666666865348816,0.6133333444595337,0.6000000238418579,0.5066666603088379,0.3466666638851166,0.2266666740179062,0.1599999964237213,0.13333334028720856,0.09333333373069763,0.06666667014360428,0.1066666692495346,0.03999999910593033,0.0,0.03999999910593033,0.1066666692495346,0.06666667014360428,0.09333333373069763,0.13333334028720856,0.13333334028720856,0.18666666746139526,0.41333332657814026,0.4933333396911621,0.6000000238418579,0.6133333444595337,0.46666666865348816,0.5866666436195374,0.5333333611488342,0.5866666436195374,0.5733333230018616,0.5600000023841858,0.5066666603088379,0.5333333611488342,0.4933333396911621,0.6666666865348816,0.7066666483879089,0.4399999976158142,0.5199999809265137,0.54666668176651,0.5866666436195374,0.4266666769981384,0.5066666603088379,0.4933333396911621,0.46666666865348816,0.4266666769981384,0.3199999928474426,0.4399999976158142,0.5733333230018616,0.4266666769981384,0.6666666865348816,0.41333332657814026,0.4266666769981384,0.5066666603088379,0.5199999809265137,0.47999998927116394,0.4399999976158142,0.5199999809265137,0.5066666603088379,0.54666668176651,0.3333333432674408,0.6133333444595337,0.47999998927116394,0.5066666603088379,0.54666668176651,0.4399999976158142,0.6000000238418579,0.6399999856948853,0.4533333480358124,0.5199999809265137,0.5333333611488342,0.6266666650772095,0.5600000023841858,0.5600000023841858,0.6666666865348816,0.3733333349227905,0.6000000238418579,0.653333306312561,0.6266666650772095,0.7200000286102295,0.5600000023841858,0.6800000071525574,0.5733333230018616,0.7066666483879089,0.4533333480358124,0.5866666436195374,0.5866666436195374,0.7599999904632568,0.653333306312561,0.8133333325386047,0.653333306312561,0.7599999904632568,0.6399999856948853,0.7200000286102295,0.6133333444595337,0.7333333492279053,0.653333306312561,0.653333306312561,0.7200000286102295,0.8399999737739563,0.6266666650772095,0.8533333539962769,0.746666669845581,0.746666669845581,0.746666669845581,0.9599999785423279,0.5733333230018616,0.8399999737739563,0.9200000166893005,0.8266666531562805,0.8533333539962769,0.8533333539962769,0.746666669845581,0.9333333373069763,0.4933333396911621
0.14673912525177002,0.29891303181648254,0.31521740555763245,0.260869562625885,0.260869562625885,0.239130437374115,0.27173912525177,0.28260868787765503,0.34239131212234497,0.27173912525177,0.33695653080940247,0.22826087474822998,0.33695653080940247,0.28260868787765503,0.4021739065647125,0.34239131212234497,0.3478260934352875,0.30434781312942505,0.3478260934352875,0.33152174949645996,0.3695652186870575,0.31521740555763245,0.42391303181648254,0.40760868787765503,0.33695653080940247,0.34239131212234497,0.3804347813129425,0.33152174949645996,0.3478260934352875,0.32608696818351746,0.30434781312942505,0.39673912525177,0.33695653080940247,0.30978259444236755,0.44021740555763245,0.375,0.3478260934352875,0.364130437374115,0.3804347813129425,0.375,0.40760868787765503,0.32608696818351746,0.29891303181648254,0.3804347813129425,0.3913043439388275,0.4021739065647125,0.46195653080940247,0.510869562625885,0.3695652186870575,0.45652174949645996,0.510869562625885,0.44565218687057495,0.4728260934352875,0.41847825050354004,0.46195653080940247,0.554347813129425,0.3804347813129425,0.5869565010070801,0.5,0.5271739363670349,0.570652186870575,0.510869562625885,0.532608687877655,0.5054348111152649,0.58152174949646,0.45652174949645996,0.554347813129425,0.6304348111152649,0.6086956262588501,0.58152174949646,0.5489130616188049,0.657608687877655,0.6521739363670349,0.625,0.7010869383811951,0.695652186870575,0.7880434989929199,0.72826087474823,0.75,0.820652186870575,0.7445651888847351,0.8097826242446899,0.739130437374115,0.8586956262588501,0.89673912525177,0.83152174949646,0.8369565010070801,1.0,0.9021739363670349,0.7989130616188049,0.717391312122345,0.6630434989929199,0.570652186870575,0.4836956560611725,0.29347825050354004,0.09239130467176437,0.010869565419852734,0.021739130839705467,0.016304347664117813,0.005434782709926367,0.0,0.005434782709926367,0.016304347664117813,0.021739130839705467,0.005434782709926367,0.09239130467176437,0.28260868787765503,0.47826087474823,0.54347825050354,0.695652186870575,0.717391312122345,0.7989130616188049,0.885869562625885,1.0,0.8586956262588501,0.83152174949646,0.864130437374115,0.875,0.7445651888847351,0.7771739363670349,0.7771739363670349,0.8152173757553101,0.760869562625885,0.7336956262588501,0.7771739363670349,0.695652186870575,0.6847826242446899,0.592391312122345,0.7010869383811951,0.6413043737411499,0.570652186870575,0.592391312122345,0.5978260636329651,0.625,0.554347813129425,0.46739131212234497,0.5652173757553101,0.5054348111152649,0.5489130616188049,0.5163043737411499,0.5652173757553101,0.5271739363670349,0.489130437374115,0.5597826242446899,0.41304346919059753,0.5652173757553101,0.45108696818351746,0.42391303181648254,0.47826087474823,0.43478259444236755,0.510869562625885,0.4728260934352875,0.364130437374115,0.5,0.4728260934352875,0.39673912525177,0.4021739065647125,0.3586956560611725,0.30978259444236755,0.32065218687057495,0.3804347813129425,0.40760868787765503,0.3586956560611725,0.385869562625885,0.34239131212234497,0.3804347813129425,0.45108696818351746,0.29347825050354004,0.3478260934352875,0.3913043439388275,0.30434781312942505,0.32608696818351746,0.33695653080940247,0.3478260934352875,0.385869562625885,0.33695653080940247,0.34239131212234497,0.39673912525177,0.42934781312942505,0.30978259444236755,0.3586956560611725,0.33695653080940247,0.3586956560611725,0.30434781312942505,0.3478260934352875,0.34239131212234497,0.39673912525177,0.29347825050354004,0.32065218687057495,0.239130437374115,0.32065218687057495,0.28804346919059753,0.33695653080940247,0.2771739065647125,0.2554347813129425,0.260869562625885,0.2663043439388275,0.2663043439388275,0.29891303181648254,0.29891303181648254,0.16304348409175873
0.3470149338245392,0.7686567306518555,0.8283582329750061,0.7649253606796265,0.753731369972229,0.7723880410194397,0.8283582329750061,0.8246268630027771,0.7649253606796265,0.8320895433425903,0.7798507213592529,0.7350746393203735,0.75,0.7611940503120422,0.7313432693481445,0.7798507213592529,0.7798507213592529,0.7201492786407471,0.7611940503120422,0.6567164063453674,0.8134328126907349,0.7798507213592529,0.7126865386962891,0.7798507213592529,0.7388059496879578,0.8134328126907349,0.7761194109916687,0.8134328126907349,0.8171641826629639,0.8470149040222168,0.8432835936546326,0.7873134613037109,0.8432835936546326,0.858208954334259,0.8097015023231506,0.7350746393203735,0.7798507213592529,0.746268630027771,0.7238805890083313,0.7873134613037109,0.858208954334259,0.8432835936546326,0.7574626803398132,0.8320895433425903,0.85447758436203,0.7985074520111084,0.8097015023231506,0.7947761416435242,0.8171641826629639,0.8507462739944458,0.8283582329750061,0.8358209133148193,0.9029850959777832,0.89552241563797,0.7910447716712952,0.8283582329750061,0.891791045665741,0.7910447716712952,0.8246268630027771,0.8470149040222168,0.8656716346740723,0.858208954334259,0.8246268630027771,0.8171641826629639,0.7089552283287048,0.8059701323509216,0.9253731369972229,0.7574626803398132,0.9179104566574097,0.8208954930305481,0.9402984976768494,0.8731343150138855,0.9179104566574097,0.9179104566574097,0.8656716346740723,0.9365671873092651,0.9328358173370361,1.0,0.7873134613037109,0.9291045069694519,0.8843283653259277,0.9179104566574097,0.8731343150138855,0.8022388219833374,0.7835820913314819,0.7238805890083313,0.7388059496879578,0.8134328126907349,0.7164179086685181,0.611940324306488,0.5298507213592529,0.4253731369972229,0.3768656849861145,0.20522387325763702,0.09328357875347137,0.04477611929178238,0.02238805964589119,0.007462686393409967,0.014925372786819935,0.007462686393409967,0.0,0.007462686393409967,0.014925372786819935,0.007462686393409967,0.02238805964589119,0.04477611929178238,0.09328357875347137,0.19029851257801056,0.38805970549583435,0.4216417968273163,0.5149253606796265,0.6007462739944458,0.7164179086685181,0.8283582329750061,0.7425373196601868,0.7089552283287048,0.7835820913314819,0.7910447716712952,0.8805969953536987,0.9365671873092651,0.8768656849861145,0.9141790866851807,0.7947761416435242,1.0,0.9179104566574097,0.9253731369972229,0.8694030046463013,0.8992537260055542,0.9477611780166626,0.888059675693512,0.9365671873092651,0.8208954930305481,0.9216417670249939,0.7611940503120422,0.9179104566574097,0.8134328126907349,0.7126865386962891,0.8059701323509216,0.8134328126907349,0.861940324306488,0.891791045665741,0.8395522236824036,0.8171641826629639,0.7798507213592529,0.9029850959777832,0.8246268630027771,0.7947761416435242,0.8805969953536987,0.9291045069694519,0.8171641826629639,0.8507462739944458,0.8320895433425903,0.8208954930305481,0.7835820913314819,0.8320895433425903,0.7835820913314819,0.8656716346740723,0.8358209133148193,0.7388059496879578,0.8432835936546326,0.861940324306488,0.7985074520111084,0.7014925479888916,0.7388059496879578,0.8171641826629639,0.7350746393203735,0.7835820913314819,0.8843283653259277,0.8358209133148193,0.7798507213592529,0.85447758436203,0.8246268630027771,0.8432835936546326,0.7947761416435242,0.7761194109916687,0.8134328126907349,0.746268630027771,0.7723880410194397,0.7313432693481445,0.753731369972229,0.8022388219833374,0.6865671873092651,0.7611940503120422,0.7126865386962891,0.7798507213592529,0.7686567306518555,0.7388059496879578,0.7798507213592529,0.7238805890083313,0.7276119589805603,0.8097015023231506,0.8208954930305481,0.7574626803398132,0.8470149040222168,0.8171641826629639,0.7835820913314819,0.753731369972229,0.7238805890083313,0.8507462739944458,0.7798507213592529,0.36567163467407227
0.3003663122653961,0.5897436141967773,0.6593406796455383,0.622710645198822,0.6373626589775085,0.6996337175369263,0.6263736486434937,0.553113579750061,0.66300368309021,0.6043956279754639,0.7142857313156128,0.6703296899795532,0.6446886658668518,0.6300366520881653,0.622710645198822,0.622710645198822,0.732600748538971,0.6813187003135681,0.6886447072029114,0.6703296899795532,0.6483516693115234,0.6666666865348816,0.692307710647583,0.593406617641449,0.6886447072029114,0.7032967209815979,0.7289377450942993,0.5677655935287476,0.6300366520881653,0.7289377450942993,0.7362637519836426,0.7435897588729858,0.7472527623176575,0.6153846383094788,0.6996337175369263,0.7032967209815979,0.6739926934242249,0.6996337175369263,0.8131868243217468,0.6483516693115234,0.831501841545105,0.7032967209815979,0.6849817037582397,0.7765567898750305,0.7472527623176575,0.7765567898750305,0.7069597244262695,0.8498168587684631,0.622710645198822,0.7472527623176575,0.7252747416496277,0.8095238208770752,0.6446886658668518,0.8168498277664185,0.7252747416496277,0.7765567898750305,0.8168498277664185,0.8791208863258362,0.6813187003135681,0.7362637519836426,0.7802197933197021,0.8534798622131348,0.7252747416496277,0.7399267554283142,0.7106227278709412,0.761904776096344,0.791208803653717,0.7875458002090454,0.7069597244262695,0.7802197933197021,0.8461538553237915,0.8095238208770752,0.761904776096344,0.7655677795410156,0.8937729001045227,0.7948718070983887,0.8131868243217468,0.8864468932151794,0.9963369965553284,0.9413919448852539,0.6813187003135681,0.9633699655532837,0.8571428656578064,0.8388278484344482,0.8131868243217468,0.9120879173278809,0.9413919448852539,0.831501841545105,0.7655677795410156,0.8351648449897766,0.593406617641449,0.6080586314201355,0.4761904776096344,0.2637362778186798,0.18681319057941437,0.06593406945466995,0.007326007355004549,0.014652014710009098,0.010989011265337467,0.007326007355004549,0.0,0.007326007355004549,0.010989011265337467,0.010989011265337467,0.010989011265337467,0.05860805884003639,0.18681319057941437,0.26739928126335144,0.46886447072029114,0.5860806107521057,0.6117216348648071,0.8278388381004333,0.7692307829856873,0.8205128312110901,0.9523809552192688,0.8901098966598511,0.8241758346557617,0.8241758346557617,0.8571428656578064,0.9743589758872986,0.6959707140922546,0.9377289414405823,1.0,0.8717948794364929,0.8241758346557617,0.8058608174324036,0.8644688725471497,0.7728937864303589,0.7765567898750305,0.8058608174324036,0.8461538553237915,0.7875458002090454,0.7069597244262695,0.7692307829856873,0.8131868243217468,0.7545787692070007,0.7032967209815979,0.7472527623176575,0.7289377450942993,0.8424908518791199,0.791208803653717,0.7362637519836426,0.6776556968688965,0.8754578828811646,0.791208803653717,0.7838827967643738,0.7289377450942993,0.8205128312110901,0.6666666865348816,0.7948718070983887,0.7252747416496277,0.7472527623176575,0.6263736486434937,0.8168498277664185,0.7472527623176575,0.7728937864303589,0.7582417726516724,0.761904776096344,0.6703296899795532,0.721611738204956,0.8278388381004333,0.6483516693115234,0.8021978139877319,0.7069597244262695,0.6703296899795532,0.7069597244262695,0.7069597244262695,0.6190476417541504,0.732600748538971,0.7362637519836426,0.7289377450942993,0.7509157657623291,0.6336996555328369,0.5750916004180908,0.7179487347602844,0.6996337175369263,0.6959707140922546,0.6007326245307922,0.6959707140922546,0.6556776762008667,0.6520146727561951,0.6593406796455383,0.692307710647583,0.6776556968688965,0.7545787692070007,0.6080586314201355,0.622710645198822,0.6336996555328369,0.6336996555328369,0.6739926934242249,0.7032967209815979,0.6263736486434937,0.6446886658668518,0.5641025900840759,0.6153846383094788,0.6996337175369263,0.6263736486434937,0.6336996555328369,0.6666666865348816,0.5750916004180908,0.3369963467121124
0.5394737124443054,1.0,0.9078947305679321,0.8421052694320679,0.9078947305679321,0.8947368264198303,0.8684210777282715,0.8157894611358643,0.8815789222717285,0.8026315569877625,0.75,0.7894737124443054,0.8421052694320679,0.7368420958518982,0.7894737124443054,0.7105262875556946,0.6184210777282715,0.6052631735801697,0.6447368264198303,0.6973684430122375,0.7763158082962036,0.6184210777282715,0.5263158082962036,0.5263158082962036,0.5789473652839661,0.5263158082962036,0.6184210777282715,0.6710526347160339,0.6315789222717285,0.7236841917037964,0.5,0.3947368562221527,0.5131579041481018,0.5,0.44736841320991516,0.3684210479259491,0.3815789520740509,0.43421053886413574,0.4868420958518982,0.46052631735801697,0.3815789520740509,0.3815789520740509,0.43421053886413574,0.34210526943206787,0.42105263471603394,0.5394737124443054,0.31578946113586426,0.34210526943206787,0.3815789520740509,0.5394737124443054,0.3684210479259491,0.3684210479259491,0.3552631437778473,0.31578946113586426,0.43421053886413574,0.4736842215061188,0.32894736528396606,0.3684210479259491,0.28947368264198303,0.31578946113586426,0.34210526943206787,0.30263158679008484,0.46052631735801697,0.32894736528396606,0.42105263471603394,0.40789473056793213,0.40789473056793213,0.3684210479259491,0.34210526943206787,0.31578946113586426,0.28947368264198303,0.3815789520740509,0.44736841320991516,0.4736842215061188,0.34210526943206787,0.3815789520740509,0.42105263471603394,0.40789473056793213,0.3947368562221527,0.40789473056793213,0.7236841917037964,0.4868420958518982,0.43421053886413574,0.5789473652839661,0.6578947305679321,0.8421052694320679,0.7105262875556946,0.6447368264198303,0.6184210777282715,0.6578947305679321,0.6184210777282715,0.42105263471603394,0.30263158679008484,0.30263158679008484,0.30263158679008484,0.1315789520740509,0.18421052396297455,0.1184210553765297,0.15789473056793213,0.05263157933950424,0.0,0.05263157933950424,0.15789473056793213,0.10526315867900848,0.19736842811107635,0.1184210553765297,0.30263158679008484,0.30263158679008484,0.28947368264198303,0.44736841320991516,0.5657894611358643,0.6973684430122375,0.6315789222717285,0.6315789222717285,0.6710526347160339,0.8947368264198303,0.6315789222717285,0.6052631735801697,0.42105263471603394,0.46052631735801697,0.75,0.40789473056793213,0.3947368562221527,0.3947368562221527,0.43421053886413574,0.3947368562221527,0.31578946113586426,0.4868420958518982,0.46052631735801697,0.3815789520740509,0.2763157784938812,0.32894736528396606,0.32894736528396606,0.3815789520740509,0.3947368562221527,0.40789473056793213,0.43421053886413574,0.30263158679008484,0.44736841320991516,0.32894736528396606,0.32894736528396606,0.34210526943206787,0.2368421107530594,0.42105263471603394,0.32894736528396606,0.4736842215061188,0.43421053886413574,0.30263158679008484,0.3552631437778473,0.3815789520740509,0.3684210479259491,0.5131579041481018,0.3947368562221527,0.32894736528396606,0.34210526943206787,0.5394737124443054,0.40789473056793213,0.3552631437778473,0.43421053886413574,0.3815789520740509,0.3684210479259491,0.44736841320991516,0.46052631735801697,0.4736842215061188,0.3947368562221527,0.34210526943206787,0.46052631735801697,0.5131579041481018,0.5,0.3684210479259491,0.5394737124443054,0.7105262875556946,0.6184210777282715,0.6710526347160339,0.5921052694320679,0.5789473652839661,0.5657894611358643,0.5394737124443054,0.5263158082962036,0.5921052694320679,0.7763158082962036,0.6842105388641357,0.6447368264198303,0.6184210777282715,0.6315789222717285,0.6973684430122375,0.8026315569877625,0.7236841917037964,0.8421052694320679,0.8026315569877625,0.7368420958518982,0.7763158082962036,0.9210526347160339,0.8026315569877625,0.8815789222717285,0.8684210777282715,0.9078947305679321,0.8684210777282715,0.9078947305679321,0.9605262875556946,0.5921052694320679
0.0,0.5,0.699999988079071,0.6000000238418579,0.30000001192092896,0.10000000149011612,0.6000000238418579,0.4000000059604645,0.4000000059604645,1.0,0.4000000059604645,0.699999988079071,0.6000000238418579,0.699999988079071,0.4000000059604645,0.20000000298023224,0.20000000298023224,0.30000001192092896,0.20000000298023224,0.10000000149011612,0.4000000059604645,0.30000001192092896,0.5,0.4000000059604645,0.30000001192092896,0.6000000238418579,0.4000000059604645,0.4000000059604645,0.699999988079071,0.20000000298023224,0.6000000238418579,0.5,0.6000000238418579,0.6000000238418579,0.699999988079071,0.699999988079071,0.30000001192092896,0.4000000059604645,0.4000000059604645,0.20000000298023224,0.0,0.5,0.30000001192092896,0.6000000238418579,0.30000001192092896,0.6000000238418579,0.30000001192092896,0.20000000298023224,0.6000000238418579,0.4000000059604645,0.5,0.699999988079071,1.0,0.4000000059604645,0.6000000238418579,0.30000001192092896,0.0,0.20000000298023224,0.5,0.5,0.699999988079071,0.5,0.4000000059604645,0.4000000059604645,0.5,0.5,0.30000001192092896,0.30000001192092896,0.5,0.800000011920929,0.20000000298023224,0.30000001192092896,0.30000001192092896,0.5,0.4000000059604645,0.5,0.5,0.5,0.30000001192092896,0.5,0.0,0.6000000238418579,0.20000000298023224,0.30000001192092896,0.10000000149011612,0.20000000298023224,0.800000011920929,0.5,0.8999999761581421,0.6000000238418579,0.30000001192092896,0.30000001192092896,0.4000000059604645,0.4000000059604645,0.6000000238418579,0.30000001192092896,0.20000000298023224,0.0,0.5,0.4000000059604645,0.0,0.4000000059604645,0.4000000059604645,0.10000000149011612,0.20000000298023224,0.30000001192092896,0.6000000238418579,0.30000001192092896,0.5,0.30000001192092896,0.30000001192092896,0.6000000238418579,0.8999999761581421,0.5,0.5,0.5,0.10000000149011612,0.30000001192092896,0.20000000298023224,0.5,0.10000000149011612,0.4000000059604645,0.30000001192092896,0.6000000238418579,0.5,0.5,0.4000000059604645,0.5,0.30000001192092896,0.30000001192092896,0.20000000298023224,0.800000011920929,0.5,0.30000001192092896,0.30000001192092896,0.5,0.4000000059604645,0.5,0.4000000059604645,0.5,0.6000000238418579,0.6000000238418579,0.4000000059604645,0.30000001192092896,0.0,0.30000001192092896,0.6000000238418579,0.4000000059604645,0.8999999761581421,0.800000011920929,0.5,0.4000000059604645,0.5,0.30000001192092896,0.30000001192092896,0.6000000238418579,0.30000001192092896,0.6000000238418579,0.30000001192092896,0.5,0.0,0.20000000298023224,0.4000000059604645,0.4000000059604645,0.30000001192092896,0.699999988079071,0.699999988079071,0.5,0.699999988079071,0.5,0.6000000238418579,0.20000000298023224,0.6000000238418579,0.5,0.4000000059604645,0.6000000238418579,0.30000001192092896,0.4000000059604645,0.5,0.30000001192092896,0.30000001192092896,0.20000000298023224,0.20000000298023224,0.30000001192092896,0.20000000298023224,0.20000000298023224,0.4000000059604645,0.699999988079071,0.6000000238418579,0.6000000238418579,0.5,1.0,0.4000000059604645,0.4000000059604645,0.6000000238418579,0.10000000149011612,0.30000001192092896,0.6000000238418579,0.699999988079071,0.4000000059604645,0.10000000149011612
0.3523809611797333,0.8095238208770752,0.9238095283508301,0.8190476298332214,0.5523809790611267,0.8095238208770752,0.9142857193946838,0.7809523940086365,0.7714285850524902,0.761904776096344,0.7809523940086365,0.8666666746139526,0.8095238208770752,0.8952381014823914,0.7809523940086365,0.8285714387893677,0.9047619104385376,0.9333333373069763,1.0,0.9333333373069763,0.8857142925262451,0.9809523820877075,0.9333333373069763,0.7047619223594666,0.8857142925262451,0.7428571581840515,0.8380952477455139,0.8190476298332214,0.9047619104385376,0.8095238208770752,0.7047619223594666,0.6761904954910278,0.8095238208770752,0.7904762029647827,0.761904776096344,0.6952381134033203,0.7523809671401978,0.5904762148857117,0.6666666865348816,0.800000011920929,0.6952381134033203,0.6285714507102966,0.7047619223594666,0.8666666746139526,0.723809540271759,0.8095238208770752,0.6666666865348816,0.7809523940086365,0.6571428775787354,0.723809540271759,0.7428571581840515,0.8476190567016602,0.7523809671401978,0.7333333492279053,0.6761904954910278,0.7714285850524902,0.6380952596664429,0.5142857432365417,0.6857143044471741,0.6285714507102966,0.6380952596664429,0.6380952596664429,0.561904788017273,0.7714285850524902,0.7047619223594666,0.523809552192688,0.29523810744285583,0.5428571701049805,0.6285714507102966,0.7047619223594666,0.5142857432365417,0.4476190507411957,0.561904788017273,0.4095238149166107,0.561904788017273,0.523809552192688,0.6285714507102966,0.46666666865348816,0.4571428596973419,0.4000000059604645,0.37142857909202576,0.3619047701358795,0.2571428716182709,0.3047619163990021,0.20952381193637848,0.20952381193637848,0.12380952388048172,0.095238097012043,0.07619047909975052,0.08571428805589676,0.06666667014360428,0.01904761977493763,0.02857142873108387,0.07619047909975052,0.03809523954987526,0.03809523954987526,0.009523809887468815,0.02857142873108387,0.03809523954987526,0.0,0.0,0.0,0.03809523954987526,0.02857142873108387,0.009523809887468815,0.03809523954987526,0.03809523954987526,0.07619047909975052,0.01904761977493763,0.02857142873108387,0.05714285746216774,0.095238097012043,0.07619047909975052,0.095238097012043,0.11428571492433548,0.20952381193637848,0.21904762089252472,0.27619048953056335,0.2666666805744171,0.37142857909202576,0.380952388048172,0.39047619700431824,0.43809524178504944,0.46666666865348816,0.6476190686225891,0.5142857432365417,0.561904788017273,0.41904762387275696,0.5523809790611267,0.4571428596973419,0.523809552192688,0.6571428775787354,0.6571428775787354,0.5142857432365417,0.3333333432674408,0.5047619342803955,0.7142857313156128,0.761904776096344,0.5904762148857117,0.6095238327980042,0.6666666865348816,0.6285714507102966,0.6761904954910278,0.5142857432365417,0.5809524059295654,0.8190476298332214,0.6857143044471741,0.7047619223594666,0.7904762029647827,0.8285714387893677,0.7523809671401978,0.7142857313156128,0.6476190686225891,0.7428571581840515,0.7142857313156128,0.800000011920929,0.7428571581840515,0.800000011920929,0.7714285850524902,0.6380952596664429,0.6571428775787354,0.8285714387893677,0.6190476417541504,0.6285714507102966,0.7523809671401978,0.6857143044471741,0.7714285850524902,0.8095238208770752,0.7809523940086365,0.7047619223594666,0.6857143044471741,0.7904762029647827,0.8761904835700989,0.8571428656578064,0.8571428656578064,0.7523809671401978,0.8476190567016602,0.723809540271759,0.9333333373069763,0.9904761910438538,0.8190476298332214,1.0,0.9809523820877075,0.9523809552192688,0.9047619104385376,0.8190476298332214,0.7904762029647827,0.8571428656578064,0.800000011920929,0.8476190567016602,0.8285714387893677,0.7809523940086365,0.7333333492279053,0.800000011920929,0.9428571462631226,0.7904762029647827,0.5714285969734192,0.7714285850524902,0.9523809552192688,0.7809523940086365,0.4000000059604645
0.40932202339172363,0.755084753036499,0.8457627296447754,0.8279660940170288,0.8144067525863647,0.8271186351776123,0.8474576473236084,0.8152542114257812,0.8194915056228638,0.8516949415206909,0.8567796349525452,0.8322033882141113,0.8203389644622803,0.8491525650024414,0.8576270937919617,0.8042373061180115,0.81186443567276,0.8135592937469482,0.8593220114707947,0.7728813290596008,0.8347457647323608,0.7847457528114319,0.806779682636261,0.7940678000450134,0.8262711763381958,0.8652542233467102,0.8457627296447754,0.8338983058929443,0.810169517993927,0.808474600315094,0.8406779766082764,0.8144067525863647,0.7991525530815125,0.8347457647323608,0.8466101884841919,0.8211864233016968,0.8618643879890442,0.8338983058929443,0.8330508470535278,0.7915254235267639,0.8228813409805298,0.8508474826812744,0.8381356000900269,0.8415254354476929,0.7949152588844299,0.8313559293746948,0.8144067525863647,0.8694915175437927,0.8449152708053589,0.8483051061630249,0.8296610116958618,0.8754237294197083,0.9296610355377197,0.9059321880340576,0.8881356120109558,0.9135593175888062,0.9313559532165527,0.8932203650474548,0.8906779885292053,0.9127118587493896,0.9254237413406372,0.9355932474136353,0.946610152721405,0.9830508232116699,0.9593220353126526,0.9389830231666565,0.8771186470985413,0.9338983297348022,0.9644067883491516,0.8974575996398926,0.8644067645072937,0.8364406824111938,0.8601694703102112,0.806779682636261,0.7796609997749329,0.7152542471885681,0.738135576248169,0.6762712001800537,0.5779660940170288,0.5559322237968445,0.49152541160583496,0.44830507040023804,0.37627118825912476,0.3033898174762726,0.2686440646648407,0.21864406764507294,0.1542372852563858,0.14322033524513245,0.13050846755504608,0.09491525590419769,0.07457627356052399,0.06610169261693954,0.06355932354927063,0.06610169261693954,0.06949152797460556,0.06016949191689491,0.050847455859184265,0.06271186470985413,0.06355932354927063,0.06525423377752304,0.0,0.06271186470985413,0.06355932354927063,0.06355932354927063,0.050847455859184265,0.06101695075631142,0.06779661029577255,0.06610169261693954,0.06271186470985413,0.06779661029577255,0.07372881472110748,0.09491525590419769,0.12542372941970825,0.14576271176338196,0.1550847440958023,0.21779660880565643,0.26271185278892517,0.3050847351551056,0.37033897638320923,0.44830507040023804,0.4957627058029175,0.5525423884391785,0.5661016702651978,0.6796610355377197,0.7338982820510864,0.7186440825462341,0.7627118825912476,0.8194915056228638,0.8559321761131287,0.8406779766082764,0.8644067645072937,0.8872881531715393,0.9762712121009827,0.9305084943771362,0.8838983178138733,0.9084745645523071,0.9728813767433167,1.0,0.93813556432724,0.9355932474136353,0.9271186590194702,0.9127118587493896,0.8983050584793091,0.8855932354927063,0.9194915294647217,0.9194915294647217,0.9059321880340576,0.8923729062080383,0.9254237413406372,0.8838983178138733,0.8347457647323608,0.8347457647323608,0.8491525650024414,0.8703389763832092,0.8144067525863647,0.8330508470535278,0.8008474707603455,0.8398305177688599,0.8415254354476929,0.8432203531265259,0.8313559293746948,0.7872881293296814,0.8228813409805298,0.8381356000900269,0.8711864352226257,0.8203389644622803,0.8313559293746948,0.8440678119659424,0.808474600315094,0.7932203412055969,0.8474576473236084,0.8059322237968445,0.8186440467834473,0.8364406824111938,0.8415254354476929,0.8711864352226257,0.8279660940170288,0.7974576354026794,0.8025423884391785,0.7720338702201843,0.8313559293746948,0.7805084586143494,0.8593220114707947,0.8186440467834473,0.810169517993927,0.808474600315094,0.8525424003601074,0.8483051061630249,0.8186440467834473,0.8254237174987793,0.8601694703102112,0.8457627296447754,0.8406779766082764,0.8135592937469482,0.8432203531265259,0.8245762586593628,0.8059322237968445,0.8296610116958618,0.8347457647323608,0.7652542591094971,0.4440678060054779
0.49295774102211,0.7183098793029785,0.8873239159584045,0.7746478915214539,0.9295774698257446,0.7464788556098938,0.8873239159584045,0.6901408433914185,0.6478873491287231,0.6197183132171631,0.7323943376541138,0.7605633735656738,0.8028169274330139,0.8591549396514893,0.6760563254356384,0.6197183132171631,0.8169013857841492,0.6478873491287231,0.7323943376541138,0.5211267471313477,0.7605633735656738,0.6901408433914185,0.7183098793029785,0.6338028311729431,0.6478873491287231,0.6901408433914185,0.6197183132171631,0.7464788556098938,0.47887325286865234,0.5633803009986877,0.5492957830429077,0.5633803009986877,0.6760563254356384,0.4225352108478546,0.6478873491287231,0.6338028311729431,0.49295774102211,0.6760563254356384,0.4084506928920746,0.5211267471313477,0.591549277305603,0.5492957830429077,0.43661972880363464,0.6338028311729431,0.5352112650871277,0.43661972880363464,0.6901408433914185,0.6901408433914185,0.5633803009986877,0.5211267471313477,0.5492957830429077,0.4507042169570923,0.5492957830429077,0.5070422291755676,0.49295774102211,0.4647887349128723,0.49295774102211,0.4647887349128723,0.577464759349823,0.5633803009986877,0.577464759349823,0.47887325286865234,0.591549277305603,0.49295774102211,0.35211268067359924,0.5633803009986877,0.4647887349128723,0.39436620473861694,0.5211267471313477,0.4507042169570923,0.7042253613471985,0.6478873491287231,0.5211267471313477,0.4507042169570923,0.5211267471313477,0.7042253613471985,0.6338028311729431,0.5070422291755676,0.6901408433914185,1.0,0.7323943376541138,0.8028169274330139,0.6760563254356384,0.7464788556098938,0.8873239159584045,0.6478873491287231,0.8450704216957092,0.6760563254356384,0.6056337952613831,0.8732394576072693,0.5492957830429077,0.4225352108478546,0.3239436745643616,0.15492957830429077,0.056338027119636536,0.028169013559818268,0.0,0.0,0.014084506779909134,0.0,0.0,0.0,0.014084506779909134,0.0,0.0,0.028169013559818268,0.056338027119636536,0.14084507524967194,0.3239436745643616,0.4084506928920746,0.5633803009986877,0.8591549396514893,0.6197183132171631,0.6478873491287231,0.8873239159584045,0.6478873491287231,0.8450704216957092,0.7183098793029785,0.7183098793029785,0.8169013857841492,0.7323943376541138,0.9718309640884399,0.6760563254356384,0.5633803009986877,0.6338028311729431,0.6901408433914185,0.5352112650871277,0.4225352108478546,0.5352112650871277,0.6478873491287231,0.7042253613471985,0.4507042169570923,0.5211267471313477,0.39436620473861694,0.4647887349128723,0.49295774102211,0.43661972880363464,0.47887325286865234,0.577464759349823,0.49295774102211,0.591549277305603,0.5633803009986877,0.5211267471313477,0.5070422291755676,0.5070422291755676,0.43661972880363464,0.49295774102211,0.5352112650871277,0.5352112650871277,0.4507042169570923,0.5492957830429077,0.5211267471313477,0.5352112650871277,0.6901408433914185,0.6901408433914185,0.47887325286865234,0.5211267471313477,0.6197183132171631,0.4507042169570923,0.5492957830429077,0.6056337952613831,0.49295774102211,0.4225352108478546,0.6619718074798584,0.47887325286865234,0.6619718074798584,0.6056337952613831,0.47887325286865234,0.6478873491287231,0.591549277305603,0.5211267471313477,0.5633803009986877,0.5070422291755676,0.6760563254356384,0.6760563254356384,0.6478873491287231,0.6760563254356384,0.6478873491287231,0.7042253613471985,0.6901408433914185,0.7746478915214539,0.5070422291755676,0.7323943376541138,0.6619718074798584,0.7887324094772339,0.6619718074798584,0.6619718074798584,0.8450704216957092,0.8028169274330139,0.7464788556098938,0.7183098793029785,0.6619718074798584,0.6338028311729431,0.7042253613471985,0.9014084339141846,0.7323943376541138,0.9154929518699646,0.7183098793029785,0.9436619877815247,0.7183098793029785,0.5211267471313477
0.6666666865348816,0.5,0.1666666716337204,0.3333333432674408,0.0,0.3333333432674408,0.0,0.3333333432674408,0.0,0.0,0.6666666865348816,0.0,0.0,0.1666666716337204,0.3333333432674408,0.1666666716337204,0.5,0.6666666865348816,0.3333333432674408,0.1666666716337204,0.3333333432674408,0.5,0.3333333432674408,0.0,0.6666666865348816,0.5,0.5,0.6666666865348816,0.3333333432674408,0.6666666865348816,0.3333333432674408,0.0,0.1666666716337204,0.5,0.0,0.1666666716337204,0.0,0.3333333432674408,0.0,0.3333333432674408,0.6666666865348816,0.3333333432674408,0.5,0.1666666716337204,0.3333333432674408,0.1666666716337204,0.5,0.1666666716337204,0.5,0.3333333432674408,0.6666666865348816,0.3333333432674408,0.1666666716337204,0.1666666716337204,0.6666666865348816,0.1666666716337204,0.3333333432674408,0.0,0.3333333432674408,0.3333333432674408,0.6666666865348816,0.1666666716337204,0.0,0.3333333432674408,0.3333333432674408,0.1666666716337204,0.0,0.5,0.1666666716337204,0.1666666716337204,0.1666666716337204,1.0,0.5,0.0,0.3333333432674408,0.3333333432674408,0.5,0.5,0.1666666716337204,0.6666666865348816,0.3333333432674408,0.1666666716337204,0.5,0.3333333432674408,0.1666666716337204,0.1666666716337204,0.0,0.1666666716337204,0.5,0.5,0.1666666716337204,0.3333333432674408,0.0,0.3333333432674408,0.3333333432674408,0.0,0.1666666716337204,0.0,0.3333333432674408,0.3333333432674408,0.0,0.3333333432674408,0.3333333432674408,0.0,0.1666666716337204,0.0,0.3333333432674408,0.3333333432674408,0.0,0.3333333432674408,0.1666666716337204,0.5,0.5,0.1666666716337204,0.0,0.1666666716337204,0.1666666716337204,0.3333333432674408,0.3333333432674408,0.3333333432674408,0.3333333432674408,0.6666666865348816,0.1666666716337204,0.5,0.5,0.3333333432674408,0.3333333432674408,0.0,0.5,1.0,0.1666666716337204,0.1666666716337204,0.1666666716337204,0.5,0.0,0.1666666716337204,0.3333333432674408,0.1666666716337204,0.1666666716337204,0.1666666716337204,0.5,0.5,0.3333333432674408,0.0,0.1666666716337204,0.3333333432674408,0.6666666865348816,0.1666666716337204,0.1666666716337204,0.3333333432674408,0.6666666865348816,0.3333333432674408,0.5,0.1666666716337204,0.5,0.1666666716337204,0.3333333432674408,0.1666666716337204,0.5,0.1666666716337204,0.8333333134651184,0.3333333432674408,0.0,0.3333333432674408,0.0,0.1666666716337204,0.0,0.5,0.1666666716337204,0.0,0.3333333432674408,0.6666666865348816,0.3333333432674408,0.5,0.6666666865348816,0.5,0.5,0.1666666716337204,0.3333333432674408,0.5,0.3333333432674408,0.1666666716337204,0.3333333432674408,0.6666666865348816,0.3333333432674408,0.3333333432674408,0.3333333432674408,0.1666666716337204,0.0,0.0,0.6666666865348816,0.0,0.0,0.3333333432674408,0.0,0.3333333432674408,0.0,0.3333333432674408,0.1666666716337204,0.5,0.6666666865348816
0.0,0.0,1.0,0.0,0.0,1.0,0.0,0.0,0.0,0.0,0.0,1.0,0.0,1.0,0.0,1.0,1.0,0.0,0.0,0.0,0.0,0.0,0.0,0.0,0.0,0.0,0.0,0.0,0.0,0.0,1.0,0.0,0.0,0.0,0.0,0.0,0.0,0.0,0.0,0.0,0.0,1.0,0.0,0.0,1.0,0.0,0.0,0.0,0.0,0.0,0.0,0.0,0.0,0.0,0.0,0.0,0.0,0.0,0.0,0.0,0.0,0.0,1.0,0.0,0.0,0.0,0.0,0.0,0.0,0.0,0.0,0.0,0.0,0.0,0.0,0.0,0.0,0.0,0.0,0.0,0.0,0.0,0.0,0.0,0.0,0.0,0.0,1.0,0.0,0.0,0.0,0.0,1.0,0.0,0.0,0.0,0.0,0.0,0.0,0.0,0.0,0.0,0.0,0.0,0.0,0.0,0.0,0.0,1.0,0.0,0.0,0.0,0.0,1.0,0.0,0.0,0.0,0.0,0.0,0.0,0.0,0.0,0.0,0.0,0.0,0.0,0.0,0.0,0.0,0.0,0.0,0.0,0.0,0.0,0.0,0.0,0.0,0.0,1.0,0.0,0.0,0.0,0.0,0.0,0.0,0.0,0.0,0.0,0.0,0.0,0.0,0.0,0.0,0.0,0.0,0.0,1.0,0.0,0.0,1.0,0.0,0.0,0.0,0.0,0.0,0.0,0.0,0.0,0.0,0.0,1.0,0.0,0.0,0.0,0.0,0.0,0.0,0.0,0.0,0.0,0.0,0.0,0.0,0.0,1.0,1.0,0.0,1.0,0.0,1.0,0.0,0.0,0.0,0.0,0.0,1.0,0.0,0.0,1.0,0.0,0.0
0.36000001430511475,0.8933333158493042,0.7733333110809326,0.9866666793823242,0.6800000071525574,0.653333306312561,0.7066666483879089,0.54666668176651,0.800000011920929,0.6133333444595337,0.7333333492279053,0.8799999952316284,0.5866666436195374,0.6666666865348816,0.8399999737739563,0.7200000286102295,0.9466666579246521,0.6133333444595337,0.653333306312561,0.5600000023841858,0.746666669845581,0.6933333277702332,0.5333333611488342,0.8666666746139526,0.6000000238418579,0.5733333230018616,0.6133333444595337,0.4933333396911621,0.5733333230018616,0.800000011920929,0.5600000023841858,0.6266666650772095,0.6000000238418579,0.4933333396911621,0.5733333230018616,0.5866666436195374,0.5733333230018616,0.7599999904632568,0.5066666603088379,0.5199999809265137,0.5600000023841858,0.46666666865348816,0.5600000023841858,0.5333333611488342,0.47999998927116394,0.5866666436195374,0.41333332657814026,0.6133333444595337,0.5333333611488342,0.6399999856948853,0.5600000023841858,0.5600000023841858,0.47999998927116394,0.5066666603088379,0.4933333396911621,0.5199999809265137,0.36000001430511475,0.4399999976158142,0.4933333396911621,0.6133333444595337,0.46666666865348816,0.5333333611488342,0.6933333277702332,0.6133333444595337,0.4933333396911621,0.4933333396911621,0.5333333611488342,0.6399999856948853,0.5733333230018616,0.5066666603088379,0.46666666865348816,0.54666668176651,0.6800000071525574,0.47999998927116394,0.5866666436195374,0.5333333611488342,0.7200000286102295,0.6000000238418579,0.5333333611488342,0.653333306312561,0.5733333230018616,0.6000000238418579,0.5333333611488342,0.8799999952316284,0.6133333444595337,0.7733333110809326,0.6133333444595337,0.6800000071525574,0.54666668176651,0.6266666650772095,0.5333333611488342,0.41333332657814026,0.46666666865348816,0.2666666805744171,0.2666666805744171,0.2133333384990692,0.18666666746139526,0.2266666740179062,0.13333334028720856,0.07999999821186066,0.0,0.0533333346247673,0.1599999964237213,0.2133333384990692,0.20000000298023224,0.2133333384990692,0.25333333015441895,0.2666666805744171,0.47999998927116394,0.3733333349227905,0.5333333611488342,0.6399999856948853,0.5600000023841858,0.6933333277702332,0.6133333444595337,0.7733333110809326,0.5866666436195374,0.8533333539962769,0.5733333230018616,0.6000000238418579,0.54666668176651,0.6933333277702332,0.5199999809265137,0.5866666436195374,0.746666669845581,0.5066666603088379,0.54666668176651,0.5066666603088379,0.7066666483879089,0.54666668176651,0.46666666865348816,0.5199999809265137,0.5733333230018616,0.6266666650772095,0.5199999809265137,0.4933333396911621,0.5066666603088379,0.6133333444595337,0.6666666865348816,0.5733333230018616,0.4399999976158142,0.6266666650772095,0.5066666603088379,0.4399999976158142,0.3333333432674408,0.5333333611488342,0.5066666603088379,0.47999998927116394,0.47999998927116394,0.5733333230018616,0.54666668176651,0.6666666865348816,0.5066666603088379,0.6133333444595337,0.4399999976158142,0.5600000023841858,0.5066666603088379,0.5066666603088379,0.5866666436195374,0.46666666865348816,0.5600000023841858,0.47999998927116394,0.5066666603088379,0.7866666913032532,0.5866666436195374,0.5600000023841858,0.6000000238418579,0.47999998927116394,0.5866666436195374,0.6399999856948853,0.5733333230018616,0.7733333110809326,0.5866666436195374,0.4933333396911621,0.6133333444595337,0.5866666436195374,0.5600000023841858,0.8933333158493042,0.5333333611488342,0.6666666865348816,0.746666669845581,0.5733333230018616,0.6399999856948853,0.653333306312561,0.9200000166893005,0.7200000286102295,0.8533333539962769,0.653333306312561,0.5866666436195374,0.8533333539962769,0.7733333110809326,0.6133333444595337,0.8133333325386047,0.5066666603088379,0.7200000286102295,0.6666666865348816,0.6399999856948853,1.0,0.746666669845581,0.9333333373069763,0.3866666555404663
0.20388349890708923,0.446601927280426,0.4757281541824341,0.45145630836486816,0.4320388436317444,0.45145630836486816,0.49757280945777893,0.4830096960067749,0.4660194218158722,0.4757281541824341,0.4830096960067749,0.47087377309799194,0.5048543810844421,0.512135922908783,0.47815534472465515,0.4490291178226471,0.4563106894493103,0.4927184581756592,0.3956310749053955,0.42718446254730225,0.4830096960067749,0.47815534472465515,0.5291262269020081,0.4247572720050812,0.4635922312736511,0.4805825352668762,0.4805825352668762,0.4757281541824341,0.4247572720050812,0.48543688654899597,0.4805825352668762,0.48786407709121704,0.45388349890708923,0.46116504073143005,0.45388349890708923,0.40776699781417847,0.5048543810844421,0.5048543810844421,0.49514561891555786,0.46844661235809326,0.4805825352668762,0.5242718458175659,0.5145630836486816,0.5097087621688843,0.5169903039932251,0.5315533876419067,0.5218446850776672,0.4757281541824341,0.5582524538040161,0.47087377309799194,0.5873786211013794,0.5509708523750305,0.5048543810844421,0.5922330021858215,0.5631067752838135,0.5631067752838135,0.6237863898277283,0.553398072719574,0.5218446850776672,0.49757280945777893,0.5242718458175659,0.5970873832702637,0.594660222530365,0.5606796145439148,0.655339777469635,0.6529126167297363,0.6165048480033875,0.6189320683479309,0.696601927280426,0.6213592290878296,0.6941747665405273,0.7038834691047668,0.696601927280426,0.803398072719574,0.75,0.7281553149223328,0.7524271607398987,0.8155339956283569,0.7257281541824341,0.8519417643547058,0.8203883767127991,0.8422330021858215,0.8252426981925964,0.8495145440101624,0.8058252334594727,0.8470873832702637,0.8398058414459229,0.9344660043716431,1.0,0.8422330021858215,0.8810679316520691,0.832524299621582,0.7281553149223328,0.582524299621582,0.4830096960067749,0.3009708821773529,0.2936893105506897,0.22815534472465515,0.21844659745693207,0.15776698291301727,0.0,0.1456310749053955,0.22572815418243408,0.22815534472465515,0.28883495926856995,0.29854369163513184,0.4830096960067749,0.5800970792770386,0.7184466123580933,0.8058252334594727,0.893203854560852,0.8592233061790466,0.9927184581756592,0.9441747665405273,0.8422330021858215,0.844660222530365,0.791262149810791,0.8373786211013794,0.8422330021858215,0.856796145439148,0.8179611563682556,0.8543689250946045,0.7063106894493103,0.8155339956283569,0.7572815418243408,0.7451456189155579,0.737864077091217,0.803398072719574,0.696601927280426,0.7111650705337524,0.6917475461959839,0.6237863898277283,0.6990291476249695,0.6213592290878296,0.6140776872634888,0.6529126167297363,0.6359223127365112,0.5873786211013794,0.5800970792770386,0.606796145439148,0.512135922908783,0.5,0.5291262269020081,0.5606796145439148,0.5970873832702637,0.5752426981925964,0.5703883767127991,0.5849514603614807,0.5097087621688843,0.5388349294662476,0.6019417643547058,0.47815534472465515,0.5436893105506897,0.48786407709121704,0.5145630836486816,0.5339806079864502,0.5194174647331238,0.49514561891555786,0.5291262269020081,0.5315533876419067,0.47815534472465515,0.458737850189209,0.48543688654899597,0.5145630836486816,0.5169903039932251,0.40291261672973633,0.45145630836486816,0.46116504073143005,0.45388349890708923,0.48543688654899597,0.48543688654899597,0.4660194218158722,0.43446603417396545,0.48543688654899597,0.48543688654899597,0.473300963640213,0.458737850189209,0.4296116530895233,0.512135922908783,0.4830096960067749,0.473300963640213,0.44417476654052734,0.40048542618751526,0.49757280945777893,0.4490291178226471,0.4490291178226471,0.4805825352668762,0.5097087621688843,0.5097087621688843,0.4757281541824341,0.47087377309799194,0.4805825352668762,0.47087377309799194,0.46116504073143005,0.5145630836486816,0.4490291178226471,0.4296116530895233,0.46116504073143005,0.458737850189209,0.4563106894493103,0.21844659745693207
0.025641025975346565,0.19230769574642181,0.10256410390138626,0.06410256773233414,0.06410256773233414,0.05128205195069313,0.10256410390138626,0.07692307978868484,0.1538461595773697,0.1794871836900711,0.07692307978868484,0.08974359184503555,0.12820513546466827,0.07692307978868484,0.03846153989434242,0.10256410390138626,0.12820513546466827,0.05128205195069313,0.08974359184503555,0.08974359184503555,0.12820513546466827,0.1794871836900711,0.11538461595773697,0.11538461595773697,0.06410256773233414,0.12820513546466827,0.1666666716337204,0.10256410390138626,0.10256410390138626,0.1538461595773697,0.14102564752101898,0.19230769574642181,0.10256410390138626,0.10256410390138626,0.14102564752101898,0.1538461595773697,0.08974359184503555,0.14102564752101898,0.14102564752101898,0.12820513546466827,0.19230769574642181,0.1794871836900711,0.21794871985912323,0.1666666716337204,0.14102564752101898,0.14102564752101898,0.1794871836900711,0.1666666716337204,0.20512820780277252,0.1794871836900711,0.19230769574642181,0.11538461595773697,0.19230769574642181,0.20512820780277252,0.14102564752101898,0.25641027092933655,0.24358974397182465,0.3205128312110901,0.23076923191547394,0.24358974397182465,0.28205129504203796,0.26923078298568726,0.3205128312110901,0.19230769574642181,0.21794871985912323,0.29487180709838867,0.3589743673801422,0.3076923191547394,0.43589743971824646,0.3589743673801422,0.4743589758872986,0.28205129504203796,0.41025641560554504,0.5384615659713745,0.5384615659713745,0.4871794879436493,0.4743589758872986,0.5,0.6538461446762085,0.7564102411270142,0.5,0.6538461446762085,0.5512820482254028,0.7692307829856873,0.6410256624221802,0.807692289352417,0.7179487347602844,0.7564102411270142,0.8717948794364929,0.7948718070983887,0.9615384340286255,0.7948718070983887,0.9102563858032227,0.6410256624221802,0.3717948794364929,0.3076923191547394,0.05128205195069313,0.012820512987673283,0.03846153989434242,0.0,0.0,0.0,0.03846153989434242,0.012820512987673283,0.05128205195069313,0.25641027092933655,0.39743590354919434,0.6410256624221802,0.8974359035491943,0.7564102411270142,1.0,0.8205128312110901,0.8717948794364929,0.7435897588729858,0.7307692170143127,0.7692307829856873,0.692307710647583,0.7692307829856873,0.5256410241127014,0.6410256624221802,0.5256410241127014,0.7564102411270142,0.6410256624221802,0.5256410241127014,0.4743589758872986,0.44871795177459717,0.5512820482254028,0.5641025900840759,0.39743590354919434,0.29487180709838867,0.4743589758872986,0.3461538553237915,0.44871795177459717,0.3076923191547394,0.3461538553237915,0.28205129504203796,0.21794871985912323,0.20512820780277252,0.3333333432674408,0.26923078298568726,0.28205129504203796,0.24358974397182465,0.23076923191547394,0.3076923191547394,0.24358974397182465,0.26923078298568726,0.14102564752101898,0.20512820780277252,0.19230769574642181,0.07692307978868484,0.23076923191547394,0.1794871836900711,0.19230769574642181,0.1538461595773697,0.1794871836900711,0.1666666716337204,0.12820513546466827,0.1794871836900711,0.21794871985912323,0.1794871836900711,0.1666666716337204,0.1538461595773697,0.14102564752101898,0.14102564752101898,0.08974359184503555,0.1538461595773697,0.14102564752101898,0.08974359184503555,0.10256410390138626,0.19230769574642181,0.12820513546466827,0.1538461595773697,0.12820513546466827,0.10256410390138626,0.1666666716337204,0.12820513546466827,0.06410256773233414,0.11538461595773697,0.11538461595773697,0.1666666716337204,0.14102564752101898,0.08974359184503555,0.07692307978868484,0.05128205195069313,0.14102564752101898,0.10256410390138626,0.03846153989434242,0.07692307978868484,0.12820513546466827,0.07692307978868484,0.08974359184503555,0.1538461595773697,0.1794871836900711,0.07692307978868484,0.10256410390138626,0.05128205195069313,0.06410256773233414,0.06410256773233414,0.08974359184503555,0.1666666716337204,0.06410256773233414
0.42045068740844727,0.8469029664993286,0.8568678498268127,0.8722681403160095,0.8539236783981323,0.8636621236801147,0.8813271522521973,0.8685312867164612,0.868078351020813,0.8756652474403381,0.8567546010017395,0.874872624874115,0.8813271522521973,0.8730608224868774,0.8808742165565491,0.8584531545639038,0.8711357712745667,0.8655871152877808,0.8652474284172058,0.8600385189056396,0.8904993534088135,0.8837051391601562,0.858566403388977,0.8690974712371826,0.8786094188690186,0.878835916519165,0.8865360617637634,0.8749858736991882,0.8688710331916809,0.8840448260307312,0.8616238236427307,0.8983127474784851,0.8893669843673706,0.8687577843666077,0.8804212212562561,0.8694372177124023,0.8965009450912476,0.867738664150238,0.8718152046203613,0.8736270070075989,0.9053334593772888,0.8722681403160095,0.8803080320358276,0.8775902986526489,0.8726078867912292,0.8644547462463379,0.8774770498275757,0.8898199796676636,0.8909523487091064,0.8784962296485901,0.8928773403167725,0.869663655757904,0.8647944927215576,0.8803080320358276,0.8628694415092468,0.8820065855979919,0.8765711784362793,0.8996716141700745,0.8875551819801331,0.9017099142074585,0.9168837070465088,0.9209602475166321,0.9030687212944031,0.9006907343864441,0.9020496010780334,0.9126939177513123,0.9104291796684265,0.9179028272628784,0.9131468534469604,0.9246971011161804,0.9141660332679749,0.9099762439727783,0.9270750880241394,0.9284339547157288,0.9497225880622864,0.9438342452049255,0.9631978273391724,0.9669346809387207,0.9790510535240173,0.9718038439750671,0.9790510535240173,0.9671611189842224,0.9894689321517944,1.0,0.9878835678100586,0.9742950797080994,0.9676141142845154,0.9246971011161804,0.8872154951095581,0.8403351902961731,0.758464515209198,0.7081870436668396,0.6293737888336182,0.5433133244514465,0.43754953145980835,0.32646358013153076,0.2227380871772766,0.15422941744327545,0.12467443943023682,0.0869663655757904,0.0,0.08221039175987244,0.12524062395095825,0.15343675017356873,0.21888801455497742,0.32351940870285034,0.4333597421646118,0.5425206422805786,0.6177103519439697,0.7083002924919128,0.7616351246833801,0.8402219414710999,0.888347864151001,0.9157513380050659,0.9701052904129028,0.9730494618415833,0.9874306321144104,0.9959234595298767,0.9901483654975891,0.9699921011924744,0.9825614094734192,0.9724832773208618,0.9735024571418762,0.9690861701965332,0.9614992737770081,0.9427018165588379,0.9410032629966736,0.9363605380058289,0.9339825510978699,0.9107688665390015,0.9137130379676819,0.9242441654205322,0.9148454070091248,0.9115615487098694,0.9115615487098694,0.9060128927230835,0.908617377281189,0.9061261415481567,0.903861403465271,0.9201675653457642,0.914618968963623,0.9057864546775818,0.881213903427124,0.8979730606079102,0.869663655757904,0.8908390998840332,0.8693239688873291,0.878835916519165,0.8647944927215576,0.8697769045829773,0.8943494558334351,0.8741931915283203,0.8858566284179688,0.885630190372467,0.8875551819801331,0.8625296950340271,0.8798550367355347,0.8746461272239685,0.8814404010772705,0.8719284534454346,0.8996716141700745,0.8710225224494934,0.861737072467804,0.8805344700813293,0.8957083225250244,0.8777035474777222,0.8780432343482971,0.8686445355415344,0.8895934820175171,0.8969539403915405,0.8590193390846252,0.8732872605323792,0.876797616481781,0.8787226676940918,0.8886875510215759,0.8783829808235168,0.8777035474777222,0.8711357712745667,0.8553957939147949,0.8804212212562561,0.881553590297699,0.8690974712371826,0.8676254153251648,0.8690974712371826,0.868078351020813,0.8650209307670593,0.8766844272613525,0.8760049939155579,0.8737402558326721,0.8685312867164612,0.8613973259925842,0.8798550367355347,0.8726078867912292,0.8660401105880737,0.8805344700813293,0.8651341795921326,0.8531309962272644,0.8679651021957397,0.8509795069694519,0.8557354807853699,0.44887328147888184
0.16417910158634186,0.20895522832870483,0.11940298229455948,0.19402985274791718,0.28358209133148193,0.20895522832870483,0.19402985274791718,0.3283582031726837,0.2537313401699066,0.13432836532592773,0.23880596458911896,0.13432836532592773,0.28358209133148193,0.2238806039094925,0.41791045665740967,0.2537313401699066,0.2238806039094925,0.1492537260055542,0.28358209133148193,0.16417910158634186,0.31343284249305725,0.19402985274791718,0.38805970549583435,0.28358209133148193,0.3731343150138855,0.31343284249305725,0.23880596458911896,0.28358209133148193,0.2238806039094925,0.31343284249305725,0.2537313401699066,0.2537313401699066,0.34328359365463257,0.38805970549583435,0.26865673065185547,0.31343284249305725,0.34328359365463257,0.4029850661754608,0.31343284249305725,0.23880596458911896,0.2537313401699066,0.2985074520111084,0.3731343150138855,0.34328359365463257,0.35820895433425903,0.38805970549583435,0.35820895433425903,0.3731343150138855,0.41791045665740967,0.35820895433425903,0.38805970549583435,0.34328359365463257,0.2985074520111084,0.3283582031726837,0.611940324306488,0.26865673065185547,0.41791045665740967,0.447761207818985,0.4029850661754608,0.38805970549583435,0.5970149040222168,0.5373134613037109,0.611940324306488,0.447761207818985,0.5522388219833374,0.4029850661754608,0.447761207818985,0.5074626803398132,0.5671641826629639,0.447761207818985,0.5970149040222168,0.5373134613037109,0.6865671873092651,0.6567164063453674,0.5970149040222168,0.49253731966018677,0.7014925479888916,0.7611940503120422,0.5373134613037109,0.7611940503120422,0.7164179086685181,0.7014925479888916,0.6268656849861145,0.7910447716712952,0.6567164063453674,0.9402984976768494,0.6865671873092651,0.5373134613037109,0.5970149040222168,0.5223880410194397,0.3283582031726837,0.35820895433425903,0.13432836532592773,0.10447761416435242,0.014925372786819935,0.0,0.0,0.014925372786819935,0.0,0.0,0.0,0.0,0.0,0.014925372786819935,0.0,0.0,0.014925372786819935,0.10447761416435242,0.13432836532592773,0.3283582031726837,0.3283582031726837,0.5522388219833374,0.5970149040222168,0.5373134613037109,0.5970149040222168,1.0,0.641791045665741,0.8059701323509216,0.6268656849861145,0.7014925479888916,0.746268630027771,0.746268630027771,0.5522388219833374,0.7313432693481445,0.6716417670249939,0.5373134613037109,0.5373134613037109,0.7313432693481445,0.6865671873092651,0.5074626803398132,0.5970149040222168,0.4776119291782379,0.5522388219833374,0.5074626803398132,0.447761207818985,0.3731343150138855,0.5970149040222168,0.43283581733703613,0.611940324306488,0.5373134613037109,0.611940324306488,0.3731343150138855,0.38805970549583435,0.46268656849861145,0.41791045665740967,0.26865673065185547,0.5820895433425903,0.35820895433425903,0.31343284249305725,0.34328359365463257,0.38805970549583435,0.35820895433425903,0.4029850661754608,0.38805970549583435,0.34328359365463257,0.38805970549583435,0.35820895433425903,0.34328359365463257,0.38805970549583435,0.2985074520111084,0.2537313401699066,0.23880596458911896,0.31343284249305725,0.3731343150138855,0.35820895433425903,0.31343284249305725,0.28358209133148193,0.3731343150138855,0.35820895433425903,0.2537313401699066,0.2537313401699066,0.31343284249305725,0.2238806039094925,0.28358209133148193,0.2238806039094925,0.3283582031726837,0.35820895433425903,0.2985074520111084,0.3731343150138855,0.19402985274791718,0.28358209133148193,0.19402985274791718,0.28358209133148193,0.16417910158634186,0.19402985274791718,0.2537313401699066,0.447761207818985,0.20895522832870483,0.2985074520111084,0.13432836532592773,0.2238806039094925,0.13432836532592773,0.2537313401699066,0.2985074520111084,0.23880596458911896,0.17910447716712952,0.31343284249305725,0.19402985274791718,0.11940298229455948,0.20895522832870483,0.16417910158634186
0.08510638028383255,0.12765957415103912,0.21276596188545227,0.1702127605676651,0.28723403811454773,0.22340425848960876,0.21276596188545227,0.1702127605676651,0.1702127605676651,0.24468085169792175,0.1808510571718216,0.28723403811454773,0.23404255509376526,0.28723403811454773,0.1808510571718216,0.1489361673593521,0.1702127605676651,0.1595744639635086,0.21276596188545227,0.26595744490623474,0.1808510571718216,0.27659574151039124,0.22340425848960876,0.2978723347187042,0.22340425848960876,0.24468085169792175,0.24468085169792175,0.21276596188545227,0.28723403811454773,0.13829787075519562,0.23404255509376526,0.23404255509376526,0.25531914830207825,0.3297872245311737,0.28723403811454773,0.27659574151039124,0.38297873735427856,0.26595744490623474,0.25531914830207825,0.27659574151039124,0.26595744490623474,0.38297873735427856,0.41489362716674805,0.3404255211353302,0.28723403811454773,0.28723403811454773,0.24468085169792175,0.2978723347187042,0.22340425848960876,0.3085106313228607,0.3510638177394867,0.25531914830207825,0.3297872245311737,0.5531914830207825,0.3723404109477997,0.3191489279270172,0.3404255211353302,0.3617021143436432,0.457446813583374,0.2978723347187042,0.3085106313228607,0.44680851697921753,0.38297873735427856,0.5319148898124695,0.39361703395843506,0.4680851101875305,0.39361703395843506,0.3297872245311737,0.41489362716674805,0.6063829660415649,0.5106382966041565,0.4893617033958435,0.42553192377090454,0.3723404109477997,0.6276595592498779,0.5531914830207825,0.6063829660415649,0.563829779624939,0.6276595592498779,0.6276595592498779,0.7765957713127136,0.6063829660415649,0.6489361524581909,0.7659574747085571,0.7872340679168701,1.0,0.7553191781044006,0.7340425252914429,0.914893627166748,0.542553186416626,0.6914893388748169,0.585106372833252,0.3617021143436432,0.3297872245311737,0.27659574151039124,0.21276596188545227,0.042553190141916275,0.03191489353775978,0.0,0.0,0.0,0.0,0.0,0.021276595070958138,0.05319149047136307,0.21276596188545227,0.25531914830207825,0.3297872245311737,0.3723404109477997,0.563829779624939,0.7234042286872864,0.5,0.9468085169792175,0.7021276354789734,0.7765957713127136,0.9680851101875305,0.8191489577293396,0.7659574747085571,0.6276595592498779,0.6063829660415649,0.8191489577293396,0.5957446694374084,0.6276595592498779,0.5744680762290955,0.6063829660415649,0.563829779624939,0.585106372833252,0.41489362716674805,0.41489362716674805,0.5,0.478723406791687,0.6276595592498779,0.40425533056259155,0.3404255211353302,0.38297873735427856,0.5,0.3723404109477997,0.542553186416626,0.39361703395843506,0.43617022037506104,0.3085106313228607,0.3085106313228607,0.457446813583374,0.3617021143436432,0.3297872245311737,0.3297872245311737,0.3617021143436432,0.5531914830207825,0.3404255211353302,0.25531914830207825,0.3404255211353302,0.3191489279270172,0.21276596188545227,0.2978723347187042,0.23404255509376526,0.3085106313228607,0.26595744490623474,0.3510638177394867,0.41489362716674805,0.38297873735427856,0.27659574151039124,0.27659574151039124,0.24468085169792175,0.26595744490623474,0.39361703395843506,0.27659574151039124,0.28723403811454773,0.3191489279270172,0.26595744490623474,0.22340425848960876,0.23404255509376526,0.13829787075519562,0.27659574151039124,0.21276596188545227,0.25531914830207825,0.24468085169792175,0.22340425848960876,0.2978723347187042,0.20212766528129578,0.3085106313228607,0.1489361673593521,0.28723403811454773,0.22340425848960876,0.1595744639635086,0.1595744639635086,0.1595744639635086,0.1595744639635086,0.2978723347187042,0.24468085169792175,0.26595744490623474,0.19148936867713928,0.24468085169792175,0.1808510571718216,0.1702127605676651,0.21276596188545227,0.22340425848960876,0.28723403811454773,0.1595744639635086,0.21276596188545227,0.13829787075519562,0.08510638028383255
0.03333333507180214,0.13333334028720856,0.06666667014360428,0.13333334028720856,0.13333334028720856,0.13333334028720856,0.10000000149011612,0.10000000149011612,0.10000000149011612,0.13333334028720856,0.13333334028720856,0.1666666716337204,0.13333334028720856,0.0,0.1666666716337204,0.06666667014360428,0.13333334028720856,0.06666667014360428,0.13333334028720856,0.13333334028720856,0.0,0.23333333432674408,0.1666666716337204,0.10000000149011612,0.2666666805744171,0.1666666716337204,0.06666667014360428,0.1666666716337204,0.13333334028720856,0.06666667014360428,0.13333334028720856,0.10000000149011612,0.20000000298023224,0.10000000149011612,0.13333334028720856,0.1666666716337204,0.13333334028720856,0.13333334028720856,0.13333334028720856,0.20000000298023224,0.20000000298023224,0.13333334028720856,0.1666666716337204,0.20000000298023224,0.30000001192092896,0.13333334028720856,0.30000001192092896,0.03333333507180214,0.06666667014360428,0.20000000298023224,0.13333334028720856,0.03333333507180214,0.13333334028720856,0.20000000298023224,0.10000000149011612,0.20000000298023224,0.13333334028720856,0.1666666716337204,0.23333333432674408,0.1666666716337204,0.23333333432674408,0.10000000149011612,0.13333334028720856,0.13333334028720856,0.36666667461395264,0.2666666805744171,0.36666667461395264,0.23333333432674408,0.4000000059604645,0.3333333432674408,0.23333333432674408,0.1666666716337204,0.30000001192092896,0.4000000059604645,0.3333333432674408,0.23333333432674408,0.46666666865348816,0.36666667461395264,0.8999999761581421,0.5666666626930237,0.5666666626930237,0.5,0.6333333253860474,0.8999999761581421,0.7333333492279053,0.5666666626930237,0.7333333492279053,0.6333333253860474,1.0,0.800000011920929,0.8333333134651184,0.8666666746139526,0.9666666388511658,0.6000000238418579,0.36666667461395264,0.10000000149011612,0.0,0.0,0.0,0.0,0.0,0.0,0.0,0.0,0.0,0.10000000149011612,0.36666667461395264,0.5666666626930237,0.9333333373069763,0.8666666746139526,0.8333333134651184,0.8333333134651184,1.0,0.6666666865348816,0.7333333492279053,0.5666666626930237,0.7333333492279053,0.8666666746139526,0.6000000238418579,0.5666666626930237,0.5666666626930237,0.5333333611488342,0.8999999761581421,0.4000000059604645,0.46666666865348816,0.20000000298023224,0.36666667461395264,0.4000000059604645,0.30000001192092896,0.1666666716337204,0.20000000298023224,0.36666667461395264,0.4000000059604645,0.23333333432674408,0.3333333432674408,0.30000001192092896,0.36666667461395264,0.13333334028720856,0.13333334028720856,0.10000000149011612,0.23333333432674408,0.1666666716337204,0.23333333432674408,0.13333334028720856,0.1666666716337204,0.10000000149011612,0.20000000298023224,0.20000000298023224,0.13333334028720856,0.03333333507180214,0.13333334028720856,0.20000000298023224,0.03333333507180214,0.06666667014360428,0.30000001192092896,0.10000000149011612,0.3333333432674408,0.20000000298023224,0.13333334028720856,0.1666666716337204,0.20000000298023224,0.20000000298023224,0.13333334028720856,0.13333334028720856,0.13333334028720856,0.1666666716337204,0.13333334028720856,0.10000000149011612,0.20000000298023224,0.10000000149011612,0.13333334028720856,0.06666667014360428,0.13333334028720856,0.13333334028720856,0.10000000149011612,0.1666666716337204,0.2666666805744171,0.10000000149011612,0.1666666716337204,0.23333333432674408,0.0,0.13333334028720856,0.13333334028720856,0.06666667014360428,0.13333334028720856,0.06666667014360428,0.1666666716337204,0.0,0.13333334028720856,0.1666666716337204,0.13333334028720856,0.13333334028720856,0.10000000149011612,0.10000000149011612,0.10000000149011612,0.13333334028720856,0.13333334028720856,0.13333334028720856,0.06666667014360428,0.13333334028720856,0.03333333507180214
0.2222222238779068,0.5138888955116272,0.6111111044883728,0.4861111044883728,0.5,0.4722222089767456,0.5416666865348816,0.6388888955116272,0.5138888955116272,0.6111111044883728,0.5555555820465088,0.4583333432674408,0.6388888955116272,0.5833333134651184,0.6666666865348816,0.5555555820465088,0.6527777910232544,0.5138888955116272,0.5,0.4027777910232544,0.5,0.5416666865348816,0.5833333134651184,0.4861111044883728,0.4861111044883728,0.5,0.6527777910232544,0.6944444179534912,0.5972222089767456,0.4305555522441864,0.5555555820465088,0.4861111044883728,0.6527777910232544,0.5138888955116272,0.5277777910232544,0.4722222089767456,0.5138888955116272,0.6111111044883728,0.7916666865348816,0.5138888955116272,0.4583333432674408,0.4583333432674408,0.5833333134651184,0.5277777910232544,0.4027777910232544,0.4722222089767456,0.4444444477558136,0.5416666865348816,0.4861111044883728,0.5277777910232544,0.75,0.5833333134651184,0.5694444179534912,0.5694444179534912,0.6527777910232544,0.7083333134651184,0.5416666865348816,0.7222222089767456,0.7638888955116272,0.5277777910232544,0.6388888955116272,0.4861111044883728,0.7222222089767456,0.5,0.5694444179534912,0.625,0.5833333134651184,0.75,0.7361111044883728,0.8611111044883728,0.8194444179534912,0.75,0.5555555820465088,0.9027777910232544,0.5972222089767456,0.9027777910232544,0.6527777910232544,0.7777777910232544,0.8194444179534912,0.8333333134651184,0.9305555820465088,1.0,0.8055555820465088,0.6527777910232544,0.9722222089767456,0.9166666865348816,0.7638888955116272,0.8333333134651184,0.6805555820465088,0.6111111044883728,0.6944444179534912,0.6111111044883728,0.3194444477558136,0.1944444477558136,0.0833333358168602,0.0555555559694767,0.013888888992369175,0.02777777798473835,0.0694444477558136,0.0,0.0,0.0,0.0555555559694767,0.0416666679084301,0.013888888992369175,0.0555555559694767,0.0694444477558136,0.1944444477558136,0.3333333432674408,0.5694444179534912,0.7361111044883728,0.5972222089767456,0.6805555820465088,0.8333333134651184,0.7777777910232544,0.9027777910232544,0.9722222089767456,0.6527777910232544,0.7916666865348816,0.9861111044883728,0.9583333134651184,0.8333333134651184,0.8333333134651184,0.75,0.6805555820465088,0.8888888955116272,0.5694444179534912,0.9305555820465088,0.5555555820465088,0.7638888955116272,0.7916666865348816,0.8888888955116272,0.7361111044883728,0.7222222089767456,0.5833333134651184,0.6111111044883728,0.5694444179534912,0.5277777910232544,0.7222222089767456,0.5,0.625,0.5277777910232544,0.7361111044883728,0.7638888955116272,0.5416666865348816,0.6666666865348816,0.6805555820465088,0.5694444179534912,0.5694444179534912,0.5972222089767456,0.6944444179534912,0.5555555820465088,0.5,0.5555555820465088,0.4444444477558136,0.4583333432674408,0.4027777910232544,0.5416666865348816,0.5694444179534912,0.4166666567325592,0.5,0.5138888955116272,0.7222222089767456,0.6944444179534912,0.5138888955116272,0.4444444477558136,0.5277777910232544,0.5416666865348816,0.625,0.4722222089767456,0.5972222089767456,0.4027777910232544,0.6111111044883728,0.6666666865348816,0.6944444179534912,0.5,0.4722222089767456,0.4861111044883728,0.5833333134651184,0.5416666865348816,0.5,0.3888888955116272,0.5138888955116272,0.5277777910232544,0.6388888955116272,0.5416666865348816,0.6666666865348816,0.5972222089767456,0.6388888955116272,0.4444444477558136,0.5833333134651184,0.5694444179534912,0.5555555820465088,0.625,0.5555555820465088,0.4583333432674408,0.5138888955116272,0.4583333432674408,0.625,0.5277777910232544,0.2222222238779068
0.20430107414722443,0.3333333432674408,0.24731183052062988,0.31182795763015747,0.3870967626571655,0.3655914068222046,0.34408602118492126,0.37634408473968506,0.25806450843811035,0.34408602118492126,0.34408602118492126,0.23655913770198822,0.34408602118492126,0.2795698940753937,0.2795698940753937,0.3333333432674408,0.301075279712677,0.25806450843811035,0.2150537669658661,0.301075279712677,0.3978494703769684,0.301075279712677,0.19354838132858276,0.24731183052062988,0.301075279712677,0.2795698940753937,0.2688172161579132,0.301075279712677,0.23655913770198822,0.32258063554763794,0.301075279712677,0.301075279712677,0.20430107414722443,0.1505376398563385,0.3978494703769684,0.3333333432674408,0.24731183052062988,0.32258063554763794,0.32258063554763794,0.2795698940753937,0.29032257199287415,0.2688172161579132,0.29032257199287415,0.25806450843811035,0.24731183052062988,0.23655913770198822,0.20430107414722443,0.2688172161579132,0.301075279712677,0.23655913770198822,0.22580644488334656,0.25806450843811035,0.34408602118492126,0.25806450843811035,0.32258063554763794,0.3870967626571655,0.2795698940753937,0.22580644488334656,0.25806450843811035,0.24731183052062988,0.3978494703769684,0.24731183052062988,0.20430107414722443,0.29032257199287415,0.37634408473968506,0.35483869910240173,0.35483869910240173,0.35483869910240173,0.37634408473968506,0.32258063554763794,0.3333333432674408,0.46236559748649597,0.5268816947937012,0.5483871102333069,0.5376344323158264,0.6236559152603149,0.5161290168762207,0.698924720287323,0.6236559152603149,0.5913978219032288,0.4516128897666931,0.7311828136444092,0.7634408473968506,0.9139785170555115,0.7419354915618896,0.8817204236984253,1.0,0.9677419066429138,0.7204301357269287,0.6881720423698425,0.5913978219032288,0.46236559748649597,0.24731183052062988,0.19354838132858276,0.08602150529623032,0.07526881992816925,0.04301075264811516,0.05376344174146652,0.04301075264811516,0.04301075264811516,0.0,0.04301075264811516,0.04301075264811516,0.05376344174146652,0.04301075264811516,0.07526881992816925,0.08602150529623032,0.19354838132858276,0.23655913770198822,0.46236559748649597,0.5806451439857483,0.6774193644523621,0.7419354915618896,0.9569892287254333,0.9892473220825195,0.8817204236984253,0.7311828136444092,0.8924731016159058,0.8064516186714172,0.7311828136444092,0.47311827540397644,0.5913978219032288,0.5913978219032288,0.6881720423698425,0.5376344323158264,0.6451612710952759,0.5376344323158264,0.5376344323158264,0.5376344323158264,0.4301075339317322,0.3655914068222046,0.32258063554763794,0.34408602118492126,0.3870967626571655,0.32258063554763794,0.37634408473968506,0.37634408473968506,0.301075279712677,0.20430107414722443,0.24731183052062988,0.37634408473968506,0.25806450843811035,0.25806450843811035,0.22580644488334656,0.25806450843811035,0.40860214829444885,0.32258063554763794,0.25806450843811035,0.34408602118492126,0.25806450843811035,0.23655913770198822,0.2150537669658661,0.32258063554763794,0.24731183052062988,0.2150537669658661,0.22580644488334656,0.24731183052062988,0.2688172161579132,0.301075279712677,0.25806450843811035,0.2688172161579132,0.31182795763015747,0.32258063554763794,0.31182795763015747,0.24731183052062988,0.3333333432674408,0.35483869910240173,0.20430107414722443,0.20430107414722443,0.301075279712677,0.29032257199287415,0.3333333432674408,0.22580644488334656,0.31182795763015747,0.25806450843811035,0.2795698940753937,0.31182795763015747,0.24731183052062988,0.16129031777381897,0.32258063554763794,0.40860214829444885,0.2795698940753937,0.22580644488334656,0.2688172161579132,0.301075279712677,0.32258063554763794,0.2795698940753937,0.29032257199287415,0.3333333432674408,0.22580644488334656,0.35483869910240173,0.34408602118492126,0.25806450843811035,0.3655914068222046,0.3333333432674408,0.3870967626571655,0.3870967626571655,0.31182795763015747,0.2150537669658661,0.37634408473968506,0.20430107414722443
0.26923078298568726,0.5128205418586731,0.4871794879436493,0.6794871687889099,0.42307692766189575,0.38461539149284363,0.6410256624221802,0.4743589758872986,0.5641025900840759,0.807692289352417,0.4743589758872986,0.6025640964508057,0.5384615659713745,0.6538461446762085,0.5897436141967773,0.5512820482254028,0.6025640964508057,0.42307692766189575,0.5256410241127014,0.5384615659713745,0.5256410241127014,0.5384615659713745,0.5769230723381042,0.6282051205635071,0.5384615659713745,0.42307692766189575,0.4871794879436493,0.6025640964508057,0.5128205418586731,0.6538461446762085,0.5256410241127014,0.6794871687889099,0.5769230723381042,0.5897436141967773,0.6538461446762085,0.4615384638309479,0.5897436141967773,0.5641025900840759,0.6153846383094788,0.7948718070983887,0.6410256624221802,0.6282051205635071,0.6153846383094788,0.5769230723381042,0.5769230723381042,0.6282051205635071,0.6538461446762085,0.5769230723381042,0.6666666865348816,0.5769230723381042,0.6025640964508057,0.6538461446762085,0.7564102411270142,0.5769230723381042,0.7564102411270142,0.6025640964508057,0.5384615659713745,0.8461538553237915,0.692307710647583,0.6410256624221802,0.5641025900840759,0.8717948794364929,0.5641025900840759,0.5641025900840759,0.8589743375778198,0.807692289352417,0.5384615659713745,0.7307692170143127,0.6410256624221802,0.8717948794364929,0.8974359035491943,0.9102563858032227,0.7179487347602844,0.7435897588729858,0.6794871687889099,0.8589743375778198,0.807692289352417,0.9871794581413269,0.8205128312110901,1.0,0.9358974099159241,0.7051281929016113,0.8333333134651184,0.807692289352417,0.8846153616905212,0.7307692170143127,0.8205128312110901,0.6282051205635071,0.8333333134651184,0.38461539149284363,0.3205128312110901,0.3717948794364929,0.20512820780277252,0.10256410390138626,0.03846153989434242,0.07692307978868484,0.03846153989434242,0.03846153989434242,0.05128205195069313,0.012820512987673283,0.0,0.012820512987673283,0.05128205195069313,0.03846153989434242,0.03846153989434242,0.07692307978868484,0.03846153989434242,0.10256410390138626,0.1794871836900711,0.39743590354919434,0.3205128312110901,0.3717948794364929,0.807692289352417,0.6666666865348816,0.807692289352417,0.6794871687889099,0.9358974099159241,0.807692289352417,0.8461538553237915,0.6794871687889099,0.9487179517745972,1.0,0.807692289352417,0.9615384340286255,0.8333333134651184,0.8717948794364929,0.6538461446762085,0.7564102411270142,0.7307692170143127,0.9102563858032227,0.8974359035491943,0.8589743375778198,0.6538461446762085,0.7179487347602844,0.5512820482254028,0.7948718070983887,0.8589743375778198,0.5641025900840759,0.5897436141967773,0.8205128312110901,0.5769230723381042,0.6666666865348816,0.6794871687889099,0.8589743375778198,0.5256410241127014,0.6153846383094788,0.7435897588729858,0.5641025900840759,0.7692307829856873,0.6538461446762085,0.6025640964508057,0.5897436141967773,0.6538461446762085,0.5769230723381042,0.6666666865348816,0.6153846383094788,0.6025640964508057,0.5384615659713745,0.6410256624221802,0.6282051205635071,0.6410256624221802,0.7692307829856873,0.6410256624221802,0.5769230723381042,0.5512820482254028,0.4871794879436493,0.6410256624221802,0.5897436141967773,0.5769230723381042,0.6410256624221802,0.5769230723381042,0.6666666865348816,0.4871794879436493,0.6153846383094788,0.4743589758872986,0.41025641560554504,0.5641025900840759,0.6153846383094788,0.5641025900840759,0.5512820482254028,0.5256410241127014,0.5512820482254028,0.5256410241127014,0.43589743971824646,0.5769230723381042,0.5641025900840759,0.5769230723381042,0.6538461446762085,0.5256410241127014,0.6025640964508057,0.5,0.7692307829856873,0.5769230723381042,0.5128205418586731,0.6410256624221802,0.38461539149284363,0.42307692766189575,0.6410256624221802,0.5128205418586731,0.5256410241127014,0.26923078298568726
0.2432432472705841,0.21621622145175934,0.4864864945411682,0.2702702581882477,0.4864864945411682,0.2702702581882477,0.45945945382118225,0.37837839126586914,0.37837839126586914,0.37837839126586914,0.18918919563293457,0.4864864945411682,0.37837839126586914,0.3513513505458832,0.45945945382118225,0.37837839126586914,0.4324324429035187,0.2432432472705841,0.21621622145175934,0.4324324429035187,0.2702702581882477,0.29729729890823364,0.3243243098258972,0.21621622145175934,0.3513513505458832,0.4864864945411682,0.2702702581882477,0.29729729890823364,0.3243243098258972,0.4054054021835327,0.2432432472705841,0.3513513505458832,0.3243243098258972,0.4054054021835327,0.4324324429035187,0.45945945382118225,0.37837839126586914,0.3513513505458832,0.3513513505458832,0.3513513505458832,0.3513513505458832,0.2702702581882477,0.4324324429035187,0.45945945382118225,0.3243243098258972,0.3513513505458832,0.3513513505458832,0.3513513505458832,0.37837839126586914,0.3243243098258972,0.3243243098258972,0.4054054021835327,0.5135135054588318,0.3513513505458832,0.3513513505458832,0.4054054021835327,0.4054054021835327,0.5135135054588318,0.4864864945411682,0.45945945382118225,0.2702702581882477,0.45945945382118225,0.4054054021835327,0.4324324429035187,0.5675675868988037,0.29729729890823364,0.5675675868988037,0.37837839126586914,0.5135135054588318,0.4054054021835327,0.5135135054588318,0.2432432472705841,0.4054054021835327,0.3243243098258972,0.3513513505458832,0.5675675868988037,0.5135135054588318,0.4864864945411682,0.5945945978164673,0.5135135054588318,0.7297297120094299,0.4324324429035187,0.4054054021835327,0.7027027010917664,0.6216216087341309,0.6216216087341309,1.0,0.4054054021835327,0.5135135054588318,0.4864864945411682,0.29729729890823364,0.37837839126586914,0.2702702581882477,0.2432432472705841,0.13513512909412384,0.21621622145175934,0.13513512909412384,0.18918919563293457,0.0810810774564743,0.054054055362939835,0.0,0.027027027681469917,0.10810811072587967,0.18918919563293457,0.13513512909412384,0.21621622145175934,0.13513512909412384,0.2432432472705841,0.2432432472705841,0.4054054021835327,0.2702702581882477,0.45945945382118225,0.5675675868988037,0.4054054021835327,1.0,0.6216216087341309,0.5945945978164673,0.7027027010917664,0.4324324429035187,0.4324324429035187,0.7297297120094299,0.5135135054588318,0.5405405163764954,0.5405405163764954,0.4864864945411682,0.5675675868988037,0.37837839126586914,0.3243243098258972,0.4054054021835327,0.2432432472705841,0.4864864945411682,0.4054054021835327,0.5405405163764954,0.37837839126586914,0.5675675868988037,0.21621622145175934,0.5945945978164673,0.4864864945411682,0.4054054021835327,0.45945945382118225,0.2702702581882477,0.45945945382118225,0.4864864945411682,0.5135135054588318,0.4054054021835327,0.4054054021835327,0.3513513505458832,0.3243243098258972,0.5135135054588318,0.4324324429035187,0.3243243098258972,0.3243243098258972,0.3513513505458832,0.37837839126586914,0.3243243098258972,0.37837839126586914,0.29729729890823364,0.4864864945411682,0.4324324429035187,0.2702702581882477,0.29729729890823364,0.37837839126586914,0.37837839126586914,0.3513513505458832,0.3513513505458832,0.45945945382118225,0.4054054021835327,0.45945945382118225,0.3243243098258972,0.3513513505458832,0.2432432472705841,0.4054054021835327,0.3243243098258972,0.29729729890823364,0.2702702581882477,0.45945945382118225,0.37837839126586914,0.18918919563293457,0.3513513505458832,0.29729729890823364,0.2432432472705841,0.45945945382118225,0.21621622145175934,0.21621622145175934,0.4324324429035187,0.4054054021835327,0.45945945382118225,0.29729729890823364,0.4324324429035187,0.4324324429035187,0.2432432472705841,0.37837839126586914,0.37837839126586914,0.37837839126586914,0.45945945382118225,0.2702702581882477,0.4864864945411682,0.2702702581882477,0.45945945382118225,0.2432432472705841,0.2432432472705841
0.34310343861579895,0.6879310607910156,0.7362068891525269,0.6982758641242981,0.6965517401695251,0.684482753276825,0.682758629322052,0.7103448510169983,0.6896551847457886,0.7551724314689636,0.6689655184745789,0.7258620858192444,0.7275862097740173,0.7793103456497192,0.7275862097740173,0.7293103337287903,0.7172414064407349,0.7603448033332825,0.7241379022598267,0.7827585935592651,0.701724112033844,0.7189655303955078,0.7051724195480347,0.7586206793785095,0.751724123954773,0.7465517520904541,0.7189655303955078,0.7413793206214905,0.7137930989265442,0.7844827771186829,0.7844827771186829,0.7879310250282288,0.7620689868927002,0.8586207032203674,0.8103448152542114,0.8051724433898926,0.7775862216949463,0.7155172228813171,0.7775862216949463,0.800000011920929,0.8017241358757019,0.8051724433898926,0.8068965673446655,0.7827585935592651,0.8793103694915771,0.7896551489830017,0.8086206912994385,0.8137931227684021,0.7879310250282288,0.9362068772315979,0.8310344815254211,0.8310344815254211,0.8431034684181213,0.767241358757019,0.8586207032203674,0.884482741355896,0.8517241477966309,0.9293103218078613,0.8879310488700867,0.8517241477966309,0.8586207032203674,0.8913792967796326,0.8948276042938232,0.8982758522033691,0.8862069249153137,0.8396551609039307,0.9396551847457886,0.8810344934463501,0.9120689630508423,0.8534482717514038,0.8758620619773865,0.8724138140678406,0.932758629322052,0.931034505367279,1.0,0.9413793087005615,0.9258620738983154,0.9586206674575806,0.951724112033844,0.9241379499435425,0.9379310607910156,0.9637930989265442,0.8379310369491577,0.884482741355896,0.882758617401123,0.8603448271751404,0.798275887966156,0.7741379141807556,0.7137930989265442,0.6103448271751404,0.5586206912994385,0.4672413766384125,0.3206896483898163,0.2844827473163605,0.16724137961864471,0.1310344785451889,0.07413793355226517,0.07586207240819931,0.17758621275424957,0.1310344785451889,0.0,0.12068965286016464,0.18448275327682495,0.07758620381355286,0.06896551698446274,0.13620689511299133,0.16551724076271057,0.274137943983078,0.3206896483898163,0.4603448212146759,0.550000011920929,0.617241382598877,0.7258620858192444,0.75,0.8034482598304749,0.867241382598877,0.8758620619773865,0.8810344934463501,0.8413792848587036,0.9586206674575806,0.949999988079071,0.9206896424293518,0.9482758641242981,0.9620689749717712,0.9086207151412964,0.9568965435028076,0.9775862097740173,0.9534482955932617,0.9293103218078613,0.8741379380226135,0.8758620619773865,0.867241382598877,0.9068965315818787,0.8862069249153137,0.9293103218078613,0.834482729434967,0.8775861859321594,0.9206896424293518,0.8913792967796326,0.8775861859321594,0.8689655065536499,0.8551723957061768,0.8793103694915771,0.9275861978530884,0.834482729434967,0.9068965315818787,0.8620689511299133,0.7706896662712097,0.8448275923728943,0.815517246723175,0.834482729434967,0.9448275566101074,0.7896551489830017,0.798275887966156,0.7965517044067383,0.8120689392089844,0.8758620619773865,0.7948275804519653,0.7965517044067383,0.8034482598304749,0.8068965673446655,0.7931034564971924,0.7724137902259827,0.7224137783050537,0.7689655423164368,0.817241370677948,0.8017241358757019,0.865517258644104,0.7689655423164368,0.7758620977401733,0.7879310250282288,0.7793103456497192,0.7172414064407349,0.7465517520904541,0.7310344576835632,0.7413793206214905,0.7413793206214905,0.7655172348022461,0.7103448510169983,0.7120689749717712,0.6862068772315979,0.7879310250282288,0.7224137783050537,0.7655172348022461,0.732758641242981,0.7258620858192444,0.7189655303955078,0.7965517044067383,0.699999988079071,0.7224137783050537,0.6879310607910156,0.7551724314689636,0.6879310607910156,0.7155172228813171,0.6758620738983154,0.6862068772315979,0.6913793087005615,0.6896551847457886,0.7431034445762634,0.7034482955932617,0.3568965494632721
0.016949152573943138,0.06779661029577255,0.05932203307747841,0.050847455859184265,0.033898305147886276,0.05932203307747841,0.0762711837887764,0.0762711837887764,0.0762711837887764,0.08474576473236084,0.06779661029577255,0.05932203307747841,0.10169491171836853,0.10169491171836853,0.08474576473236084,0.11864406615495682,0.033898305147886276,0.0762711837887764,0.11864406615495682,0.08474576473236084,0.12711864709854126,0.0762711837887764,0.09322033822536469,0.06779661029577255,0.10169491171836853,0.11016949266195297,0.11864406615495682,0.0762711837887764,0.09322033822536469,0.14406779408454895,0.10169491171836853,0.05932203307747841,0.11016949266195297,0.09322033822536469,0.0762711837887764,0.08474576473236084,0.11864406615495682,0.0762711837887764,0.12711864709854126,0.11016949266195297,0.11864406615495682,0.14406779408454895,0.08474576473236084,0.10169491171836853,0.11864406615495682,0.1355932205915451,0.14406779408454895,0.09322033822536469,0.12711864709854126,0.11016949266195297,0.11016949266195297,0.11016949266195297,0.11016949266195297,0.11864406615495682,0.18644067645072937,0.2288135588169098,0.16949152946472168,0.1525423675775528,0.11016949266195297,0.11864406615495682,0.22033898532390594,0.24576270580291748,0.1525423675775528,0.24576270580291748,0.19491524994373322,0.22033898532390594,0.19491524994373322,0.2288135588169098,0.18644067645072937,0.38983049988746643,0.2711864411830902,0.2542372941970825,0.22033898532390594,0.24576270580291748,0.31355932354927063,0.39830508828163147,0.2711864411830902,0.3644067943096161,0.3644067943096161,0.3813559412956238,0.37288135290145874,0.5677965879440308,0.5169491767883301,0.4661017060279846,0.4237288236618042,0.5677965879440308,0.6610169410705566,0.7118644118309021,0.7372881174087524,0.7118644118309021,0.7372881174087524,0.8813559412956238,1.0,0.9406779408454895,0.8728813529014587,0.7457627058029175,0.35593220591545105,0.04237288236618042,0.0,0.0,0.0,0.0,0.0,0.033898305147886276,0.35593220591545105,0.7203390002250671,0.8644067645072937,0.9830508232116699,1.0,0.8220338821411133,0.7711864113807678,0.7118644118309021,0.7372881174087524,0.7203390002250671,0.6779661178588867,0.5508474707603455,0.4406779706478119,0.44915252923965454,0.5254237055778503,0.5423728823661804,0.38983049988746643,0.35593220591545105,0.4067796468734741,0.35593220591545105,0.2711864411830902,0.38983049988746643,0.32203391194343567,0.24576270580291748,0.22033898532390594,0.26271185278892517,0.26271185278892517,0.39830508828163147,0.17796610295772552,0.22033898532390594,0.2118644118309021,0.22033898532390594,0.19491524994373322,0.23728813230991364,0.16101695597171783,0.23728813230991364,0.22033898532390594,0.11864406615495682,0.11016949266195297,0.16101695597171783,0.16949152946472168,0.22033898532390594,0.16949152946472168,0.12711864709854126,0.12711864709854126,0.10169491171836853,0.11864406615495682,0.10169491171836853,0.1355932205915451,0.0762711837887764,0.1525423675775528,0.1355932205915451,0.12711864709854126,0.09322033822536469,0.08474576473236084,0.1525423675775528,0.11864406615495682,0.11016949266195297,0.12711864709854126,0.0762711837887764,0.11864406615495682,0.08474576473236084,0.0762711837887764,0.09322033822536469,0.11016949266195297,0.04237288236618042,0.11864406615495682,0.1355932205915451,0.09322033822536469,0.0762711837887764,0.11864406615495682,0.11864406615495682,0.10169491171836853,0.06779661029577255,0.08474576473236084,0.08474576473236084,0.12711864709854126,0.0762711837887764,0.11016949266195297,0.09322033822536469,0.033898305147886276,0.11864406615495682,0.08474576473236084,0.10169491171836853,0.10169491171836853,0.05932203307747841,0.06779661029577255,0.08474576473236084,0.0762711837887764,0.0762711837887764,0.06779661029577255,0.06779661029577255,0.033898305147886276,0.050847455859184265,0.05932203307747841,0.06779661029577255,0.016949152573943138
0.19230769574642181,0.42307692766189575,0.4615384638309479,0.4615384638309479,0.5384615659713745,0.26923078298568726,0.6153846383094788,0.7307692170143127,0.26923078298568726,0.5769230723381042,0.3461538553237915,0.42307692766189575,0.5384615659713745,0.4615384638309479,0.692307710647583,0.26923078298568726,0.38461539149284363,0.4615384638309479,0.4615384638309479,0.3076923191547394,0.3461538553237915,0.3461538553237915,0.42307692766189575,0.3461538553237915,0.5,0.6153846383094788,0.6538461446762085,0.38461539149284363,0.5,0.1538461595773697,0.5384615659713745,0.5384615659713745,0.3461538553237915,0.807692289352417,0.6153846383094788,0.42307692766189575,0.6538461446762085,0.3076923191547394,0.5,0.3461538553237915,0.26923078298568726,0.5,0.5,0.26923078298568726,0.6538461446762085,0.5769230723381042,0.5,0.3461538553237915,0.4615384638309479,0.5,0.3461538553237915,0.692307710647583,0.3076923191547394,0.692307710647583,0.3461538553237915,0.7692307829856873,0.42307692766189575,1.0,0.692307710647583,0.42307692766189575,0.3461538553237915,0.4615384638309479,0.692307710647583,0.5384615659713745,0.5384615659713745,0.5,0.7692307829856873,0.9230769276618958,0.5769230723381042,0.6153846383094788,0.7307692170143127,0.7692307829856873,0.4615384638309479,0.7307692170143127,0.9615384340286255,0.5769230723381042,0.692307710647583,0.807692289352417,0.807692289352417,0.807692289352417,0.6538461446762085,0.7692307829856873,0.7307692170143127,0.692307710647583,0.807692289352417,0.9615384340286255,0.6538461446762085,0.8846153616905212,1.0,0.6538461446762085,0.692307710647583,0.5,0.4615384638309479,0.23076923191547394,0.3076923191547394,0.19230769574642181,0.03846153989434242,0.0,0.07692307978868484,0.0,0.0,0.0,0.07692307978868484,0.0,0.03846153989434242,0.19230769574642181,0.3076923191547394,0.23076923191547394,0.4615384638309479,0.5,0.6538461446762085,0.692307710647583,0.9615384340286255,0.9230769276618958,0.6538461446762085,0.9615384340286255,0.807692289352417,0.6538461446762085,0.7692307829856873,0.7307692170143127,0.6538461446762085,0.8461538553237915,0.7692307829856873,0.8461538553237915,0.6538461446762085,0.5769230723381042,0.9230769276618958,0.807692289352417,0.4615384638309479,0.692307710647583,0.7307692170143127,0.6538461446762085,0.6153846383094788,0.9230769276618958,0.7692307829856873,0.4615384638309479,0.5769230723381042,0.5,0.6538461446762085,0.5384615659713745,0.3461538553237915,0.42307692766189575,0.6538461446762085,1.0,0.38461539149284363,0.8461538553237915,0.3461538553237915,0.692307710647583,0.3076923191547394,0.692307710647583,0.3461538553237915,0.5,0.42307692766189575,0.3076923191547394,0.5,0.6538461446762085,0.6538461446762085,0.26923078298568726,0.4615384638309479,0.5384615659713745,0.26923078298568726,0.3461538553237915,0.4615384638309479,0.3461538553237915,0.6153846383094788,0.4615384638309479,0.5769230723381042,0.8461538553237915,0.3461538553237915,0.5384615659713745,0.5,0.19230769574642181,0.5,0.3461538553237915,0.6538461446762085,0.5769230723381042,0.5384615659713745,0.38461539149284363,0.38461539149284363,0.38461539149284363,0.3461538553237915,0.3076923191547394,0.4615384638309479,0.4615384638309479,0.38461539149284363,0.26923078298568726,0.6538461446762085,0.5,0.5384615659713745,0.38461539149284363,0.38461539149284363,0.5769230723381042,0.23076923191547394,0.7692307829856873,0.5769230723381042,0.3076923191547394,0.5,0.5,0.4615384638309479,0.3461538553237915,0.26923078298568726
0.0,0.0,0.1875,0.125,0.1875,0.25,0.125,0.25,0.1875,0.125,0.0625,0.0625,0.3125,0.0625,0.1875,0.4375,0.0625,0.3125,0.1875,0.0625,0.1875,0.25,0.125,0.125,0.1875,0.125,0.0625,0.0625,0.0,0.1875,0.3125,0.0625,0.1875,0.25,0.0625,0.1875,0.25,0.1875,0.4375,0.1875,0.1875,0.4375,0.125,0.1875,0.4375,0.0625,0.4375,0.125,0.375,0.3125,0.4375,0.375,0.1875,0.25,0.375,0.375,0.25,0.4375,0.1875,0.1875,0.25,0.1875,0.375,0.375,0.25,0.4375,0.375,0.625,0.75,0.3125,0.125,0.1875,0.5625,0.375,0.25,0.5,0.5,0.5,0.5625,0.5,0.375,0.5,0.9375,0.875,1.0,0.375,0.875,0.4375,0.5625,0.75,0.375,0.8125,0.375,0.0625,0.125,0.0,0.0,0.0,0.0,0.0,0.0,0.0,0.0,0.0,0.0,0.0,0.125,0.0625,0.375,0.8125,0.3125,0.8125,0.5625,0.4375,0.8125,0.4375,0.9375,0.875,1.0,0.5,0.375,0.5,0.5625,0.5,0.5,0.5,0.25,0.375,0.5625,0.1875,0.0625,0.3125,0.8125,0.5625,0.4375,0.4375,0.1875,0.375,0.4375,0.1875,0.25,0.1875,0.1875,0.4375,0.25,0.3125,0.4375,0.25,0.1875,0.375,0.4375,0.3125,0.375,0.125,0.375,0.125,0.4375,0.125,0.1875,0.4375,0.1875,0.1875,0.375,0.25,0.25,0.1875,0.0625,0.25,0.1875,0.0625,0.3125,0.1875,0.0,0.0625,0.0625,0.125,0.125,0.1875,0.125,0.1875,0.25,0.0,0.1875,0.3125,0.125,0.4375,0.1875,0.0625,0.3125,0.0625,0.0625,0.0625,0.25,0.25,0.0625,0.3125,0.1875,0.125,0.1875,0.0,0.0
0.5,0.75,0.7647058963775635,0.7058823704719543,0.75,0.6617646813392639,0.7941176295280457,0.75,0.9117646813392639,0.6470588445663452,0.8529411554336548,1.0,0.7941176295280457,0.8823529481887817,0.6470588445663452,0.7941176295280457,0.8235294222831726,0.75,0.6617646813392639,0.4264705777168274,0.8088235259056091,0.5588235259056091,0.7352941036224365,0.6176470518112183,0.5882353186607361,0.7352941036224365,0.6029411554336548,0.5441176295280457,0.5147058963775635,0.529411792755127,0.4852941036224365,0.6470588445663452,0.44117647409439087,0.38235294818878174,0.4117647111415863,0.38235294818878174,0.3235294222831726,0.3970588147640228,0.30882352590560913,0.38235294818878174,0.3970588147640228,0.25,0.29411765933036804,0.20588235557079315,0.30882352590560913,0.19117647409439087,0.27941176295280457,0.27941176295280457,0.1617647111415863,0.25,0.1764705926179886,0.1617647111415863,0.11764705926179886,0.19117647409439087,0.0882352963089943,0.1764705926179886,0.13235294818878174,0.1764705926179886,0.13235294818878174,0.10294117778539658,0.07352941483259201,0.11764705926179886,0.0882352963089943,0.0882352963089943,0.05882352963089943,0.11764705926179886,0.13235294818878174,0.05882352963089943,0.10294117778539658,0.0882352963089943,0.0882352963089943,0.014705882407724857,0.05882352963089943,0.05882352963089943,0.029411764815449715,0.0882352963089943,0.07352941483259201,0.0882352963089943,0.0882352963089943,0.04411764815449715,0.0882352963089943,0.11764705926179886,0.05882352963089943,0.10294117778539658,0.04411764815449715,0.04411764815449715,0.11764705926179886,0.05882352963089943,0.04411764815449715,0.029411764815449715,0.07352941483259201,0.07352941483259201,0.029411764815449715,0.07352941483259201,0.0,0.0,0.014705882407724857,0.029411764815449715,0.0,0.04411764815449715,0.0,0.04411764815449715,0.0,0.029411764815449715,0.014705882407724857,0.0,0.0,0.07352941483259201,0.029411764815449715,0.07352941483259201,0.07352941483259201,0.029411764815449715,0.04411764815449715,0.05882352963089943,0.11764705926179886,0.04411764815449715,0.04411764815449715,0.10294117778539658,0.05882352963089943,0.11764705926179886,0.0882352963089943,0.04411764815449715,0.07352941483259201,0.10294117778539658,0.05882352963089943,0.10294117778539658,0.029411764815449715,0.05882352963089943,0.05882352963089943,0.014705882407724857,0.0882352963089943,0.0882352963089943,0.10294117778539658,0.05882352963089943,0.13235294818878174,0.11764705926179886,0.05882352963089943,0.0882352963089943,0.0882352963089943,0.11764705926179886,0.05882352963089943,0.10294117778539658,0.14705882966518402,0.1764705926179886,0.13235294818878174,0.1617647111415863,0.10294117778539658,0.19117647409439087,0.10294117778539658,0.14705882966518402,0.20588235557079315,0.25,0.14705882966518402,0.2647058963775635,0.29411765933036804,0.20588235557079315,0.29411765933036804,0.22058823704719543,0.29411765933036804,0.23529411852359772,0.4117647111415863,0.36764705181121826,0.30882352590560913,0.4117647111415863,0.3235294222831726,0.38235294818878174,0.3970588147640228,0.3970588147640228,0.44117647409439087,0.5735294222831726,0.5441176295280457,0.529411792755127,0.5147058963775635,0.5588235259056091,0.6029411554336548,0.720588207244873,0.6029411554336548,0.5882353186607361,0.7058823704719543,0.5882353186607361,0.8235294222831726,0.4264705777168274,0.6176470518112183,0.7941176295280457,0.8235294222831726,0.779411792755127,0.6764705777168274,0.8676470518112183,0.7941176295280457,0.9264705777168274,0.8970588445663452,0.6764705777168274,0.8970588445663452,0.779411792755127,0.7941176295280457,0.6470588445663452,0.75,0.7058823704719543,0.7058823704719543,0.779411792755127,0.5441176295280457
0.10465116053819656,0.12790697813034058,0.3139534890651703,0.1744185984134674,0.1744185984134674,0.11627907305955887,0.1627907007932663,0.1860465109348297,0.20930232107639313,0.26744186878204346,0.1860465109348297,0.13953489065170288,0.1627907007932663,0.302325576543808,0.13953489065170288,0.1744185984134674,0.20930232107639313,0.151162788271904,0.19767442345619202,0.19767442345619202,0.151162788271904,0.09302325546741486,0.27906978130340576,0.19767442345619202,0.1744185984134674,0.27906978130340576,0.1744185984134674,0.1627907007932663,0.20930232107639313,0.1627907007932663,0.1860465109348297,0.2906976640224457,0.19767442345619202,0.20930232107639313,0.1744185984134674,0.151162788271904,0.20930232107639313,0.26744186878204346,0.1744185984134674,0.3372093141078949,0.1744185984134674,0.24418604373931885,0.19767442345619202,0.151162788271904,0.19767442345619202,0.23255814611911774,0.24418604373931885,0.1744185984134674,0.27906978130340576,0.1860465109348297,0.26744186878204346,0.23255814611911774,0.3604651093482971,0.24418604373931885,0.1627907007932663,0.22093023359775543,0.302325576543808,0.25581395626068115,0.3488371968269348,0.151162788271904,0.3372093141078949,0.26744186878204346,0.2906976640224457,0.3604651093482971,0.3372093141078949,0.3372093141078949,0.4651162922382355,0.3372093141078949,0.3139534890651703,0.27906978130340576,0.44186046719551086,0.39534884691238403,0.41860464215278625,0.4883720874786377,0.5581395626068115,0.43023255467414856,0.5581395626068115,0.5465116500854492,0.5348837375640869,0.6162790656089783,0.604651153087616,0.6627907156944275,0.6511628031730652,0.7441860437393188,0.9418604373931885,0.6860465407371521,0.7209302186965942,0.8255813717842102,0.9069767594337463,0.8023256063461304,0.9651162624359131,0.8023256063461304,0.8023256063461304,0.5465116500854492,0.4651162922382355,0.1744185984134674,0.12790697813034058,0.023255813866853714,0.04651162773370743,0.04651162773370743,0.0,0.04651162773370743,0.04651162773370743,0.023255813866853714,0.12790697813034058,0.1627907007932663,0.45348837971687317,0.5348837375640869,0.8139534592628479,0.7906976938247681,1.0,0.7674418687820435,0.9069767594337463,0.8255813717842102,0.7325581312179565,0.6744186282157898,0.9534883499145508,0.7558139562606812,0.6395348906517029,0.6627907156944275,0.6162790656089783,0.6162790656089783,0.5348837375640869,0.5116279125213623,0.5930232405662537,0.39534884691238403,0.5930232405662537,0.44186046719551086,0.45348837971687317,0.40697672963142395,0.45348837971687317,0.27906978130340576,0.302325576543808,0.3488371968269348,0.45348837971687317,0.302325576543808,0.3604651093482971,0.3720930218696594,0.2906976640224457,0.26744186878204346,0.3372093141078949,0.151162788271904,0.3488371968269348,0.26744186878204346,0.302325576543808,0.22093023359775543,0.1627907007932663,0.24418604373931885,0.3488371968269348,0.24418604373931885,0.26744186878204346,0.1860465109348297,0.26744186878204346,0.1860465109348297,0.20930232107639313,0.25581395626068115,0.20930232107639313,0.151162788271904,0.19767442345619202,0.24418604373931885,0.1627907007932663,0.3488371968269348,0.1744185984134674,0.25581395626068115,0.20930232107639313,0.1627907007932663,0.1627907007932663,0.22093023359775543,0.19767442345619202,0.26744186878204346,0.20930232107639313,0.151162788271904,0.22093023359775543,0.1627907007932663,0.1744185984134674,0.27906978130340576,0.1744185984134674,0.19767442345619202,0.26744186878204346,0.10465116053819656,0.13953489065170288,0.1860465109348297,0.20930232107639313,0.1627907007932663,0.20930232107639313,0.1744185984134674,0.13953489065170288,0.2906976640224457,0.1627907007932663,0.151162788271904,0.1744185984134674,0.27906978130340576,0.20930232107639313,0.1860465109348297,0.1627907007932663,0.11627907305955887,0.151162788271904,0.19767442345619202,0.302325576543808,0.13953489065170288,0.10465116053819656
0.05747126415371895,0.19540229439735413,0.12643678486347198,0.24137930572032928,0.17241379618644714,0.2183908075094223,0.17241379618644714,0.27586206793785095,0.14942528307437897,0.18390804529190063,0.27586206793785095,0.29885056614875793,0.2183908075094223,0.16091954708099365,0.25287356972694397,0.18390804529190063,0.05747126415371895,0.2298850566148758,0.12643678486347198,0.2298850566148758,0.14942528307437897,0.2298850566148758,0.2298850566148758,0.19540229439735413,0.24137930572032928,0.28735631704330444,0.27586206793785095,0.16091954708099365,0.26436781883239746,0.18390804529190063,0.28735631704330444,0.16091954708099365,0.17241379618644714,0.25287356972694397,0.25287356972694397,0.2183908075094223,0.19540229439735413,0.2068965584039688,0.4252873659133911,0.16091954708099365,0.2298850566148758,0.3448275923728943,0.2068965584039688,0.26436781883239746,0.3218390941619873,0.26436781883239746,0.3103448152542114,0.3448275923728943,0.3103448152542114,0.27586206793785095,0.25287356972694397,0.3563218414783478,0.26436781883239746,0.26436781883239746,0.27586206793785095,0.4137931168079376,0.24137930572032928,0.3103448152542114,0.25287356972694397,0.3448275923728943,0.4482758641242981,0.4367816150188446,0.27586206793785095,0.3218390941619873,0.3563218414783478,0.3333333432674408,0.5632184147834778,0.4367816150188446,0.4597701132297516,0.26436781883239746,0.5862069129943848,0.4252873659133911,0.4137931168079376,0.4482758641242981,0.40229883790016174,0.4252873659133911,0.5977011322975159,0.4712643623352051,0.517241358757019,0.4482758641242981,0.4712643623352051,0.7011494040489197,0.5862069129943848,0.8965517282485962,0.5862069129943848,0.6206896305084229,0.7816091775894165,0.8735632300376892,0.8045976758003235,0.6666666865348816,0.7931034564971924,0.977011501789093,0.8505747318267822,0.5862069129943848,0.4367816150188446,0.4137931168079376,0.19540229439735413,0.06896551698446274,0.1149425283074379,0.06896551698446274,0.0,0.06896551698446274,0.1149425283074379,0.05747126415371895,0.19540229439735413,0.4252873659133911,0.4137931168079376,0.5977011322975159,0.8045976758003235,1.0,0.7816091775894165,0.6781609058380127,0.8045976758003235,0.8965517282485962,0.7701149582862854,0.6206896305084229,0.5862069129943848,0.8735632300376892,0.6206896305084229,0.6666666865348816,0.5057471394538879,0.4597701132297516,0.5057471394538879,0.4597701132297516,0.5977011322975159,0.4367816150188446,0.39080458879470825,0.4482758641242981,0.4252873659133911,0.4367816150188446,0.5747126340866089,0.27586206793785095,0.4482758641242981,0.4482758641242981,0.5057471394538879,0.36781609058380127,0.3448275923728943,0.3448275923728943,0.28735631704330444,0.4137931168079376,0.4597701132297516,0.3333333432674408,0.27586206793785095,0.29885056614875793,0.2183908075094223,0.4252873659133911,0.29885056614875793,0.26436781883239746,0.25287356972694397,0.36781609058380127,0.25287356972694397,0.24137930572032928,0.3448275923728943,0.28735631704330444,0.3563218414783478,0.27586206793785095,0.29885056614875793,0.27586206793785095,0.2183908075094223,0.3218390941619873,0.24137930572032928,0.17241379618644714,0.4137931168079376,0.2183908075094223,0.19540229439735413,0.2068965584039688,0.24137930572032928,0.27586206793785095,0.17241379618644714,0.16091954708099365,0.26436781883239746,0.2068965584039688,0.25287356972694397,0.17241379618644714,0.26436781883239746,0.28735631704330444,0.25287356972694397,0.18390804529190063,0.24137930572032928,0.2183908075094223,0.14942528307437897,0.2068965584039688,0.13793103396892548,0.25287356972694397,0.05747126415371895,0.18390804529190063,0.24137930572032928,0.16091954708099365,0.2183908075094223,0.28735631704330444,0.27586206793785095,0.2068965584039688,0.13793103396892548,0.28735631704330444,0.17241379618644714,0.2068965584039688,0.17241379618644714,0.24137930572032928,0.12643678486347198,0.2068965584039688,0.05747126415371895
0.375,0.125,0.25,0.25,0.5,0.5,0.125,0.125,0.25,0.25,0.375,0.75,0.875,0.75,0.0,0.125,0.0,0.125,0.375,0.375,0.375,0.5,0.375,0.5,0.625,0.125,0.25,0.25,0.25,0.25,0.125,0.75,0.5,0.375,0.0,0.375,0.625,0.375,0.0,0.625,0.5,0.375,0.5,0.375,0.375,0.125,0.5,0.125,0.5,0.25,0.25,0.625,0.375,0.25,0.25,0.375,0.0,0.375,0.375,0.0,0.125,0.5,0.25,0.25,0.625,0.25,0.375,0.125,0.375,0.75,0.5,0.5,0.25,0.375,0.625,0.5,0.625,0.125,0.125,0.625,0.625,0.0,0.125,0.375,1.0,0.5,0.875,0.25,0.5,0.25,0.75,1.0,0.625,0.75,0.5,0.875,0.125,0.0,0.0,0.25,0.0,0.25,0.0,0.0,0.125,0.75,0.625,0.75,0.625,0.875,0.875,0.25,0.5,0.25,0.875,0.5,1.0,0.375,0.125,0.0,0.625,0.625,0.125,0.125,0.625,0.5,0.625,0.375,0.25,0.5,0.5,0.75,0.375,0.125,0.375,0.25,0.625,0.25,0.25,0.5,0.125,0.0,0.25,0.5,0.0,0.375,0.25,0.25,0.375,0.5,0.375,0.25,0.5,0.125,0.5,0.125,0.375,0.375,0.375,0.5,0.5,0.625,0.0,0.375,0.625,0.25,0.125,0.375,0.375,0.875,0.125,0.25,0.25,0.25,0.25,0.125,0.625,0.5,0.375,0.5,0.25,0.5,0.375,0.125,0.0,0.125,0.0,0.625,1.0,0.75,0.375,0.25,0.25,0.125,0.125,0.375,0.625,0.25,0.25,0.125,0.375
0.3999768793582916,0.8133594989776611,0.8294233083724976,0.8335837125778198,0.8345082402229309,0.821102499961853,0.8313879370689392,0.8394776582717896,0.8506876230239868,0.8497630953788757,0.8400554656982422,0.846873939037323,0.8586617112159729,0.8498786687850952,0.8361262083053589,0.855079174041748,0.8345082402229309,0.8513810038566589,0.8501098155975342,0.8378596901893616,0.8608574867248535,0.8564659953117371,0.8429446220397949,0.8729920387268066,0.8443314433097839,0.8570438027381897,0.8568126559257507,0.8489541411399841,0.8554258346557617,0.8594707250595093,0.8514965772628784,0.852536678314209,0.8615509271621704,0.8592395782470703,0.8545013070106506,0.8644400835037231,0.8549636006355286,0.8462960720062256,0.8630532622337341,0.855310320854187,0.8493008017539978,0.8683693408966064,0.844100296497345,0.8614353537559509,0.8578527569770813,0.8610886335372925,0.8319658041000366,0.859817385673523,0.8556569814682007,0.869640588760376,0.860973060131073,0.8345082402229309,0.8495319485664368,0.8533456325531006,0.8761123418807983,0.869178295135498,0.8695250153541565,0.8813128471374512,0.8687160611152649,0.8734542727470398,0.8822373747825623,0.8964520692825317,0.8847798705101013,0.8988789916038513,0.895180881023407,0.8762279152870178,0.9081243276596069,0.9041950702667236,0.8992257118225098,0.8942563533782959,0.9025771617889404,0.9122847318649292,0.9136715531349182,0.9209522604942322,0.9377094507217407,0.9508841037750244,0.9471859335899353,0.9622096419334412,0.958742618560791,0.9549289345741272,0.9580492377281189,0.99884432554245,0.9427943825721741,0.9419854283332825,0.9207211136817932,0.8852421045303345,0.8269964456558228,0.8051542639732361,0.7487576603889465,0.6795331239700317,0.6097307205200195,0.5406217575073242,0.47994914650917053,0.39512306451797485,0.3224315345287323,0.2214260995388031,0.129781574010849,0.0776609256863594,0.06194383278489113,0.046573441475629807,0.0,0.04356870427727699,0.06309950351715088,0.07685195654630661,0.12608343362808228,0.2199237197637558,0.31884896755218506,0.390153706073761,0.47116607427597046,0.5410839915275574,0.6125043630599976,0.6810354590415955,0.7478331327438354,0.7966023087501526,0.8332370519638062,0.8776146769523621,0.9222235083580017,0.937362790107727,0.9484571814537048,1.0,0.9610539674758911,0.9522708654403687,0.9572402834892273,0.9630185961723328,0.943487823009491,0.9483416080474854,0.9244192838668823,0.9305443167686462,0.9195654392242432,0.9122847318649292,0.9050040245056152,0.8969143629074097,0.9002658128738403,0.9028082489967346,0.9066219925880432,0.872183084487915,0.8979544639587402,0.902461588382721,0.8859354853630066,0.8964520692825317,0.8776146769523621,0.8774991035461426,0.8635155558586121,0.8771524429321289,0.8653646111488342,0.8739165663719177,0.8811972737312317,0.8558881282806396,0.8494163751602173,0.836819589138031,0.8605108261108398,0.8681381940841675,0.8542702198028564,0.85230553150177,0.8386686444282532,0.8635155558586121,0.859817385673523,0.8605108261108398,0.8416734337806702,0.8703339695930481,0.8456026911735535,0.8497630953788757,0.8587772846221924,0.8508031964302063,0.8618975877761841,0.8655957579612732,0.8551947474479675,0.8613197803497314,0.8632844090461731,0.8484918475151062,0.8510343432426453,0.8519588708877563,0.8639777898788452,0.8479140400886536,0.8572749495506287,0.8555414080619812,0.8431757688522339,0.8750722408294678,0.8408644199371338,0.8533456325531006,0.8494163751602173,0.8489541411399841,0.855310320854187,0.853923499584198,0.830001175403595,0.8603952527046204,0.8348549604415894,0.8511499166488647,0.8526522517204285,0.8461804986000061,0.8432913422584534,0.8508031964302063,0.85230553150177,0.836588442325592,0.8326591849327087,0.8228359818458557,0.8318502306938171,0.8244539499282837,0.830001175403595,0.8176354765892029,0.43164220452308655
0.5,0.0,0.25,0.0,0.0,0.0,0.25,0.0,0.0,0.25,0.0,0.0,0.0,0.0,0.0,0.0,0.0,0.0,0.0,0.5,0.0,0.25,0.0,0.0,0.5,0.0,0.0,0.25,0.0,0.0,0.0,0.0,0.0,0.25,0.0,0.25,0.25,0.0,0.0,0.5,0.25,0.0,0.75,0.0,0.0,0.25,0.25,0.25,0.25,0.5,0.0,0.25,0.5,0.0,0.0,0.0,0.0,0.5,0.5,0.25,0.25,0.5,0.75,0.5,0.25,0.0,0.25,0.25,0.0,0.0,0.5,0.25,0.25,0.25,1.0,0.25,0.5,0.75,0.0,0.0,0.75,0.25,0.25,0.25,0.0,0.0,0.5,0.25,0.5,0.0,0.0,0.0,0.25,0.0,0.0,0.0,0.0,0.0,0.0,0.0,0.0,0.0,0.0,0.0,0.0,0.0,0.0,0.0,0.25,0.0,0.0,0.0,0.5,0.25,0.5,0.0,0.0,0.25,0.25,0.25,0.75,0.0,0.0,0.75,0.5,0.25,1.0,0.25,0.25,0.25,0.5,0.0,0.0,0.25,0.25,0.0,0.25,0.5,0.75,0.5,0.25,0.25,0.5,0.25,0.25,0.0,0.0,0.0,0.5,0.25,0.0,0.5,0.25,0.25,0.25,0.25,0.0,0.0,0.75,0.0,0.25,0.5,0.0,0.0,0.25,0.25,0.0,0.25,0.0,0.0,0.0,0.0,0.0,0.25,0.0,0.0,0.5,0.0,0.0,0.25,0.0,0.5,0.0,0.0,0.0,0.0,0.0,0.0,0.0,0.0,0.0,0.25,0.0,0.0,0.25,0.0,0.0,0.0,0.25,0.0,0.5
0.3333333432674408,0.6388888955116272,0.5092592835426331,0.5648148059844971,0.5370370149612427,0.4444444477558136,0.43518519401550293,0.6203703880310059,0.6296296119689941,0.4722222089767456,0.42592594027519226,0.43518519401550293,0.5555555820465088,0.37037035822868347,0.5555555820465088,0.5092592835426331,0.49074074625968933,0.5925925970077515,0.5370370149612427,0.4722222089767456,0.5740740895271301,0.39814814925193787,0.4722222089767456,0.4722222089767456,0.5,0.46296295523643494,0.5092592835426331,0.5462962985038757,0.6111111044883728,0.45370370149612427,0.5833333134651184,0.37962964177131653,0.5370370149612427,0.43518519401550293,0.5555555820465088,0.5370370149612427,0.5277777910232544,0.35185185074806213,0.5370370149612427,0.5555555820465088,0.6111111044883728,0.48148149251937866,0.40740740299224854,0.5833333134651184,0.49074074625968933,0.6666666865348816,0.49074074625968933,0.6203703880310059,0.6481481194496155,0.6296296119689941,0.5277777910232544,0.5277777910232544,0.5370370149612427,0.48148149251937866,0.5370370149612427,0.5462962985038757,0.5,0.6388888955116272,0.6388888955116272,0.6018518805503845,0.6111111044883728,0.5277777910232544,0.5462962985038757,0.5648148059844971,0.6481481194496155,0.6388888955116272,0.6018518805503845,0.5925925970077515,0.6296296119689941,0.6944444179534912,0.75,0.7407407164573669,0.75,0.8055555820465088,0.6388888955116272,0.7870370149612427,0.75,0.7685185074806213,0.7314814925193787,0.9907407164573669,0.9259259104728699,0.8518518805503845,0.8888888955116272,0.9074074029922485,0.8148148059844971,0.8611111044883728,0.7314814925193787,0.7407407164573669,0.7037037014961243,0.6481481194496155,0.48148149251937866,0.48148149251937866,0.34259259700775146,0.1388888955116272,0.0833333358168602,0.046296294778585434,0.03703703731298447,0.0555555559694767,0.07407407462596893,0.009259259328246117,0.0,0.009259259328246117,0.07407407462596893,0.0555555559694767,0.03703703731298447,0.046296294778585434,0.0833333358168602,0.12962962687015533,0.3333333432674408,0.48148149251937866,0.49074074625968933,0.6481481194496155,0.7037037014961243,0.7222222089767456,0.7314814925193787,0.8611111044883728,0.8055555820465088,0.9074074029922485,0.8888888955116272,0.8796296119689941,0.9166666865348816,1.0,0.6944444179534912,0.7962962985038757,0.75,0.7407407164573669,0.6851851940155029,0.7407407164573669,0.8055555820465088,0.7407407164573669,0.7407407164573669,0.7129629850387573,0.6111111044883728,0.6296296119689941,0.5648148059844971,0.6574074029922485,0.6018518805503845,0.5925925970077515,0.5648148059844971,0.5277777910232544,0.5740740895271301,0.6574074029922485,0.6203703880310059,0.6388888955116272,0.48148149251937866,0.5648148059844971,0.5555555820465088,0.45370370149612427,0.5555555820465088,0.5277777910232544,0.5277777910232544,0.6388888955116272,0.6203703880310059,0.6111111044883728,0.5277777910232544,0.6481481194496155,0.49074074625968933,0.5925925970077515,0.3888888955116272,0.49074074625968933,0.6203703880310059,0.5370370149612427,0.5370370149612427,0.3611111044883728,0.5277777910232544,0.5462962985038757,0.5370370149612427,0.45370370149612427,0.5185185074806213,0.40740740299224854,0.5462962985038757,0.48148149251937866,0.6111111044883728,0.5462962985038757,0.5,0.45370370149612427,0.5092592835426331,0.49074074625968933,0.46296295523643494,0.40740740299224854,0.5370370149612427,0.5,0.5370370149612427,0.5925925970077515,0.48148149251937866,0.5092592835426331,0.5370370149612427,0.39814814925193787,0.5555555820465088,0.42592594027519226,0.43518519401550293,0.46296295523643494,0.6296296119689941,0.6203703880310059,0.45370370149612427,0.4444444477558136,0.5277777910232544,0.5648148059844971,0.49074074625968933,0.6574074029922485,0.34259259700775146
0.15217390656471252,0.21739129722118378,0.32608696818351746,0.30434781312942505,0.21739129722118378,0.19565217196941376,0.28260868787765503,0.32608696818351746,0.3695652186870575,0.3478260934352875,0.28260868787765503,0.43478259444236755,0.3478260934352875,0.43478259444236755,0.32608696818351746,0.3478260934352875,0.32608696818351746,0.17391304671764374,0.30434781312942505,0.3695652186870575,0.19565217196941376,0.3913043439388275,0.3478260934352875,0.45652174949645996,0.45652174949645996,0.19565217196941376,0.260869562625885,0.45652174949645996,0.43478259444236755,0.32608696818351746,0.30434781312942505,0.21739129722118378,0.5652173757553101,0.3913043439388275,0.3913043439388275,0.3478260934352875,0.3913043439388275,0.239130437374115,0.41304346919059753,0.41304346919059753,0.43478259444236755,0.3913043439388275,0.3478260934352875,0.3478260934352875,0.43478259444236755,0.3695652186870575,0.3913043439388275,0.21739129722118378,0.3695652186870575,0.32608696818351746,0.3478260934352875,0.3913043439388275,0.32608696818351746,0.47826087474823,0.47826087474823,0.43478259444236755,0.41304346919059753,0.47826087474823,0.260869562625885,0.52173912525177,0.45652174949645996,0.30434781312942505,0.5869565010070801,0.695652186870575,0.5,0.6086956262588501,0.47826087474823,0.6304348111152649,0.6086956262588501,0.695652186870575,0.43478259444236755,0.3913043439388275,0.6739130616188049,0.717391312122345,0.54347825050354,0.52173912525177,0.52173912525177,0.695652186870575,0.760869562625885,0.9130434989929199,0.6086956262588501,0.9347826242446899,0.760869562625885,0.760869562625885,0.760869562625885,0.695652186870575,0.695652186870575,0.45652174949645996,0.6086956262588501,0.47826087474823,0.43478259444236755,0.15217390656471252,0.10869564861059189,0.10869564861059189,0.043478261679410934,0.10869564861059189,0.021739130839705467,0.043478261679410934,0.10869564861059189,0.043478261679410934,0.0,0.043478261679410934,0.10869564861059189,0.043478261679410934,0.021739130839705467,0.10869564861059189,0.043478261679410934,0.10869564861059189,0.08695652335882187,0.1304347813129425,0.45652174949645996,0.45652174949645996,0.6521739363670349,0.45652174949645996,0.695652186870575,0.6739130616188049,0.760869562625885,0.782608687877655,0.6739130616188049,1.0,0.6304348111152649,0.8695651888847351,0.760869562625885,0.739130437374115,0.5,0.52173912525177,0.5652173757553101,0.6521739363670349,0.739130437374115,0.3695652186870575,0.45652174949645996,0.6739130616188049,0.6086956262588501,0.6304348111152649,0.45652174949645996,0.6304348111152649,0.5,0.695652186870575,0.6086956262588501,0.260869562625885,0.47826087474823,0.52173912525177,0.28260868787765503,0.45652174949645996,0.41304346919059753,0.43478259444236755,0.5,0.45652174949645996,0.3478260934352875,0.32608696818351746,0.41304346919059753,0.30434781312942505,0.3913043439388275,0.21739129722118378,0.3695652186870575,0.3695652186870575,0.43478259444236755,0.3695652186870575,0.32608696818351746,0.41304346919059753,0.3913043439388275,0.43478259444236755,0.3478260934352875,0.32608696818351746,0.3913043439388275,0.32608696818351746,0.41304346919059753,0.3695652186870575,0.52173912525177,0.28260868787765503,0.30434781312942505,0.30434781312942505,0.45652174949645996,0.41304346919059753,0.28260868787765503,0.21739129722118378,0.45652174949645996,0.43478259444236755,0.3478260934352875,0.41304346919059753,0.17391304671764374,0.3695652186870575,0.30434781312942505,0.19565217196941376,0.32608696818351746,0.32608696818351746,0.3478260934352875,0.43478259444236755,0.3478260934352875,0.41304346919059753,0.30434781312942505,0.3478260934352875,0.3695652186870575,0.30434781312942505,0.28260868787765503,0.19565217196941376,0.21739129722118378,0.30434781312942505,0.3478260934352875,0.19565217196941376,0.17391304671764374
0.1145833358168602,0.15625,0.1979166716337204,0.1927083283662796,0.2708333432674408,0.2395833283662796,0.2291666716337204,0.25,0.2291666716337204,0.28125,0.25,0.3072916567325592,0.25,0.3333333432674408,0.25,0.2395833283662796,0.2760416567325592,0.25,0.265625,0.2708333432674408,0.3645833432674408,0.25,0.28125,0.3072916567325592,0.3333333432674408,0.3229166567325592,0.2447916716337204,0.328125,0.3333333432674408,0.2135416716337204,0.25,0.375,0.3177083432674408,0.34375,0.328125,0.296875,0.3177083432674408,0.3072916567325592,0.3229166567325592,0.28125,0.3697916567325592,0.34375,0.34375,0.3072916567325592,0.3645833432674408,0.34375,0.3020833432674408,0.4270833432674408,0.3854166567325592,0.4010416567325592,0.3020833432674408,0.40625,0.4270833432674408,0.3802083432674408,0.390625,0.4270833432674408,0.3802083432674408,0.40625,0.421875,0.421875,0.4427083432674408,0.5104166865348816,0.4583333432674408,0.4739583432674408,0.4947916567325592,0.5416666865348816,0.4947916567325592,0.53125,0.5989583134651184,0.5364583134651184,0.6197916865348816,0.6197916865348816,0.5416666865348816,0.6145833134651184,0.625,0.6197916865348816,0.5572916865348816,0.75,0.78125,0.8489583134651184,0.71875,0.75,0.8697916865348816,0.8229166865348816,0.8854166865348816,1.0,0.8177083134651184,0.875,0.9166666865348816,0.8125,0.7395833134651184,0.6822916865348816,0.46875,0.40625,0.3489583432674408,0.15625,0.0625,0.0572916679084301,0.02083333395421505,0.010416666977107525,0.0,0.010416666977107525,0.02083333395421505,0.0572916679084301,0.0572916679084301,0.1510416716337204,0.3541666567325592,0.390625,0.46875,0.6822916865348816,0.7291666865348816,0.8229166865348816,0.90625,0.8541666865348816,0.859375,0.9947916865348816,0.8958333134651184,0.796875,0.875,0.75,0.7291666865348816,0.8333333134651184,0.7864583134651184,0.75,0.5625,0.6354166865348816,0.5833333134651184,0.65625,0.53125,0.625,0.625,0.5260416865348816,0.609375,0.515625,0.484375,0.546875,0.5052083134651184,0.46875,0.4583333432674408,0.5104166865348816,0.453125,0.4166666567325592,0.4010416567325592,0.4375,0.3645833432674408,0.4322916567325592,0.3958333432674408,0.3802083432674408,0.4114583432674408,0.4114583432674408,0.3125,0.3802083432674408,0.4114583432674408,0.40625,0.3229166567325592,0.3229166567325592,0.375,0.3177083432674408,0.34375,0.3333333432674408,0.3645833432674408,0.28125,0.3385416567325592,0.3020833432674408,0.3125,0.3072916567325592,0.3177083432674408,0.3489583432674408,0.3177083432674408,0.3802083432674408,0.2395833283662796,0.2083333283662796,0.3541666567325592,0.3229166567325592,0.234375,0.3333333432674408,0.3333333432674408,0.2916666567325592,0.2916666567325592,0.25,0.375,0.2708333432674408,0.25,0.25,0.2708333432674408,0.2447916716337204,0.2604166567325592,0.328125,0.2447916716337204,0.3072916567325592,0.2604166567325592,0.2760416567325592,0.2395833283662796,0.2447916716337204,0.2291666716337204,0.2395833283662796,0.2604166567325592,0.1979166716337204,0.1979166716337204,0.15625,0.125
0.3890015780925751,0.8070768713951111,0.8305160999298096,0.8187964558601379,0.8151904344558716,0.8237547874450684,0.8192472457885742,0.8242055177688599,0.7989632487297058,0.8163173198699951,0.8411088585853577,0.8302907347679138,0.8235294222831726,0.842461109161377,0.8253324031829834,0.8494478464126587,0.8517016172409058,0.8359251618385315,0.8260085582733154,0.8269100785255432,0.834798276424408,0.8379535675048828,0.8510254621505737,0.8460671901702881,0.8352490663528442,0.8586882948875427,0.8264593482017517,0.8260085582733154,0.8334460258483887,0.8503493070602417,0.8228532671928406,0.8205994963645935,0.8248816728591919,0.8399819731712341,0.8435879945755005,0.8411088585853577,0.8408834934234619,0.8350236415863037,0.8521523475646973,0.8517016172409058,0.8467432856559753,0.8113590478897095,0.85147625207901,0.8183457255363464,0.8088798522949219,0.8517016172409058,0.8528285026550293,0.8505747318267822,0.8282623291015625,0.8316429853439331,0.8205994963645935,0.8415595889091492,0.8465179204940796,0.8215010166168213,0.8444895148277283,0.827811598777771,0.8773946166038513,0.8444895148277283,0.8571106791496277,0.8451656699180603,0.8593644499778748,0.8616182208061218,0.8582375645637512,0.8625197410583496,0.8456164002418518,0.8767185211181641,0.8699571490287781,0.8884381055831909,0.868379533290863,0.8929457068443298,0.8933964371681213,0.8976786136627197,0.9019607901573181,0.9193148612976074,0.9071444869041443,0.9012846350669861,0.9420779943466187,0.9510930776596069,0.9332882761955261,0.9655172228813171,0.9648411273956299,0.998422384262085,0.9522199630737305,0.9713770747184753,0.9826459288597107,0.9465855360031128,0.9224701523780823,0.9017354249954224,0.8665764927864075,0.8402073383331299,0.8212756514549255,0.7511832118034363,0.6646382808685303,0.5810232162475586,0.4834347665309906,0.3520396649837494,0.24543610215187073,0.20599503815174103,0.19269776344299316,0.13432499766349792,0.0,0.12823979556560516,0.1895424872636795,0.20982645452022552,0.2443092167377472,0.3443768322467804,0.4818571209907532,0.5720081329345703,0.657200813293457,0.7484787106513977,0.8275862336158752,0.8366013169288635,0.8679288029670715,0.9033130407333374,0.9256254434585571,0.9490646719932556,0.9774622321128845,0.9697993993759155,0.9495154619216919,1.0,0.9704755544662476,0.9623619318008423,0.9305837154388428,0.9522199630737305,0.9434302449226379,0.9001577496528625,0.8951994776725769,0.9215686321258545,0.9130042791366577,0.8979039788246155,0.8972278833389282,0.8850574493408203,0.8717601895332336,0.8875366449356079,0.8704079389572144,0.8722109794616699,0.8519269824028015,0.8659003973007202,0.8566598892211914,0.8627451062202454,0.8568852543830872,0.8480955362319946,0.8498985767364502,0.8460671901702881,0.860040545463562,0.8471940755844116,0.8379535675048828,0.8266847133636475,0.8469686508178711,0.8465179204940796,0.8187964558601379,0.8307414650917053,0.829389214515686,0.8435879945755005,0.8577867746353149,0.8537300229072571,0.8113590478897095,0.8104575276374817,0.8537300229072571,0.8131620287895203,0.8442641496658325,0.8438133597373962,0.8440387845039368,0.8510254621505737,0.8415595889091492,0.844714879989624,0.8422357439994812,0.8411088585853577,0.8242055177688599,0.8239801526069641,0.8212756514549255,0.8451656699180603,0.837052047252655,0.8298400044441223,0.8257831931114197,0.8568852543830872,0.8361505270004272,0.8422357439994812,0.8521523475646973,0.8329952955245972,0.8273608088493347,0.8359251618385315,0.8273608088493347,0.8377282023429871,0.8544061183929443,0.8467432856559753,0.827811598777771,0.8379535675048828,0.8273608088493347,0.8239801526069641,0.8444895148277283,0.8190218806266785,0.8068514466285706,0.8129366636276245,0.8255578279495239,0.81947261095047,0.8131620287895203,0.8115844130516052,0.8320937752723694,0.8122605085372925,0.4180752635002136
0.45049506425857544,0.7920792102813721,0.7772276997566223,0.9603960514068604,0.9257425665855408,0.8267326951026917,0.8564356565475464,0.8514851331710815,0.7970296740531921,0.7673267126083374,0.8861386179924011,0.8168317079544067,0.8118811845779419,0.8465346693992615,0.8762376308441162,0.7673267126083374,0.7029703259468079,0.7970296740531921,0.9504950642585754,0.7574257254600525,0.8465346693992615,0.7772276997566223,0.8118811845779419,0.8168317079544067,0.8712871074676514,0.801980197429657,0.7772276997566223,0.7772276997566223,0.7821782231330872,0.8217821717262268,0.7425742745399475,0.7079207897186279,0.8316831588745117,0.6782178282737732,0.7722772359848022,0.9108911156654358,0.7376237511634827,0.7326732873916626,0.801980197429657,0.698019802570343,0.6435643434524536,0.8217821717262268,0.7079207897186279,0.7722772359848022,0.7079207897186279,0.7277227640151978,0.8910890817642212,0.7326732873916626,0.7871286869049072,0.7574257254600525,0.7722772359848022,0.7227723002433777,0.7920792102813721,0.5990098714828491,0.7277227640151978,0.6237623691558838,0.6435643434524536,0.7772276997566223,0.7920792102813721,0.7326732873916626,0.7821782231330872,0.7623762488365173,0.7425742745399475,0.7821782231330872,0.7673267126083374,0.7821782231330872,0.7425742745399475,0.7524752616882324,0.8217821717262268,0.8415841460227966,0.8217821717262268,0.7376237511634827,0.8910890817642212,0.9851484894752502,0.8267326951026917,0.9108911156654358,0.8712871074676514,0.7722772359848022,0.7475247383117676,0.9207921028137207,0.9009901285171509,0.7871286869049072,0.8069307208061218,0.6881188154220581,0.6584158539772034,0.5148515105247498,0.4356435537338257,0.301980197429657,0.24752475321292877,0.21782177686691284,0.07920791953802109,0.08415841311216354,0.024752475321292877,0.019801979884505272,0.009900989942252636,0.0,0.0,0.0,0.0,0.0,0.0,0.0,0.0,0.0,0.0,0.0,0.009900989942252636,0.019801979884505272,0.024752475321292877,0.08415841311216354,0.07920791953802109,0.19801980257034302,0.2673267424106598,0.2970297038555145,0.42574256658554077,0.5148515105247498,0.6732673048973083,0.6534653306007385,0.8217821717262268,0.7722772359848022,0.9356435537338257,0.8712871074676514,0.7673267126083374,0.7821782231330872,0.8663366436958313,0.9108911156654358,0.8118811845779419,1.0,0.9009901285171509,0.7277227640151978,0.8168317079544067,0.8465346693992615,0.8118811845779419,0.7623762488365173,0.7524752616882324,0.7821782231330872,0.7623762488365173,0.7821782231330872,0.7376237511634827,0.7475247383117676,0.8069307208061218,0.7178217768669128,0.7772276997566223,0.7970296740531921,0.6435643434524536,0.6287128925323486,0.7128713130950928,0.603960394859314,0.7871286869049072,0.7376237511634827,0.7722772359848022,0.7673267126083374,0.7821782231330872,0.7079207897186279,0.905940592288971,0.7376237511634827,0.7079207897186279,0.7475247383117676,0.7227723002433777,0.8217821717262268,0.6584158539772034,0.6831682920455933,0.7722772359848022,0.7574257254600525,0.7574257254600525,0.9009901285171509,0.7673267126083374,0.6831682920455933,0.8168317079544067,0.7326732873916626,0.7326732873916626,0.8217821717262268,0.7871286869049072,0.7623762488365173,0.7821782231330872,0.8168317079544067,0.8564356565475464,0.8168317079544067,0.801980197429657,0.7722772359848022,0.8465346693992615,0.7673267126083374,0.9603960514068604,0.7772276997566223,0.7277227640151978,0.7673267126083374,0.8712871074676514,0.8366336822509766,0.8069307208061218,0.8267326951026917,0.8910890817642212,0.7574257254600525,0.8118811845779419,0.8465346693992615,0.8564356565475464,0.801980197429657,0.9504950642585754,0.9405940771102905,0.7970296740531921,0.7821782231330872,0.4801980257034302
0.1375921368598938,0.31449630856513977,0.3169533312320709,0.28501227498054504,0.2751842737197876,0.3046683073043823,0.26044225692749023,0.3169533312320709,0.3046683073043823,0.3513513505458832,0.27764126658439636,0.28501227498054504,0.3390663266181946,0.25798526406288147,0.2997542917728424,0.2948403060436249,0.3046683073043823,0.35380834341049194,0.3316953182220459,0.2997542917728424,0.29729729890823364,0.31449630856513977,0.3194103240966797,0.3071253001689911,0.28992629051208496,0.32186731696128845,0.27764126658439636,0.3194103240966797,0.33415234088897705,0.3808353841304779,0.34152334928512573,0.32186731696128845,0.34152334928512573,0.32923832535743713,0.35380834341049194,0.35380834341049194,0.39803439378738403,0.34152334928512573,0.3685503602027893,0.3366093337535858,0.3808353841304779,0.32678133249282837,0.3734643757343292,0.3808353841304779,0.3071253001689911,0.4127764105796814,0.3882063925266266,0.4054054021835327,0.35872235894203186,0.42506143450737,0.4004913866519928,0.47911548614501953,0.4054054021835327,0.42506143450737,0.43980345129966736,0.4201474189758301,0.42751842737197876,0.4422604441642761,0.5282555222511292,0.4766584634780884,0.5184274911880493,0.5085995197296143,0.4987714886665344,0.5085995197296143,0.5159705281257629,0.6191646456718445,0.5798525810241699,0.5872235894203186,0.5749385952949524,0.5970516204833984,0.6314496397972107,0.6289926171302795,0.6609336733818054,0.6486486196517944,0.6855036616325378,0.7493857741355896,0.7420147657394409,0.7592137455940247,0.7764127850532532,0.8452088236808777,0.8796069025993347,0.8427518606185913,0.8820638656616211,0.936117947101593,0.8894348740577698,0.9950860142707825,0.9975429773330688,0.9312039017677307,1.0,0.8648648858070374,0.9729729890823364,0.8550368547439575,0.837837815284729,0.6584766507148743,0.39066338539123535,0.19164618849754333,0.0687960684299469,0.10073710232973099,0.10073710232973099,0.04668304696679115,0.0,0.04668304696679115,0.09828009456396103,0.10319410264492035,0.06633906811475754,0.1744471788406372,0.3882063925266266,0.6584766507148743,0.8402948379516602,0.8181818127632141,0.9950860142707825,0.8697788715362549,1.0,0.936117947101593,0.9803439974784851,0.9950860142707825,0.8992629051208496,0.9164619445800781,0.9090909361839294,0.85012286901474,0.872235894203186,0.85012286901474,0.764127790927887,0.7567567825317383,0.7592137455940247,0.7321867346763611,0.6830466985702515,0.6511056423187256,0.6707616448402405,0.6388206481933594,0.624078631401062,0.601965606212616,0.5724815726280212,0.5921375751495361,0.5675675868988037,0.6339066624641418,0.5085995197296143,0.5159705281257629,0.4987714886665344,0.5085995197296143,0.503685474395752,0.49631449580192566,0.5135135054588318,0.45208844542503357,0.41523340344429016,0.4324324429035187,0.4299754202365875,0.4373464286327362,0.4004913866519928,0.4815724790096283,0.3931203782558441,0.42751842737197876,0.3611793518066406,0.41031941771507263,0.38329237699508667,0.4176904261112213,0.31449630856513977,0.3611793518066406,0.37837839126586914,0.3316953182220459,0.37837839126586914,0.3316953182220459,0.3734643757343292,0.3488943576812744,0.39557740092277527,0.3439803421497345,0.36609336733818054,0.33415234088897705,0.32186731696128845,0.34152334928512573,0.32678133249282837,0.38329237699508667,0.3390663266181946,0.3243243098258972,0.27764126658439636,0.3194103240966797,0.2800982892513275,0.3194103240966797,0.312039315700531,0.3194103240966797,0.29729729890823364,0.2948403060436249,0.3390663266181946,0.3488943576812744,0.3046683073043823,0.29729729890823364,0.29729729890823364,0.262899249792099,0.32923832535743713,0.27272728085517883,0.29729729890823364,0.3488943576812744,0.3046683073043823,0.30958232283592224,0.27272728085517883,0.30958232283592224,0.26044225692749023,0.28501227498054504,0.3194103240966797,0.3194103240966797,0.14496314525604248
0.10460250824689865,0.1589958220720291,0.142259418964386,0.13389120995998383,0.14644351601600647,0.17991632223129272,0.1171548143029213,0.1882845163345337,0.1171548143029213,0.15062761306762695,0.17573221027851105,0.19246861338615417,0.15062761306762695,0.15481171011924744,0.1380753070116043,0.1380753070116043,0.13389120995998383,0.14644351601600647,0.13389120995998383,0.1380753070116043,0.1841004192829132,0.17991632223129272,0.1841004192829132,0.142259418964386,0.21338912844657898,0.17991632223129272,0.1882845163345337,0.1380753070116043,0.2301255166530609,0.17573221027851105,0.17154811322689056,0.2092050164937973,0.20083682239055634,0.1631799191236496,0.22594141960144043,0.1882845163345337,0.1589958220720291,0.19246861338615417,0.21757322549819946,0.19246861338615417,0.19246861338615417,0.19665272533893585,0.2343096286058426,0.1882845163345337,0.24686191976070404,0.23849372565746307,0.22594141960144043,0.24686191976070404,0.29288703203201294,0.27196651697158813,0.26778241991996765,0.3221757411956787,0.2510460317134857,0.2970711290836334,0.26359832286834717,0.3179916441440582,0.2803347408771515,0.3221757411956787,0.27196651697158813,0.35564854741096497,0.33891212940216064,0.3514644205570221,0.3305439352989197,0.3472803235054016,0.3682008385658264,0.33891212940216064,0.3891213536262512,0.4184100329875946,0.5313807725906372,0.4937238395214081,0.4393305480480194,0.40167364478111267,0.5271966457366943,0.5188284516334534,0.4895397424697876,0.4435146450996399,0.5648535490036011,0.6025104522705078,0.573221743106842,0.6066945791244507,0.5648535490036011,0.6778242588043213,0.6987447738647461,0.6359832882881165,0.8075313568115234,0.7447698712348938,0.849372386932373,0.9958158731460571,0.8702929019927979,0.8284518718719482,0.866108775138855,0.857740581035614,0.8033472895622253,0.7740585803985596,0.5062761306762695,0.27196651697158813,0.06276150792837143,0.02092050202190876,0.016736401244997978,0.012552301399409771,0.0,0.012552301399409771,0.016736401244997978,0.02092050202190876,0.054393306374549866,0.26778241991996765,0.5104602575302124,0.7573221921920776,0.7782427072525024,0.8619247078895569,0.8786610960960388,0.849372386932373,0.849372386932373,1.0,0.8535565137863159,0.7447698712348938,0.8200836777687073,0.6234309673309326,0.6903765797615051,0.6861924529075623,0.5648535490036011,0.6234309673309326,0.569037675857544,0.589958131313324,0.5481171607971191,0.4853556454181671,0.4602510333061218,0.5062761306762695,0.5439330339431763,0.4184100329875946,0.4435146450996399,0.48117154836654663,0.5439330339431763,0.40585774183273315,0.38075312972068787,0.3514644205570221,0.3723849356174469,0.34309622645378113,0.33891212940216064,0.3514644205570221,0.3305439352989197,0.36401674151420593,0.27196651697158813,0.3221757411956787,0.26778241991996765,0.3305439352989197,0.26359832286834717,0.29288703203201294,0.24686191976070404,0.3263598382472992,0.27196651697158813,0.26778241991996765,0.28870293498039246,0.24267782270908356,0.2343096286058426,0.2343096286058426,0.2510460317134857,0.19665272533893585,0.2301255166530609,0.19665272533893585,0.1882845163345337,0.19246861338615417,0.2092050164937973,0.2092050164937973,0.15481171011924744,0.1882845163345337,0.21757322549819946,0.15481171011924744,0.22175732254981995,0.19246861338615417,0.17991632223129272,0.17991632223129272,0.2301255166530609,0.1380753070116043,0.1882845163345337,0.17991632223129272,0.21338912844657898,0.1380753070116043,0.17991632223129272,0.1882845163345337,0.1841004192829132,0.142259418964386,0.12970711290836334,0.1380753070116043,0.14644351601600647,0.12970711290836334,0.142259418964386,0.15481171011924744,0.14644351601600647,0.1841004192829132,0.1841004192829132,0.1589958220720291,0.11297070980072021,0.19246861338615417,0.11297070980072021,0.17573221027851105,0.14644351601600647,0.142259418964386,0.12970711290836334,0.16736401617527008,0.10878661274909973
0.07284767925739288,0.14569535851478577,0.0794702023267746,0.15231788158416748,0.09271523356437683,0.16556291282176971,0.0794702023267746,0.10596026480197906,0.15231788158416748,0.08609271794557571,0.125827819108963,0.17218543589115143,0.125827819108963,0.11258278042078018,0.09271523356437683,0.15231788158416748,0.0794702023267746,0.1192052960395813,0.125827819108963,0.17218543589115143,0.13245032727718353,0.11258278042078018,0.1192052960395813,0.20529800653457642,0.14569535851478577,0.17880794405937195,0.10596026480197906,0.13907285034656525,0.11258278042078018,0.13245032727718353,0.14569535851478577,0.15231788158416748,0.18543046712875366,0.13907285034656525,0.14569535851478577,0.14569535851478577,0.19205297529697418,0.17880794405937195,0.1589404046535492,0.21854305267333984,0.17880794405937195,0.11258278042078018,0.18543046712875366,0.14569535851478577,0.14569535851478577,0.1986754983663559,0.14569535851478577,0.20529800653457642,0.20529800653457642,0.16556291282176971,0.1986754983663559,0.17218543589115143,0.19205297529697418,0.20529800653457642,0.14569535851478577,0.18543046712875366,0.1986754983663559,0.14569535851478577,0.2450331151485443,0.2847682237625122,0.2384105920791626,0.25827813148498535,0.29139071702957153,0.25827813148498535,0.26490065455436707,0.2715231776237488,0.251655638217926,0.38410595059394836,0.25827813148498535,0.26490065455436707,0.2450331151485443,0.33774834871292114,0.3708609342575073,0.33112582564353943,0.3245033025741577,0.3642384111881256,0.33112582564353943,0.4039735198020935,0.443708598613739,0.41721853613853455,0.5364238619804382,0.4834437072277069,0.5761589407920837,0.5298013091087341,0.5894039869308472,0.5430463552474976,0.6357616186141968,0.5496688485145569,0.5695364475250244,0.7880794405937195,0.8278145790100098,0.9933775067329407,0.8543046116828918,1.0,0.8278145790100098,0.6225165724754333,0.26490065455436707,0.01986755058169365,0.026490066200494766,0.0,0.0,0.0,0.026490066200494766,0.01986755058169365,0.26490065455436707,0.5960264801979065,0.8410596251487732,0.9735099077224731,0.8675496578216553,0.9933775067329407,0.8211920261383057,0.8013244867324829,0.5695364475250244,0.556291401386261,0.6423841118812561,0.5364238619804382,0.5894039869308472,0.5298013091087341,0.556291401386261,0.5099337697029114,0.5231788158416748,0.42384105920791626,0.42384105920791626,0.430463582277298,0.3245033025741577,0.3642384111881256,0.3245033025741577,0.3245033025741577,0.37748345732688904,0.3178808093070984,0.2781457006931305,0.26490065455436707,0.2450331151485443,0.37748345732688904,0.25827813148498535,0.2781457006931305,0.26490065455436707,0.25827813148498535,0.2715231776237488,0.2847682237625122,0.22516556084156036,0.2781457006931305,0.26490065455436707,0.13907285034656525,0.1986754983663559,0.18543046712875366,0.15231788158416748,0.19205297529697418,0.20529800653457642,0.17218543589115143,0.19205297529697418,0.16556291282176971,0.20529800653457642,0.21192052960395813,0.125827819108963,0.1986754983663559,0.16556291282176971,0.13907285034656525,0.18543046712875366,0.11258278042078018,0.18543046712875366,0.21192052960395813,0.15231788158416748,0.19205297529697418,0.19205297529697418,0.14569535851478577,0.14569535851478577,0.125827819108963,0.17880794405937195,0.17218543589115143,0.13245032727718353,0.14569535851478577,0.09933774918317795,0.15231788158416748,0.10596026480197906,0.17880794405937195,0.13245032727718353,0.20529800653457642,0.13245032727718353,0.09933774918317795,0.14569535851478577,0.17218543589115143,0.11258278042078018,0.13245032727718353,0.0794702023267746,0.15231788158416748,0.09271523356437683,0.11258278042078018,0.125827819108963,0.1589404046535492,0.13245032727718353,0.09271523356437683,0.15231788158416748,0.10596026480197906,0.0794702023267746,0.16556291282176971,0.09271523356437683,0.15231788158416748,0.0794702023267746,0.14569535851478577,0.07284767925739288
0.1808510571718216,0.5,0.40425533056259155,0.5,0.28723403811454773,0.40425533056259155,0.43617022037506104,0.42553192377090454,0.3723404109477997,0.457446813583374,0.3723404109477997,0.4680851101875305,0.39361703395843506,0.44680851697921753,0.4680851101875305,0.38297873735427856,0.457446813583374,0.563829779624939,0.3297872245311737,0.43617022037506104,0.5319148898124695,0.542553186416626,0.43617022037506104,0.38297873735427856,0.585106372833252,0.2978723347187042,0.5106382966041565,0.39361703395843506,0.39361703395843506,0.5531914830207825,0.457446813583374,0.5,0.40425533056259155,0.6063829660415649,0.40425533056259155,0.43617022037506104,0.563829779624939,0.4680851101875305,0.39361703395843506,0.5,0.43617022037506104,0.38297873735427856,0.4893617033958435,0.478723406791687,0.40425533056259155,0.5319148898124695,0.5744680762290955,0.478723406791687,0.38297873735427856,0.5319148898124695,0.4680851101875305,0.6170212626457214,0.6063829660415649,0.478723406791687,0.5319148898124695,0.563829779624939,0.585106372833252,0.585106372833252,0.5744680762290955,0.6063829660415649,0.6382978558540344,0.41489362716674805,0.542553186416626,0.457446813583374,0.4680851101875305,0.7553191781044006,0.7553191781044006,0.4680851101875305,0.6702127456665039,0.585106372833252,0.7127659320831299,0.4893617033958435,0.6382978558540344,0.6489361524581909,0.7234042286872864,0.7340425252914429,0.6914893388748169,0.9255319237709045,0.7127659320831299,0.7978723645210266,0.8510638475418091,0.8085106611251831,0.9893617033958435,0.978723406791687,0.8297872543334961,0.7659574747085571,0.7553191781044006,0.6702127456665039,0.7872340679168701,0.6063829660415649,0.3297872245311737,0.27659574151039124,0.1489361673593521,0.07446808367967606,0.0,0.0,0.0,0.010638297535479069,0.010638297535479069,0.021276595070958138,0.0,0.010638297535479069,0.021276595070958138,0.010638297535479069,0.0,0.0,0.0,0.06382978707551956,0.1489361673593521,0.28723403811454773,0.3297872245311737,0.585106372833252,0.7872340679168701,0.6914893388748169,0.7234042286872864,0.7765957713127136,0.8297872543334961,0.957446813583374,1.0,0.8297872543334961,0.8617021441459656,0.7872340679168701,0.7021276354789734,0.9042553305625916,0.7021276354789734,0.7234042286872864,0.7446808218955994,0.6276595592498779,0.6702127456665039,0.4680851101875305,0.7340425252914429,0.5744680762290955,0.6808510422706604,0.478723406791687,0.7340425252914429,0.7765957713127136,0.457446813583374,0.4680851101875305,0.521276593208313,0.43617022037506104,0.6170212626457214,0.6170212626457214,0.5744680762290955,0.585106372833252,0.5319148898124695,0.5957446694374084,0.5531914830207825,0.4893617033958435,0.5957446694374084,0.6063829660415649,0.4893617033958435,0.5106382966041565,0.39361703395843506,0.4893617033958435,0.5531914830207825,0.542553186416626,0.41489362716674805,0.44680851697921753,0.521276593208313,0.3723404109477997,0.43617022037506104,0.4893617033958435,0.39361703395843506,0.4893617033958435,0.5531914830207825,0.43617022037506104,0.40425533056259155,0.5957446694374084,0.42553192377090454,0.5,0.457446813583374,0.521276593208313,0.42553192377090454,0.3723404109477997,0.521276593208313,0.3085106313228607,0.5531914830207825,0.40425533056259155,0.43617022037506104,0.5319148898124695,0.521276593208313,0.457446813583374,0.3297872245311737,0.563829779624939,0.44680851697921753,0.40425533056259155,0.457446813583374,0.44680851697921753,0.40425533056259155,0.44680851697921753,0.39361703395843506,0.43617022037506104,0.38297873735427856,0.41489362716674805,0.43617022037506104,0.42553192377090454,0.25531914830207825,0.5319148898124695,0.38297873735427856,0.5106382966041565,0.19148936867713928
0.3947368562221527,0.7236841917037964,0.7631579041481018,0.8157894611358643,0.7894737124443054,0.5526315569877625,0.7368420958518982,0.7368420958518982,0.7631579041481018,0.6973684430122375,0.8157894611358643,0.7368420958518982,0.7105262875556946,0.75,0.8289473652839661,0.8289473652839661,0.8552631735801697,0.5921052694320679,0.7631579041481018,0.6315789222717285,0.6973684430122375,0.7236841917037964,0.7368420958518982,0.8947368264198303,0.8684210777282715,0.7631579041481018,0.75,0.8421052694320679,0.8026315569877625,0.7763158082962036,0.8421052694320679,0.7631579041481018,0.8947368264198303,0.6315789222717285,0.6973684430122375,0.7236841917037964,0.8815789222717285,0.8552631735801697,0.6710526347160339,0.9342105388641357,0.8684210777282715,0.6578947305679321,0.8552631735801697,0.8289473652839661,0.6973684430122375,0.8815789222717285,0.9473684430122375,0.8026315569877625,0.6184210777282715,1.0,0.8157894611358643,0.8684210777282715,0.6842105388641357,0.7894737124443054,0.8289473652839661,0.9473684430122375,0.8684210777282715,0.7894737124443054,0.8421052694320679,0.5526315569877625,0.8552631735801697,0.6315789222717285,0.7763158082962036,0.8026315569877625,0.8815789222717285,0.8289473652839661,0.7368420958518982,1.0,0.8815789222717285,0.6973684430122375,0.8421052694320679,0.8289473652839661,0.8421052694320679,0.8684210777282715,0.8157894611358643,0.9605262875556946,0.7894737124443054,0.8289473652839661,0.9342105388641357,0.8684210777282715,0.8289473652839661,0.8289473652839661,0.8552631735801697,0.8947368264198303,0.6710526347160339,0.75,0.7763158082962036,0.5921052694320679,0.5657894611358643,0.5657894611358643,0.32894736528396606,0.2368421107530594,0.25,0.1184210553765297,0.05263157933950424,0.03947368264198303,0.10526315867900848,0.09210526198148727,0.07894736528396606,0.01315789483487606,0.0,0.01315789483487606,0.07894736528396606,0.09210526198148727,0.09210526198148727,0.05263157933950424,0.03947368264198303,0.10526315867900848,0.2763157784938812,0.22368420660495758,0.32894736528396606,0.5657894611358643,0.5657894611358643,0.5921052694320679,0.7631579041481018,0.7763158082962036,0.6315789222717285,0.8947368264198303,0.8552631735801697,0.8684210777282715,0.8026315569877625,0.8552631735801697,0.9605262875556946,0.8289473652839661,0.8026315569877625,0.8684210777282715,0.8684210777282715,0.8552631735801697,0.8684210777282715,0.8157894611358643,0.8421052694320679,0.7236841917037964,0.8684210777282715,1.0,0.7368420958518982,0.8026315569877625,0.8947368264198303,0.8289473652839661,0.75,0.6447368264198303,0.8684210777282715,0.5526315569877625,0.8157894611358643,0.7894737124443054,0.8552631735801697,0.9473684430122375,0.8552631735801697,0.7631579041481018,0.7105262875556946,0.8421052694320679,0.8289473652839661,1.0,0.6315789222717285,0.7894737124443054,0.9605262875556946,0.8815789222717285,0.7105262875556946,0.8157894611358643,0.8421052694320679,0.6842105388641357,0.8552631735801697,0.9078947305679321,0.6973684430122375,0.8421052694320679,0.8684210777282715,0.75,0.6973684430122375,0.6447368264198303,0.8947368264198303,0.7368420958518982,0.8815789222717285,0.7105262875556946,0.8421052694320679,0.8289473652839661,0.7894737124443054,0.75,0.8552631735801697,0.8947368264198303,0.7236841917037964,0.75,0.6973684430122375,0.6447368264198303,0.7368420958518982,0.6052631735801697,0.8684210777282715,0.8026315569877625,0.8157894611358643,0.7631579041481018,0.6973684430122375,0.7763158082962036,0.7631579041481018,0.7236841917037964,0.7368420958518982,0.7763158082962036,0.7368420958518982,0.5657894611358643,0.7894737124443054,0.8026315569877625,0.7105262875556946,0.7763158082962036,0.40789473056793213
0.22360248863697052,0.5652173757553101,0.3478260934352875,0.5155279636383057,0.5279502868652344,0.5279502868652344,0.48447203636169434,0.5714285969734192,0.47204968333244324,0.4968944191932678,0.43478259444236755,0.5590062141418457,0.44720497727394104,0.590062141418457,0.3664596378803253,0.45962733030319214,0.5155279636383057,0.42236024141311646,0.3726707994937897,0.3726707994937897,0.4409937858581543,0.4534161388874054,0.5652173757553101,0.4161490797996521,0.5093167424201965,0.48447203636169434,0.4161490797996521,0.39751553535461426,0.3664596378803253,0.38509318232536316,0.4658385217189789,0.39751553535461426,0.3602484464645386,0.5714285969734192,0.38509318232536316,0.4285714328289032,0.38509318232536316,0.3478260934352875,0.4968944191932678,0.40993788838386536,0.2981366515159607,0.38509318232536316,0.47826087474823,0.4285714328289032,0.4534161388874054,0.42236024141311646,0.3913043439388275,0.34161490201950073,0.4285714328289032,0.3478260934352875,0.3726707994937897,0.45962733030319214,0.3664596378803253,0.38509318232536316,0.4161490797996521,0.4906832277774811,0.4409937858581543,0.3229813575744629,0.3664596378803253,0.45962733030319214,0.39751553535461426,0.5031055808067322,0.5465838313102722,0.45962733030319214,0.48447203636169434,0.5341615080833435,0.40993788838386536,0.4658385217189789,0.5527950525283813,0.4409937858581543,0.5403726696968079,0.6149068474769592,0.5527950525283813,0.5465838313102722,0.4906832277774811,0.5776397585868835,0.6024844646453857,0.6521739363670349,0.5155279636383057,0.6645962595939636,0.6273291707038879,0.5776397585868835,0.7577639818191528,0.7453415989875793,0.6770186424255371,0.8260869383811951,0.8136646151542664,0.7267080545425415,0.8819875717163086,0.9006211161613464,1.0,0.9192546606063843,0.7018633484840393,0.6459627151489258,0.4658385217189789,0.18633539974689484,0.23602484166622162,0.14906832575798035,0.1801242232322693,0.16149067878723145,0.0,0.16149067878723145,0.17391304671764374,0.14906832575798035,0.24223601818084717,0.18633539974689484,0.4409937858581543,0.6459627151489258,0.6894409656524658,0.9378882050514221,0.9751552939414978,0.9068322777748108,0.8944099545478821,0.7267080545425415,0.8136646151542664,0.8136646151542664,0.6832298040390015,0.7577639818191528,0.7142857313156128,0.6273291707038879,0.6149068474769592,0.6708074808120728,0.52173912525177,0.6149068474769592,0.6335403919219971,0.5776397585868835,0.45962733030319214,0.5714285969734192,0.5527950525283813,0.6335403919219971,0.5279502868652344,0.4409937858581543,0.5652173757553101,0.47204968333244324,0.4037266969680786,0.5341615080833435,0.44720497727394104,0.48447203636169434,0.5527950525283813,0.5155279636383057,0.38509318232536316,0.4534161388874054,0.3788819909095764,0.3105590045452118,0.44720497727394104,0.4906832277774811,0.39751553535461426,0.40993788838386536,0.3664596378803253,0.44720497727394104,0.3788819909095764,0.34161490201950073,0.44720497727394104,0.34161490201950073,0.38509318232536316,0.42236024141311646,0.4534161388874054,0.42236024141311646,0.48447203636169434,0.3664596378803253,0.3105590045452118,0.4161490797996521,0.48447203636169434,0.3602484464645386,0.3788819909095764,0.43478259444236755,0.3788819909095764,0.5590062141418457,0.3726707994937897,0.39751553535461426,0.4658385217189789,0.38509318232536316,0.3788819909095764,0.3726707994937897,0.4161490797996521,0.4906832277774811,0.5031055808067322,0.43478259444236755,0.5465838313102722,0.47826087474823,0.43478259444236755,0.3788819909095764,0.3664596378803253,0.42236024141311646,0.5031055808067322,0.4409937858581543,0.3788819909095764,0.6024844646453857,0.44720497727394104,0.5465838313102722,0.4534161388874054,0.4906832277774811,0.4534161388874054,0.5776397585868835,0.48447203636169434,0.5341615080833435,0.52173912525177,0.5341615080833435,0.32919254899024963,0.5838509202003479,0.22981366515159607
0.17714285850524902,0.2971428632736206,0.2742857038974762,0.2742857038974762,0.33142855763435364,0.36571428179740906,0.3257142901420593,0.4057142734527588,0.3257142901420593,0.36000001430511475,0.3257142901420593,0.4000000059604645,0.47428572177886963,0.2857142984867096,0.37142857909202576,0.36000001430511475,0.35428571701049805,0.4057142734527588,0.4114285707473755,0.3199999928474426,0.3257142901420593,0.4000000059604645,0.36000001430511475,0.36000001430511475,0.36571428179740906,0.36000001430511475,0.3257142901420593,0.37142857909202576,0.36000001430511475,0.4057142734527588,0.33714285492897034,0.34857141971588135,0.4057142734527588,0.4114285707473755,0.34285715222358704,0.4114285707473755,0.4000000059604645,0.3142857253551483,0.37714284658432007,0.4114285707473755,0.38857144117355347,0.3085714280605316,0.4228571355342865,0.4571428596973419,0.47428572177886963,0.35428571701049805,0.33714285492897034,0.49714285135269165,0.4514285624027252,0.35428571701049805,0.48571428656578064,0.3942857086658478,0.47999998927116394,0.5028571486473083,0.4342857003211975,0.47428572177886963,0.3942857086658478,0.49142858386039734,0.6114285588264465,0.508571445941925,0.5657142996788025,0.4628571569919586,0.5199999809265137,0.5771428346633911,0.5885714292526245,0.5199999809265137,0.5371428728103638,0.5942857265472412,0.5828571319580078,0.6228571534156799,0.6000000238418579,0.5828571319580078,0.5885714292526245,0.7314285635948181,0.6171428561210632,0.7257142663002014,0.7714285850524902,0.5828571319580078,0.5942857265472412,0.6971428394317627,0.7599999904632568,0.8628571629524231,0.7714285850524902,1.0,0.8285714387893677,0.9200000166893005,0.868571400642395,0.9599999785423279,0.8057143092155457,0.9085714221000671,0.8628571629524231,0.8857142925262451,0.8857142925262451,0.7657142877578735,0.668571412563324,0.508571445941925,0.23428571224212646,0.1485714316368103,0.1542857140302658,0.10857142508029938,0.0,0.10285714268684387,0.1485714316368103,0.1542857140302658,0.22285714745521545,0.5142857432365417,0.6514285802841187,0.7485714554786682,0.8971428275108337,0.8799999952316284,0.8742856979370117,0.9142857193946838,0.8171428442001343,0.9599999785423279,0.8399999737739563,0.9142857193946838,0.8514285683631897,1.0,0.7714285850524902,0.8571428656578064,0.7714285850524902,0.691428542137146,0.6114285588264465,0.5828571319580078,0.7200000286102295,0.7657142877578735,0.5771428346633911,0.7371428608894348,0.6228571534156799,0.5771428346633911,0.6171428561210632,0.5828571319580078,0.6114285588264465,0.5771428346633911,0.5542857050895691,0.5199999809265137,0.5942857265472412,0.5485714077949524,0.5485714077949524,0.4457142949104309,0.5714285969734192,0.5199999809265137,0.6057142615318298,0.47999998927116394,0.4057142734527588,0.47428572177886963,0.4285714328289032,0.5199999809265137,0.47999998927116394,0.38857144117355347,0.49142858386039734,0.33142855763435364,0.46857142448425293,0.49714285135269165,0.33142855763435364,0.36000001430511475,0.46857142448425293,0.4628571569919586,0.4114285707473755,0.3199999928474426,0.38857144117355347,0.4114285707473755,0.37714284658432007,0.3142857253551483,0.38285714387893677,0.4342857003211975,0.33142855763435364,0.4171428680419922,0.4000000059604645,0.35428571701049805,0.33714285492897034,0.38285714387893677,0.37714284658432007,0.37714284658432007,0.33142855763435364,0.36000001430511475,0.35428571701049805,0.36571428179740906,0.35428571701049805,0.4114285707473755,0.3028571307659149,0.34285715222358704,0.3942857086658478,0.4057142734527588,0.36571428179740906,0.36000001430511475,0.36000001430511475,0.3085714280605316,0.4628571569919586,0.4057142734527588,0.3199999928474426,0.34857141971588135,0.34285715222358704,0.4057142734527588,0.3257142901420593,0.36000001430511475,0.33142855763435364,0.2857142984867096,0.23999999463558197,0.3142857253551483,0.19428572058677673
0.3893129825592041,0.8549618124961853,0.7862595319747925,0.732824444770813,0.6564885377883911,0.7480915784835815,0.8396946787834167,0.8396946787834167,0.8396946787834167,0.7175572514533997,0.572519063949585,0.7633587718009949,0.8396946787834167,0.694656491279602,0.7786259651184082,0.8625954389572144,0.7404580116271973,0.6641221642494202,0.7862595319747925,0.732824444770813,1.0,0.885496199131012,0.7251908183097839,0.8625954389572144,0.8396946787834167,0.8702290058135986,0.7709923386573792,0.847328245639801,0.6641221642494202,0.9007633328437805,0.8625954389572144,0.8320610523223877,0.8778625726699829,0.7633587718009949,0.7557252049446106,0.8244274854660034,0.8549618124961853,0.8320610523223877,0.847328245639801,0.8244274854660034,0.732824444770813,0.847328245639801,0.7938931584358215,0.8320610523223877,0.8396946787834167,0.9083969593048096,0.9312977194786072,0.8244274854660034,0.9083969593048096,0.9770992398262024,0.9770992398262024,0.847328245639801,0.6030534505844116,0.8931297659873962,0.9541984796524048,0.7786259651184082,0.9083969593048096,0.7709923386573792,0.7480915784835815,0.8931297659873962,0.8396946787834167,0.9007633328437805,0.9465649127960205,0.8549618124961853,0.9007633328437805,0.9007633328437805,0.8015267252922058,0.9618320465087891,0.7709923386573792,0.9389312863349915,0.9160305261611938,0.8778625726699829,0.9923664331436157,0.885496199131012,0.9618320465087891,0.9389312863349915,0.9083969593048096,0.9465649127960205,0.9770992398262024,0.9618320465087891,0.8778625726699829,0.8702290058135986,0.7938931584358215,0.9160305261611938,0.8396946787834167,0.8625954389572144,0.8549618124961853,0.694656491279602,0.6412213444709778,0.5419847369194031,0.4198473393917084,0.30534350872039795,0.290076345205307,0.16030533611774445,0.17557251453399658,0.18320611119270325,0.10687022656202316,0.16030533611774445,0.19083969295024872,0.06870228797197342,0.0,0.06870228797197342,0.19083969295024872,0.16030533611774445,0.09923664480447769,0.19083969295024872,0.1679389327764511,0.1679389327764511,0.2671755850315094,0.3129771053791046,0.4198473393917084,0.5267175436019897,0.6717557311058044,0.6717557311058044,0.8625954389572144,0.8549618124961853,0.8320610523223877,0.9236640930175781,0.7633587718009949,0.885496199131012,0.8778625726699829,0.9694656729698181,0.9770992398262024,0.9465649127960205,0.885496199131012,0.9618320465087891,0.9236640930175781,0.9389312863349915,0.9770992398262024,0.885496199131012,0.9007633328437805,0.9389312863349915,0.7938931584358215,0.9465649127960205,0.8167939186096191,0.8625954389572144,0.9312977194786072,0.847328245639801,0.9618320465087891,0.8702290058135986,0.847328245639801,0.9007633328437805,0.7480915784835815,0.7709923386573792,0.9160305261611938,0.7786259651184082,0.9618320465087891,0.8931297659873962,0.6030534505844116,0.8549618124961853,0.9236640930175781,0.9618320465087891,0.9618320465087891,0.8167939186096191,0.9465649127960205,0.9007633328437805,0.8244274854660034,0.8091602921485901,0.8396946787834167,0.8549618124961853,0.7175572514533997,0.8167939186096191,0.847328245639801,0.8244274854660034,0.8549618124961853,0.8320610523223877,0.7709923386573792,0.7633587718009949,0.8625954389572144,0.8549618124961853,0.7938931584358215,0.9541984796524048,0.6564885377883911,0.847328245639801,0.7938931584358215,0.8625954389572144,0.8320610523223877,0.8702290058135986,0.7175572514533997,0.8625954389572144,0.9847328066825867,0.7709923386573792,0.7709923386573792,0.6793892979621887,0.7557252049446106,0.8320610523223877,0.8015267252922058,0.694656491279602,0.8167939186096191,0.7709923386573792,0.5877862572669983,0.7251908183097839,0.8320610523223877,0.8091602921485901,0.8549618124961853,0.7633587718009949,0.6488549709320068,0.7480915784835815,0.7938931584358215,0.8320610523223877,0.4122137427330017
0.2853368818759918,0.586907148361206,0.5882864594459534,0.5780583620071411,0.5706843733787537,0.5726790428161621,0.5619522333145142,0.565496027469635,0.563055694103241,0.5740689635276794,0.5735278725624084,0.568976104259491,0.5645304918289185,0.5758514404296875,0.5725092887878418,0.5837347507476807,0.5897294282913208,0.5926896333694458,0.5910769104957581,0.5962440371513367,0.5927426815032959,0.6118408441543579,0.6181432604789734,0.6098143458366394,0.6148859262466431,0.623830258846283,0.6267161965370178,0.6532520055770874,0.6461220383644104,0.6463978886604309,0.6525941491127014,0.6540158987045288,0.6532520055770874,0.6576021313667297,0.6723501086235046,0.6674270629882812,0.6541644334793091,0.6439151167869568,0.6363925933837891,0.628021240234375,0.6346100568771362,0.64281165599823,0.650599479675293,0.6511087417602539,0.6533262729644775,0.6430026292800903,0.6662811636924744,0.6697506904602051,0.6808806657791138,0.6838514804840088,0.676201581954956,0.677389919757843,0.666100800037384,0.6575915217399597,0.683968186378479,0.6686684489250183,0.6752891540527344,0.6804031729698181,0.6795437932014465,0.7094748020172119,0.7076604962348938,0.7114482522010803,0.7270132899284363,0.7101113796234131,0.7037029266357422,0.700636625289917,0.6979204416275024,0.7171458601951599,0.7106737494468689,0.7110663056373596,0.7129654884338379,0.7467268109321594,0.7417400479316711,0.7393739819526672,0.7483819723129272,0.7559787631034851,0.7677772045135498,0.770854115486145,0.7718514800071716,0.7780477404594421,0.8074376583099365,0.8093050122261047,0.7882652282714844,0.7865145802497864,0.7900795936584473,0.8138037323951721,0.8220053315162659,0.8418992161750793,0.8237453699111938,0.8277665972709656,0.8284668326377869,0.8444350361824036,0.862557053565979,0.856541097164154,0.8876605033874512,0.8978886008262634,0.9025145769119263,0.924392580986023,0.9562546610832214,0.9934747815132141,0.0,1.0,0.9594270586967468,0.9269177913665771,0.9040636420249939,0.9003501534461975,0.8901326060295105,0.8575278520584106,0.8640530705451965,0.8462917804718018,0.830970823764801,0.8265994787216187,0.8240530490875244,0.8438196182250977,0.8215914964675903,0.8152042627334595,0.789941668510437,0.7869389653205872,0.7888806462287903,0.8088487982749939,0.8087639212608337,0.7770822048187256,0.7714376449584961,0.7721379399299622,0.7681485414505005,0.7563713788986206,0.7470981478691101,0.7400106191635132,0.739915132522583,0.7466843724250793,0.7137824892997742,0.7109283804893494,0.7109283804893494,0.7180477380752563,0.6992785334587097,0.7012519836425781,0.7028010487556458,0.7097188234329224,0.7285517454147339,0.7116074562072754,0.7060583829879761,0.7106737494468689,0.6807745099067688,0.6807426810264587,0.6738142967224121,0.6705251932144165,0.6831724047660828,0.6568593978881836,0.6651777029037476,0.6781432628631592,0.6758620738983154,0.6826525330543518,0.6804986596107483,0.6699416637420654,0.6656339764595032,0.6421432495117188,0.6531246900558472,0.6521273255348206,0.6498779654502869,0.6436286568641663,0.6326684355735779,0.6278620958328247,0.6370716094970703,0.6429283618927002,0.6533793210983276,0.6685517430305481,0.6737082004547119,0.6591936349868774,0.6532626152038574,0.6548753380775452,0.6514376401901245,0.6481379270553589,0.6455808877944946,0.6537718772888184,0.628042459487915,0.6239469647407532,0.6149814128875732,0.609464168548584,0.6183342337608337,0.613103449344635,0.5936763882637024,0.5956817269325256,0.5911936163902283,0.592254638671875,0.5899840593338013,0.5850504040718079,0.5724562406539917,0.5752891302108765,0.5647002458572388,0.5701113939285278,0.5726896524429321,0.5743342041969299,0.5632997155189514,0.5666100978851318,0.5619946718215942,0.5716392397880554,0.5711830258369446,0.5777294635772705,0.5887109041213989,0.5873103737831116,0.30153846740722656
0.31764745712280273,0.6485124230384827,0.6628300547599792,0.6485452651977539,0.6456719040870667,0.6548010110855103,0.6400893330574036,0.6422895193099976,0.6385459303855896,0.6264613270759583,0.6251477599143982,0.6264448761940002,0.65177983045578,0.6563772559165955,0.6603671312332153,0.6641107201576233,0.660711944103241,0.6577892899513245,0.6741757392883301,0.661483645439148,0.6733219623565674,0.6830421686172485,0.7032378911972046,0.6800702810287476,0.7025318741798401,0.6967030167579651,0.6772133111953735,0.685948371887207,0.6841422319412231,0.6855707168579102,0.6836661100387573,0.6960462331771851,0.681547999382019,0.6834855079650879,0.6929101347923279,0.6927788257598877,0.7122684717178345,0.7055694460868835,0.6857185363769531,0.6920727491378784,0.6780014634132385,0.6847990155220032,0.6710232496261597,0.6787567138671875,0.6782149076461792,0.6702679395675659,0.681794285774231,0.6733219623565674,0.6788716912269592,0.6818928122520447,0.7000689506530762,0.7278832197189331,0.7271935939788818,0.7433502078056335,0.750771701335907,0.7582588791847229,0.7628398537635803,0.7543346881866455,0.7786516547203064,0.7588335871696472,0.7594903707504272,0.7765335440635681,0.7676178812980652,0.7906048893928528,0.7937738299369812,0.796581506729126,0.8077630400657654,0.80886310338974,0.8225404024124146,0.8017207384109497,0.8074346780776978,0.7996354699134827,0.7909168601036072,0.8071883916854858,0.7974681258201599,0.8102587461471558,0.8084690570831299,0.8128694295883179,0.8334099650382996,0.8261033892631531,0.824806272983551,0.8282378911972046,0.8168100714683533,0.836578905582428,0.8513562083244324,0.8658215999603271,0.852357804775238,0.8791869282722473,0.878743588924408,0.8717161417007446,0.8788092732429504,0.8761493563652039,0.8924044370651245,0.8927492499351501,0.9153749942779541,0.9519571661949158,0.9300702810287476,0.9793280959129333,0.9837777614593506,0.9963384866714478,0.0,1.0,0.9838106036186218,0.985518217086792,0.9307270646095276,0.9539767503738403,0.9193320870399475,0.894555389881134,0.8921253085136414,0.8772822618484497,0.879909336566925,0.8742775321006775,0.8775121569633484,0.8801228404045105,0.8532937169075012,0.8656574487686157,0.8520458340644836,0.8373834490776062,0.8189445734024048,0.8256272077560425,0.82621830701828,0.8252003192901611,0.8327531814575195,0.8149054050445557,0.8085511922836304,0.8091422319412231,0.7967457175254822,0.8064494729042053,0.7914751172065735,0.7981905937194824,0.8088302612304688,0.8021804690361023,0.8210790753364563,0.8106200098991394,0.8084362149238586,0.7950709462165833,0.7951037883758545,0.7923945784568787,0.7656475901603699,0.7793576717376709,0.7584887742996216,0.7582588791847229,0.7777814269065857,0.7569946050643921,0.7620517611503601,0.757257342338562,0.7511165142059326,0.7444667220115662,0.7257979512214661,0.7283757925033569,0.7005451321601868,0.682582437992096,0.6792164444923401,0.6732069849967957,0.6801688075065613,0.6694798469543457,0.6769013404846191,0.6799717545509338,0.6691842675209045,0.6845034956932068,0.6776894927024841,0.6882470846176147,0.6869663596153259,0.7077203392982483,0.7126132845878601,0.6947162747383118,0.6937311291694641,0.68451988697052,0.6823689937591553,0.6962596774101257,0.684651255607605,0.684651255607605,0.68543940782547,0.6864409446716309,0.6771969199180603,0.6980822086334229,0.7017765641212463,0.6776566505432129,0.7043872475624084,0.6845527291297913,0.6729279160499573,0.6623210310935974,0.6732069849967957,0.6593491435050964,0.6609418392181396,0.6642256379127502,0.6599894762039185,0.6574280858039856,0.6527978181838989,0.627200186252594,0.6242775321006775,0.6260015964508057,0.638841450214386,0.6427000164985657,0.6398430466651917,0.654751718044281,0.6465913653373718,0.6463779211044312,0.6636838316917419,0.647379457950592,0.33646395802497864
0.30935755372047424,0.6283711791038513,0.6111096739768982,0.6271252632141113,0.6141985654830933,0.6177546977996826,0.6011421084403992,0.6246073842048645,0.6304996609687805,0.6281116008758545,0.6321090459823608,0.6527968645095825,0.6285529136657715,0.6421284675598145,0.6312004923820496,0.6636989116668701,0.6478909850120544,0.6420765519142151,0.6621155142784119,0.660584032535553,0.6701103448867798,0.6712265014648438,0.6883581876754761,0.6734328269958496,0.6651784777641296,0.6889811754226685,0.6850357055664062,0.69874107837677,0.692848801612854,0.6944062113761902,0.7064763307571411,0.7006099820137024,0.7074626684188843,0.7107592225074768,0.7242050766944885,0.7064763307571411,0.6944581270217896,0.72202467918396,0.7047111988067627,0.6988968253135681,0.7005061507225037,0.6822063326835632,0.6840752959251404,0.6890071630477905,0.6893705129623413,0.7073329091072083,0.7015963792800903,0.6889292597770691,0.6868786215782166,0.6948734521865845,0.7061648368835449,0.7044256925582886,0.7010512948036194,0.7129396200180054,0.7165217399597168,0.7045555114746094,0.7142115235328674,0.7264373898506165,0.7297858595848083,0.7454639673233032,0.7343802452087402,0.7329526543617249,0.7485528588294983,0.767190158367157,0.7642569541931152,0.7770798206329346,0.783595085144043,0.7761972546577454,0.7936404943466187,0.8068526983261108,0.795950710773468,0.7878520488739014,0.8015314936637878,0.8036080598831177,0.8089292645454407,0.8139649629592896,0.8480727076530457,0.8297728896141052,0.8413757085800171,0.8571317195892334,0.8534977436065674,0.8601167798042297,0.8837378621101379,0.8993899822235107,0.8668397068977356,0.8751460313796997,0.932121992111206,0.9212719202041626,0.9123945236206055,0.9173004627227783,0.9343023896217346,0.9252693057060242,0.9459571838378906,0.9733420014381409,0.9517975449562073,0.939545750617981,0.9909928441047668,0.9825827479362488,0.9679428935050964,0.9895651936531067,0.0,1.0,0.9688254594802856,0.9832057356834412,0.9936404824256897,0.9412329792976379,0.9527060389518738,0.9721739292144775,0.9482933282852173,0.9263854622840881,0.937313437461853,0.9165477156639099,0.913199245929718,0.9202855229377747,0.934380292892456,0.8747826218605042,0.8684750199317932,0.8989747166633606,0.8842310309410095,0.8609474301338196,0.8532121777534485,0.8617780804634094,0.8395327925682068,0.8305256366729736,0.8480207920074463,0.813030481338501,0.8110577464103699,0.8021284937858582,0.8004931807518005,0.7881894707679749,0.7956132292747498,0.8071122765541077,0.7940558195114136,0.7763270735740662,0.7836989164352417,0.7771576642990112,0.7652952671051025,0.7674237489700317,0.7499026656150818,0.7319402694702148,0.735081136226654,0.7434133887290955,0.7307981848716736,0.7270863056182861,0.7151979207992554,0.703231692314148,0.7150681614875793,0.715691089630127,0.6992602348327637,0.7061648368835449,0.7043218612670898,0.695652186870575,0.6871901154518127,0.6872680187225342,0.6988449096679688,0.7090201377868652,0.6909279823303223,0.6866969466209412,0.6842829585075378,0.6822842359542847,0.7003244757652283,0.6974432468414307,0.7039065361022949,0.7225437760353088,0.6935756206512451,0.7059311866760254,0.7242829203605652,0.7130694389343262,0.7077222466468811,0.7013108134269714,0.705048680305481,0.6955223679542542,0.696223258972168,0.6959636807441711,0.6870603561401367,0.6895003318786621,0.6651524901390076,0.6740038990974426,0.6895262598991394,0.6707332730293274,0.670681357383728,0.6614665985107422,0.6615963578224182,0.6410642266273499,0.6484620571136475,0.663543164730072,0.6329396367073059,0.6416093707084656,0.6282933354377747,0.6533939242362976,0.6326022148132324,0.6285269260406494,0.6307592391967773,0.6262946128845215,0.6007267832756042,0.6164308786392212,0.6139389872550964,0.6278001070022583,0.6099416017532349,0.6290460824966431,0.3300713896751404
0.29212746024131775,0.5826984643936157,0.5779470801353455,0.5843368768692017,0.5858933329582214,0.5586958527565002,0.5869582891464233,0.5577946901321411,0.5736052989959717,0.5806504487991333,0.5942491888999939,0.5921192765235901,0.6083394885063171,0.5922011733055115,0.5928565859794617,0.594003438949585,0.5855656862258911,0.6043254137039185,0.6046530604362488,0.5857294797897339,0.5998197793960571,0.6370115280151367,0.6379126906394958,0.6579012274742126,0.6609322428703308,0.6340624094009399,0.651675283908844,0.6505283713340759,0.6474973559379578,0.6297206282615662,0.6384041905403137,0.6684688925743103,0.6688784956932068,0.693126916885376,0.6911607980728149,0.6926353573799133,0.6876382231712341,0.6799377202987671,0.7003358602523804,0.70000821352005,0.6985336542129517,0.7113950848579407,0.7157368659973145,0.7285163998603821,0.7362988591194153,0.7441631555557251,0.7489145398139954,0.7423609495162964,0.750225305557251,0.7693946361541748,0.7941344976425171,0.7785696983337402,0.7648071050643921,0.7910215258598328,0.7891373634338379,0.7870893478393555,0.7750471234321594,0.7928237915039062,0.7749651670455933,0.7874170541763306,0.814450740814209,0.8058490753173828,0.8160071969032288,0.8012615442276001,0.79085773229599,0.7772589325904846,0.7898746728897095,0.7837306261062622,0.758171558380127,0.7675923705101013,0.7590726613998413,0.7716884016990662,0.7765216827392578,0.8098632097244263,0.8032276630401611,0.7513721585273743,0.7870893478393555,0.8156795501708984,0.8091259002685547,0.7842221856117249,0.830097496509552,0.821004331111908,0.8118292689323425,0.8269025683403015,0.8214958906173706,0.8179733157157898,0.8318997025489807,0.8569673299789429,0.844925045967102,0.8743343949317932,0.8734332919120789,0.8485295176506042,0.870729923248291,0.9220119714736938,0.9030064940452576,0.9285655617713928,0.9549438953399658,1.0,0.9556811451911926,0.9943475127220154,0.0,0.9996722936630249,0.9613336324691772,0.9997542500495911,0.9570738077163696,0.9309412837028503,0.90284264087677,0.925862193107605,0.8729417324066162,0.8491848707199097,0.8729417324066162,0.8762185573577881,0.8468911051750183,0.8586876392364502,0.8325551152229309,0.8161710500717163,0.8217416405677795,0.8291963338851929,0.8129761815071106,0.8203489780426025,0.8307528495788574,0.7838125824928284,0.8096993565559387,0.813631534576416,0.7884001135826111,0.7540755271911621,0.8003604412078857,0.8091259002685547,0.7761939764022827,0.7729171514511108,0.7577619552612305,0.7691488265991211,0.7584173083305359,0.7843859791755676,0.7887277603149414,0.7768493294715881,0.7907757759094238,0.8062586784362793,0.8118292689323425,0.8081428408622742,0.8106824159622192,0.7890554666519165,0.7751290202140808,0.7895469665527344,0.7797984480857849,0.7829114198684692,0.7882362604141235,0.7924960851669312,0.7642336487770081,0.780945360660553,0.7934791445732117,0.7689850330352783,0.7509625554084778,0.7425248026847839,0.7454739212989807,0.745801568031311,0.7335954904556274,0.7306463718414307,0.7162283658981323,0.7085279226303101,0.6995166540145874,0.7023019790649414,0.6966494917869568,0.6808388829231262,0.6864913702011108,0.692307710647583,0.6955025792121887,0.6925534605979919,0.6680592894554138,0.6702711582183838,0.6393052935600281,0.6307856440544128,0.6465142965316772,0.6515114307403564,0.6544605493545532,0.6334070563316345,0.661014199256897,0.6574916243553162,0.6402883529663086,0.6367657780647278,0.5980994701385498,0.5888424515724182,0.6035062074661255,0.6048988103866577,0.5870402455329895,0.5955598950386047,0.5884328484535217,0.5966249108314514,0.6068649291992188,0.5921192765235901,0.5984271168708801,0.5800769925117493,0.5700008273124695,0.5584500432014465,0.586630642414093,0.559433102607727,0.5829442143440247,0.5876955986022949,0.5790120363235474,0.5808143019676208,0.30892109870910645
0.3212073743343353,0.6439115405082703,0.6482158899307251,0.6433334350585938,0.6520794630050659,0.6586246490478516,0.6498500108718872,0.6491660475730896,0.6500560641288757,0.653049647808075,0.6612862348556519,0.6718581914901733,0.6721529364585876,0.6844363212585449,0.681900680065155,0.6835090517997742,0.6878420114517212,0.6905465126037598,0.6947935819625854,0.6969829797744751,0.7046757936477661,0.7112382054328918,0.7100304365158081,0.7309510707855225,0.7383376955986023,0.7542957663536072,0.7308824062347412,0.7265637516975403,0.7239851355552673,0.7323591113090515,0.7346773147583008,0.7473126649856567,0.7524526715278625,0.7533312439918518,0.7331289649009705,0.7432115077972412,0.7474672198295593,0.7292281985282898,0.7410765290260315,0.7348890900611877,0.7397571802139282,0.7288160920143127,0.7279489040374756,0.7367808222770691,0.743952751159668,0.7391847968101501,0.7428280115127563,0.7397028207778931,0.7470121383666992,0.7457214593887329,0.7645184993743896,0.7723515629768372,0.7732416391372681,0.7709921598434448,0.7802504897117615,0.7782671451568604,0.7826945781707764,0.7881951332092285,0.7996771931648254,0.8008906245231628,0.8014973402023315,0.801225483417511,0.8136147260665894,0.8161961436271667,0.8345954418182373,0.8489336371421814,0.8415126800537109,0.8323373794555664,0.8335651755332947,0.8353652954101562,0.8499095439910889,0.84479820728302,0.841366708278656,0.8428463339805603,0.8413609862327576,0.845287561416626,0.8381041288375854,0.8358060121536255,0.8518757224082947,0.8458513617515564,0.8587443232536316,0.8583407998085022,0.8535957336425781,0.8545945286750793,0.8638156056404114,0.8789179921150208,0.8803231716156006,0.8886313438415527,0.8913902044296265,0.896764874458313,0.8943923711776733,0.8915647864341736,0.9061605930328369,0.9149008393287659,0.9185612797737122,0.9241591691970825,0.9328050017356873,0.9509438872337341,0.9694032073020935,0.9971552491188049,0.0,1.0,0.973781943321228,0.9525436758995056,0.9352891445159912,0.9257789850234985,0.9210797548294067,0.9151870608329773,0.9095233082771301,0.8914045095443726,0.8954655528068542,0.8983131647109985,0.8926380276679993,0.8883708715438843,0.8807038068771362,0.8794330954551697,0.8648659586906433,0.8548778295516968,0.8538561463356018,0.8588873744010925,0.8601552248001099,0.8447838425636292,0.8511630892753601,0.8365787267684937,0.8383216857910156,0.8442544341087341,0.8399100303649902,0.8440139889717102,0.84087735414505,0.8436849117279053,0.84983229637146,0.8356056809425354,0.834483802318573,0.8328754305839539,0.841366708278656,0.8494259119033813,0.8355513215065002,0.8163793087005615,0.8142872452735901,0.8014200925827026,0.8015059232711792,0.8007503747940063,0.8000950217247009,0.7877830266952515,0.7833070158958435,0.7781727313995361,0.7788252234458923,0.7713470458984375,0.7730842232704163,0.772457480430603,0.7647016644477844,0.7461936473846436,0.7458559274673462,0.7390216588973999,0.7436580061912537,0.7384063601493835,0.7425647377967834,0.7369725704193115,0.7269787192344666,0.729004979133606,0.7396398782730103,0.7337271571159363,0.7405527830123901,0.7303414940834045,0.7468289732933044,0.7450288534164429,0.7331576347351074,0.7538492679595947,0.7541297674179077,0.7484745979309082,0.7347602844238281,0.7325079441070557,0.7253159284591675,0.726772665977478,0.729949414730072,0.7545275688171387,0.7394967675209045,0.7306734919548035,0.7098014950752258,0.7120338082313538,0.7048932909965515,0.6981105804443359,0.6946791410446167,0.6914222836494446,0.6883056163787842,0.6835834383964539,0.6820265650749207,0.6848427057266235,0.6726080179214478,0.6722073554992676,0.6619502305984497,0.6531984806060791,0.6504539251327515,0.6488111615180969,0.6499616503715515,0.6581782102584839,0.6519964933395386,0.6438800692558289,0.6473086476325989,0.6446041464805603,0.3385849595069885
0.26441630721092224,0.5654915571212769,0.5584592223167419,0.5856812596321106,0.5690304636955261,0.5487046837806702,0.5002495646476746,0.49661993980407715,0.4857311248779297,0.5246132016181946,0.6008802056312561,0.5492037534713745,0.5153123736381531,0.4824644923210144,0.47044146060943604,0.4785172939300537,0.48337188363075256,0.482600599527359,0.5135883092880249,0.5069642663002014,0.5120003819465637,0.5485231876373291,0.5528333783149719,0.5150401592254639,0.5149948000907898,0.5277437567710876,0.5347760915756226,0.5394038558006287,0.5578240752220154,0.5631323456764221,0.5521074533462524,0.5329613089561462,0.5211650729179382,0.5017013549804688,0.5488861799240112,0.5834581255912781,0.6273762583732605,0.6402613520622253,0.6392177939414978,0.6063245534896851,0.6027403473854065,0.6462501883506775,0.642439067363739,0.6319586038589478,0.681502640247345,0.6804137825965881,0.6650786995887756,0.6241096258163452,0.632366955280304,0.6629917025566101,0.610861599445343,0.6060976982116699,0.6638537049293518,0.6601333618164062,0.6564130187034607,0.6489723920822144,0.6744703054428101,0.6607685685157776,0.672791600227356,0.638128936290741,0.6179846525192261,0.6499251127243042,0.6264234781265259,0.6061431169509888,0.6097273230552673,0.6514223217964172,0.6086384654045105,0.6137198805809021,0.645524263381958,0.6607685685157776,0.6438455581665039,0.6245633363723755,0.64847332239151,0.6491992473602295,0.6927090287208557,0.7117190957069397,0.6671203374862671,0.6675740480422974,0.6184837222099304,0.6357697248458862,0.7057756185531616,0.7006034255027771,0.7492853999137878,0.7344040870666504,0.7947008013725281,0.7231069207191467,0.6928905248641968,0.7329975962638855,0.7968785166740417,0.771199107170105,0.749693751335144,0.8313143849372864,0.7878952622413635,0.8695158958435059,0.7732408046722412,0.7816795706748962,0.8095367550849915,0.8355337977409363,0.8989610075950623,0.9822603464126587,0.0,1.0,0.901773989200592,0.84097820520401,0.8099904656410217,0.7879860401153564,0.7666621208190918,0.8749603033065796,0.7866249084472656,0.8346717357635498,0.7486502528190613,0.7767342925071716,0.7956535816192627,0.7336781620979309,0.6938886642456055,0.7205662131309509,0.7968785166740417,0.7341772317886353,0.7497844696044922,0.6996960043907166,0.712218165397644,0.6343178749084473,0.6212967038154602,0.6656685471534729,0.6616759896278381,0.7145320177078247,0.6913933157920837,0.6480196118354797,0.6522843837738037,0.6234290599822998,0.6438001990318298,0.6577741503715515,0.6487001776695251,0.6140374541282654,0.6072319746017456,0.6502881050109863,0.6114060282707214,0.6082301139831543,0.626650333404541,0.6475205421447754,0.6204346418380737,0.6372215151786804,0.6730184555053711,0.6586361527442932,0.6771925091743469,0.6436187028884888,0.6582278609275818,0.6636268496513367,0.6634907722473145,0.6058709025382996,0.6088653206825256,0.6634454131126404,0.6331835985183716,0.6226124167442322,0.6658046245574951,0.6784175038337708,0.6798693537712097,0.6329567432403564,0.6432557702064514,0.6441177725791931,0.6016968488693237,0.6038746237754822,0.6407604217529297,0.6364048719406128,0.6320493817329407,0.5867247581481934,0.5500203967094421,0.5036522746086121,0.5206206440925598,0.5334150195121765,0.5476158261299133,0.5688943266868591,0.5547388792037964,0.542534351348877,0.535638153553009,0.5257021188735962,0.5181706547737122,0.5156299471855164,0.5510639548301697,0.5480241179466248,0.5149948000907898,0.5090059638023376,0.510866105556488,0.48409780859947205,0.48210152983665466,0.4809219241142273,0.46649426221847534,0.4848690927028656,0.5163105130195618,0.5470713376998901,0.6006079316139221,0.5277891159057617,0.4834626317024231,0.4984801113605499,0.5004310011863708,0.5418538451194763,0.5700739622116089,0.5851821899414062,0.5601832866668701,0.5645841956138611,0.2827911674976349
0.20665180683135986,0.386186808347702,0.31505072116851807,0.30187907814979553,0.30399471521377563,0.2424132078886032,0.24807770550251007,0.25324171781539917,0.25476592779159546,0.2475317418575287,0.2502388656139374,0.256426602602005,0.23729468882083893,0.25776877999305725,0.25440192222595215,0.2761044502258301,0.2829291522502899,0.24191273748874664,0.23215341567993164,0.2381591498851776,0.22530597448349,0.22610218822956085,0.23665772378444672,0.22721688449382782,0.2265571653842926,0.25169479846954346,0.2639792561531067,0.28579553961753845,0.27935758233070374,0.2576095461845398,0.2323354184627533,0.23040175437927246,0.2399563193321228,0.2886391580104828,0.3164384067058563,0.3038354814052582,0.31935030221939087,0.2749670147895813,0.24264070391654968,0.2497156411409378,0.23897811770439148,0.24407388269901276,0.26991674304008484,0.26020291447639465,0.2655489444732666,0.26782384514808655,0.28356611728668213,0.27908459305763245,0.3157559633255005,0.29066380858421326,0.2931661903858185,0.286296010017395,0.31402701139450073,0.3310660123825073,0.37262842059135437,0.35515719652175903,0.33213523030281067,0.34089356660842896,0.34826424717903137,0.3571591079235077,0.3647345304489136,0.4487692713737488,0.4317303001880646,0.4001546800136566,0.5764821171760559,0.5956822633743286,0.3848901093006134,0.4152827560901642,0.3682151138782501,0.33240821957588196,0.36591747403144836,0.41737568378448486,0.4278629720211029,0.43678057193756104,0.40484097599983215,0.3903953731060028,0.4156467616558075,0.4148050546646118,0.3724009394645691,0.3779061734676361,0.445766419172287,0.47242823243141174,0.40977752208709717,0.4525683522224426,0.475726842880249,0.4274989664554596,0.42772647738456726,0.45720914006233215,0.5029346346855164,0.5118522047996521,0.5188589096069336,0.5278220176696777,0.5281177759170532,0.4988170564174652,0.5383548140525818,0.452477365732193,0.5375813245773315,0.621229350566864,0.6348105072975159,0.9709950685501099,0.0,1.0,0.6416124701499939,0.6236634850502014,0.5410846471786499,0.4522271156311035,0.5423813462257385,0.4982028305530548,0.5275035500526428,0.5330997705459595,0.515082597732544,0.5157650709152222,0.5031620860099792,0.45939305424690247,0.4266799986362457,0.42795395851135254,0.47461211681365967,0.4542745351791382,0.4101414978504181,0.47340643405914307,0.4445379674434662,0.3804085850715637,0.3720369338989258,0.41664770245552063,0.4148050546646118,0.3921470642089844,0.4028618335723877,0.4351881444454193,0.4284544289112091,0.42006006836891174,0.36737340688705444,0.3303835391998291,0.3663952052593231,0.41789889335632324,0.3846398890018463,0.5921334028244019,0.5764821171760559,0.40206560492515564,0.4291141629219055,0.4494290053844452,0.3669866621494293,0.3572728633880615,0.3496291935443878,0.3391646444797516,0.3310660123825073,0.35608989000320435,0.37287867069244385,0.33206698298454285,0.3124118447303772,0.2871604859828949,0.29432639479637146,0.28882116079330444,0.3149369955062866,0.28095000982284546,0.2828381657600403,0.2665271461009979,0.26598116755485535,0.2588834762573242,0.2719869017601013,0.24500659108161926,0.2341780811548233,0.2533782124519348,0.2408207803964615,0.2704172134399414,0.32137495279312134,0.30501842498779297,0.31439101696014404,0.2920742630958557,0.24214021861553192,0.2310842126607895,0.23031075298786163,0.2587697207927704,0.27908459305763245,0.2861822545528412,0.2674371004104614,0.2520587742328644,0.22466900944709778,0.22789935767650604,0.2360207438468933,0.22771736979484558,0.22662541270256042,0.23515628278255463,0.23342736065387726,0.24066154658794403,0.2834978699684143,0.2764684557914734,0.2558806240558624,0.25599434971809387,0.23909185826778412,0.25535738468170166,0.25042086839675903,0.24744074046611786,0.25472041964530945,0.25292325019836426,0.24891942739486694,0.241798996925354,0.30531415343284607,0.30131033062934875,0.31293508410453796,0.3863688111305237,0.21493244171142578
0.33532363176345825,0.6804909110069275,0.6783990859985352,0.678874135017395,0.6853500604629517,0.6958956122398376,0.6879494786262512,0.6927948594093323,0.7045573592185974,0.7153109312057495,0.7301165461540222,0.7384436726570129,0.7336671948432922,0.7328788638114929,0.7304511666297913,0.7488425374031067,0.7393723726272583,0.7484828233718872,0.7448983192443848,0.7497374415397644,0.7414904832839966,0.7479376196861267,0.7469587922096252,0.7538821697235107,0.7627607583999634,0.7704737782478333,0.7768645286560059,0.7610662579536438,0.7611715793609619,0.7670308947563171,0.7805142402648926,0.7779862284660339,0.7812649607658386,0.7667338252067566,0.7852693796157837,0.7681538462638855,0.7647297978401184,0.7706906199455261,0.7655356526374817,0.7869663834571838,0.7796280980110168,0.7838430404663086,0.799072265625,0.8024199604988098,0.8071236610412598,0.8203275203704834,0.8234282732009888,0.8233894109725952,0.8324885964393616,0.8324121236801147,0.8220207691192627,0.8183296918869019,0.820850133895874,0.8234457969665527,0.8314182162284851,0.8275367021560669,0.8293803334236145,0.8371522426605225,0.8328808546066284,0.8456798791885376,0.8560060858726501,0.8615169525146484,0.8522486090660095,0.8409573435783386,0.8383529186248779,0.8518600463867188,0.8653183579444885,0.8712165355682373,0.8750354051589966,0.8725224733352661,0.8581618070602417,0.8573208451271057,0.8751682639122009,0.8727781772613525,0.8611058592796326,0.8855345845222473,0.8833750486373901,0.8879371881484985,0.8897520303726196,0.9007788300514221,0.9155505895614624,0.9069001078605652,0.9113970398902893,0.9051178693771362,0.8965626358985901,0.9093353152275085,0.9167512655258179,0.9063861966133118,0.9095383286476135,0.8987458944320679,0.9144639372825623,0.9181149005889893,0.9328139424324036,0.9387434720993042,0.9394553303718567,0.9380215406417847,0.9342201948165894,0.9519823789596558,0.9632874131202698,0.9938260912895203,0.0,1.0,0.965700089931488,0.9539300799369812,0.9358934164047241,0.9400920271873474,0.9405996203422546,0.9376330375671387,0.9341287016868591,0.9201026558876038,0.9167675375938416,0.8999240398406982,0.9084203839302063,0.9053171277046204,0.9165056347846985,0.9091761112213135,0.8972870111465454,0.9044874310493469,0.915303647518158,0.9060177206993103,0.9157034754753113,0.9013991951942444,0.8893923163414001,0.8886390328407288,0.8825365900993347,0.8852262496948242,0.8608213663101196,0.8728984594345093,0.8750291466712952,0.8554245233535767,0.8586393594741821,0.8721126317977905,0.8755730986595154,0.8714220523834229,0.8651328682899475,0.8536949157714844,0.8394345641136169,0.8416040539741516,0.8518262505531311,0.8619694113731384,0.8561351895332336,0.8471137285232544,0.8328871726989746,0.8365882039070129,0.8285330533981323,0.829048216342926,0.8314909338951111,0.8229068517684937,0.820810079574585,0.8179938197135925,0.8223040103912354,0.8309770822525024,0.8328194618225098,0.822677493095398,0.8224932551383972,0.8210544586181641,0.8065245747566223,0.8021642565727234,0.7992565035820007,0.785144031047821,0.7784900665283203,0.7866342067718506,0.7652461528778076,0.7708610892295837,0.7624988555908203,0.7694485783576965,0.7857331037521362,0.7678267359733582,0.7819079160690308,0.7771101593971252,0.7814304232597351,0.767310380935669,0.7617255449295044,0.7609221339225769,0.7781253457069397,0.7701980471611023,0.764153242111206,0.75324547290802,0.7481043338775635,0.7478110790252686,0.7411044836044312,0.7499467134475708,0.7451878190040588,0.7480667233467102,0.7396243214607239,0.7486821413040161,0.7310765981674194,0.7329615950584412,0.7335419058799744,0.7396443486213684,0.7309888601303101,0.7150176763534546,0.7046363353729248,0.6933826804161072,0.6875559091567993,0.6954118013381958,0.6861008405685425,0.679832935333252,0.6781195998191833,0.6802289485931396,0.3574135899543762
0.17140504717826843,0.3276989459991455,0.3405337333679199,0.3622317910194397,0.3417930006980896,0.32498666644096375,0.31709206104278564,0.34242263436317444,0.342132031917572,0.3214510679244995,0.3289097547531128,0.3510921597480774,0.325955331325531,0.3289582133293152,0.2786845564842224,0.3210151493549347,0.36441129446029663,0.3447958528995514,0.35215771198272705,0.3654283881187439,0.28745096921920776,0.32818326354026794,0.3813629150390625,0.4363345801830292,0.4492177963256836,0.43894997239112854,0.41236016154289246,0.3674141466617584,0.37874752283096313,0.3904683589935303,0.3610209822654724,0.37453383207321167,0.3829612135887146,0.38204097747802734,0.4351721704006195,0.468106746673584,0.42635732889175415,0.389499694108963,0.3910979926586151,0.41512084007263184,0.40930885076522827,0.4528987407684326,0.4301351308822632,0.3831064999103546,0.37758511304855347,0.4252433776855469,0.3841720223426819,0.41536301374435425,0.47890734672546387,0.5112606883049011,0.5695742964744568,0.5459873080253601,0.5499588251113892,0.5338305830955505,0.5389160513877869,0.5722865462303162,0.5992153882980347,0.5285029411315918,0.5206083059310913,0.4509129524230957,0.5346055030822754,0.5392066836357117,0.5974717736244202,0.6022666692733765,0.5618733763694763,0.5456482768058777,0.5602750778198242,0.562745213508606,0.5970843434333801,0.582990288734436,0.622753918170929,0.6186855435371399,0.6664406657218933,0.7177314162254333,0.7235433459281921,0.6597568392753601,0.6121954917907715,0.6404320001602173,0.6302126049995422,0.6336998343467712,0.6524918675422668,0.7205405235290527,0.7412214875221252,0.750133216381073,0.6886714696884155,0.6310844421386719,0.7013610005378723,0.7102726697921753,0.6348621845245361,0.5961156487464905,0.6482781767845154,0.63951176404953,0.6633409261703491,0.6624691486358643,0.680292546749115,0.6673609018325806,0.7026686668395996,0.7322613596916199,0.8371192216873169,0.9918632507324219,0.0,1.0,0.8374097943305969,0.7448539733886719,0.6974378824234009,0.6840218901634216,0.6745290160179138,0.6653266549110413,0.6597084403038025,0.6398992538452148,0.6570930480957031,0.5914660692214966,0.629098653793335,0.7120162844657898,0.7035404443740845,0.6262410879135132,0.6889621019363403,0.7449024319648743,0.7433525323867798,0.7325519323348999,0.6498764753341675,0.6344747543334961,0.6275972127914429,0.6461471319198608,0.6123407483100891,0.6570930480957031,0.7176344990730286,0.7167627215385437,0.6726885437965393,0.616602897644043,0.6248849630355835,0.5763549208641052,0.6032837629318237,0.5629873871803284,0.5579018592834473,0.5497651100158691,0.5664260983467102,0.5937424302101135,0.6031869053840637,0.5378989577293396,0.5351867079734802,0.45197850465774536,0.5263234376907349,0.5234174728393555,0.5936939716339111,0.5749019384384155,0.5396909713745117,0.5328134894371033,0.5577081441879272,0.5377052426338196,0.5790671706199646,0.5048675537109375,0.4798275828361511,0.4195282459259033,0.38184723258018494,0.41996416449546814,0.38514068722724915,0.37898969650268555,0.43134596943855286,0.4509614109992981,0.4100838005542755,0.4134256839752197,0.3905652165412903,0.389644980430603,0.42519494891166687,0.47261103987693787,0.4304257333278656,0.3894028067588806,0.3798614740371704,0.3767133355140686,0.3624739646911621,0.39138856530189514,0.3765195906162262,0.36620330810546875,0.41081029176712036,0.4412263333797455,0.44723203778266907,0.4379328787326813,0.38218626379966736,0.3293941020965576,0.2865307331085205,0.36484718322753906,0.3574853539466858,0.3448442816734314,0.36169904470443726,0.32338839769363403,0.27616602182388306,0.32866761088371277,0.32542258501052856,0.3510921597480774,0.32973313331604004,0.3241633176803589,0.34116336703300476,0.3434397280216217,0.3144282400608063,0.3278926610946655,0.33443114161491394,0.36818909645080566,0.3399525284767151,0.32963627576828003,0.1770232915878296
0.21207541227340698,0.42761537432670593,0.43056565523147583,0.432101845741272,0.43918323516845703,0.4439387321472168,0.43560096621513367,0.43773889541625977,0.43295422196388245,0.4272783100605011,0.42392289638519287,0.4232984781265259,0.415171355009079,0.4171558618545532,0.4198177456855774,0.4222602844238281,0.4069988429546356,0.4249318838119507,0.4285692572593689,0.4301227331161499,0.43027615547180176,0.4335840344429016,0.4451897442340851,0.43962183594703674,0.4497842490673065,0.46491822600364685,0.48765429854393005,0.500944197177887,0.5063349008560181,0.5169661641120911,0.5270270109176636,0.5485790967941284,0.582261860370636,0.5827144980430603,0.5933403372764587,0.5993176698684692,0.6145521402359009,0.6219122409820557,0.62801593542099,0.6591405272483826,0.6765485405921936,0.6723569631576538,0.653634250164032,0.6415780782699585,0.6472442746162415,0.6430343389511108,0.6202409863471985,0.6139050126075745,0.6109557747840881,0.5987008213996887,0.5879863500595093,0.5976853370666504,0.5983151793479919,0.5972251296043396,0.5871264338493347,0.5909096598625183,0.5960087180137634,0.6028211116790771,0.6081070303916931,0.6177271008491516,0.6452467441558838,0.6430094838142395,0.668300449848175,0.6630533933639526,0.6793767809867859,0.7022133469581604,0.712761402130127,0.7171733379364014,0.7264099717140198,0.7163415551185608,0.7133318185806274,0.700269877910614,0.7029468417167664,0.693173348903656,0.6849284768104553,0.6782446503639221,0.6435787677764893,0.6321729421615601,0.630207896232605,0.6385056972503662,0.6341963410377502,0.6337361335754395,0.6320703029632568,0.62647545337677,0.6184747219085693,0.63224858045578,0.6541419625282288,0.6896159052848816,0.7024380564689636,0.6994823217391968,0.7200167179107666,0.7490390539169312,0.7902483344078064,0.8150304555892944,0.8319318294525146,0.8732166886329651,0.9029682278633118,0.9064716696739197,0.9396672248840332,0.9925005435943604,0.0,1.0,0.9446225762367249,0.9103466868400574,0.903205931186676,0.8755047917366028,0.8341280817985535,0.8133559823036194,0.7918439507484436,0.7513357996940613,0.7213389873504639,0.6998960971832275,0.7018957138061523,0.6888294219970703,0.6544045209884644,0.6322410106658936,0.6193767786026001,0.6283302903175354,0.6323944330215454,0.6341617703437805,0.6343346238136292,0.6389745473861694,0.6312071681022644,0.6314912438392639,0.6438942551612854,0.6769590973854065,0.6837358474731445,0.6927671432495117,0.7028118371963501,0.6992565393447876,0.713249683380127,0.7146130204200745,0.7258665561676025,0.71666020154953,0.7131027579307556,0.7031034827232361,0.6816216707229614,0.6635633111000061,0.669475793838501,0.6431369185447693,0.6447109580039978,0.618557870388031,0.6070429086685181,0.6036972403526306,0.5953680872917175,0.5918117165565491,0.5865917205810547,0.5972704887390137,0.5993328094482422,0.5970544219017029,0.5886918306350708,0.5992074608802795,0.6109525561332703,0.6135690212249756,0.618741512298584,0.6434610486030579,0.6472194194793701,0.6420857906341553,0.652704119682312,0.6718665361404419,0.6773609519004822,0.6595197319984436,0.6282535791397095,0.6224178075790405,0.6097415089607239,0.6001343727111816,0.5927894115447998,0.5832611322402954,0.5828894972801208,0.5497576594352722,0.5283892750740051,0.517043948173523,0.505788266658783,0.5025830268859863,0.4888123869895935,0.46516668796539307,0.4507133364677429,0.4399513304233551,0.4462127685546875,0.433325856924057,0.4304976165294647,0.4302091598510742,0.42851632833480835,0.42567944526672363,0.4067860245704651,0.4223099946975708,0.41886383295059204,0.41806116700172424,0.41468411684036255,0.42262002825737,0.4243496060371399,0.4271540641784668,0.43257826566696167,0.43821313977241516,0.4360017478466034,0.44289299845695496,0.44044503569602966,0.4316200315952301,0.4307892918586731,0.4271238148212433,0.22881363332271576
0.11395921558141708,0.22089427709579468,0.17375199496746063,0.18659467995166779,0.1529066413640976,0.15444426238536835,0.1558595895767212,0.1772466003894806,0.20972898602485657,0.22171550989151,0.19571560621261597,0.2513672709465027,0.30252835154533386,0.24271810054779053,0.18428823351860046,0.14291206002235413,0.13929513096809387,0.15737974643707275,0.1739267110824585,0.20583249628543854,0.24039418995380402,0.25437262654304504,0.26040083169937134,0.24280546605587006,0.27083224058151245,0.2341563105583191,0.23200713098049164,0.24785518646240234,0.17237161099910736,0.15727490186691284,0.17943072319030762,0.20469675958156586,0.22131362557411194,0.23627054691314697,0.28851497173309326,0.42359909415245056,0.5174293518066406,0.500218391418457,0.38832101225852966,0.29653510451316833,0.2855270802974701,0.2807219922542572,0.2833254635334015,0.29209694266319275,0.25311458110809326,0.2657475769519806,0.25351646542549133,0.26938197016716003,0.3502821922302246,0.28004053235054016,0.25299227237701416,0.23910118639469147,0.21376526355743408,0.2348901778459549,0.33093953132629395,0.33546504378318787,0.34951338171958923,0.4549807012081146,0.4753193259239197,0.39904946088790894,0.3224126696586609,0.2633887231349945,0.2620258331298828,0.31717076897621155,0.3006587326526642,0.21993325650691986,0.20964162051677704,0.20724782347679138,0.2158445566892624,0.2697838544845581,0.23999230563640594,0.2039104700088501,0.2454438954591751,0.2352571189403534,0.22414425015449524,0.25386589765548706,0.31285491585731506,0.29702433943748474,0.3801785707473755,0.4146703779697418,0.26396533846855164,0.22851252555847168,0.22915902733802795,0.2524331212043762,0.31521376967430115,0.33522042632102966,0.31472453474998474,0.3464730679988861,0.3688909709453583,0.3634393811225891,0.36352676153182983,0.3315860331058502,0.3146721124649048,0.2834477722644806,0.33943143486976624,0.3504045009613037,0.35723647475242615,0.45788121223449707,0.6033967733383179,0.9846411943435669,0.0,1.0,0.6129195690155029,0.4659712314605713,0.36289772391319275,0.34739914536476135,0.34287360310554504,0.28608620166778564,0.30955252051353455,0.3328266143798828,0.36583319306373596,0.36045148968696594,0.3709528148174286,0.34704968333244324,0.3121035695075989,0.33833062648773193,0.31752023100852966,0.25250300765037537,0.22985795140266418,0.22954343259334564,0.26274222135543823,0.4145829975605011,0.38047561049461365,0.2963079512119293,0.3115793764591217,0.2528350055217743,0.22559452056884766,0.23200713098049164,0.24404606223106384,0.20619943737983704,0.23789554834365845,0.2701507806777954,0.21577467024326324,0.20901259779930115,0.21039296686649323,0.22023029625415802,0.29910364747047424,0.3175901174545288,0.2647691071033478,0.2610647976398468,0.3204207420349121,0.39829811453819275,0.4750747084617615,0.4566406309604645,0.3525012731552124,0.3296465277671814,0.3333682715892792,0.23670737445354462,0.21535532176494598,0.23959043622016907,0.2531670033931732,0.279289186000824,0.3515227735042572,0.26948681473731995,0.25105273723602295,0.2669532299041748,0.2523632347583771,0.29173001646995544,0.28302842378616333,0.2805996835231781,0.28461846709251404,0.29824745655059814,0.38416242599487305,0.4945921003818512,0.5226712822914124,0.42644721269607544,0.2910310924053192,0.23707431554794312,0.22327060997486115,0.2048889547586441,0.1790812611579895,0.1579388827085495,0.17139312624931335,0.2448498159646988,0.23345738649368286,0.23249638080596924,0.26925966143608093,0.24603798985481262,0.25938740372657776,0.2559976279735565,0.23936328291893005,0.20778948068618774,0.1755342334508896,0.1569429188966751,0.1392601877450943,0.14235292375087738,0.18271565437316895,0.239188551902771,0.30450281500816345,0.2526078522205353,0.19646695256233215,0.22070206701755524,0.2110220044851303,0.17805035412311554,0.15467141568660736,0.15526551008224487,0.15379776060581207,0.1836242526769638,0.17501004040241241,0.21937412023544312,0.1213153675198555
0.25870996713638306,0.5263223052024841,0.5457907915115356,0.5567569136619568,0.5593108534812927,0.5743412971496582,0.5735568404197693,0.5747008323669434,0.5696755051612854,0.558322548866272,0.5612916350364685,0.5759288668632507,0.5785000920295715,0.5853442549705505,0.5931634902954102,0.5931168794631958,0.5825865268707275,0.5814798474311829,0.5818171501159668,0.6121540069580078,0.6196016669273376,0.6272285580635071,0.6347004175186157,0.6423435211181641,0.6371002197265625,0.6385617852210999,0.6520794034004211,0.6604076027870178,0.6754083633422852,0.6765920519828796,0.6821230053901672,0.6946985125541687,0.6938530206680298,0.6907839179039001,0.6978465914726257,0.6912081837654114,0.6896232962608337,0.6650527715682983,0.6658186316490173,0.6577248573303223,0.6381275057792664,0.6192667484283447,0.6391990184783936,0.6391348838806152,0.6336174607276917,0.6387383341789246,0.6438133120536804,0.6510298848152161,0.6538004875183105,0.6536856293678284,0.6605841517448425,0.6750670075416565,0.685146689414978,0.6922856569290161,0.6861740350723267,0.6785056591033936,0.674260139465332,0.6720935106277466,0.6662927865982056,0.6450755000114441,0.6373206377029419,0.6214385032653809,0.6233997941017151,0.6241503357887268,0.6229990720748901,0.6157283186912537,0.6150662899017334,0.6242337226867676,0.6428689360618591,0.6522461771965027,0.6512874364852905,0.6478002071380615,0.6469336748123169,0.6580865979194641,0.6839971542358398,0.7102896571159363,0.7349637150764465,0.7452563047409058,0.7511181831359863,0.7629032135009766,0.7639760375022888,0.7634854316711426,0.7598345279693604,0.7672693729400635,0.7713937759399414,0.757862389087677,0.7465249300003052,0.7329558730125427,0.7365659475326538,0.7445660829544067,0.7582600712776184,0.7794957160949707,0.7857681512832642,0.8128533363342285,0.8305412530899048,0.8437736630439758,0.8777886629104614,0.9117974042892456,0.9375540614128113,0.9921706318855286,0.0,1.0,0.9415444731712341,0.9145118594169617,0.8814512491226196,0.8475079536437988,0.8310934901237488,0.8129974603652954,0.7874429225921631,0.7803516387939453,0.7595432996749878,0.7444936037063599,0.7373805642127991,0.7321010828018188,0.7459511756896973,0.7572706341743469,0.7706676125526428,0.7689633965492249,0.7613207697868347,0.7636318206787109,0.7637575268745422,0.7627217769622803,0.7511332631111145,0.7451314330101013,0.7351105213165283,0.7110891938209534,0.6841257810592651,0.6573622226715088,0.64566570520401,0.6478365659713745,0.6506388783454895,0.65074223279953,0.6433085203170776,0.6258126497268677,0.6166762709617615,0.6165372133255005,0.6234812140464783,0.6247520446777344,0.6236588954925537,0.6218071579933167,0.6368795037269592,0.644405722618103,0.6663835048675537,0.6729671359062195,0.6744983792304993,0.679128885269165,0.6864383816719055,0.692127525806427,0.6853784322738647,0.6754711270332336,0.660717248916626,0.6537583470344543,0.6529290676116943,0.6513302326202393,0.6430801153182983,0.6386968493461609,0.6333521604537964,0.6388835906982422,0.6389060020446777,0.618810772895813,0.6374045014381409,0.657616376876831,0.6657163500785828,0.6639438271522522,0.6871849298477173,0.6909475922584534,0.6981247067451477,0.691167414188385,0.6936501264572144,0.6950089931488037,0.6826914548873901,0.6766386032104492,0.6761810779571533,0.6612133979797363,0.6531586647033691,0.6384804248809814,0.6370341181755066,0.6428811550140381,0.6353482604026794,0.6274760961532593,0.6197165846824646,0.612389087677002,0.5819377899169922,0.5809058547019958,0.5819050073623657,0.5925016403198242,0.5938798785209656,0.5860171914100647,0.5785231590270996,0.5759208798408508,0.5609778165817261,0.5577514171600342,0.5690627098083496,0.5746251940727234,0.5737149715423584,0.5754841566085815,0.5604570508003235,0.5571721196174622,0.5456920862197876,0.5271085500717163,0.2785155475139618
0.2048136442899704,0.38316601514816284,0.3935084640979767,0.35627835988998413,0.30310824513435364,0.3153073787689209,0.3460046648979187,0.3400219976902008,0.37767845392227173,0.3393756151199341,0.3748040199279785,0.40258562564849854,0.4107825756072998,0.4594416320323944,0.359840452671051,0.34896162152290344,0.3644615709781647,0.3629486858844757,0.3704029619693756,0.37470772862434387,0.40761929750442505,0.3991197943687439,0.3680374026298523,0.3906477689743042,0.39591526985168457,0.3875945508480072,0.3882822096347809,0.3804153501987457,0.3236418664455414,0.36018428206443787,0.3306422829627991,0.34999310970306396,0.3602117896080017,0.37432265281677246,0.4185256361961365,0.41417962312698364,0.4468848705291748,0.46856003999710083,0.46424150466918945,0.4379865229129791,0.4247971475124359,0.4103149473667145,0.4870719313621521,0.5384404063224792,0.5098611116409302,0.5042497515678406,0.4366799592971802,0.4396781623363495,0.4648329019546509,0.4059413969516754,0.4252922534942627,0.3879108726978302,0.42564985156059265,0.457062304019928,0.44907164573669434,0.5789987444877625,0.5563058853149414,0.5588364601135254,0.6173015832901001,0.4794388711452484,0.5393893718719482,0.48652181029319763,0.47106313705444336,0.5347545146942139,0.5221289992332458,0.5351258516311646,0.46933022141456604,0.4624948501586914,0.49823957681655884,0.5430201888084412,0.46857377886772156,0.48863980174064636,0.4718058109283447,0.44233256578445435,0.45062577724456787,0.4955439269542694,0.4952276051044464,0.5107550621032715,0.5102461576461792,0.5206436514854431,0.513409435749054,0.4675285518169403,0.4931921362876892,0.5044972896575928,0.5614495873451233,0.5804840922355652,0.5872782468795776,0.6100398898124695,0.6223353147506714,0.6353596448898315,0.6165452003479004,0.5714069604873657,0.6383165717124939,0.6228441596031189,0.6369962692260742,0.710562527179718,0.6924082040786743,0.7481364607810974,0.8395681381225586,0.9824233055114746,0.0,1.0,0.8443818092346191,0.7539128065109253,0.6959565281867981,0.712460458278656,0.6378627419471741,0.623958170413971,0.6393893361091614,0.5733048915863037,0.6133681535720825,0.6383441090583801,0.6212900280952454,0.6118553280830383,0.584128737449646,0.5828496813774109,0.5614083409309387,0.5083207488059998,0.4943336546421051,0.466744601726532,0.5145372152328491,0.5187044143676758,0.5096410512924194,0.5099848508834839,0.4954201579093933,0.4961628317832947,0.44947049021720886,0.44092971086502075,0.468009889125824,0.4879658818244934,0.4660431742668152,0.540090799331665,0.5045936107635498,0.46327877044677734,0.4666208326816559,0.5392518043518066,0.5191307663917542,0.5370237827301025,0.4735112190246582,0.48290470242500305,0.5419337153434753,0.48207950592041016,0.6156787276268005,0.5614221096038818,0.5521661639213562,0.5822582840919495,0.4520423710346222,0.4528813064098358,0.43086233735084534,0.3884197473526001,0.42595240473747253,0.40379589796066284,0.46431028842926025,0.4405721426010132,0.4361298382282257,0.5006051659584045,0.5093934535980225,0.5387567281723022,0.48907989263534546,0.40928345918655396,0.4235593378543854,0.43652868270874023,0.4623573124408722,0.47151699662208557,0.44736623764038086,0.41463348269462585,0.4186769425868988,0.3769632875919342,0.36131206154823303,0.35017192363739014,0.3310411274433136,0.35962042212486267,0.32470086216926575,0.37723833322525024,0.3916105031967163,0.3863980174064636,0.3944574296474457,0.3943336606025696,0.3673360049724579,0.3977994918823242,0.40838947892189026,0.37513408064842224,0.3704167306423187,0.3623848259449005,0.3649429380893707,0.3486865758895874,0.3607069253921509,0.4565121829509735,0.4118553102016449,0.40112775564193726,0.37604179978370667,0.3384403884410858,0.37840735912323,0.3406409025192261,0.3453720211982727,0.3169165253639221,0.3032595217227936,0.3569110035896301,0.39272451400756836,0.3839637041091919,0.21511484682559967
0.25814998149871826,0.5101372003555298,0.5001718401908875,0.4800608158111572,0.46948373317718506,0.4877353012561798,0.4812815487384796,0.5056384205818176,0.5198541879653931,0.5189927220344543,0.5212284922599792,0.5250325202941895,0.533398449420929,0.5159730911254883,0.5049600601196289,0.5017521381378174,0.48904892802238464,0.46933743357658386,0.46012192964553833,0.4872004985809326,0.47745269536972046,0.4722614586353302,0.46757709980010986,0.4727396070957184,0.47269681096076965,0.44811174273490906,0.47730350494384766,0.46817493438720703,0.4947718679904938,0.4975420832633972,0.5151576995849609,0.5383911728858948,0.5257935523986816,0.5100701451301575,0.5060749650001526,0.5060630440711975,0.497151255607605,0.5157703757286072,0.5238206386566162,0.5338504314422607,0.5164967179298401,0.4973682463169098,0.5221769213676453,0.5413485765457153,0.5458284020423889,0.556856095790863,0.5582811236381531,0.5785636305809021,0.5796685218811035,0.6109145879745483,0.6083640456199646,0.6068792939186096,0.5810561776161194,0.5873169898986816,0.569063663482666,0.5720308423042297,0.5533643364906311,0.5440965890884399,0.5625900626182556,0.5529357194900513,0.5637972950935364,0.5637190341949463,0.5727747678756714,0.5840747952461243,0.561316728591919,0.5682540535926819,0.5711662769317627,0.5898596048355103,0.6122887134552002,0.6169747710227966,0.6220120191574097,0.6069133877754211,0.5848092436790466,0.5834981799125671,0.5750973224639893,0.5758628249168396,0.5829018950462341,0.583656370639801,0.5988104939460754,0.6259045004844666,0.6350471377372742,0.6305289268493652,0.6375797390937805,0.6572944521903992,0.6728976368904114,0.664974570274353,0.6632057428359985,0.6474215984344482,0.672978401184082,0.6686478853225708,0.6612380146980286,0.6706666350364685,0.699397087097168,0.7143534421920776,0.7410311102867126,0.8015714883804321,0.841986358165741,0.8761909008026123,0.945785641670227,0.9908698797225952,0.0,1.0,0.9500429034233093,0.8804782629013062,0.8465465903282166,0.8040475845336914,0.7433247566223145,0.7142108082771301,0.7002565860748291,0.6727259159088135,0.6627123355865479,0.6689524054527283,0.6738784313201904,0.6475526690483093,0.6624807119369507,0.6644813418388367,0.6736912727355957,0.6588782668113708,0.6387925148010254,0.6292518973350525,0.6359874606132507,0.6245787143707275,0.5981423258781433,0.5841931104660034,0.5826912522315979,0.5768304467201233,0.573673665523529,0.5824568867683411,0.5833250880241394,0.6038583517074585,0.6222726106643677,0.6154329776763916,0.6145138740539551,0.5915045142173767,0.5735861659049988,0.5679880976676941,0.5615936517715454,0.5844354033470154,0.5722561478614807,0.5653055310249329,0.5643550157546997,0.5541244745254517,0.5629344582557678,0.5462283492088318,0.551849901676178,0.5728636384010315,0.5684573650360107,0.5871531963348389,0.5809686779975891,0.6071556806564331,0.6079240441322327,0.6101191639900208,0.5798763036727905,0.5783242583274841,0.5577812194824219,0.5572263598442078,0.5459230542182922,0.5418596267700195,0.5219787955284119,0.4973023533821106,0.5149877071380615,0.533141016960144,0.5243498682975769,0.5163277387619019,0.4966495931148529,0.5058410167694092,0.5065787434577942,0.5103278160095215,0.5244300365447998,0.5381982922554016,0.5162644982337952,0.4986843764781952,0.49540555477142334,0.4692907929420471,0.47825923562049866,0.4482036530971527,0.47292405366897583,0.47371092438697815,0.4668641984462738,0.47197237610816956,0.47659969329833984,0.4885270297527313,0.4601602852344513,0.46858909726142883,0.48773589730262756,0.5013645887374878,0.504774272441864,0.5150154232978821,0.5333420038223267,0.5244660973548889,0.5207304954528809,0.5188589692115784,0.5201473236083984,0.5056033730506897,0.4825831949710846,0.488333135843277,0.47015056014060974,0.4796697795391083,0.5004693865776062,0.5103675127029419,0.27610862255096436
0.21974913775920868,0.42922425270080566,0.4346332550048828,0.433389812707901,0.440897136926651,0.4577770233154297,0.44709888100624084,0.48664066195487976,0.5142142176628113,0.46068358421325684,0.4419540762901306,0.47806084156036377,0.45176181197166443,0.4562537968158722,0.4506427049636841,0.44280895590782166,0.47220107913017273,0.4457777142524719,0.452507883310318,0.5335965156555176,0.541632354259491,0.5439327359199524,0.5491862893104553,0.519794225692749,0.5103439688682556,0.5301459431648254,0.5393474698066711,0.5310785174369812,0.5453005433082581,0.5575329661369324,0.5406220555305481,0.5053235292434692,0.5029920339584351,0.520882248878479,0.508401095867157,0.5054945349693298,0.5131728053092957,0.5295863747596741,0.5426582098007202,0.5665013790130615,0.5602841377258301,0.5527768135070801,0.6069291234016418,0.5880908370018005,0.6329017281532288,0.5691126585006714,0.5695323348045349,0.5925050973892212,0.5753610134124756,0.6038360595703125,0.6333214044570923,0.5837231874465942,0.5978519320487976,0.5980229377746582,0.6154468059539795,0.6072710752487183,0.6036650538444519,0.610053300857544,0.6192237734794617,0.5983026623725891,0.6153069138526917,0.6215707659721375,0.6054369807243347,0.6400671601295471,0.6460046172142029,0.5952717661857605,0.5872204303741455,0.5936086773872375,0.5712109804153442,0.5947121977806091,0.6047375798225403,0.5671852827072144,0.5808632373809814,0.6023905277252197,0.6691639423370361,0.7087368369102478,0.6853910088539124,0.7011828422546387,0.7036075592041016,0.7267668843269348,0.7510297298431396,0.7358285188674927,0.724777340888977,0.7115345597267151,0.6887794137001038,0.7071980237960815,0.7129179239273071,0.7377869486808777,0.7221038937568665,0.7554128766059875,0.7428385019302368,0.7486982345581055,0.7710493206977844,0.7880224585533142,0.7767381072044373,0.7961204051971436,0.8189688920974731,0.8674635291099548,0.893405020236969,0.987518846988678,0.0,1.0,0.8949904441833496,0.8691266179084778,0.8239893317222595,0.7949391603469849,0.7771733403205872,0.7913020253181458,0.7735207080841064,0.7492267489433289,0.7444705367088318,0.755397379398346,0.7232074737548828,0.7349581122398376,0.713088870048523,0.7099180817604065,0.6864013075828552,0.7104154825210571,0.7253835201263428,0.738051176071167,0.7498329281806946,0.7274196743965149,0.7045556902885437,0.7009186148643494,0.6857484579086304,0.7075710892677307,0.6714021563529968,0.6023905277252197,0.580194890499115,0.5684753656387329,0.6024682521820068,0.594821035861969,0.5692214369773865,0.5964996814727783,0.5895363688468933,0.5943702459335327,0.6469994187355042,0.6412484049797058,0.6032454371452332,0.6215397119522095,0.6161307096481323,0.596997082233429,0.622503399848938,0.6113589406013489,0.6000745892524719,0.6104574203491211,0.6150892972946167,0.5981783270835876,0.5964841246604919,0.5834589600563049,0.6320313215255737,0.6061208844184875,0.5750190615653992,0.594308078289032,0.5674028992652893,0.5669366121292114,0.6334457397460938,0.5891788601875305,0.6046598553657532,0.5550460815429688,0.5580769777297974,0.5688484311103821,0.5428757667541504,0.5284828543663025,0.5138878226280212,0.5057587623596191,0.5104216933250427,0.521208643913269,0.500676155090332,0.5058209300041199,0.539782702922821,0.5568490624427795,0.546093225479126,0.5295087099075317,0.5417878031730652,0.5319178700447083,0.5071420669555664,0.5200895071029663,0.548595666885376,0.546093225479126,0.5404044389724731,0.5343581438064575,0.4546528458595276,0.44523370265960693,0.4703669846057892,0.4462595283985138,0.4499743580818176,0.455554336309433,0.44994327425956726,0.4793042838573456,0.44333744049072266,0.4609633684158325,0.5104372501373291,0.48914310336112976,0.44666364789009094,0.45933133363723755,0.4406173825263977,0.4355192184448242,0.432317316532135,0.43014129996299744,0.2343752384185791
0.2133612185716629,0.43175971508026123,0.4394519329071045,0.48583635687828064,0.45811358094215393,0.4768907427787781,0.47688186168670654,0.5002222061157227,0.4983525276184082,0.48749274015426636,0.49553757905960083,0.4984532594680786,0.5208780169487,0.5254678726196289,0.5157785415649414,0.5108864307403564,0.4532777965068817,0.5187890529632568,0.5343008637428284,0.5004385113716125,0.4777974784374237,0.528395414352417,0.5243063569068909,0.4759781062602997,0.526750922203064,0.46762216091156006,0.5103708505630493,0.514356255531311,0.48517856001853943,0.4825473129749298,0.5105486512184143,0.5014163851737976,0.5037157535552979,0.5174378752708435,0.5390447974205017,0.5171771049499512,0.5243833661079407,0.53075110912323,0.5007792711257935,0.4971020817756653,0.5351572036743164,0.5124865174293518,0.5044891238212585,0.4916410744190216,0.5038520097732544,0.5290354490280151,0.5467873811721802,0.5168659687042236,0.5446154475212097,0.565700888633728,0.5766762495040894,0.5321970582008362,0.5769073367118835,0.6453935503959656,0.6458706259727478,0.5977409482002258,0.5717841386795044,0.6388954520225525,0.6362345814704895,0.5977616906166077,0.6354582905769348,0.6425874829292297,0.5973438620567322,0.5874412059783936,0.651544988155365,0.6152973175048828,0.6159077286720276,0.6073354482650757,0.6394288539886475,0.6710984706878662,0.5871270895004272,0.6644611358642578,0.6555984616279602,0.6803611516952515,0.7115892767906189,0.6745594143867493,0.7020125389099121,0.7322865724563599,0.7249677181243896,0.7408143877983093,0.7524475455284119,0.7742381691932678,0.7269144654273987,0.7438989877700806,0.7883810997009277,0.7864728569984436,0.7793228626251221,0.7477747201919556,0.7443642020225525,0.6942877173423767,0.7458516359329224,0.8053655624389648,0.7838653326034546,0.8233368396759033,0.7865617275238037,0.8192892074584961,0.8215085864067078,0.840327262878418,0.8814847469329834,0.9833888411521912,0.0,1.0,0.8846108317375183,0.8396487236022949,0.8238583207130432,0.8243798017501831,0.7874625325202942,0.8216449022293091,0.786037266254425,0.8060263395309448,0.7524564266204834,0.6924713253974915,0.7439315915107727,0.7464087009429932,0.7805348038673401,0.7863216996192932,0.7879899740219116,0.7486636638641357,0.7249558568000793,0.7723595499992371,0.7549009919166565,0.7425448298454285,0.7247602939605713,0.7337029576301575,0.7023177146911621,0.6755934953689575,0.708996593952179,0.6805389523506165,0.6562444567680359,0.6667931079864502,0.5861344337463379,0.6713592410087585,0.6393962502479553,0.6081680655479431,0.6165003180503845,0.6151076555252075,0.6522679328918457,0.5877078771591187,0.5958238244056702,0.6427801251411438,0.6361072063446045,0.5975453853607178,0.6328092813491821,0.6415296792984009,0.5722137689590454,0.5958208441734314,0.6447091102600098,0.6459802389144897,0.5794082283973694,0.5331630706787109,0.5740657448768616,0.5663942694664001,0.5449473261833191,0.5169578194618225,0.5451340079307556,0.5302384495735168,0.5021926760673523,0.4945182502269745,0.5012267231941223,0.5110760927200317,0.5351068377494812,0.4962753653526306,0.5006933808326721,0.5298917889595032,0.5240959525108337,0.5206587314605713,0.5363810062408447,0.5198202133178711,0.5044565200805664,0.5023112297058105,0.5112568140029907,0.4842599928379059,0.48480224609375,0.5124272704124451,0.5127205848693848,0.4678710699081421,0.5263183116912842,0.4764403700828552,0.5235892534255981,0.5286887884140015,0.47938570380210876,0.5001837015151978,0.533592700958252,0.5212691426277161,0.454077810049057,0.5085989236831665,0.5194053649902344,0.5215269327163696,0.5235892534255981,0.49783989787101746,0.4964679777622223,0.4870986342430115,0.49664872884750366,0.5021304488182068,0.47462397813796997,0.47692039608955383,0.46067073941230774,0.4850570559501648,0.44101348519325256,0.43202343583106995,0.22533808648586273
0.22353003919124603,0.48125284910202026,0.5182524919509888,0.5336349010467529,0.5211237668991089,0.511539101600647,0.5000425577163696,0.5139639973640442,0.5237856507301331,0.537138819694519,0.5199664831161499,0.5325673818588257,0.5324891209602356,0.5287781357765198,0.5549553036689758,0.5898751616477966,0.5944696068763733,0.5839877128601074,0.5907632112503052,0.6161259412765503,0.5889387726783752,0.5753946304321289,0.6096150279045105,0.6298656463623047,0.5923000574111938,0.562786877155304,0.5828074216842651,0.6084094643592834,0.6086878776550293,0.5952127575874329,0.6229221820831299,0.6275304555892944,0.6212219595909119,0.6111748814582825,0.638191819190979,0.6520833969116211,0.6251193284988403,0.604804277420044,0.6018387079238892,0.6032190918922424,0.6040726900100708,0.5843235850334167,0.5666289925575256,0.5785212516784668,0.5976698398590088,0.5830812454223633,0.5709819197654724,0.5445723533630371,0.5776792168617249,0.6086257100105286,0.5992067456245422,0.5871165990829468,0.6081057786941528,0.6513885855674744,0.655752956867218,0.6374901533126831,0.6318787336349487,0.678734540939331,0.6667203307151794,0.6313956379890442,0.6513402462005615,0.6485173106193542,0.6583780646324158,0.5948308110237122,0.6073511242866516,0.6498770117759705,0.6642631888389587,0.6520788073539734,0.6255679726600647,0.631936252117157,0.6122838258743286,0.6129233837127686,0.6189719438552856,0.6751638650894165,0.6477581262588501,0.6076617240905762,0.5890699028968811,0.6254253387451172,0.6565743088722229,0.6676843166351318,0.6551364064216614,0.6500127911567688,0.6672472357749939,0.6686575412750244,0.6899388432502747,0.6858137249946594,0.7301364541053772,0.7590698599815369,0.7421483397483826,0.7163875699043274,0.6792268753051758,0.7440049648284912,0.7765021920204163,0.7772912979125977,0.7828428745269775,0.8794739842414856,0.9180150628089905,0.8500229120254517,0.8558873534202576,0.9903693199157715,0.0,1.0,0.8606060743331909,0.8497698307037354,0.9200419783592224,0.8834495544433594,0.7869725823402405,0.7763710618019104,0.778749942779541,0.7458018064498901,0.6814631223678589,0.7158560752868652,0.7420563101768494,0.7610576748847961,0.7310290932655334,0.6851488351821899,0.6912847757339478,0.6709098815917969,0.6678154468536377,0.6508387327194214,0.6538043022155762,0.6673185229301453,0.6584954261779785,0.6251676678657532,0.5901120901107788,0.6057775020599365,0.6473968625068665,0.6741699576377869,0.6201176643371582,0.613079845905304,0.6124517917633057,0.6307445168495178,0.6239942908287048,0.6529139280319214,0.6640400290489197,0.6509284377098083,0.6090835928916931,0.5956728458404541,0.6558542251586914,0.6492144465446472,0.6516623497009277,0.6312921047210693,0.6641252040863037,0.6790750026702881,0.6338550448417664,0.6350651979446411,0.6552238464355469,0.6529093384742737,0.6099693179130554,0.5856303572654724,0.5997865200042725,0.6086901426315308,0.5779805779457092,0.544091522693634,0.5709519982337952,0.5820712447166443,0.5969497561454773,0.579568088054657,0.5661251544952393,0.5826624631881714,0.6030189394950867,0.6037344932556152,0.601162314414978,0.6042084097862244,0.6245027780532837,0.6511470079421997,0.6394158005714417,0.6119686365127563,0.6219236850738525,0.6274637579917908,0.624323308467865,0.5968416333198547,0.6070773601531982,0.6089869141578674,0.5851587653160095,0.5642707943916321,0.5908000469207764,0.6278916597366333,0.6124126315116882,0.5757765173912048,0.5888352394104004,0.6172187924385071,0.5914396047592163,0.5817559957504272,0.5955854654312134,0.5922494530677795,0.55482417345047,0.5289691090583801,0.5321394205093384,0.5330619812011719,0.5194120407104492,0.5369340777397156,0.5239006876945496,0.5151005387306213,0.49978718161582947,0.5106763243675232,0.5223016738891602,0.5330091118812561,0.5188092589378357,0.48241010308265686,0.23687861859798431
0.19532521069049835,0.4127104878425598,0.4198252856731415,0.43000778555870056,0.43439990282058716,0.4324878454208374,0.4360347092151642,0.45013922452926636,0.43598800897598267,0.4333933889865875,0.42901334166526794,0.4338996708393097,0.45207688212394714,0.4739516079425812,0.4835796356201172,0.5128750205039978,0.511238694190979,0.4902469217777252,0.4788033068180084,0.47722122073173523,0.4630323350429535,0.45306679606437683,0.4721766710281372,0.4969247579574585,0.5127228498458862,0.5069746375083923,0.5579549670219421,0.5811541080474854,0.5731714367866516,0.5526602864265442,0.561732292175293,0.5340265035629272,0.5538687109947205,0.517960250377655,0.5264310836791992,0.5180566906929016,0.512969970703125,0.5108107924461365,0.5093236565589905,0.4931880533695221,0.5512093305587769,0.5295530557632446,0.5342721343040466,0.5706401467323303,0.5641777515411377,0.5524824857711792,0.5440462827682495,0.5515407919883728,0.5889122486114502,0.6003513932228088,0.5865240693092346,0.5670118927955627,0.5871042013168335,0.6234118938446045,0.5862302780151367,0.584762692451477,0.5738916397094727,0.5789708495140076,0.5691921710968018,0.5755490660667419,0.5933405160903931,0.6217665672302246,0.5998873114585876,0.605608344078064,0.6089593172073364,0.5978276133537292,0.5923039317131042,0.5795208215713501,0.5685502886772156,0.5825809836387634,0.6038545370101929,0.6117950081825256,0.6529182195663452,0.6971001625061035,0.6934674382209778,0.6873199343681335,0.6772685647010803,0.6817570924758911,0.6658008098602295,0.6786426901817322,0.654087483882904,0.6497902870178223,0.6439516544342041,0.6718096733093262,0.7034796476364136,0.7088240385055542,0.7181326150894165,0.7617269158363342,0.7498508095741272,0.7471160888671875,0.7192370295524597,0.7474099397659302,0.7668497562408447,0.7310678958892822,0.754054605960846,0.7563629150390625,0.7949880361557007,0.8483926057815552,0.8971414566040039,0.986581027507782,0.0,1.0,0.8982639312744141,0.8516034483909607,0.7982063889503479,0.7579042911529541,0.756679356098175,0.730725884437561,0.7664023041725159,0.7511888146400452,0.720145583152771,0.7462708353996277,0.751580536365509,0.7625541090965271,0.719136118888855,0.7097837924957275,0.7037463188171387,0.6745277643203735,0.6428397297859192,0.6505873203277588,0.653876543045044,0.6779390573501587,0.6665375828742981,0.6812673807144165,0.6776994466781616,0.6870773434638977,0.693276047706604,0.6972312331199646,0.6556137800216675,0.6102837324142456,0.6058358550071716,0.5817824006080627,0.5694693922996521,0.5789256691932678,0.5929879546165466,0.5982223749160767,0.6081818342208862,0.6059759855270386,0.5984091758728027,0.6220603585243225,0.5938317179679871,0.5766745805740356,0.569165050983429,0.5784193873405457,0.5734170079231262,0.5853051543235779,0.5835407376289368,0.6237825751304626,0.5877174139022827,0.566475510597229,0.5856426358222961,0.5993313193321228,0.5894878506660461,0.553449809551239,0.5426691174507141,0.5531273484230042,0.5615003108978271,0.5709459781646729,0.5349501371383667,0.5276409983634949,0.552047073841095,0.4928927421569824,0.5093176364898682,0.5094894170761108,0.5135666131973267,0.5188491940498352,0.5269945859909058,0.5177251696586609,0.5547953248023987,0.5350164771080017,0.562087893486023,0.5532253384590149,0.572228193283081,0.5808934569358826,0.560871958732605,0.5073302388191223,0.5131582617759705,0.49709048867225647,0.4735011160373688,0.45307886600494385,0.4635657072067261,0.47711727023124695,0.479570209980011,0.489278107881546,0.5113562345504761,0.5133270621299744,0.48406782746315,0.47477731108665466,0.45241889357566833,0.43353503942489624,0.42951056361198425,0.4336932301521301,0.43641138076782227,0.44842004776000977,0.43679410219192505,0.4328344166278839,0.4343818128108978,0.43040555715560913,0.4202004671096802,0.4132077097892761,0.20660461485385895
0.0917431190609932,0.22018349170684814,0.19266055524349213,0.1834862381219864,0.2752293646335602,0.2110091745853424,0.1651376187801361,0.2293577939271927,0.12844036519527435,0.1376146823167801,0.23853211104869843,0.2844036817550659,0.1651376187801361,0.2568807303905487,0.26605504751205444,0.1834862381219864,0.302752286195755,0.19266055524349213,0.1651376187801361,0.26605504751205444,0.20183485746383667,0.1376146823167801,0.19266055524349213,0.22018349170684814,0.17431192100048065,0.1834862381219864,0.1834862381219864,0.22018349170684814,0.22018349170684814,0.23853211104869843,0.11009174585342407,0.20183485746383667,0.23853211104869843,0.20183485746383667,0.23853211104869843,0.22018349170684814,0.1834862381219864,0.19266055524349213,0.3486238420009613,0.2293577939271927,0.19266055524349213,0.24770642817020416,0.24770642817020416,0.23853211104869843,0.29357796907424927,0.22018349170684814,0.302752286195755,0.29357796907424927,0.3761467933654785,0.38532111048698425,0.22018349170684814,0.26605504751205444,0.2293577939271927,0.35779815912246704,0.35779815912246704,0.17431192100048065,0.3211009204387665,0.35779815912246704,0.38532111048698425,0.3669724762439728,0.3669724762439728,0.38532111048698425,0.26605504751205444,0.2752293646335602,0.4128440320491791,0.3761467933654785,0.31192660331726074,0.39449542760849,0.4678899049758911,0.5045871734619141,0.3761467933654785,0.4678899049758911,0.5137614607810974,0.4954128563404083,0.43119266629219055,0.7614678740501404,0.4954128563404083,0.5045871734619141,0.5321100950241089,0.5871559381484985,0.7981651425361633,0.7981651425361633,0.5688073635101318,0.8899082541465759,0.8715596199035645,0.8348624110221863,0.7431192398071289,0.8899082541465759,0.9449541568756104,1.0,0.8348624110221863,0.5688073635101318,0.5412843823432922,0.35779815912246704,0.08256880939006805,0.027522936463356018,0.01834862306714058,0.00917431153357029,0.0,0.00917431153357029,0.0,0.00917431153357029,0.0,0.00917431153357029,0.01834862306714058,0.027522936463356018,0.08256880939006805,0.3486238420009613,0.5137614607810974,0.5963302850723267,0.8256880640983582,0.9816513657569885,0.9357798099517822,0.8807339668273926,0.7981651425361633,0.8165137767791748,0.8715596199035645,0.8990825414657593,0.5688073635101318,0.7798165082931519,0.8256880640983582,0.5688073635101318,0.5229358077049255,0.5229358077049255,0.47706422209739685,0.7798165082931519,0.4128440320491791,0.5045871734619141,0.5045871734619141,0.4862385392189026,0.35779815912246704,0.5137614607810974,0.4403669834136963,0.4220183491706848,0.302752286195755,0.39449542760849,0.39449542760849,0.302752286195755,0.26605504751205444,0.3761467933654785,0.3486238420009613,0.3669724762439728,0.40366971492767334,0.35779815912246704,0.2752293646335602,0.22018349170684814,0.3669724762439728,0.3486238420009613,0.23853211104869843,0.24770642817020416,0.23853211104869843,0.38532111048698425,0.3669724762439728,0.29357796907424927,0.31192660331726074,0.22018349170684814,0.2752293646335602,0.2568807303905487,0.23853211104869843,0.24770642817020416,0.19266055524349213,0.23853211104869843,0.33944955468177795,0.20183485746383667,0.17431192100048065,0.2110091745853424,0.23853211104869843,0.22018349170684814,0.2293577939271927,0.20183485746383667,0.11926605552434921,0.2293577939271927,0.19266055524349213,0.2568807303905487,0.1834862381219864,0.1651376187801361,0.19266055524349213,0.22018349170684814,0.19266055524349213,0.1376146823167801,0.19266055524349213,0.26605504751205444,0.17431192100048065,0.19266055524349213,0.302752286195755,0.1834862381219864,0.26605504751205444,0.24770642817020416,0.15596330165863037,0.2844036817550659,0.23853211104869843,0.15596330165863037,0.12844036519527435,0.22018349170684814,0.17431192100048065,0.2110091745853424,0.26605504751205444,0.1834862381219864,0.20183485746383667,0.2110091745853424,0.10091742873191833
0.12790697813034058,0.40697672963142395,0.4127906858921051,0.3372093141078949,0.40697672963142395,0.43023255467414856,0.3604651093482971,0.3255814015865326,0.41860464215278625,0.3895348906517029,0.3488371968269348,0.3488371968269348,0.4127906858921051,0.302325576543808,0.43023255467414856,0.3604651093482971,0.39534884691238403,0.3779069781303406,0.39534884691238403,0.34302327036857605,0.41860464215278625,0.33139535784721375,0.30813953280448914,0.38372093439102173,0.40697672963142395,0.30813953280448914,0.447674423456192,0.39534884691238403,0.3488371968269348,0.44186046719551086,0.40697672963142395,0.3255814015865326,0.33139535784721375,0.3372093141078949,0.35465115308761597,0.31976744532585144,0.3372093141078949,0.3604651093482971,0.4127906858921051,0.3139534890651703,0.44186046719551086,0.3720930218696594,0.3372093141078949,0.4011628031730652,0.3895348906517029,0.43023255467414856,0.40697672963142395,0.41860464215278625,0.4767441749572754,0.3720930218696594,0.31976744532585144,0.33139535784721375,0.3895348906517029,0.38372093439102173,0.3255814015865326,0.40697672963142395,0.35465115308761597,0.40697672963142395,0.3372093141078949,0.4244185984134674,0.45348837971687317,0.39534884691238403,0.4767441749572754,0.4883720874786377,0.39534884691238403,0.4011628031730652,0.3604651093482971,0.47093021869659424,0.5581395626068115,0.49418604373931885,0.39534884691238403,0.5348837375640869,0.5174418687820435,0.4883720874786377,0.4651162922382355,0.5930232405662537,0.6279069781303406,0.6220930218696594,0.7325581312179565,0.6162790656089783,0.6395348906517029,0.645348846912384,0.6511628031730652,0.6162790656089783,0.7209302186965942,0.6686046719551086,0.9127907156944275,0.8372092843055725,0.8139534592628479,0.8662790656089783,0.9941860437393188,0.8081395626068115,0.8720930218696594,0.8662790656089783,0.569767415523529,0.4651162922382355,0.40697672963142395,0.2616279125213623,0.35465115308761597,0.3720930218696594,0.0,0.3604651093482971,0.36627906560897827,0.25581395626068115,0.38372093439102173,0.49418604373931885,0.5523256063461304,0.8604651093482971,0.8662790656089783,0.8023256063461304,1.0,0.8837209343910217,0.8139534592628479,0.8081395626068115,0.9418604373931885,0.6569767594337463,0.7383720874786377,0.5988371968269348,0.6627907156944275,0.6395348906517029,0.6511628031730652,0.6104651093482971,0.7034883499145508,0.6569767594337463,0.6220930218696594,0.5872092843055725,0.47093021869659424,0.48255813121795654,0.5174418687820435,0.5232558250427246,0.41860464215278625,0.48255813121795654,0.5523256063461304,0.4883720874786377,0.3604651093482971,0.38372093439102173,0.4127906858921051,0.4883720874786377,0.4767441749572754,0.3895348906517029,0.45348837971687317,0.4244185984134674,0.3488371968269348,0.39534884691238403,0.36627906560897827,0.3895348906517029,0.34302327036857605,0.3779069781303406,0.3895348906517029,0.3372093141078949,0.30813953280448914,0.3779069781303406,0.447674423456192,0.41860464215278625,0.4244185984134674,0.43023255467414856,0.4011628031730652,0.4011628031730652,0.3372093141078949,0.3604651093482971,0.45348837971687317,0.3139534890651703,0.40697672963142395,0.3720930218696594,0.3255814015865326,0.3255814015865326,0.35465115308761597,0.30813953280448914,0.36627906560897827,0.3255814015865326,0.39534884691238403,0.4244185984134674,0.3604651093482971,0.4011628031730652,0.4360465109348297,0.33139535784721375,0.4011628031730652,0.3895348906517029,0.302325576543808,0.33139535784721375,0.3895348906517029,0.3720930218696594,0.38372093439102173,0.3779069781303406,0.40697672963142395,0.35465115308761597,0.43023255467414856,0.30813953280448914,0.4011628031730652,0.3372093141078949,0.36627906560897827,0.3779069781303406,0.44186046719551086,0.31976744532585144,0.3488371968269348,0.44186046719551086,0.40697672963142395,0.3372093141078949,0.41860464215278625,0.39534884691238403,0.13953489065170288
0.32103320956230164,0.7343173623085022,0.6457564830780029,0.6309962868690491,0.5461254715919495,0.7011070251464844,0.5867158770561218,0.6678966879844666,0.6051660776138306,0.6494464874267578,0.6051660776138306,0.553505539894104,0.5940959453582764,0.5719557404518127,0.7416974306106567,0.6309962868690491,0.5608856081962585,0.6273062825202942,0.6236162185668945,0.6199262142181396,0.6014760136604309,0.5830258131027222,0.6752767562866211,0.7047970294952393,0.6568265557289124,0.7380073666572571,0.6199262142181396,0.6568265557289124,0.6900368928909302,0.6125461459159851,0.5830258131027222,0.6014760136604309,0.660516619682312,0.61623615026474,0.5977859497070312,0.6457564830780029,0.6199262142181396,0.6642066240310669,0.6051660776138306,0.6014760136604309,0.6346863508224487,0.7084870934486389,0.6309962868690491,0.6974169611930847,0.5977859497070312,0.6863468885421753,0.6273062825202942,0.5645756721496582,0.6937269568443298,0.6863468885421753,0.5682656764984131,0.6678966879844666,0.6678966879844666,0.7158671617507935,0.6974169611930847,0.6199262142181396,0.723247230052948,0.6715866923332214,0.6420664191246033,0.7047970294952393,0.6457564830780029,0.7121770977973938,0.6900368928909302,0.785977840423584,0.76752769947052,0.6937269568443298,0.6051660776138306,0.7084870934486389,0.6900368928909302,0.6568265557289124,0.8191881775856018,0.678966760635376,0.76752769947052,0.8339483141899109,0.7195571660995483,0.660516619682312,0.7527675032615662,0.830258309841156,0.7638376355171204,0.8265682458877563,0.8708487153053284,0.76752769947052,0.830258309841156,0.8154981732368469,0.8597785830497742,0.9151291251182556,0.8228782415390015,0.8671586513519287,0.8892989158630371,0.8819188475608826,0.955719530582428,0.9852398633956909,0.8708487153053284,0.7749077677726746,0.6494464874267578,0.4797047972679138,0.361623615026474,0.2177121788263321,0.22509224712848663,0.17343173921108246,0.0,0.17343173921108246,0.22509224712848663,0.2177121788263321,0.3247232437133789,0.4944649338722229,0.6383763551712036,0.7527675032615662,0.8856088519096375,1.0,0.937269389629364,0.9040590524673462,0.8745387196540833,0.8634686470031738,0.8413284420967102,0.9003689885139465,0.8671586513519287,0.8265682458877563,0.830258309841156,0.7564575672149658,0.8819188475608826,0.8191881775856018,0.7564575672149658,0.8265682458877563,0.7712177038192749,0.6678966879844666,0.7121770977973938,0.8265682458877563,0.7712177038192749,0.678966760635376,0.830258309841156,0.6309962868690491,0.7084870934486389,0.6900368928909302,0.61623615026474,0.678966760635376,0.7712177038192749,0.8007380366325378,0.6715866923332214,0.7269372940063477,0.6494464874267578,0.7084870934486389,0.6309962868690491,0.6752767562866211,0.7195571660995483,0.6309962868690491,0.7047970294952393,0.7158671617507935,0.6494464874267578,0.6568265557289124,0.5977859497070312,0.6531365513801575,0.7269372940063477,0.553505539894104,0.6273062825202942,0.678966760635376,0.61623615026474,0.6826568245887756,0.6420664191246033,0.7047970294952393,0.6383763551712036,0.5904058814048767,0.5940959453582764,0.6715866923332214,0.6346863508224487,0.6457564830780029,0.6014760136604309,0.61623615026474,0.6642066240310669,0.5940959453582764,0.5867158770561218,0.5940959453582764,0.7011070251464844,0.6715866923332214,0.5977859497070312,0.7306272983551025,0.6678966879844666,0.7084870934486389,0.6826568245887756,0.5682656764984131,0.6051660776138306,0.6273062825202942,0.6236162185668945,0.6346863508224487,0.5424354076385498,0.6494464874267578,0.7158671617507935,0.5830258131027222,0.5904058814048767,0.553505539894104,0.6051660776138306,0.6383763551712036,0.6309962868690491,0.6568265557289124,0.5940959453582764,0.6826568245887756,0.5571955442428589,0.6383763551712036,0.6346863508224487,0.7453874349594116,0.3357933461666107
0.21782177686691284,0.47029703855514526,0.4752475321292877,0.47359734773635864,0.4669966995716095,0.46369636058807373,0.5049505233764648,0.4884488582611084,0.4867986738681793,0.4801980257034302,0.4455445408821106,0.44884487986564636,0.4917491674423218,0.4917491674423218,0.4026402533054352,0.537953794002533,0.5066006779670715,0.46204620599746704,0.4884488582611084,0.4537953734397888,0.433993399143219,0.4653465449810028,0.4686468541622162,0.5,0.5082508325576782,0.4455445408821106,0.4422442317008972,0.45049506425857544,0.41584157943725586,0.4356435537338257,0.4224422574043274,0.47194719314575195,0.4422442317008972,0.4867986738681793,0.46369636058807373,0.4092409312725067,0.40429043769836426,0.43894389271736145,0.47029703855514526,0.5016501545906067,0.40429043769836426,0.4768976867198944,0.45214521884918213,0.4438943862915039,0.42739275097846985,0.45214521884918213,0.48349836468696594,0.4570957124233246,0.47359734773635864,0.4554455578327179,0.4438943862915039,0.5082508325576782,0.4801980257034302,0.5066006779670715,0.46039605140686035,0.42739275097846985,0.4587458670139313,0.5198019742965698,0.4686468541622162,0.45049506425857544,0.48514851927757263,0.5544554591178894,0.5412541031837463,0.48184818029403687,0.48184818029403687,0.5148515105247498,0.5709571242332458,0.47194719314575195,0.5247524976730347,0.5726072788238525,0.5198019742965698,0.5726072788238525,0.5561056137084961,0.5709571242332458,0.6105610728263855,0.6023102402687073,0.5990098714828491,0.6749175190925598,0.6914191246032715,0.7161716222763062,0.7046204805374146,0.7260726094245911,0.7739273905754089,0.7854785323143005,0.8003300428390503,0.8465346693992615,0.8762376308441162,0.8778877854347229,1.0,0.9570956826210022,0.9356435537338257,0.9603960514068604,0.9702970385551453,0.8382838368415833,0.7607260942459106,0.5033003091812134,0.34983497858047485,0.34983497858047485,0.34158414602279663,0.16006600856781006,0.0,0.13696369528770447,0.3448844850063324,0.36303630471229553,0.33993399143218994,0.5049505233764648,0.7458745837211609,0.8432343006134033,0.9537953734397888,0.962046205997467,0.9488449096679688,0.9504950642585754,0.9933993220329285,0.8877887725830078,0.8762376308441162,0.8498349785804749,0.8003300428390503,0.7805280685424805,0.7722772359848022,0.735973596572876,0.7079207897186279,0.7095709443092346,0.6848185062408447,0.6782178282737732,0.5990098714828491,0.6089109182357788,0.6089109182357788,0.5841584205627441,0.5495049357414246,0.5726072788238525,0.528052806854248,0.5544554591178894,0.5346534848213196,0.47194719314575195,0.5726072788238525,0.5082508325576782,0.4867986738681793,0.4884488582611084,0.5313531160354614,0.5528053045272827,0.4867986738681793,0.46204620599746704,0.46369636058807373,0.5148515105247498,0.4554455578327179,0.43894389271736145,0.4570957124233246,0.5049505233764648,0.4801980257034302,0.5049505233764648,0.45049506425857544,0.4537953734397888,0.4669966995716095,0.45214521884918213,0.4884488582611084,0.4669966995716095,0.4240924119949341,0.4323432445526123,0.46369636058807373,0.47029703855514526,0.40429043769836426,0.5066006779670715,0.4537953734397888,0.4554455578327179,0.40429043769836426,0.4092409312725067,0.4653465449810028,0.4785478413105011,0.45049506425857544,0.46369636058807373,0.42739275097846985,0.43729373812675476,0.41419142484664917,0.44884487986564636,0.4438943862915039,0.4422442317008972,0.5115511417388916,0.49669966101646423,0.47359734773635864,0.46369636058807373,0.42904290556907654,0.4570957124233246,0.4785478413105011,0.4752475321292877,0.5033003091812134,0.5396039485931396,0.4026402533054352,0.4917491674423218,0.4867986738681793,0.45214521884918213,0.4356435537338257,0.4884488582611084,0.49339935183525085,0.4801980257034302,0.5033003091812134,0.4686468541622162,0.4669966995716095,0.47359734773635864,0.47029703855514526,0.4752475321292877,0.2326732724905014
0.069182388484478,0.1320754736661911,0.10062892735004425,0.069182388484478,0.09433962404727936,0.14465409517288208,0.11949685215950012,0.11949685215950012,0.056603774428367615,0.11320754885673523,0.11949685215950012,0.10691823810338974,0.11320754885673523,0.08805031329393387,0.10062892735004425,0.09433962404727936,0.138364776968956,0.10062892735004425,0.09433962404727936,0.08176100999116898,0.08805031329393387,0.15723270177841187,0.138364776968956,0.09433962404727936,0.08805031329393387,0.08805031329393387,0.069182388484478,0.15094339847564697,0.11320754885673523,0.1320754736661911,0.0628930851817131,0.0628930851817131,0.069182388484478,0.10062892735004425,0.10062892735004425,0.138364776968956,0.08176100999116898,0.09433962404727936,0.1257861703634262,0.16352201998233795,0.09433962404727936,0.056603774428367615,0.10062892735004425,0.1320754736661911,0.1257861703634262,0.11320754885673523,0.1257861703634262,0.18867924809455872,0.08805031329393387,0.0628930851817131,0.138364776968956,0.1320754736661911,0.10691823810338974,0.11949685215950012,0.14465409517288208,0.138364776968956,0.09433962404727936,0.14465409517288208,0.18238992989063263,0.11949685215950012,0.1257861703634262,0.17610062658786774,0.14465409517288208,0.15723270177841187,0.14465409517288208,0.17610062658786774,0.18867924809455872,0.21383647620677948,0.22012577950954437,0.2704402506351471,0.16352201998233795,0.276729553937912,0.2012578547000885,0.2830188572406769,0.3207547068595886,0.37735849618911743,0.30817610025405884,0.402515709400177,0.42767295241355896,0.4528301954269409,0.4528301954269409,0.5220125913619995,0.49056604504585266,0.553459107875824,0.597484290599823,0.698113203048706,0.5408805012702942,0.5471698045730591,0.7735849022865295,0.6540880799293518,0.9811320900917053,0.9874213933944702,0.9433962106704712,0.9119496941566467,0.8176100850105286,0.49056604504585266,0.09433962404727936,0.044025156646966934,0.03773584961891174,0.01886792480945587,0.0,0.01886792480945587,0.03144654259085655,0.050314463675022125,0.08805031329393387,0.48427674174308777,0.805031418800354,0.8993710875511169,0.9371069073677063,1.0,1.0,0.6477987170219421,0.7672955989837646,0.5723270177841187,0.5220125913619995,0.7106918096542358,0.597484290599823,0.5094339847564697,0.5345911979675293,0.5094339847564697,0.4528301954269409,0.4654088020324707,0.4088050425052643,0.3962264060974121,0.3396226465702057,0.35849055647850037,0.3396226465702057,0.276729553937912,0.2012578547000885,0.2704402506351471,0.16352201998233795,0.276729553937912,0.22012577950954437,0.2075471729040146,0.2012578547000885,0.15094339847564697,0.15723270177841187,0.15723270177841187,0.15723270177841187,0.17610062658786774,0.1257861703634262,0.11949685215950012,0.17610062658786774,0.1320754736661911,0.11320754885673523,0.138364776968956,0.14465409517288208,0.11949685215950012,0.10691823810338974,0.1257861703634262,0.14465409517288208,0.0628930851817131,0.08805031329393387,0.18238992989063263,0.1320754736661911,0.11320754885673523,0.1257861703634262,0.1257861703634262,0.10062892735004425,0.0628930851817131,0.08805031329393387,0.16981132328510284,0.1257861703634262,0.08176100999116898,0.09433962404727936,0.1320754736661911,0.10062892735004425,0.10691823810338974,0.069182388484478,0.0628930851817131,0.0628930851817131,0.1257861703634262,0.11949685215950012,0.14465409517288208,0.07547169923782349,0.08805031329393387,0.08176100999116898,0.09433962404727936,0.138364776968956,0.14465409517288208,0.10691823810338974,0.07547169923782349,0.10062892735004425,0.09433962404727936,0.1320754736661911,0.10062892735004425,0.09433962404727936,0.09433962404727936,0.11949685215950012,0.09433962404727936,0.1257861703634262,0.11320754885673523,0.0628930851817131,0.11320754885673523,0.11949685215950012,0.15094339847564697,0.08176100999116898,0.07547169923782349,0.10691823810338974,0.11949685215950012,0.08176100999116898
0.3390558063983917,0.6995708346366882,0.8197425007820129,0.6266094446182251,0.6051502227783203,0.5751072764396667,0.6781116127967834,0.7639485001564026,0.6394850015640259,0.6351931095123291,0.5965664982795715,0.729613721370697,0.7038626670837402,0.6738197207450867,0.6480686664581299,0.6180257797241211,0.6609442234039307,0.6351931095123291,0.7510729432106018,0.5922746658325195,0.729613721370697,0.6609442234039307,0.7811158895492554,0.6995708346366882,0.7124463319778442,0.6223176121711731,0.6652360558509827,0.725321888923645,0.6523604989051819,0.6223176121711731,0.5879828333854675,0.6523604989051819,0.6909871101379395,0.6266094446182251,0.6824034452438354,0.6351931095123291,0.6738197207450867,0.6695278882980347,0.6309012770652771,0.6266094446182251,0.6609442234039307,0.6266094446182251,0.6952789425849915,0.6824034452438354,0.6781116127967834,0.6523604989051819,0.6652360558509827,0.5965664982795715,0.7467811107635498,0.6995708346366882,0.6609442234039307,0.6995708346366882,0.6695278882980347,0.6738197207450867,0.6437768340110779,0.6394850015640259,0.7081544995307922,0.6952789425849915,0.716738224029541,0.6695278882980347,0.6566523313522339,0.6781116127967834,0.6695278882980347,0.6866952776908875,0.6266094446182251,0.8154506683349609,0.7639485001564026,0.729613721370697,0.6480686664581299,0.7682403326034546,0.725321888923645,0.8283261656761169,0.6995708346366882,0.7038626670837402,0.725321888923645,0.8283261656761169,0.8283261656761169,0.8025751113891602,0.7768240571022034,0.9270386099815369,0.8669527769088745,0.7811158895492554,0.8154506683349609,0.7768240571022034,0.9313304424285889,0.8583691120147705,0.8798283338546753,0.9141631126403809,0.8927038908004761,0.995708167552948,0.9098712205886841,0.8798283338546753,0.8841201663017273,0.8454935550689697,0.832617998123169,0.6609442234039307,0.6566523313522339,0.6824034452438354,0.733905553817749,0.5364806652069092,0.0,0.5278970003128052,0.721030056476593,0.6909871101379395,0.6566523313522339,0.6566523313522339,0.8111587762832642,0.8454935550689697,0.9012875556945801,0.8755365014076233,0.9141631126403809,1.0,0.8884119987487793,0.8969957232475281,0.8884119987487793,0.8540772795677185,0.9442059993743896,0.7596566677093506,0.7939913868904114,0.8283261656761169,0.8454935550689697,0.9484978318214417,0.7639485001564026,0.8025751113891602,0.8283261656761169,0.8154506683349609,0.716738224029541,0.725321888923645,0.6995708346366882,0.8369098901748657,0.716738224029541,0.7811158895492554,0.6523604989051819,0.716738224029541,0.7510729432106018,0.8197425007820129,0.6480686664581299,0.6738197207450867,0.6566523313522339,0.6952789425849915,0.6523604989051819,0.6824034452438354,0.6695278882980347,0.725321888923645,0.6781116127967834,0.6609442234039307,0.6609442234039307,0.6781116127967834,0.6394850015640259,0.721030056476593,0.6781116127967834,0.6566523313522339,0.7639485001564026,0.6051502227783203,0.6695278882980347,0.6480686664581299,0.6738197207450867,0.6824034452438354,0.7038626670837402,0.6309012770652771,0.6652360558509827,0.6137338876724243,0.6266094446182251,0.6609442234039307,0.6952789425849915,0.6309012770652771,0.6781116127967834,0.6309012770652771,0.6952789425849915,0.6266094446182251,0.6094420552253723,0.6180257797241211,0.6523604989051819,0.729613721370697,0.6738197207450867,0.6266094446182251,0.6995708346366882,0.7038626670837402,0.7682403326034546,0.6824034452438354,0.7081544995307922,0.5793991684913635,0.7725321650505066,0.6180257797241211,0.6652360558509827,0.6394850015640259,0.6394850015640259,0.6609442234039307,0.7124463319778442,0.6866952776908875,0.6309012770652771,0.6394850015640259,0.6351931095123291,0.7725321650505066,0.6695278882980347,0.5793991684913635,0.6180257797241211,0.6223176121711731,0.8154506683349609,0.7081544995307922,0.3519313335418701
0.04054053872823715,0.0810810774564743,0.04054053872823715,0.054054055362939835,0.013513513840734959,0.0878378376364708,0.027027027681469917,0.06081081181764603,0.0878378376364708,0.06756756454706192,0.12162162363529205,0.0810810774564743,0.06756756454706192,0.04054053872823715,0.06756756454706192,0.10810811072587967,0.04729729890823364,0.06756756454706192,0.07432432472705841,0.07432432472705841,0.07432432472705841,0.07432432472705841,0.07432432472705841,0.0810810774564743,0.07432432472705841,0.0810810774564743,0.06081081181764603,0.07432432472705841,0.03378378227353096,0.06081081181764603,0.06081081181764603,0.0878378376364708,0.0810810774564743,0.06756756454706192,0.06756756454706192,0.054054055362939835,0.0810810774564743,0.06756756454706192,0.10135135054588318,0.06756756454706192,0.07432432472705841,0.07432432472705841,0.06081081181764603,0.054054055362939835,0.0810810774564743,0.10135135054588318,0.07432432472705841,0.10810811072587967,0.09459459781646729,0.0878378376364708,0.0810810774564743,0.10135135054588318,0.06081081181764603,0.04054053872823715,0.07432432472705841,0.12162162363529205,0.07432432472705841,0.09459459781646729,0.10810811072587967,0.14864864945411682,0.06081081181764603,0.11486486345529556,0.1689189225435257,0.04729729890823364,0.12162162363529205,0.10810811072587967,0.06756756454706192,0.10135135054588318,0.12837837636470795,0.12162162363529205,0.20945945382118225,0.11486486345529556,0.22972972691059113,0.12837837636470795,0.20270270109176636,0.21621622145175934,0.18243242800235748,0.18243242800235748,0.2432432472705841,0.21621622145175934,0.22972972691059113,0.20270270109176636,0.28378379344940186,0.30405405163764954,0.4054054021835327,0.37837839126586914,0.37162160873413086,0.4256756901741028,0.4932432472705841,0.5675675868988037,0.5337837934494019,0.6013513803482056,0.8445945978164673,0.7635135054588318,0.9932432174682617,0.8513513803482056,0.37837839126586914,0.006756756920367479,0.013513513840734959,0.0,0.0,0.0,0.013513513840734959,0.006756756920367479,0.36486485600471497,0.837837815284729,1.0,0.7702702879905701,0.8175675868988037,0.6081081032752991,0.5405405163764954,0.5675675868988037,0.5135135054588318,0.3918918967247009,0.3986486494541168,0.3581081032752991,0.4256756901741028,0.3175675570964813,0.27702704071998596,0.20270270109176636,0.23648647964000702,0.21621622145175934,0.2432432472705841,0.18243242800235748,0.1756756752729416,0.21621622145175934,0.20270270109176636,0.13513512909412384,0.22297297418117523,0.10810811072587967,0.21621622145175934,0.12162162363529205,0.13513512909412384,0.10135135054588318,0.06756756454706192,0.10810811072587967,0.12162162363529205,0.04729729890823364,0.1689189225435257,0.10810811072587967,0.06081081181764603,0.15540540218353271,0.09459459781646729,0.10135135054588318,0.0810810774564743,0.11486486345529556,0.07432432472705841,0.04054053872823715,0.06756756454706192,0.10135135054588318,0.0810810774564743,0.0878378376364708,0.09459459781646729,0.10135135054588318,0.07432432472705841,0.10810811072587967,0.07432432472705841,0.06081081181764603,0.06081081181764603,0.07432432472705841,0.07432432472705841,0.06756756454706192,0.09459459781646729,0.06081081181764603,0.0878378376364708,0.06081081181764603,0.06756756454706192,0.04729729890823364,0.10135135054588318,0.0878378376364708,0.04729729890823364,0.07432432472705841,0.03378378227353096,0.07432432472705841,0.06081081181764603,0.0810810774564743,0.07432432472705841,0.0810810774564743,0.07432432472705841,0.07432432472705841,0.07432432472705841,0.07432432472705841,0.07432432472705841,0.06756756454706192,0.04729729890823364,0.10135135054588318,0.07432432472705841,0.04054053872823715,0.06081081181764603,0.0810810774564743,0.12162162363529205,0.07432432472705841,0.07432432472705841,0.07432432472705841,0.027027027681469917,0.0810810774564743,0.013513513840734959,0.06081081181764603,0.04054053872823715,0.0810810774564743,0.04054053872823715
0.3499999940395355,0.5,0.6499999761581421,0.8500000238418579,0.6000000238418579,0.75,0.44999998807907104,0.6499999761581421,0.550000011920929,0.44999998807907104,0.6499999761581421,0.550000011920929,0.6499999761581421,0.5,0.8999999761581421,0.550000011920929,0.5,0.699999988079071,0.3499999940395355,0.6499999761581421,0.5,0.6000000238418579,0.6000000238418579,0.25,0.699999988079071,0.6000000238418579,0.5,0.5,0.5,0.4000000059604645,0.8500000238418579,0.25,0.550000011920929,0.4000000059604645,0.550000011920929,0.800000011920929,0.550000011920929,0.75,0.699999988079071,0.6499999761581421,0.6000000238418579,0.3499999940395355,0.4000000059604645,0.6499999761581421,0.800000011920929,0.6499999761581421,0.44999998807907104,0.6000000238418579,0.5,0.30000001192092896,0.75,0.5,0.75,0.5,0.6000000238418579,0.8500000238418579,0.6499999761581421,0.5,0.6499999761581421,0.8500000238418579,0.44999998807907104,0.4000000059604645,0.5,0.3499999940395355,0.699999988079071,0.550000011920929,0.699999988079071,0.699999988079071,0.75,0.44999998807907104,0.5,0.75,0.6499999761581421,0.3499999940395355,0.550000011920929,0.550000011920929,0.75,0.3499999940395355,0.6499999761581421,0.800000011920929,0.5,0.6499999761581421,0.8500000238418579,0.550000011920929,0.550000011920929,0.5,0.75,0.44999998807907104,0.5,0.6499999761581421,0.6499999761581421,0.75,1.0,0.8500000238418579,0.5,0.550000011920929,0.5,0.550000011920929,0.44999998807907104,0.30000001192092896,0.0,0.30000001192092896,0.44999998807907104,0.550000011920929,0.5,0.5,0.550000011920929,0.8500000238418579,0.949999988079071,0.75,0.6000000238418579,0.75,0.5,0.44999998807907104,0.75,0.44999998807907104,0.6000000238418579,0.550000011920929,0.8500000238418579,0.6000000238418579,0.550000011920929,0.800000011920929,0.6499999761581421,0.3499999940395355,0.75,0.550000011920929,0.550000011920929,0.3499999940395355,0.6499999761581421,0.699999988079071,0.550000011920929,0.44999998807907104,0.699999988079071,0.75,0.6499999761581421,0.550000011920929,0.699999988079071,0.4000000059604645,0.44999998807907104,0.44999998807907104,0.44999998807907104,0.800000011920929,0.699999988079071,0.5,0.6000000238418579,0.8999999761581421,0.550000011920929,0.550000011920929,0.75,0.44999998807907104,0.75,0.3499999940395355,0.5,0.44999998807907104,0.550000011920929,0.699999988079071,0.75,0.6499999761581421,0.44999998807907104,0.3499999940395355,0.6000000238418579,0.6499999761581421,0.6499999761581421,0.75,0.6000000238418579,0.75,0.6000000238418579,0.4000000059604645,0.550000011920929,0.25,0.800000011920929,0.44999998807907104,0.5,0.44999998807907104,0.550000011920929,0.6000000238418579,0.699999988079071,0.25,0.550000011920929,0.6499999761581421,0.44999998807907104,0.699999988079071,0.3499999940395355,0.6499999761581421,0.5,0.550000011920929,0.949999988079071,0.5,0.550000011920929,0.6499999761581421,0.6499999761581421,0.4000000059604645,0.550000011920929,0.699999988079071,0.44999998807907104,0.75,0.6000000238418579,0.8500000238418579,0.6499999761581421,0.5,0.3499999940395355
0.05232558026909828,0.151162788271904,0.151162788271904,0.14534883201122284,0.1744185984134674,0.0872092992067337,0.18023255467414856,0.13953489065170288,0.1860465109348297,0.14534883201122284,0.10465116053819656,0.11046511679887772,0.1744185984134674,0.1627907007932663,0.19767442345619202,0.10465116053819656,0.14534883201122284,0.1860465109348297,0.15697674453258514,0.151162788271904,0.12790697813034058,0.151162788271904,0.13372093439102173,0.15697674453258514,0.16860465705394745,0.20930232107639313,0.2383720874786377,0.14534883201122284,0.1860465109348297,0.09302325546741486,0.13953489065170288,0.14534883201122284,0.11046511679887772,0.1744185984134674,0.13372093439102173,0.11627907305955887,0.12790697813034058,0.13953489065170288,0.11627907305955887,0.09302325546741486,0.1744185984134674,0.14534883201122284,0.15697674453258514,0.13953489065170288,0.2616279125213623,0.15697674453258514,0.10465116053819656,0.09302325546741486,0.1627907007932663,0.12790697813034058,0.15697674453258514,0.16860465705394745,0.1860465109348297,0.14534883201122284,0.1627907007932663,0.15697674453258514,0.2732558250427246,0.19767442345619202,0.19767442345619202,0.1627907007932663,0.1744185984134674,0.27906978130340576,0.20348836481571198,0.1744185984134674,0.21511627733707428,0.19186046719551086,0.22093023359775543,0.302325576543808,0.19186046719551086,0.19767442345619202,0.22674418985843658,0.302325576543808,0.3255814015865326,0.2732558250427246,0.35465115308761597,0.302325576543808,0.3895348906517029,0.4127906858921051,0.38372093439102173,0.4011628031730652,0.4011628031730652,0.5290697813034058,0.4651162922382355,0.569767415523529,0.5988371968269348,0.6162790656089783,0.680232584476471,0.6627907156944275,0.8604651093482971,0.8023256063461304,0.8662790656089783,0.895348846912384,0.8313953280448914,1.0,0.7674418687820435,0.41860464215278625,0.09302325546741486,0.0,0.0,0.0,0.0,0.0,0.0,0.0,0.075581394135952,0.39534884691238403,0.7732558250427246,0.9941860437393188,0.8430232405662537,0.895348846912384,0.8662790656089783,0.8081395626068115,0.8720930218696594,0.6511628031730652,0.680232584476471,0.6279069781303406,0.5988371968269348,0.5639534592628479,0.47093021869659424,0.5116279125213623,0.41860464215278625,0.40697672963142395,0.3895348906517029,0.39534884691238403,0.39534884691238403,0.3139534890651703,0.3488371968269348,0.27906978130340576,0.302325576543808,0.2906976640224457,0.25581395626068115,0.20348836481571198,0.19186046719551086,0.302325576543808,0.20930232107639313,0.19767442345619202,0.21511627733707428,0.18023255467414856,0.20348836481571198,0.27906978130340576,0.1627907007932663,0.1744185984134674,0.1860465109348297,0.20348836481571198,0.25,0.1860465109348297,0.15697674453258514,0.151162788271904,0.18023255467414856,0.16860465705394745,0.15697674453258514,0.13372093439102173,0.1627907007932663,0.0872092992067337,0.11046511679887772,0.15697674453258514,0.2616279125213623,0.13953489065170288,0.14534883201122284,0.151162788271904,0.1744185984134674,0.09883721172809601,0.11046511679887772,0.13372093439102173,0.13953489065170288,0.11046511679887772,0.13953489065170288,0.15697674453258514,0.12790697813034058,0.14534883201122284,0.12790697813034058,0.10465116053819656,0.18023255467414856,0.13953489065170288,0.2383720874786377,0.20930232107639313,0.18023255467414856,0.15697674453258514,0.12790697813034058,0.14534883201122284,0.12790697813034058,0.1627907007932663,0.15697674453258514,0.18023255467414856,0.14534883201122284,0.10465116053819656,0.20348836481571198,0.1627907007932663,0.1627907007932663,0.12209302186965942,0.10465116053819656,0.13372093439102173,0.19767442345619202,0.13372093439102173,0.1860465109348297,0.08139535039663315,0.1744185984134674,0.151162788271904,0.14534883201122284,0.151162788271904,0.058139536529779434
0.09872611612081528,0.2738853394985199,0.2229299396276474,0.19426751136779785,0.23248407244682312,0.25796177983283997,0.2261146456003189,0.23566879332065582,0.23885349929332733,0.24203822016716003,0.2229299396276474,0.24522292613983154,0.2738853394985199,0.2261146456003189,0.2292993664741516,0.19108280539512634,0.25796177983283997,0.21019108593463898,0.24203822016716003,0.20063693821430206,0.23885349929332733,0.19426751136779785,0.2165605127811432,0.19108280539512634,0.24840764701366425,0.18471337854862213,0.24522292613983154,0.30891719460487366,0.20700636506080627,0.2229299396276474,0.2738853394985199,0.19426751136779785,0.2229299396276474,0.20063693821430206,0.25796177983283997,0.2802547812461853,0.23566879332065582,0.23566879332065582,0.23566879332065582,0.2738853394985199,0.25477707386016846,0.23248407244682312,0.23566879332065582,0.23248407244682312,0.29936304688453674,0.2197452187538147,0.20063693821430206,0.24840764701366425,0.2802547812461853,0.23566879332065582,0.23885349929332733,0.25796177983283997,0.23566879332065582,0.30254778265953064,0.29617834091186523,0.2770700752735138,0.25796177983283997,0.29936304688453674,0.25477707386016846,0.30891719460487366,0.30573248863220215,0.3471337556838989,0.30891719460487366,0.2675159275531769,0.31210190057754517,0.30573248863220215,0.3216560482978821,0.3439490497112274,0.31847134232521057,0.42038217186927795,0.42675158381462097,0.42356687784194946,0.4012738764286041,0.4331210255622864,0.4394904375076294,0.4363057315349579,0.5668789744377136,0.4490445852279663,0.47770699858665466,0.4968152940273285,0.5955414175987244,0.5382165312767029,0.656050980091095,0.6815286874771118,0.7452229261398315,0.7675158977508545,0.7452229261398315,0.7707006335258484,0.7770700454711914,0.8407643437385559,0.987261176109314,0.8503184914588928,0.9585987329483032,0.8885350227355957,0.6019108295440674,0.30254778265953064,0.09554140269756317,0.1082802563905716,0.09872611612081528,0.06050955504179001,0.0,0.06050955504179001,0.09872611612081528,0.10509554296731949,0.09872611612081528,0.2866241931915283,0.5859872698783875,0.8917197585105896,0.9299362897872925,0.8630573153495789,1.0,0.8566879034042358,0.7866241931915283,0.7643312215805054,0.7515923380851746,0.7579618096351624,0.7356687784194946,0.6815286874771118,0.656050980091095,0.5445860028266907,0.6019108295440674,0.48407644033432007,0.47452229261398315,0.46496814489364624,0.5573248267173767,0.4331210255622864,0.4426751732826233,0.42993631958961487,0.41401273012161255,0.42993631958961487,0.42356687784194946,0.41719746589660645,0.31210190057754517,0.36305731534957886,0.31210190057754517,0.30573248863220215,0.31847134232521057,0.2707006335258484,0.30573248863220215,0.337579607963562,0.31210190057754517,0.30573248863220215,0.2611464858055115,0.29617834091186523,0.25159236788749695,0.2738853394985199,0.30573248863220215,0.30573248863220215,0.2292993664741516,0.25477707386016846,0.24522292613983154,0.2292993664741516,0.2770700752735138,0.25796177983283997,0.19745223224163055,0.2261146456003189,0.29936304688453674,0.23566879332065582,0.2292993664741516,0.2261146456003189,0.2611464858055115,0.2738853394985199,0.2292993664741516,0.24203822016716003,0.23248407244682312,0.2834394872188568,0.25796177983283997,0.20700636506080627,0.2197452187538147,0.19745223224163055,0.2738853394985199,0.21337579190731049,0.21019108593463898,0.30573248863220215,0.24840764701366425,0.17834395170211792,0.23885349929332733,0.20700636506080627,0.2165605127811432,0.20063693821430206,0.23566879332065582,0.20063693821430206,0.24203822016716003,0.21337579190731049,0.24840764701366425,0.20063693821430206,0.2261146456003189,0.2229299396276474,0.2738853394985199,0.24840764701366425,0.2229299396276474,0.24203822016716003,0.23566879332065582,0.23885349929332733,0.2197452187538147,0.25477707386016846,0.23566879332065582,0.19426751136779785,0.2292993664741516,0.2770700752735138,0.09872611612081528
0.1428571492433548,0.0,0.0,0.1428571492433548,0.0,0.2857142984867096,0.1428571492433548,0.1428571492433548,0.0,0.0,0.0,0.0,0.0,0.1428571492433548,0.2857142984867096,0.2857142984867096,0.0,0.0,0.0,0.1428571492433548,0.1428571492433548,0.1428571492433548,0.2857142984867096,0.1428571492433548,0.0,0.0,0.0,0.0,0.4285714328289032,0.0,0.0,0.1428571492433548,0.0,0.0,0.0,0.0,0.1428571492433548,0.2857142984867096,0.0,0.0,0.0,0.1428571492433548,0.0,0.1428571492433548,0.0,0.0,0.0,0.0,0.1428571492433548,0.1428571492433548,0.0,0.0,0.0,0.1428571492433548,0.1428571492433548,0.0,0.1428571492433548,0.1428571492433548,0.1428571492433548,0.1428571492433548,0.0,0.2857142984867096,0.0,0.1428571492433548,0.2857142984867096,0.4285714328289032,0.1428571492433548,0.0,0.1428571492433548,0.0,0.1428571492433548,0.2857142984867096,0.5714285969734192,0.1428571492433548,0.1428571492433548,0.0,0.1428571492433548,0.4285714328289032,0.0,0.1428571492433548,0.1428571492433548,0.1428571492433548,0.0,0.2857142984867096,0.1428571492433548,0.2857142984867096,0.0,0.2857142984867096,1.0,0.2857142984867096,0.2857142984867096,0.5714285969734192,0.4285714328289032,0.7142857313156128,0.4285714328289032,0.4285714328289032,0.0,0.0,0.0,0.0,0.0,0.0,0.0,0.0,0.0,0.4285714328289032,0.4285714328289032,0.7142857313156128,0.4285714328289032,0.5714285969734192,0.2857142984867096,0.2857142984867096,1.0,0.2857142984867096,0.0,0.2857142984867096,0.1428571492433548,0.2857142984867096,0.0,0.1428571492433548,0.1428571492433548,0.1428571492433548,0.0,0.4285714328289032,0.1428571492433548,0.0,0.1428571492433548,0.1428571492433548,0.5714285969734192,0.2857142984867096,0.1428571492433548,0.0,0.1428571492433548,0.0,0.1428571492433548,0.4285714328289032,0.2857142984867096,0.1428571492433548,0.0,0.2857142984867096,0.0,0.1428571492433548,0.1428571492433548,0.1428571492433548,0.1428571492433548,0.0,0.1428571492433548,0.1428571492433548,0.0,0.0,0.0,0.1428571492433548,0.1428571492433548,0.0,0.0,0.0,0.0,0.1428571492433548,0.0,0.1428571492433548,0.0,0.0,0.0,0.2857142984867096,0.1428571492433548,0.0,0.0,0.0,0.0,0.1428571492433548,0.0,0.0,0.4285714328289032,0.0,0.0,0.0,0.0,0.1428571492433548,0.2857142984867096,0.0,0.2857142984867096,0.1428571492433548,0.0,0.0,0.0,0.2857142984867096,0.2857142984867096,0.1428571492433548,0.0,0.0,0.0,0.0,0.0,0.1428571492433548,0.1428571492433548,0.2857142984867096,0.0,0.1428571492433548,0.0,0.0,0.1428571492433548
0.10294117778539658,0.20588235557079315,0.2647058963775635,0.22058823704719543,0.1764705926179886,0.30882352590560913,0.22058823704719543,0.29411765933036804,0.14705882966518402,0.29411765933036804,0.1617647111415863,0.20588235557079315,0.1617647111415863,0.1617647111415863,0.20588235557079315,0.22058823704719543,0.25,0.25,0.27941176295280457,0.14705882966518402,0.27941176295280457,0.1764705926179886,0.23529411852359772,0.22058823704719543,0.10294117778539658,0.14705882966518402,0.23529411852359772,0.30882352590560913,0.1617647111415863,0.20588235557079315,0.19117647409439087,0.1764705926179886,0.13235294818878174,0.14705882966518402,0.13235294818878174,0.2647058963775635,0.22058823704719543,0.25,0.22058823704719543,0.19117647409439087,0.23529411852359772,0.13235294818878174,0.20588235557079315,0.2647058963775635,0.1617647111415863,0.2647058963775635,0.2647058963775635,0.07352941483259201,0.30882352590560913,0.1764705926179886,0.22058823704719543,0.19117647409439087,0.19117647409439087,0.2647058963775635,0.27941176295280457,0.25,0.19117647409439087,0.23529411852359772,0.4264705777168274,0.2647058963775635,0.23529411852359772,0.3235294222831726,0.25,0.27941176295280457,0.3235294222831726,0.23529411852359772,0.30882352590560913,0.29411765933036804,0.3529411852359772,0.27941176295280457,0.2647058963775635,0.29411765933036804,0.5441176295280457,0.2647058963775635,0.30882352590560913,0.38235294818878174,0.3970588147640228,0.36764705181121826,0.5441176295280457,0.45588234066963196,0.3970588147640228,0.45588234066963196,0.6176470518112183,0.44117647409439087,0.6470588445663452,0.5882353186607361,0.6470588445663452,0.720588207244873,0.8235294222831726,0.7352941036224365,1.0,0.779411792755127,0.6617646813392639,0.45588234066963196,0.20588235557079315,0.11764705926179886,0.05882352963089943,0.07352941483259201,0.04411764815449715,0.029411764815449715,0.0,0.029411764815449715,0.04411764815449715,0.07352941483259201,0.05882352963089943,0.11764705926179886,0.19117647409439087,0.45588234066963196,0.6617646813392639,0.7647058963775635,0.9852941036224365,0.75,0.8529411554336548,0.6470588445663452,0.720588207244873,0.5588235259056091,0.6470588445663452,0.47058823704719543,0.6029411554336548,0.4117647111415863,0.45588234066963196,0.3970588147640228,0.6029411554336548,0.36764705181121826,0.3970588147640228,0.36764705181121826,0.30882352590560913,0.27941176295280457,0.529411792755127,0.30882352590560913,0.2647058963775635,0.2647058963775635,0.3529411852359772,0.30882352590560913,0.29411765933036804,0.23529411852359772,0.3235294222831726,0.27941176295280457,0.2647058963775635,0.30882352590560913,0.25,0.2647058963775635,0.3970588147640228,0.2647058963775635,0.19117647409439087,0.25,0.2647058963775635,0.27941176295280457,0.19117647409439087,0.19117647409439087,0.20588235557079315,0.1764705926179886,0.30882352590560913,0.0882352963089943,0.25,0.25,0.19117647409439087,0.2647058963775635,0.20588235557079315,0.13235294818878174,0.22058823704719543,0.1764705926179886,0.25,0.25,0.19117647409439087,0.29411765933036804,0.11764705926179886,0.1617647111415863,0.13235294818878174,0.1764705926179886,0.1617647111415863,0.23529411852359772,0.1617647111415863,0.30882352590560913,0.23529411852359772,0.14705882966518402,0.10294117778539658,0.22058823704719543,0.23529411852359772,0.1617647111415863,0.29411765933036804,0.13235294818878174,0.2647058963775635,0.27941176295280457,0.25,0.22058823704719543,0.20588235557079315,0.1617647111415863,0.1617647111415863,0.20588235557079315,0.1617647111415863,0.27941176295280457,0.1617647111415863,0.25,0.2647058963775635,0.29411765933036804,0.1764705926179886,0.23529411852359772,0.2647058963775635,0.19117647409439087,0.11764705926179886
0.04147465527057648,0.09216590225696564,0.05069124326109886,0.04608295112848282,0.0276497695595026,0.06912442296743393,0.02304147556424141,0.06451612710952759,0.07373271882534027,0.06451612710952759,0.10599078238010406,0.06451612710952759,0.09216590225696564,0.0552995391190052,0.059907834976911545,0.09216590225696564,0.04147465527057648,0.05069124326109886,0.08294931054115295,0.06912442296743393,0.07834101468324661,0.06451612710952759,0.059907834976911545,0.08294931054115295,0.059907834976911545,0.07834101468324661,0.05069124326109886,0.059907834976911545,0.032258063554763794,0.07834101468324661,0.0552995391190052,0.0552995391190052,0.06451612710952759,0.05069124326109886,0.06912442296743393,0.06451612710952759,0.06912442296743393,0.0552995391190052,0.08294931054115295,0.07373271882534027,0.06912442296743393,0.059907834976911545,0.05069124326109886,0.07373271882534027,0.06451612710952759,0.09677419066429138,0.09216590225696564,0.07373271882534027,0.09677419066429138,0.0552995391190052,0.08294931054115295,0.07373271882534027,0.07834101468324661,0.04608295112848282,0.06912442296743393,0.10138248652219772,0.09216590225696564,0.10138248652219772,0.08294931054115295,0.1428571492433548,0.07834101468324661,0.06912442296743393,0.11520737409591675,0.059907834976911545,0.11981566995382309,0.10138248652219772,0.09677419066429138,0.07373271882534027,0.1105990782380104,0.10138248652219772,0.19354838132858276,0.07834101468324661,0.17972350120544434,0.1428571492433548,0.15668202936649323,0.13364055752754211,0.17050690948963165,0.21658986806869507,0.20737327635288239,0.22580644488334656,0.23502303659915924,0.21198156476020813,0.2949308753013611,0.2764976918697357,0.3732718825340271,0.35944700241088867,0.35483869910240173,0.4423963129520416,0.4516128897666931,0.5345622301101685,0.5069124698638916,0.5437787771224976,0.7188940048217773,0.7926267385482788,1.0,0.7511520981788635,0.35483869910240173,0.009216589853167534,0.004608294926583767,0.0276497695595026,0.0,0.02304147556424141,0.009216589853167534,0.009216589853167534,0.299539178609848,0.7834101319313049,0.9861751198768616,0.8248847723007202,0.695852518081665,0.557603657245636,0.5115207433700562,0.5299538969993591,0.45622119307518005,0.43317973613739014,0.3640553057193756,0.35483869910240173,0.3732718825340271,0.25806450843811035,0.32258063554763794,0.20276497304439545,0.24423962831497192,0.2304147481918335,0.20737327635288239,0.20737327635288239,0.17050690948963165,0.1428571492433548,0.1428571492433548,0.1520737260580063,0.17972350120544434,0.07834101468324661,0.19354838132858276,0.0875576063990593,0.12903225421905518,0.06912442296743393,0.10138248652219772,0.10138248652219772,0.11981566995382309,0.05069124326109886,0.12442396581172943,0.06912442296743393,0.06912442296743393,0.1520737260580063,0.08294931054115295,0.0875576063990593,0.10599078238010406,0.10138248652219772,0.06912442296743393,0.04147465527057648,0.07834101468324661,0.07834101468324661,0.07834101468324661,0.059907834976911545,0.09677419066429138,0.06912442296743393,0.09677419066429138,0.09216590225696564,0.06451612710952759,0.07834101468324661,0.05069124326109886,0.059907834976911545,0.06912442296743393,0.07373271882534027,0.07834101468324661,0.0552995391190052,0.06912442296743393,0.06912442296743393,0.06451612710952759,0.05069124326109886,0.06912442296743393,0.05069124326109886,0.059907834976911545,0.07373271882534027,0.032258063554763794,0.06451612710952759,0.04608295112848282,0.08294931054115295,0.059907834976911545,0.07373271882534027,0.06912442296743393,0.06451612710952759,0.06912442296743393,0.07834101468324661,0.07834101468324661,0.0552995391190052,0.04147465527057648,0.09216590225696564,0.059907834976911545,0.0552995391190052,0.09216590225696564,0.06451612710952759,0.10599078238010406,0.06451612710952759,0.07373271882534027,0.06451612710952759,0.02304147556424141,0.059907834976911545,0.036866359412670135,0.04608295112848282,0.04608295112848282,0.09677419066429138,0.04147465527057648
0.04854368790984154,0.11650485545396805,0.1456310749053955,0.0776699036359787,0.08737864345312119,0.12621359527111053,0.10679611563682556,0.11650485545396805,0.10679611563682556,0.0776699036359787,0.09708737581968307,0.13592232763767242,0.13592232763767242,0.08737864345312119,0.12621359527111053,0.09708737581968307,0.13592232763767242,0.06796116381883621,0.09708737581968307,0.10679611563682556,0.09708737581968307,0.10679611563682556,0.1650485396385193,0.09708737581968307,0.12621359527111053,0.06796116381883621,0.08737864345312119,0.09708737581968307,0.10679611563682556,0.13592232763767242,0.08737864345312119,0.08737864345312119,0.09708737581968307,0.09708737581968307,0.11650485545396805,0.1456310749053955,0.10679611563682556,0.11650485545396805,0.12621359527111053,0.223300963640213,0.058252427726984024,0.11650485545396805,0.10679611563682556,0.17475728690624237,0.10679611563682556,0.17475728690624237,0.13592232763767242,0.17475728690624237,0.13592232763767242,0.08737864345312119,0.11650485545396805,0.10679611563682556,0.17475728690624237,0.13592232763767242,0.1650485396385193,0.1456310749053955,0.09708737581968307,0.18446601927280426,0.1650485396385193,0.1456310749053955,0.11650485545396805,0.10679611563682556,0.1456310749053955,0.26213592290878296,0.13592232763767242,0.2330097109079361,0.24271844327449799,0.1553398072719574,0.27184465527534485,0.2330097109079361,0.1456310749053955,0.2330097109079361,0.1650485396385193,0.26213592290878296,0.3203883469104767,0.3980582654476166,0.28155338764190674,0.40776699781417847,0.43689319491386414,0.42718446254730225,0.4660194218158722,0.553398072719574,0.49514561891555786,0.5631067752838135,0.5728155374526978,0.7475728392601013,0.582524299621582,0.5339806079864502,0.7572815418243408,0.893203854560852,1.0,0.9708737730979919,0.893203854560852,0.9611650705337524,0.7572815418243408,0.3689320385456085,0.04854368790984154,0.06796116381883621,0.06796116381883621,0.09708737581968307,0.0,0.09708737581968307,0.06796116381883621,0.058252427726984024,0.058252427726984024,0.33980581164360046,0.7766990065574646,0.9320388436317444,0.9223300814628601,0.9611650705337524,1.0,0.8737863898277283,0.7766990065574646,0.5145630836486816,0.6019417643547058,0.7572815418243408,0.582524299621582,0.5436893105506897,0.49514561891555786,0.5339806079864502,0.49514561891555786,0.42718446254730225,0.41747573018074036,0.3980582654476166,0.3106796145439148,0.40776699781417847,0.3009708821773529,0.26213592290878296,0.18446601927280426,0.2330097109079361,0.1456310749053955,0.2330097109079361,0.25242719054222107,0.17475728690624237,0.2330097109079361,0.2330097109079361,0.1456310749053955,0.24271844327449799,0.1650485396385193,0.10679611563682556,0.10679611563682556,0.1553398072719574,0.1456310749053955,0.19417475163936615,0.10679611563682556,0.1456310749053955,0.1650485396385193,0.12621359527111053,0.17475728690624237,0.11650485545396805,0.11650485545396805,0.08737864345312119,0.13592232763767242,0.1650485396385193,0.1456310749053955,0.1553398072719574,0.11650485545396805,0.1650485396385193,0.12621359527111053,0.11650485545396805,0.04854368790984154,0.2330097109079361,0.12621359527111053,0.10679611563682556,0.11650485545396805,0.13592232763767242,0.12621359527111053,0.09708737581968307,0.08737864345312119,0.09708737581968307,0.0776699036359787,0.1456310749053955,0.09708737581968307,0.10679611563682556,0.0776699036359787,0.0776699036359787,0.12621359527111053,0.09708737581968307,0.1650485396385193,0.10679611563682556,0.08737864345312119,0.11650485545396805,0.09708737581968307,0.06796116381883621,0.12621359527111053,0.10679611563682556,0.12621359527111053,0.08737864345312119,0.13592232763767242,0.12621359527111053,0.10679611563682556,0.06796116381883621,0.11650485545396805,0.09708737581968307,0.12621359527111053,0.11650485545396805,0.08737864345312119,0.08737864345312119,0.1456310749053955,0.11650485545396805,0.04854368790984154
0.1267605572938919,0.26056337356567383,0.19718310236930847,0.23239436745643616,0.26056337356567383,0.21830986440181732,0.19718310236930847,0.23943662643432617,0.2112676054239273,0.19718310236930847,0.19014084339141846,0.35915493965148926,0.2112676054239273,0.28169015049934387,0.18309858441352844,0.23239436745643616,0.2887323796749115,0.2042253464460373,0.19014084339141846,0.23239436745643616,0.2535211145877838,0.15492957830429077,0.26760563254356384,0.23943662643432617,0.21830986440181732,0.26760563254356384,0.246478870511055,0.28169015049934387,0.2957746386528015,0.23239436745643616,0.22535210847854614,0.26056337356567383,0.2535211145877838,0.2535211145877838,0.26760563254356384,0.23239436745643616,0.28169015049934387,0.28169015049934387,0.30281689763069153,0.2887323796749115,0.2535211145877838,0.27464789152145386,0.19014084339141846,0.26056337356567383,0.31690141558647156,0.2535211145877838,0.30985915660858154,0.34507042169570923,0.4084506928920746,0.4154929518699646,0.3380281627178192,0.23943662643432617,0.2535211145877838,0.31690141558647156,0.3732394278049469,0.26760563254356384,0.3802816867828369,0.3380281627178192,0.4084506928920746,0.4084506928920746,0.4647887349128723,0.38732394576072693,0.31690141558647156,0.3380281627178192,0.4647887349128723,0.42957746982574463,0.4084506928920746,0.47183099389076233,0.48591548204421997,0.44366195797920227,0.42957746982574463,0.51408451795578,0.5845070481300354,0.5985915660858154,0.5211267471313477,0.7253521084785461,0.5704225301742554,0.6056337952613831,0.591549277305603,0.6549295783042908,0.8661971688270569,0.8239436745643616,0.6971830725669861,0.7957746386528015,0.98591548204422,0.8098591566085815,0.8098591566085815,0.9577465057373047,0.922535240650177,0.9788732528686523,0.8802816867828369,0.6126760840415955,0.5704225301742554,0.34507042169570923,0.1690140813589096,0.007042253389954567,0.0,0.014084506779909134,0.0,0.007042253389954567,0.0,0.007042253389954567,0.0,0.014084506779909134,0.0,0.0,0.1690140813589096,0.3380281627178192,0.5211267471313477,0.6478873491287231,0.8450704216957092,1.0,0.9295774698257446,0.9507042169570923,0.8380281925201416,0.8028169274330139,1.0,0.7535211443901062,0.7112675905227661,0.8239436745643616,0.8802816867828369,0.6338028311729431,0.6126760840415955,0.6126760840415955,0.5633803009986877,0.7183098793029785,0.5352112650871277,0.591549277305603,0.591549277305603,0.5211267471313477,0.42957746982574463,0.4154929518699646,0.5070422291755676,0.4647887349128723,0.4084506928920746,0.42957746982574463,0.48591548204421997,0.3380281627178192,0.31690141558647156,0.35915493965148926,0.47887325286865234,0.4084506928920746,0.39436620473861694,0.35211268067359924,0.3732394278049469,0.26056337356567383,0.40140846371650696,0.30985915660858154,0.2535211145877838,0.23239436745643616,0.34507042169570923,0.4225352108478546,0.40140846371650696,0.31690141558647156,0.34507042169570923,0.2535211145877838,0.30281689763069153,0.26760563254356384,0.19718310236930847,0.26760563254356384,0.246478870511055,0.2957746386528015,0.30985915660858154,0.28169015049934387,0.26760563254356384,0.22535210847854614,0.28169015049934387,0.2535211145877838,0.26056337356567383,0.246478870511055,0.21830986440181732,0.246478870511055,0.28169015049934387,0.2887323796749115,0.26056337356567383,0.26056337356567383,0.21830986440181732,0.246478870511055,0.2535211145877838,0.1619718372821808,0.23943662643432617,0.246478870511055,0.19718310236930847,0.2042253464460373,0.26760563254356384,0.2535211145877838,0.18309858441352844,0.27464789152145386,0.21830986440181732,0.34507042169570923,0.2042253464460373,0.19718310236930847,0.19014084339141846,0.246478870511055,0.2112676054239273,0.2112676054239273,0.26760563254356384,0.21830986440181732,0.2112676054239273,0.246478870511055,0.14084507524967194
0.4225352108478546,0.6056337952613831,0.8028169274330139,0.6619718074798584,0.6338028311729431,0.6478873491287231,0.6619718074798584,0.6197183132171631,0.6619718074798584,0.6619718074798584,0.5070422291755676,0.7323943376541138,0.6901408433914185,0.6901408433914185,0.5070422291755676,0.577464759349823,0.6619718074798584,0.5352112650871277,0.6901408433914185,0.5070422291755676,0.7605633735656738,0.7323943376541138,0.591549277305603,0.5492957830429077,0.7323943376541138,0.6478873491287231,0.7042253613471985,0.7464788556098938,0.6901408433914185,0.47887325286865234,0.6478873491287231,0.6478873491287231,0.577464759349823,0.7464788556098938,0.5070422291755676,0.6338028311729431,0.4507042169570923,0.6901408433914185,0.4225352108478546,0.6197183132171631,0.7042253613471985,0.4507042169570923,0.591549277305603,0.4647887349128723,0.7605633735656738,0.47887325286865234,0.577464759349823,0.6901408433914185,0.5352112650871277,0.49295774102211,0.43661972880363464,0.6056337952613831,0.5633803009986877,0.4647887349128723,0.6197183132171631,0.577464759349823,0.43661972880363464,0.591549277305603,0.5211267471313477,0.6056337952613831,0.6056337952613831,0.47887325286865234,0.43661972880363464,0.4647887349128723,0.591549277305603,0.4225352108478546,0.5211267471313477,0.47887325286865234,0.5352112650871277,0.5070422291755676,0.6901408433914185,0.5070422291755676,0.5492957830429077,0.7323943376541138,0.7605633735656738,0.577464759349823,0.6478873491287231,0.6056337952613831,0.4647887349128723,0.6760563254356384,0.7887324094772339,0.8309859037399292,0.8169013857841492,0.6478873491287231,0.8028169274330139,0.7605633735656738,0.8309859037399292,0.8169013857841492,0.8309859037399292,0.8028169274330139,1.0,0.7042253613471985,0.7323943376541138,0.6338028311729431,0.5211267471313477,0.23943662643432617,0.0845070406794548,0.07042253762483597,0.0845070406794548,0.07042253762483597,0.0,0.07042253762483597,0.0845070406794548,0.07042253762483597,0.0845070406794548,0.19718310236930847,0.5211267471313477,0.6619718074798584,0.7323943376541138,0.7042253613471985,0.9577465057373047,0.8028169274330139,0.8309859037399292,0.7887324094772339,0.9014084339141846,0.7323943376541138,0.8169013857841492,0.6760563254356384,0.8028169274330139,0.8309859037399292,0.7746478915214539,0.6760563254356384,0.47887325286865234,0.6197183132171631,0.6338028311729431,0.5352112650871277,0.7605633735656738,0.7605633735656738,0.5633803009986877,0.5070422291755676,0.6760563254356384,0.5211267471313477,0.5352112650871277,0.49295774102211,0.5070422291755676,0.4225352108478546,0.6056337952613831,0.4507042169570923,0.4507042169570923,0.47887325286865234,0.591549277305603,0.6197183132171631,0.5070422291755676,0.591549277305603,0.4507042169570923,0.5352112650871277,0.6478873491287231,0.4507042169570923,0.591549277305603,0.6056337952613831,0.4225352108478546,0.5070422291755676,0.5211267471313477,0.7042253613471985,0.5633803009986877,0.4647887349128723,0.7746478915214539,0.47887325286865234,0.5492957830429077,0.49295774102211,0.7042253613471985,0.6056337952613831,0.35211268067359924,0.7183098793029785,0.49295774102211,0.6478873491287231,0.5070422291755676,0.7323943376541138,0.591549277305603,0.6478873491287231,0.6338028311729431,0.49295774102211,0.6760563254356384,0.7183098793029785,0.7183098793029785,0.6478873491287231,0.7323943376541138,0.5633803009986877,0.591549277305603,0.7464788556098938,0.7464788556098938,0.5211267471313477,0.6478873491287231,0.5492957830429077,0.6760563254356384,0.577464759349823,0.5070422291755676,0.6901408433914185,0.6619718074798584,0.7746478915214539,0.47887325286865234,0.6338028311729431,0.6901408433914185,0.6338028311729431,0.6478873491287231,0.6619718074798584,0.6197183132171631,0.6901408433914185,0.7464788556098938,0.6478873491287231,0.43661972880363464
0.1866028755903244,0.3779904246330261,0.4019138813018799,0.3684210479259491,0.35885167121887207,0.42105263471603394,0.3636363744735718,0.41626793146133423,0.35406699776649475,0.330143541097641,0.35406699776649475,0.4354066848754883,0.46411484479904175,0.440191388130188,0.3636363744735718,0.3779904246330261,0.35406699776649475,0.38277512788772583,0.3684210479259491,0.339712917804718,0.3253588378429413,0.3732057511806488,0.330143541097641,0.3971291780471802,0.31578946113586426,0.3444976210594177,0.3732057511806488,0.3444976210594177,0.4354066848754883,0.3732057511806488,0.31578946113586426,0.339712917804718,0.34928229451179504,0.34928229451179504,0.38755980134010315,0.38755980134010315,0.3444976210594177,0.4066985547542572,0.339712917804718,0.28229665756225586,0.3732057511806488,0.449760764837265,0.3349282443523407,0.3684210479259491,0.330143541097641,0.3349282443523407,0.3349282443523407,0.3732057511806488,0.339712917804718,0.38277512788772583,0.3444976210594177,0.339712917804718,0.3732057511806488,0.32057416439056396,0.27751195430755615,0.3014354109764099,0.27751195430755615,0.32057416439056396,0.3971291780471802,0.4019138813018799,0.3636363744735718,0.4019138813018799,0.4019138813018799,0.3684210479259491,0.30622008442878723,0.2918660342693329,0.3349282443523407,0.42105263471603394,0.3684210479259491,0.3684210479259491,0.4066985547542572,0.3684210479259491,0.3444976210594177,0.38277512788772583,0.5215311050415039,0.46411484479904175,0.5071770548820496,0.449760764837265,0.440191388130188,0.49760764837265015,0.5693780183792114,0.5885167717933655,0.5837320685386658,0.6028708219528198,0.6124401688575745,0.660287082195282,0.660287082195282,0.7703348994255066,0.6937798857688904,0.6937798857688904,0.7320573925971985,0.7846890091896057,0.7655502557754517,0.9904305934906006,0.9569377899169922,0.9377990365028381,0.5358851552009583,0.08612440526485443,0.009569377638399601,0.0047846888191998005,0.0,0.0047846888191998005,0.009569377638399601,0.08133970946073532,0.5167464017868042,0.9473684430122375,0.9425837397575378,1.0,0.7511961460113525,0.7894737124443054,0.7368420958518982,0.7033492922782898,0.6937798857688904,0.7511961460113525,0.6842105388641357,0.660287082195282,0.5980861186981201,0.6076555252075195,0.5837320685386658,0.5980861186981201,0.5550239086151123,0.5023923516273499,0.4449760913848877,0.4449760913848877,0.5119616985321045,0.45933014154434204,0.5023923516273499,0.41626793146133423,0.3444976210594177,0.35406699776649475,0.42105263471603394,0.3732057511806488,0.35885167121887207,0.4114832580089569,0.3444976210594177,0.2870813310146332,0.31578946113586426,0.3732057511806488,0.38755980134010315,0.4066985547542572,0.35406699776649475,0.41626793146133423,0.39234450459480286,0.31578946113586426,0.27272728085517883,0.31578946113586426,0.27751195430755615,0.31100478768348694,0.3779904246330261,0.3349282443523407,0.34928229451179504,0.38277512788772583,0.339712917804718,0.3684210479259491,0.339712917804718,0.3349282443523407,0.3349282443523407,0.3684210479259491,0.3349282443523407,0.440191388130188,0.38755980134010315,0.2679425776004791,0.34928229451179504,0.4114832580089569,0.339712917804718,0.35885167121887207,0.4019138813018799,0.34928229451179504,0.3636363744735718,0.3253588378429413,0.330143541097641,0.3444976210594177,0.440191388130188,0.3684210479259491,0.3684210479259491,0.3349282443523407,0.32057416439056396,0.4019138813018799,0.330143541097641,0.3732057511806488,0.32057416439056396,0.3349282443523407,0.3779904246330261,0.38755980134010315,0.34928229451179504,0.3636363744735718,0.3732057511806488,0.449760764837265,0.46411484479904175,0.42583730816841125,0.3444976210594177,0.339712917804718,0.35885167121887207,0.4019138813018799,0.3779904246330261,0.42583730816841125,0.35406699776649475,0.35885167121887207,0.4114832580089569,0.38277512788772583,0.19138756394386292
0.2222222238779068,0.4118773937225342,0.43869730830192566,0.477011501789093,0.4482758641242981,0.43486589193344116,0.43486589193344116,0.45785441994667053,0.46168583631515503,0.4080459773540497,0.45785441994667053,0.3850574791431427,0.43486589193344116,0.43103447556495667,0.4137931168079376,0.46168583631515503,0.524904191493988,0.4099617004394531,0.43103447556495667,0.3927203118801117,0.39846742153167725,0.4003831446170807,0.492337167263031,0.4214559495449066,0.4636015295982361,0.3927203118801117,0.42337164282798767,0.4099617004394531,0.4176245331764221,0.4674329459667206,0.484674334526062,0.4636015295982361,0.40613025426864624,0.4750957787036896,0.4252873659133911,0.3927203118801117,0.4521072804927826,0.38697317242622375,0.42337164282798767,0.42337164282798767,0.4406130313873291,0.4118773937225342,0.4080459773540497,0.4329501986503601,0.4176245331764221,0.4597701132297516,0.4042145609855652,0.4214559495449066,0.4042145609855652,0.4080459773540497,0.4252873659133911,0.4214559495449066,0.4444444477558136,0.45402297377586365,0.4482758641242981,0.45785441994667053,0.4521072804927826,0.4712643623352051,0.4808429181575775,0.4214559495449066,0.46168583631515503,0.484674334526062,0.45785441994667053,0.4291187822818756,0.484674334526062,0.524904191493988,0.49808427691459656,0.5134099721908569,0.5,0.48275861144065857,0.49808427691459656,0.5862069129943848,0.5747126340866089,0.5996168851852417,0.5632184147834778,0.568965494632721,0.5747126340866089,0.5670498013496399,0.6762452125549316,0.6513410210609436,0.6455938816070557,0.7049808502197266,0.7394636273384094,0.8065134286880493,0.7835249304771423,0.8812260627746582,0.8026819825172424,0.8773946166038513,0.9482758641242981,0.8735632300376892,0.9252873659133911,0.969348669052124,0.8448275923728943,0.8199234008789062,0.7624521255493164,0.515325665473938,0.36781609058380127,0.3218390941619873,0.2854406237602234,0.20114941895008087,0.0,0.19540229439735413,0.2854406237602234,0.31992337107658386,0.36206895112991333,0.5114942789077759,0.7471264600753784,0.8409961462020874,0.8065134286880493,1.0,0.9118773937225342,0.8812260627746582,0.9444444179534912,0.8620689511299133,0.8218390941619873,0.8831417560577393,0.7873563170433044,0.7854406237602234,0.7547892928123474,0.7011494040489197,0.6513410210609436,0.6609195470809937,0.6570881009101868,0.5823754668235779,0.5842911601066589,0.5517241358757019,0.5670498013496399,0.6034482717514038,0.5670498013496399,0.5785440802574158,0.522988498210907,0.4636015295982361,0.5134099721908569,0.5,0.507662832736969,0.522988498210907,0.4961685836315155,0.4291187822818756,0.45785441994667053,0.4808429181575775,0.45402297377586365,0.4329501986503601,0.4808429181575775,0.4674329459667206,0.44636014103889465,0.4674329459667206,0.4406130313873291,0.46168583631515503,0.4252873659133911,0.43103447556495667,0.4329501986503601,0.4080459773540497,0.4003831446170807,0.4118773937225342,0.4118773937225342,0.46168583631515503,0.4195402264595032,0.4329501986503601,0.4118773937225342,0.4003831446170807,0.4521072804927826,0.4118773937225342,0.4329501986503601,0.3850574791431427,0.45402297377586365,0.39463600516319275,0.4214559495449066,0.46168583631515503,0.4195402264595032,0.4674329459667206,0.4808429181575775,0.46168583631515503,0.4195402264595032,0.4118773937225342,0.4157088100910187,0.39846742153167725,0.4597701132297516,0.4157088100910187,0.507662832736969,0.39463600516319275,0.3850574791431427,0.4157088100910187,0.4157088100910187,0.4252873659133911,0.507662832736969,0.4750957787036896,0.4137931168079376,0.4252873659133911,0.4252873659133911,0.3965517282485962,0.4482758641242981,0.4195402264595032,0.45785441994667053,0.4482758641242981,0.44636014103889465,0.42720305919647217,0.4521072804927826,0.4674329459667206,0.4482758641242981,0.42337164282798767,0.22796934843063354
0.043478261679410934,0.08695652335882187,0.08695652335882187,0.21739129722118378,0.1304347813129425,0.1304347813129425,0.17391304671764374,0.21739129722118378,0.08695652335882187,0.17391304671764374,0.21739129722118378,0.043478261679410934,0.08695652335882187,0.260869562625885,0.08695652335882187,0.0,0.08695652335882187,0.1304347813129425,0.1304347813129425,0.08695652335882187,0.08695652335882187,0.0,0.08695652335882187,0.260869562625885,0.17391304671764374,0.1304347813129425,0.17391304671764374,0.1304347813129425,0.08695652335882187,0.043478261679410934,0.043478261679410934,0.1304347813129425,0.1304347813129425,0.17391304671764374,0.1304347813129425,0.08695652335882187,0.08695652335882187,0.1304347813129425,0.17391304671764374,0.08695652335882187,0.0,0.08695652335882187,0.08695652335882187,0.1304347813129425,0.30434781312942505,0.1304347813129425,0.1304347813129425,0.17391304671764374,0.08695652335882187,0.21739129722118378,0.1304347813129425,0.17391304671764374,0.17391304671764374,0.17391304671764374,0.1304347813129425,0.08695652335882187,0.1304347813129425,0.17391304671764374,0.21739129722118378,0.17391304671764374,0.1304347813129425,0.043478261679410934,0.1304347813129425,0.21739129722118378,0.08695652335882187,0.260869562625885,0.260869562625885,0.1304347813129425,0.30434781312942505,0.21739129722118378,0.30434781312942505,0.260869562625885,0.47826087474823,0.17391304671764374,0.21739129722118378,0.1304347813129425,0.17391304671764374,0.3478260934352875,0.260869562625885,0.3913043439388275,0.21739129722118378,0.260869562625885,0.3913043439388275,0.6086956262588501,0.43478259444236755,0.695652186870575,0.739130437374115,0.8260869383811951,0.695652186870575,0.782608687877655,0.739130437374115,0.95652174949646,0.739130437374115,0.739130437374115,0.695652186870575,0.21739129722118378,0.1304347813129425,0.043478261679410934,0.08695652335882187,0.08695652335882187,0.0,0.08695652335882187,0.08695652335882187,0.043478261679410934,0.1304347813129425,0.21739129722118378,0.695652186870575,0.739130437374115,0.6521739363670349,1.0,0.739130437374115,0.8260869383811951,0.695652186870575,0.782608687877655,0.782608687877655,0.6521739363670349,0.47826087474823,0.5652173757553101,0.43478259444236755,0.260869562625885,0.21739129722118378,0.3478260934352875,0.30434781312942505,0.3478260934352875,0.17391304671764374,0.1304347813129425,0.21739129722118378,0.17391304671764374,0.43478259444236755,0.30434781312942505,0.30434781312942505,0.21739129722118378,0.30434781312942505,0.1304347813129425,0.260869562625885,0.21739129722118378,0.1304347813129425,0.17391304671764374,0.17391304671764374,0.043478261679410934,0.08695652335882187,0.21739129722118378,0.21739129722118378,0.17391304671764374,0.1304347813129425,0.08695652335882187,0.1304347813129425,0.17391304671764374,0.17391304671764374,0.17391304671764374,0.1304347813129425,0.21739129722118378,0.08695652335882187,0.17391304671764374,0.08695652335882187,0.17391304671764374,0.30434781312942505,0.1304347813129425,0.08695652335882187,0.08695652335882187,0.0,0.043478261679410934,0.21739129722118378,0.1304347813129425,0.08695652335882187,0.08695652335882187,0.1304347813129425,0.17391304671764374,0.1304347813129425,0.1304347813129425,0.043478261679410934,0.043478261679410934,0.08695652335882187,0.1304347813129425,0.17391304671764374,0.1304347813129425,0.17391304671764374,0.260869562625885,0.08695652335882187,0.0,0.08695652335882187,0.08695652335882187,0.1304347813129425,0.1304347813129425,0.043478261679410934,0.043478261679410934,0.08695652335882187,0.260869562625885,0.08695652335882187,0.043478261679410934,0.21739129722118378,0.17391304671764374,0.08695652335882187,0.21739129722118378,0.1304347813129425,0.17391304671764374,0.08695652335882187,0.21739129722118378,0.1304347813129425,0.08695652335882187,0.043478261679410934
0.10898661613464355,0.1892925500869751,0.15678776800632477,0.15869981050491333,0.18546845018863678,0.19502867758274078,0.1892925500869751,0.20267686247825623,0.2045889049768448,0.1988527774810791,0.18738049268722534,0.1701720803976059,0.14722754061222076,0.19120459258556366,0.20267686247825623,0.20076481997966766,0.16252389550209045,0.17208412289619446,0.18164436519145966,0.19120459258556366,0.20650096237659454,0.1701720803976059,0.15296366810798645,0.24856597185134888,0.18355640769004822,0.19120459258556366,0.2045889049768448,0.17782026529312134,0.19120459258556366,0.21032504737377167,0.21223708987236023,0.17782026529312134,0.1644359529018402,0.24091778695583344,0.21223708987236023,0.17590822279453278,0.18164436519145966,0.1797323077917099,0.19502867758274078,0.1892925500869751,0.21032504737377167,0.15869981050491333,0.15869981050491333,0.19502867758274078,0.21032504737377167,0.21032504737377167,0.23135755956172943,0.19694072008132935,0.2084130048751831,0.20076481997966766,0.19120459258556366,0.24091778695583344,0.19694072008132935,0.18546845018863678,0.1739961802959442,0.21606118977069855,0.2562141418457031,0.2179732322692871,0.252390056848526,0.24474187195301056,0.23900572955608368,0.24856597185134888,0.24091778695583344,0.2275334596633911,0.19694072008132935,0.2676864266395569,0.25430211424827576,0.26386234164237976,0.26577436923980713,0.29827916622161865,0.26577436923980713,0.29827916622161865,0.2581261992454529,0.2963671088218689,0.3307839334011078,0.3059273362159729,0.31739962100982666,0.3479923605918884,0.3594646155834198,0.3881453275680542,0.43403440713882446,0.42447417974472046,0.43403440713882446,0.5411089658737183,0.504780113697052,0.6386232972145081,0.6615678668022156,0.6118546724319458,0.6367112994194031,0.6042065024375916,0.7189292311668396,0.8049713373184204,0.8164436221122742,0.8910133838653564,1.0,0.7093690037727356,0.145315483212471,0.05736137554049492,0.05927342176437378,0.03250477835536003,0.0,0.03059273399412632,0.06118546798825264,0.051625240594148636,0.135755255818367,0.6940726637840271,0.9827916026115417,0.9177820086479187,0.8145315647125244,0.8030592799186707,0.7246654033660889,0.5984703898429871,0.6443594694137573,0.609942615032196,0.6730401515960693,0.6347992420196533,0.5009559988975525,0.5411089658737183,0.4359464645385742,0.43021032214164734,0.4282982647418976,0.39005735516548157,0.3632887303829193,0.35181644558906555,0.3154875636100769,0.30401530861854553,0.31739962100982666,0.3154875636100769,0.25047799944877625,0.3021032512187958,0.26959848403930664,0.2925430238246918,0.2676864266395569,0.26195028424263,0.2562141418457031,0.26577436923980713,0.19694072008132935,0.23135755956172943,0.23709368705749512,0.24856597185134888,0.233269602060318,0.24856597185134888,0.2562141418457031,0.21988527476787567,0.25047799944877625,0.21223708987236023,0.18355640769004822,0.18738049268722534,0.1892925500869751,0.242829829454422,0.19311663508415222,0.20076481997966766,0.2045889049768448,0.19120459258556366,0.24474187195301056,0.20076481997966766,0.22179731726646423,0.1892925500869751,0.16252389550209045,0.1510516256093979,0.2141491323709488,0.18546845018863678,0.19120459258556366,0.18164436519145966,0.18546845018863678,0.17782026529312134,0.2141491323709488,0.23135755956172943,0.17208412289619446,0.17782026529312134,0.2141491323709488,0.19694072008132935,0.1988527774810791,0.18164436519145966,0.20650096237659454,0.18355640769004822,0.18738049268722534,0.24665391445159912,0.15869981050491333,0.1701720803976059,0.20650096237659454,0.18164436519145966,0.19311663508415222,0.16252389550209045,0.1644359529018402,0.2045889049768448,0.2045889049768448,0.19120459258556366,0.14722754061222076,0.16634799540042877,0.1892925500869751,0.19694072008132935,0.2045889049768448,0.20650096237659454,0.18355640769004822,0.1988527774810791,0.18164436519145966,0.16634799540042877,0.15678776800632477,0.18738049268722534,0.11281070858240128
0.06666667014360428,0.16249999403953552,0.1041666641831398,0.21250000596046448,0.17499999701976776,0.17916665971279144,0.17916665971279144,0.15416666865348816,0.19583334028720856,0.15833333134651184,0.1666666716337204,0.10833333432674408,0.1666666716337204,0.1875,0.17916665971279144,0.17499999701976776,0.22083333134651184,0.125,0.19166666269302368,0.15833333134651184,0.1875,0.23749999701976776,0.2291666716337204,0.2083333283662796,0.20000000298023224,0.14166666567325592,0.1875,0.18333333730697632,0.15833333134651184,0.1458333283662796,0.1666666716337204,0.25,0.15000000596046448,0.15000000596046448,0.19583334028720856,0.20000000298023224,0.15833333134651184,0.15000000596046448,0.2083333283662796,0.18333333730697632,0.22499999403953552,0.21666666865348816,0.23333333432674408,0.25,0.22499999403953552,0.21666666865348816,0.2541666626930237,0.1875,0.1458333283662796,0.2083333283662796,0.18333333730697632,0.2708333432674408,0.19583334028720856,0.25833332538604736,0.22499999403953552,0.23749999701976776,0.2874999940395355,0.27916666865348816,0.23749999701976776,0.2874999940395355,0.24166665971279144,0.2083333283662796,0.23749999701976776,0.28333333134651184,0.3083333373069763,0.24166665971279144,0.3291666805744171,0.3291666805744171,0.3375000059604645,0.30416667461395264,0.2541666626930237,0.4166666567325592,0.3916666805744171,0.3375000059604645,0.44999998807907104,0.40416666865348816,0.4208333194255829,0.47083333134651184,0.6666666865348816,0.550000011920929,0.5708333253860474,0.49166667461395264,0.6541666388511658,0.5874999761581421,0.6708333492279053,0.6875,0.800000011920929,0.9166666865348816,0.8458333611488342,0.862500011920929,0.9958333373069763,0.8583333492279053,0.800000011920929,0.6708333492279053,0.4583333432674408,0.16249999403953552,0.02083333395421505,0.0,0.0,0.004166666883975267,0.0,0.004166666883975267,0.0,0.0,0.01666666753590107,0.15000000596046448,0.46666666865348816,0.6333333253860474,0.824999988079071,0.8416666388511658,1.0,0.8500000238418579,0.8833333253860474,0.8916666507720947,0.8041666746139526,0.7083333134651184,0.6583333611488342,0.6000000238418579,0.6208333373069763,0.5166666507720947,0.5833333134651184,0.5333333611488342,0.6625000238418579,0.4833333194255829,0.42500001192092896,0.4000000059604645,0.44583332538604736,0.34166666865348816,0.3916666805744171,0.4166666567325592,0.24583333730697632,0.3083333373069763,0.34166666865348816,0.3333333432674408,0.32499998807907104,0.23749999701976776,0.3083333373069763,0.2958333194255829,0.23749999701976776,0.2083333283662796,0.23749999701976776,0.27916666865348816,0.24583333730697632,0.27916666865348816,0.2750000059604645,0.25,0.2291666716337204,0.2541666626930237,0.20000000298023224,0.2541666626930237,0.20000000298023224,0.20416666567325592,0.15000000596046448,0.19166666269302368,0.24583333730697632,0.22083333134651184,0.22083333134651184,0.25833332538604736,0.23333333432674408,0.21666666865348816,0.21666666865348816,0.1875,0.19166666269302368,0.1666666716337204,0.15833333134651184,0.20000000298023224,0.19583334028720856,0.15416666865348816,0.1458333283662796,0.25,0.15833333134651184,0.15416666865348816,0.16249999403953552,0.17916665971279144,0.1875,0.1458333283662796,0.1875,0.21666666865348816,0.2291666716337204,0.23749999701976776,0.18333333730697632,0.15416666865348816,0.19583334028720856,0.12916666269302368,0.21666666865348816,0.18333333730697632,0.17499999701976776,0.1875,0.17083333432674408,0.1041666641831398,0.1666666716337204,0.15416666865348816,0.1875,0.16249999403953552,0.18333333730697632,0.17083333432674408,0.1875,0.19583334028720856,0.11249999701976776,0.16249999403953552,0.07500000298023224
0.05045871436595917,0.0458715595304966,0.08715596050024033,0.06422018259763718,0.10091742873191833,0.11467889696359634,0.04128440469503403,0.0917431190609932,0.08256880939006805,0.11926605552434921,0.06880734115839005,0.05045871436595917,0.08715596050024033,0.08715596050024033,0.07339449226856232,0.07339449226856232,0.07798165082931519,0.0917431190609932,0.07339449226856232,0.0917431190609932,0.08256880939006805,0.06422018259763718,0.01834862306714058,0.1055045872926712,0.1055045872926712,0.06880734115839005,0.07339449226856232,0.0917431190609932,0.05045871436595917,0.10091742873191833,0.1055045872926712,0.11467889696359634,0.10091742873191833,0.07798165082931519,0.059633027762174606,0.06422018259763718,0.07798165082931519,0.08715596050024033,0.1376146823167801,0.10091742873191833,0.10091742873191833,0.10091742873191833,0.09633027762174606,0.09633027762174606,0.06422018259763718,0.0917431190609932,0.12385321408510208,0.0917431190609932,0.11926605552434921,0.12844036519527435,0.0917431190609932,0.12385321408510208,0.0917431190609932,0.1834862381219864,0.08256880939006805,0.1513761430978775,0.13302752375602722,0.14220184087753296,0.10091742873191833,0.14678898453712463,0.12844036519527435,0.12385321408510208,0.10091742873191833,0.12844036519527435,0.12844036519527435,0.1513761430978775,0.1376146823167801,0.16972477734088898,0.1376146823167801,0.15596330165863037,0.13302752375602722,0.17431192100048065,0.20642201602458954,0.1651376187801361,0.20642201602458954,0.22477063536643982,0.26146790385246277,0.31192660331726074,0.19266055524349213,0.26146790385246277,0.27981650829315186,0.29816514253616333,0.34403669834136963,0.4266054928302765,0.3899082541465759,0.44495412707328796,0.5091742873191833,0.5045871734619141,0.642201840877533,0.5,0.60550457239151,0.7385321259498596,0.857798159122467,1.0,0.8807339668273926,0.8211008906364441,0.3669724762439728,0.00917431153357029,0.0,0.0,0.0,0.0,0.0,0.00917431153357029,0.35321101546287537,0.8027523159980774,0.8807339668273926,1.0,0.853210985660553,0.747706413269043,0.6192660331726074,0.49082568287849426,0.6559633016586304,0.4954128563404083,0.5091742873191833,0.41743120551109314,0.4220183491706848,0.41743120551109314,0.35321101546287537,0.29357796907424927,0.2889908254146576,0.26146790385246277,0.1834862381219864,0.3302752375602722,0.25229358673095703,0.22018349170684814,0.21559633314609528,0.16972477734088898,0.197247713804245,0.17431192100048065,0.1376146823167801,0.1513761430978775,0.14220184087753296,0.16972477734088898,0.13302752375602722,0.1513761430978775,0.13302752375602722,0.13302752375602722,0.10091742873191833,0.12385321408510208,0.11467889696359634,0.15596330165863037,0.1055045872926712,0.14220184087753296,0.12385321408510208,0.1513761430978775,0.0917431190609932,0.17431192100048065,0.09633027762174606,0.12385321408510208,0.09633027762174606,0.12385321408510208,0.11467889696359634,0.10091742873191833,0.12385321408510208,0.0917431190609932,0.06422018259763718,0.09633027762174606,0.0917431190609932,0.1055045872926712,0.10091742873191833,0.09633027762174606,0.12844036519527435,0.09633027762174606,0.08256880939006805,0.06422018259763718,0.059633027762174606,0.07798165082931519,0.09633027762174606,0.11467889696359634,0.10091742873191833,0.11009174585342407,0.0458715595304966,0.0917431190609932,0.07798165082931519,0.06880734115839005,0.10091742873191833,0.11009174585342407,0.01834862306714058,0.06422018259763718,0.07339449226856232,0.09633027762174606,0.07798165082931519,0.0917431190609932,0.07798165082931519,0.07339449226856232,0.06880734115839005,0.0917431190609932,0.08256880939006805,0.055045872926712036,0.06880734115839005,0.10091742873191833,0.09633027762174606,0.08715596050024033,0.05045871436595917,0.11467889696359634,0.10091742873191833,0.06422018259763718,0.08256880939006805,0.05045871436595917,0.05045871436595917
0.19631901383399963,0.3190183937549591,0.3558282256126404,0.3619631826877594,0.4110429584980011,0.3128834366798401,0.30674847960472107,0.3619631826877594,0.29447853565216064,0.34355828166007996,0.4601227045059204,0.3680981695652008,0.3558282256126404,0.48466256260871887,0.3128834366798401,0.30061349272727966,0.3619631826877594,0.33128833770751953,0.33742332458496094,0.349693238735199,0.3251533806324005,0.3558282256126404,0.3251533806324005,0.3742331266403198,0.38036808371543884,0.3987730145454407,0.3742331266403198,0.30674847960472107,0.3128834366798401,0.3742331266403198,0.2638036906719208,0.25766870379447937,0.33128833770751953,0.2760736048221588,0.28834354877471924,0.3251533806324005,0.4049079716205597,0.4049079716205597,0.3742331266403198,0.30674847960472107,0.349693238735199,0.29447853565216064,0.29447853565216064,0.33128833770751953,0.2760736048221588,0.39263802766799927,0.30061349272727966,0.3619631826877594,0.33128833770751953,0.3619631826877594,0.28834354877471924,0.2638036906719208,0.30061349272727966,0.349693238735199,0.3619631826877594,0.3251533806324005,0.30674847960472107,0.34355828166007996,0.3251533806324005,0.3251533806324005,0.38036808371543884,0.30061349272727966,0.47852760553359985,0.34355828166007996,0.29447853565216064,0.33128833770751953,0.33128833770751953,0.34355828166007996,0.34355828166007996,0.3619631826877594,0.453987717628479,0.38650307059288025,0.44171780347824097,0.42944785952568054,0.4907975494861603,0.39263802766799927,0.5398772954940796,0.48466256260871887,0.47852760553359985,0.5828220844268799,0.5705521702766418,0.6073619723320007,0.7116564512252808,0.7668711543083191,0.7239263653755188,0.7607361674308777,0.8650306463241577,0.8588957190513611,0.9938650131225586,0.907975435256958,0.9202454090118408,0.8527607321739197,0.8650306463241577,0.7300613522529602,0.6809815764427185,0.2760736048221588,0.16564416885375977,0.16564416885375977,0.14723926782608032,0.042944785207509995,0.0,0.042944785207509995,0.14723926782608032,0.15950919687747955,0.17177914083003998,0.2760736048221588,0.6625766754150391,0.7361963391304016,0.8527607321739197,0.8282208442687988,0.9325153231620789,0.907975435256958,1.0,0.8527607321739197,0.8773006200790405,0.7730061411857605,0.7116564512252808,0.7791411280632019,0.7055214643478394,0.6073619723320007,0.5705521702766418,0.5950919985771179,0.44171780347824097,0.4969325065612793,0.5398772954940796,0.4110429584980011,0.4969325065612793,0.4171779155731201,0.44785276055336,0.38650307059288025,0.43558281660079956,0.38650307059288025,0.34355828166007996,0.34355828166007996,0.3251533806324005,0.33742332458496094,0.2760736048221588,0.349693238735199,0.47852760553359985,0.3190183937549591,0.3680981695652008,0.33128833770751953,0.3251533806324005,0.349693238735199,0.2822085916996002,0.34355828166007996,0.3558282256126404,0.3619631826877594,0.29447853565216064,0.24539877474308014,0.3128834366798401,0.34355828166007996,0.33128833770751953,0.3558282256126404,0.3251533806324005,0.38650307059288025,0.2699386477470398,0.3190183937549591,0.30674847960472107,0.30061349272727966,0.349693238735199,0.30061349272727966,0.38650307059288025,0.38036808371543884,0.4171779155731201,0.33128833770751953,0.29447853565216064,0.2638036906719208,0.33742332458496094,0.25766870379447937,0.25766870379447937,0.3558282256126404,0.3251533806324005,0.30674847960472107,0.38036808371543884,0.4110429584980011,0.3680981695652008,0.3680981695652008,0.33128833770751953,0.349693238735199,0.29447853565216064,0.39263802766799927,0.3251533806324005,0.349693238735199,0.33742332458496094,0.3190183937549591,0.30061349272727966,0.48466256260871887,0.3619631826877594,0.3680981695652008,0.4601227045059204,0.349693238735199,0.28834354877471924,0.3619631826877594,0.30674847960472107,0.3190183937549591,0.39263802766799927,0.38036808371543884,0.33128833770751953,0.34355828166007996,0.20245398581027985
0.0,0.0,0.0,0.0,0.0,0.0,0.0,0.3333333432674408,0.0,0.3333333432674408,0.0,0.0,0.0,0.0,0.0,0.3333333432674408,0.0,0.3333333432674408,0.0,0.3333333432674408,0.3333333432674408,0.0,0.0,0.0,0.0,0.0,0.0,0.3333333432674408,0.0,0.0,0.6666666865348816,0.0,0.0,0.0,0.0,0.3333333432674408,0.0,0.0,0.0,0.3333333432674408,0.0,0.0,0.3333333432674408,0.0,0.0,0.3333333432674408,0.0,0.0,0.0,0.0,0.0,0.3333333432674408,0.0,0.0,0.6666666865348816,0.3333333432674408,0.3333333432674408,0.3333333432674408,1.0,0.0,0.0,0.0,0.0,0.0,0.3333333432674408,0.3333333432674408,0.0,0.3333333432674408,0.0,0.0,0.0,0.0,0.6666666865348816,0.0,0.6666666865348816,0.6666666865348816,0.0,0.6666666865348816,0.3333333432674408,0.6666666865348816,0.3333333432674408,0.6666666865348816,0.6666666865348816,1.0,0.3333333432674408,0.3333333432674408,0.0,0.6666666865348816,1.0,0.0,0.3333333432674408,0.6666666865348816,0.3333333432674408,0.3333333432674408,0.6666666865348816,0.0,0.0,0.0,0.0,0.6666666865348816,0.0,0.6666666865348816,0.0,0.0,0.0,0.0,0.6666666865348816,0.3333333432674408,0.3333333432674408,0.6666666865348816,0.3333333432674408,0.0,1.0,0.6666666865348816,0.0,0.3333333432674408,0.3333333432674408,1.0,0.6666666865348816,0.6666666865348816,0.3333333432674408,0.6666666865348816,0.3333333432674408,0.6666666865348816,0.0,0.6666666865348816,0.6666666865348816,0.0,0.6666666865348816,0.0,0.0,0.0,0.0,0.3333333432674408,0.0,0.3333333432674408,0.3333333432674408,0.0,0.0,0.0,0.0,0.0,1.0,0.3333333432674408,0.3333333432674408,0.3333333432674408,0.6666666865348816,0.0,0.0,0.3333333432674408,0.0,0.0,0.0,0.0,0.0,0.3333333432674408,0.0,0.0,0.3333333432674408,0.0,0.0,0.3333333432674408,0.0,0.0,0.0,0.3333333432674408,0.0,0.0,0.0,0.0,0.6666666865348816,0.0,0.0,0.3333333432674408,0.0,0.0,0.0,0.0,0.0,0.0,0.0,0.6666666865348816,0.0,0.3333333432674408,0.0,0.3333333432674408,0.0,0.0,0.0,0.0,0.0,0.3333333432674408,0.0,0.3333333432674408,0.0,0.0,0.0,0.0,0.0,0.0,0.0
0.07207207381725311,0.054054055362939835,0.13513512909412384,0.0810810774564743,0.0810810774564743,0.09909909963607788,0.07207207381725311,0.13513512909412384,0.09009008854627609,0.14414414763450623,0.10810811072587967,0.027027027681469917,0.11711711436510086,0.06306306272745132,0.09909909963607788,0.09009008854627609,0.09909909963607788,0.1621621549129486,0.11711711436510086,0.09909909963607788,0.09909909963607788,0.0810810774564743,0.054054055362939835,0.12612612545490265,0.10810811072587967,0.0810810774564743,0.09909909963607788,0.12612612545490265,0.045045044273138046,0.11711711436510086,0.12612612545490265,0.10810811072587967,0.10810811072587967,0.10810811072587967,0.0810810774564743,0.0810810774564743,0.10810811072587967,0.09909909963607788,0.18018017709255219,0.06306306272745132,0.12612612545490265,0.10810811072587967,0.12612612545490265,0.06306306272745132,0.09009008854627609,0.12612612545490265,0.171171173453331,0.10810811072587967,0.0810810774564743,0.19819819927215576,0.14414414763450623,0.10810811072587967,0.13513512909412384,0.20720720291137695,0.054054055362939835,0.18918919563293457,0.14414414763450623,0.171171173453331,0.07207207381725311,0.1621621549129486,0.12612612545490265,0.13513512909412384,0.09909909963607788,0.13513512909412384,0.171171173453331,0.171171173453331,0.13513512909412384,0.15315315127372742,0.15315315127372742,0.171171173453331,0.18018017709255219,0.20720720291137695,0.20720720291137695,0.19819819927215576,0.2432432472705841,0.22522522509098053,0.28828829526901245,0.342342346906662,0.20720720291137695,0.2522522509098053,0.38738739490509033,0.36936935782432556,0.3333333432674408,0.36036035418510437,0.3963963985443115,0.36936935782432556,0.5675675868988037,0.5405405163764954,0.6666666865348816,0.4864864945411682,0.792792797088623,0.7747747898101807,0.9639639854431152,0.9639639854431152,0.954954981803894,0.954954981803894,0.38738739490509033,0.009009009227156639,0.018018018454313278,0.009009009227156639,0.0,0.009009009227156639,0.018018018454313278,0.009009009227156639,0.36936935782432556,0.9459459185600281,0.9369369149208069,1.0,0.9459459185600281,0.7747747898101807,0.792792797088623,0.4954954981803894,0.6756756901741028,0.522522509098053,0.5675675868988037,0.36936935782432556,0.4144144058227539,0.36036035418510437,0.342342346906662,0.342342346906662,0.4054054021835327,0.2612612545490265,0.18918919563293457,0.342342346906662,0.30630630254745483,0.21621622145175934,0.2522522509098053,0.19819819927215576,0.20720720291137695,0.19819819927215576,0.18018017709255219,0.14414414763450623,0.18918919563293457,0.15315315127372742,0.13513512909412384,0.1621621549129486,0.1621621549129486,0.15315315127372742,0.09909909963607788,0.12612612545490265,0.12612612545490265,0.15315315127372742,0.09009008854627609,0.171171173453331,0.13513512909412384,0.18018017709255219,0.06306306272745132,0.21621622145175934,0.12612612545490265,0.10810811072587967,0.14414414763450623,0.20720720291137695,0.0810810774564743,0.10810811072587967,0.1621621549129486,0.12612612545490265,0.09009008854627609,0.07207207381725311,0.11711711436510086,0.11711711436510086,0.12612612545490265,0.06306306272745132,0.1621621549129486,0.11711711436510086,0.10810811072587967,0.0810810774564743,0.0810810774564743,0.10810811072587967,0.10810811072587967,0.09909909963607788,0.12612612545490265,0.11711711436510086,0.054054055362939835,0.12612612545490265,0.09909909963607788,0.0810810774564743,0.10810811072587967,0.12612612545490265,0.054054055362939835,0.0810810774564743,0.09909909963607788,0.09009008854627609,0.12612612545490265,0.1621621549129486,0.09909909963607788,0.09009008854627609,0.09909909963607788,0.06306306272745132,0.09909909963607788,0.045045044273138046,0.10810811072587967,0.13513512909412384,0.09009008854627609,0.13513512909412384,0.07207207381725311,0.10810811072587967,0.0810810774564743,0.0810810774564743,0.13513512909412384,0.054054055362939835,0.07207207381725311
0.095238097012043,0.3571428656578064,0.369047611951828,0.511904776096344,0.3452380895614624,0.3095238208770752,0.4285714328289032,0.3333333432674408,0.4166666567325592,0.4404761791229248,0.4047619104385376,0.380952388048172,0.369047611951828,0.2976190447807312,0.2976190447807312,0.3333333432674408,0.3095238208770752,0.3095238208770752,0.4523809552192688,0.2976190447807312,0.4047619104385376,0.4642857015132904,0.3214285671710968,0.369047611951828,0.3095238208770752,0.3928571343421936,0.3333333432674408,0.3928571343421936,0.3928571343421936,0.3095238208770752,0.2738095223903656,0.3571428656578064,0.3214285671710968,0.380952388048172,0.2857142984867096,0.4285714328289032,0.2857142984867096,0.3214285671710968,0.2857142984867096,0.4285714328289032,0.369047611951828,0.4285714328289032,0.3214285671710968,0.3333333432674408,0.2380952388048172,0.3333333432674408,0.3333333432674408,0.3452380895614624,0.369047611951828,0.2857142984867096,0.25,0.2738095223903656,0.3095238208770752,0.3214285671710968,0.3571428656578064,0.2976190447807312,0.25,0.4404761791229248,0.4285714328289032,0.3333333432674408,0.3333333432674408,0.3452380895614624,0.369047611951828,0.25,0.380952388048172,0.4285714328289032,0.380952388048172,0.2976190447807312,0.369047611951828,0.5476190447807312,0.3095238208770752,0.380952388048172,0.4285714328289032,0.3452380895614624,0.4047619104385376,0.4285714328289032,0.4047619104385376,0.488095223903656,0.523809552192688,0.488095223903656,0.6547619104385376,0.5476190447807312,0.6428571343421936,0.5714285969734192,0.75,0.7976190447807312,0.738095223903656,0.8452380895614624,0.9404761791229248,0.9285714030265808,0.9642857313156128,0.988095223903656,0.9523809552192688,0.988095223903656,0.761904776096344,0.4642857015132904,0.1190476194024086,0.0714285746216774,0.02380952425301075,0.0357142873108387,0.0,0.0357142873108387,0.02380952425301075,0.0714285746216774,0.1190476194024086,0.4285714328289032,0.773809552192688,0.988095223903656,0.9642857313156128,1.0,0.9642857313156128,0.9166666865348816,0.9404761791229248,0.8452380895614624,0.726190447807312,0.8095238208770752,0.738095223903656,0.5595238208770752,0.6547619104385376,0.5595238208770752,0.6428571343421936,0.5,0.5,0.5,0.4047619104385376,0.4523809552192688,0.380952388048172,0.3571428656578064,0.4404761791229248,0.369047611951828,0.3214285671710968,0.5357142686843872,0.3571428656578064,0.3095238208770752,0.369047611951828,0.4285714328289032,0.380952388048172,0.261904776096344,0.380952388048172,0.3452380895614624,0.3333333432674408,0.3333333432674408,0.4166666567325592,0.4285714328289032,0.2738095223903656,0.2857142984867096,0.369047611951828,0.3214285671710968,0.2976190447807312,0.261904776096344,0.261904776096344,0.2976190447807312,0.369047611951828,0.3214285671710968,0.3095238208770752,0.369047611951828,0.25,0.3333333432674408,0.2976190447807312,0.4523809552192688,0.369047611951828,0.4047619104385376,0.3095238208770752,0.3095238208770752,0.2857142984867096,0.4285714328289032,0.2976190447807312,0.380952388048172,0.2976190447807312,0.380952388048172,0.261904776096344,0.2857142984867096,0.4047619104385376,0.4166666567325592,0.3095238208770752,0.4166666567325592,0.3095238208770752,0.3571428656578064,0.3095238208770752,0.488095223903656,0.380952388048172,0.3214285671710968,0.4523809552192688,0.2857142984867096,0.3333333432674408,0.2976190447807312,0.3214285671710968,0.3095238208770752,0.369047611951828,0.380952388048172,0.380952388048172,0.4404761791229248,0.4166666567325592,0.3452380895614624,0.4404761791229248,0.3095238208770752,0.3452380895614624,0.511904776096344,0.369047611951828,0.3452380895614624,0.1071428582072258
0.10526315867900848,0.10526315867900848,0.10526315867900848,0.15789473056793213,0.21052631735801697,0.10526315867900848,0.15789473056793213,0.0,0.05263157933950424,0.10526315867900848,0.05263157933950424,0.05263157933950424,0.15789473056793213,0.15789473056793213,0.05263157933950424,0.10526315867900848,0.05263157933950424,0.05263157933950424,0.15789473056793213,0.05263157933950424,0.10526315867900848,0.10526315867900848,0.10526315867900848,0.0,0.15789473056793213,0.05263157933950424,0.0,0.10526315867900848,0.0,0.05263157933950424,0.0,0.10526315867900848,0.10526315867900848,0.21052631735801697,0.10526315867900848,0.21052631735801697,0.21052631735801697,0.2631579041481018,0.2631579041481018,0.21052631735801697,0.3684210479259491,0.10526315867900848,0.15789473056793213,0.15789473056793213,0.05263157933950424,0.05263157933950424,0.10526315867900848,0.05263157933950424,0.2631579041481018,0.05263157933950424,0.31578946113586426,0.31578946113586426,0.05263157933950424,0.05263157933950424,0.10526315867900848,0.0,0.15789473056793213,0.05263157933950424,0.10526315867900848,0.15789473056793213,0.05263157933950424,0.21052631735801697,0.15789473056793213,0.10526315867900848,0.10526315867900848,0.10526315867900848,0.3684210479259491,0.15789473056793213,0.31578946113586426,0.15789473056793213,0.15789473056793213,0.21052631735801697,0.42105263471603394,0.21052631735801697,0.10526315867900848,0.05263157933950424,0.2631579041481018,0.10526315867900848,0.15789473056793213,0.5789473652839661,0.31578946113586426,0.6315789222717285,0.4736842215061188,0.4736842215061188,0.5263158082962036,0.8421052694320679,0.5789473652839661,0.6315789222717285,0.8421052694320679,0.7368420958518982,1.0,0.9473684430122375,0.8947368264198303,0.7894737124443054,0.5263158082962036,0.10526315867900848,0.10526315867900848,0.0,0.10526315867900848,0.0,0.0,0.0,0.10526315867900848,0.0,0.10526315867900848,0.10526315867900848,0.5263158082962036,0.7894737124443054,0.8421052694320679,1.0,0.8947368264198303,0.7894737124443054,0.8947368264198303,0.6315789222717285,0.5263158082962036,0.8421052694320679,0.5263158082962036,0.5263158082962036,0.4736842215061188,0.6315789222717285,0.31578946113586426,0.5789473652839661,0.10526315867900848,0.15789473056793213,0.2631579041481018,0.05263157933950424,0.05263157933950424,0.2631579041481018,0.42105263471603394,0.15789473056793213,0.21052631735801697,0.15789473056793213,0.31578946113586426,0.15789473056793213,0.3684210479259491,0.10526315867900848,0.10526315867900848,0.10526315867900848,0.15789473056793213,0.21052631735801697,0.05263157933950424,0.15789473056793213,0.10526315867900848,0.05263157933950424,0.15789473056793213,0.0,0.10526315867900848,0.05263157933950424,0.05263157933950424,0.31578946113586426,0.31578946113586426,0.0,0.31578946113586426,0.05263157933950424,0.10526315867900848,0.05263157933950424,0.05263157933950424,0.15789473056793213,0.15789473056793213,0.10526315867900848,0.3684210479259491,0.21052631735801697,0.21052631735801697,0.2631579041481018,0.2631579041481018,0.21052631735801697,0.05263157933950424,0.21052631735801697,0.15789473056793213,0.10526315867900848,0.0,0.05263157933950424,0.0,0.10526315867900848,0.0,0.05263157933950424,0.15789473056793213,0.0,0.10526315867900848,0.10526315867900848,0.10526315867900848,0.05263157933950424,0.10526315867900848,0.10526315867900848,0.05263157933950424,0.10526315867900848,0.05263157933950424,0.15789473056793213,0.15789473056793213,0.05263157933950424,0.05263157933950424,0.10526315867900848,0.05263157933950424,0.0,0.15789473056793213,0.10526315867900848,0.21052631735801697,0.15789473056793213,0.10526315867900848,0.10526315867900848,0.10526315867900848
0.18543046712875366,0.2715231776237488,0.2384105920791626,0.3178808093070984,0.37748345732688904,0.29139071702957153,0.26490065455436707,0.3576158881187439,0.33774834871292114,0.3907284736633301,0.2384105920791626,0.34437087178230286,0.33112582564353943,0.3112582862377167,0.3245033025741577,0.33774834871292114,0.3245033025741577,0.2450331151485443,0.2715231776237488,0.25827813148498535,0.37748345732688904,0.3112582862377167,0.29801324009895325,0.3178808093070984,0.3576158881187439,0.4370861053466797,0.2384105920791626,0.29139071702957153,0.33112582564353943,0.4039735198020935,0.3509933650493622,0.30463576316833496,0.3245033025741577,0.3509933650493622,0.2781457006931305,0.34437087178230286,0.34437087178230286,0.3112582862377167,0.2781457006931305,0.33112582564353943,0.3178808093070984,0.29139071702957153,0.38410595059394836,0.29801324009895325,0.30463576316833496,0.3708609342575073,0.22516556084156036,0.3112582862377167,0.251655638217926,0.3708609342575073,0.29801324009895325,0.3178808093070984,0.3112582862377167,0.33112582564353943,0.33112582564353943,0.3112582862377167,0.2847682237625122,0.2715231776237488,0.3509933650493622,0.3708609342575073,0.3907284736633301,0.3973509967327118,0.3112582862377167,0.4370861053466797,0.26490065455436707,0.3576158881187439,0.3509933650493622,0.46357616782188416,0.3973509967327118,0.41059601306915283,0.3907284736633301,0.34437087178230286,0.5165562629699707,0.41721853613853455,0.4900662302970886,0.4503311216831207,0.4900662302970886,0.556291401386261,0.6423841118812561,0.5496688485145569,0.6291390657424927,0.6887417435646057,0.6887417435646057,0.7152317762374878,0.6158940196037292,0.7284768223762512,0.7748344540596008,0.8013244867324829,0.8410596251487732,0.7350993156433105,0.9470198750495911,0.8145695328712463,0.8344370722770691,0.5827814340591431,0.41721853613853455,0.22516556084156036,0.07284767925739288,0.1589404046535492,0.07284767925739288,0.0397351011633873,0.0,0.0397351011633873,0.05960264801979065,0.1589404046535492,0.0794702023267746,0.22516556084156036,0.3973509967327118,0.5894039869308472,0.8211920261383057,0.7880794405937195,1.0,0.7152317762374878,0.8543046116828918,0.7947019934654236,0.7682119011878967,0.7218543291091919,0.6225165724754333,0.695364236831665,0.7086092829704285,0.6887417435646057,0.6423841118812561,0.5496688485145569,0.6423841118812561,0.5430463552474976,0.5099337697029114,0.430463582277298,0.5099337697029114,0.4039735198020935,0.5298013091087341,0.3509933650493622,0.3708609342575073,0.3973509967327118,0.41059601306915283,0.4768211841583252,0.3576158881187439,0.34437087178230286,0.2781457006931305,0.430463582277298,0.3112582862377167,0.3973509967327118,0.37748345732688904,0.3907284736633301,0.33112582564353943,0.26490065455436707,0.30463576316833496,0.30463576316833496,0.3178808093070984,0.3576158881187439,0.29801324009895325,0.3112582862377167,0.3112582862377167,0.3708609342575073,0.251655638217926,0.3178808093070984,0.21192052960395813,0.3576158881187439,0.33112582564353943,0.29801324009895325,0.3509933650493622,0.3178808093070984,0.3178808093070984,0.3245033025741577,0.2715231776237488,0.33112582564353943,0.3245033025741577,0.34437087178230286,0.29139071702957153,0.34437087178230286,0.33774834871292114,0.29801324009895325,0.3509933650493622,0.4039735198020935,0.33112582564353943,0.29139071702957153,0.2450331151485443,0.4039735198020935,0.37748345732688904,0.33112582564353943,0.2847682237625122,0.3112582862377167,0.3708609342575073,0.26490065455436707,0.2715231776237488,0.2450331151485443,0.33112582564353943,0.34437087178230286,0.29139071702957153,0.34437087178230286,0.3245033025741577,0.34437087178230286,0.2450331151485443,0.37748345732688904,0.34437087178230286,0.3642384111881256,0.25827813148498535,0.2847682237625122,0.3642384111881256,0.3245033025741577,0.251655638217926,0.26490065455436707,0.1986754983663559
0.08950617164373398,0.15123456716537476,0.2253086417913437,0.15740740299224854,0.15740740299224854,0.1944444477558136,0.2191358059644699,0.15123456716537476,0.1697530895471573,0.1635802537202835,0.16049382090568542,0.17901234328746796,0.1944444477558136,0.23765432834625244,0.20370370149612427,0.18209876120090485,0.1358024626970291,0.15740740299224854,0.20987653732299805,0.21604938805103302,0.1913580298423767,0.2253086417913437,0.20370370149612427,0.21296297013759613,0.20370370149612427,0.20370370149612427,0.2253086417913437,0.18518517911434174,0.1944444477558136,0.20679011940956116,0.23148147761821747,0.21296297013759613,0.1666666716337204,0.23148147761821747,0.20679011940956116,0.21296297013759613,0.1913580298423767,0.17901234328746796,0.1913580298423767,0.21296297013759613,0.2191358059644699,0.23148147761821747,0.23148147761821747,0.18518517911434174,0.20987653732299805,0.24382716417312622,0.20370370149612427,0.28703704476356506,0.26234567165374756,0.2191358059644699,0.2222222238779068,0.2222222238779068,0.32407405972480774,0.29320988059043884,0.24382716417312622,0.31790122389793396,0.26543208956718445,0.2469135820865631,0.26234567165374756,0.3024691343307495,0.29012346267700195,0.3024691343307495,0.3580246865749359,0.34876543283462524,0.37654322385787964,0.2839506268501282,0.354938268661499,0.395061731338501,0.4166666567325592,0.3827160596847534,0.3580246865749359,0.4382716119289398,0.45370370149612427,0.5216049551963806,0.5987654328346252,0.5092592835426331,0.5246913433074951,0.5987654328346252,0.540123462677002,0.6172839403152466,0.7407407164573669,0.7067901492118835,0.6512345671653748,0.7993826866149902,0.7808641791343689,0.6635802388191223,0.845678985118866,0.9197530746459961,1.0,0.9722222089767456,0.9351851940155029,0.9012345671653748,0.7993826866149902,0.6327160596847534,0.3858024775981903,0.1111111119389534,0.009259259328246117,0.0,0.003086419776082039,0.0,0.0,0.0,0.003086419776082039,0.0,0.009259259328246117,0.10493826866149902,0.37962964177131653,0.6172839403152466,0.8148148059844971,0.8765432238578796,0.9537037014961243,0.9722222089767456,0.9907407164573669,0.9197530746459961,0.8580247163772583,0.6728395223617554,0.7746913433074951,0.7808641791343689,0.6481481194496155,0.7253086566925049,0.7283950448036194,0.6327160596847534,0.5339506268501282,0.6111111044883728,0.5185185074806213,0.5092592835426331,0.5833333134651184,0.5277777910232544,0.45679011940956116,0.4506172835826874,0.3580246865749359,0.37345677614212036,0.4135802388191223,0.40432098507881165,0.34876543283462524,0.2839506268501282,0.3827160596847534,0.3364197611808777,0.3580246865749359,0.31481480598449707,0.29012346267700195,0.29629629850387573,0.26543208956718445,0.25,0.2716049253940582,0.3086419701576233,0.2530864179134369,0.29012346267700195,0.31481480598449707,0.23148147761821747,0.2191358059644699,0.2222222238779068,0.2469135820865631,0.2993827164173126,0.20370370149612427,0.24382716417312622,0.20679011940956116,0.1944444477558136,0.23148147761821747,0.22839505970478058,0.21604938805103302,0.2222222238779068,0.18209876120090485,0.18518517911434174,0.17592592537403107,0.2253086417913437,0.20987653732299805,0.2253086417913437,0.1697530895471573,0.20987653732299805,0.23765432834625244,0.20370370149612427,0.20061728358268738,0.18209876120090485,0.2222222238779068,0.20370370149612427,0.1975308656692505,0.2253086417913437,0.1975308656692505,0.22839505970478058,0.18827161192893982,0.2191358059644699,0.20987653732299805,0.15432098507881165,0.1358024626970291,0.18209876120090485,0.1975308656692505,0.2469135820865631,0.18827161192893982,0.17901234328746796,0.1697530895471573,0.16049382090568542,0.1666666716337204,0.14814814925193787,0.2253086417913437,0.1975308656692505,0.14814814925193787,0.1635802537202835,0.22839505970478058,0.1419753134250641,0.09876543283462524
0.06763284653425217,0.1111111119389534,0.06763284653425217,0.14492753148078918,0.14009661972522736,0.1304347813129425,0.13526569306850433,0.15458936989307404,0.14009661972522736,0.1304347813129425,0.13526569306850433,0.07246376574039459,0.12560386955738068,0.1835748851299286,0.14009661972522736,0.12077295035123825,0.15942029654979706,0.10628019273281097,0.1304347813129425,0.14009661972522736,0.1497584581375122,0.17391304671764374,0.16908212006092072,0.17391304671764374,0.1642512083053589,0.0917874425649643,0.1642512083053589,0.1111111119389534,0.13526569306850433,0.1111111119389534,0.10628019273281097,0.2028985470533371,0.14009661972522736,0.10628019273281097,0.15458936989307404,0.14009661972522736,0.13526569306850433,0.11594203114509583,0.14492753148078918,0.17391304671764374,0.14492753148078918,0.1304347813129425,0.19323670864105225,0.1497584581375122,0.17874395847320557,0.1642512083053589,0.16908212006092072,0.15458936989307404,0.12077295035123825,0.15458936989307404,0.14492753148078918,0.16908212006092072,0.1642512083053589,0.17874395847320557,0.17874395847320557,0.2222222238779068,0.24637681245803833,0.21739129722118378,0.2028985470533371,0.18840579688549042,0.18840579688549042,0.17874395847320557,0.2028985470533371,0.2028985470533371,0.2415459007024765,0.21256038546562195,0.28502416610717773,0.256038635969162,0.2801932394504547,0.24637681245803833,0.23188406229019165,0.3478260934352875,0.32367148995399475,0.2946859896183014,0.3333333432674408,0.3526569902896881,0.3333333432674408,0.4106280207633972,0.5555555820465088,0.5169082283973694,0.48792269825935364,0.4492753744125366,0.6086956262588501,0.5410627722740173,0.5314009785652161,0.6473429799079895,0.7632850408554077,0.748792290687561,0.7584540843963623,0.7874395847320557,1.0,0.7632850408554077,0.7536231875419617,0.6328502297401428,0.4251207709312439,0.14009661972522736,0.019323671236634254,0.0,0.009661835618317127,0.004830917809158564,0.0,0.004830917809158564,0.009661835618317127,0.0,0.009661835618317127,0.12560386955738068,0.43478259444236755,0.6135265827178955,0.7584540843963623,0.772946834564209,0.990338146686554,0.782608687877655,0.7922705411911011,0.7149758338928223,0.7874395847320557,0.6473429799079895,0.5169082283973694,0.5458937287330627,0.5893719792366028,0.47342994809150696,0.5024154782295227,0.483091801404953,0.5748792290687561,0.4106280207633972,0.33816424012184143,0.3478260934352875,0.3333333432674408,0.28985506296157837,0.3188405930995941,0.3719806671142578,0.23188406229019165,0.2415459007024765,0.2753623127937317,0.256038635969162,0.28985506296157837,0.20772947371006012,0.23671497404575348,0.21739129722118378,0.2028985470533371,0.16908212006092072,0.19323670864105225,0.18840579688549042,0.19806763529777527,0.2222222238779068,0.23188406229019165,0.22705313563346863,0.19323670864105225,0.17391304671764374,0.16908212006092072,0.15942029654979706,0.1497584581375122,0.15458936989307404,0.11594203114509583,0.15458936989307404,0.17391304671764374,0.1642512083053589,0.1835748851299286,0.1497584581375122,0.19323670864105225,0.1304347813129425,0.14492753148078918,0.1642512083053589,0.1497584581375122,0.1111111119389534,0.13526569306850433,0.14009661972522736,0.1642512083053589,0.10144927352666855,0.13526569306850433,0.20772947371006012,0.1111111119389534,0.1111111119389534,0.13526569306850433,0.10628019273281097,0.16908212006092072,0.0917874425649643,0.15942029654979706,0.17391304671764374,0.17391304671764374,0.16908212006092072,0.14492753148078918,0.13526569306850433,0.14009661972522736,0.10628019273281097,0.1642512083053589,0.12077295035123825,0.14009661972522736,0.1835748851299286,0.12560386955738068,0.07246376574039459,0.1304347813129425,0.1304347813129425,0.14009661972522736,0.15942029654979706,0.13526569306850433,0.12560386955738068,0.14492753148078918,0.14009661972522736,0.06280193477869034,0.11594203114509583,0.07246376574039459
0.2760975658893585,0.49365854263305664,0.5219511985778809,0.5131707191467285,0.5707316994667053,0.5258536338806152,0.5248780250549316,0.5580487847328186,0.5121951103210449,0.5404878258705139,0.4848780632019043,0.5424390435218811,0.5043902397155762,0.502439022064209,0.4985365867614746,0.528780460357666,0.5414634346961975,0.5385366082191467,0.5385366082191467,0.5453658699989319,0.561951220035553,0.5336585640907288,0.5209755897521973,0.5326829552650452,0.5307316780090332,0.5199999809265137,0.5482926964759827,0.5248780250549316,0.5902438759803772,0.5473170876502991,0.5746341347694397,0.5443902611732483,0.5248780250549316,0.5034146308898926,0.5395122170448303,0.5102438926696777,0.5678048729896545,0.535609781742096,0.5121951103210449,0.523902416229248,0.5326829552650452,0.5473170876502991,0.5512195229530334,0.5482926964759827,0.535609781742096,0.552195131778717,0.535609781742096,0.5395122170448303,0.5492683053016663,0.557073175907135,0.5443902611732483,0.5921950936317444,0.5697560906410217,0.5209755897521973,0.5278048515319824,0.5463414788246155,0.6039024591445923,0.5902438759803772,0.6048780679702759,0.5531707406044006,0.561951220035553,0.5921950936317444,0.5853658318519592,0.5892682671546936,0.5736585259437561,0.6048780679702759,0.6253658533096313,0.6234146356582642,0.6243902444839478,0.6565853953361511,0.6273170709609985,0.6341463327407837,0.6195122003555298,0.6175609827041626,0.676097571849823,0.6917073130607605,0.6497560739517212,0.7082926630973816,0.70243901014328,0.7180487513542175,0.7297561168670654,0.7375609874725342,0.8048780560493469,0.8175609707832336,0.8253658413887024,0.8282926678657532,0.8682926893234253,0.8780487775802612,0.9619511961936951,0.9268292784690857,0.9278048872947693,0.9707317352294922,1.0,0.9463414549827576,0.831219494342804,0.5219511985778809,0.24292683601379395,0.15902438759803772,0.15512195229530334,0.10926829278469086,0.0,0.10634146630764008,0.15317073464393616,0.1599999964237213,0.23219512403011322,0.5248780250549316,0.8185365796089172,0.9375609755516052,0.9912195205688477,0.9619511961936951,0.9385365843772888,0.9424390196800232,0.9560975432395935,0.8751219511032104,0.8731707334518433,0.8273170590400696,0.8341463208198547,0.8078048825263977,0.8156097531318665,0.7336585521697998,0.730731725692749,0.7082926630973816,0.7082926630973816,0.7160975337028503,0.6517072916030884,0.6858536601066589,0.6673170924186707,0.6282926797866821,0.6234146356582642,0.6312195062637329,0.6263414621353149,0.6556097269058228,0.6224390268325806,0.621463418006897,0.6331707239151001,0.5873170495033264,0.58829265832901,0.5912194848060608,0.5843902230262756,0.6000000238418579,0.5560975670814514,0.5502439141273499,0.6019512414932251,0.5970731973648071,0.5941463708877563,0.5580487847328186,0.5229268074035645,0.5317073464393616,0.5678048729896545,0.5775609612464905,0.5531707406044006,0.552195131778717,0.5531707406044006,0.5317073464393616,0.5482926964759827,0.5473170876502991,0.535609781742096,0.5473170876502991,0.552195131778717,0.5492683053016663,0.5317073464393616,0.5190243721008301,0.5121951103210449,0.535609781742096,0.5717073082923889,0.5102438926696777,0.5434146523475647,0.49560976028442383,0.5297560691833496,0.5443902611732483,0.566829264163971,0.5443902611732483,0.593170702457428,0.5346341729164124,0.5453658699989319,0.523902416229248,0.528780460357666,0.5336585640907288,0.5151219367980957,0.5336585640907288,0.5609756112098694,0.5473170876502991,0.5443902611732483,0.5395122170448303,0.5346341729164124,0.5346341729164124,0.49560976028442383,0.5092682838439941,0.4985365867614746,0.5307316780090332,0.4965853691101074,0.5375609993934631,0.5180487632751465,0.5453658699989319,0.5346341729164124,0.5258536338806152,0.5639024376869202,0.5141463279724121,0.5229268074035645,0.5043902397155762,0.28585365414619446
0.4075983166694641,0.8090874552726746,0.8633065819740295,0.8627338409423828,0.843069851398468,0.8400152921676636,0.846697211265564,0.8146238923072815,0.8451699018478394,0.8541427850723267,0.8591065406799316,0.8358151912689209,0.8382970690727234,0.8388698101043701,0.8465062975883484,0.8692249059677124,0.8258877396583557,0.8447880744934082,0.8390607237815857,0.8409698605537415,0.8337151408195496,0.8468881249427795,0.8591065406799316,0.8577701449394226,0.8606338500976562,0.8560519218444824,0.8409698605537415,0.8428789377212524,0.832187831401825,0.8768613934516907,0.8547155261039734,0.8438335061073303,0.8405880331993103,0.8451699018478394,0.8665521144866943,0.848033607006073,0.8638793230056763,0.8787705302238464,0.8841160535812378,0.8697976469993591,0.8579610586166382,0.8785796165466309,0.852615475654602,0.8865979313850403,0.8797250986099243,0.8583428859710693,0.8711340427398682,0.8799160122871399,0.8547155261039734,0.8627338409423828,0.8594883680343628,0.894043505191803,0.8545246124267578,0.8930889368057251,0.8709431290626526,0.8822069764137268,0.909889280796051,0.8665521144866943,0.9079801440238953,0.8873615860939026,0.8951889872550964,0.9314624071121216,0.9205803871154785,0.9077892303466797,0.9278350472450256,0.9018709659576416,0.9270713925361633,0.9041618704795837,0.9324169754981995,0.9427262544631958,0.9066437482833862,0.9327988028526306,0.959526538848877,0.9364261031150818,0.9684994220733643,0.9637266397476196,0.9652538895606995,0.991790771484375,0.9637266397476196,0.9977090358734131,0.9910271167755127,0.9982817769050598,0.9761359095573425,0.991790771484375,0.9770904779434204,0.9543718695640564,0.8705613017082214,0.8579610586166382,0.7919052839279175,0.7134402394294739,0.629247784614563,0.5326460599899292,0.44406262040138245,0.3529973328113556,0.26670485734939575,0.1870943158864975,0.14089347422122955,0.11836578696966171,0.14261168241500854,0.10939289629459381,0.0,0.10442917048931122,0.14337533712387085,0.11798396706581116,0.13898435235023499,0.18728522956371307,0.26575028896331787,0.34593355655670166,0.4371897578239441,0.5330278873443604,0.6344024538993835,0.7096219658851624,0.787514328956604,0.8508973121643066,0.8757159113883972,0.9457808136940002,0.9780450463294983,0.9847269654273987,0.9900725483894348,0.9915998578071594,0.9957998991012573,0.9948453903198242,0.9574264883995056,1.0,0.9583810567855835,0.963535726070404,0.9650629758834839,0.9429171681404114,0.9631538987159729,0.9331806302070618,0.9095074534416199,0.9375715851783752,0.9335624575614929,0.8991981744766235,0.9320351481437683,0.8969072103500366,0.9320351481437683,0.908552885055542,0.9253531694412231,0.9284077882766724,0.8913707733154297,0.894043505191803,0.9018709659576416,0.865788459777832,0.9028255343437195,0.8906071186065674,0.8759068250656128,0.894043505191803,0.8550973534584045,0.8860251903533936,0.8661702871322632,0.863115668296814,0.8487972617149353,0.8713249564170837,0.8801069259643555,0.8652157187461853,0.8829705715179443,0.880297839641571,0.8518518805503845,0.8778159618377686,0.8592974543571472,0.8625429272651672,0.8764795660972595,0.8938525915145874,0.8617793321609497,0.8573883175849915,0.8638793230056763,0.8455517292022705,0.8392516374588013,0.8417335152626038,0.8499427437782288,0.8696067333221436,0.844406247138977,0.8405880331993103,0.8407789468765259,0.854906439781189,0.8633065819740295,0.8602520227432251,0.8577701449394226,0.8424971103668213,0.8241695165634155,0.8482245206832886,0.8413516879081726,0.8520427346229553,0.8207331299781799,0.8736158609390259,0.8419243693351746,0.8424971103668213,0.8331423997879028,0.8306605815887451,0.8678885102272034,0.8453608155250549,0.8545246124267578,0.8140511512756348,0.8482245206832886,0.8379152417182922,0.844406247138977,0.8585337996482849,0.8571974039077759,0.8153875470161438,0.4369988441467285
0.09246575087308884,0.13013698160648346,0.13698630034923553,0.11301369965076447,0.14041095972061157,0.16780821979045868,0.15068493783473969,0.1438356190919876,0.10616438090801239,0.20205479860305786,0.14041095972061157,0.16438356041908264,0.14041095972061157,0.12328767031431198,0.13013698160648346,0.14041095972061157,0.15410958230495453,0.12328767031431198,0.09246575087308884,0.1164383590221405,0.15068493783473969,0.15753424167633057,0.14041095972061157,0.14041095972061157,0.13013698160648346,0.1335616409778595,0.14726027846336365,0.1609589010477066,0.13013698160648346,0.1780821979045868,0.16438356041908264,0.12671232223510742,0.12328767031431198,0.11986301094293594,0.11301369965076447,0.1335616409778595,0.15753424167633057,0.1609589010477066,0.14041095972061157,0.16438356041908264,0.18493150174617767,0.12671232223510742,0.15753424167633057,0.15410958230495453,0.1438356190919876,0.16438356041908264,0.13698630034923553,0.12671232223510742,0.19178082048892975,0.18150684237480164,0.13698630034923553,0.12671232223510742,0.14726027846336365,0.18150684237480164,0.15410958230495453,0.16780821979045868,0.1883561611175537,0.16780821979045868,0.21232876181602478,0.14726027846336365,0.15410958230495453,0.20205479860305786,0.17465753853321075,0.20205479860305786,0.21232876181602478,0.1883561611175537,0.2397260218858719,0.21917808055877686,0.24315068125724792,0.21232876181602478,0.22945205867290497,0.21575342118740082,0.30821916460990906,0.29109588265419006,0.32534247636795044,0.33561643958091736,0.3047945201396942,0.3835616409778595,0.36301368474960327,0.38698631525039673,0.42465752363204956,0.534246563911438,0.5,0.49657535552978516,0.6335616707801819,0.5890411138534546,0.6883561611175537,0.6609588861465454,0.6301369667053223,0.8219178318977356,0.8321917653083801,0.9794520735740662,0.948630154132843,0.8493150472640991,0.7054794430732727,0.2705479562282562,0.034246575087308884,0.0,0.0034246575087308884,0.02054794505238533,0.0,0.02054794505238533,0.0034246575087308884,0.0,0.027397260069847107,0.267123281955719,0.681506872177124,0.8493150472640991,0.931506872177124,1.0,0.8219178318977356,0.8219178318977356,0.664383590221405,0.6472602486610413,0.6883561611175537,0.5821917653083801,0.6438356041908264,0.5,0.5068492889404297,0.5239726305007935,0.42465752363204956,0.3938356041908264,0.36986300349235535,0.38013699650764465,0.30136987566947937,0.3321917951107025,0.3219178020954132,0.29794520139694214,0.30136987566947937,0.2226027399301529,0.2226027399301529,0.2226027399301529,0.2397260218858719,0.21575342118740082,0.24315068125724792,0.1952054798603058,0.20890410244464874,0.2054794579744339,0.17465753853321075,0.20205479860305786,0.14726027846336365,0.14726027846336365,0.2226027399301529,0.16780821979045868,0.18493150174617767,0.17123287916183472,0.1438356190919876,0.1780821979045868,0.15753424167633057,0.12671232223510742,0.13013698160648346,0.1780821979045868,0.1952054798603058,0.13013698160648346,0.1438356190919876,0.15753424167633057,0.14726027846336365,0.15068493783473969,0.15753424167633057,0.12328767031431198,0.19178082048892975,0.15753424167633057,0.1438356190919876,0.16438356041908264,0.15753424167633057,0.1335616409778595,0.11301369965076447,0.1164383590221405,0.13013698160648346,0.1164383590221405,0.17465753853321075,0.15410958230495453,0.15068493783473969,0.15753424167633057,0.15410958230495453,0.12328767031431198,0.13698630034923553,0.13698630034923553,0.1438356190919876,0.15068493783473969,0.15068493783473969,0.1164383590221405,0.09931506961584091,0.12328767031431198,0.15410958230495453,0.1438356190919876,0.12671232223510742,0.1164383590221405,0.1438356190919876,0.16438356041908264,0.14726027846336365,0.1883561611175537,0.1164383590221405,0.14041095972061157,0.15068493783473969,0.16780821979045868,0.1438356190919876,0.10958904027938843,0.13698630034923553,0.1335616409778595,0.09589041024446487
0.25,0.375,0.5,0.25,0.125,0.125,0.375,0.375,0.25,0.375,0.5,0.625,0.25,0.375,0.0,0.0,0.5,0.25,0.0,0.25,0.375,0.375,0.25,0.25,0.75,0.125,0.0,0.375,0.5,0.25,0.5,0.25,0.5,0.375,0.125,0.125,0.75,0.5,0.25,0.25,0.25,0.0,0.375,0.0,0.375,0.375,0.625,0.5,0.25,0.125,0.25,0.125,0.125,0.125,0.375,0.125,0.125,0.125,0.125,0.0,1.0,0.5,0.25,0.375,0.5,0.125,0.25,0.375,0.375,0.75,0.25,0.625,0.125,0.625,0.375,0.5,0.5,0.25,0.25,0.0,0.375,0.75,0.375,0.5,0.625,0.5,0.5,0.875,0.25,0.5,0.625,0.25,0.625,0.125,0.25,0.25,0.125,0.25,0.125,0.375,0.0,0.25,0.25,0.25,0.125,0.25,0.25,0.125,0.625,0.25,0.625,0.5,0.25,0.875,0.5,0.5,0.5,0.625,0.375,0.75,0.375,0.0,0.25,0.25,0.5,0.5,0.375,0.625,0.125,0.625,0.25,0.75,0.25,0.5,0.25,0.125,0.5,0.25,0.375,0.5,1.0,0.0,0.125,0.125,0.125,0.125,0.375,0.125,0.125,0.125,0.25,0.125,0.25,0.5,0.5,0.5,0.375,0.0,0.375,0.0,0.25,0.25,0.25,0.5,0.75,0.125,0.125,0.375,0.5,0.25,0.5,0.25,0.5,0.375,0.0,0.125,0.75,0.125,0.375,0.375,0.375,0.25,0.0,0.25,0.5,0.0,0.0,0.375,0.25,0.625,0.5,0.375,0.25,0.375,0.375,0.125,0.125,0.25,0.5,0.375,0.25
0.2666666805744171,0.5,0.5666666626930237,0.5166666507720947,0.6833333373069763,0.4000000059604645,0.38333332538604736,0.5666666626930237,0.3499999940395355,0.4166666567325592,0.2666666805744171,0.38333332538604736,0.5666666626930237,0.44999998807907104,0.3499999940395355,0.5166666507720947,0.3166666626930237,0.6000000238418579,0.36666667461395264,0.44999998807907104,0.46666666865348816,0.30000001192092896,0.38333332538604736,0.4333333373069763,0.3333333432674408,0.2666666805744171,0.3499999940395355,0.36666667461395264,0.36666667461395264,0.4166666567325592,0.4166666567325592,0.23333333432674408,0.28333333134651184,0.4333333373069763,0.30000001192092896,0.4333333373069763,0.38333332538604736,0.3166666626930237,0.21666666865348816,0.3499999940395355,0.3499999940395355,0.4000000059604645,0.4333333373069763,0.36666667461395264,0.28333333134651184,0.28333333134651184,0.2666666805744171,0.38333332538604736,0.2666666805744171,0.3499999940395355,0.1666666716337204,0.18333333730697632,0.23333333432674408,0.3333333432674408,0.21666666865348816,0.38333332538604736,0.3166666626930237,0.36666667461395264,0.2666666805744171,0.3333333432674408,0.3499999940395355,0.30000001192092896,0.38333332538604736,0.4166666567325592,0.3499999940395355,0.36666667461395264,0.25,0.5666666626930237,0.4166666567325592,0.44999998807907104,0.5333333611488342,0.46666666865348816,0.699999988079071,0.5333333611488342,0.44999998807907104,0.6000000238418579,0.8500000238418579,0.6666666865348816,0.6499999761581421,0.8166666626930237,0.7833333611488342,0.8833333253860474,0.8500000238418579,0.949999988079071,0.9833333492279053,1.0,0.7166666388511658,0.800000011920929,0.4166666567325592,0.5166666507720947,0.38333332538604736,0.21666666865348816,0.0833333358168602,0.10000000149011612,0.03333333507180214,0.03333333507180214,0.06666667014360428,0.10000000149011612,0.10000000149011612,0.05000000074505806,0.0,0.03333333507180214,0.11666666716337204,0.10000000149011612,0.05000000074505806,0.05000000074505806,0.03333333507180214,0.10000000149011612,0.0833333358168602,0.21666666865348816,0.36666667461395264,0.5,0.44999998807907104,0.7833333611488342,0.7333333492279053,0.9333333373069763,0.9666666388511658,0.9833333492279053,0.8999999761581421,0.8500000238418579,0.800000011920929,0.8166666626930237,0.6499999761581421,0.6666666865348816,0.8500000238418579,0.5833333134651184,0.46666666865348816,0.550000011920929,0.699999988079071,0.4166666567325592,0.5833333134651184,0.4333333373069763,0.4166666567325592,0.550000011920929,0.28333333134651184,0.36666667461395264,0.3333333432674408,0.4333333373069763,0.38333332538604736,0.30000001192092896,0.3499999940395355,0.30000001192092896,0.30000001192092896,0.3499999940395355,0.3333333432674408,0.36666667461395264,0.23333333432674408,0.3333333432674408,0.20000000298023224,0.21666666865348816,0.1666666716337204,0.3166666626930237,0.30000001192092896,0.38333332538604736,0.2666666805744171,0.28333333134651184,0.25,0.38333332538604736,0.44999998807907104,0.4000000059604645,0.3499999940395355,0.3166666626930237,0.25,0.30000001192092896,0.38333332538604736,0.4333333373069763,0.3166666626930237,0.4333333373069763,0.28333333134651184,0.21666666865348816,0.4333333373069763,0.38333332538604736,0.38333332538604736,0.38333332538604736,0.3333333432674408,0.28333333134651184,0.3333333432674408,0.4166666567325592,0.4000000059604645,0.30000001192092896,0.44999998807907104,0.44999998807907104,0.38333332538604736,0.5833333134651184,0.3166666626930237,0.5166666507720947,0.36666667461395264,0.4333333373069763,0.5833333134651184,0.38333332538604736,0.2666666805744171,0.4000000059604645,0.36666667461395264,0.550000011920929,0.4000000059604645,0.4000000059604645,0.6499999761581421,0.5333333611488342,0.5333333611488342,0.5333333611488342,0.28333333134651184
0.10924369841814041,0.24369747936725616,0.2857142984867096,0.26050421595573425,0.20168067514896393,0.24369747936725616,0.32773110270500183,0.2689075767993927,0.36974790692329407,0.2521008551120758,0.31092438101768494,0.22689075767993927,0.3025210201740265,0.24369747936725616,0.24369747936725616,0.22689075767993927,0.31092438101768494,0.3613445460796356,0.20168067514896393,0.2521008551120758,0.32773110270500183,0.23529411852359772,0.18487395346164703,0.32773110270500183,0.20168067514896393,0.2857142984867096,0.27731093764305115,0.2521008551120758,0.27731093764305115,0.19327731430530548,0.26050421595573425,0.29411765933036804,0.24369747936725616,0.26050421595573425,0.2857142984867096,0.3445378243923187,0.2857142984867096,0.3193277418613434,0.21008403599262238,0.2857142984867096,0.2857142984867096,0.2521008551120758,0.27731093764305115,0.3949579894542694,0.2689075767993927,0.2521008551120758,0.1596638709306717,0.24369747936725616,0.20168067514896393,0.22689075767993927,0.18487395346164703,0.21008403599262238,0.29411765933036804,0.26050421595573425,0.31092438101768494,0.3025210201740265,0.22689075767993927,0.31092438101768494,0.24369747936725616,0.23529411852359772,0.3445378243923187,0.19327731430530548,0.31092438101768494,0.40336135029792786,0.3193277418613434,0.32773110270500183,0.3025210201740265,0.4285714328289032,0.31092438101768494,0.47058823704719543,0.43697479367256165,0.4285714328289032,0.48739495873451233,0.4117647111415863,0.3193277418613434,0.462184876203537,0.43697479367256165,0.4789915978908539,0.5210084319114685,0.4789915978908539,0.6386554837226868,0.6134454011917114,0.5714285969734192,0.5798319578170776,0.5882353186607361,0.5882353186607361,0.8655462265014648,0.6974790096282959,1.0,0.756302535533905,0.8151260614395142,0.7310924530029297,0.6134454011917114,0.4789915978908539,0.2689075767993927,0.07563025504350662,0.08403361588716507,0.06722689419984818,0.07563025504350662,0.02521008439362049,0.0,0.02521008439362049,0.07563025504350662,0.06722689419984818,0.07563025504350662,0.07563025504350662,0.26050421595573425,0.4957983195781708,0.5882353186607361,0.7478991746902466,0.8151260614395142,0.7647058963775635,0.9747899174690247,0.6470588445663452,0.9075630307197571,0.6218487620353699,0.5882353186607361,0.5630252361297607,0.5630252361297607,0.6218487620353699,0.6386554837226868,0.4789915978908539,0.5378151535987854,0.4789915978908539,0.4285714328289032,0.45378151535987854,0.3361344635486603,0.40336135029792786,0.4957983195781708,0.40336135029792786,0.4453781545162201,0.47058823704719543,0.32773110270500183,0.42016807198524475,0.3025210201740265,0.31092438101768494,0.31092438101768494,0.4285714328289032,0.29411765933036804,0.21848739683628082,0.32773110270500183,0.24369747936725616,0.24369747936725616,0.3025210201740265,0.23529411852359772,0.3025210201740265,0.3193277418613434,0.2521008551120758,0.3025210201740265,0.19327731430530548,0.20168067514896393,0.21848739683628082,0.19327731430530548,0.26050421595573425,0.1596638709306717,0.2521008551120758,0.2521008551120758,0.3949579894542694,0.29411765933036804,0.2521008551120758,0.2689075767993927,0.27731093764305115,0.23529411852359772,0.31092438101768494,0.29411765933036804,0.3361344635486603,0.29411765933036804,0.26050421595573425,0.22689075767993927,0.31092438101768494,0.2521008551120758,0.18487395346164703,0.29411765933036804,0.23529411852359772,0.2857142984867096,0.2857142984867096,0.21008403599262238,0.3193277418613434,0.18487395346164703,0.23529411852359772,0.3193277418613434,0.2689075767993927,0.19327731430530548,0.3613445460796356,0.3193277418613434,0.21008403599262238,0.2521008551120758,0.2521008551120758,0.29411765933036804,0.22689075767993927,0.3193277418613434,0.23529411852359772,0.36974790692329407,0.26050421595573425,0.3361344635486603,0.2521008551120758,0.19327731430530548,0.26050421595573425,0.29411765933036804,0.22689075767993927,0.13445378839969635
0.05776636675000191,0.10654685646295547,0.11296533793210983,0.1309370994567871,0.12708601355552673,0.11296533793210983,0.11424903571605682,0.12066752463579178,0.1181001290678978,0.12451861053705215,0.11938382685184479,0.12451861053705215,0.1476251631975174,0.13863928616046906,0.1322207897901535,0.14249037206172943,0.1476251631975174,0.12451861053705215,0.1335044950246811,0.13992297649383545,0.13607189059257507,0.16816431283950806,0.1450577676296234,0.13863928616046906,0.13992297649383545,0.15532734990119934,0.1322207897901535,0.1463414579629898,0.14120668172836304,0.15147624909877777,0.1335044950246811,0.17458279430866241,0.1476251631975174,0.15147624909877777,0.17971758544445038,0.15789473056793213,0.15917843580245972,0.15019255876541138,0.1771501898765564,0.1322207897901535,0.16559691727161407,0.1771501898765564,0.15661104023456573,0.16688062250614166,0.17201539874076843,0.18485237658023834,0.18613606691360474,0.17458279430866241,0.18100129067897797,0.16688062250614166,0.17458279430866241,0.16816431283950806,0.18870346248149872,0.18228498101234436,0.17073170840740204,0.15532734990119934,0.1899871677160263,0.18100129067897797,0.2041078358888626,0.18613606691360474,0.21437740325927734,0.21437740325927734,0.1771501898765564,0.205391526222229,0.21181000769138336,0.22593067586421967,0.23234917223453522,0.2362002581357956,0.22978177666664124,0.20924261212348938,0.22721438109874725,0.2336328625679016,0.27086007595062256,0.2811296582221985,0.2939666211605072,0.2631579041481018,0.2759948670864105,0.31707316637039185,0.26957637071609497,0.2965340316295624,0.31835687160491943,0.34916558861732483,0.36200258135795593,0.3722721338272095,0.4415917694568634,0.4274711310863495,0.46341463923454285,0.47753530740737915,0.5391527414321899,0.5237483978271484,0.5725288987159729,0.6508343815803528,0.7214377522468567,0.7894737124443054,0.8613607287406921,1.0,0.6777920126914978,0.07830552011728287,0.016688061878085136,0.00256739417091012,0.0,0.00256739417091012,0.01540436502546072,0.06803594529628754,0.6662387847900391,0.9871630072593689,0.8677791953086853,0.7894737124443054,0.7086007595062256,0.6688061356544495,0.5802310705184937,0.5147625207901001,0.551989734172821,0.4826700985431671,0.4531450569629669,0.43517330288887024,0.4415917694568634,0.3709884583950043,0.35815146565437317,0.3543003797531128,0.31450578570365906,0.30038511753082275,0.27086007595062256,0.31707316637039185,0.27086007595062256,0.26829269528388977,0.2913992404937744,0.2785622477531433,0.26957637071609497,0.24005134403705597,0.23106546700000763,0.205391526222229,0.2336328625679016,0.2362002581357956,0.22593067586421967,0.23234917223453522,0.21437740325927734,0.20154044032096863,0.17971758544445038,0.21052631735801697,0.21437740325927734,0.1899871677160263,0.2041078358888626,0.17073170840740204,0.19512194395065308,0.15661104023456573,0.17458279430866241,0.18228498101234436,0.1912708580493927,0.16559691727161407,0.17458279430866241,0.16944800317287445,0.17586649954319,0.1771501898765564,0.18356867134571075,0.18870346248149872,0.16816431283950806,0.16944800317287445,0.15661104023456573,0.17586649954319,0.1630295217037201,0.13478818535804749,0.17329910397529602,0.15019255876541138,0.1630295217037201,0.15532734990119934,0.17971758544445038,0.15404364466667175,0.1463414579629898,0.17329910397529602,0.13863928616046906,0.1489088535308838,0.14377406239509583,0.1450577676296234,0.1322207897901535,0.15661104023456573,0.13992297649383545,0.13478818535804749,0.1463414579629898,0.16431322693824768,0.13992297649383545,0.13863928616046906,0.13863928616046906,0.12195122241973877,0.15019255876541138,0.13863928616046906,0.1322207897901535,0.13863928616046906,0.14377406239509583,0.12836970388889313,0.11553273350000381,0.12965340912342072,0.12066752463579178,0.11938382685184479,0.11553273350000381,0.10911425203084946,0.1309370994567871,0.12451861053705215,0.11296533793210983,0.11296533793210983,0.0590500645339489
0.07286432385444641,0.143216073513031,0.14824120700359344,0.13819095492362976,0.1557788997888565,0.15075376629829407,0.1532663255929947,0.143216073513031,0.14572864770889282,0.15829145908355713,0.13819095492362976,0.16080401837825775,0.14572864770889282,0.16331657767295837,0.14070351421833038,0.13567839562892914,0.13567839562892914,0.11809045076370239,0.1658291518688202,0.15075376629829407,0.17085427045822144,0.15829145908355713,0.1658291518688202,0.12311557680368423,0.15075376629829407,0.1557788997888565,0.1909547746181488,0.16080401837825775,0.1683417111635208,0.13819095492362976,0.15075376629829407,0.1683417111635208,0.18844221532344818,0.1532663255929947,0.17085427045822144,0.12814070284366608,0.2010050266981125,0.18844221532344818,0.19346733391284943,0.1306532621383667,0.17587940394878387,0.18090452253818512,0.22110553085803986,0.18341708183288574,0.15075376629829407,0.16080401837825775,0.1683417111635208,0.13819095492362976,0.14070351421833038,0.1909547746181488,0.18090452253818512,0.17587940394878387,0.1557788997888565,0.18844221532344818,0.1683417111635208,0.20603014528751373,0.20854271948337555,0.2135678380727768,0.19849246740341187,0.18592964112758636,0.20603014528751373,0.18090452253818512,0.1532663255929947,0.18341708183288574,0.18592964112758636,0.21608039736747742,0.1783919632434845,0.24120603501796722,0.2135678380727768,0.21105527877807617,0.22864320874214172,0.18844221532344818,0.24623115360736847,0.24120603501796722,0.18592964112758636,0.2261306494474411,0.2386934608221054,0.21859297156333923,0.2613065242767334,0.286432147026062,0.3216080367565155,0.25628140568733215,0.286432147026062,0.3442211151123047,0.2386934608221054,0.28894472122192383,0.3592964708805084,0.4170854389667511,0.36432161927223206,0.3944723606109619,0.4673366844654083,0.4849246144294739,0.5753768682479858,0.572864294052124,0.6633166074752808,1.0,0.9673366546630859,0.590452253818512,0.06281407177448273,0.055276382714509964,0.0,0.055276382714509964,0.060301508754491806,0.5653266310691833,0.9824120402336121,0.9924623370170593,0.6783919334411621,0.5577889680862427,0.570351779460907,0.46984925866127014,0.48241207003593445,0.402010053396225,0.3668341636657715,0.4145728647708893,0.3668341636657715,0.2939698398113251,0.24371859431266785,0.3366834223270416,0.29145729541778564,0.2512562870979309,0.3241206109523773,0.286432147026062,0.25879397988319397,0.21608039736747742,0.24120603501796722,0.22864320874214172,0.18341708183288574,0.24120603501796722,0.23366834223270416,0.2035175859928131,0.2261306494474411,0.2135678380727768,0.20854271948337555,0.23618090152740479,0.18341708183288574,0.2135678380727768,0.18592964112758636,0.1909547746181488,0.15829145908355713,0.1783919632434845,0.19849246740341187,0.18844221532344818,0.2035175859928131,0.2010050266981125,0.2135678380727768,0.2010050266981125,0.1783919632434845,0.18341708183288574,0.1658291518688202,0.1683417111635208,0.18341708183288574,0.18592964112758636,0.15075376629829407,0.1306532621383667,0.1683417111635208,0.1658291518688202,0.14572864770889282,0.18341708183288574,0.2261306494474411,0.1783919632434845,0.17587940394878387,0.12311557680368423,0.19597989320755005,0.19346733391284943,0.19849246740341187,0.13316583633422852,0.16331657767295837,0.15829145908355713,0.1909547746181488,0.16331657767295837,0.14572864770889282,0.143216073513031,0.17336682975292206,0.15829145908355713,0.18090452253818512,0.1683417111635208,0.14572864770889282,0.12562814354896545,0.16331657767295837,0.16331657767295837,0.1658291518688202,0.14824120700359344,0.1658291518688202,0.12311557680368423,0.13819095492362976,0.13567839562892914,0.13819095492362976,0.1658291518688202,0.14070351421833038,0.16331657767295837,0.14070351421833038,0.16080401837825775,0.14070351421833038,0.143216073513031,0.1557788997888565,0.14572864770889282,0.15075376629829407,0.14824120700359344,0.14572864770889282,0.14824120700359344,0.07286432385444641
0.019543973729014397,0.061889249831438065,0.019543973729014397,0.061889249831438065,0.04560260474681854,0.05211726203560829,0.03908794745802879,0.05211726203560829,0.048859935253858566,0.04234527796506882,0.048859935253858566,0.055374592542648315,0.04560260474681854,0.03583062067627907,0.055374592542648315,0.04234527796506882,0.04234527796506882,0.048859935253858566,0.055374592542648315,0.06840390712022781,0.061889249831438065,0.048859935253858566,0.04234527796506882,0.05211726203560829,0.05863192304968834,0.08143322169780731,0.048859935253858566,0.06840390712022781,0.04234527796506882,0.03908794745802879,0.05863192304968834,0.03583062067627907,0.03583062067627907,0.07166124135255814,0.05863192304968834,0.06514658033847809,0.05863192304968834,0.048859935253858566,0.05211726203560829,0.061889249831438065,0.04234527796506882,0.04234527796506882,0.048859935253858566,0.03908794745802879,0.03908794745802879,0.061889249831438065,0.04560260474681854,0.04234527796506882,0.07817589491605759,0.07817589491605759,0.05863192304968834,0.05211726203560829,0.04234527796506882,0.05211726203560829,0.07166124135255814,0.05211726203560829,0.07817589491605759,0.06840390712022781,0.07166124135255814,0.061889249831438065,0.06514658033847809,0.055374592542648315,0.08469055593013763,0.07166124135255814,0.07817589491605759,0.07817589491605759,0.05863192304968834,0.061889249831438065,0.06514658033847809,0.06840390712022781,0.11074918508529663,0.08794788271188736,0.09120520949363708,0.1074918583035469,0.11400651186704636,0.09120520949363708,0.11726384609937668,0.15309445559978485,0.1205211728811264,0.14006514847278595,0.10097719728946686,0.14983713626861572,0.17589576542377472,0.16286644339561462,0.18241041898727417,0.25732898712158203,0.23778501152992249,0.267100989818573,0.2801302969455719,0.35504886507987976,0.3224755823612213,0.38110747933387756,0.5114006400108337,0.5276873111724854,0.5928338766098022,0.7882736325263977,0.9967426657676697,0.6970683932304382,0.03908794745802879,0.0065146577544510365,0.0,0.0065146577544510365,0.02280130237340927,0.6840391159057617,1.0,0.791530966758728,0.6091205477714539,0.5146579742431641,0.5016286373138428,0.4006514549255371,0.32573288679122925,0.3355048894882202,0.30293160676956177,0.26058632135391235,0.23127035796642303,0.27035829424858093,0.1856677532196045,0.1596091240644455,0.1726384311914444,0.14983713626861572,0.1074918583035469,0.13680781424045563,0.11400651186704636,0.1596091240644455,0.11726384609937668,0.08794788271188736,0.11726384609937668,0.1074918583035469,0.09446254372596741,0.08794788271188736,0.10097719728946686,0.07817589491605759,0.06514658033847809,0.061889249831438065,0.055374592542648315,0.07817589491605759,0.07817589491605759,0.07166124135255814,0.08469055593013763,0.05863192304968834,0.06514658033847809,0.05863192304968834,0.07491856813430786,0.06514658033847809,0.07817589491605759,0.055374592542648315,0.06840390712022781,0.055374592542648315,0.04234527796506882,0.048859935253858566,0.05863192304968834,0.08143322169780731,0.07817589491605759,0.04234527796506882,0.04560260474681854,0.05863192304968834,0.04234527796506882,0.03908794745802879,0.048859935253858566,0.04234527796506882,0.03908794745802879,0.06514658033847809,0.048859935253858566,0.05211726203560829,0.05211726203560829,0.07166124135255814,0.05211726203560829,0.07166124135255814,0.04234527796506882,0.03583062067627907,0.05863192304968834,0.03583062067627907,0.04560260474681854,0.06840390712022781,0.048859935253858566,0.08143322169780731,0.055374592542648315,0.055374592542648315,0.03583062067627907,0.05211726203560829,0.05863192304968834,0.07166124135255814,0.05863192304968834,0.04560260474681854,0.04560260474681854,0.03908794745802879,0.055374592542648315,0.03583062067627907,0.04560260474681854,0.05863192304968834,0.04234527796506882,0.048859935253858566,0.048859935253858566,0.05211726203560829,0.03583062067627907,0.055374592542648315,0.04560260474681854,0.05863192304968834,0.019543973729014397,0.061889249831438065,0.02280130237340927
0.1682243049144745,0.2897196114063263,0.37383177876472473,0.2616822421550751,0.38317757844924927,0.30841121077537537,0.2710280418395996,0.32710281014442444,0.3457943797111511,0.37383177876472473,0.3177570104598999,0.3177570104598999,0.32710281014442444,0.38317757844924927,0.29906541109085083,0.4859813153743744,0.3925233781337738,0.35514017939567566,0.37383177876472473,0.35514017939567566,0.35514017939567566,0.2616822421550751,0.25233644247055054,0.38317757844924927,0.42990654706954956,0.28037384152412415,0.2616822421550751,0.3644859790802002,0.3177570104598999,0.4579439163208008,0.2897196114063263,0.336448609828949,0.47663551568984985,0.44859811663627625,0.35514017939567566,0.44859811663627625,0.3925233781337738,0.420560747385025,0.4392523467540741,0.44859811663627625,0.4953271150588989,0.37383177876472473,0.4672897160053253,0.420560747385025,0.4112149477005005,0.514018714427948,0.42990654706954956,0.47663551568984985,0.37383177876472473,0.38317757844924927,0.3925233781337738,0.5420560836791992,0.3925233781337738,0.336448609828949,0.5607476830482483,0.5233644843101501,0.420560747385025,0.420560747385025,0.644859790802002,0.4392523467540741,0.4579439163208008,0.38317757844924927,0.4859813153743744,0.4392523467540741,0.420560747385025,0.4579439163208008,0.5887850522994995,0.5607476830482483,0.5794392228126526,0.5607476830482483,0.5514018535614014,0.5887850522994995,0.5887850522994995,0.5700934529304504,0.6168224215507507,0.5794392228126526,0.6542056202888489,0.7196261882781982,0.6822429895401001,0.7476635575294495,0.644859790802002,0.7009345889091492,0.7383177280426025,0.7943925261497498,0.7289719581604004,0.8598130941390991,0.9065420627593994,0.8598130941390991,0.9252336621284485,0.8598130941390991,0.9906542301177979,0.8037382960319519,0.9532710313796997,0.9532710313796997,0.822429895401001,0.6074766516685486,0.1962616890668869,0.018691588193178177,0.037383176386356354,0.018691588193178177,0.0,0.018691588193178177,0.037383176386356354,0.018691588193178177,0.17757008969783783,0.5887850522994995,0.8317757248878479,0.9345794320106506,0.9252336621284485,0.822429895401001,1.0,0.8598130941390991,0.9439252614974976,0.8691588640213013,0.9065420627593994,0.8598130941390991,0.7196261882781982,0.8037382960319519,0.7383177280426025,0.7196261882781982,0.644859790802002,0.7102803587913513,0.6822429895401001,0.7570093274116516,0.6168224215507507,0.6168224215507507,0.5981308221817017,0.5607476830482483,0.5700934529304504,0.5981308221817017,0.5700934529304504,0.5607476830482483,0.5887850522994995,0.5327102541923523,0.6261682510375977,0.4392523467540741,0.4392523467540741,0.4112149477005005,0.4672897160053253,0.42990654706954956,0.42990654706954956,0.44859811663627625,0.6542056202888489,0.3925233781337738,0.4392523467540741,0.5233644843101501,0.5700934529304504,0.336448609828949,0.38317757844924927,0.5233644843101501,0.40186914801597595,0.4112149477005005,0.37383177876472473,0.4672897160053253,0.4392523467540741,0.4953271150588989,0.3925233781337738,0.44859811663627625,0.44859811663627625,0.3925233781337738,0.5046728849411011,0.4392523467540741,0.44859811663627625,0.4112149477005005,0.3925233781337738,0.4392523467540741,0.3644859790802002,0.4579439163208008,0.47663551568984985,0.32710281014442444,0.2897196114063263,0.44859811663627625,0.3177570104598999,0.3644859790802002,0.28037384152412415,0.2710280418395996,0.4112149477005005,0.3644859790802002,0.29906541109085083,0.2429906576871872,0.35514017939567566,0.3457943797111511,0.38317757844924927,0.336448609828949,0.42990654706954956,0.4672897160053253,0.3177570104598999,0.3644859790802002,0.3457943797111511,0.30841121077537537,0.32710281014442444,0.37383177876472473,0.30841121077537537,0.3644859790802002,0.2616822421550751,0.3177570104598999,0.35514017939567566,0.28037384152412415,0.37383177876472473,0.2897196114063263,0.17757008969783783
0.2647058963775635,0.5647059082984924,0.47647058963775635,0.5176470875740051,0.47647058963775635,0.5411764979362488,0.5058823823928833,0.5058823823928833,0.47058823704719543,0.5235294103622437,0.4058823585510254,0.48235294222831726,0.42352941632270813,0.5117647051811218,0.5941176414489746,0.4882352948188782,0.5588235259056091,0.5411764979362488,0.5588235259056091,0.6176470518112183,0.4882352948188782,0.529411792755127,0.5470588207244873,0.5882353186607361,0.6411764621734619,0.5647059082984924,0.6352941393852234,0.6941176652908325,0.5352941155433655,0.4882352948188782,0.6470588445663452,0.5470588207244873,0.5588235259056091,0.6176470518112183,0.5411764979362488,0.5529412031173706,0.6764705777168274,0.6764705777168274,0.6470588445663452,0.6529411673545837,0.6411764621734619,0.6470588445663452,0.7470588088035583,0.7529411911964417,0.7176470756530762,0.770588219165802,0.7058823704719543,0.5764706134796143,0.658823549747467,0.6470588445663452,0.7882353067398071,0.7411764860153198,0.6823529601097107,0.7235293984413147,0.8117647171020508,0.7647058963775635,0.7941176295280457,0.6764705777168274,0.6941176652908325,0.7176470756530762,0.7411764860153198,0.8235294222831726,0.770588219165802,0.9470587968826294,0.7882353067398071,0.7058823704719543,0.7764706015586853,0.7882353067398071,0.7764706015586853,0.841176450252533,0.8764705657958984,0.8705882430076599,0.800000011920929,0.800000011920929,1.0,0.9411764740943909,0.7882353067398071,0.9588235020637512,0.8117647171020508,0.970588207244873,0.841176450252533,0.8823529481887817,0.8470588326454163,0.9352940917015076,0.9411764740943909,0.8235294222831726,0.9235293865203857,0.9529411792755127,0.9941176176071167,0.9352940917015076,0.9176470637321472,0.8529411554336548,0.7647058963775635,0.6823529601097107,0.4176470637321472,0.17058824002742767,0.0235294122248888,0.0,0.0058823530562222,0.0058823530562222,0.0,0.0058823530562222,0.0058823530562222,0.0,0.01764705963432789,0.16470588743686676,0.4058823585510254,0.6823529601097107,0.7647058963775635,0.8235294222831726,0.9647058844566345,0.9058823585510254,1.0,0.9529411792755127,0.9176470637321472,0.8176470398902893,0.9470587968826294,0.9352940917015076,0.8647058606147766,0.8705882430076599,0.8529411554336548,0.970588207244873,0.8176470398902893,0.9647058844566345,0.7823529243469238,0.9411764740943909,0.9470587968826294,0.8176470398902893,0.8235294222831726,0.8588235378265381,0.8764705657958984,0.8470588326454163,0.7647058963775635,0.8117647171020508,0.770588219165802,0.7058823704719543,0.8058823347091675,0.929411768913269,0.770588219165802,0.8058823347091675,0.7470588088035583,0.7176470756530762,0.7058823704719543,0.6529411673545837,0.800000011920929,0.770588219165802,0.8235294222831726,0.7235293984413147,0.6941176652908325,0.7470588088035583,0.7764706015586853,0.6470588445663452,0.6529411673545837,0.5823529362678528,0.6823529601097107,0.7764706015586853,0.7352941036224365,0.770588219165802,0.7176470756530762,0.6411764621734619,0.6411764621734619,0.658823549747467,0.6352941393852234,0.6882352828979492,0.6764705777168274,0.5588235259056091,0.5529412031173706,0.5882353186607361,0.5647059082984924,0.570588231086731,0.6235294342041016,0.5058823823928833,0.5352941155433655,0.6941176652908325,0.6294117569923401,0.570588231086731,0.6411764621734619,0.5823529362678528,0.5529412031173706,0.5352941155433655,0.47647058963775635,0.6058823466300964,0.5647059082984924,0.5588235259056091,0.529411792755127,0.5117647051811218,0.5941176414489746,0.5176470875740051,0.42352941632270813,0.47647058963775635,0.4117647111415863,0.4941176474094391,0.4882352948188782,0.5058823823928833,0.5176470875740051,0.5176470875740051,0.5,0.5058823823928833,0.48235294222831726,0.5823529362678528,0.2647058963775635
0.25,0.1666666716337204,0.25,0.3333333432674408,0.4166666567325592,0.25,0.3333333432674408,0.5833333134651184,0.5833333134651184,0.1666666716337204,0.4166666567325592,0.25,0.5,0.5,0.25,0.5833333134651184,0.5833333134651184,0.1666666716337204,0.5,0.5,0.5833333134651184,0.5,0.5,0.1666666716337204,0.5,0.3333333432674408,0.0833333358168602,0.3333333432674408,0.25,0.4166666567325592,0.75,0.6666666865348816,0.3333333432674408,0.4166666567325592,0.3333333432674408,0.25,0.3333333432674408,0.4166666567325592,0.3333333432674408,0.3333333432674408,0.5,0.1666666716337204,0.25,0.6666666865348816,0.4166666567325592,0.5,0.5833333134651184,0.25,0.25,0.25,0.3333333432674408,0.75,0.5,0.25,0.5833333134651184,0.4166666567325592,0.25,0.25,0.6666666865348816,0.4166666567325592,0.5,0.25,0.5833333134651184,0.5,0.6666666865348816,0.3333333432674408,0.5833333134651184,0.4166666567325592,0.5,0.3333333432674408,0.5,0.3333333432674408,0.4166666567325592,0.4166666567325592,0.25,0.4166666567325592,0.75,0.5,0.25,0.5,0.4166666567325592,0.5833333134651184,0.4166666567325592,0.25,0.1666666716337204,0.5,0.5,0.4166666567325592,0.6666666865348816,1.0,0.5,0.3333333432674408,0.3333333432674408,0.5833333134651184,0.5833333134651184,0.0833333358168602,0.0,0.0,0.0,0.0833333358168602,0.0,0.0833333358168602,0.0,0.0,0.0,0.0833333358168602,0.5833333134651184,0.5833333134651184,0.3333333432674408,0.3333333432674408,0.5,1.0,0.6666666865348816,0.4166666567325592,0.5,0.5,0.1666666716337204,0.25,0.4166666567325592,0.5833333134651184,0.4166666567325592,0.5,0.25,0.5,0.75,0.4166666567325592,0.25,0.3333333432674408,0.5,0.3333333432674408,0.5,0.3333333432674408,0.5,0.4166666567325592,0.5833333134651184,0.3333333432674408,0.6666666865348816,0.4166666567325592,0.6666666865348816,0.1666666716337204,0.5833333134651184,0.4166666567325592,0.5833333134651184,0.3333333432674408,0.25,0.4166666567325592,0.5833333134651184,0.25,0.5,0.75,0.3333333432674408,0.25,0.25,0.25,0.5,0.5833333134651184,0.4166666567325592,0.6666666865348816,0.1666666716337204,0.25,0.5,0.3333333432674408,0.3333333432674408,0.3333333432674408,0.4166666567325592,0.25,0.3333333432674408,0.4166666567325592,0.3333333432674408,0.6666666865348816,0.6666666865348816,0.5,0.1666666716337204,0.4166666567325592,0.0833333358168602,0.3333333432674408,0.5,0.1666666716337204,0.5,0.5,0.5833333134651184,0.5,0.5,0.1666666716337204,0.5,0.6666666865348816,0.25,0.5,0.5,0.1666666716337204,0.5,0.1666666716337204,0.5,0.6666666865348816,0.3333333432674408,0.25,0.3333333432674408,0.4166666567325592,0.25,0.1666666716337204,0.25
0.0833333358168602,0.2738095223903656,0.2857142984867096,0.3452380895614624,0.2738095223903656,0.1785714328289032,0.2738095223903656,0.2023809552192688,0.3333333432674408,0.2857142984867096,0.2261904776096344,0.3571428656578064,0.25,0.261904776096344,0.25,0.2380952388048172,0.2857142984867096,0.2023809552192688,0.380952388048172,0.2261904776096344,0.2023809552192688,0.4047619104385376,0.2023809552192688,0.2380952388048172,0.2857142984867096,0.2976190447807312,0.1547619104385376,0.261904776096344,0.2023809552192688,0.2857142984867096,0.2023809552192688,0.3571428656578064,0.3452380895614624,0.3333333432674408,0.3214285671710968,0.2857142984867096,0.261904776096344,0.3095238208770752,0.3214285671710968,0.3452380895614624,0.3928571343421936,0.3571428656578064,0.369047611951828,0.3571428656578064,0.2976190447807312,0.4047619104385376,0.3214285671710968,0.3928571343421936,0.3928571343421936,0.369047611951828,0.369047611951828,0.380952388048172,0.3452380895614624,0.3095238208770752,0.3333333432674408,0.3095238208770752,0.369047611951828,0.511904776096344,0.4285714328289032,0.5595238208770752,0.5357142686843872,0.380952388048172,0.5357142686843872,0.4166666567325592,0.4047619104385376,0.2976190447807312,0.4047619104385376,0.488095223903656,0.5,0.488095223903656,0.4642857015132904,0.6428571343421936,0.4166666567325592,0.511904776096344,0.5952380895614624,0.5595238208770752,0.6666666865348816,0.5714285969734192,0.488095223903656,0.7023809552192688,0.6071428656578064,0.6904761791229248,0.4761904776096344,0.7023809552192688,0.738095223903656,0.726190447807312,0.8333333134651184,0.773809552192688,0.8690476417541504,0.6190476417541504,1.0,0.9523809552192688,0.7023809552192688,0.6904761791229248,0.4523809552192688,0.190476194024086,0.0595238097012043,0.0,0.0,0.0,0.0,0.0,0.0,0.0,0.0595238097012043,0.190476194024086,0.4285714328289032,0.6904761791229248,0.7023809552192688,0.9285714030265808,0.988095223903656,0.6428571343421936,0.9047619104385376,0.773809552192688,0.8333333134651184,0.7142857313156128,0.738095223903656,0.6904761791229248,0.4761904776096344,0.7023809552192688,0.5952380895614624,0.726190447807312,0.488095223903656,0.5357142686843872,0.7023809552192688,0.5357142686843872,0.5833333134651184,0.523809552192688,0.4285714328289032,0.6428571343421936,0.4642857015132904,0.5,0.488095223903656,0.4642857015132904,0.4285714328289032,0.261904776096344,0.4523809552192688,0.4047619104385376,0.5476190447807312,0.369047611951828,0.5357142686843872,0.5595238208770752,0.4047619104385376,0.511904776096344,0.369047611951828,0.3452380895614624,0.3333333432674408,0.3095238208770752,0.3452380895614624,0.380952388048172,0.3333333432674408,0.3928571343421936,0.4047619104385376,0.3928571343421936,0.3214285671710968,0.380952388048172,0.3214285671710968,0.3571428656578064,0.3452380895614624,0.369047611951828,0.4047619104385376,0.3333333432674408,0.3333333432674408,0.2857142984867096,0.2738095223903656,0.2857142984867096,0.3214285671710968,0.3452380895614624,0.3214285671710968,0.380952388048172,0.2023809552192688,0.2857142984867096,0.2023809552192688,0.261904776096344,0.1428571492433548,0.2976190447807312,0.2857142984867096,0.2380952388048172,0.2142857164144516,0.4047619104385376,0.2023809552192688,0.2142857164144516,0.380952388048172,0.2023809552192688,0.2976190447807312,0.2261904776096344,0.25,0.261904776096344,0.261904776096344,0.3571428656578064,0.2261904776096344,0.2857142984867096,0.3333333432674408,0.190476194024086,0.261904776096344,0.2023809552192688,0.261904776096344,0.3333333432674408,0.3095238208770752,0.261904776096344,0.095238097012043
0.2142857164144516,0.5178571343421936,0.4508928656578064,0.5982142686843872,0.4910714328289032,0.4419642984867096,0.5,0.5267857313156128,0.4821428656578064,0.4642857015132904,0.53125,0.5,0.5357142686843872,0.4776785671710968,0.5446428656578064,0.4955357015132904,0.5178571343421936,0.5535714030265808,0.5044642686843872,0.4330357015132904,0.5133928656578064,0.5982142686843872,0.4866071343421936,0.5,0.5714285969734192,0.5714285969734192,0.5982142686843872,0.4955357015132904,0.5491071343421936,0.5357142686843872,0.5758928656578064,0.5625,0.5982142686843872,0.5580357313156128,0.6294642686843872,0.5625,0.6026785969734192,0.5625,0.6160714030265808,0.6205357313156128,0.5223214030265808,0.5357142686843872,0.5491071343421936,0.6160714030265808,0.6651785969734192,0.5848214030265808,0.5357142686843872,0.6071428656578064,0.6205357313156128,0.6026785969734192,0.5267857313156128,0.5580357313156128,0.6339285969734192,0.6116071343421936,0.5758928656578064,0.6919642686843872,0.6339285969734192,0.5758928656578064,0.6517857313156128,0.7366071343421936,0.625,0.6294642686843872,0.5669642686843872,0.71875,0.6383928656578064,0.65625,0.6741071343421936,0.59375,0.6964285969734192,0.6071428656578064,0.6785714030265808,0.7901785969734192,0.6741071343421936,0.7678571343421936,0.6830357313156128,0.7321428656578064,0.7098214030265808,0.8705357313156128,0.6875,0.8705357313156128,0.6473214030265808,0.8080357313156128,0.7633928656578064,0.90625,0.8035714030265808,0.9107142686843872,0.78125,0.9910714030265808,0.8571428656578064,0.9598214030265808,0.9017857313156128,0.9196428656578064,0.9241071343421936,0.8660714030265808,0.6294642686843872,0.3348214328289032,0.1875,0.0357142873108387,0.0714285746216774,0.0625,0.0,0.0625,0.0714285746216774,0.0357142873108387,0.1875,0.3169642984867096,0.625,0.8392857313156128,0.9285714030265808,0.8839285969734192,0.9375,0.9955357313156128,0.8303571343421936,1.0,0.7946428656578064,0.8794642686843872,0.8258928656578064,0.8928571343421936,0.7633928656578064,0.8258928656578064,0.6517857313156128,0.8571428656578064,0.7053571343421936,0.8392857313156128,0.7366071343421936,0.7276785969734192,0.6607142686843872,0.7901785969734192,0.6517857313156128,0.8035714030265808,0.6830357313156128,0.625,0.6830357313156128,0.5803571343421936,0.6875,0.6383928656578064,0.65625,0.7232142686843872,0.5669642686843872,0.6160714030265808,0.6205357313156128,0.7142857313156128,0.6875,0.5625,0.6473214030265808,0.6651785969734192,0.6160714030265808,0.5803571343421936,0.6473214030265808,0.5535714030265808,0.5357142686843872,0.6026785969734192,0.6160714030265808,0.59375,0.5401785969734192,0.59375,0.6741071343421936,0.6160714030265808,0.5535714030265808,0.5223214030265808,0.5357142686843872,0.625,0.5982142686843872,0.5625,0.6026785969734192,0.5535714030265808,0.6383928656578064,0.5714285969734192,0.59375,0.5625,0.5491071343421936,0.5669642686843872,0.5491071343421936,0.4910714328289032,0.5982142686843872,0.5669642686843872,0.5625,0.5044642686843872,0.5,0.5758928656578064,0.5267857313156128,0.4375,0.5089285969734192,0.5580357313156128,0.5178571343421936,0.4732142984867096,0.5535714030265808,0.4776785671710968,0.5401785969734192,0.4821428656578064,0.5357142686843872,0.4732142984867096,0.4776785671710968,0.5357142686843872,0.4910714328289032,0.4508928656578064,0.4910714328289032,0.5982142686843872,0.4241071343421936,0.5446428656578064,0.2276785671710968
0.21341463923454285,0.4390243887901306,0.5121951103210449,0.5,0.5853658318519592,0.4695121943950653,0.40243902802467346,0.46341463923454285,0.4146341383457184,0.42073169350624084,0.4390243887901306,0.4878048896789551,0.49390244483947754,0.47560974955558777,0.42073169350624084,0.48170730471611023,0.49390244483947754,0.35975611209869385,0.40243902802467346,0.4146341383457184,0.4695121943950653,0.5731707215309143,0.5121951103210449,0.5182926654815674,0.46341463923454285,0.5121951103210449,0.5304877758026123,0.4085365831851959,0.542682945728302,0.5853658318519592,0.6158536672592163,0.5304877758026123,0.5731707215309143,0.49390244483947754,0.5487805008888245,0.5243902206420898,0.5243902206420898,0.4573170840740204,0.5243902206420898,0.42073169350624084,0.4695121943950653,0.48170730471611023,0.5609756112098694,0.5975610017776489,0.4695121943950653,0.46341463923454285,0.4390243887901306,0.542682945728302,0.5670731663703918,0.49390244483947754,0.5060975551605225,0.5182926654815674,0.48170730471611023,0.5792682766914368,0.6097561120986938,0.4085365831851959,0.5121951103210449,0.542682945728302,0.5243902206420898,0.6036585569381714,0.5792682766914368,0.5487805008888245,0.47560974955558777,0.46341463923454285,0.5731707215309143,0.5975610017776489,0.49390244483947754,0.49390244483947754,0.5304877758026123,0.4695121943950653,0.6646341681480408,0.5304877758026123,0.6402438879013062,0.6646341681480408,0.6585366129875183,0.6585366129875183,0.6280487775802612,0.6524389982223511,0.792682945728302,0.5731707215309143,0.5853658318519592,0.7256097793579102,0.707317054271698,0.7378048896789551,0.7317073345184326,0.8048780560493469,0.8719512224197388,0.8353658318519592,0.8902438879013062,0.9695122241973877,0.9939024448394775,0.7804877758026123,0.8353658318519592,0.7987805008888245,0.7012194991111755,0.42073169350624084,0.25,0.18292683362960815,0.2195121943950653,0.17073170840740204,0.0,0.15243902802467346,0.23780487477779388,0.17073170840740204,0.25609755516052246,0.42073169350624084,0.6890243887901306,0.8048780560493469,0.8231707215309143,0.7743902206420898,0.9756097793579102,1.0,0.8902438879013062,0.8353658318519592,0.8536585569381714,0.8353658318519592,0.707317054271698,0.7195122241973877,0.7256097793579102,0.7378048896789551,0.5914633870124817,0.5548780560493469,0.8048780560493469,0.6463414430618286,0.6158536672592163,0.6829268336296082,0.6219512224197388,0.7012194991111755,0.6463414430618286,0.5243902206420898,0.6707317233085632,0.45121949911117554,0.542682945728302,0.48170730471611023,0.5,0.6097561120986938,0.5670731663703918,0.4573170840740204,0.47560974955558777,0.5304877758026123,0.6036585569381714,0.5975610017776489,0.5365853905677795,0.5365853905677795,0.5,0.4146341383457184,0.6097561120986938,0.5731707215309143,0.48170730471611023,0.5304877758026123,0.49390244483947754,0.48170730471611023,0.5975610017776489,0.5121951103210449,0.4695121943950653,0.4268292784690857,0.5121951103210449,0.5792682766914368,0.5548780560493469,0.5,0.4573170840740204,0.43292683362960815,0.5,0.4573170840740204,0.5487805008888245,0.5243902206420898,0.542682945728302,0.47560974955558777,0.5853658318519592,0.542682945728302,0.5975610017776489,0.5792682766914368,0.5487805008888245,0.43292683362960815,0.5121951103210449,0.5060975551605225,0.4878048896789551,0.4878048896789551,0.5243902206420898,0.5853658318519592,0.4451219439506531,0.4085365831851959,0.4268292784690857,0.34756097197532654,0.5060975551605225,0.47560974955558777,0.42073169350624084,0.4878048896789551,0.4878048896789551,0.4878048896789551,0.43292683362960815,0.4146341383457184,0.4268292784690857,0.4390243887901306,0.43292683362960815,0.4573170840740204,0.5731707215309143,0.5182926654815674,0.5,0.4573170840740204,0.2195121943950653
0.2916666567325592,0.4166666567325592,0.3333333432674408,0.4166666567325592,0.625,0.6666666865348816,0.625,0.75,0.3333333432674408,0.5833333134651184,0.4166666567325592,0.4583333432674408,0.4583333432674408,0.375,0.625,0.2083333283662796,0.625,0.4166666567325592,0.5833333134651184,0.7916666865348816,0.5,0.5833333134651184,0.4166666567325592,0.6666666865348816,0.4583333432674408,0.4166666567325592,0.4166666567325592,0.5,0.2083333283662796,0.375,0.375,0.5833333134651184,0.375,0.4583333432674408,0.3333333432674408,0.5416666865348816,0.5416666865348816,0.5833333134651184,0.375,0.625,0.6666666865348816,0.5,0.5,0.5416666865348816,0.625,0.5,0.25,0.375,0.75,0.2083333283662796,0.4583333432674408,0.2916666567325592,0.4583333432674408,0.4583333432674408,0.375,0.5,0.4166666567325592,0.4166666567325592,0.2916666567325592,0.875,0.375,0.375,0.4166666567325592,0.5,0.5,0.4166666567325592,0.75,0.4166666567325592,0.4166666567325592,0.3333333432674408,0.4583333432674408,0.6666666865348816,0.4583333432674408,0.625,0.75,0.625,0.7083333134651184,0.5416666865348816,0.625,0.6666666865348816,0.5416666865348816,0.875,1.0,0.5833333134651184,0.5416666865348816,0.7916666865348816,0.4583333432674408,0.5833333134651184,0.5416666865348816,0.4583333432674408,0.5416666865348816,0.1666666716337204,0.25,0.0833333358168602,0.0833333358168602,0.0,0.0,0.0833333358168602,0.0416666679084301,0.0416666679084301,0.0,0.0416666679084301,0.0416666679084301,0.0833333358168602,0.0,0.0,0.0833333358168602,0.0833333358168602,0.25,0.1666666716337204,0.5416666865348816,0.4166666567325592,0.5833333134651184,0.5416666865348816,0.4583333432674408,0.75,0.5833333134651184,0.625,0.9583333134651184,0.9166666865348816,0.5416666865348816,0.625,0.6666666865348816,0.5,0.7083333134651184,0.6666666865348816,0.75,0.625,0.4583333432674408,0.625,0.4583333432674408,0.375,0.375,0.4583333432674408,0.7083333134651184,0.4166666567325592,0.5416666865348816,0.5,0.375,0.4166666567325592,0.375,0.8333333134651184,0.3333333432674408,0.4166666567325592,0.4166666567325592,0.5,0.375,0.4583333432674408,0.4166666567325592,0.3333333432674408,0.4583333432674408,0.2083333283662796,0.75,0.375,0.25,0.5,0.625,0.5416666865348816,0.4166666567325592,0.5416666865348816,0.7083333134651184,0.5833333134651184,0.4166666567325592,0.5416666865348816,0.5833333134651184,0.5,0.375,0.4583333432674408,0.3333333432674408,0.625,0.375,0.375,0.2083333283662796,0.5,0.3333333432674408,0.5,0.4583333432674408,0.6666666865348816,0.375,0.625,0.4583333432674408,0.8333333134651184,0.5416666865348816,0.4166666567325592,0.625,0.25,0.625,0.375,0.4583333432674408,0.4583333432674408,0.4166666567325592,0.5833333134651184,0.3333333432674408,0.75,0.625,0.5833333134651184,0.7083333134651184,0.375,0.375,0.375,0.3333333432674408
0.3142857253551483,0.5714285969734192,0.5142857432365417,0.6285714507102966,0.6857143044471741,0.6857143044471741,0.5142857432365417,0.7428571581840515,0.5714285969734192,0.5714285969734192,0.5428571701049805,0.5714285969734192,0.6571428775787354,0.7714285850524902,0.5714285969734192,0.7428571581840515,0.9428571462631226,0.6000000238418579,0.9714285731315613,0.7142857313156128,0.8571428656578064,0.4571428596973419,0.800000011920929,0.6000000238418579,0.6000000238418579,0.7714285850524902,0.6285714507102966,0.6285714507102966,0.7428571581840515,0.4285714328289032,0.7142857313156128,0.800000011920929,0.7428571581840515,0.7714285850524902,0.4285714328289032,0.7142857313156128,0.6000000238418579,0.6000000238418579,0.9142857193946838,0.7142857313156128,0.800000011920929,0.6571428775787354,0.8285714387893677,0.4571428596973419,0.6000000238418579,0.4571428596973419,0.6285714507102966,0.5714285969734192,0.4285714328289032,0.3142857253551483,0.4000000059604645,0.5714285969734192,0.48571428656578064,0.4285714328289032,0.5428571701049805,0.3142857253551483,0.7428571581840515,0.6285714507102966,0.4000000059604645,0.3142857253551483,0.4285714328289032,0.37142857909202576,0.3142857253551483,0.4000000059604645,0.4000000059604645,0.4285714328289032,0.4285714328289032,0.3142857253551483,0.3142857253551483,0.2857142984867096,0.2857142984867096,0.34285715222358704,0.4571428596973419,0.17142857611179352,0.22857142984867096,0.34285715222358704,0.34285715222358704,0.2857142984867096,0.3142857253551483,0.1428571492433548,0.2571428716182709,0.20000000298023224,0.34285715222358704,0.20000000298023224,0.2857142984867096,0.1428571492433548,0.17142857611179352,0.20000000298023224,0.08571428805589676,0.11428571492433548,0.17142857611179352,0.05714285746216774,0.11428571492433548,0.08571428805589676,0.05714285746216774,0.08571428805589676,0.02857142873108387,0.02857142873108387,0.0,0.0,0.0,0.0,0.0,0.02857142873108387,0.02857142873108387,0.08571428805589676,0.05714285746216774,0.08571428805589676,0.11428571492433548,0.05714285746216774,0.1428571492433548,0.1428571492433548,0.08571428805589676,0.20000000298023224,0.17142857611179352,0.1428571492433548,0.2571428716182709,0.20000000298023224,0.37142857909202576,0.17142857611179352,0.2857142984867096,0.1428571492433548,0.2571428716182709,0.34285715222358704,0.34285715222358704,0.34285715222358704,0.22857142984867096,0.17142857611179352,0.4285714328289032,0.37142857909202576,0.2857142984867096,0.2857142984867096,0.2571428716182709,0.37142857909202576,0.4000000059604645,0.4285714328289032,0.4000000059604645,0.4285714328289032,0.3142857253551483,0.34285715222358704,0.4571428596973419,0.2571428716182709,0.4285714328289032,0.6571428775787354,0.7142857313156128,0.34285715222358704,0.5428571701049805,0.4285714328289032,0.4571428596973419,0.5714285969734192,0.4000000059604645,0.34285715222358704,0.4285714328289032,0.5428571701049805,0.6285714507102966,0.48571428656578064,0.6000000238418579,0.4285714328289032,0.8571428656578064,0.6285714507102966,0.800000011920929,0.7428571581840515,0.8857142925262451,0.6000000238418579,0.6285714507102966,0.6857143044471741,0.4571428596973419,0.7428571581840515,0.6857143044471741,0.8285714387893677,0.7142857313156128,0.4571428596973419,0.7428571581840515,0.6000000238418579,0.6857143044471741,0.7142857313156128,0.6000000238418579,0.6285714507102966,0.8285714387893677,0.4571428596973419,0.8285714387893677,0.7142857313156128,1.0,0.6000000238418579,0.9428571462631226,0.7142857313156128,0.5714285969734192,0.800000011920929,0.6571428775787354,0.5714285969734192,0.5428571701049805,0.5428571701049805,0.6000000238418579,0.7142857313156128,0.48571428656578064,0.6857143044471741,0.7142857313156128,0.6285714507102966,0.5142857432365417,0.5714285969734192,0.34285715222358704
0.25,0.0,0.375,0.375,0.25,0.0,0.125,0.375,0.25,0.25,0.375,0.25,0.625,0.125,0.25,0.25,0.25,0.25,0.5,0.5,0.5,0.125,0.125,0.375,0.0,0.25,0.875,0.75,0.0,0.25,0.375,1.0,0.375,0.25,0.375,0.125,0.5,0.5,0.125,0.625,0.5,0.375,0.125,0.5,0.25,0.375,0.875,0.125,0.375,0.25,0.25,0.0,0.125,0.5,0.375,0.25,0.375,0.625,0.625,0.125,0.25,0.5,0.25,0.125,0.375,0.25,0.125,0.0,0.125,0.25,0.5,0.25,0.5,0.5,1.0,0.25,0.25,0.25,0.375,0.125,0.125,0.5,0.25,0.25,0.0,0.375,0.25,0.5,0.375,0.25,0.25,0.125,0.0,0.0,0.125,0.125,0.0,0.0,0.0,0.0,0.0,0.0,0.0,0.0,0.0,0.125,0.125,0.0,0.0,0.125,0.25,0.25,0.375,0.375,0.375,0.375,0.0,0.25,0.25,0.5,0.125,0.125,0.375,0.25,0.25,0.25,1.0,0.5,0.375,0.375,0.375,0.375,0.125,0.0,0.125,0.25,0.375,0.125,0.25,0.5,0.25,0.125,0.625,0.625,0.375,0.25,0.125,0.75,0.125,0.0,0.25,0.25,0.25,0.25,0.875,0.375,0.25,0.5,0.125,0.375,0.375,0.75,0.125,0.5,0.5,0.125,0.375,0.25,0.375,0.625,0.75,0.25,0.0,0.75,0.875,0.125,0.125,0.375,0.125,0.125,0.5,0.5,0.5,0.25,0.25,0.25,0.25,0.125,0.625,0.25,0.375,0.25,0.25,0.375,0.125,0.0,0.25,0.375,0.25,0.125,0.25
0.20588235557079315,0.5147058963775635,0.4852941036224365,0.5735294222831726,0.4852941036224365,0.36764705181121826,0.5441176295280457,0.6323529481887817,0.45588234066963196,0.30882352590560913,0.45588234066963196,0.5,0.6470588445663452,0.47058823704719543,0.4852941036224365,0.6764705777168274,0.5735294222831726,0.3382352888584137,0.529411792755127,0.3235294222831726,0.47058823704719543,0.4117647111415863,0.36764705181121826,0.529411792755127,0.38235294818878174,0.45588234066963196,0.44117647409439087,0.4117647111415863,0.5588235259056091,0.5735294222831726,0.47058823704719543,0.3235294222831726,0.47058823704719543,0.4117647111415863,0.5147058963775635,0.47058823704719543,0.36764705181121826,0.44117647409439087,0.5588235259056091,0.45588234066963196,0.45588234066963196,0.45588234066963196,0.3970588147640228,0.4852941036224365,0.6323529481887817,0.3970588147640228,0.4852941036224365,0.3235294222831726,0.3970588147640228,0.38235294818878174,0.5588235259056091,0.6029411554336548,0.4264705777168274,0.5882353186607361,0.3529411852359772,0.44117647409439087,0.4264705777168274,0.5,0.3235294222831726,0.4852941036224365,0.5588235259056091,0.5882353186607361,0.5441176295280457,0.5441176295280457,0.45588234066963196,0.529411792755127,0.5588235259056091,0.3529411852359772,0.6764705777168274,0.720588207244873,0.3970588147640228,0.6029411554336548,0.5441176295280457,0.5147058963775635,0.529411792755127,0.779411792755127,0.779411792755127,0.6470588445663452,0.529411792755127,0.529411792755127,0.75,0.529411792755127,0.5735294222831726,0.6323529481887817,0.8676470518112183,0.75,0.6176470518112183,0.7058823704719543,0.45588234066963196,0.45588234066963196,0.6323529481887817,0.6470588445663452,0.9411764740943909,1.0,0.6470588445663452,0.13235294818878174,0.014705882407724857,0.0,0.04411764815449715,0.0,0.0,0.0,0.04411764815449715,0.0,0.014705882407724857,0.13235294818878174,0.6176470518112183,0.9852941036224365,0.9558823704719543,0.6764705777168274,0.6029411554336548,0.4852941036224365,0.44117647409439087,0.6911764740943909,0.6470588445663452,0.75,0.7647058963775635,0.7058823704719543,0.5735294222831726,0.5441176295280457,0.75,0.5147058963775635,0.5,0.7058823704719543,0.720588207244873,0.8235294222831726,0.5147058963775635,0.5147058963775635,0.5588235259056091,0.6176470518112183,0.3970588147640228,0.7058823704719543,0.6764705777168274,0.3382352888584137,0.5735294222831726,0.5441176295280457,0.45588234066963196,0.529411792755127,0.5147058963775635,0.6176470518112183,0.5588235259056091,0.47058823704719543,0.30882352590560913,0.529411792755127,0.3970588147640228,0.45588234066963196,0.36764705181121826,0.5735294222831726,0.44117647409439087,0.6176470518112183,0.529411792755127,0.3970588147640228,0.3970588147640228,0.3235294222831726,0.4852941036224365,0.3970588147640228,0.6470588445663452,0.4852941036224365,0.3970588147640228,0.45588234066963196,0.44117647409439087,0.45588234066963196,0.5441176295280457,0.45588234066963196,0.38235294818878174,0.47058823704719543,0.5,0.4264705777168274,0.47058823704719543,0.3235294222831726,0.45588234066963196,0.5147058963775635,0.6323529481887817,0.4117647111415863,0.44117647409439087,0.45588234066963196,0.3529411852359772,0.5147058963775635,0.3970588147640228,0.3970588147640228,0.5,0.30882352590560913,0.5147058963775635,0.36764705181121826,0.5441176295280457,0.6911764740943909,0.5,0.45588234066963196,0.6470588445663452,0.5,0.45588234066963196,0.3235294222831726,0.44117647409439087,0.5882353186607361,0.5882353186607361,0.38235294818878174,0.47058823704719543,0.5882353186607361,0.44117647409439087,0.529411792755127,0.23529411852359772
0.3137255012989044,0.9019607901573181,1.0,0.5686274766921997,0.8627451062202454,0.8823529481887817,0.686274528503418,0.7058823704719543,0.8235294222831726,0.6666666865348816,0.9411764740943909,0.8823529481887817,0.686274528503418,0.45098039507865906,0.7254902124404907,0.5686274766921997,1.0,0.8235294222831726,0.7450980544090271,0.8235294222831726,0.7647058963775635,0.8039215803146362,0.7647058963775635,0.6078431606292725,0.7058823704719543,0.8039215803146362,0.9019607901573181,0.6470588445663452,0.5686274766921997,0.8627451062202454,0.5686274766921997,0.6078431606292725,0.4313725531101227,0.686274528503418,0.7058823704719543,0.6470588445663452,0.7450980544090271,0.6666666865348816,0.6666666865348816,0.7450980544090271,0.7058823704719543,0.6078431606292725,0.5882353186607361,0.6274510025978088,0.5490196347236633,0.4117647111415863,0.6470588445663452,0.45098039507865906,0.529411792755127,0.4901960790157318,0.4901960790157318,0.6274510025978088,0.7254902124404907,0.6078431606292725,0.8039215803146362,0.6470588445663452,0.6078431606292725,0.6666666865348816,0.7058823704719543,0.5686274766921997,0.5098039507865906,0.5882353186607361,0.3333333432674408,0.6470588445663452,0.9411764740943909,0.6666666865348816,0.5098039507865906,0.7843137383460999,0.5098039507865906,0.6274510025978088,0.686274528503418,0.47058823704719543,0.9411764740943909,0.7647058963775635,0.6666666865348816,0.686274528503418,0.6470588445663452,0.7450980544090271,0.686274528503418,0.686274528503418,0.686274528503418,0.6666666865348816,0.7450980544090271,0.7450980544090271,0.8627451062202454,0.47058823704719543,0.6078431606292725,0.686274528503418,0.5882353186607361,0.3529411852359772,0.2549019753932953,0.09803921729326248,0.09803921729326248,0.0784313753247261,0.05882352963089943,0.05882352963089943,0.019607843831181526,0.05882352963089943,0.0784313753247261,0.0,0.0,0.0,0.0784313753247261,0.05882352963089943,0.019607843831181526,0.05882352963089943,0.05882352963089943,0.0784313753247261,0.09803921729326248,0.09803921729326248,0.2549019753932953,0.3333333432674408,0.5882353186607361,0.6274510025978088,0.686274528503418,0.47058823704719543,0.843137264251709,0.7647058963775635,0.7058823704719543,0.7058823704719543,0.6666666865348816,0.7058823704719543,0.6470588445663452,0.7647058963775635,0.6470588445663452,0.686274528503418,0.6078431606292725,0.843137264251709,0.9215686321258545,0.4901960790157318,0.686274528503418,0.5882353186607361,0.529411792755127,0.7450980544090271,0.5490196347236633,0.6470588445663452,0.9411764740943909,0.6666666865348816,0.3529411852359772,0.5882353186607361,0.5098039507865906,0.5686274766921997,0.7058823704719543,0.6274510025978088,0.6274510025978088,0.6470588445663452,0.8235294222831726,0.6078431606292725,0.7254902124404907,0.529411792755127,0.5490196347236633,0.5098039507865906,0.529411792755127,0.45098039507865906,0.6470588445663452,0.4313725531101227,0.5490196347236633,0.6078431606292725,0.5882353186607361,0.6274510025978088,0.686274528503418,0.7058823704719543,0.7254902124404907,0.6666666865348816,0.7254902124404907,0.6078431606292725,0.7254902124404907,0.6666666865348816,0.4901960790157318,0.6078431606292725,0.5490196347236633,0.8627451062202454,0.5882353186607361,0.6274510025978088,0.8823529481887817,0.8235294222831726,0.686274528503418,0.6470588445663452,0.7450980544090271,0.8039215803146362,0.7647058963775635,0.8039215803146362,0.7647058963775635,0.8235294222831726,1.0,0.5686274766921997,0.7450980544090271,0.4313725531101227,0.6470588445663452,0.9215686321258545,0.9019607901573181,0.7058823704719543,0.7843137383460999,0.7254902124404907,0.6666666865348816,0.9411764740943909,0.8039215803146362,0.6078431606292725,0.9803921580314636,0.8627451062202454,0.3921568691730499
0.08808290213346481,0.15544041991233826,0.17098446190357208,0.15025906264781952,0.17616580426692963,0.14507772028446198,0.1347150206565857,0.12953367829322815,0.1606217622756958,0.19170984625816345,0.12435232847929001,0.16580310463905334,0.19170984625816345,0.19170984625816345,0.17098446190357208,0.15025906264781952,0.16580310463905334,0.15025906264781952,0.1606217622756958,0.196891188621521,0.17098446190357208,0.16580310463905334,0.15544041991233826,0.2227979302406311,0.1865285038948059,0.24870465695858002,0.18134714663028717,0.25388601422309875,0.18134714663028717,0.21243523061275482,0.20207254588603973,0.196891188621521,0.19170984625816345,0.24352331459522247,0.17616580426692963,0.24352331459522247,0.16580310463905334,0.20725388824939728,0.25388601422309875,0.2227979302406311,0.20207254588603973,0.21243523061275482,0.22797927260398865,0.23834197223186493,0.22797927260398865,0.2590673565864563,0.2746114134788513,0.18134714663028717,0.2590673565864563,0.32642486691474915,0.2746114134788513,0.3108808398246765,0.2694300413131714,0.3056994676589966,0.25388601422309875,0.3108808398246765,0.3108808398246765,0.3108808398246765,0.31606218218803406,0.2694300413131714,0.3316062092781067,0.3471502661705017,0.31606218218803406,0.3471502661705017,0.32642486691474915,0.409326434135437,0.35233160853385925,0.37823835015296936,0.37823835015296936,0.3730570077896118,0.3678756356239319,0.37823835015296936,0.43523314595222473,0.48704662919044495,0.4715026021003723,0.409326434135437,0.47668394446372986,0.5025906562805176,0.44041451811790466,0.40414509177207947,0.5595855116844177,0.5129533410072327,0.5181347131729126,0.5440414547920227,0.6010362505912781,0.6010362505912781,0.6010362505912781,0.6787564754486084,0.5803108811378479,0.42487046122550964,0.5595855116844177,0.6787564754486084,0.6632124185562134,1.0,0.8652849793434143,0.42487046122550964,0.010362694039940834,0.0,0.005181347019970417,0.005181347019970417,0.0,0.005181347019970417,0.005181347019970417,0.0,0.010362694039940834,0.37823835015296936,0.8756476640701294,0.9948186278343201,0.6683937907218933,0.6943005323410034,0.5492228269577026,0.45077720284461975,0.5595855116844177,0.6683937907218933,0.6165803074836731,0.606217622756958,0.606217622756958,0.5181347131729126,0.5388600826263428,0.5129533410072327,0.5647668242454529,0.41450777649879456,0.44041451811790466,0.48704662919044495,0.4922279715538025,0.40414509177207947,0.4559585452079773,0.4818652868270874,0.4300518035888672,0.393782377243042,0.3678756356239319,0.3834196925163269,0.37823835015296936,0.3678756356239319,0.3575129508972168,0.409326434135437,0.3316062092781067,0.34196892380714417,0.3212435245513916,0.35233160853385925,0.3056994676589966,0.2953367829322815,0.3108808398246765,0.3056994676589966,0.31606218218803406,0.3108808398246765,0.25388601422309875,0.3056994676589966,0.26424869894981384,0.3056994676589966,0.2849740982055664,0.3316062092781067,0.2590673565864563,0.17616580426692963,0.26424869894981384,0.2746114134788513,0.2227979302406311,0.23834197223186493,0.2331606149673462,0.21243523061275482,0.196891188621521,0.21761657297611237,0.2590673565864563,0.21243523061275482,0.1606217622756958,0.2331606149673462,0.1865285038948059,0.24870465695858002,0.19170984625816345,0.196891188621521,0.196891188621521,0.20725388824939728,0.1865285038948059,0.2590673565864563,0.17098446190357208,0.23834197223186493,0.196891188621521,0.22797927260398865,0.1606217622756958,0.1606217622756958,0.17616580426692963,0.1865285038948059,0.1606217622756958,0.14507772028446198,0.17616580426692963,0.14507772028446198,0.17616580426692963,0.196891188621521,0.1865285038948059,0.17098446190357208,0.11398963630199432,0.20207254588603973,0.1606217622756958,0.12435232847929001,0.12953367829322815,0.15544041991233826,0.17616580426692963,0.1347150206565857,0.17616580426692963,0.1606217622756958,0.09326425194740295
0.0,0.7142857313156128,0.1428571492433548,0.1428571492433548,0.2857142984867096,0.4285714328289032,0.1428571492433548,0.1428571492433548,0.1428571492433548,0.1428571492433548,0.0,0.1428571492433548,0.2857142984867096,0.5714285969734192,0.7142857313156128,0.2857142984867096,0.0,0.8571428656578064,0.4285714328289032,0.1428571492433548,0.1428571492433548,0.4285714328289032,0.2857142984867096,0.1428571492433548,0.1428571492433548,0.1428571492433548,0.1428571492433548,0.2857142984867096,0.1428571492433548,0.4285714328289032,0.5714285969734192,0.2857142984867096,0.4285714328289032,0.2857142984867096,0.2857142984867096,0.5714285969734192,0.4285714328289032,0.1428571492433548,0.4285714328289032,0.5714285969734192,0.7142857313156128,0.4285714328289032,0.5714285969734192,0.5714285969734192,0.0,0.1428571492433548,0.1428571492433548,0.2857142984867096,0.1428571492433548,0.2857142984867096,0.5714285969734192,0.7142857313156128,0.2857142984867096,0.1428571492433548,0.1428571492433548,0.1428571492433548,0.4285714328289032,0.1428571492433548,0.0,0.2857142984867096,0.1428571492433548,0.4285714328289032,0.1428571492433548,0.1428571492433548,0.2857142984867096,0.1428571492433548,0.0,0.1428571492433548,0.7142857313156128,0.2857142984867096,0.1428571492433548,0.1428571492433548,0.2857142984867096,0.2857142984867096,0.1428571492433548,0.2857142984867096,0.5714285969734192,0.1428571492433548,0.1428571492433548,0.2857142984867096,0.7142857313156128,0.1428571492433548,0.0,0.0,0.1428571492433548,0.1428571492433548,0.1428571492433548,0.2857142984867096,0.4285714328289032,0.0,0.2857142984867096,0.2857142984867096,0.2857142984867096,0.0,0.1428571492433548,0.0,0.0,0.0,0.0,0.0,0.0,0.0,0.0,0.0,0.0,0.0,0.1428571492433548,0.0,0.2857142984867096,0.2857142984867096,0.2857142984867096,0.0,0.4285714328289032,0.1428571492433548,0.2857142984867096,0.1428571492433548,0.1428571492433548,0.0,0.0,0.1428571492433548,0.7142857313156128,0.2857142984867096,0.1428571492433548,0.1428571492433548,0.5714285969734192,0.2857142984867096,0.1428571492433548,0.2857142984867096,0.2857142984867096,0.1428571492433548,0.1428571492433548,0.2857142984867096,0.7142857313156128,0.1428571492433548,0.0,0.1428571492433548,0.2857142984867096,0.1428571492433548,0.1428571492433548,0.4285714328289032,0.1428571492433548,0.2857142984867096,0.0,0.1428571492433548,0.2857142984867096,0.2857142984867096,0.1428571492433548,0.1428571492433548,0.2857142984867096,0.5714285969734192,0.7142857313156128,0.2857142984867096,0.1428571492433548,0.1428571492433548,0.2857142984867096,0.1428571492433548,0.0,0.5714285969734192,0.5714285969734192,0.4285714328289032,0.7142857313156128,0.5714285969734192,0.4285714328289032,0.1428571492433548,0.4285714328289032,0.5714285969734192,0.2857142984867096,0.2857142984867096,0.4285714328289032,0.2857142984867096,0.5714285969734192,0.4285714328289032,0.1428571492433548,0.2857142984867096,0.1428571492433548,0.1428571492433548,0.1428571492433548,0.1428571492433548,0.2857142984867096,0.4285714328289032,0.1428571492433548,0.1428571492433548,0.2857142984867096,1.0,0.0,0.2857142984867096,0.7142857313156128,0.5714285969734192,0.2857142984867096,0.1428571492433548,0.0,0.1428571492433548,0.1428571492433548,0.1428571492433548,0.1428571492433548,0.4285714328289032,0.2857142984867096,0.1428571492433548,0.1428571492433548,0.5714285969734192,0.1428571492433548
0.3636363744735718,0.6666666865348816,0.6060606241226196,0.9696969985961914,0.6060606241226196,0.6969696879386902,0.5757575631141663,0.9696969985961914,0.5454545617103577,0.7272727489471436,0.8181818127632141,0.6363636255264282,0.6666666865348816,0.7575757503509521,0.6666666865348816,0.5454545617103577,0.6666666865348816,0.6969696879386902,0.5757575631141663,0.42424243688583374,0.4848484992980957,0.5454545617103577,0.9090909361839294,0.7878788113594055,0.6363636255264282,0.4545454680919647,0.7575757503509521,0.5757575631141663,0.6363636255264282,0.6969696879386902,0.5757575631141663,0.7575757503509521,0.7272727489471436,0.6666666865348816,0.5151515007019043,0.42424243688583374,0.24242424964904785,0.6060606241226196,0.4545454680919647,0.7272727489471436,0.6666666865348816,0.6666666865348816,0.9696969985961914,0.7272727489471436,0.5454545617103577,0.5757575631141663,0.39393940567970276,0.6060606241226196,0.5151515007019043,0.5151515007019043,0.5454545617103577,0.6060606241226196,0.5757575631141663,0.5151515007019043,0.5151515007019043,0.6060606241226196,0.6666666865348816,0.6666666865348816,0.5757575631141663,0.6060606241226196,0.8181818127632141,0.3333333432674408,0.6969696879386902,0.7878788113594055,0.3636363744735718,0.5454545617103577,0.39393940567970276,0.5151515007019043,0.5151515007019043,0.5151515007019043,0.42424243688583374,0.3636363744735718,0.6666666865348816,0.7575757503509521,0.5757575631141663,0.6363636255264282,0.6969696879386902,0.6666666865348816,0.5454545617103577,0.5454545617103577,0.6060606241226196,0.5151515007019043,0.4848484992980957,0.5151515007019043,0.4848484992980957,0.5454545617103577,0.5757575631141663,0.9696969985961914,0.4848484992980957,0.39393940567970276,0.6060606241226196,0.5757575631141663,0.3636363744735718,0.42424243688583374,0.5454545617103577,0.3636363744735718,0.12121212482452393,0.1515151560306549,0.1515151560306549,0.09090909361839294,0.0,0.09090909361839294,0.1515151560306549,0.1515151560306549,0.12121212482452393,0.3030303120613098,0.5151515007019043,0.5151515007019043,0.3636363744735718,0.5757575631141663,0.5757575631141663,0.42424243688583374,0.4848484992980957,0.9696969985961914,0.5757575631141663,0.5151515007019043,0.5151515007019043,0.5151515007019043,0.4848484992980957,0.4848484992980957,0.6060606241226196,0.5757575631141663,0.5454545617103577,0.6363636255264282,0.6969696879386902,0.6363636255264282,0.6060606241226196,0.6969696879386902,0.6969696879386902,0.3636363744735718,0.4545454680919647,0.4545454680919647,0.5454545617103577,0.5454545617103577,0.3333333432674408,0.6060606241226196,0.3333333432674408,0.8181818127632141,0.6666666865348816,0.3333333432674408,0.8484848737716675,0.6060606241226196,0.5454545617103577,0.6060606241226196,0.7272727489471436,0.6363636255264282,0.5151515007019043,0.5151515007019043,0.5454545617103577,0.6363636255264282,0.5454545617103577,0.5151515007019043,0.5151515007019043,0.6060606241226196,0.39393940567970276,0.5757575631141663,0.5151515007019043,0.7575757503509521,0.9696969985961914,0.6666666865348816,0.6363636255264282,0.7575757503509521,0.42424243688583374,0.6060606241226196,0.27272728085517883,0.42424243688583374,0.5151515007019043,0.6363636255264282,0.7272727489471436,0.7878788113594055,0.5151515007019043,0.6969696879386902,0.6666666865348816,0.5757575631141663,0.7878788113594055,0.42424243688583374,0.6666666865348816,0.6969696879386902,1.0,0.5454545617103577,0.4848484992980957,0.42424243688583374,0.5151515007019043,0.7272727489471436,0.6969696879386902,0.5151515007019043,0.6363636255264282,0.7878788113594055,0.6666666865348816,0.6363636255264282,0.8484848737716675,0.6666666865348816,0.6060606241226196,0.939393937587738,0.5757575631141663,0.7272727489471436,0.6060606241226196,0.939393937587738,0.5757575631141663,0.6969696879386902,0.39393940567970276
