0,1,2,3,4,5,6,7,8,9,10,11,12,13,14,15,16,17,18,19,20,21,22,23,24,25,26,27,28,29,label_training_space,label_original
-0.017781124,-0.007433191,-0.07898069,0.06002561,0.033372737,-0.011258499,-0.026108846,-0.045871735,-0.015233144,-0.04331792,-0.03914857,0.032713287,0.011835413,0.023235947,-0.04943928,-0.034359053,0.052753873,0.119950205,-0.024432518,0.01896561,0.04371973,-0.022310905,-0.079564296,0.00075117964,0.0010073632,0.023207061,0.008325018,0.002068922,-0.047862288,0.023507692,PkC_ss,PkC_ss
-0.021322265,-0.010455832,-0.06485015,0.052792028,0.028798528,-0.016288128,-0.02753155,-0.07493734,-0.017156795,-0.031512104,-0.035844937,0.018487282,0.0049055796,0.0067061484,-0.061185464,-0.053692058,0.069324106,0.12139267,-0.0399039,0.031143278,0.051317427,-0.04098388,-0.0622278,0.0034320783,-0.00588556,0.018096901,-0.015240207,-0.022969171,-0.05126184,0.029904187,PkC_ss,PkC_ss
-0.024954736,0.03202232,-0.047579564,0.018550634,0.04111769,-0.031555768,-0.044205703,-0.05957006,-0.029320776,-0.041804396,-0.009498432,-0.0025016293,0.039203737,0.039197534,-0.029089846,-0.042759653,0.115288384,0.12767431,-0.04533959,-0.029360935,0.075397834,-0.04736954,-0.04915744,0.015039707,-0.005476337,0.022598557,-0.03170146,-0.01823464,-0.03456672,0.024075963,MLI,MLI
-0.025263712,-0.011867717,-0.05434954,0.05834893,0.036662687,-0.006181596,-0.016544074,-0.044574484,-0.010736704,-0.04227823,0.007906586,0.023618631,0.0011105407,0.013122082,-0.046214506,-0.048202593,0.060288105,0.123429716,-0.023536235,-0.012195736,0.07934417,-0.021663561,-0.07406149,0.031757448,0.011495361,0.018492326,-0.0037124753,-0.0009013042,-0.06509994,0.03668198,MFB,MFB
-0.025808662,0.015008993,-0.06628662,0.05789908,0.016910162,0.013393787,-0.013404787,-0.058638945,-0.01878354,-0.0414166,0.009389818,0.022739239,0.02915252,0.0074780583,-0.037460107,-0.061139088,0.10014482,0.10843761,-0.037260406,-0.018355206,0.09115207,-0.060187675,-0.05997006,0.009653132,-0.0018493757,0.058979157,-0.024028935,-0.01060316,-0.073395245,0.046523303,MFB,MFB
-0.021214142,-6.556511e-07,-0.058664948,0.04825882,0.028974082,0.0015523536,-0.014342919,-0.055430338,-0.01323691,-0.055813953,0.0223917,0.019603856,0.021657707,0.0018043667,-0.04200672,-0.051671036,0.07823065,0.11866727,-0.024050757,-0.023009673,0.098227575,-0.053289548,-0.060560845,0.015298814,-0.0049081407,0.034459107,-0.016136535,-0.011686899,-0.062327925,0.04853992,MLI,MLI
-0.020854384,0.0060560256,-0.06341272,0.056722,0.02112183,0.016413,-0.008911386,-0.056226954,-0.012044445,-0.058444373,0.032561816,0.016796365,0.030749042,-0.0043755174,-0.028990358,-0.047878593,0.08404761,0.11948846,-0.024216607,-0.027479306,0.09465952,-0.052760005,-0.068587266,0.013650794,-0.014124069,0.049650215,-0.01440835,-0.0081734955,-0.05974914,0.044925824,MLI,MLI
-0.011315256,0.0102889165,-0.03958617,0.02598454,0.033679146,-0.02927437,-0.033121265,-0.059420433,-0.043806605,-0.02501633,0.0068432987,-0.0066897646,0.042225596,0.04346747,-0.0053085163,-0.053800523,0.12017734,0.12479458,-0.065217696,-0.022134855,0.0675881,-0.06275419,-0.039298117,0.008962819,-0.013038289,0.034559004,-0.056894742,-0.030734465,-0.017273001,0.027369812,PkC_ss,PkC_ss
-0.0236018,0.006977953,-0.0706786,0.05036521,0.032567747,0.0034561148,-0.0321175,-0.060907606,-0.033801034,-0.036370203,-0.0022770017,0.013118692,0.023115318,0.029708385,-0.037158787,-0.051451907,0.092370875,0.115347594,-0.04305578,-0.00545229,0.08149475,-0.046277504,-0.058418006,0.0016675834,0.0013312846,0.046517022,-0.03394237,-0.014626965,-0.049049217,0.030493677,PkC_ss,PkC_ss
-0.02705273,0.032860495,-0.042249158,0.027825013,0.033994596,-0.032208513,-0.033490233,-0.063420534,-0.047618315,-0.02747418,-0.013636738,-0.018820934,0.047538765,0.038354293,-0.0112243295,-0.057703316,0.14045748,0.12249299,-0.0653371,-0.028002813,0.0684897,-0.081751086,-0.03976126,0.009880168,-0.019488372,0.041371524,-0.050038166,-0.022867523,-0.030338712,0.0243994,PkC_ss,PkC_ss
-0.021189526,-0.014347494,-0.07174007,0.043946356,0.01593924,0.011093372,-0.018226594,-0.057504788,-0.004333921,-0.06669845,0.01730407,0.03369388,0.02216743,0.02211234,-0.028387755,-0.04450505,0.08945268,0.11957914,-0.033191435,-0.001434505,0.07592307,-0.051661976,-0.07963489,0.009557381,-0.0023145154,0.044126347,-0.01518739,-0.019972444,-0.057224024,0.043370694,PkC_cs,PkC_cs
-0.01651898,0.0009924024,-0.071908556,0.04983622,0.025565736,-0.00155738,-0.027178034,-0.046298083,-0.014234655,-0.06395772,0.035864457,0.025995761,0.030219397,0.012415409,-0.016132899,-0.05898366,0.085100144,0.12220559,-0.036139093,-0.01999019,0.09605644,-0.054691732,-0.06337325,0.015282014,0.01269676,0.048516855,-0.020810135,-0.010081172,-0.059068095,0.049400516,PkC_cs,PkC_cs
-0.017484665,8.2448125e-05,-0.058815837,0.05060772,0.021930553,0.0056976555,-0.008620113,-0.056538593,-0.010264106,-0.06585939,0.03097684,0.025170967,0.028019708,0.0093150735,-0.03451349,-0.04593427,0.08219083,0.11736418,-0.028888397,-0.03100945,0.097984806,-0.0460034,-0.05911894,0.017806068,-0.012410998,0.042860843,-0.019573107,-0.012283817,-0.060067836,0.05169645,MFB,MFB
-0.0076808035,0.007080637,-0.056929916,0.06590986,0.021414168,0.009923437,-0.020885468,-0.05294866,-0.020665549,-0.045802914,0.00877136,0.02334597,0.017057538,0.0017291307,-0.03919684,-0.054041788,0.084092185,0.11952613,-0.032253206,-0.020079628,0.08416371,-0.0349445,-0.055718966,0.015967652,0.005310498,0.052397013,-0.019872516,-0.009338446,-0.066830695,0.042116456,PkC_ss,PkC_ss
-0.027447551,0.013016589,-0.072996564,0.0630625,0.017706167,0.014344034,-0.028555319,-0.067960486,-0.021525495,-0.041251212,0.00731007,0.020717897,0.02119359,0.015434653,-0.035631895,-0.05796125,0.09587751,0.10640343,-0.039587647,-0.006284684,0.084597364,-0.04720315,-0.06329477,0.004842516,0.0007723756,0.055088524,-0.028054804,-0.018911056,-0.063303545,0.043784082,PkC_ss,PkC_ss
-0.012905881,0.0087984055,-0.06822193,0.055085436,0.037508167,0.004652419,-0.02538523,-0.065236405,-0.045646533,-0.039599173,0.019235581,0.0006868094,0.027021829,0.010812938,-0.024908267,-0.060767762,0.09182532,0.12062636,-0.052403532,-0.021257728,0.09713665,-0.061905254,-0.04660684,-0.0008769762,-0.008909907,0.05252832,-0.043484457,-0.020646907,-0.041604634,0.039089724,PkC_ss,PkC_ss
-0.017297566,0.030343615,-0.03047876,0.012906328,0.036605872,-0.0546551,-0.037532017,-0.0676664,-0.047290884,-0.041099958,-0.0041502416,-0.027437843,0.059174493,0.073776975,0.021856777,-0.034769136,0.16367948,0.12794213,-0.07221185,-0.05136609,0.054567926,-0.07261912,-0.027406007,0.010216955,-0.03689949,0.028237805,-0.053663112,-0.027955994,0.012875326,0.016748205,PkC_ss,PkC_ss
-0.024014518,0.015302621,-0.06549723,0.056147195,0.028795328,-0.0038251653,-0.03928917,-0.07255077,-0.043861784,-0.033386,0.0005807206,-0.0019661784,0.022697339,0.03177187,-0.028037764,-0.064908065,0.11165929,0.112485215,-0.066773586,0.0046011806,0.073936455,-0.06135508,-0.052791663,-0.001211741,0.0011989139,0.056038544,-0.05312883,-0.030078188,-0.040562723,0.03187879,PkC_ss,PkC_ss
-0.013412699,0.00080153346,-0.069690354,0.056764662,0.027637977,0.0005144803,-0.018056676,-0.03863349,-0.008948974,-0.0664105,0.035493612,0.025402434,0.026636802,0.003168881,-0.018729381,-0.05549367,0.08345117,0.12333827,-0.029522754,-0.024731651,0.09548266,-0.05376613,-0.06503938,0.018927105,0.007972762,0.04475352,-0.017204657,-0.0049014986,-0.06082569,0.049240313,PkC_cs,PkC_cs
-0.013508812,0.0018665493,-0.069454476,0.057333477,0.027025163,0.0008607479,-0.017518535,-0.03826337,-0.009328589,-0.06636858,0.035262033,0.025405638,0.027564159,0.0027626008,-0.01845695,-0.055979807,0.08440471,0.12323484,-0.030114584,-0.024731219,0.095177755,-0.054344036,-0.065063566,0.018757693,0.0074188523,0.045905948,-0.017194629,-0.0048747957,-0.06103655,0.04947474,PkC_cs,PkC_cs
-0.011421412,-0.013776243,-0.07131308,0.06269113,0.025554005,-0.005609392,-0.0111092925,-0.046473958,-0.016603552,-0.051794887,0.030289233,0.02587337,0.022624716,0.012284771,-0.019072153,-0.058496974,0.07947843,0.12719256,-0.042870633,-0.02249302,0.087307274,-0.038663287,-0.057173572,0.020119838,0.008438338,0.05605755,-0.018442854,-0.012575887,-0.054741077,0.04834094,PkC_cs,PkC_cs
-0.019665807,0.0027870387,-0.072728,0.061052196,0.032823764,0.009165815,-0.019500226,-0.041891,-0.01304511,-0.07690969,0.04285127,0.021050006,0.03711857,0.009771019,-0.01245857,-0.049277127,0.087768175,0.11729919,-0.027534977,-0.02459322,0.09258799,-0.060705364,-0.06595841,0.0056647547,-0.0060402267,0.044144407,-0.019244723,-0.0050055757,-0.047678895,0.050325565,PkC_cs,PkC_cs
-0.026471421,0.016019821,-0.025729999,0.009674624,0.031481136,-0.061397016,-0.02741146,-0.073246315,-0.04511954,-0.025003515,-0.02824194,-0.02569209,0.036110044,0.068178475,-0.006765336,-0.042989444,0.15268534,0.12961687,-0.072323106,-0.044211835,0.048833273,-0.070186935,-0.03264998,0.019323152,-0.036024433,0.022772089,-0.043437265,-0.02962169,-0.015962847,0.015782528,MLI,MLI
-0.025588542,0.011410184,-0.040587433,0.028854147,0.027914133,-0.04541908,-0.031178683,-0.07616271,-0.048938923,-0.03508511,-0.00752344,-0.018027894,0.042929113,0.070073165,0.0010860264,-0.05011247,0.15647432,0.12263395,-0.07847144,-0.026350886,0.05417431,-0.073881485,-0.035768434,0.010570154,-0.020544142,0.04327686,-0.06283858,-0.032051057,-0.007951319,0.021140493,PkC_ss,PkC_ss
-0.0307834,0.023473017,-0.052071407,0.044940002,0.029824998,-0.02115431,-0.03506592,-0.06562678,-0.045147978,-0.020697095,-0.011547074,-0.007802896,0.033175193,0.038971446,-0.017443694,-0.06551583,0.13036893,0.11291763,-0.072696954,-0.009525374,0.06481321,-0.07125973,-0.043272033,0.00557049,-0.0061208457,0.04805717,-0.05596856,-0.026955001,-0.037756704,0.025520124,PkC_ss,PkC_ss
-0.018843308,-0.012820929,-0.07141318,0.049818225,0.030592784,0.00011583511,-0.020423368,-0.051459882,-0.015164405,-0.07118823,0.03129884,0.022874393,0.01953644,0.017748281,-0.02275215,-0.04355954,0.07944783,0.11989648,-0.024664693,-0.023199067,0.096040964,-0.053133793,-0.07124642,0.012549976,0.000568822,0.031166017,-0.016511649,-0.005698301,-0.054480884,0.047430634,PkC_cs,PkC_cs
-0.017099172,-0.0008209646,-0.07218463,0.04344134,0.018007684,0.0161548,-0.022032574,-0.06070374,0.0008935854,-0.075850345,0.022157691,0.03719357,0.020848524,0.023586854,-0.026728354,-0.041093048,0.09327875,0.12186849,-0.033243068,-0.019126877,0.087626055,-0.046774313,-0.06842398,0.012696743,0.003569238,0.048008353,-0.009733021,-0.017115138,-0.057369716,0.043656252,PkC_cs,PkC_cs
-0.018974572,-0.0035205483,-0.06425237,0.05202429,0.024040043,0.003757297,-0.016422257,-0.051328603,-0.009599678,-0.043342985,0.024732292,0.030036699,0.019307263,0.0072155,-0.019393742,-0.058010273,0.07718111,0.11972368,-0.036873356,-0.024060577,0.096617594,-0.04388704,-0.05650887,0.025628503,0.01899311,0.04315252,-0.017608993,-0.00993523,-0.060959537,0.046288215,MLI,MLI
-0.008713499,-0.0018824935,-0.056709446,0.047389,0.01802906,0.004449076,-0.0098884255,-0.055945676,-0.017802097,-0.05960396,0.026278444,0.024355486,0.023161545,0.011734694,-0.045771725,-0.048794724,0.078141645,0.1181266,-0.029932864,-0.026464775,0.097361,-0.041665517,-0.060399376,0.012205429,-0.008735504,0.046210125,-0.023757294,-0.017273352,-0.06466712,0.051737353,PkC_ss,PkC_ss
-0.024660856,0.010301486,-0.073230475,0.061859436,0.017017413,0.016176641,-0.023884341,-0.053715333,-0.028964274,-0.04236225,0.0090665445,0.02490218,0.027129464,0.020770326,-0.034548603,-0.055659372,0.08693848,0.10460557,-0.036929026,-0.007017955,0.08256552,-0.050110273,-0.06419978,-0.0042677587,0.0014684163,0.060971703,-0.03108979,-0.013685316,-0.057793777,0.039494768,PkC_ss,PkC_ss
-0.022333413,0.005044304,-0.07237021,0.06347051,0.01755916,0.013447131,-0.02309087,-0.05851038,-0.030586772,-0.03798095,0.009411447,0.024990365,0.019145254,0.02385296,-0.03807891,-0.05885882,0.08552791,0.10671309,-0.041472167,-0.0025919527,0.08295033,-0.04738225,-0.06401624,-0.0020120153,0.004902374,0.058780164,-0.029950753,-0.013486683,-0.05970039,0.039397858,PkC_ss,PkC_ss
-0.051546283,0.051275007,-0.026587635,0.015070677,0.022953797,-0.070532,-0.047806606,-0.0750446,-0.04401155,-0.023666836,-0.028525133,-0.023407266,0.048552077,0.08180511,0.0045339465,-0.052970234,0.17474753,0.1175078,-0.0835233,-0.036085546,0.036153305,-0.07727077,-0.03219995,0.015116667,-0.036185022,0.026193917,-0.05181586,-0.039495826,-0.006474495,0.01652763,MLI,MLI
-0.017845154,-0.0034637451,-0.062070943,0.06456605,0.018943701,0.0011622487,-0.016640559,-0.045319982,-0.019503608,-0.030303046,0.0010444969,0.03634287,0.010457316,0.009913281,-0.042018373,-0.059026144,0.080961704,0.117569804,-0.036311477,-0.020888135,0.08242276,-0.034474947,-0.054818906,0.017721817,0.0055599436,0.0475751,-0.018658347,-0.011398837,-0.07727541,0.043950297,PkC_ss,PkC_ss
-0.06386877,0.051069632,-0.02976337,0.016788065,0.013641987,-0.07338865,-0.06505896,-0.08374967,-0.040458567,-0.012202084,-0.04943383,-0.024342224,0.041784015,0.098139495,0.006182514,-0.049795575,0.1779193,0.11301343,-0.08456731,-0.016304761,0.0034368858,-0.0629656,-0.039872736,0.007650148,-0.040375855,0.026199348,-0.04120321,-0.042759374,-0.005293183,0.0036451146,MLI,MLI
-0.054148503,0.05790633,0.07566571,-0.046460703,0.03492325,-0.23381415,-0.06548086,-0.108698495,-0.05009888,-0.047235847,-0.056906503,-0.09557659,0.058418795,0.17797622,0.069839634,-0.038375475,0.28991327,0.17772007,-0.13999034,-0.09003641,-0.060604673,-0.11477947,0.035757914,0.0556674,-0.09996021,-0.030239291,-0.044087045,-0.07620554,0.124530904,-0.021762345,MFB,MFB
-0.024106383,0.04346934,-0.0022919327,0.0051825047,0.049779177,-0.09509988,-0.046853572,-0.07854794,-0.049396202,-0.028588325,-0.027915016,-0.044173487,0.040853824,0.07874158,0.0076453686,-0.04923027,0.18459383,0.13528013,-0.078173414,-0.04947713,0.038782462,-0.078911275,-0.011286646,0.025534313,-0.03367674,-0.0063512623,-0.055235572,-0.044365272,0.01973094,0.020202868,MFB,MFB
-0.012412041,0.0020840168,-0.060924754,0.061950527,0.023354363,-0.00092743617,-0.022176087,-0.040664673,-0.010321744,-0.06919685,0.02735658,0.026437625,0.02739549,0.01231274,-0.015167564,-0.050747342,0.09117785,0.12536752,-0.034687288,-0.029509753,0.08179948,-0.045260772,-0.06071388,0.019343577,0.007524263,0.049372345,-0.014518112,-0.009655669,-0.05220272,0.046222292,PkC_cs,PkC_cs
-0.033824936,0.010003544,-0.057418704,0.071719006,0.012816332,0.007917446,-0.035741314,-0.06363228,-0.0046896115,-0.031103984,-0.0025118664,0.020938456,0.0055874586,0.021179244,-0.031542055,-0.06254639,0.10439264,0.114370525,-0.04837185,-0.008485451,0.06346424,-0.03579977,-0.06326094,0.022887114,0.021324676,0.05635285,-0.012996972,-0.02479083,-0.062100172,0.035835966,PkC_cs,PkC_cs
-0.02327165,0.008992463,-0.065456614,0.050353773,0.008565851,0.015855353,-0.0131432265,-0.06250328,-0.019987307,-0.053750314,0.031159364,0.019271612,0.031155353,0.008554846,-0.03741253,-0.052252106,0.08931349,0.11013433,-0.0325142,-0.020550177,0.097165175,-0.057768933,-0.067254506,0.00034219492,-0.018444195,0.06067321,-0.021361105,-0.018938713,-0.06466349,0.047750533,PkC_ss,PkC_ss
-0.013587683,0.0014631599,-0.055439398,0.030308485,0.03128767,0.001857412,-0.025246501,-0.071754456,-0.033865914,-0.035051942,-0.008672573,0.008886464,0.0015912391,0.028783426,-0.059595995,-0.04949584,0.09346953,0.12666942,-0.044378735,-0.009083241,0.081557855,-0.040896,-0.05739986,0.0026945472,-0.004790738,0.040071458,-0.02335184,-0.023286752,-0.05724581,0.022506416,PkC_ss,PkC_ss
-0.025969237,0.025217466,-0.05298055,0.028235614,0.034753587,-0.027680963,-0.026855871,-0.06780333,-0.048679,-0.03341934,-0.010864645,-0.01516249,0.043089665,0.038451985,-0.011244521,-0.05182163,0.13298051,0.12248871,-0.06252818,-0.037435472,0.079211466,-0.07488614,-0.03821373,0.008779984,-0.023022082,0.04426755,-0.044174857,-0.020443298,-0.035537876,0.028926805,PkC_ss,PkC_ss
-0.020963594,-0.009094536,-0.07856391,0.04759191,0.023107175,0.003324301,-0.015584812,-0.050140437,-0.012610659,-0.06805201,0.031083211,0.027747009,0.026298596,0.014879331,-0.022773013,-0.048288703,0.08181344,0.122161776,-0.026162937,-0.02538976,0.09813982,-0.053042985,-0.08006079,0.017153624,0.0064080358,0.046300553,-0.011951439,-0.0006519556,-0.06349392,0.04727576,PkC_cs,PkC_cs
-0.038710922,0.03086935,0.010393485,-0.011141747,0.025164232,-0.09317765,-0.03202358,-0.08730058,-0.03842491,-0.028926946,-0.046134844,-0.032215185,0.03574177,0.111949965,0.0019952506,-0.034779403,0.21157038,0.14128406,-0.09150504,-0.054266796,0.010074435,-0.077021055,-0.01880604,0.03191138,-0.056219477,0.01234331,-0.04380492,-0.04682088,0.01611621,-0.0042990223,PkC_ss,PkC_ss
-0.03152083,0.019314528,-0.019994378,0.009568095,0.0281691,-0.052131627,-0.02700609,-0.072713986,-0.039043225,-0.024618328,-0.03631321,-0.018867187,0.037753165,0.07143032,-0.016888566,-0.03993567,0.15733679,0.12754858,-0.06866139,-0.031650126,0.032673545,-0.06554811,-0.036431864,0.016034776,-0.041584473,0.022713758,-0.048609518,-0.038696215,-0.012931101,0.011290118,PkC_ss,PkC_ss
-0.01560916,-0.0012932122,-0.05727925,0.06410592,0.020051986,-0.0012782812,-0.025680408,-0.048053287,-0.012596883,-0.051474333,0.017301656,0.020973615,0.016514938,0.014753148,-0.025215961,-0.058028527,0.093345515,0.12469246,-0.039179653,-0.023136288,0.07683356,-0.04114405,-0.057476312,0.018322337,0.016385073,0.054950617,-0.01371903,-0.016283639,-0.054751717,0.041070238,PkC_cs,PkC_cs
-0.01949808,0.0024584085,-0.067790985,0.05857428,0.019244675,0.0015330175,-0.027041271,-0.048783973,-0.0059165657,-0.05785597,0.021201,0.033238012,0.016757756,0.01794687,-0.01524476,-0.056789976,0.08917746,0.124575295,-0.046365693,-0.01247409,0.07757995,-0.04189299,-0.06781622,0.021975745,0.013433777,0.048529603,-0.012289107,-0.018663727,-0.053289853,0.04451132,PkC_cs,PkC_cs
-0.040569216,0.0074108467,-0.07918374,0.06947973,0.007601455,0.0067071607,-0.047253184,-0.065580875,-0.008827344,-0.06112212,0.013683997,0.030760698,0.017483454,0.0412751,-0.012297116,-0.059843116,0.111080006,0.10930792,-0.050102003,0.0025255978,0.057480782,-0.046060883,-0.07311674,0.0062862523,0.012142165,0.059285726,-0.026978806,-0.029875994,-0.049153592,0.042116642,PkC_cs,PkC_cs
-0.022856012,0.002674535,-0.071711354,0.06398223,0.019580167,0.007206467,-0.020734653,-0.044281162,-0.01057931,-0.05611699,0.025215596,0.031697627,0.028913042,0.01553461,-0.005656086,-0.058102436,0.0987688,0.11722318,-0.042475484,-0.024261326,0.08323723,-0.054360967,-0.061488457,0.016838366,0.013548937,0.056682162,-0.0226904,-0.012066603,-0.053264648,0.04548057,PkC_cs,PkC_cs
-0.023190692,0.00827492,-0.062093638,0.05391649,0.019295212,0.013548247,-0.015287161,-0.054706924,-0.021671131,-0.0541702,0.023679495,0.021699257,0.03262882,0.007136211,-0.03379956,-0.054072574,0.09050849,0.11403934,-0.03314712,-0.018274128,0.092861116,-0.058832936,-0.06541958,0.008188089,-0.006030433,0.055733588,-0.023404725,-0.010099523,-0.06355916,0.0453014,PkC_ss,PkC_ss
-0.007509172,-0.00818187,-0.0688306,0.039901473,0.016400713,0.0032367678,-0.023353249,-0.06547387,-0.020878717,-0.047346614,0.004338585,0.031998567,0.0064696576,0.034164682,-0.060505833,-0.045699295,0.0753181,0.11989875,-0.036360443,-0.004708171,0.08865385,-0.03507868,-0.06146261,-0.0010565259,-0.00031433627,0.050276138,-0.008942068,-0.015193619,-0.06695793,0.033943057,MLI,MLI
-0.012906745,-0.019681945,-0.05249302,0.03639537,0.01029795,0.014552589,-0.009631112,-0.061016105,-0.0031656101,-0.053609803,0.02006866,0.035214335,0.0050828103,0.020913094,-0.045629688,-0.047404014,0.081542894,0.12435023,-0.03255724,-0.012688473,0.083479315,-0.040567648,-0.06766852,0.01593715,-0.00077912584,0.04852186,-0.0062834546,-0.021330558,-0.064200446,0.037116155,MLI,MLI
-0.0208603,-0.022838846,-0.06691438,0.047770128,0.017849661,0.017169952,-0.008692548,-0.06031809,-0.005484879,-0.055705145,0.025260732,0.027525496,0.012412159,0.015044868,-0.03428696,-0.043327253,0.076348975,0.118667886,-0.029190399,-0.015921265,0.092956215,-0.04320926,-0.07354842,0.016304126,-0.0016353987,0.04199154,-0.014162891,-0.015870936,-0.0620312,0.043390855,MLI,MLI
-0.016317755,-0.02944222,-0.065484524,0.0649741,0.028064836,-0.016365051,-0.012408301,-0.05629871,-0.01481019,-0.043717504,0.0027686208,0.0346408,0.002720883,0.029294148,-0.039248314,-0.038247958,0.05174461,0.1196035,-0.03747589,0.0076706484,0.06896978,-0.015091188,-0.074357405,0.02934445,0.0023303963,0.018958211,-0.012214206,0.00448592,-0.059620257,0.03611421,MFB,MFB
-0.017910212,-0.0011055768,-0.068454005,0.049817182,0.0348018,0.0027747797,-0.029590175,-0.06571533,-0.0354814,-0.032900795,0.0017639324,0.014121242,0.01038748,0.026929617,-0.045239918,-0.052665323,0.08460568,0.12011097,-0.046777114,-0.0065061003,0.085507944,-0.04245682,-0.06011582,0.005001506,0.004592955,0.041265346,-0.036293715,-0.022034831,-0.0533529,0.032620758,MFB,MFB
-0.019720182,-0.0151802,-0.06775251,0.056400336,0.010494482,0.015334838,-0.01659906,-0.06899181,-0.011795461,-0.035427704,-0.011889838,0.036742836,0.006625317,0.009936973,-0.057047557,-0.051389456,0.07818483,0.11782271,-0.034253687,0.0041021705,0.07403909,-0.034066834,-0.069284156,0.010382831,-0.0043612234,0.047234252,-0.0126378685,-0.02440796,-0.074924305,0.04236567,MFB,MFB
-0.016340733,-0.019096434,-0.07603906,0.050426267,0.018912286,0.012951744,-0.011201993,-0.05393716,-0.005095817,-0.06773229,0.02275148,0.031165086,0.020706322,0.01802294,-0.026161559,-0.04266171,0.085000254,0.1194338,-0.03066703,-0.015606225,0.089607015,-0.05172769,-0.07598861,0.011561386,0.0005598217,0.04607167,-0.01393801,-0.009727113,-0.05813758,0.044560798,PkC_cs,PkC_cs
-0.014361769,-0.02624017,-0.06422421,0.046746597,0.017175656,0.0032793703,-0.014214471,-0.058462586,-0.0072941557,-0.04399755,0.008654892,0.036364,8.665025e-05,0.017956927,-0.04182889,-0.047198497,0.069809765,0.12658381,-0.028303131,-0.013039544,0.0838726,-0.0300919,-0.07087493,0.023283057,0.014809532,0.03759294,-0.0034313872,-0.008620188,-0.0705883,0.036302745,MFB,MFB
-0.0053761005,-0.011796385,-0.055978723,0.030703142,0.032087788,-0.0057187937,-0.026393473,-0.07618269,-0.034901492,-0.03474486,-0.0013044551,0.010058574,-0.0025617853,0.017244175,-0.061361395,-0.0536286,0.07819686,0.12854744,-0.036842644,-0.01040563,0.09403864,-0.0384733,-0.054835536,0.009827236,0.0004183948,0.033095844,-0.023829944,-0.023508266,-0.06320137,0.034275413,MFB,MFB
-0.013886243,-0.008305952,-0.068413876,0.053032972,0.03761262,0.010537225,-0.020540968,-0.068849295,-0.030533426,-0.038797587,0.0011353344,0.016565748,0.0046415385,0.0005327761,-0.05283259,-0.055157393,0.07697552,0.12027928,-0.033466585,-0.014293626,0.09861951,-0.042345375,-0.055068366,0.009689372,0.005162377,0.0361911,-0.029439032,-0.014487423,-0.06983326,0.04128226,MFB,MFB
-0.02338244,-0.025198609,-0.065730564,0.051959373,0.009712271,0.013557437,-0.011109009,-0.064312324,0.00023520738,-0.03553614,0.0012362003,0.034358945,0.0057801493,0.008061856,-0.045842692,-0.055331208,0.07674065,0.119328916,-0.026583612,-0.0029860437,0.07218208,-0.038360327,-0.07098042,0.015192999,-0.0030578636,0.04224126,-0.0067820996,-0.025678702,-0.06987911,0.04420779,MFB,MFB
-0.0100598335,-0.009300455,-0.06583121,0.0393821,0.023119088,0.013514443,-0.01771395,-0.06532843,-0.014055863,-0.040791042,-0.0024413168,0.030569334,0.0046663787,0.009377345,-0.05741573,-0.046829186,0.07540597,0.12215066,-0.02287642,-0.010669127,0.092527166,-0.030959237,-0.06555549,0.012714505,0.0052649863,0.03703458,-0.0108699575,-0.016547017,-0.073217556,0.039834723,PkC_ss,PkC_ss
-0.020128801,0.0051470175,-0.060802862,0.04868664,0.021113146,0.015959974,-0.013856307,-0.05047255,-0.016042799,-0.06715954,0.036011077,0.021025643,0.03306342,0.009552628,-0.02480638,-0.047800116,0.08901874,0.11739455,-0.03228022,-0.023893341,0.100496575,-0.061310783,-0.06748861,0.010802424,-0.0017012954,0.05252278,-0.020831026,-0.011005811,-0.054737497,0.046104506,PkC_ss,PkC_ss
-0.01353249,-0.019842789,-0.07066616,0.04556577,0.025398836,0.008069449,-0.018844813,-0.049783967,-0.0046030954,-0.06921731,0.027034484,0.035245392,0.01392851,0.016989037,-0.027826458,-0.04645087,0.07843686,0.12649144,-0.025007814,-0.01662676,0.089634165,-0.039107516,-0.07066454,0.017772995,0.010075558,0.035698064,-0.011910513,-0.011483453,-0.062359132,0.046164654,PkC_cs,PkC_cs
-0.024062917,0.00771375,-0.06542403,0.043298654,0.014896121,0.014983795,-0.007076785,-0.060199898,-0.014546335,-0.06139487,0.04136105,0.020479888,0.034296148,0.0117530525,-0.02484551,-0.045739036,0.086094916,0.114057764,-0.027451128,-0.032506138,0.10081339,-0.054816652,-0.069827266,0.007495366,-0.018252231,0.05513192,-0.012182698,-0.0107540935,-0.052557606,0.044656724,PkC_ss,PkC_ss
-0.046928056,0.04408578,-0.022305787,0.015179053,0.016148794,-0.070769005,-0.048529804,-0.08839591,-0.043997467,-0.013856724,-0.034663018,-0.027239844,0.035793643,0.08749011,0.0038457066,-0.050391257,0.17727123,0.1223599,-0.09425763,-0.022327438,0.022282567,-0.06697455,-0.036854565,0.018087711,-0.04278071,0.027347028,-0.047696166,-0.04676348,-0.005543761,0.010613672,MFB,MFB
-0.019227773,0.0023827553,-0.05748544,0.061235122,0.026456464,0.011302886,-0.008554459,-0.041766975,-0.005673453,-0.040456615,0.01830978,0.024583004,0.024128767,-0.0039006025,-0.0250583,-0.059064977,0.08704158,0.11830241,-0.03485746,-0.029353395,0.08759485,-0.050878935,-0.053791203,0.020517245,0.007352978,0.049660966,-0.014385931,-0.0099831,-0.061796244,0.043956973,PkC_cs,PkC_cs
-0.010241151,-0.011184946,-0.06581789,0.045625545,0.024547473,0.008286978,-0.020067364,-0.06876906,-0.01935251,-0.044178113,0.0068675578,0.023512319,0.004038429,0.009776533,-0.055218548,-0.04497098,0.07229833,0.118565306,-0.022920102,-0.013188958,0.098471254,-0.032193787,-0.061349936,0.0108220335,-0.0008394271,0.03422427,-0.016802557,-0.015052788,-0.070533335,0.0424368,MFB,MFB
-0.018348739,0.006301105,-0.0657002,0.05753196,0.018879779,0.00915533,-0.012233704,-0.048941933,-0.019346826,-0.059317842,0.018836886,0.027782068,0.027130026,0.010171592,-0.023513764,-0.04807598,0.092811175,0.115156904,-0.03478867,-0.02694352,0.09639359,-0.055922933,-0.06452468,0.01699048,0.006524205,0.055588517,-0.021101981,-0.0022050515,-0.06296909,0.044414572,PkC_ss,PkC_ss
-0.015077919,0.012536012,-0.06800012,0.05132211,0.022911973,0.01043851,-0.02303569,-0.041767847,-0.009018153,-0.072376095,0.03197947,0.029844847,0.033641797,0.01331833,-0.009710163,-0.05166236,0.09904754,0.117672,-0.041395232,-0.025397152,0.0902222,-0.060610924,-0.05950918,0.009737752,0.0072899647,0.054661475,-0.025035575,-0.013801262,-0.049832013,0.046138078,PkC_cs,PkC_cs
-0.01900889,-0.02562511,-0.07229832,0.044852577,0.023322675,0.005566499,-0.012764007,-0.05269272,-0.009916134,-0.06260908,0.02936431,0.028090622,0.015498248,0.015201628,-0.030279346,-0.047482353,0.07376537,0.1223462,-0.028177246,-0.018010333,0.09346253,-0.046675146,-0.07431098,0.015465016,-0.00027040765,0.039032593,-0.016455635,-0.012194037,-0.06334975,0.046932794,MFB,MFB
-0.011718228,0.010997944,-0.05885098,0.0666354,0.023439214,0.0100035975,-0.022090942,-0.05266222,-0.02332887,-0.033726923,-0.0014719442,0.024913281,0.009468911,0.0049673766,-0.042624827,-0.06273892,0.09211082,0.120414644,-0.04246416,-0.0119832605,0.07573412,-0.032991353,-0.053068206,0.012830576,0.0145021565,0.05866005,-0.017146148,-0.013514094,-0.07093229,0.03826782,PkC_ss,PkC_ss
-0.045838006,0.070758164,0.004594028,-0.014292359,0.01692865,-0.12184339,-0.062075794,-0.096273676,-0.052719377,-0.0141664,-0.042151928,-0.054826297,0.07035177,0.10394675,0.05726985,-0.050023418,0.22338155,0.12251122,-0.103227384,-0.07517356,0.0042433515,-0.09239166,0.008869037,0.019128598,-0.065472275,0.010167457,-0.06776879,-0.06414747,0.039082013,0.0137397945,MLI,MLI
-0.016632333,0.033792324,-0.043310203,0.023650587,0.03919071,-0.0240137,-0.04913164,-0.07010887,-0.04514195,-0.039605863,-0.0056585446,-0.014489241,0.042248994,0.05093991,-0.008877382,-0.041796412,0.13860829,0.11992112,-0.06417395,-0.02071479,0.07122631,-0.058712713,-0.043806538,0.006239755,-0.010239843,0.028472334,-0.057855166,-0.028881311,-0.018080667,0.023547836,PkC_ss,PkC_ss
-0.016384885,-0.007823303,-0.05776839,0.054093555,0.032700032,0.0032710368,-0.013718247,-0.045005612,-0.006306872,-0.056715824,0.032807283,0.01869981,0.023230383,0.0005405545,-0.033383384,-0.052749574,0.0717781,0.121138036,-0.018830426,-0.021159574,0.09405779,-0.047867034,-0.066406354,0.020738792,-0.0008294843,0.03092736,-0.01151637,-0.0021516383,-0.059131518,0.046145797,PkC_ss,PkC_ss
-0.02806577,-0.0093587935,-0.06732135,0.05981157,0.018011492,0.0034317086,-0.011236772,-0.054173566,-0.009814583,-0.04470408,0.019188471,0.027166985,0.018243305,0.015196785,-0.025501288,-0.055982564,0.090833545,0.113184825,-0.035579912,-0.03014578,0.092822626,-0.04633779,-0.060617663,0.0225681,0.01045187,0.049072243,-0.018981777,-0.0123916045,-0.06919534,0.049421616,PkC_cs,PkC_cs
-0.01991506,-0.0052793175,-0.077485465,0.048962355,0.02633034,0.0046453876,-0.014966264,-0.049713053,-0.009254582,-0.06854501,0.029641718,0.025277562,0.025448207,0.0104807615,-0.022453375,-0.047871586,0.08398245,0.12172167,-0.0294832,-0.022309199,0.10202313,-0.05395691,-0.076118514,0.018999953,0.009771828,0.044656724,-0.010074124,0.00047819316,-0.06376691,0.04642594,PkC_cs,PkC_cs
-0.025619507,-0.008277729,-0.079332225,0.0609478,0.017145649,0.005835782,-0.022958338,-0.055531472,-0.01031819,-0.07300889,0.030382864,0.032767694,0.022645172,0.032615647,-0.01451347,-0.050234415,0.098702945,0.11742556,-0.046181276,-0.009265929,0.08310354,-0.05025201,-0.069432445,0.011772448,0.0021033622,0.055185474,-0.021689802,-0.017458618,-0.053864487,0.047525153,PkC_cs,PkC_cs
-0.01714313,0.0027672201,-0.060343295,0.067894325,0.020506654,0.0075671123,-0.015426621,-0.04365617,-0.010360248,-0.047080137,0.018742412,0.027491271,0.015763775,0.009441972,-0.023565322,-0.063751504,0.0969519,0.12397135,-0.042813964,-0.0207832,0.07725021,-0.042377427,-0.05544228,0.017029522,0.019520903,0.061410863,-0.009807445,-0.014736719,-0.05870252,0.040998533,PkC_cs,PkC_cs
-0.014930248,0.0022927374,-0.066307925,0.05576033,0.029113889,0.0023936918,-0.025103092,-0.05526349,-0.035418138,-0.041218236,0.0095015615,0.021763302,0.024262698,0.028054953,-0.03411381,-0.05461604,0.08957117,0.11546532,-0.05190491,-0.0023379922,0.081283964,-0.04948389,-0.055468835,0.0015987642,0.0048538223,0.04867857,-0.04545795,-0.019801326,-0.048904724,0.037175506,PkC_ss,PkC_ss
-0.02234833,-0.024203092,-0.06652171,0.06294182,0.014736231,-0.0117389355,-0.014741182,-0.05779674,0.009864397,-0.049487278,-0.013587326,0.042980276,0.0066883564,0.0012581199,-0.041764095,-0.054079168,0.065437794,0.12187679,-0.03447546,0.021446548,0.048366413,-0.041553184,-0.07150211,0.016934043,0.004437279,0.024370112,0.00039809197,-0.017713763,-0.057773516,0.041871212,PkC_cs,PkC_cs
-0.024900302,0.015171081,-0.05179675,0.017007232,0.033472374,-0.02332319,-0.028316364,-0.07920088,-0.037857175,-0.03994219,-0.01612091,-0.008270696,0.031517982,0.04453925,-0.022141978,-0.03571722,0.121175915,0.124861374,-0.050925903,-0.035101116,0.07668489,-0.062370587,-0.049340792,0.010304771,-0.028636243,0.026165009,-0.03255496,-0.018053606,-0.032954555,0.022371061,PkC_ss,PkC_ss
-0.018731788,-0.009806827,-0.07129124,0.05295106,0.029376812,-2.9407442e-05,-0.019508794,-0.04803231,-0.015012883,-0.071619764,0.034042045,0.021516874,0.02276362,0.0116083175,-0.023970552,-0.046627462,0.07791042,0.1196236,-0.024793804,-0.0203363,0.09505668,-0.05516817,-0.07309676,0.012035409,6.822497e-05,0.034582347,-0.017807648,-0.0028069094,-0.057327915,0.04725475,PkC_cs,PkC_cs
-0.022610098,-0.0036631525,-0.06426416,0.058110707,0.012956131,0.011974796,-0.011499494,-0.06581574,-0.01525481,-0.053395346,0.026466846,0.021783255,0.024305949,0.015653312,-0.03560048,-0.05208516,0.08604248,0.11216159,-0.03443458,-0.014585897,0.08867195,-0.049825832,-0.06571091,0.008761222,-0.007601872,0.05570799,-0.020525686,-0.0142725855,-0.05754493,0.044879004,PkC_ss,PkC_ss
-0.011745229,0.0176242,-0.05154425,0.031241193,0.036517154,-0.019425763,-0.040718116,-0.062334813,-0.038100958,-0.018701091,-0.007068157,0.0057278946,0.028770171,0.03080985,-0.020498678,-0.056590237,0.10272615,0.12253162,-0.0604131,-0.005376905,0.07326235,-0.042015485,-0.04261391,0.01159955,0.012350505,0.03238333,-0.04587797,-0.027606875,-0.036055796,0.028166614,PkC_ss,PkC_ss
-0.02421914,-0.0029377043,-0.06334597,0.057051927,0.016776077,0.014668289,-0.010109544,-0.05225145,-0.011123143,-0.063433304,0.036885917,0.02489867,0.03039584,0.012723103,-0.023640178,-0.04821883,0.08628592,0.117435895,-0.030856714,-0.02791123,0.092273474,-0.05374771,-0.06697862,0.012250179,-0.009360377,0.053364657,-0.01762347,-0.010659784,-0.053761896,0.044591397,PkC_ss,PkC_ss
-0.023468345,-0.028963625,-0.059142694,0.056443103,0.00996194,-0.006741599,-0.0081080645,-0.06704883,0.008674927,-0.05257629,-0.004565388,0.03737597,0.008306637,0.005805105,-0.049213924,-0.046661578,0.0645048,0.12102947,-0.030683026,0.02213405,0.05075264,-0.042070843,-0.073223,0.012104902,-0.011193257,0.026701152,0.0016073063,-0.020355523,-0.050856046,0.037588634,PkC_ss,PkC_ss
-0.0071086735,0.0017488152,-0.0604826,0.065181345,0.023944195,0.010221248,-0.0107396245,-0.04857937,-0.02169934,-0.03659842,0.012594461,0.025816806,0.01237075,0.0026278347,-0.043771293,-0.055553444,0.07927693,0.11945822,-0.034034006,-0.019345671,0.091584146,-0.035241954,-0.051004417,0.010798885,0.0047536306,0.052486584,-0.016102664,-0.009940356,-0.0674914,0.041940935,PkC_ss,PkC_ss
-0.020402879,-0.0027720928,-0.06573907,0.03707879,0.03429361,0.0037955353,-0.028222486,-0.07584273,-0.036586076,-0.035739392,-0.007177733,0.0064875335,0.0146922,0.027641267,-0.043947097,-0.04966645,0.09594111,0.12300006,-0.046483546,-0.015405446,0.0858182,-0.053826638,-0.05428163,0.00047250278,-0.007851489,0.043764777,-0.027252823,-0.018894307,-0.05211996,0.02549263,PkC_ss,PkC_ss
-0.019013956,-0.0003257692,-0.06979058,0.055613548,0.018968903,0.001899247,-0.024345025,-0.04840036,-0.0077320635,-0.06977833,0.025827087,0.031085867,0.026909001,0.026530996,-0.017303362,-0.04928582,0.0960685,0.11671549,-0.038381107,-0.012137204,0.08298504,-0.05017131,-0.06726243,0.016489437,0.010172145,0.05031275,-0.023209587,-0.011531353,-0.054289002,0.045292675,PkC_cs,PkC_cs
-0.02502054,0.008852817,-0.055046685,0.04515467,0.025485277,0.016192187,-0.011087075,-0.051062007,-0.010564007,-0.052522346,0.026997782,0.01702676,0.02446308,0.0012467653,-0.04703075,-0.051175088,0.085397035,0.11492355,-0.018346041,-0.022488207,0.09405175,-0.055152018,-0.067442186,0.007680796,-0.00984294,0.045441017,-0.011130787,-0.012297034,-0.06363897,0.04164248,MFB,MFB
-0.02238527,0.011769533,0.0059090257,-0.010150939,0.019415319,-0.11335339,-0.041620396,-0.10151104,-0.037093066,-0.022236846,-0.0641444,-0.036353163,0.03404586,0.10139598,0.0134892315,-0.03187867,0.20446044,0.146232,-0.08769529,-0.039054796,-0.010090649,-0.06449277,-0.018968925,0.032156207,-0.046768177,0.0028073266,-0.042561464,-0.058108002,0.030718721,0.0020274818,MFB,MFB
-0.013542429,-0.0008107275,-0.049862154,0.028569698,0.035666227,-0.011613078,-0.027937055,-0.077432945,-0.038409576,-0.039819926,-0.0031640753,-0.0027893484,0.0058451835,0.034588426,-0.04695969,-0.045858167,0.10157472,0.12866591,-0.048342615,-0.017512888,0.08536564,-0.049329616,-0.051642902,0.008044634,-0.013510242,0.027784526,-0.032503963,-0.025727898,-0.0451082,0.026697196,MFB,MFB
-0.028559238,0.07269956,0.031645298,-0.03811294,0.01945614,-0.15367942,-0.0504841,-0.0960921,-0.050393865,-0.022346184,-0.039919294,-0.06787338,0.08383645,0.116059944,0.06608028,-0.043933503,0.24861953,0.13808487,-0.11694133,-0.09213972,0.0026253052,-0.10956611,0.029514879,0.029230181,-0.08562653,0.003622666,-0.06493471,-0.068432495,0.06345447,0.01113297,PkC_ss,PkC_ss
-0.016278744,0.015198857,-0.068272546,0.06482773,0.015575655,0.010545592,-0.02336593,-0.05492188,-0.027738348,-0.051162824,0.007566951,0.026929326,0.020103533,0.021864533,-0.03352075,-0.05150152,0.09758039,0.109012604,-0.052590363,4.7042966e-05,0.08556275,-0.055293374,-0.06324597,0.0052807517,0.0034538954,0.060461983,-0.035663716,-0.016321696,-0.060081035,0.04064244,PkC_ss,PkC_ss
-0.01877886,0.008730307,-0.06692226,0.056574143,0.024925489,0.0062534297,-0.01724331,-0.0427506,-0.0075508207,-0.0632054,0.03193128,0.02949749,0.03368224,0.0028622597,-0.013797864,-0.05831501,0.092371404,0.118760325,-0.033769526,-0.025129765,0.09300135,-0.059886962,-0.059826218,0.017055666,0.003583759,0.046129122,-0.019688547,-0.009325586,-0.057891425,0.051185787,PkC_cs,PkC_cs
-0.022521943,-0.02346991,-0.06037412,0.05711188,0.009806223,-0.0056903753,-0.010571942,-0.07121141,0.005206488,-0.045262113,-0.01245819,0.034271307,0.00921713,-0.0018553436,-0.056730613,-0.050173607,0.061847765,0.12075175,-0.027496092,0.024843931,0.04773233,-0.03816113,-0.07341127,0.009606421,-0.015663281,0.027338468,0.0015776977,-0.02233328,-0.056936607,0.03900539,PkC_ss,PkC_ss
-0.0183094,0.007533394,-0.064400814,0.05804728,0.025329001,0.005917999,-0.019966617,-0.044071212,-0.006487541,-0.063438535,0.02952443,0.032680757,0.028447386,0.008144677,-0.01708866,-0.058647506,0.09162605,0.12078077,-0.037274666,-0.022812158,0.09131688,-0.05372704,-0.058920003,0.021536093,0.011198575,0.04677473,-0.02003143,-0.0093156025,-0.057159923,0.048527762,PkC_cs,PkC_cs
-0.006483689,0.020193994,-0.07488044,0.06658506,0.02498588,0.0072228583,-0.030098453,-0.04013046,-0.02852457,-0.05381888,0.012261301,0.0346001,0.023849858,0.018367618,-0.024250008,-0.054481074,0.09176095,0.112974465,-0.04796814,-0.01304014,0.09643324,-0.05455003,-0.056759655,0.0052138865,0.017861558,0.049328685,-0.035955608,-0.011517793,-0.06537073,0.049942315,MLI,MLI
-0.023721546,0.004046619,-0.06772783,0.049464904,0.03142843,-0.00079028215,-0.02874805,-0.067897126,-0.032126166,-0.042152278,0.0046583563,0.009312458,0.020035556,0.027104631,-0.037751332,-0.055210583,0.09388163,0.11484511,-0.05051387,-0.007472858,0.08817588,-0.05044406,-0.05287811,0.0034210999,-0.0015720464,0.044062182,-0.035766765,-0.02019082,-0.05088879,0.0367188,PkC_ss,PkC_ss
-0.01994659,-0.02541925,-0.068121955,0.06333999,0.014954127,-0.011553393,-0.015003383,-0.05839556,0.009810485,-0.054993562,-0.012732737,0.042819884,0.0071370695,0.0043040216,-0.03958026,-0.051079437,0.06881839,0.122026846,-0.03400758,0.02221457,0.048613574,-0.04186061,-0.072475135,0.01645972,0.0041504726,0.024338856,-0.0008804053,-0.016582541,-0.05538034,0.041626498,PkC_cs,PkC_cs
-0.011719927,0.013166763,-0.04247503,0.029812805,0.05033548,-0.038636126,-0.050915323,-0.07345894,-0.03796488,-0.028313331,-0.014365822,-0.014778428,0.020628307,0.048041,-0.030166976,-0.041220263,0.10927959,0.12613493,-0.05046445,-0.0038574934,0.06588067,-0.03516995,-0.049330443,0.018292699,0.0033620447,0.0058394372,-0.04167188,-0.017912462,-0.02457264,0.018870384,PkC_ss,PkC_ss
-0.007873997,0.006548308,-0.0492571,0.048950993,0.027369428,-0.017295277,-0.031836405,-0.06037636,-0.039395913,-0.02986566,0.0031019375,0.0022078678,0.025704745,0.029784143,-0.023416564,-0.05890799,0.10507685,0.12747295,-0.060320567,-0.019025713,0.06605715,-0.047224775,-0.04126978,0.0062099844,-0.0011063181,0.05200389,-0.041401006,-0.029595122,-0.033089973,0.029268384,PkC_ss,PkC_ss
-0.02236627,0.025462106,-0.041578136,0.017865092,0.028631698,-0.042604323,-0.045413055,-0.08053839,-0.045891084,-0.031351008,-0.016849555,-0.01562243,0.040984213,0.07196849,-0.002884902,-0.04138356,0.15490942,0.117309734,-0.07508557,-0.01797241,0.057200156,-0.057495773,-0.03781344,0.008887153,-0.019495528,0.029448338,-0.061868764,-0.037809,-0.012911364,0.022090226,PkC_ss,PkC_ss
-0.01205194,-0.0015879422,-0.059779577,0.068836406,0.018001799,0.0012505269,-0.017024398,-0.04030434,-0.00560309,-0.05222266,0.020121947,0.0321303,0.01847975,0.009444565,-0.019616708,-0.05757718,0.08907832,0.124278784,-0.037996814,-0.032424733,0.08217847,-0.040620223,-0.05471786,0.024319936,0.01662372,0.05331448,-0.012091339,-0.011869296,-0.05999014,0.04664068,PkC_cs,PkC_cs
-0.018529817,-0.014964148,-0.06951394,0.055065013,0.030433036,-0.0035745297,-0.024313226,-0.05228085,-0.011314757,-0.07109919,0.031182595,0.02160722,0.01313969,0.020253882,-0.030821845,-0.04793309,0.0757779,0.12198767,-0.027207829,-0.021525398,0.09290731,-0.05040408,-0.06885254,0.012294397,0.0024203844,0.031374246,-0.013484307,-0.007610254,-0.05408644,0.04600443,PkC_cs,PkC_cs
-0.03093502,0.021404482,-0.07289691,0.039064996,0.04650142,0.0069730794,-0.037748493,-0.04061453,-0.04197613,-0.04542616,0.0025708824,8.277595e-05,0.039201308,0.037572697,-0.017655864,-0.041044913,0.098458916,0.11292744,-0.038863234,-0.01626794,0.07799343,-0.048208874,-0.06847509,-0.006394207,0.0027701035,0.04786191,-0.03169024,-0.0028218701,-0.035598926,0.018499233,PkC_ss,PkC_ss
-0.03814338,0.0015718937,-0.06782453,0.06359176,-0.001637958,0.008337417,-0.023595229,-0.077857204,-0.018596783,-0.03446132,-0.00041285157,0.02969632,0.010557072,0.03579811,-0.037634812,-0.0535643,0.099042185,0.11132877,-0.047275312,0.009905413,0.051305324,-0.027375937,-0.08018205,0.008850673,-0.0060644858,0.066757984,-0.010614291,-0.019484878,-0.061369002,0.029407792,PkC_ss,PkC_ss
-0.014732704,0.0034986734,-0.059580818,0.04944648,0.025755532,-0.0021814033,-0.015656725,-0.03764781,-0.0067064315,-0.063171975,0.03136094,0.03129143,0.030084413,0.009570599,-0.013619393,-0.0534159,0.08538444,0.12539768,-0.039308272,-0.034347296,0.0926888,-0.050771117,-0.05754389,0.026017878,0.010985376,0.047051832,-0.017756231,-0.0075697377,-0.052529868,0.04399316,PkC_cs,PkC_cs
-0.026671201,-0.0028676987,-0.07139949,0.060288467,0.008720152,0.012484853,-0.013401285,-0.072379544,-0.020045869,-0.03802479,0.0073093995,0.024540886,0.014837583,0.02222681,-0.040467773,-0.05813534,0.09394197,0.10525005,-0.043148533,-0.005521342,0.08479825,-0.043169394,-0.06343662,0.009742983,0.0012655482,0.06120852,-0.02886507,-0.020713441,-0.069772184,0.04592453,PkC_ss,PkC_ss
-0.028177112,0.0084833205,-0.072362475,0.06364014,0.016393486,0.013465545,-0.037372448,-0.07461357,-0.027183682,-0.028415114,-0.017119743,0.02745606,0.011166731,0.020340964,-0.04646358,-0.05996398,0.098674946,0.112880066,-0.045327954,0.017371431,0.06402062,-0.031452246,-0.06596541,0.0034372434,0.010707885,0.05464752,-0.02720125,-0.026776478,-0.06550748,0.034925126,PkC_ss,PkC_ss
-0.042271778,0.016865142,-0.036798716,0.033299163,0.019932844,-0.05212742,-0.047531523,-0.08193788,-0.047628388,-0.025962539,-0.02187695,-0.023293987,0.042221434,0.0835474,0.006509617,-0.057715245,0.17236747,0.11868158,-0.08886629,-0.010186404,0.023325007,-0.07604919,-0.038163185,0.004910156,-0.022729795,0.04702565,-0.064792626,-0.043520093,0.00069563836,0.011541568,PkC_ss,PkC_ss
-0.017922297,-0.005285293,-0.072382644,0.062034167,0.037366454,-0.0071562184,-0.02856347,-0.051213235,-0.008217931,-0.06297109,0.025303923,0.02149108,0.018082228,0.013169527,-0.021732055,-0.056191757,0.080036074,0.12195344,-0.031558983,-0.009463459,0.0895134,-0.049063936,-0.06468779,0.021151684,0.018197287,0.028554715,-0.014094941,-0.0011806786,-0.05559717,0.04669912,PkC_cs,PkC_cs
-0.028798014,0.014214344,-0.05820649,0.054118156,0.020594846,0.012782807,-0.013526902,-0.043616053,-0.0059435517,-0.045879833,0.024335928,0.028914127,0.030987332,9.036064e-05,-0.02183146,-0.06059947,0.095941804,0.11560399,-0.03553894,-0.029504254,0.092855945,-0.063213214,-0.05788952,0.018550266,0.0019516945,0.04784563,-0.019334503,-0.015703522,-0.06435418,0.047095947,PkC_cs,PkC_cs
-0.024062991,0.009098865,-0.07271823,0.054370403,0.023691073,0.016279094,-0.024737641,-0.0667856,-0.031264253,-0.037118122,0.0009447783,0.018978886,0.020504441,0.015037313,-0.04222876,-0.058902226,0.09759101,0.10816339,-0.043568492,0.001918301,0.08937496,-0.047976337,-0.060286276,0.0031437185,0.007879835,0.05626227,-0.03914874,-0.020192757,-0.06682485,0.0398504,PkC_ss,PkC_ss
-0.03420934,0.014465123,-0.06793589,0.05595404,0.026114479,0.0063048312,-0.04021336,-0.07288737,-0.037479125,-0.029764935,-0.0057614297,0.0083128065,0.016332453,0.02679184,-0.037067488,-0.06433791,0.105158456,0.110018805,-0.056277826,0.008896433,0.074645296,-0.051673956,-0.05869679,0.00045248866,0.00773371,0.05095174,-0.04328098,-0.028585568,-0.054802552,0.03224864,PkC_ss,PkC_ss
-0.037841596,0.04739324,-0.01890476,0.0047802627,0.015550513,-0.07733254,-0.071247764,-0.099680126,-0.04508221,-0.02705606,-0.041790422,-0.037492506,0.047943868,0.10339768,0.022414148,-0.041281193,0.20032102,0.12241228,-0.101314306,-0.02317831,0.007835835,-0.062380135,-0.028030425,0.010923713,-0.03860094,0.028321557,-0.05791994,-0.052075654,0.014300995,0.0036239251,PkC_ss,PkC_ss
-0.011658207,-0.019339532,-0.066967584,0.057975985,0.03503171,-0.010042353,-0.022394657,-0.047595836,-0.010676295,-0.060842782,0.027547404,0.026534837,0.011094283,0.015052304,-0.030136235,-0.05567332,0.07186742,0.12574579,-0.031127393,-0.015464976,0.09455612,-0.044339366,-0.059948802,0.021203618,0.014448047,0.028001264,-0.01287283,-0.004163608,-0.059160702,0.048529714,PkC_cs,PkC_cs
-0.013497859,-0.024438247,-0.054311924,0.03531018,0.012501258,0.010172569,-0.0090735555,-0.06454648,-0.004752502,-0.053177513,0.020273969,0.030370746,0.0032184776,0.020298958,-0.050148845,-0.049304396,0.07917121,0.12672752,-0.028454326,-0.017183334,0.08639638,-0.044091158,-0.06828362,0.014486158,-0.0031538717,0.047896728,-0.0015093982,-0.02036018,-0.06262017,0.038304,MFB,MFB
-0.01754123,-0.032510787,-0.06695375,0.04828044,0.017129853,-0.00052563194,-0.0148679465,-0.06032806,-0.0038544089,-0.039829053,0.006060146,0.037271827,-0.0022155717,0.013387531,-0.04160387,-0.052528217,0.06577808,0.1260341,-0.031414576,-0.012033254,0.08186455,-0.032750975,-0.06910561,0.02495936,0.012978088,0.034609146,-0.0059395507,-0.011858068,-0.07200142,0.03961368,MFB,MFB
-0.0127453655,-0.007368624,-0.05201322,0.059339583,0.032225754,-0.0027681198,-0.015139148,-0.04571162,-0.008050039,-0.050750785,0.024525143,0.015082724,0.016521346,-0.0020589381,-0.042747986,-0.055221632,0.070393726,0.1208839,-0.022284254,-0.01131615,0.09043209,-0.04360048,-0.06025414,0.020080555,-0.0016238615,0.028160118,-0.0099224225,-0.008442327,-0.06262168,0.04770135,MFB,MFB
-0.022815898,-0.012771845,-0.06264153,0.058456466,-0.001268506,9.430759e-05,-0.00883989,-0.07164498,-0.0044598505,-0.035799474,-0.022415858,0.04088038,-0.00063273497,0.020732611,-0.051171377,-0.052301012,0.09644627,0.11769408,-0.042563327,0.008807085,0.054396193,-0.033603996,-0.07089999,0.017826285,-0.004942514,0.04949394,-0.0032152832,-0.02563484,-0.07569422,0.039269574,MFB,MFB
-0.012973264,0.01820241,-0.040384747,0.024364114,0.02917526,-0.012848483,-0.03745068,-0.068122044,-0.025764495,-0.02067767,-0.032006983,0.016648263,0.015591663,0.022323653,-0.050989997,-0.060405083,0.11544131,0.13116558,-0.04843644,-0.0022432506,0.052331686,-0.04083246,-0.045852855,0.01029622,0.0054054633,0.030546702,-0.031543426,-0.03469433,-0.054239314,0.021293133,MFB,MFB
-0.015114903,-0.01713264,-0.061793312,0.049684748,0.020074748,0.008831817,-0.0083877295,-0.06424291,-0.012545995,-0.05312947,0.019003227,0.025749251,0.008520255,0.012466967,-0.048457365,-0.044951383,0.07491343,0.11850606,-0.02798184,-0.02007845,0.09556662,-0.044739533,-0.064195506,0.012164256,-0.010226682,0.04033935,-0.010758854,-0.011948638,-0.06702078,0.044609472,MFB,MFB
-0.034186974,0.037757374,0.052970976,-0.03528537,0.018587172,-0.18017071,-0.047631145,-0.1188872,-0.046172746,-0.04416717,-0.064330965,-0.07569123,0.05166179,0.16942771,0.059393965,-0.03023844,0.2874997,0.15383299,-0.13076262,-0.078890696,-0.038695235,-0.11009711,0.01731588,0.046784032,-0.08972786,-0.015194409,-0.06432753,-0.0807426,0.09403043,-0.00262516,MFB,MFB
-0.025881216,-0.012475491,-0.06956896,0.043795764,0.02006368,0.019682527,-0.012786165,-0.063272096,-0.0057017207,-0.06551522,0.025343142,0.028612744,0.022230925,0.010469437,-0.034013472,-0.037965413,0.077518865,0.123248145,-0.021618128,-0.026906013,0.096218154,-0.047694117,-0.0765944,0.014798658,-0.007233601,0.043501064,-0.0065313578,-0.011905372,-0.05860303,0.04268927,MFB,MFB
-0.014401078,-0.00937888,-0.031275854,0.012725651,0.02885025,-0.06122074,-0.030224532,-0.081808075,-0.043628156,-0.023595646,-0.016469084,-0.0151793435,0.018649586,0.06334146,-0.020093061,-0.048854273,0.13040306,0.13163166,-0.06780499,-0.024576947,0.057360046,-0.057807725,-0.034982562,0.021200828,-0.023938712,0.017476074,-0.049336247,-0.0353636,-0.023319706,0.023146316,MFB,MFB
-0.0040549785,-0.02119486,-0.067572035,0.04827816,0.013978768,0.004113474,-0.01434119,-0.067927055,-0.013130024,-0.0396382,-0.004803732,0.035881236,-0.001156643,0.01105161,-0.0612591,-0.055896245,0.07287437,0.12102169,-0.03167315,0.0050299168,0.085488394,-0.034628972,-0.06451667,0.01349085,0.001521688,0.041913502,-0.011752784,-0.020495638,-0.07911835,0.047820635,MFB,MFB
-0.014056489,-0.014232278,-0.04763356,0.030734748,0.024240877,-0.021092698,-0.02704607,-0.07850845,-0.037924945,-0.024980344,-0.011354506,6.876886e-06,0.0156456,0.04218445,-0.038175978,-0.052061148,0.10533555,0.12721469,-0.06036929,0.004119903,0.057244197,-0.051112942,-0.056449637,0.0070593357,-0.01594242,0.03584677,-0.04455424,-0.03853357,-0.032751754,0.025512807,MFB,MFB
-0.014145851,-0.002304405,-0.07030907,0.056195043,0.030866586,0.0057250606,-0.016112357,-0.04502557,-0.030445173,-0.04894632,0.010426901,0.021305867,0.019770306,0.02226916,-0.043206386,-0.046764925,0.070534736,0.11575642,-0.027967006,-0.021671161,0.09192905,-0.039287344,-0.06410613,0.003043661,0.0060501173,0.048969023,-0.018593825,-0.0008934289,-0.058432464,0.0381037,PkC_ss,PkC_ss
-0.013452381,-0.0037711859,-0.07229336,0.048295014,0.027036369,0.0095485365,-0.020428807,-0.058715537,-0.031040758,-0.045901693,0.009383425,0.017919801,0.018439118,0.017781734,-0.047276188,-0.04654872,0.07995663,0.113207705,-0.033819795,-0.013055325,0.10126369,-0.039214958,-0.061267123,0.0032494534,0.0100082755,0.050847605,-0.031098448,-0.0119851455,-0.06643389,0.04086034,PkC_ss,PkC_ss
-0.042326212,0.03011258,-0.043234512,0.020293385,0.019741263,-0.05152413,-0.05174587,-0.07555217,-0.035205677,-0.033447832,-0.030022908,-0.015703186,0.047237374,0.084456004,0.006669365,-0.035169028,0.15937188,0.12023157,-0.07088843,-0.028223455,0.033843692,-0.05895442,-0.04448823,0.007582072,-0.03236636,0.034434535,-0.034409046,-0.029468298,-0.0041607097,0.010048479,PkC_ss,PkC_ss
-0.021238983,0.0056471676,-0.061665386,0.04579345,0.042091496,-0.019534463,-0.035272025,-0.06407351,-0.042842716,-0.022098944,-0.017940737,-0.0028486103,0.029211536,0.026098251,-0.029408254,-0.05865434,0.0975684,0.12530582,-0.05761768,-0.0030564666,0.06510708,-0.04793866,-0.04852599,0.011473907,0.0008755177,0.040662557,-0.0421386,-0.013430268,-0.045137983,0.02287858,MFB,MFB
-0.0120444745,0.0046524704,-0.06423133,0.05865761,0.026431303,0.003986149,-0.016104594,-0.04480444,-0.014392033,-0.052320674,0.011678152,0.034278426,0.014535017,0.0034620315,-0.041226517,-0.059097074,0.087928094,0.11935228,-0.03724823,-0.015877694,0.10161057,-0.049342744,-0.05840473,0.025205523,0.01808153,0.044986323,-0.022057287,-0.0043283626,-0.08210038,0.05017472,MFB,MFB
-0.029483676,0.022587992,-0.06521646,0.05073452,0.033252325,-0.001071956,-0.03714314,-0.06744802,-0.042922802,-0.034689076,-0.0032004043,-0.0034013242,0.03377027,0.027347356,-0.019593328,-0.06131217,0.11772021,0.11268419,-0.060350925,-0.01312454,0.07904099,-0.069549374,-0.04913853,0.00011611823,-0.006158516,0.05181154,-0.049640052,-0.02281887,-0.041314557,0.030988015,PkC_ss,PkC_ss
-0.02340068,-0.020980135,-0.06420009,0.053111106,0.026818328,-0.0077540223,-0.020551369,-0.059115663,-0.014172532,-0.050545044,0.008040316,0.025306076,0.0040636994,0.023785204,-0.044155836,-0.0368071,0.057861686,0.12370719,-0.019613914,-0.0059288293,0.07544519,-0.015498973,-0.08228765,0.025693841,0.005021762,0.025744416,0.0011475161,0.0020127147,-0.0623618,0.032553583,MFB,MFB
-0.014524147,0.0007749647,-0.065079734,0.055958733,0.029131837,0.0020277714,-0.014642343,-0.041061826,-0.011265166,-0.053186223,0.030423403,0.028131366,0.026411483,0.00829801,-0.016270116,-0.060109757,0.08542091,0.12216611,-0.034876972,-0.029278621,0.098049596,-0.048161507,-0.05299557,0.022026349,0.01780562,0.04762832,-0.016006269,-0.008234993,-0.05732456,0.049200706,PkC_cs,PkC_cs
-0.014843032,-0.0117767155,-0.06387332,0.055711575,0.021491319,0.0022357078,-0.013912663,-0.06191914,-0.01785849,-0.05612336,0.014621362,0.024732053,0.0077406466,0.012289286,-0.04401829,-0.04798197,0.07770958,0.115971625,-0.029625148,-0.0121126175,0.09680272,-0.048735786,-0.06586657,0.016605264,-0.002323553,0.03736694,-0.016415082,-0.006180927,-0.06894682,0.046641506,PkC_ss,PkC_ss
-0.025697827,0.014044963,-0.05475495,0.04672364,0.026267298,-0.014825316,-0.035881616,-0.065067776,-0.04639823,-0.032338165,0.0035549477,-0.0060186684,0.033515014,0.042909965,-0.01549048,-0.061911102,0.12509765,0.114786,-0.07147898,-0.0034592748,0.063281685,-0.07122806,-0.049899496,-0.0023561027,-0.0076074563,0.05379565,-0.06020122,-0.032638863,-0.028670318,0.026584283,PkC_ss,PkC_ss
-0.021677837,-0.011008218,-0.07896746,0.06487703,0.025043786,-0.0139665585,-0.021355182,-0.05424892,-0.009376496,-0.047166638,-0.036203705,0.038269673,0.013683917,0.021604225,-0.054220833,-0.034876253,0.05263278,0.11865397,-0.027595699,0.018538691,0.04894773,-0.030611247,-0.078103006,0.0039817933,-0.011752367,0.023502804,0.011322819,0.0005996749,-0.054260295,0.030607037,PkC_ss,PkC_ss
-0.024236277,0.008701518,-0.064916685,0.056630224,0.015919328,0.016510777,-0.01494585,-0.06411877,-0.020697184,-0.051999405,0.02371379,0.018006653,0.029132519,0.009489521,-0.033869036,-0.05712053,0.09532777,0.10860959,-0.037314974,-0.013955012,0.09294136,-0.059512913,-0.062211893,0.0040916577,-0.008353677,0.05781649,-0.027389713,-0.018470347,-0.06154324,0.048385993,PkC_ss,PkC_ss
-0.016263515,-0.0017605126,-0.06948487,0.054470606,0.022223707,-0.0027818289,-0.018897906,-0.04430045,-0.0067974254,-0.078650065,0.03468708,0.031893704,0.02966912,0.019194648,-0.0136197135,-0.048276693,0.0898884,0.12143984,-0.0358328,-0.029726207,0.094386496,-0.050732113,-0.062979154,0.019962478,0.007924251,0.0447736,-0.018929645,-0.009067476,-0.05472033,0.052020043,PkC_cs,PkC_cs
-0.021311015,0.0031671524,-0.0708077,0.057199553,0.01865055,-0.0051975586,-0.022421807,-0.05309031,-0.0109982565,-0.050947584,0.015043609,0.028194763,0.028576296,0.013605893,-0.010927059,-0.06072405,0.097074784,0.12365191,-0.04808069,-0.002040282,0.073565826,-0.05144752,-0.06739218,0.017987374,0.012719005,0.052260302,-0.009335861,-0.011319153,-0.05295264,0.042517386,PkC_cs,PkC_cs
-0.011980459,0.032005794,-0.015485227,0.0029655844,0.047340505,-0.076493464,-0.052103385,-0.079797596,-0.041572966,-0.035089493,-0.019185767,-0.03664536,0.045948353,0.07549779,0.0063210353,-0.030012395,0.15871488,0.13232695,-0.06832422,-0.035866216,0.049731795,-0.057369832,-0.021933928,0.022948902,-0.029152501,-0.0021193624,-0.04907071,-0.028008819,0.013470195,0.012351692,PkC_ss,PkC_ss
-0.01346761,0.0075223893,-0.06650867,0.058165923,0.022107244,0.0139115965,-0.018314123,-0.048957217,-0.021212116,-0.059117846,0.026336692,0.02474863,0.02428839,0.0030741245,-0.03277553,-0.052150417,0.081896365,0.11340043,-0.03266526,-0.01890026,0.10222432,-0.060022194,-0.061811835,0.007350497,-0.0026450679,0.051586255,-0.025296934,-0.010127582,-0.063944474,0.049140483,PkC_ss,PkC_ss
-0.013537601,0.0014187694,-0.06013672,0.04933335,0.03229014,-0.003910808,-0.02908577,-0.068297684,-0.038945027,-0.041082703,-0.0002930984,0.00795076,0.01575334,0.016700849,-0.04754318,-0.055944525,0.09045924,0.12036744,-0.046437785,-0.008716449,0.088948086,-0.048586182,-0.051973574,0.005832419,0.0013982169,0.042875983,-0.037775405,-0.021419466,-0.057808492,0.03913819,PkC_ss,PkC_ss
-0.023675248,0.007356338,-0.0731915,0.053144798,0.025271237,0.004729104,-0.027042195,-0.041472502,-0.013603531,-0.07681288,0.04524008,0.025144964,0.039168,0.012919754,-0.011118427,-0.05535452,0.09069295,0.11848743,-0.032819115,-0.026311398,0.09593263,-0.06799393,-0.0663672,0.0053254236,-0.004667323,0.047758326,-0.023096785,-0.014455937,-0.0507872,0.053216927,PkC_cs,PkC_cs
-0.023763195,0.0027469695,-0.06747096,0.05833608,0.014566302,-0.001967053,-0.034589715,-0.05559168,-0.009268895,-0.054097876,0.019560523,0.027239237,0.023727408,0.02581267,-0.014067814,-0.058918618,0.098030366,0.11970785,-0.049191996,0.00050085783,0.06207542,-0.042530507,-0.06864288,0.012542564,0.008042563,0.055191237,-0.01678101,-0.024313979,-0.04994091,0.041640587,PkC_cs,PkC_cs
-0.024320334,-0.0061932504,-0.06963412,0.061764173,0.007879116,0.0011172919,-0.020731717,-0.077561975,-0.016675644,-0.034071103,-0.0027165636,0.025886804,0.0043398775,0.026087895,-0.044747874,-0.06012413,0.09311592,0.11323864,-0.0440872,0.0043243915,0.068925835,-0.03203455,-0.064085834,0.012937777,0.0027677156,0.055978883,-0.019680612,-0.025659703,-0.065329164,0.04239963,PkC_ss,PkC_ss
-0.020061374,0.013698809,-0.078832716,0.061266743,0.0384153,0.017270435,-0.01931052,-0.035993304,-0.035129175,-0.041831404,0.0269287,0.015063025,0.03454466,0.010477617,-0.02675376,-0.05442898,0.06457813,0.11268015,-0.033324048,-0.024655536,0.101434425,-0.050561987,-0.06355589,-0.005916008,-0.0038585924,0.050871365,-0.02266334,-0.0011463091,-0.04981592,0.039130583,PkC_ss,PkC_ss
-0.026698858,0.037705056,0.056308374,-0.023439676,0.02695093,-0.19892535,-0.053889833,-0.11199351,-0.05527594,-0.025129989,-0.06613815,-0.080345206,0.065684654,0.15857986,0.06752198,-0.040268138,0.2736283,0.15487342,-0.133615,-0.07839176,-0.043482814,-0.1028146,0.030767247,0.05697497,-0.07421324,-0.012046151,-0.077770434,-0.06810655,0.09681817,-0.0028427541,MFB,MFB
-0.01786001,0.005688764,-0.06636249,0.050903462,0.025315624,-0.0050547225,-0.023986265,-0.043845255,-0.009233147,-0.06620116,0.03551329,0.026849788,0.031303667,0.006652817,-0.019344866,-0.059918307,0.08682463,0.12402342,-0.031621017,-0.024291664,0.0981648,-0.057832778,-0.06039197,0.01881349,0.00983369,0.04259903,-0.015973456,-0.010699406,-0.05926333,0.052078515,PkC_cs,PkC_cs
-0.022285923,-0.0061235577,-0.07028429,0.060371928,0.023939129,-0.011381003,-0.024965242,-0.050096843,-0.0097484365,-0.05435451,0.020931229,0.02724807,0.034431517,0.014561102,-0.011936359,-0.055981286,0.084274404,0.122246586,-0.03548695,-0.012738958,0.07488652,-0.04512322,-0.06252513,0.020138957,0.010293124,0.043979198,-0.016455375,-0.0080923885,-0.049315944,0.045343317,PkC_cs,PkC_cs
-0.014230743,0.024270326,-0.049776196,0.02727905,0.04252754,-0.013397256,-0.04138747,-0.04402202,-0.03434155,-0.04558584,-0.0029703453,-0.006554328,0.040917248,0.039408118,-0.015183657,-0.034865245,0.11081621,0.1296336,-0.039197832,-0.033845082,0.065361895,-0.032504354,-0.056290716,0.007530967,-0.0036090314,0.0392249,-0.02369088,-0.010907516,-0.02716665,0.016240135,MLI,MLI
-0.022583798,-0.010588899,-0.069218695,0.05036354,0.016785316,0.011788269,-0.0026367307,-0.06348096,-0.019723102,-0.054948285,0.027911313,0.026514903,0.017386448,0.018680021,-0.039760932,-0.047580667,0.079009116,0.11286424,-0.035029218,-0.013980374,0.09670373,-0.04689261,-0.068927296,0.0084199775,-0.012289576,0.051582187,-0.018279046,-0.011378616,-0.063229345,0.04554192,PkC_ss,PkC_ss
-0.023073912,-0.004747063,-0.06588469,0.061215334,0.02397228,-0.0010297615,-0.015302181,-0.048556212,-0.009624012,-0.03412331,0.017205209,0.031352166,0.01711413,0.007502526,-0.021945775,-0.063271314,0.079559006,0.11889453,-0.035547264,-0.026573032,0.093086965,-0.040866125,-0.05369796,0.028643906,0.020881021,0.043029197,-0.015241116,-0.011366129,-0.067019515,0.049625836,PkC_cs,PkC_cs
-0.016315684,-0.005456075,-0.06612848,0.057164922,0.015264779,0.0066182846,-0.014649779,-0.0633105,-0.018085971,-0.0425649,0.007635854,0.028234772,0.014618609,0.019098908,-0.044610154,-0.050834194,0.08104122,0.11203049,-0.035896644,-0.008315593,0.08649573,-0.038641676,-0.0613124,0.0116360895,-0.0008404106,0.05032923,-0.022868022,-0.016837217,-0.065387435,0.046068296,PkC_ss,PkC_ss
-0.021980911,-0.026604459,-0.07704324,0.048381016,0.014270414,0.006857124,-0.010471597,-0.06082259,-0.0055317953,-0.06019208,0.009506531,0.035636567,0.011559779,0.022242084,-0.031057969,-0.045829028,0.087450966,0.12086651,-0.03380592,-0.0032010078,0.07448958,-0.047047272,-0.08106842,0.011804866,0.0012178943,0.044081405,-0.009912863,-0.015263982,-0.06190829,0.041898176,PkC_cs,PkC_cs
-0.022220552,0.022148736,-0.04922209,0.03898696,0.0307737,-0.018726353,-0.038282603,-0.060363613,-0.04447449,-0.027882934,-0.0009657368,-0.003912233,0.03987644,0.03622695,-0.013133287,-0.058851197,0.12578067,0.119494826,-0.063042596,-0.01674974,0.063291036,-0.06494908,-0.046778902,0.0024854708,-0.003944639,0.044734374,-0.056381278,-0.032054022,-0.02974563,0.02846402,MFB,MFB
-0.023714885,0.017417878,-0.08426615,0.033197314,0.055606917,0.0031669969,-0.037365653,-0.036825642,-0.044722684,-0.05833952,-0.004544176,0.0011923909,0.036295924,0.040447436,-0.01781696,-0.0263123,0.08916184,0.12562154,-0.032643504,-0.030829564,0.090774104,-0.038458817,-0.07855272,0.00034586992,0.0044419058,0.041626208,-0.012280352,0.010274686,-0.038357124,0.017252378,PkC_ss,PkC_ss
-0.019227028,-0.0056417733,-0.060920723,0.041199505,0.018190961,0.0033604642,-0.008254945,-0.0569454,-0.014553674,-0.07080805,0.038937964,0.020575233,0.026457248,0.01856476,-0.036876515,-0.043811563,0.08075012,0.1206365,-0.025040708,-0.031390354,0.099606305,-0.046159666,-0.0712507,0.011681028,-0.01011055,0.048399493,-0.009074934,-0.00947988,-0.056742676,0.045616806,PkC_ss,PkC_ss
-0.016321883,-0.012186334,-0.07253764,0.047668643,0.024626669,0.01054689,-0.019057304,-0.054989412,-0.0044197887,-0.067163266,0.020849392,0.032245934,0.018794037,0.017647013,-0.02349618,-0.044587888,0.08716123,0.122804865,-0.03301505,-0.021499127,0.089638375,-0.044801295,-0.06777404,0.01601971,0.0134281535,0.045184694,-0.013394684,-0.013125837,-0.055198934,0.04418786,PkC_cs,PkC_cs
-0.020706818,-0.009309813,-0.061573565,0.050694287,0.014002718,0.0035540638,-0.010078087,-0.052712463,-0.010244116,-0.06890628,0.0340617,0.025983945,0.024390345,0.015326738,-0.028988607,-0.043946728,0.08312818,0.118359804,-0.032210678,-0.025371775,0.096488595,-0.05076191,-0.06689675,0.015242565,-0.0038602427,0.048157252,-0.01596094,-0.011338554,-0.059139725,0.04679484,PkC_ss,PkC_ss
-0.0242545,0.009183258,-0.0742125,0.06612287,0.016852438,0.0024300618,-0.025034264,-0.060417995,-0.026039623,-0.044043176,0.009669632,0.02417434,0.014337016,0.033020273,-0.034264833,-0.057994932,0.089501396,0.10830805,-0.048428863,-0.0047159195,0.07814299,-0.042951196,-0.06426569,0.000977058,-0.0013840422,0.05471412,-0.020057403,-0.015519612,-0.058340624,0.041922994,PkC_ss,PkC_ss
-0.014269814,0.009706117,-0.0634568,0.055411384,0.0191245,0.005258943,-0.013191327,-0.05427486,-0.02103205,-0.04425715,0.025735125,0.022948317,0.026975531,0.0024190545,-0.03712365,-0.06435466,0.08571034,0.11403327,-0.038509965,-0.022304058,0.10086988,-0.058438007,-0.050640665,0.006712921,-0.009610854,0.05465781,-0.02275969,-0.017454177,-0.06621902,0.05255597,PkC_ss,PkC_ss
-0.020706654,-0.0074374527,-0.075050674,0.04792989,0.01958926,0.011428573,-0.00067941844,-0.059896655,-0.023496613,-0.05439698,0.026837997,0.023847826,0.022182938,0.014531836,-0.035629164,-0.04391565,0.07434414,0.11624862,-0.030868307,-0.025650308,0.10557675,-0.04884553,-0.07710563,0.010906357,-0.009532824,0.05220279,-0.008287489,0.004012093,-0.066869825,0.042328343,PkC_ss,PkC_ss
-0.017035678,0.0011782795,-0.06151578,0.052062653,0.030083258,0.008806971,-0.02061817,-0.049874198,-0.0064467713,-0.06120515,0.031055719,0.02199699,0.028837962,-0.00395903,-0.026711285,-0.05235991,0.07843061,0.12237262,-0.020028383,-0.026418567,0.094710976,-0.05376672,-0.061823383,0.0141958445,-0.003426429,0.036011145,-0.010407634,-0.011547014,-0.05370779,0.05021546,MFB,MFB
-0.013387203,0.012076445,-0.066620626,0.059680477,0.022922065,0.017190807,-0.022359893,-0.06790833,-0.02904459,-0.04525218,0.0038367957,0.018179536,0.015795395,0.010451853,-0.046585154,-0.05116917,0.09300676,0.11278643,-0.03448637,-0.0152718425,0.09294607,-0.04603766,-0.0581299,0.006833546,0.0074053407,0.059149373,-0.030600637,-0.01036299,-0.06446145,0.037313,MFB,MFB
-0.026513577,0.0046365485,-0.063060656,0.054044753,0.020200554,0.013342687,-0.015530631,-0.051760666,-0.017645605,-0.048052125,0.017838888,0.023208886,0.024343176,0.0058020502,-0.036560155,-0.054372143,0.08843214,0.11521848,-0.030246891,-0.024069905,0.094458565,-0.055086456,-0.06901067,0.014370378,0.0028950498,0.052864216,-0.017605431,-0.007646978,-0.0712522,0.04406797,MFB,MFB
-0.017377615,0.01332818,-0.04674325,0.035577945,0.026494417,-0.03261226,-0.045566313,-0.07183562,-0.041547537,-0.027912699,-0.015306175,0.0024053678,0.024517873,0.0634464,-0.017369702,-0.04390153,0.12725115,0.122766234,-0.064393714,-0.014838457,0.05568576,-0.039597243,-0.04214789,0.0076131523,-0.011585001,0.030498095,-0.047515176,-0.038679644,-0.020622946,0.02591218,PkC_ss,PkC_ss
-0.022233993,-0.01956676,-0.06090159,0.043797582,0.01257389,0.010632374,-0.012498274,-0.068907455,-0.0012504756,-0.044335365,0.009246163,0.028237954,0.012642741,0.013543233,-0.054073047,-0.051914975,0.07844438,0.11889051,-0.022912048,-0.0029464513,0.07484557,-0.039843112,-0.07084484,0.0095227305,-0.0066668615,0.04424306,-0.005263984,-0.026634462,-0.062473834,0.043165356,MFB,MFB
-0.015980408,-0.012013674,-0.058350086,0.051074646,0.021273114,0.00228607,-0.012809709,-0.046747684,-0.009266287,-0.06267861,0.028723143,0.026445843,0.017396703,0.016128212,-0.04018141,-0.048921376,0.07628557,0.1220983,-0.027090788,-0.02075699,0.08798483,-0.046131447,-0.063650794,0.013272135,-0.00244198,0.046363376,-0.013541423,-0.013104871,-0.057231262,0.04389944,MFB,MFB
-0.020387337,-0.009507105,-0.07682209,0.051394746,0.024769034,0.0046417946,-0.015516162,-0.04422512,-0.011241332,-0.06465698,0.029667601,0.032598447,0.02327734,0.011967182,-0.020690545,-0.054126676,0.082157835,0.123850934,-0.03221967,-0.025352925,0.09982178,-0.055214733,-0.073371045,0.018614698,0.01560168,0.04705295,-0.011242658,0.00097437203,-0.065268144,0.046352133,PkC_cs,PkC_cs
-0.025092855,0.022000961,-0.0777287,0.05095727,0.049469143,0.009430225,-0.037669495,-0.038075525,-0.03753668,-0.049356706,0.018184982,0.009547487,0.036574487,0.023060769,-0.026701182,-0.044859122,0.07942828,0.11636085,-0.03051012,-0.023533642,0.096046664,-0.050403588,-0.06195014,-0.009820975,-0.000983037,0.04114929,-0.021784097,-0.005131282,-0.041354507,0.032663025,MLI,MLI
-0.024641722,0.025399715,0.023291066,-0.013371766,0.023588698,-0.1446593,-0.042389728,-0.094503075,-0.055766605,-0.03592599,-0.03823835,-0.061722256,0.05607741,0.12424186,0.037835427,-0.04140342,0.23477653,0.14145039,-0.10771031,-0.07161331,0.0049127974,-0.093704596,0.0057283193,0.036383186,-0.05673975,0.0051749647,-0.075858675,-0.061288565,0.04715868,0.013305604,PkC_ss,PkC_ss
-0.032672286,0.0046520308,-0.06740659,0.061450325,0.011047412,0.01235392,-0.022105917,-0.05837869,-0.011876218,-0.05964674,0.029706575,0.022031657,0.026497945,0.019852683,-0.017025054,-0.05496162,0.096511595,0.109910846,-0.04534968,-0.009661213,0.08179384,-0.059923396,-0.07050515,0.008939525,-0.001399178,0.058402717,-0.024376407,-0.018012159,-0.050956517,0.042381443,PkC_ss,PkC_ss
-0.021289945,0.019522376,-0.07327362,0.05805491,0.028039064,0.020632226,-0.027553052,-0.052964877,-0.030115023,-0.04557699,0.008127846,0.017150126,0.030897357,0.008655682,-0.0400175,-0.055058025,0.09168792,0.107423455,-0.033589743,-0.007829264,0.09695854,-0.05637019,-0.061526857,-0.003966651,0.0060956776,0.056092653,-0.03051114,-0.011008896,-0.06411169,0.04150124,PkC_ss,PkC_ss
-0.034849547,0.033952877,-0.05763652,0.028393924,0.0330248,-0.011340898,-0.04748015,-0.062485904,-0.035512507,-0.037829563,-0.0013111308,-0.0037004873,0.044747137,0.043087803,-0.015346646,-0.044808283,0.123025015,0.115401715,-0.053501092,-0.017891422,0.07135542,-0.053652495,-0.057179056,-0.00010894798,-0.013274148,0.036486857,-0.04002791,-0.026650026,-0.031023197,0.025219478,MLI,MLI
-0.01940313,-0.0040041357,-0.070401706,0.05915848,0.0284371,-0.010769473,-0.026482895,-0.052439082,-0.009067759,-0.049556583,0.01381655,0.027194906,0.02141958,0.015767813,-0.021814398,-0.054156356,0.08162208,0.12312537,-0.032243095,-0.011704966,0.07460589,-0.03589508,-0.06348727,0.02421629,0.015961757,0.03980822,-0.015541315,-0.00756485,-0.055229977,0.042864062,PkC_cs,PkC_cs
-0.020745352,-0.0015422106,-0.06867781,0.05413469,0.030430883,-0.011160014,-0.025156945,-0.047472343,-0.008951679,-0.052444123,0.023347408,0.021183625,0.02392592,0.010954112,-0.01766491,-0.052749366,0.07712496,0.120641,-0.031155862,-0.022218332,0.09211648,-0.045905937,-0.06315111,0.02553213,0.014649972,0.033666663,-0.015443437,-0.0039554685,-0.055660747,0.044752583,PkC_cs,PkC_cs
-0.016666263,-0.009019628,-0.06670119,0.056984723,0.026230555,-0.009462213,-0.023415595,-0.0486785,-0.008309551,-0.056008756,0.019804157,0.02556254,0.02432788,0.009753227,-0.02036921,-0.05131989,0.07769589,0.1251559,-0.02619154,-0.017258778,0.08191649,-0.041615736,-0.067866094,0.02616059,0.01661372,0.038071796,-0.013389453,-0.0028902367,-0.054098126,0.042441517,PkC_cs,PkC_cs
-0.023616597,0.027709886,0.019159183,-0.01637204,0.042142704,-0.13282543,-0.05726681,-0.09382552,-0.041365832,-0.032526217,-0.0419345,-0.06230081,0.049403258,0.11241867,0.023982562,-0.027916905,0.20276928,0.14875454,-0.08871099,-0.053177223,0.0076011866,-0.07412434,-0.0052253753,0.038991056,-0.050373595,-0.014126457,-0.04719346,-0.041143715,0.050484054,-0.0042403266,MFB,MFB
-0.02402158,0.0014131218,-0.057032667,0.053340346,0.020031672,0.010039899,-0.007946402,-0.044120766,-0.008294269,-0.03337232,0.019910447,0.02566941,0.026478738,0.00070272386,-0.019889638,-0.06404861,0.09153934,0.11266033,-0.037158944,-0.026627734,0.09057699,-0.05824226,-0.055871457,0.02109342,0.00723261,0.04815297,-0.022066206,-0.015532017,-0.06553398,0.04821828,PkC_cs,PkC_cs
-0.028935567,0.0038235933,-0.0671714,0.04590518,0.015854508,0.01439209,-0.013743654,-0.058552682,-0.019758366,-0.062566735,0.03743176,0.014820583,0.03459583,0.016924337,-0.028275348,-0.050977312,0.092284136,0.11080775,-0.03177969,-0.022050694,0.09554684,-0.06138362,-0.07096202,-0.0019924287,-0.015125308,0.058414903,-0.016747415,-0.016641498,-0.053694762,0.045579754,PkC_ss,PkC_ss
-0.016395941,-0.004857421,-0.054210037,0.048312448,0.02341795,0.0055137733,-0.011450529,-0.04366516,-0.005992718,-0.05732081,0.028316528,0.029564701,0.017917098,0.00930807,-0.037597843,-0.052120667,0.076496586,0.11951817,-0.025959559,-0.026650816,0.093327366,-0.048919618,-0.05820807,0.017916486,0.003942117,0.04144477,-0.016954273,-0.011394501,-0.060909756,0.04530263,MFB,MFB
-0.02530849,0.009792894,-0.059478283,0.061577223,0.017652493,0.008393739,-0.0213968,-0.044124182,-0.009479798,-0.06470824,0.033916444,0.024992786,0.024685292,0.013754919,-0.02340775,-0.05530829,0.09005765,0.114431396,-0.037611425,-0.01866977,0.086702675,-0.055505045,-0.0650311,0.013996474,4.575029e-05,0.05217939,-0.022564635,-0.014666855,-0.053239122,0.044076152,MFB,MFB
-0.0092817545,-0.0089913905,-0.06120345,0.044201143,0.022638608,0.01122841,-0.029350713,-0.06228096,-0.022790596,-0.028370135,-0.0033801273,0.036132794,0.0008038208,0.032157958,-0.055959336,-0.052058913,0.07789018,0.119966276,-0.04374695,0.004965365,0.075894125,-0.026639506,-0.05736036,0.0037996806,0.007613823,0.03808988,-0.030258529,-0.029453829,-0.0636776,0.032825574,MFB,MFB
-0.034804977,0.022753447,-0.044840448,0.040687144,0.021344833,-0.043139722,-0.050381936,-0.08842521,-0.045817293,-0.009557262,-0.043402884,-0.007964708,0.021463353,0.06463946,-0.009580478,-0.05835648,0.15108787,0.118873335,-0.080412425,-0.004398659,0.02936568,-0.049289633,-0.039484307,0.017657347,-0.0082953535,0.038045727,-0.059409864,-0.045458302,-0.024928123,0.020472743,PkC_ss,PkC_ss
-0.02344045,-0.013497978,-0.05696795,0.039709345,0.01422938,0.016025983,-0.008371562,-0.067963846,-0.008219361,-0.050595865,0.017718911,0.026276607,0.0069194995,0.018620506,-0.054203033,-0.049230933,0.08729008,0.12288435,-0.028620474,-0.01638338,0.082016416,-0.039887108,-0.07012085,0.010089187,-0.008552037,0.051429175,-0.004281491,-0.018688157,-0.06774553,0.033288643,MFB,MFB
-0.0046688467,0.018990494,-0.036341317,0.032510653,0.034707412,-0.027331766,-0.035234436,-0.057881624,-0.038484104,-0.032064408,-0.0033772364,-0.0037650391,0.029570814,0.04380297,-0.014993556,-0.042279713,0.12294331,0.12881011,-0.06263963,-0.024565712,0.066831514,-0.040122047,-0.03724028,0.014459895,-0.0044413544,0.032641575,-0.04494319,-0.028625697,-0.023613185,0.022330381,PkC_ss,PkC_ss
-0.016248643,-0.0107297,-0.06971104,0.054419003,0.032313973,-0.0039717928,-0.023676291,-0.050471034,-0.01427035,-0.06892622,0.03161315,0.022138327,0.020188674,0.014846474,-0.02797398,-0.049288765,0.07638092,0.12486775,-0.027107961,-0.020810127,0.09407255,-0.04965534,-0.06963263,0.01645491,0.0014474168,0.034123823,-0.014496483,-0.0040213093,-0.05612213,0.047441736,PkC_cs,PkC_cs
-0.017868966,-0.019869357,-0.069907025,0.05203207,0.018766332,0.010771886,-0.016537532,-0.056227215,-0.003063947,-0.05657781,0.019016974,0.038690444,0.008222353,0.017825007,-0.038481206,-0.054844044,0.07955627,0.12487452,-0.027729861,-0.014202669,0.08474474,-0.036746763,-0.07023747,0.017997377,0.008381072,0.042303473,-0.0069885626,-0.016272895,-0.068441086,0.04700443,PkC_cs,PkC_cs
-0.020978943,-0.009447113,-0.064731896,0.046611592,0.024440873,0.0029280307,-0.015813574,-0.04656861,-0.012464255,-0.046289355,0.019283384,0.015115544,0.026503867,0.012655556,-0.032716744,-0.058907762,0.08875247,0.120623946,-0.02285602,-0.028750464,0.084909424,-0.051557932,-0.056820117,0.007325601,-0.00090682134,0.05671963,-0.009914041,-0.013454482,-0.057762496,0.040711194,MFB,MFB
-0.061758548,0.06210859,0.070237905,-0.05093269,0.026204858,-0.21460372,-0.058614627,-0.114895575,-0.048335105,-0.057376973,-0.05553616,-0.09333178,0.055777617,0.18553498,0.066967316,-0.030908,0.30493936,0.16954644,-0.14032464,-0.09848796,-0.048010085,-0.13059606,0.029230192,0.04607062,-0.1165088,-0.025782399,-0.044715963,-0.08218308,0.120178096,-0.020408228,MFB,MFB
-0.034768976,0.0431043,0.032367736,-0.021834686,0.039772697,-0.16404864,-0.046329297,-0.07492827,-0.053960174,-0.0368786,-0.03717181,-0.07303914,0.053215243,0.13900056,0.042977773,-0.040286765,0.23552829,0.15105888,-0.10087591,-0.083487555,-0.0014689825,-0.09634899,0.00039352477,0.04696461,-0.06659374,-0.011231072,-0.055161573,-0.044008255,0.061395295,-0.0008942485,MFB,MFB
-0.028292343,-0.0069725662,-0.07129148,0.05827912,0.00940362,0.012259393,-0.009451628,-0.06929709,-0.019290656,-0.046214543,0.019571133,0.024619281,0.021179523,0.024091631,-0.032841347,-0.055347227,0.09447922,0.107561305,-0.040682197,-0.010357454,0.08446833,-0.046006538,-0.06448287,0.008257022,-0.010101814,0.061871056,-0.026565112,-0.021722347,-0.06355719,0.047725104,PkC_ss,PkC_ss
-0.023057401,-0.0011715889,-0.0631573,0.061304808,0.023999676,0.008800228,-0.010740951,-0.035933197,-0.009861909,-0.044297487,0.03126765,0.02677074,0.028635554,0.0026804209,-0.016630001,-0.064187415,0.08130723,0.1182697,-0.03646647,-0.029666051,0.09324214,-0.055030946,-0.05939368,0.020040039,0.00884277,0.05117932,-0.018035784,-0.010742784,-0.05979432,0.04859408,PkC_cs,PkC_cs
-0.01574561,-0.012797475,-0.07213995,0.052532017,0.024131108,-0.0067905895,-0.01985468,-0.051543493,-0.014272407,-0.05223482,0.014605284,0.033129968,0.020682279,0.01823704,-0.019191764,-0.05233224,0.07955746,0.12545334,-0.043157592,-0.0035031885,0.07627723,-0.03574249,-0.06952653,0.023290548,0.018029425,0.044532992,-0.019368283,-0.008937523,-0.05739042,0.04196757,MFB,MFB
-0.017554462,0.0035958737,-0.06468297,0.046880357,0.025508944,-0.0030512158,-0.02585353,-0.044543322,-0.011022061,-0.06505126,0.03213939,0.027229805,0.03128875,0.010174215,-0.01746773,-0.056907862,0.09013006,0.12440559,-0.029445931,-0.02971235,0.09277114,-0.05225308,-0.058046445,0.01799076,0.009363584,0.044802815,-0.018787898,-0.011480473,-0.058495782,0.049033098,PkC_cs,PkC_cs
-0.02078928,-0.021527484,-0.06560212,0.057394736,0.01961771,-0.011967229,-0.016951546,-0.06360912,-0.013666317,-0.047348045,0.0035514012,0.031922076,0.014485367,0.016042158,-0.031298883,-0.05642212,0.078124695,0.12773904,-0.038917065,-0.0030884594,0.06849366,-0.035999835,-0.06551456,0.02449724,0.010932369,0.04303977,-0.011702836,-0.013079345,-0.05540105,0.042807534,MFB,MFB
-0.017560512,-0.006848991,-0.0657136,0.04980447,0.014484305,0.020781908,-0.018075332,-0.06989298,-0.009721801,-0.044375524,-0.0006799847,0.032130506,0.010855535,0.01655811,-0.0567513,-0.04851487,0.08118825,0.11175738,-0.03102053,0.0007968247,0.07948246,-0.03508602,-0.066918075,0.0062228795,-0.0035490282,0.046946697,-0.01921057,-0.023726963,-0.0698115,0.042026646,PkC_ss,PkC_ss
-0.017512277,-0.0009784102,-0.065125436,0.05526816,0.02493808,0.005437403,-0.014862925,-0.036950946,-0.008709408,-0.056298003,0.037871756,0.025287151,0.033593204,0.0048732907,-0.0113113895,-0.060331635,0.08215081,0.12080732,-0.037763387,-0.02620779,0.094727464,-0.056262173,-0.062456027,0.018449012,0.008134041,0.049848177,-0.016454734,-0.008423895,-0.05528414,0.04868132,PkC_cs,PkC_cs
-0.021999657,0.015539631,-0.046297938,0.03623569,0.033141714,-0.0327634,-0.033038534,-0.067434244,-0.04439281,-0.017178707,-0.014638625,-0.007756613,0.026264578,0.033819318,-0.026484191,-0.05801557,0.11888847,0.1252084,-0.06424216,-0.012166098,0.06713714,-0.056790672,-0.045323983,0.016461117,-0.011272132,0.034780122,-0.04901252,-0.028528452,-0.037578937,0.025727592,MFB,MFB
-0.020654455,-0.0025465488,-0.056861334,0.051782064,0.031377356,-0.0062615667,-0.020683557,-0.054066073,-0.010935925,-0.041078888,0.022378802,0.014919579,0.0055180285,0.014623567,-0.0521044,-0.061199263,0.076462775,0.120282605,-0.019809827,-0.026415095,0.09861067,-0.041075163,-0.060894012,0.021930031,0.0075141974,0.03169947,-0.009788133,-0.014305577,-0.06521748,0.047976233,MFB,MFB
-0.029916778,0.04431954,-0.013044462,0.010463789,0.027539298,-0.07001538,-0.046720855,-0.07483968,-0.03695166,-0.033444956,-0.019373536,-0.03050097,0.05848246,0.051749967,0.010689087,-0.045866136,0.17179438,0.13037221,-0.069986045,-0.047723234,0.041922383,-0.081906855,-0.022146225,0.01933787,-0.03929389,0.018812738,-0.04730492,-0.04060772,-0.0011065528,0.020165592,MFB,MFB
-0.020613253,-0.011105701,-0.07305172,0.059968144,0.016500331,-0.012497425,-0.024776012,-0.057175756,-0.009238914,-0.049080513,0.009705238,0.034063064,0.022494689,0.023868173,-0.013078108,-0.058303,0.09242861,0.12627031,-0.04498732,-0.00063057244,0.062031638,-0.036993004,-0.0671837,0.020389326,0.01583859,0.050809592,-0.008676767,-0.0131907165,-0.0494982,0.040693223,PkC_cs,PkC_cs
-0.022642821,0.0059136674,-0.062077098,0.0516733,0.023745928,0.0087293675,-0.0127149075,-0.055157445,-0.02083946,-0.060077675,0.032248862,0.015333384,0.024497377,0.0034882128,-0.04187569,-0.05389826,0.07695134,0.11894722,-0.023300022,-0.025080994,0.10023595,-0.05531881,-0.07215704,0.0113977995,-0.0068382435,0.048033647,-0.015641816,-0.0074923486,-0.06130381,0.04673393,PkC_ss,PkC_ss
-0.016181871,-0.013113409,-0.068706036,0.062275596,0.012243114,-0.012269735,-0.020950347,-0.055327803,-0.007312648,-0.045965627,0.010199562,0.03505738,0.018497024,0.026661277,-0.011850819,-0.056041427,0.09477238,0.12584092,-0.04450679,-0.001580134,0.057807304,-0.036512125,-0.065814495,0.019977562,0.011590164,0.051915653,-0.0073323473,-0.018016212,-0.045288574,0.040556848,PkC_cs,PkC_cs
-0.019082323,0.0046365336,-0.06572792,0.055751085,0.023542054,0.0061989604,-0.014640033,-0.06103704,-0.02403459,-0.052318424,0.024278842,0.018134959,0.020646775,0.007957339,-0.04343771,-0.056446716,0.07930513,0.11710057,-0.026739657,-0.021484718,0.09898107,-0.05001127,-0.06601744,0.010456653,-0.005788062,0.04741799,-0.016904853,-0.01020544,-0.06415994,0.050149426,PkC_ss,PkC_ss
-0.022896454,0.00665956,-0.07150377,0.058211103,0.02381739,0.008999786,-0.01936227,-0.04355713,-0.013859019,-0.064879864,0.029451914,0.0245834,0.031378463,0.011339918,-0.0139667615,-0.060889885,0.10047036,0.116570726,-0.041904055,-0.01708363,0.092599556,-0.06279117,-0.06812819,0.015324414,0.015563825,0.055600304,-0.025263004,-0.007877156,-0.060781665,0.048295833,PkC_cs,PkC_cs
-0.020795152,-0.024131626,-0.060573176,0.0550332,0.007950336,-0.0057369918,-0.009060815,-0.074162856,0.005174093,-0.04509651,-0.012562975,0.034016594,0.008142263,-0.0022244304,-0.06047509,-0.0496649,0.060952373,0.12055647,-0.027083904,0.025190637,0.050160777,-0.038213715,-0.07410323,0.008804217,-0.016516883,0.028030999,0.0023611113,-0.02255302,-0.05857615,0.03922993,PkC_ss,PkC_ss
-0.02177246,-0.024697676,-0.06534383,0.06675194,0.010701343,-0.010009838,-0.015741557,-0.061438236,0.013432659,-0.046606876,-0.016011558,0.044791054,0.0044274107,0.0011641383,-0.047566667,-0.05547885,0.06560902,0.120688885,-0.035138153,0.02416908,0.048311975,-0.039046556,-0.06798071,0.017510239,0.0026047975,0.025178686,-0.0004991591,-0.02217532,-0.061509006,0.04356675,PkC_cs,PkC_cs
-0.025743395,-0.001485154,-0.041093014,0.03589555,0.023846693,-0.05134549,-0.028648168,-0.07942511,-0.024026863,-0.017004035,-0.053382482,0.0016432703,0.023342494,0.034992725,-0.032339886,-0.050850995,0.11194712,0.12538227,-0.06403638,0.017231412,0.021884399,-0.05931002,-0.04492157,0.011869872,-0.024504412,0.013863161,-0.03157968,-0.032782003,-0.024164759,0.01803068,PkC_ss,PkC_ss
-0.019556344,-0.008829698,-0.05864267,0.068371624,0.0009826049,-0.01222857,-0.004834324,-0.07346636,0.0013199076,-0.007438168,-0.059777927,0.05382875,-0.006596582,-0.008561999,-0.0744826,-0.060434297,0.07349696,0.109209195,-0.04103127,0.03007324,0.045906164,-0.031669695,-0.056261502,0.021873787,-0.0050162375,0.022310495,-0.009856574,-0.020254768,-0.0949504,0.04357464,PkC_cs,PkC_cs
-0.02416955,-0.025492728,-0.059797615,0.057598233,0.009027373,-0.005112136,-0.01019457,-0.0665892,0.010371141,-0.051377118,-0.007987149,0.03909429,0.00881245,0.0013645887,-0.05037621,-0.04680001,0.062662326,0.1212513,-0.029974014,0.02327253,0.05045715,-0.04182495,-0.074732855,0.013431871,-0.01087917,0.025726266,0.0026375651,-0.019566417,-0.054022178,0.03763883,PkC_ss,PkC_ss
-0.023240209,0.023654245,-0.04491692,0.03607712,0.030152261,-0.022227824,-0.036533877,-0.067806184,-0.048171096,-0.02926632,-0.0035046414,-0.014362767,0.039907116,0.038221404,-0.011093289,-0.0584445,0.13491137,0.12075122,-0.069852605,-0.0225745,0.0697118,-0.07439704,-0.040752634,0.005565716,-0.014261086,0.045277216,-0.05820083,-0.032283887,-0.028022923,0.02738335,PkC_ss,PkC_ss
-0.022036254,-0.0089966655,-0.069207504,0.056937076,0.016660802,-0.0011530714,-0.0149320215,-0.053921375,-0.008551478,-0.06341144,0.02360002,0.030638095,0.021912396,0.018701643,-0.024959303,-0.051880885,0.0898215,0.11584663,-0.039641663,-0.02361247,0.09277495,-0.049359657,-0.062520035,0.018751208,0.007429987,0.0486295,-0.019116752,-0.011946902,-0.06383408,0.051179655,PkC_cs,PkC_cs
-0.018265843,-0.010952413,-0.06955472,0.049161986,0.03067958,-0.0064159026,-0.026315436,-0.06039893,-0.015467629,-0.036242746,-0.032941513,0.024466038,0.010722106,0.010012105,-0.06117192,-0.043373358,0.059406176,0.12041296,-0.0300268,0.027023949,0.05215386,-0.0364217,-0.07028945,-0.0043003308,-0.0042143874,0.022219181,-0.0079594925,-0.01335752,-0.04868225,0.02413471,PkC_ss,PkC_ss
-0.02504699,0.018328227,-0.06882131,0.055221796,0.025299847,0.012445402,-0.03444171,-0.066475496,-0.034017034,-0.040201426,0.003959149,0.013639472,0.025821438,0.009413853,-0.037327226,-0.06427077,0.099708274,0.11016238,-0.045884445,-0.0004761219,0.0834555,-0.05625485,-0.058335885,-0.0018079979,0.0019801483,0.055380277,-0.040044762,-0.025273114,-0.059822097,0.041139908,PkC_ss,PkC_ss
-0.01779835,0.0041550994,-0.064613484,0.05782847,0.016122147,0.015681658,-0.011900857,-0.061219595,-0.020792365,-0.052697726,0.021418862,0.02238831,0.026714955,0.008452058,-0.036585577,-0.049556922,0.0843578,0.11129816,-0.03205648,-0.023605376,0.096122265,-0.052266892,-0.06300071,0.008578066,-0.004287474,0.056752563,-0.025120571,-0.008981258,-0.062729,0.045147896,PkC_ss,PkC_ss
-0.026554614,0.0116296485,-0.06646103,0.06879737,0.017662287,0.0103395535,-0.02446644,-0.055529132,-0.022170238,-0.0382568,0.006676443,0.025580652,0.016818639,0.0156935,-0.03456773,-0.06601583,0.098130465,0.10643603,-0.047022715,2.1994114e-05,0.07715219,-0.051596157,-0.059784003,0.007744137,0.008415502,0.058083627,-0.03147179,-0.016340286,-0.06682089,0.041807182,PkC_ss,PkC_ss
-0.012902662,-0.017420232,-0.06521402,0.043897673,0.029997792,-0.009867584,-0.023217916,-0.044539783,-0.009988345,-0.06447219,0.024575599,0.030305438,0.017152699,0.01618591,-0.02763407,-0.050809518,0.07674931,0.12728529,-0.0271867,-0.013631538,0.089375,-0.044477105,-0.065009706,0.018626835,0.013761461,0.029180072,-0.011160292,-0.006443605,-0.060340732,0.044467285,PkC_cs,PkC_cs
-0.022057548,0.012805022,-0.072552264,0.05614593,0.022436269,0.010690254,-0.025647834,-0.046212044,-0.012305424,-0.071072206,0.035588652,0.02709787,0.039304078,0.013945624,-0.007976428,-0.05492422,0.10176546,0.11475423,-0.04399675,-0.020805106,0.09348398,-0.066069484,-0.05971598,0.00732721,0.0010927431,0.055619698,-0.028546862,-0.01592572,-0.051997386,0.049993202,PkC_cs,PkC_cs
-0.020573288,-0.02156566,-0.06241343,0.055600792,0.0067663044,-0.0064734602,-0.0057149827,-0.07205686,0.0016977191,-0.045372732,-0.012386136,0.037497632,0.007462822,0.002379477,-0.062166847,-0.04625701,0.060190044,0.117791325,-0.028402187,0.02544219,0.053286478,-0.038514704,-0.074673854,0.0063529685,-0.020603836,0.02782391,0.0027619973,-0.018317357,-0.061567903,0.038730487,PkC_ss,PkC_ss
-0.015873387,-0.0009402931,-0.06823724,0.052300774,0.02527064,0.00030000135,-0.022735938,-0.040080857,-0.009975307,-0.078781754,0.035963327,0.031161595,0.033036876,0.017375663,-0.017998219,-0.049753726,0.08669694,0.12113312,-0.032513842,-0.024163514,0.091194406,-0.054584723,-0.06270442,0.010922346,0.005709164,0.0455681,-0.020104691,-0.012405209,-0.052682925,0.052398525,PkC_cs,PkC_cs
-0.022795469,0.007153794,-0.073570676,0.05789333,0.025161188,0.0104998415,-0.01581709,-0.04678107,-0.010641247,-0.06826552,0.033796467,0.025033005,0.03520912,0.00046917796,-0.014060453,-0.05229626,0.091410525,0.11849223,-0.03124132,-0.026703387,0.09996663,-0.062376074,-0.0665069,0.01481808,0.0012780465,0.04691132,-0.01872556,-0.005006589,-0.060898412,0.050679006,PkC_cs,PkC_cs
-0.014641032,-0.0005699396,-0.061304763,0.053226233,0.025313098,-0.011618897,-0.029990926,-0.067546576,-0.041680805,-0.029439293,-0.0018642619,0.011152074,0.016396817,0.03533762,-0.033027858,-0.05792851,0.09779987,0.12126891,-0.06157756,-0.0061360896,0.073765144,-0.047003992,-0.047909,0.0041553564,-0.0025053471,0.049751118,-0.043619893,-0.02924952,-0.04140696,0.03331448,PkC_ss,PkC_ss
-0.025286451,-0.00634934,-0.070800856,0.048647925,0.022556867,0.012626874,-0.009168103,-0.054111436,-0.014687084,-0.06338149,0.02905795,0.027794506,0.02728498,0.0024876446,-0.02805347,-0.04787797,0.076684296,0.12296438,-0.027260609,-0.028375044,0.10379341,-0.05606341,-0.074638195,0.017475031,-0.0004525222,0.04713045,-0.009008028,-0.0020973608,-0.06417041,0.04694462,PkC_ss,PkC_ss
-0.014919788,0.011675589,-0.07590435,0.0590353,0.028489407,0.010641989,-0.021800295,-0.046409976,-0.007218115,-0.07827723,0.036125727,0.027155146,0.03668618,-0.0010366291,-0.012403831,-0.048245452,0.086481504,0.122051015,-0.027555376,-0.027348101,0.097730935,-0.056895334,-0.06652195,0.011155611,0.0008243248,0.043852635,-0.012510084,-0.006768048,-0.051773254,0.053008236,PkC_cs,PkC_cs
-0.014737159,0.013357155,-0.06646482,0.05386859,0.028920785,0.0067722024,-0.020786926,-0.03913265,-0.007551022,-0.07155756,0.039311655,0.02271054,0.032350425,0.0022460818,-0.017905496,-0.049337752,0.08445621,0.11967617,-0.025397412,-0.025832042,0.097089276,-0.058410123,-0.06709191,0.014065249,-0.00066834316,0.041493624,-0.016163565,-0.003465891,-0.053728297,0.046573393,PkC_cs,PkC_cs
-0.024849579,0.008291535,-0.07495289,0.06465144,0.016185641,0.014028269,-0.023786902,-0.055854708,-0.028628394,-0.043130472,0.008729152,0.023812108,0.023724394,0.023434803,-0.03501021,-0.056595653,0.0863107,0.10383773,-0.039644964,-0.0075118095,0.08343114,-0.049412966,-0.0638044,-0.0030630035,0.0017829165,0.061327145,-0.030940443,-0.015070744,-0.058969777,0.04229427,PkC_ss,PkC_ss
-0.025870368,-0.00846827,-0.05941371,0.049870707,0.02168236,0.010539659,-0.0119353235,-0.06904266,-0.017664403,-0.053902313,0.019657403,0.018581703,0.010065371,0.01664494,-0.05517246,-0.043940425,0.07526207,0.11621528,-0.021203756,-0.014069453,0.08943322,-0.040232383,-0.074939445,0.010892315,-0.01715824,0.03688202,-0.012074709,-0.013160504,-0.06361781,0.040716097,PkC_ss,PkC_ss
-0.027347952,-0.019668162,-0.06407812,0.060420394,0.0038089752,0.004509964,-0.014687613,-0.065130726,0.0017398521,-0.03555315,-0.0039455295,0.03134623,0.0037572924,0.016084284,-0.03713892,-0.057229318,0.092664436,0.12188357,-0.03446439,0.0018341243,0.052011244,-0.034113318,-0.07192142,0.0152496435,0.004961744,0.05191634,-0.000309214,-0.030403644,-0.062386535,0.037993416,PkC_cs,PkC_cs
-0.018058449,-0.009483784,-0.06639901,0.045596108,0.030476376,-0.008841108,-0.031493127,-0.063983,-0.015292622,-0.039085038,-0.030386653,0.020959698,0.015177333,0.01342389,-0.059779327,-0.042553008,0.06639519,0.12321891,-0.031797536,0.027583294,0.05117408,-0.03796097,-0.06862783,-0.004166525,-0.010616213,0.018335856,-0.013330698,-0.019560799,-0.04544731,0.025579467,PkC_ss,PkC_ss
-0.030979112,-0.020191059,-0.059029445,0.05806426,0.014639154,-0.0039212005,-0.012146041,-0.06546003,0.0102076605,-0.024948813,-0.033323772,0.04067736,0.00422843,-0.0072558373,-0.05806448,-0.05560468,0.071264,0.12021437,-0.027810045,0.01780419,0.04600873,-0.036298346,-0.06994121,0.020234097,0.00089259073,0.02224832,0.0034682378,-0.020599626,-0.07069328,0.03719271,PkC_cs,PkC_cs
-0.011813432,0.010751739,-0.060330316,0.048222996,0.039241415,0.00023183692,-0.028807744,-0.062762044,-0.039122477,-0.04877323,0.008180715,0.006394528,0.0209007,0.012290686,-0.042390354,-0.056084443,0.090480566,0.12219638,-0.042931065,-0.017950535,0.09607829,-0.047211953,-0.05174517,0.009800894,0.0025014877,0.03981842,-0.041540213,-0.017641924,-0.05749722,0.041281678,PkC_ss,PkC_ss
-0.014422923,-0.0068029016,-0.061102428,0.050261185,0.03511116,-0.0020604432,-0.018097207,-0.04297142,-0.0075881034,-0.060088962,0.031953298,0.021720782,0.025342338,0.006362483,-0.02701439,-0.05511307,0.08112933,0.121024795,-0.023792349,-0.020596579,0.09592912,-0.049341418,-0.059509456,0.019472357,0.0059136376,0.03027659,-0.016339019,-0.007207118,-0.059097998,0.050589003,PkC_cs,PkC_cs
-0.023404643,-2.3111701e-05,-0.06540135,0.062234916,0.019671287,0.007014283,-0.014665753,-0.053363137,-0.016315691,-0.045773014,0.011580452,0.03236577,0.020755187,0.010178223,-0.033110604,-0.057155527,0.08789901,0.114136666,-0.038700245,-0.018905535,0.09016064,-0.049735345,-0.059411995,0.018788371,0.004325606,0.04986412,-0.021870293,-0.007003382,-0.07191512,0.047058433,PkC_ss,PkC_ss
-0.03681398,-0.019347668,-0.067286395,0.07421942,-0.0008667633,0.0017417232,-0.024334133,-0.07025722,-0.005811371,-0.036652982,0.0036759004,0.034986,0.0034407303,0.037059285,-0.028801754,-0.06092637,0.099655494,0.11424111,-0.05029723,0.0052038133,0.051691722,-0.03282396,-0.06720889,0.015010128,0.0024029687,0.057954863,-0.014971383,-0.030626118,-0.05764106,0.0391912,PkC_ss,PkC_ss
-0.010464907,0.0053664222,-0.0676958,0.05555091,0.021235403,0.01681462,-0.01603143,-0.05032088,-0.024581365,-0.042270504,0.01640156,0.020982653,0.027716134,-3.552437e-05,-0.04060787,-0.057606865,0.079214096,0.11249198,-0.031239502,-0.01478225,0.09444274,-0.048730165,-0.062004507,0.0012172367,-0.0018597804,0.05644082,-0.024296492,-0.011097819,-0.06852956,0.04642412,PkC_ss,PkC_ss
-0.011098683,-0.016803324,-0.06675386,0.042508207,0.023808867,-0.0062312903,-0.020595014,-0.05977825,-0.00473547,-0.054725535,0.015511952,0.030732915,0.007378839,0.020553082,-0.03633499,-0.06053173,0.08522183,0.13018844,-0.033374794,-0.005318582,0.083758414,-0.04093734,-0.06211596,0.01661172,0.013135234,0.037487417,0.004080139,-0.016709946,-0.062732756,0.045675263,PkC_cs,PkC_cs
-0.02280584,0.019620627,-0.06861186,0.052926727,0.031447273,0.007508711,-0.043379545,-0.055175234,-0.03817399,-0.03238573,0.007026136,0.0150290355,0.029449336,0.026922196,-0.019156992,-0.056895852,0.10055567,0.112951025,-0.052263707,-0.01017639,0.07889837,-0.049770467,-0.054757275,-0.002756562,0.0046334304,0.044890173,-0.049771227,-0.027486414,-0.04416067,0.03495998,PkC_ss,PkC_ss
-0.025092006,0.012161203,-0.06880364,0.056371756,0.021398518,0.0053104693,-0.024910957,-0.043092463,-0.0133542195,-0.062175132,0.030090943,0.023683757,0.031053266,0.016083494,-0.014666751,-0.060087107,0.102425955,0.11377895,-0.040426083,-0.01691924,0.08590729,-0.061168242,-0.06434298,0.00929201,0.0071305595,0.05419044,-0.026228093,-0.016051114,-0.056094646,0.046893142,PkC_cs,PkC_cs
-0.017119676,0.027741373,-0.028819397,0.019003332,0.045008183,-0.06854781,-0.06015437,-0.07135855,-0.04280784,-0.024118736,-0.03280714,-0.020351425,0.037698336,0.05965002,-0.00017621368,-0.04651376,0.138382,0.13053586,-0.072487906,-0.019693285,0.035955146,-0.041143578,-0.029450536,0.02436325,-0.006040644,0.006331019,-0.05817262,-0.032023683,-0.00608214,0.01699078,MFB,MFB
-0.027750894,-0.01458551,-0.06082862,0.054807678,0.00043915957,0.009559621,-0.0150554925,-0.064699,-5.122274e-05,-0.043228827,0.010123849,0.028754145,0.015595599,0.01950714,-0.030039221,-0.049041796,0.09363774,0.12574595,-0.03278102,-0.0011842996,0.047446065,-0.031032018,-0.07823944,0.011686979,-0.01390877,0.06009091,0.0024578422,-0.028587818,-0.05059795,0.030411348,PkC_ss,PkC_ss
-0.017589867,-0.0040372014,-0.06976282,0.060072325,0.025071986,0.007901874,-0.014929727,-0.04274155,-0.009697884,-0.05043839,0.03040956,0.034230977,0.023756975,0.007442862,-0.013216555,-0.06264583,0.082180575,0.1190902,-0.03706538,-0.031000331,0.09528215,-0.048428025,-0.05437617,0.019933227,0.016374558,0.048765905,-0.0183933,-0.007696964,-0.062005203,0.05037968,PkC_cs,PkC_cs
-0.034365438,0.00542479,-0.07100092,0.049672313,0.015448872,0.011635671,-0.014042631,-0.057697326,-0.020182535,-0.05586721,0.032599837,0.017072454,0.032738525,0.021264821,-0.025898553,-0.05311706,0.093864575,0.10786809,-0.03494872,-0.0149306655,0.087339714,-0.056706924,-0.07403492,0.0003874004,-0.013072811,0.05918732,-0.019277327,-0.01253669,-0.05540955,0.04065074,PkC_ss,PkC_ss
-0.019042462,-0.0034978688,-0.05768559,0.056378424,0.022113364,0.006112094,-0.00966154,-0.04385213,-0.014714465,-0.052549444,0.020588614,0.027178202,0.026265364,0.0034773648,-0.031635284,-0.058049146,0.08596517,0.12485264,-0.029839568,-0.021206468,0.080077484,-0.05131904,-0.061762527,0.01370072,-0.0011305362,0.0524994,-0.011897743,-0.01059141,-0.060027253,0.04386075,PkC_ss,PkC_ss
-0.016032204,0.009892724,-0.06758663,0.05243051,0.020290729,0.008890481,-0.017129004,-0.04080974,-0.008934639,-0.0667869,0.0351466,0.03292572,0.03521573,0.010529175,-0.00806839,-0.05168334,0.09297929,0.117961675,-0.03677634,-0.030003712,0.09403475,-0.05696756,-0.061547168,0.015712062,0.005321637,0.052259207,-0.023277313,-0.010766521,-0.052033626,0.048181087,PkC_cs,PkC_cs
-0.03388983,-0.015325412,-0.07028906,0.06257835,0.009060092,0.008280016,-0.01453957,-0.065786526,-0.011654004,-0.038271308,0.011751644,0.03436762,0.011692436,0.028680146,-0.029886417,-0.05501558,0.09048333,0.11267235,-0.044690274,-0.010794759,0.07615523,-0.038068004,-0.065674074,0.016488515,0.0010506362,0.056416035,-0.01785186,-0.019992739,-0.06277273,0.04188376,PkC_ss,PkC_ss
-0.008122116,0.008724496,-0.06155222,0.045633107,0.034191366,-0.0047456753,-0.032197252,-0.047424793,-0.03715136,-0.04462789,0.011576064,0.017232083,0.026683226,0.02767685,-0.032084867,-0.05181859,0.088361606,0.12146407,-0.046716087,-0.014093757,0.08461057,-0.041745096,-0.055421382,0.0039748345,0.008284792,0.040622026,-0.042777665,-0.018832214,-0.049026567,0.036970332,PkC_ss,PkC_ss
-0.022291958,-0.0045640767,-0.0757855,0.050551124,0.02762498,0.005264775,-0.019804895,-0.048056103,-0.011714071,-0.067003585,0.026178397,0.025230117,0.02141945,0.0148385465,-0.027973898,-0.051151358,0.084832504,0.123720475,-0.025031209,-0.022922873,0.09528294,-0.052777484,-0.07687919,0.014954418,0.008604821,0.04440639,-0.0069926754,-0.0039414912,-0.06253435,0.045444094,PkC_cs,PkC_cs
-0.02677828,0.0075615942,-0.065627664,0.051729895,0.012690496,0.014525342,-0.013983145,-0.060708083,-0.018966272,-0.05564464,0.033517085,0.018114686,0.03152515,0.014058799,-0.028361082,-0.05165413,0.091916144,0.110150725,-0.037194572,-0.016675591,0.09040631,-0.05897572,-0.06821507,0.00013009552,-0.017738853,0.058913093,-0.020643122,-0.018269762,-0.05447962,0.0438473,PkC_ss,PkC_ss
-0.060134813,0.067947865,0.045899972,-0.029055059,0.009843074,-0.17998485,-0.061412103,-0.10825561,-0.040066525,-0.048827678,-0.04500897,-0.073457725,0.073018655,0.16796951,0.07812523,-0.037423655,0.295246,0.14906897,-0.14451367,-0.0877347,-0.03495386,-0.12298468,0.017600477,0.045635447,-0.098497614,0.0050735846,-0.058321513,-0.0747813,0.09075668,-0.007719718,MLI,MLI
-0.019570798,0.005627267,-0.06684938,0.055669986,0.02503699,0.0046917284,-0.011684984,-0.038897954,-0.008398563,-0.05384311,0.03588394,0.027389787,0.0301918,0.0071368814,-0.010396749,-0.059271418,0.089197,0.11940467,-0.039815992,-0.033007115,0.099430144,-0.059383422,-0.058935054,0.021693427,0.0060668513,0.050247587,-0.01702667,-0.00757841,-0.057823215,0.04820898,PkC_cs,PkC_cs
-0.0095561445,-0.0034346133,-0.06059459,0.050429784,0.025475685,-0.0056386217,-0.01757425,-0.044447314,-0.009553239,-0.055036902,0.0232663,0.028638884,0.025408743,0.0067392737,-0.018614404,-0.056947686,0.081120804,0.1251322,-0.03880748,-0.018033788,0.0854242,-0.046325635,-0.059367694,0.024049632,0.015908841,0.045478962,-0.017442822,-0.009799287,-0.0533246,0.04576531,PkC_cs,PkC_cs
-0.030828327,0.010762811,-0.043416046,0.037858672,0.026549928,-0.039281134,-0.036910437,-0.07343471,-0.04604228,-0.01581163,-0.018790647,-0.012356445,0.027583988,0.05755403,-0.010037437,-0.06424579,0.14594103,0.12135176,-0.07788436,-0.010127038,0.045639694,-0.063007,-0.042091146,0.014810072,-0.002374731,0.04496482,-0.060604878,-0.036301464,-0.023926295,0.020148225,PkC_ss,PkC_ss
-0.033609748,0.016243972,-0.07121672,0.06750392,0.010822892,0.018313725,-0.03690982,-0.07902395,-0.02455654,-0.03858824,-0.0032769293,0.017523818,0.008762674,0.02648601,-0.039821945,-0.058433622,0.10758977,0.10524668,-0.049002387,0.0091432035,0.06891398,-0.04178799,-0.072101146,0.005654823,0.0051788576,0.06374021,-0.030431263,-0.023644328,-0.06404739,0.03435497,PkC_ss,PkC_ss
-0.027123332,0.017409556,-0.04346568,0.032184817,0.025273405,-0.042288747,-0.032521687,-0.072235145,-0.040475853,-0.024583615,-0.0218563,-0.0066682547,0.035173345,0.05575689,-0.013282955,-0.051999286,0.13545994,0.12152131,-0.07045472,-0.02288656,0.054789335,-0.06150792,-0.03808479,0.017435003,-0.016571894,0.040190697,-0.048328243,-0.027822748,-0.027589522,0.023509733,PkC_ss,PkC_ss
-0.019361943,-0.0069597214,-0.056134604,0.058957264,0.026536323,-0.0037646666,-0.00916101,-0.040514898,-0.009240769,-0.03919542,0.018556975,0.02345042,0.02476281,-0.0025395453,-0.029702052,-0.06589675,0.078530684,0.1229119,-0.030940063,-0.026032642,0.0849874,-0.046637118,-0.059946798,0.026140671,0.009014692,0.043239363,-0.012475975,-0.010097198,-0.063775934,0.050333664,PkC_cs,PkC_cs
-0.02486366,0.018383108,-0.06228815,0.04475598,0.027560454,-0.0046901945,-0.045533113,-0.060635664,-0.041603908,-0.028498434,-0.0028799027,0.00808163,0.031096242,0.04367376,-0.016694076,-0.05506061,0.115422696,0.11016555,-0.06235126,-0.0005469471,0.06637159,-0.052854456,-0.053613976,-0.004198677,0.0026568547,0.04536905,-0.05449269,-0.030501857,-0.03684106,0.028039858,PkC_ss,PkC_ss
-0.024041608,0.020247266,-0.06020336,0.042162746,0.0277141,-0.011133496,-0.04150168,-0.06674817,-0.042236432,-0.030914627,0.0024242178,0.001909703,0.037453536,0.045868874,-0.011262648,-0.055195756,0.12147775,0.11141061,-0.066057004,-0.006093189,0.06763406,-0.05883288,-0.04925458,-0.003129798,-0.0052311122,0.04669559,-0.056208216,-0.033288762,-0.02711571,0.03011933,PkC_ss,PkC_ss
-0.023946673,0.0448476,-0.017265454,0.021938011,0.017653637,-0.058164615,-0.03918834,-0.0944085,-0.031078309,-0.033689685,-0.021773875,-0.023939654,0.047113575,0.043647125,0.014560521,-0.042531442,0.170829,0.119691476,-0.04829806,-0.06437589,0.052023128,-0.07234135,-0.02157335,0.025336184,-0.022419889,0.018529095,-0.037745558,-0.03512402,-0.0051489472,0.033844873,MLI,MLI
-0.013238043,-9.249151e-05,-0.060324803,0.063301176,0.022382915,-0.00019302405,-0.016766936,-0.0384104,-0.011933088,-0.05445703,0.023558572,0.024415389,0.019466333,0.0076506436,-0.019374005,-0.057599552,0.0917619,0.1253806,-0.033925667,-0.033680275,0.08353583,-0.04474613,-0.05587133,0.018182348,0.013330748,0.05422853,-0.010680079,-0.011207268,-0.057136532,0.0440813,PkC_cs,PkC_cs
-0.029061139,0.004245393,-0.071439415,0.06298011,0.021252703,0.009992686,-0.018172398,-0.04875899,-0.008984603,-0.050991006,0.026219435,0.026400272,0.027526077,0.0119009465,-0.013522953,-0.0629636,0.09743936,0.11235511,-0.040844746,-0.025628626,0.09222229,-0.061189648,-0.062425874,0.016995529,0.0123979,0.05292047,-0.022367388,-0.010672122,-0.060115647,0.04863426,PkC_cs,PkC_cs
-0.014132559,0.008830033,-0.04991573,0.054133967,0.011733662,0.0024033235,-0.018737718,-0.06512188,-0.01975444,-0.04449699,0.011853196,0.017322317,0.012451215,0.01717332,-0.049526315,-0.05491437,0.09203822,0.119919345,-0.042514287,-0.009087071,0.076264314,-0.038790107,-0.062451147,0.010760251,-0.003488209,0.05788887,-0.014410615,-0.02203285,-0.060490362,0.03842012,PkC_ss,PkC_ss
-0.03310305,-0.010997906,-0.06931157,0.057803884,0.008302428,0.006662191,-0.020108372,-0.06743853,-0.012110792,-0.047999077,0.017919898,0.028907962,0.014100403,0.032690942,-0.028102875,-0.05462676,0.09514922,0.11483017,-0.044837885,-0.0013531148,0.071290776,-0.04130093,-0.07146761,0.013111919,0.0004765913,0.058214862,-0.019547902,-0.022679716,-0.05485459,0.03872972,PkC_ss,PkC_ss
-0.018230245,-0.009713277,-0.061493635,0.045217164,0.012118477,0.0020289877,-0.008451894,-0.061154865,-0.011376932,-0.06659051,0.037557162,0.018937275,0.026877701,0.016490936,-0.035046585,-0.044020608,0.08140037,0.118359566,-0.028784022,-0.027858138,0.09834403,-0.04488273,-0.07014695,0.01387378,-0.013523113,0.048653774,-0.013151288,-0.013019323,-0.060064115,0.048095502,PkC_ss,PkC_ss
-0.021117121,0.013831429,-0.037059627,0.016218051,0.037092935,-0.049179144,-0.033453748,-0.07269435,-0.049089007,-0.03900654,-0.0030044168,-0.021186374,0.04257493,0.06731998,0.0018821731,-0.042282782,0.14920366,0.1295683,-0.07310182,-0.03386952,0.061986506,-0.06982055,-0.039347336,0.013647933,-0.022939187,0.028696321,-0.05667781,-0.028343886,-0.0029754639,0.019412816,PkC_ss,PkC_ss
-0.014601767,-0.0046132803,-0.060357288,0.05671984,0.037301395,0.0011043726,-0.015701458,-0.03405156,-0.0097364485,-0.06459626,0.030171536,0.020542637,0.022057332,0.0023327023,-0.029636107,-0.05348519,0.080515385,0.11728076,-0.026316606,-0.014809594,0.096668765,-0.057536233,-0.0644896,0.015660202,0.0068024658,0.028765589,-0.02069486,-0.00618048,-0.05794753,0.050032824,PkC_cs,PkC_cs
-0.023749426,-0.019142032,-0.064804755,0.054734543,0.027664095,-0.008165613,-0.01993078,-0.06458615,-0.010557264,-0.03814259,-0.008314699,0.024450764,0.013138556,0.010265917,-0.04213351,-0.055379957,0.0791536,0.12954833,-0.026870094,-0.0027546138,0.056254752,-0.029527716,-0.07050395,0.021999173,0.013339177,0.043328956,-0.0038781986,-0.008279875,-0.05576607,0.03200295,MFB,MFB
-0.04289049,0.0769877,0.06259331,-0.05095598,0.032218166,-0.2066435,-0.06407664,-0.10768818,-0.057597954,-0.027733847,-0.05079274,-0.08167011,0.07148192,0.15654784,0.07418952,-0.048110716,0.27785534,0.16040635,-0.13260397,-0.10281709,-0.02496655,-0.11390871,0.047039285,0.049059585,-0.08638862,-0.024083607,-0.061463438,-0.07680687,0.10169395,-0.003134437,MLI,MLI
-0.020023435,0.016998746,-0.06617002,0.04231502,0.03351789,-0.0070027346,-0.023696885,-0.060587794,-0.039843336,-0.031856745,0.014827311,0.0011054203,0.030715078,0.014171243,-0.022107422,-0.06619467,0.10093723,0.11988817,-0.052588888,-0.025262415,0.09947047,-0.06804429,-0.045671992,0.003713442,-0.010263141,0.045115188,-0.036404543,-0.019453712,-0.049401473,0.039683953,PkC_ss,PkC_ss
-0.013222858,0.020519793,-0.05305639,0.033600643,0.046100013,-0.013251104,-0.034898102,-0.061608948,-0.03724499,-0.04463134,-0.0024422035,-0.0013100654,0.028860271,0.021763623,-0.033080786,-0.04954107,0.1017444,0.12748848,-0.04718428,-0.026786342,0.091347724,-0.054013465,-0.04487492,0.0135382805,-0.0014260039,0.030276857,-0.038704835,-0.016657427,-0.04196537,0.032059446,PkC_ss,PkC_ss
-0.01589492,0.019717492,-0.061580293,0.046513423,0.04024445,0.0018224502,-0.031007856,-0.067616835,-0.03925246,-0.043259755,0.008736461,-0.002797842,0.028726377,0.008654833,-0.031599194,-0.054329935,0.09961619,0.12273961,-0.044499964,-0.02057071,0.09405163,-0.060456775,-0.048895143,0.0029069446,-0.011825915,0.03911998,-0.038212813,-0.02035661,-0.04545559,0.036740907,PkC_ss,PkC_ss
-0.020638585,0.0059046,-0.029620811,0.0011685938,0.023297574,-0.057755515,-0.04282777,-0.09495075,-0.038868085,-0.029330552,-0.042168647,-0.01740098,0.02789843,0.07704542,-0.012139179,-0.027805243,0.15309149,0.13140993,-0.06816025,-0.0197732,0.029949728,-0.044348504,-0.041580364,0.011185681,-0.03719965,0.012444392,-0.040491097,-0.043900758,-0.0046247244,0.009678684,MLI,MLI
-0.031970814,0.034743965,-0.03128685,0.0100554675,0.03991264,-0.05304104,-0.03714001,-0.067358114,-0.040969007,-0.03794074,-0.014219582,-0.019513078,0.044873256,0.04697693,-0.01505658,-0.047350094,0.13788044,0.12693387,-0.05680535,-0.041506007,0.06847332,-0.0805168,-0.031823024,0.012200993,-0.032972302,0.0152153745,-0.039349265,-0.025574826,-0.019479826,0.024142876,PkC_ss,PkC_ss
-0.018929034,0.0018877983,-0.07084937,0.056316376,0.021706384,0.0012908531,-0.01505594,-0.039206408,-0.011093952,-0.062423132,0.040710844,0.02785334,0.03727673,0.00974454,-0.0066806674,-0.060904153,0.0890178,0.11938308,-0.03927774,-0.03101556,0.093745336,-0.05953631,-0.056623213,0.0125561,0.0014893189,0.05567185,-0.019066483,-0.011333853,-0.052546777,0.05098605,PkC_cs,PkC_cs
-0.015152067,-0.014259264,-0.058687977,0.05459346,0.019285966,-0.006203373,-0.014791325,-0.06018711,-0.021305524,-0.027813911,0.011548489,0.018500865,0.017502224,0.0063578933,-0.038114127,-0.064528935,0.07513487,0.12368834,-0.040372632,-0.011112228,0.07776423,-0.03565136,-0.05710736,0.018731005,0.005018238,0.05280164,-0.0196575,-0.018046856,-0.06345806,0.042472273,PkC_ss,PkC_ss
-0.011382937,0.003162101,-0.06665558,0.05362852,0.034356426,0.010648443,-0.019873306,-0.043193184,-0.033123195,-0.039728366,0.01712995,0.015568182,0.030029427,0.008948132,-0.040562585,-0.05384602,0.067662254,0.11551657,-0.03410983,-0.01265949,0.09207265,-0.048255846,-0.05779423,-0.0056335926,-0.002446536,0.05003959,-0.027217299,-0.006922044,-0.05027967,0.03579413,PkC_ss,PkC_ss
-0.022609457,0.015807867,-0.06564288,0.057786092,0.029469032,0.017672114,-0.030473664,-0.06206053,-0.03289959,-0.041606195,0.006337486,0.0105580315,0.022475418,0.005399063,-0.035308667,-0.063663304,0.10111392,0.112120725,-0.048073083,-0.0044533014,0.08890524,-0.058696378,-0.05842375,0.005849475,0.010778213,0.058255546,-0.04211157,-0.017860144,-0.063925534,0.037868023,PkC_ss,PkC_ss
-0.02235964,0.015743062,-0.071718566,0.054877914,0.023798116,0.016356658,-0.010316208,-0.052659098,-0.01984962,-0.047705226,0.016335651,0.02344352,0.0353725,0.0014913827,-0.03387916,-0.04935448,0.08126551,0.1123486,-0.026378348,-0.029896513,0.09518083,-0.054589868,-0.0616879,0.002820043,-0.017030321,0.05343334,-0.010968171,-0.0020026565,-0.065788016,0.04357682,MLI,MLI
-0.019288123,0.013907403,-0.029885843,0.025216818,0.033096034,-0.0593914,-0.02888316,-0.06817674,-0.045999035,-0.028616212,-0.0011113063,-0.022969596,0.047549486,0.06290876,0.009444736,-0.056861855,0.15033019,0.13099264,-0.07896018,-0.037123546,0.052423365,-0.07409744,-0.024403498,0.0181805,-0.024611253,0.03692422,-0.05526703,-0.030332372,0.00022458285,0.020348422,PkC_ss,PkC_ss
-0.0161473,0.0058220923,-0.07202133,0.058733188,0.027431238,0.0044684773,-0.01568167,-0.043375175,-0.008950338,-0.07100744,0.035617337,0.022836797,0.03485528,0.0006763637,-0.015261866,-0.04876007,0.087142915,0.12095146,-0.02789016,-0.026294231,0.09766483,-0.05920603,-0.06627229,0.014319221,-0.00228462,0.04187613,-0.015755951,-0.0051938817,-0.056909557,0.05148849,PkC_cs,PkC_cs
-0.016050845,-0.005670592,-0.07511192,0.048486724,0.026268687,0.002179836,-0.018485442,-0.048572425,-0.013037853,-0.070555374,0.028382897,0.028796818,0.028394504,0.006367892,-0.021744281,-0.052861635,0.08766779,0.12608398,-0.029703707,-0.028945938,0.10137765,-0.057231583,-0.06602562,0.016391471,0.008827943,0.047488354,-0.015037835,-0.007192917,-0.06272192,0.0517603,PkC_cs,PkC_cs
-0.026191652,0.0055988356,-0.06379609,0.060560018,0.01537982,0.011121509,-0.0045802444,-0.045970857,-0.014057174,-0.047932297,0.040163092,0.0248487,0.034742896,0.00028528273,-0.020421512,-0.058207136,0.08086817,0.113240525,-0.035260938,-0.031126931,0.098776,-0.061537806,-0.058223516,0.009268571,-0.020972393,0.052882746,-0.016206078,-0.013947129,-0.060145993,0.05155559,MFB,MFB
-0.02827306,0.020595506,-0.06167081,0.05186046,0.03042657,-0.011667603,-0.03701695,-0.06814628,-0.042141914,-0.022959903,-0.0057346746,0.0021727383,0.027916752,0.032901213,-0.023398109,-0.065636575,0.11773207,0.110289596,-0.065680474,-0.0053264946,0.073970154,-0.058847416,-0.043355167,0.004383277,-0.0021886155,0.045549624,-0.05689288,-0.030815244,-0.044506773,0.034041613,PkC_ss,PkC_ss
-0.027640507,0.015177295,-0.03853219,0.035656095,0.026613731,-0.04203437,-0.033485547,-0.06903041,-0.047539905,-0.028258182,-0.0044870228,-0.018724613,0.040303823,0.05561953,-0.0036260113,-0.06338441,0.14970656,0.122465625,-0.07840155,-0.019303411,0.05337315,-0.08035256,-0.038929224,0.008722967,-0.017915081,0.04287578,-0.060750984,-0.03351903,-0.016647533,0.023654044,PkC_ss,PkC_ss
-0.03350666,0.00685557,-0.07421426,0.06642892,0.009402659,0.013297946,-0.035851434,-0.07634729,-0.021048285,-0.034242675,-0.009475462,0.028548513,0.011621078,0.026639834,-0.041255247,-0.062083542,0.102760166,0.10526928,-0.04469548,0.009965114,0.064708725,-0.03587983,-0.063546464,0.0030631013,0.0056006014,0.059340138,-0.028725713,-0.028418332,-0.06627699,0.039914295,PkC_ss,PkC_ss
-0.027610108,0.009286784,-0.07301942,0.060657196,0.019318894,0.011158022,-0.03492689,-0.07793239,-0.028617807,-0.033265382,-0.007853121,0.0191295,0.010612421,0.021262705,-0.044806004,-0.062400788,0.10051691,0.11011948,-0.04684508,0.008871578,0.07455691,-0.037016425,-0.062703006,0.00514804,0.010802861,0.056956567,-0.03190834,-0.025558956,-0.06503907,0.038250573,PkC_ss,PkC_ss
-0.0067327768,0.010854274,-0.021825746,0.012946039,0.044455066,-0.06083144,-0.030618563,-0.07028976,-0.046247497,-0.026260868,-0.010522202,-0.027252115,0.03526938,0.049044468,-0.01962883,-0.04900156,0.13691768,0.13326432,-0.06450424,-0.018724084,0.06105765,-0.066803925,-0.032988146,0.018614393,-0.024223741,0.012967482,-0.051968165,-0.030586094,-0.010248944,0.023023538,PkC_ss,PkC_ss
-0.020998135,0.0070730373,-0.04877673,0.034380324,0.032849252,-0.014795468,-0.026823387,-0.074728355,-0.043413192,-0.03295639,-0.009890951,-0.0055514723,0.018933138,0.043211624,-0.032786414,-0.04645164,0.11427309,0.12116642,-0.05700911,-0.020514444,0.073008016,-0.058165025,-0.0493251,0.0075435303,-0.01839602,0.037163593,-0.041776113,-0.021732539,-0.037010662,0.020581685,PkC_ss,PkC_ss
-0.0067441016,0.005717188,-0.057221994,0.047106773,0.040603288,-0.0030971868,-0.03464733,-0.056293704,-0.0331802,-0.042380087,0.0069155544,0.010439202,0.010404443,0.0069268644,-0.049783174,-0.062440373,0.08029601,0.12671646,-0.039611474,-0.015957579,0.092501685,-0.042801574,-0.049291193,0.011083946,0.01461773,0.040283218,-0.03321577,-0.02012954,-0.06112674,0.03988178,PkC_ss,PkC_ss
-0.018900856,-0.0026770532,-0.058842495,0.0494944,0.023291856,0.009469188,-0.015978828,-0.051469743,-0.006518908,-0.060842663,0.029737413,0.024628848,0.02495265,0.009048238,-0.032612897,-0.048407294,0.07931731,0.12196618,-0.026168063,-0.026573032,0.09100632,-0.045945577,-0.06615075,0.019015282,0.0019388534,0.045770712,-0.0151710585,-0.009421885,-0.05715421,0.04286895,PkC_ss,PkC_ss
-0.022098303,-0.01328516,-0.06565063,0.046154633,0.0102457665,0.005723498,-0.0065958053,-0.065254875,-0.014100291,-0.061909035,0.035449587,0.021921016,0.02582914,0.020616233,-0.034153894,-0.045091193,0.08645916,0.11623503,-0.03184057,-0.023578048,0.09611797,-0.049358793,-0.06821727,0.008879708,-0.010725591,0.05713529,-0.015101746,-0.015261494,-0.057395622,0.045266084,PkC_ss,PkC_ss
-0.018195346,0.009287946,-0.070396855,0.055284806,0.020372901,0.000312577,-0.01601635,-0.039613795,-0.011676796,-0.061833195,0.040190034,0.027269725,0.03616786,0.008702919,-0.0071953684,-0.06191182,0.09325661,0.11726259,-0.03938742,-0.031637818,0.09892446,-0.065120764,-0.056510605,0.012656635,0.0008052215,0.052353255,-0.02069822,-0.013042279,-0.055705633,0.054308556,PkC_cs,PkC_cs
-0.03203039,0.036006853,-0.009116784,0.008504376,0.033335377,-0.08098406,-0.044301458,-0.0792544,-0.05467082,-0.031870797,-0.023973633,-0.04143036,0.054471217,0.07703181,0.014671788,-0.05198519,0.19380978,0.13032562,-0.08361617,-0.047330216,0.03306182,-0.0904343,-0.020050928,0.016892975,-0.034056503,0.020276025,-0.07155112,-0.049709335,0.016089812,0.018307082,PkC_ss,PkC_ss
-0.009455547,-0.00055748224,-0.05543769,0.047867052,0.022715893,-0.0064255483,-0.018573925,-0.057155557,-0.018615283,-0.052118845,0.013696104,0.023092888,0.016413923,0.011602819,-0.0533045,-0.05306729,0.077217385,0.120363526,-0.026202977,-0.020136073,0.092757106,-0.039124876,-0.05724632,0.013748223,-0.0010305159,0.03896258,-0.016049959,-0.015696421,-0.06749119,0.05077993,PkC_ss,PkC_ss
-0.045920283,-0.0034709722,-0.07557757,0.061098173,0.00043741614,0.011361306,-0.028141215,-0.07846507,-0.010677673,-0.038213335,0.004860401,0.02509243,0.013483781,0.037449457,-0.03332968,-0.059633665,0.10897916,0.10218139,-0.042268567,0.00046508014,0.06490627,-0.045486003,-0.07104463,0.0019715112,-0.003811743,0.0621775,-0.018634945,-0.028981283,-0.06353398,0.039530054,PkC_ss,PkC_ss
-0.016207457,-0.0012181401,-0.05896476,0.060974486,0.02531204,0.0019194307,-0.017773315,-0.038328934,-0.012194879,-0.052323446,0.026062451,0.02387987,0.021308942,0.010388747,-0.018429935,-0.057890426,0.091100104,0.1255794,-0.034340896,-0.034504622,0.08269259,-0.04627625,-0.05400744,0.01661331,0.011532003,0.053237475,-0.012641855,-0.012952574,-0.053470355,0.042943083,PkC_cs,PkC_cs
-0.022413313,-0.014797777,-0.07001604,0.06499618,0.015051287,0.0006995974,-0.014957294,-0.046805255,-0.008966617,-0.061716557,0.026456378,0.035886407,0.020154089,0.025850922,-0.019303307,-0.05434484,0.08724509,0.11553961,-0.041156806,-0.020432979,0.08254591,-0.052571915,-0.061397493,0.0146245845,0.0046524853,0.05349183,-0.021213748,-0.013893098,-0.054809123,0.048539504,PkC_cs,PkC_cs
-0.016656965,0.008351803,-0.06914597,0.04807765,0.034288507,0.012997343,-0.023442164,-0.06628333,-0.035720862,-0.043471597,0.007474318,0.015740775,0.017142098,0.007579297,-0.044144504,-0.060289536,0.093588024,0.117864415,-0.04272724,-0.012003213,0.10425842,-0.05273633,-0.05251594,0.006958373,0.009960007,0.050034136,-0.036763996,-0.018218413,-0.06664584,0.04302939,PkC_ss,PkC_ss
-0.018008739,-0.0050189197,-0.06251414,0.060135797,0.023814652,-0.004135547,-0.016128734,-0.04472385,-0.013217516,-0.04940053,0.026801795,0.024989702,0.030764509,0.0047207177,-0.016687073,-0.06197737,0.08222473,0.123014316,-0.03828924,-0.01840651,0.08270622,-0.04910881,-0.056372963,0.018299084,0.005399868,0.04925716,-0.01683215,-0.014142767,-0.0528043,0.04889933,PkC_cs,PkC_cs
-0.011313468,-0.004294306,-0.05865372,0.052229732,0.018277701,-0.00471781,-0.016197339,-0.057391144,-0.01025524,-0.058332995,0.013399377,0.025788173,0.017013941,0.013945162,-0.04451444,-0.05020383,0.08451892,0.12090056,-0.02725704,-0.022875875,0.09074829,-0.044187963,-0.059089966,0.020564843,0.00024704263,0.046155438,-0.014693484,-0.011670098,-0.06264995,0.047552556,MFB,MFB
-0.013819754,-0.00042900443,-0.054239362,0.04141864,0.016070649,-0.00085337553,-0.013636753,-0.059316084,-0.017944954,-0.05371619,0.025568642,0.0148644075,0.023160513,0.015239,-0.040980656,-0.048322752,0.086649165,0.12421358,-0.027853392,-0.027831927,0.089301124,-0.037169803,-0.06410927,0.013787542,-0.0071638785,0.054454613,-0.009450227,-0.015912458,-0.058625635,0.041027725,PkC_ss,PkC_ss
-0.01715295,0.0014408231,-0.07239203,0.06500467,0.025369674,0.0038062697,-0.009891897,-0.056907512,-0.020739421,-0.046129778,0.011362068,0.023199111,0.009368725,0.0077794343,-0.04994927,-0.059087537,0.086609066,0.11313069,-0.031808197,-0.021876186,0.10577692,-0.050456807,-0.060988583,0.017612748,0.0050364695,0.04935588,-0.018075414,-0.001916945,-0.08220476,0.05053255,MFB,MFB
-0.022984087,0.012431912,-0.07317117,0.06095457,0.014372688,0.013288899,-0.019058704,-0.058517195,-0.025886066,-0.047432117,0.0169648,0.023549892,0.030809063,0.016026229,-0.030380368,-0.056505464,0.092365496,0.10740419,-0.03994304,-0.013863951,0.08806917,-0.056237806,-0.060963012,-0.0026803454,-0.011599492,0.060158674,-0.027981102,-0.017987706,-0.05938175,0.046836615,PkC_ss,PkC_ss
-0.019941255,0.0055537224,-0.06961277,0.050161347,0.0321539,0.0010578157,-0.023611888,-0.042157646,-0.0099193305,-0.07308861,0.03576283,0.021802023,0.030560762,0.004979804,-0.020805225,-0.051946826,0.08431125,0.12152116,-0.025814317,-0.030278802,0.10158449,-0.058736943,-0.06419897,0.014697064,0.005734101,0.039392352,-0.015866049,-0.0073256195,-0.057786513,0.05062458,PkC_cs,PkC_cs
-0.018846393,-0.005462408,-0.0540682,0.04949739,0.022176445,0.0011462094,-0.0068677664,-0.052235298,-0.010431215,-0.056311704,0.03708648,0.021740012,0.030203532,0.003710866,-0.024741597,-0.055421606,0.07787983,0.120591104,-0.034073204,-0.019858599,0.0949503,-0.05358959,-0.05856607,0.02016949,-0.0043475665,0.04299327,-0.018072434,-0.014141113,-0.050673023,0.04868666,PkC_ss,PkC_ss
-0.031555682,0.0065994263,-0.055691443,0.04509446,0.02200276,-0.023377785,-0.040761225,-0.08248393,-0.046592258,-0.023483112,-0.013660021,-0.0053591356,0.022240734,0.05725743,-0.020101078,-0.06100162,0.13218161,0.11779399,-0.07610959,0.005458012,0.047589675,-0.054640204,-0.050669827,0.0038550552,-0.004563626,0.053020418,-0.058244444,-0.04033397,-0.026551485,0.02182123,PkC_ss,PkC_ss
-0.024490729,0.013478905,-0.06597365,0.04665134,0.024935301,-0.0051951297,-0.039781608,-0.06355588,-0.0426381,-0.031800665,0.0047577396,0.0068501458,0.032282785,0.03930735,-0.01999642,-0.06218935,0.11269148,0.11309703,-0.066629216,0.00459674,0.06530676,-0.05796619,-0.05448565,-0.0074781515,-0.0011039972,0.05703436,-0.05447685,-0.03583525,-0.035180688,0.030838937,PkC_ss,PkC_ss
-0.02885592,0.0021471232,-0.07358239,0.059804767,0.017261628,0.008030138,-0.02447784,-0.048667993,-0.012507379,-0.05802629,0.021869123,0.028717585,0.02776191,0.021506414,-0.01113043,-0.05738011,0.10266094,0.11272291,-0.04544758,-0.014843509,0.08172116,-0.058168802,-0.065708295,0.011920299,0.008538064,0.056544136,-0.028283209,-0.017638616,-0.05639391,0.04562659,PkC_cs,PkC_cs
-0.048612118,0.036585703,-0.004822746,0.006756261,0.019925058,-0.105975814,-0.046175413,-0.08015904,-0.04016015,-0.016703919,-0.04831011,-0.03184683,0.041694842,0.10722351,0.007009566,-0.049369965,0.19664723,0.13196215,-0.09404835,-0.037159264,0.009678956,-0.07514832,-0.023131683,0.030489907,-0.050783414,0.00867258,-0.04648661,-0.048363224,0.0066331998,0.011297427,MLI,MLI
-0.020628244,0.0021458417,-0.059709877,0.050697677,0.03401831,-0.030080765,-0.035714768,-0.07025131,-0.04112096,-0.01715789,-0.013956338,0.0008238107,0.019736009,0.032432094,-0.02877678,-0.05794041,0.09819003,0.12495685,-0.060047656,-0.008811533,0.069086626,-0.037342153,-0.04405968,0.016954402,0.0025687143,0.035366222,-0.04077869,-0.022502795,-0.044868913,0.029020108,PkC_ss,PkC_ss
-0.028343365,-0.008525208,-0.06582584,0.063099675,0.008898936,0.011690895,-0.013535142,-0.059934936,-0.00940308,-0.054518446,0.026826777,0.0276657,0.023381446,0.022422671,-0.02792354,-0.051690023,0.089554645,0.1121649,-0.037235983,-0.013820365,0.082430065,-0.05058141,-0.06617331,0.008864794,-0.008647259,0.056707706,-0.015686885,-0.017518938,-0.054463744,0.044350326,PkC_ss,PkC_ss
-0.022394404,0.005098872,-0.0692277,0.06131739,0.0294654,0.0018619774,-0.019087866,-0.03738615,-0.014475197,-0.070909046,0.038401395,0.02260907,0.028375763,0.005156234,-0.020832017,-0.061507523,0.08678652,0.121502176,-0.031735025,-0.026104435,0.097502336,-0.0648712,-0.06691836,0.013944456,0.009554636,0.048617207,-0.017034762,-0.004903771,-0.057796735,0.050261237,PkC_cs,PkC_cs
-0.01935698,-0.0099719465,-0.07229148,0.05695396,0.022453632,0.004638425,-0.019911632,-0.045306146,-0.008300945,-0.06818944,0.024598196,0.032907892,0.023771198,0.01888378,-0.025659047,-0.054381073,0.08775062,0.12146795,-0.032162607,-0.015371442,0.08442024,-0.05287257,-0.06526896,0.009614244,0.006501805,0.048505276,-0.0153124705,-0.018325426,-0.05519157,0.050722525,PkC_cs,PkC_cs
-0.026322156,0.004513778,-0.06391978,0.058185034,0.015969526,0.012052904,-0.018603161,-0.050543025,-0.011927843,-0.059657224,0.029419623,0.024610355,0.029642347,0.010599524,-0.020322323,-0.054273143,0.09161202,0.11494437,-0.035279974,-0.01373221,0.088333264,-0.058915716,-0.069602996,0.012975741,0.0057150237,0.052770615,-0.02061019,-0.009916715,-0.055472318,0.042907,PkC_ss,PkC_ss
-0.030060485,0.050501518,-0.027059823,0.0077733696,0.036868837,-0.063819215,-0.035157323,-0.06191434,-0.041429855,-0.023987018,-0.021220338,-0.030088551,0.05114823,0.053040236,0.0051775575,-0.045245953,0.15250075,0.1255771,-0.064826004,-0.051451385,0.055001408,-0.07576287,-0.02726978,0.016939381,-0.044404868,0.017011404,-0.036263883,-0.02520828,-0.013557471,0.01944524,MFB,MFB
-0.010989949,-0.010154977,-0.069291666,0.046551593,0.023173992,0.010832333,-0.018518254,-0.052468527,-0.0036945716,-0.064831845,0.016396575,0.03561024,0.014533672,0.01865691,-0.028958574,-0.043221064,0.08295492,0.12547787,-0.033231907,-0.021814346,0.08903507,-0.038600914,-0.07170413,0.021947376,0.017489666,0.044804744,-0.010890476,-0.008352555,-0.061434556,0.041570492,PkC_cs,PkC_cs
-0.024627551,-0.00017939508,-0.065105766,0.04823438,0.022142857,0.015925556,-0.015230909,-0.054354005,-0.0034034252,-0.06225826,0.021296367,0.034774616,0.011993468,0.019461572,-0.03180872,-0.050311767,0.091195576,0.120079845,-0.03490018,-0.024912551,0.090809874,-0.04853356,-0.06487008,0.017087046,0.0076276213,0.0469245,-0.008521311,-0.013836406,-0.06276961,0.04059746,PkC_cs,PkC_cs
-0.016586468,0.016784616,-0.067045905,0.053597875,0.035216127,0.011692702,-0.0300439,-0.067810334,-0.04138352,-0.043853536,0.009782776,0.004882075,0.026724579,0.011770174,-0.034952924,-0.0619901,0.09996545,0.11575842,-0.054273658,-0.0075693727,0.096082374,-0.064650744,-0.051395647,0.00032591354,0.0030749552,0.055286452,-0.047585316,-0.021232247,-0.051140875,0.03918414,PkC_ss,PkC_ss
-0.034205556,0.04822032,0.04495877,-0.039425,0.031824253,-0.17682117,-0.0522284,-0.090702906,-0.051386982,-0.03837549,-0.044944182,-0.07462714,0.062196426,0.14920786,0.060494505,-0.038372733,0.26248187,0.15876243,-0.12331618,-0.08751218,-0.014485568,-0.10585904,0.014440298,0.053386852,-0.06849782,-0.0034246147,-0.05880568,-0.05424562,0.07475578,-0.008882672,MLI,MLI
-0.033033982,-0.011548802,-0.069979765,0.066017255,0.0010126382,0.0068358975,-0.024402425,-0.06815401,-0.003786713,-0.053904332,0.013764843,0.033094637,0.017142948,0.03201501,-0.025394388,-0.05194512,0.09328283,0.111667745,-0.04124306,7.367134e-05,0.064262405,-0.043513447,-0.071212776,0.011110671,-0.0011082664,0.057658058,-0.015467659,-0.022374563,-0.051685095,0.040715612,PkC_ss,PkC_ss
-0.025010869,0.003992811,-0.061941333,0.05146674,0.017553285,0.016926587,-0.014826506,-0.050039027,-0.013979502,-0.06329853,0.03580355,0.022095151,0.03218324,0.008804455,-0.025975816,-0.052667018,0.09041263,0.11576094,-0.033098303,-0.0183004,0.09535686,-0.061437894,-0.071189344,0.010503452,-0.00070381165,0.0545772,-0.021948084,-0.010650009,-0.0587165,0.043994844,PkC_ss,PkC_ss
-0.031705186,-0.011507899,-0.0813793,0.07183884,0.015974272,0.0026094439,-0.01947835,-0.061884653,-0.024235383,-0.046725646,0.0009870455,0.035019163,0.0171829,0.047020406,-0.031835683,-0.042172097,0.07934271,0.10622944,-0.039534785,-0.0065288693,0.07031854,-0.033319693,-0.0697994,0.0024212934,-0.009425659,0.049453296,-0.01612337,-0.008331686,-0.05058347,0.03948222,PkC_ss,PkC_ss
-0.01779379,-0.011955142,-0.067655966,0.07159082,0.025336895,-0.0020987727,-0.013198987,-0.04311882,-0.013308078,-0.049381606,0.02686821,0.028076325,0.022284158,0.011298433,-0.0133531615,-0.05932567,0.077368766,0.1215657,-0.047308117,-0.022253186,0.08436409,-0.04768469,-0.057256356,0.021971416,0.010187725,0.052450143,-0.018502064,-0.005610168,-0.052310146,0.04553578,PkC_cs,PkC_cs
-0.018739417,0.0064700916,-0.062425464,0.056278557,0.021864899,0.0023811823,-0.021729022,-0.045493133,-0.0062696785,-0.06396476,0.02834861,0.033018123,0.027775887,0.009621218,-0.018666588,-0.057065576,0.08939959,0.12218796,-0.03531667,-0.02612932,0.08925429,-0.053630687,-0.058896296,0.021819435,0.007507723,0.046849534,-0.01826924,-0.012623511,-0.05624651,0.049284607,PkC_cs,PkC_cs
-0.07846586,0.092277706,0.14361869,-0.0707515,0.008144014,-0.3423297,-0.070056766,-0.15766135,-0.038806766,-0.08805449,-0.039859958,-0.13382965,0.06822921,0.24237067,0.12561408,-0.04112845,0.38193578,0.18456778,-0.17403567,-0.17601493,-0.082270026,-0.1722748,0.10383718,0.08058739,-0.15774459,-0.05819925,-0.030407555,-0.120214134,0.19775623,-0.0011025593,MLI,MLI
-0.014910787,-0.00091063976,-0.0680255,0.06295863,0.019198757,-0.0027611423,-0.01747021,-0.057354104,-0.016849257,-0.03492762,0.002002202,0.032726265,0.013913396,0.0066016316,-0.032436498,-0.06328346,0.08082416,0.12007913,-0.043512262,-0.007293701,0.08301081,-0.038827434,-0.05812925,0.025544994,0.019530298,0.051615663,-0.01828628,-0.008117683,-0.07040431,0.045150734,PkC_ss,PkC_ss
-0.020319939,0.002076164,-0.066504054,0.055138685,0.022076868,0.008482649,-0.014500082,-0.051623546,-0.013907082,-0.06625899,0.038855344,0.020878196,0.026381526,0.008896962,-0.022994533,-0.050028395,0.07931302,0.11825663,-0.027363792,-0.029429004,0.102699876,-0.058204412,-0.06941151,0.0154409055,0.0005508512,0.04818231,-0.014551535,-0.0060053244,-0.053417563,0.04863874,PkC_ss,PkC_ss
-0.020690486,0.00092571974,-0.06364599,0.05165807,0.018953253,0.017384145,-0.010493085,-0.054145444,-0.011162743,-0.068758875,0.045244344,0.019666843,0.033286534,0.003631875,-0.02394212,-0.046944696,0.08258998,0.11918362,-0.027653106,-0.028297573,0.09870142,-0.058814753,-0.06839674,0.0070232637,-0.014108989,0.0528457,-0.013166279,-0.010669492,-0.050974328,0.045131095,PkC_ss,PkC_ss
-0.023746222,0.0014164448,-0.069123045,0.06109479,0.025851056,0.0063382117,-0.021567166,-0.039752983,-0.009111136,-0.06046471,0.036609694,0.025132746,0.031095546,0.0028025508,-0.021905527,-0.06282316,0.083683535,0.11700767,-0.030240543,-0.024805486,0.095656976,-0.064524285,-0.060524516,0.008487031,0.0032653324,0.046868518,-0.01916562,-0.013116777,-0.057389695,0.052480377,PkC_cs,PkC_cs
-0.02580364,0.003081143,-0.06837527,0.05475957,0.026515119,0.0008095028,-0.020695373,-0.04859898,-0.007838845,-0.05431941,0.02842521,0.031032503,0.029659433,0.007926226,-0.015057273,-0.06477607,0.08904781,0.118244186,-0.034972884,-0.02364093,0.09054227,-0.0574525,-0.055983737,0.01799266,0.013730364,0.042963326,-0.019638903,-0.009088822,-0.05677429,0.048892632,PkC_cs,PkC_cs
-0.015416205,0.0009172857,-0.06334256,0.06550914,0.021939158,0.007441654,-0.018247575,-0.041272692,-0.010015637,-0.056110293,0.024283186,0.030770428,0.01808688,0.011566326,-0.01702664,-0.055881135,0.09064759,0.12397814,-0.041764706,-0.025691032,0.08113827,-0.044193596,-0.05622267,0.016615948,0.013129281,0.055131055,-0.014133409,-0.012200683,-0.05594602,0.042683594,PkC_cs,PkC_cs
-0.002298072,0.003807649,-0.0739396,0.07198394,0.027297728,-0.015217234,-0.035196245,-0.050821543,-0.036455788,-0.013607375,-0.031135492,0.035809338,0.005918322,0.016470104,-0.05138039,-0.06751673,0.075371616,0.11889524,-0.053894944,0.017809488,0.06272873,-0.021959826,-0.051374227,0.0129601825,0.034788735,0.043121316,-0.045132987,-0.013211459,-0.0765894,0.03647066,MFB,MFB
-0.016981184,0.018803,-0.062057905,0.046906315,0.039146032,0.012170908,-0.032955542,-0.06475184,-0.04116942,-0.04393159,0.006340526,0.0049810708,0.026859242,0.004311934,-0.040577214,-0.062412705,0.09875491,0.120001584,-0.04507374,-0.010867134,0.09759444,-0.0614591,-0.053012617,0.0031022802,0.0064891614,0.04825584,-0.043567635,-0.021187618,-0.056874186,0.040023074,PkC_ss,PkC_ss
-0.011752218,0.032003388,-0.033888742,0.0073099285,0.04046845,-0.039709534,-0.046311207,-0.07340802,-0.04995943,-0.041231565,-0.01114843,-0.022294015,0.047007896,0.057159156,-0.007522419,-0.03664129,0.14833926,0.12643073,-0.06668613,-0.030729026,0.0698048,-0.060544457,-0.03512864,0.008144259,-0.020268157,0.022380285,-0.060674302,-0.034878403,-0.011708558,0.023795985,PkC_ss,PkC_ss
-0.029232442,0.0009493232,-0.07024502,0.07387279,0.009773899,0.0069046626,-0.034181096,-0.07567909,-0.020597868,-0.022602692,-0.024812762,0.031162903,-0.004973056,0.029871017,-0.04811314,-0.06623793,0.105271704,0.10847286,-0.05020363,0.010890044,0.05811725,-0.032117665,-0.05975067,0.012867739,0.017652897,0.058975387,-0.028440766,-0.028359383,-0.0736236,0.03786934,PkC_ss,PkC_ss
-0.020563096,0.01588571,-0.06468575,0.051769756,0.037126858,0.005810409,-0.030980408,-0.0689791,-0.0417867,-0.03519558,0.001853779,0.0025573,0.02333142,0.016860709,-0.03607219,-0.058683444,0.10466737,0.11396625,-0.050101772,-0.0059405416,0.091568254,-0.05775961,-0.05060509,0.0038753506,0.0052260496,0.046885222,-0.04865565,-0.018925466,-0.05283467,0.0340496,PkC_ss,PkC_ss
-0.020835951,0.001417771,-0.060467564,0.0632888,0.0237284,0.007454601,-0.017535731,-0.04408514,-0.012918942,-0.04566206,0.017869823,0.028368294,0.017667055,0.010870278,-0.021781825,-0.058601014,0.0919442,0.12218362,-0.040793523,-0.025916293,0.07894572,-0.043334223,-0.055138983,0.017056303,0.012495175,0.05446752,-0.014251508,-0.013991311,-0.05895385,0.04193046,PkC_cs,PkC_cs
-0.020790324,0.00019711256,-0.0622992,0.06615777,0.023364551,0.0065834606,-0.016717523,-0.041324206,-0.011515625,-0.047741413,0.020461708,0.0302291,0.01801401,0.011958182,-0.018552676,-0.061293777,0.09239732,0.1226041,-0.041474633,-0.026635647,0.07732563,-0.045212395,-0.05467529,0.016468115,0.013638057,0.055640962,-0.013820894,-0.014589563,-0.057226416,0.043740854,PkC_cs,PkC_cs
-0.019097075,-0.0054325163,-0.06873849,0.061863847,0.019695379,0.016931262,-0.0055716187,-0.046801228,-0.014065079,-0.060571775,0.04902459,0.022806808,0.02713103,0.005593896,-0.013979927,-0.052274704,0.07639388,0.11687234,-0.0352024,-0.033938125,0.10336709,-0.057709135,-0.06174379,0.009609476,-0.008066937,0.05732187,-0.015339285,-0.010540202,-0.051074605,0.049198307,MFB,MFB
-0.024968937,-0.004009843,-0.05763845,0.051066533,0.021878857,-0.0022281008,-0.016910642,-0.052710976,-0.007952385,-0.034455575,0.018278755,0.021926187,0.015009001,0.0057455003,-0.039438948,-0.06555293,0.081981294,0.12229714,-0.029518664,-0.021639124,0.082342416,-0.04247993,-0.061350852,0.02097359,0.0015283115,0.045005783,-0.010594167,-0.019518435,-0.063637435,0.04401148,MFB,MFB
-0.01980099,0.020903878,-0.022610381,0.007048741,0.032272633,-0.070408985,-0.041697532,-0.07744981,-0.040072255,-0.047231697,-0.014905907,-0.027343616,0.04959642,0.081982225,0.008666582,-0.035211544,0.17012574,0.12892269,-0.076222196,-0.043605134,0.051380843,-0.06871621,-0.026406497,0.020595714,-0.029843662,0.019174814,-0.05480347,-0.03400652,0.0052022785,0.019085936,PkC_ss,PkC_ss
-0.016856134,0.0042446405,-0.063833505,0.047904797,0.031628046,0.0027034665,-0.026463896,-0.068515256,-0.031222984,-0.041969307,0.002231136,0.0146090835,0.015365488,0.016432762,-0.04402283,-0.05543762,0.089638345,0.11775009,-0.04527986,-0.013801843,0.09442447,-0.044922866,-0.050723642,0.01043858,0.008255001,0.045156777,-0.035740986,-0.020367317,-0.05886326,0.040401705,PkC_ss,PkC_ss
-0.021132603,0.0025773942,-0.058354385,0.05009245,0.023049776,0.015283375,-0.013054699,-0.05106935,-0.0076966137,-0.06767406,0.03524719,0.025574505,0.02990286,0.007925823,-0.030029967,-0.044498906,0.082702234,0.12001133,-0.026265353,-0.030678928,0.09633371,-0.051105443,-0.06375853,0.01391644,-0.0076065958,0.045425408,-0.015646502,-0.011329345,-0.053920586,0.045231275,PkC_ss,PkC_ss
-0.01621367,0.006167151,-0.07157869,0.058834754,0.027320582,0.011985966,-0.017867655,-0.04473355,-0.009137243,-0.06701161,0.033816665,0.02684249,0.033595197,0.001710251,-0.014517166,-0.049295835,0.08605629,0.11962047,-0.028698593,-0.029635862,0.09621341,-0.05743536,-0.061800778,0.010521,-0.0009436682,0.0457924,-0.01582861,-0.00929217,-0.053189963,0.050905332,PkC_cs,PkC_cs
-0.02400738,0.0024092495,-0.07380294,0.05692403,0.030505974,0.0061109317,-0.016697645,-0.04601436,-0.009625576,-0.07179258,0.039064072,0.021904953,0.036897957,0.007035628,-0.015672103,-0.04737152,0.083144456,0.11332078,-0.025291502,-0.023023576,0.09751728,-0.059622224,-0.06837661,0.009051954,-0.008612793,0.03670524,-0.017486602,-0.00577496,-0.052137483,0.05358378,PkC_cs,PkC_cs
-0.04882908,0.090522304,0.051013157,-0.02827102,0.024131883,-0.18769059,-0.06002955,-0.10351461,-0.05874037,-0.04005777,-0.046037734,-0.07786476,0.07056534,0.15167244,0.06787855,-0.04633619,0.28696692,0.14711381,-0.13734385,-0.092014566,-0.015527081,-0.12304641,0.034074515,0.040284466,-0.08906314,-0.010325171,-0.06433671,-0.07311912,0.085309245,0.002402559,MLI,MLI
-0.021922737,-0.0065816194,-0.06398925,0.060159385,0.01554497,0.0025853133,-0.017581537,-0.06252588,-0.014382049,-0.04125295,0.0068647414,0.03172603,0.015805718,0.022091046,-0.038759023,-0.057707198,0.08702822,0.115128994,-0.042966433,-0.0040171444,0.07674059,-0.039767552,-0.06130548,0.017703906,-7.497519e-05,0.050874524,-0.02089174,-0.017995663,-0.064658746,0.04600183,PkC_ss,PkC_ss
-0.026141867,0.006414354,-0.07012897,0.057167068,0.014563713,0.01852927,-0.017619371,-0.050580665,-0.010870524,-0.061599173,0.037236363,0.023384064,0.036616992,0.0083693415,-0.0136364475,-0.052112676,0.08972192,0.11163549,-0.033465877,-0.026943743,0.09525728,-0.062815934,-0.06661002,0.0061766226,-0.0059997886,0.056818098,-0.02054435,-0.01449018,-0.053961586,0.04860665,PkC_ss,PkC_ss
-0.036201485,-0.00014208257,-0.07476215,0.07411793,0.0011300966,0.0018966654,-0.031151816,-0.05874854,-0.010004669,-0.04475692,0.009640448,0.036976017,0.013684629,0.036230445,-0.010661267,-0.063072026,0.1097255,0.11286541,-0.050142266,-0.0010457337,0.051467374,-0.0419148,-0.06851846,0.008772109,0.007457249,0.06321488,-0.0151701495,-0.027402982,-0.05478485,0.040778913,PkC_cs,PkC_cs
-0.029761508,0.005378574,-0.06797176,0.06302294,0.016264647,0.011040754,-0.01649569,-0.053515133,-0.015023902,-0.054841265,0.01990302,0.02724978,0.029126007,0.010803208,-0.023720093,-0.05735053,0.09444241,0.11219677,-0.039876476,-0.016906664,0.0877243,-0.062719665,-0.06604257,0.01279453,-0.0010764897,0.05671111,-0.020431578,-0.008344978,-0.06215466,0.045551904,PkC_ss,PkC_ss
-0.015479729,0.001411736,-0.061169043,0.055153735,0.021743525,0.0072663473,-0.013674542,-0.044791367,-0.014645107,-0.07106776,0.027236186,0.02771315,0.028073851,0.0070031434,-0.030021973,-0.048198726,0.08377609,0.11947952,-0.02871199,-0.028405368,0.09747679,-0.05237671,-0.063694954,0.01582985,0.0004420951,0.04712542,-0.019075453,-0.007816821,-0.061999626,0.050705895,PkC_ss,PkC_ss
-0.010346398,0.015715085,-0.034952447,0.0198849,0.03410198,-0.044165157,-0.03715898,-0.07124318,-0.04162983,-0.048013024,-3.3818185e-05,-0.011009991,0.03627898,0.06408856,-0.011524342,-0.038119696,0.13811824,0.1273408,-0.0654532,-0.028377801,0.06895189,-0.052355092,-0.038511902,0.015148751,-0.016312495,0.021973468,-0.054018207,-0.03267519,-0.013979644,0.027884051,PkC_ss,PkC_ss
-0.023617685,-0.013033405,-0.07416681,0.06352027,0.01623869,0.01235772,-0.024191663,-0.053789526,-0.0027112365,-0.053600483,0.019059472,0.032391794,0.013850554,0.016847536,-0.033008672,-0.059803262,0.08530246,0.11966781,-0.035584338,-0.01119411,0.08271265,-0.041541398,-0.06773921,0.015007701,0.014363807,0.054063864,-0.013917886,-0.021169186,-0.06686371,0.04793284,PkC_cs,PkC_cs
-0.018827423,-0.0075462162,-0.076004006,0.056393854,0.027425002,-0.00011721905,-0.018870443,-0.049599074,-0.012200177,-0.06906698,0.030829445,0.024701007,0.018643863,0.01738955,-0.025692128,-0.047932804,0.07845184,0.12179739,-0.02878683,-0.024772823,0.09792722,-0.048426382,-0.07495589,0.018496606,0.005736828,0.040134147,-0.013168305,-0.0032674968,-0.059443723,0.04841356,PkC_cs,PkC_cs
-0.008483514,0.01093559,-0.05956088,0.05073984,0.037896086,0.009074531,-0.024030536,-0.054141387,-0.020104282,-0.041563787,0.008533813,0.015495613,0.017620664,-0.009130627,-0.05209722,-0.054505304,0.075642176,0.11929135,-0.023860134,-0.008868828,0.09707379,-0.04165329,-0.059447788,0.0138258785,0.004217956,0.03345497,-0.022447832,-0.007859886,-0.06929009,0.041975357,MFB,MFB
-0.0139929205,-0.010563225,-0.06937175,0.052814655,0.029501911,0.007281027,-0.031888485,-0.063594066,-0.027991593,-0.037952095,0.00041434914,0.015600823,0.015318816,0.028040275,-0.039169006,-0.051235646,0.08734907,0.1219987,-0.04891751,0.004854217,0.072018765,-0.043965727,-0.05933001,-0.00090256054,0.0041936785,0.049053714,-0.03560798,-0.03001459,-0.043881,0.0313999,PkC_ss,PkC_ss
-0.0010439754,0.009338304,-0.059022307,0.060799614,0.025884353,-0.0035152417,-0.019690216,-0.045658533,-0.013396345,-0.054264642,0.021183245,0.031897597,0.013197234,0.012052625,-0.0392371,-0.049181785,0.073944286,0.1174287,-0.03770867,-0.014058262,0.10075629,-0.044707708,-0.05657591,0.022455625,0.0026362427,0.03208963,-0.022725798,-0.0053493306,-0.067794494,0.05013346,MFB,MFB
-0.024992779,0.0031766593,-0.060810782,0.06889735,0.021970127,0.012201733,-0.014581978,-0.04598171,-0.010443918,-0.03742437,0.015042856,0.027997948,0.021589646,0.0056290627,-0.025540024,-0.06570201,0.09154578,0.11919606,-0.04296633,-0.019495368,0.0753828,-0.04669548,-0.05381193,0.014014058,0.0073233843,0.05860492,-0.013287112,-0.017194584,-0.057916068,0.042414814,PkC_cs,PkC_cs
-0.06643933,0.08260328,0.071732,-0.05356607,0.016079638,-0.21853553,-0.061967745,-0.103783496,-0.04698044,-0.05412659,-0.0489672,-0.0988748,0.087547,0.18191682,0.09615681,-0.038187698,0.3193478,0.16096725,-0.15072374,-0.11739761,-0.04992314,-0.14543146,0.034509823,0.048988476,-0.11777614,-0.005520992,-0.051251777,-0.07378635,0.11662228,-0.01658722,MLI,MLI
-0.024352342,0.028212719,-0.025963828,0.030758291,0.036580212,-0.043698885,-0.034353852,-0.06433266,-0.046199,-0.029527895,-0.010517158,-0.019684143,0.03959446,0.044247888,-0.0016937852,-0.054496333,0.14764515,0.1255603,-0.071997836,-0.032346994,0.051737048,-0.07537294,-0.032474935,0.018323839,-0.020753201,0.02823843,-0.06493623,-0.031115025,-0.012864217,0.019936413,MFB,MFB
-0.02850695,0.04174743,-0.05344078,0.018190056,0.040655177,-0.023297783,-0.04400175,-0.053082377,-0.04430917,-0.048026003,-0.007218316,-0.020737663,0.05155901,0.050470315,0.0018781945,-0.038958106,0.13879928,0.12010002,-0.05502198,-0.03605452,0.068228014,-0.06402042,-0.051610492,0.0006688321,-0.014867809,0.041102633,-0.036961645,-0.0136607215,-0.019630812,0.016184986,MLI,MLI
-0.030077621,0.03663294,0.008964375,-0.00241144,0.027684495,-0.10876303,-0.04346659,-0.07953727,-0.051703088,-0.04167963,-0.019641913,-0.052607454,0.059715852,0.104814075,0.040157817,-0.041458763,0.21671134,0.14146197,-0.1025586,-0.06600332,0.018967882,-0.10067431,-0.011482045,0.02800791,-0.05587418,0.017226316,-0.065721504,-0.049871355,0.04322145,0.00863985,MFB,MFB
-0.015478924,0.0056631044,-0.06335348,0.05452332,0.018522985,0.0077341413,-0.014973655,-0.060759686,-0.0214049,-0.037898414,0.009081103,0.021579832,0.0157041,0.011220261,-0.045541544,-0.059438728,0.08860479,0.112447605,-0.037838273,-0.010784,0.09274018,-0.044399135,-0.05916834,0.0136237815,0.0063618906,0.05327329,-0.027381286,-0.017014794,-0.07100242,0.046368137,PkC_ss,PkC_ss
-0.012761816,-0.0071050823,-0.06699649,0.06469511,0.010910679,0.0072023915,-0.016055197,-0.054226544,-0.019151792,-0.05523078,0.011642523,0.038326018,0.005881291,0.025324717,-0.041275978,-0.051298294,0.08290124,0.114954665,-0.04704374,-0.004983127,0.08766327,-0.045381352,-0.059701413,0.011712503,0.0010431521,0.05704408,-0.024171025,-0.0197732,-0.066426456,0.046821058,PkC_ss,PkC_ss
-0.008624554,-0.007487744,-0.05581563,0.03598977,0.031637795,-0.0055812066,-0.03321681,-0.06641297,-0.026443161,-0.022224806,-0.015183285,0.022311874,0.0065466464,0.032888427,-0.045200966,-0.053874247,0.08823206,0.124998294,-0.055070788,0.01542376,0.06466215,-0.03436212,-0.056098595,0.009500787,0.008927014,0.028225489,-0.03565687,-0.03076835,-0.048678212,0.027291961,MFB,MFB
-0.024538964,0.0046395436,-0.07213902,0.061547846,0.027236402,0.005009248,-0.02008006,-0.03969252,-0.013655134,-0.067012824,0.041406557,0.025537826,0.034509595,0.008423239,-0.012457088,-0.059665628,0.089256436,0.117677465,-0.0340845,-0.02831836,0.09654443,-0.06689869,-0.060317844,0.0083308,-0.0009553358,0.04836908,-0.021194778,-0.012168638,-0.05354716,0.05344402,PkC_cs,PkC_cs
-0.014746964,-0.00021247566,-0.05255083,0.05389811,0.016634941,0.004020733,-0.015050799,-0.055467326,-0.011472657,-0.05681257,0.028910428,0.01869677,0.021282213,0.014877275,-0.02950801,-0.050565287,0.09266122,0.12376301,-0.035972796,-0.026245728,0.08498564,-0.043741,-0.05810576,0.015092742,-0.0020936765,0.05504863,-0.011242688,-0.017886989,-0.05091259,0.04120437,PkC_ss,PkC_ss
-0.014905021,-0.021909535,-0.05681494,0.06752936,0.02948602,-0.0135899745,-0.015965939,-0.05607836,-0.009591706,-0.047774017,0.007227801,0.024974488,0.008316552,0.011012986,-0.04522985,-0.054335713,0.06884503,0.12519266,-0.033814847,0.004039347,0.071485,-0.034187064,-0.06347184,0.027209219,0.0081806965,0.03207437,-0.011484712,-0.0010945126,-0.05760477,0.03851074,MFB,MFB
-0.020182028,-0.013088837,-0.06417466,0.05498115,0.035340656,-0.0053080535,-0.019843936,-0.061759215,-0.0125432685,-0.0514383,0.017481051,0.017444178,0.01582719,0.006472662,-0.042259227,-0.05434662,0.07267982,0.12679632,-0.021344416,-0.0072069764,0.09001248,-0.041002464,-0.06650928,0.021875106,0.009116463,0.029265955,-0.006195739,-0.002805315,-0.05755499,0.042693555,MFB,MFB
-0.01979892,-0.0039177835,-0.05919428,0.047096282,0.017866775,0.004579854,-0.013465762,-0.058258362,-0.009669118,-0.057687804,0.028206356,0.024829216,0.021823615,0.016409576,-0.037668757,-0.050751917,0.08257141,0.11841789,-0.031513557,-0.02024497,0.08929587,-0.04405228,-0.064940065,0.015438754,-0.0019404031,0.049082257,-0.016020253,-0.014702648,-0.058245316,0.044385567,PkC_ss,PkC_ss
-0.006570667,0.009807907,-0.0597305,0.05397173,0.040138587,0.00745356,-0.026518062,-0.05899339,-0.027748428,-0.042053767,0.010484666,0.0099973455,0.0057856906,-0.0027228594,-0.057934318,-0.058789518,0.07648687,0.121282585,-0.025605008,-0.0106287,0.10021716,-0.041921288,-0.05891546,0.014305901,0.010415593,0.035299473,-0.027771614,-0.008225791,-0.06981969,0.039945178,MFB,MFB
-0.03627363,0.0014517903,-0.06582417,0.056243785,0.01305595,0.009855202,-0.020414084,-0.057557683,-0.013139382,-0.051494062,0.01762636,0.026678309,0.022787979,0.023591459,-0.02628553,-0.057583444,0.09648078,0.11190595,-0.04155629,-0.005426988,0.07241012,-0.051109333,-0.07129264,0.010948455,0.005038917,0.059036423,-0.021581195,-0.017461546,-0.055633508,0.037796758,MFB,MFB
-0.012493923,0.024929538,-0.004408449,-0.023862422,0.04147526,-0.096161984,-0.051167138,-0.08192915,-0.04134217,-0.039304346,-0.03742608,-0.047660418,0.044541642,0.10044609,0.017879404,-0.024267364,0.18955815,0.14504075,-0.07578158,-0.056251034,0.025248231,-0.060070276,-0.019952938,0.027756978,-0.039912086,0.0045351386,-0.042768456,-0.036709264,0.025488064,-0.00011629611,MFB,MFB
-0.02920109,0.06600744,0.053218648,-0.028157353,0.023331929,-0.16700998,-0.05389321,-0.09682733,-0.046571806,-0.04359138,-0.05090659,-0.0740769,0.0750172,0.13313723,0.06730952,-0.034464642,0.26986605,0.15358853,-0.11923965,-0.10066834,-0.024835546,-0.107803434,0.029123202,0.04190483,-0.08478615,-0.002276823,-0.060755752,-0.06979978,0.087594844,-0.000706017,MLI,MLI
-0.031149328,0.034691438,-0.0544966,0.018058226,0.039531235,-0.020795966,-0.036860153,-0.04299341,-0.033108465,-0.041922465,0.008392818,-0.008659281,0.06072691,0.040915847,0.0009066388,-0.04329619,0.12336797,0.123151466,-0.05129323,-0.038891762,0.07487489,-0.06519532,-0.051834658,0.0012840936,-0.023707304,0.03595356,-0.030119501,-0.017870523,-0.022110276,0.022970684,MLI,MLI
-0.02831012,0.013617918,-0.050745957,0.041249953,0.025163881,-0.031933617,-0.038406342,-0.07171924,-0.04556966,-0.028265804,-0.0013943315,-0.010252267,0.039336067,0.056205615,0.0014676303,-0.05737644,0.13847198,0.11814821,-0.072805695,-0.02118522,0.05256209,-0.06838315,-0.041349024,0.0027957298,-0.017931338,0.046553932,-0.058645166,-0.035318896,-0.012950905,0.024878502,PkC_ss,PkC_ss
-0.022436202,0.02455756,-0.021709338,0.022331804,0.046517655,-0.053940147,-0.032415383,-0.06278932,-0.048052132,-0.018903479,-0.016944848,-0.027598873,0.038393877,0.04334683,-0.009681441,-0.05434387,0.14259227,0.12251116,-0.06636503,-0.028174013,0.055355314,-0.07503868,-0.030577019,0.019841004,-0.025205243,0.011189215,-0.065125875,-0.03344585,-0.016328894,0.02607628,MFB,MFB
-0.007768318,0.0058917105,-0.040959038,0.024308473,0.040244725,-0.0517349,-0.048662215,-0.07810431,-0.04226444,-0.024178222,-0.03159769,-0.0037964731,0.0233224,0.056309372,-0.014423855,-0.04131588,0.12075168,0.13486947,-0.06821637,-0.006382093,0.042992998,-0.027906854,-0.038222373,0.019767761,-0.00019062683,0.015425377,-0.045831524,-0.030382648,-0.012666859,0.016571522,PkC_ss,PkC_ss
-0.028038725,0.0060674027,-0.06326171,0.058766067,0.027553715,0.00913499,-0.015974209,-0.03990011,-0.013122082,-0.04666362,0.026113972,0.023613594,0.027708901,0.00037676096,-0.023407824,-0.060490973,0.08600595,0.11582025,-0.028759778,-0.03028886,0.09181719,-0.06202619,-0.062023714,0.013871824,0.0019364357,0.045510955,-0.018900216,-0.011284918,-0.061145883,0.047957696,PkC_cs,PkC_cs
-0.031570956,0.03071063,-0.0373419,0.025653929,0.034118872,-0.05398234,-0.04087291,-0.07332575,-0.03960158,-0.015243016,-0.02477936,-0.020472556,0.03926208,0.048887998,-0.01077757,-0.0487495,0.13225248,0.123597294,-0.062131602,-0.02704513,0.056950536,-0.060172696,-0.03848292,0.024594925,-0.016750995,0.021778055,-0.04160575,-0.019656561,-0.026413865,0.017016828,MLI,MLI
-0.019127771,0.015433475,-0.0723102,0.05594562,0.026067466,0.018800411,-0.028930828,-0.056368016,-0.031774707,-0.04503101,0.0108933225,0.01654008,0.025359064,0.008554012,-0.042199288,-0.05601344,0.090114795,0.10831189,-0.034825534,-0.0065317154,0.09873924,-0.05371054,-0.060924537,-0.005422632,0.0037279166,0.051893964,-0.03341072,-0.018543154,-0.06491753,0.04477153,PkC_ss,PkC_ss
-0.059193946,0.048895955,0.046863794,-0.024881467,0.021182273,-0.1857724,-0.063452765,-0.12013758,-0.030917063,-0.046982013,-0.062209617,-0.05528345,0.031404607,0.13717803,0.015714288,-0.059863016,0.2514881,0.16468173,-0.118140444,-0.051340207,-0.03400177,-0.11456844,0.01148735,0.043276392,-0.07122518,-0.023685731,-0.02557844,-0.082471475,0.07285521,0.0006881431,MFB,MFB
-0.03714314,0.053407326,0.0075018257,-0.008731097,0.03883016,-0.104174905,-0.052698165,-0.08648558,-0.04261043,-0.065895185,-0.007694684,-0.04903253,0.05462707,0.096332505,0.021832913,-0.038171086,0.20251471,0.14480919,-0.088978164,-0.0667679,0.034620065,-0.08944692,-0.010652348,0.026864078,-0.05932672,0.0011889935,-0.04997789,-0.050141037,0.03959205,0.013398387,MFB,MFB
-0.015954167,-0.022351742,-0.06355305,0.050620914,0.030585408,-0.009509183,-0.02640216,-0.05292222,-0.009905733,-0.0578477,0.020461522,0.02665865,0.0099068675,0.016930774,-0.036362477,-0.04669167,0.06204308,0.12570335,-0.01945348,-0.009741753,0.08439603,-0.034605406,-0.0717777,0.022588603,0.014354102,0.02298136,-0.009470366,-0.0010654852,-0.05800337,0.039831236,MFB,MFB
-0.07487675,0.09094815,0.070868805,-0.037923068,0.031652246,-0.21736735,-0.06648479,-0.09864779,-0.04621718,-0.07370149,-0.036962006,-0.083707266,0.061986372,0.17741588,0.057968475,-0.048752457,0.30567318,0.16597876,-0.14677714,-0.0945411,-0.026979435,-0.15092099,0.02711834,0.05033146,-0.102744326,-0.026306577,-0.043463,-0.07651332,0.10539565,-0.005331263,MLI,MLI
-0.023413792,0.012777962,-0.06989095,0.06052701,0.02299067,0.015495005,-0.03240148,-0.06386936,-0.03047067,-0.04087539,0.00477203,0.016997248,0.019004107,0.012400389,-0.034220636,-0.06293954,0.10041806,0.110069856,-0.05129627,-0.0013765693,0.08415767,-0.05203337,-0.05771122,0.004474381,0.007397115,0.06002583,-0.041859575,-0.023642473,-0.064886816,0.04018507,PkC_ss,PkC_ss
-0.009698182,0.0120972395,-0.054981776,0.05195743,0.032181975,0.0035224343,-0.031226113,-0.06148854,-0.033015095,-0.037291974,0.0017431602,0.010282263,0.017637093,0.006951526,-0.043151293,-0.055941805,0.08758065,0.124767296,-0.04106251,-0.018770486,0.08778864,-0.039093263,-0.04862114,0.009975873,0.0062624887,0.04668039,-0.028394066,-0.020994082,-0.055547684,0.036614157,PkC_ss,PkC_ss
-0.019669995,-0.004830405,-0.064500794,0.052854307,0.03032599,-0.01101535,-0.02505681,-0.045153514,-0.009126559,-0.05278726,0.022890814,0.019964315,0.024156187,0.0067020804,-0.023497798,-0.052087698,0.07485506,0.12423082,-0.025428101,-0.017629176,0.08804134,-0.04590701,-0.06905581,0.02504383,0.01465654,0.032395273,-0.011854947,-0.0028981343,-0.05656999,0.04203874,PkC_cs,PkC_cs
-0.02006115,-0.028505743,-0.062319703,0.041847706,0.014161736,0.000925743,-0.015196472,-0.06969993,-0.0059162453,-0.0477074,0.017102681,0.029503442,-0.00066205673,0.029166639,-0.046208277,-0.052799042,0.08149631,0.12173081,-0.030508257,-0.01481685,0.08417814,-0.036860775,-0.06604291,0.017155651,0.0038214922,0.04395005,-0.003983259,-0.015597574,-0.06709495,0.037532866,MFB,MFB
-0.0188535,-0.0063670576,-0.06569176,0.05417057,0.017918766,0.011457893,-0.01150462,-0.0438221,-0.013105564,-0.07170586,0.045930095,0.025907665,0.031721365,0.011312872,-0.017838016,-0.04716701,0.07812238,0.117980614,-0.029375784,-0.034722432,0.09935735,-0.054758236,-0.066437244,0.010387987,-0.005261887,0.05139664,-0.020052768,-0.009495579,-0.054782603,0.049202718,PkC_ss,PkC_ss
-0.027941227,0.006057486,-0.053950362,0.052620582,0.026567549,0.015695449,-0.0075306445,-0.04529245,-0.010837972,-0.03302311,0.012751453,0.02518344,0.023211826,0.0022517443,-0.031589665,-0.057237446,0.088817626,0.11567399,-0.03416411,-0.032330513,0.08378341,-0.047863454,-0.05753286,0.01784183,0.0019093491,0.04990027,-0.01481434,-0.011384249,-0.063927874,0.038939632,PkC_cs,PkC_cs
-0.022452667,0.007861316,-0.06422939,0.053416535,0.018069077,0.01920816,-0.01661104,-0.048678633,-0.013053425,-0.065291226,0.036838286,0.021814175,0.035867747,0.0054917783,-0.021132104,-0.05192805,0.09097332,0.11732732,-0.031345002,-0.025556877,0.09736426,-0.06451425,-0.068577155,0.007452829,-0.0024506487,0.056077853,-0.017888226,-0.011837184,-0.055146266,0.04625971,PkC_ss,PkC_ss
-0.019618794,-0.014195368,-0.0552952,0.043132007,0.013680216,0.019972507,-0.0070415586,-0.061416082,-0.00413654,-0.06015089,0.021634042,0.032168634,0.01008131,0.017758071,-0.047047623,-0.044432346,0.084145725,0.12434,-0.030071378,-0.016219571,0.08109051,-0.04375406,-0.07291198,0.013361357,-0.009002227,0.050568625,-0.0055620447,-0.015229128,-0.06262491,0.033784054,PkC_ss,PkC_ss
-0.024024695,0.009152003,-0.07034564,0.05880083,0.020610947,-0.00069271773,-0.029992789,-0.046705898,-0.009576894,-0.06099198,0.020510934,0.02519533,0.025986157,0.017601818,-0.012921974,-0.059545808,0.10325394,0.11715589,-0.043336242,-0.012130335,0.07744009,-0.057159208,-0.06488323,0.012248954,0.014527021,0.052352816,-0.019359723,-0.013494723,-0.054507602,0.042845212,PkC_cs,PkC_cs
-0.010108054,-0.00087320805,-0.06339659,0.06660746,0.021400362,0.0019049579,-0.013462171,-0.036405675,-0.009607859,-0.05428993,0.02613514,0.031264123,0.020833671,0.009418681,-0.019011594,-0.05580517,0.086939916,0.12315024,-0.039948367,-0.027903095,0.086401306,-0.0443635,-0.055590913,0.019651677,0.013071112,0.05583043,-0.013614215,-0.006734386,-0.059965823,0.04486095,PkC_cs,PkC_cs
-0.010837257,0.003038928,-0.059411526,0.054783106,0.018113416,0.01641998,-0.00856407,-0.05378949,-0.018751927,-0.052196205,0.020374969,0.024431944,0.024291366,0.0047086477,-0.038925484,-0.05141388,0.08135988,0.11454191,-0.03351357,-0.022093594,0.09012541,-0.051380362,-0.055478655,0.0029432382,-0.010715071,0.05612234,-0.021532394,-0.01409965,-0.059451897,0.044225223,PkC_ss,PkC_ss
-0.013660416,-0.013773903,-0.063129075,0.05652578,0.031805072,-0.0032278309,-0.022268891,-0.04540837,-0.009125158,-0.06651784,0.026046023,0.028339408,0.009629352,0.013151169,-0.036206562,-0.052326895,0.07300482,0.12341486,-0.02168329,-0.018602207,0.094223365,-0.04292679,-0.06397259,0.020605423,0.009661324,0.02555874,-0.013052985,-0.0063946024,-0.06446429,0.050041705,PkC_cs,PkC_cs
-0.033018634,0.0064114854,-0.064756475,0.061516516,0.013560846,0.012776486,-0.017350093,-0.056545794,-0.015597768,-0.054608703,0.027097858,0.019918561,0.030145701,0.015887693,-0.025222048,-0.05662587,0.097854584,0.10938474,-0.04086189,-0.011462852,0.081379384,-0.05904534,-0.0675496,0.0063696466,-0.009568717,0.05947408,-0.024953723,-0.018781096,-0.055659622,0.04401867,MFB,MFB
-0.027113691,0.019096114,-0.03890097,0.033102624,0.036902383,-0.043349873,-0.036467247,-0.061935786,-0.046391837,-0.03943187,-0.009012915,-0.017835043,0.04762444,0.054486237,-0.0033953562,-0.05130756,0.1443299,0.12740093,-0.062451907,-0.038767353,0.05399165,-0.06830486,-0.034883723,0.011150809,-0.02034776,0.035452545,-0.054809757,-0.02709838,-0.0136935115,0.023156643,MFB,MFB
-0.019344032,0.04231506,0.03409043,-0.039097995,0.015870329,-0.15745005,-0.0481174,-0.10981539,-0.046076387,-0.014168553,-0.062267445,-0.05132582,0.04299251,0.12554362,0.01980523,-0.046961054,0.21749234,0.15101162,-0.10374646,-0.06854977,-0.010344587,-0.07638186,0.016145617,0.037863657,-0.06951295,-0.0065067187,-0.038464807,-0.0628611,0.04021602,0.004302703,MFB,MFB
-0.03254929,0.03767415,-0.047134392,0.009727016,0.0499664,-0.05042529,-0.042538807,-0.053085584,-0.0441645,-0.044594496,-0.018499643,-0.020817049,0.04580251,0.06358053,-0.0016655549,-0.031761408,0.12974238,0.1252425,-0.0526042,-0.051363334,0.0662685,-0.05306489,-0.045152277,0.012738567,-0.014652595,0.020609885,-0.025683604,-0.0052167475,-0.016084805,0.014150411,MLI,MLI
-0.02183351,-0.018005595,-0.06679077,0.051680505,0.030520417,0.0030396609,-0.015333012,-0.055989616,-0.00990691,-0.049551725,0.019673854,0.021878295,0.01498321,0.0068536103,-0.035677016,-0.052746043,0.07760222,0.117387384,-0.023228347,-0.02689536,0.09651345,-0.05017151,-0.05943165,0.014094697,0.0021387301,0.03094533,-0.015953228,-0.0126341805,-0.06452376,0.05005727,PkC_cs,PkC_cs
-0.02634573,0.0067722276,-0.06359568,0.057826556,0.015456144,0.0182469,-0.013794541,-0.052218694,-0.012730055,-0.056808665,0.032950893,0.02162946,0.030061692,0.0071240216,-0.025878347,-0.05533883,0.092537954,0.114205,-0.03606295,-0.020087987,0.09379205,-0.06201472,-0.06917601,0.009998281,-0.003816057,0.057481788,-0.019612513,-0.011782967,-0.059799485,0.043840267,PkC_ss,PkC_ss
-0.031016663,0.046835072,-0.020601943,-0.010052934,0.03196303,-0.08210616,-0.04599473,-0.060856294,-0.03823185,-0.036901206,-0.02279295,-0.028836332,0.05576223,0.07380393,0.0032090023,-0.036812816,0.15551986,0.13043559,-0.06331698,-0.05690013,0.045987673,-0.06427552,-0.030271888,0.018395633,-0.037534777,0.015406631,-0.032217488,-0.025771417,-0.0069351867,0.013922289,MLI,MLI
-0.018777087,-0.024149388,-0.06774305,0.06269999,0.015373841,-0.013549721,-0.015051052,-0.057080407,0.009380929,-0.05442269,-0.011953674,0.04421092,0.008019991,0.004170403,-0.039683525,-0.052885693,0.06789452,0.12297815,-0.03493482,0.023385122,0.047426693,-0.040234968,-0.07115038,0.016087634,0.004593406,0.02405835,-0.0012140423,-0.017072491,-0.054664426,0.042013675,PkC_cs,PkC_cs
-0.02674231,-0.025015235,-0.06749321,0.06456463,0.012523677,-0.010944882,-0.015186369,-0.06149046,0.0121766105,-0.04894027,-0.014037535,0.043196768,0.007957963,0.00073866546,-0.04554835,-0.05729982,0.06706357,0.12133184,-0.03249965,0.021316,0.046871647,-0.04397113,-0.071530014,0.01514026,0.0014526248,0.025843889,0.0024105832,-0.018148772,-0.059205607,0.042183325,PkC_cs,PkC_cs
-0.015565246,-0.014928728,-0.07066739,0.0579547,0.022664666,-0.0017532092,-0.020661324,-0.06384174,-0.009496681,-0.03296297,-0.033315606,0.03372695,0.007533161,0.0004529357,-0.065954596,-0.050198898,0.055255175,0.11744416,-0.027003534,0.030538917,0.053451803,-0.033768445,-0.06736589,-0.0010917922,0.0012381338,0.027102694,-0.0064294115,-0.015713744,-0.059506197,0.032828897,PkC_ss,PkC_ss
-0.015651762,-0.013570681,-0.06017214,0.05749055,0.028203946,-0.018343354,-0.029004142,-0.082261115,-0.020153634,-0.027173236,-0.03879915,0.018402696,0.0015811566,0.006209165,-0.06003893,-0.059070237,0.076744154,0.12364741,-0.050491698,0.036119208,0.04676412,-0.045700364,-0.053846315,0.0054519027,-0.0040721707,0.020407744,-0.026046969,-0.029821575,-0.047776125,0.030066311,PkC_ss,PkC_ss
-0.02068609,-0.02387911,-0.06927406,0.06731631,0.015762057,-0.013430712,-0.016585737,-0.058752425,0.010441534,-0.0548419,-0.01305256,0.044176184,0.0073506664,0.004073903,-0.04168184,-0.054230377,0.06772744,0.12241344,-0.034491993,0.022634968,0.048425674,-0.04296094,-0.069980696,0.015860153,0.005412083,0.024663351,0.0003251955,-0.01647763,-0.05522841,0.04334195,PkC_cs,PkC_cs
-0.015199661,-0.015712589,-0.062147275,0.05913975,0.025822375,-0.007620535,-0.024931148,-0.07914725,-0.014842816,-0.029793583,-0.035120655,0.026529986,-0.0017509293,-0.004250884,-0.06832005,-0.059877116,0.06794961,0.12259861,-0.041265734,0.036135897,0.05193615,-0.04094607,-0.057860993,0.005572453,0.00015176088,0.024064958,-0.018965371,-0.027215026,-0.059998855,0.033652492,PkC_ss,PkC_ss
-0.021160752,-0.019312605,-0.06819654,0.05807841,0.014172424,-0.01252988,-0.02074425,-0.058462195,0.008754678,-0.05996246,-0.008997515,0.04217421,0.015322645,0.004967004,-0.03796263,-0.05125068,0.072266996,0.12267272,-0.032764375,0.02560538,0.046808694,-0.045654334,-0.07169998,0.010706468,-0.001576174,0.024705872,-0.0016439557,-0.020779677,-0.05406915,0.042943522,PkC_cs,PkC_cs
-0.018458113,-0.010191739,-0.0666072,0.048083924,0.028888352,-0.012869906,-0.02840139,-0.06733993,-0.016241513,-0.035877228,-0.03183285,0.019130506,0.010143427,0.010294437,-0.060124047,-0.047034133,0.06768426,0.12288278,-0.034384526,0.027255677,0.052928288,-0.04101886,-0.06599565,-0.0017253198,-0.008907452,0.019785583,-0.012014739,-0.019392945,-0.04816574,0.026356839,PkC_ss,PkC_ss
-0.02623777,0.0060152933,-0.04474125,0.0148536265,0.03529617,-0.047232315,-0.041987106,-0.06570941,-0.018875778,-0.039564915,-0.048041496,-0.0037524775,0.033234935,0.04740814,-0.027443156,-0.028936148,0.11021691,0.13077544,-0.048004977,0.011179298,0.02024093,-0.038589586,-0.062879965,0.007433785,-0.023978453,0.0046535432,-0.016412273,-0.021667093,-0.01503887,0.00726451,PkC_ss,PkC_ss
-0.016764417,-0.022979796,-0.07016458,0.06125594,0.014327239,-0.013749456,-0.017830148,-0.057982452,0.010464378,-0.057872057,-0.011726402,0.043516718,0.01006023,0.0047118813,-0.038872812,-0.050599404,0.06942667,0.12282359,-0.03474167,0.024311692,0.049132325,-0.04283329,-0.07178673,0.014434721,0.0038660131,0.024912544,-0.0010425523,-0.01640264,-0.05549217,0.04186319,PkC_cs,PkC_cs
-0.02449137,-0.026094243,-0.068039715,0.065941215,0.011179682,-0.011869252,-0.0158007,-0.060644664,0.013461702,-0.047164485,-0.015247814,0.044485703,0.009204568,0.0024375916,-0.045461453,-0.057898603,0.06757061,0.1200798,-0.033517376,0.022297569,0.048100177,-0.043191835,-0.069251575,0.015710695,0.0030751415,0.025411204,-0.00029490888,-0.020100005,-0.060096756,0.04477717,PkC_cs,PkC_cs
-0.024307534,-0.022859037,-0.062042497,0.059949607,0.010830689,-0.0047450643,-0.01261282,-0.06448215,0.010313012,-0.050628014,-0.010036379,0.03886609,0.011247626,-0.0034076124,-0.048400097,-0.049292948,0.062054407,0.12219396,-0.027699694,0.022738703,0.047943152,-0.041706163,-0.07488991,0.0133207515,-0.009897273,0.025657877,0.002662599,-0.019405924,-0.05510581,0.0391728,PkC_ss,PkC_ss
-0.01866591,-0.024618417,-0.066359855,0.064782575,0.0114962235,-0.013731761,-0.015819311,-0.05901116,0.013703667,-0.05186022,-0.015113324,0.045077763,0.0070896354,0.0029619783,-0.04493171,-0.054385804,0.06767723,0.12139316,-0.03537319,0.024077743,0.04979465,-0.04280158,-0.0682806,0.01706819,0.004061099,0.024749324,0.0002675876,-0.018873826,-0.058811955,0.04358703,PkC_cs,PkC_cs
-0.027802452,0.0020868033,-0.04081963,0.03287196,0.026997805,-0.05617124,-0.030909613,-0.07357088,-0.025662288,-0.015072294,-0.05900441,-0.0043463483,0.027285809,0.037579753,-0.026872367,-0.05024653,0.115810186,0.12632452,-0.062278755,0.010865957,0.0146953035,-0.060451638,-0.04356751,0.010392813,-0.026261214,0.015542157,-0.02843599,-0.030060142,-0.021031037,0.013484508,PkC_ss,PkC_ss
-0.018655539,-0.021273509,-0.06760729,0.06298771,0.01520355,-0.014846664,-0.019018784,-0.057392467,0.009782068,-0.058911495,-0.012757897,0.043000545,0.01140187,0.00438644,-0.041099854,-0.051656857,0.0709351,0.123603165,-0.03316067,0.023208745,0.047742195,-0.04534366,-0.06914713,0.013189949,0.00077584386,0.023996793,-0.00088671595,-0.019663393,-0.053432442,0.04356776,PkC_cs,PkC_cs
-0.04104273,0.020897068,0.0016442686,0.0012436956,0.013408188,-0.11799361,-0.033809915,-0.09186615,-0.025315776,-0.015493669,-0.070999935,-0.022315152,0.036672164,0.08647263,-0.0061280653,-0.044016603,0.17243236,0.13377441,-0.08930893,-0.010679781,-0.013989899,-0.07917939,-0.024924994,0.02820886,-0.06367576,-0.011357687,-0.03374148,-0.048407003,0.013148874,0.007272847,PkC_ss,PkC_ss
-0.024327219,-0.02597861,-0.0662504,0.061455235,0.014425073,-0.0114831785,-0.012767255,-0.05647094,0.0096160695,-0.047106363,-0.016864784,0.042258076,0.009291029,0.0014867634,-0.042476647,-0.055991247,0.068860285,0.12085153,-0.03262654,0.021725766,0.045166958,-0.043686576,-0.07267885,0.016144803,0.004698377,0.025878996,-0.0006447658,-0.016731001,-0.05913091,0.041033395,PkC_cs,PkC_cs
-0.016145423,-0.013868481,-0.06983179,0.059115067,0.02267158,-0.0038794894,-0.022202566,-0.07017307,-0.0085539445,-0.03308668,-0.034746762,0.03144114,0.0037971642,-0.0021546185,-0.0681216,-0.05128959,0.06123566,0.11786582,-0.029622428,0.035479523,0.055442818,-0.033654325,-0.067654975,0.002779318,0.0019480996,0.02467534,-0.006200172,-0.017819904,-0.063123375,0.034272686,PkC_ss,PkC_ss
-0.019018248,-0.02164647,-0.06860941,0.060909726,0.015257504,-0.01370303,-0.020878568,-0.0563705,0.010947965,-0.0613819,-0.009669073,0.04351629,0.011988289,0.0066354126,-0.036537215,-0.05158758,0.07179682,0.12248691,-0.03521531,0.025853388,0.048127886,-0.04460661,-0.07058654,0.013476869,0.005399622,0.023581788,-0.0027692392,-0.018448904,-0.052469328,0.04247205,PkC_cs,PkC_cs
-0.021157056,-0.013796642,-0.07671618,0.064146236,0.0274828,-0.013036924,-0.019558713,-0.052307718,-0.010406762,-0.04305923,-0.035088945,0.03580239,0.010862716,0.02141966,-0.05172069,-0.03705501,0.052455142,0.11804661,-0.026423,0.018302247,0.045596857,-0.029285688,-0.07631754,0.0027761795,-0.00804669,0.022122562,0.008740954,-0.0001975596,-0.05025765,0.028549172,PkC_ss,PkC_ss
-0.019425914,-0.021889731,-0.06957416,0.06190543,0.01384889,-0.012447571,-0.019359693,-0.058438107,0.010614522,-0.059316285,-0.009066552,0.04370155,0.01039641,0.00609304,-0.039031893,-0.051328477,0.069694266,0.12198209,-0.03547302,0.025581941,0.049118835,-0.044986628,-0.071998164,0.0129097365,0.001918219,0.024992459,-0.001183249,-0.017970137,-0.054658648,0.04240708,PkC_cs,PkC_cs
-0.018346176,-0.016721547,-0.07377335,0.06572297,0.025105152,-0.007049092,-0.017460227,-0.059434704,-0.011011519,-0.03915537,-0.028491568,0.037695523,0.0044541713,0.015110552,-0.060335506,-0.04376915,0.04970111,0.11661847,-0.028699927,0.027893864,0.05033544,-0.027756684,-0.07356846,0.00077193696,-0.0031873882,0.021236569,-0.0004043281,-0.008247957,-0.052415412,0.032023847,PkC_ss,PkC_ss
-0.022785738,-0.022654817,-0.060532212,0.058357008,0.01087793,-0.005799981,-0.010761589,-0.070003465,0.0056582913,-0.045429774,-0.014471419,0.03615658,0.009536548,-0.0017716289,-0.05669968,-0.050148785,0.062818035,0.120790906,-0.028002754,0.024802953,0.04791431,-0.038884655,-0.07226133,0.010722758,-0.014571942,0.02706106,0.001900442,-0.021632306,-0.0577662,0.039782673,PkC_ss,PkC_ss
-0.027022645,-0.02285768,-0.06386203,0.06506766,0.012530521,-0.0074699665,-0.012634531,-0.059149522,0.011342548,-0.036906175,-0.021541156,0.042745773,0.0038668774,-0.0008791089,-0.04783035,-0.05740524,0.068878815,0.11684279,-0.03211219,0.021893904,0.04699222,-0.038480595,-0.06931962,0.019390658,0.0074480847,0.02441477,-0.0032039583,-0.019459583,-0.066754654,0.041616127,PkC_cs,PkC_cs
-0.018934548,-0.011076942,-0.060647026,0.047207095,0.027164876,-0.021641884,-0.030031368,-0.07549746,-0.016132846,-0.036147714,-0.030324187,0.01859919,0.0034302976,0.013497233,-0.06046247,-0.049376503,0.07241215,0.12370534,-0.04155515,0.032363668,0.04979815,-0.037884947,-0.062866665,0.0023069251,-0.010802548,0.010668978,-0.018111035,-0.028116852,-0.044820484,0.029252507,PkC_ss,PkC_ss
-0.0320348,-0.027371004,-0.06274486,0.06571594,0.01325864,-0.00622519,-0.010795638,-0.06355225,0.010993682,-0.031236194,-0.020913042,0.04147521,0.0047972314,-0.00110811,-0.049045075,-0.060891792,0.06829137,0.11763883,-0.030124098,0.019340657,0.04369129,-0.04077363,-0.06785173,0.016864229,0.0021281093,0.024572395,-0.0005435124,-0.022893474,-0.062374752,0.041917942,PkC_cs,PkC_cs
-0.022222415,-0.023776308,-0.06288759,0.06546515,0.015031494,-0.012246554,-0.013324514,-0.05506236,0.010094248,-0.045457125,-0.0188502,0.044349905,0.0064111575,0.0020540804,-0.04305584,-0.054806054,0.070012845,0.12092984,-0.034321994,0.022845715,0.045909915,-0.0418541,-0.069229886,0.019312728,0.0074614026,0.022783905,-0.0029394329,-0.017909765,-0.058354273,0.041105755,PkC_cs,PkC_cs
-0.017908588,-0.006848648,-0.033165053,0.02818571,0.024950795,-0.061075892,-0.034918383,-0.08297446,-0.024071172,-0.026013047,-0.047150984,-0.0010991395,0.021450065,0.052419797,-0.028882705,-0.04378001,0.12368821,0.12975813,-0.068108395,0.022558242,0.0127143245,-0.05231657,-0.044647373,0.009342145,-0.024869036,0.0063816756,-0.03708192,-0.040639296,-0.0063695833,0.0142358765,PkC_ss,PkC_ss
-0.022084877,-0.020494103,-0.0704168,0.05963415,0.013983164,-0.0112725645,-0.019777894,-0.05954247,0.010432519,-0.06019386,-0.00905098,0.04315293,0.013196776,0.004112482,-0.038556606,-0.050853617,0.06901028,0.12192164,-0.03282319,0.023649707,0.048377365,-0.0435158,-0.07455215,0.013158156,-0.0003883317,0.024610475,-0.00019099563,-0.01717221,-0.056474544,0.04292871,PkC_cs,PkC_cs
-0.021039963,-0.0065695047,-0.06129647,0.05162333,0.030861255,-0.021290775,-0.02917011,-0.07811013,-0.019842759,-0.028563112,-0.041693933,0.014539823,0.009165544,0.010538623,-0.05477652,-0.053776108,0.08053342,0.12326528,-0.0469333,0.029089078,0.046797033,-0.045653008,-0.056261986,0.0057698805,-0.009528931,0.016683541,-0.020468228,-0.024843507,-0.046054233,0.027703442,PkC_ss,PkC_ss
-0.019916177,-0.021719769,-0.06769181,0.05968491,0.015595734,-0.013011871,-0.01849091,-0.057112403,0.010302715,-0.05852636,-0.011682875,0.043941185,0.01121483,0.0051080585,-0.03912856,-0.05016073,0.06995286,0.12272595,-0.03382729,0.024422653,0.048094563,-0.043459997,-0.073659174,0.015688613,0.003927063,0.02282253,-0.0016122684,-0.016291566,-0.0549118,0.041228786,PkC_cs,PkC_cs
-0.017533898,-0.023315504,-0.06925976,0.061602205,0.014449537,-0.013051096,-0.018005818,-0.05843859,0.010214381,-0.05797211,-0.011292763,0.04391064,0.009332743,0.0040162504,-0.039342534,-0.05065826,0.06896003,0.122874275,-0.03517198,0.024827793,0.049338907,-0.04134682,-0.07213123,0.015276024,0.0044090487,0.024278924,-0.0016512647,-0.016796768,-0.055805735,0.041896887,PkC_cs,PkC_cs
-0.015439451,0.008159764,-0.024766594,0.01344198,0.028197173,-0.07314168,-0.046062388,-0.0902911,-0.022608243,-0.028187223,-0.058043085,-0.009894498,0.025960233,0.05990774,-0.024662785,-0.034279287,0.1359512,0.1301699,-0.06956686,0.013702564,0.014052706,-0.04745944,-0.03615147,0.013951816,-0.031631727,-0.008764796,-0.036747627,-0.044424668,-0.0018147901,0.014341518,PkC_ss,PkC_ss
-0.023560166,-0.020622611,-0.0703609,0.058791123,0.012768157,-0.011000938,-0.018980399,-0.05845888,0.010256685,-0.05812207,-0.010285392,0.04425909,0.014863435,0.0041977167,-0.039405722,-0.051730517,0.07117495,0.1218881,-0.03244508,0.024854258,0.046602778,-0.04432659,-0.074862346,0.011950206,-0.0019388497,0.024937153,-0.0010786057,-0.019069567,-0.058363486,0.04300922,PkC_cs,PkC_cs
-0.015750438,-0.0150048435,-0.056150906,0.052019767,0.023893178,-0.027530305,-0.028844535,-0.077983394,-0.021306656,-0.027639031,-0.03652752,0.016834833,0.008298863,0.019065589,-0.0526208,-0.05553429,0.08266566,0.12440504,-0.055420518,0.03618145,0.037218474,-0.047757853,-0.054935478,0.0027756393,-0.009506244,0.021419175,-0.029331893,-0.033088475,-0.037086066,0.0262184,PkC_ss,PkC_ss
-0.022331148,-0.023428947,-0.066949114,0.06615766,0.013710722,-0.011122731,-0.013827741,-0.055449605,0.01265382,-0.047306843,-0.018681735,0.047334533,0.0050060265,0.0018598586,-0.041938875,-0.054681923,0.06782546,0.12143718,-0.03497304,0.020883545,0.04612395,-0.040876463,-0.06955759,0.018891085,0.00736589,0.024337076,9.485334e-05,-0.016994953,-0.0599562,0.041393943,PkC_cs,PkC_cs
-0.018769756,-0.012803182,-0.06654349,0.05443936,0.02834497,-0.010779088,-0.02550438,-0.07233389,-0.01560057,-0.03166485,-0.033747472,0.02322869,0.0014769956,0.0036729872,-0.06553353,-0.05303469,0.06351954,0.11991407,-0.036445744,0.032733783,0.056014642,-0.03855069,-0.06399243,0.0026701335,-0.0007148832,0.019627571,-0.013169982,-0.02189023,-0.055700947,0.031901143,PkC_ss,PkC_ss
-0.009991974,0.005373694,-0.051218502,0.047551863,0.01791478,0.0178934,-0.010268211,-0.05191493,-0.004893303,-0.051403366,0.0019537657,0.041757327,0.006841246,0.0117242485,-0.051391285,-0.04811097,0.080769435,0.12066884,-0.04077003,-0.0068091154,0.08041808,-0.04199691,-0.06434369,0.020220269,0.0058631375,0.044498935,-0.015069045,-0.013994344,-0.07046905,0.037136108,MFB,MFB
-0.017649978,-0.024503201,-0.06845636,0.06205737,0.014796313,-0.013135268,-0.017728776,-0.060355924,0.009723283,-0.057491668,-0.0117101,0.04300984,0.0076746345,0.004910186,-0.04006359,-0.05006647,0.06820038,0.12286927,-0.036111467,0.024714485,0.050361775,-0.041045748,-0.07009452,0.015317164,0.0039377324,0.02422823,-0.0013054386,-0.01849553,-0.05415152,0.042109832,PkC_cs,PkC_cs
-0.019796059,-0.008770943,-0.05963169,0.05115526,0.02849466,-0.019502232,-0.029569209,-0.079368435,-0.019134387,-0.029179022,-0.037898827,0.016511552,0.0037360098,0.008493632,-0.060261264,-0.05518961,0.07665151,0.12284344,-0.044236705,0.03169822,0.048212662,-0.042600647,-0.057630055,0.004710775,-0.009062026,0.014707953,-0.021742955,-0.028288484,-0.0484372,0.029623203,PkC_ss,PkC_ss
-0.02460505,-0.024811655,-0.06405765,0.063970834,0.0132785775,-0.010152606,-0.014424995,-0.06016399,0.012344383,-0.043702953,-0.019952279,0.042118337,0.005990181,0.00017425418,-0.04807816,-0.05534949,0.0679459,0.11978208,-0.032426164,0.023458086,0.04809956,-0.04006934,-0.0709378,0.019435119,0.0059781782,0.02302248,-0.0008506477,-0.018490434,-0.06297344,0.041779324,PkC_cs,PkC_cs
-0.008654505,-0.014631301,-0.065098934,0.06287023,0.013477173,-0.010787763,-0.020163983,-0.067640394,-0.0076761097,-0.03830637,-0.030366082,0.042225294,-0.0015081223,0.008535996,-0.06688373,-0.04841739,0.061980605,0.11895691,-0.042939983,0.039158687,0.052328818,-0.035921875,-0.06540624,0.0051454995,-0.002151586,0.026604518,-0.012018263,-0.023571745,-0.06104168,0.036419652,PkC_ss,PkC_ss
-0.020582378,-0.025482208,-0.06656797,0.06482526,0.013743803,-0.012584065,-0.014474869,-0.058850452,0.01002688,-0.047077656,-0.016841136,0.04292355,0.0066760406,0.002188757,-0.043316837,-0.054075334,0.06759493,0.12012686,-0.034435794,0.021731779,0.048531994,-0.03972412,-0.0691767,0.018200807,0.0046628453,0.023850381,-0.004302852,-0.019762307,-0.059809446,0.043579675,PkC_cs,PkC_cs
-0.025586486,-0.024710968,-0.062923655,0.048699424,0.012113467,-0.008944878,-0.008978322,-0.073981285,0.0040366873,-0.052699104,-0.0074206665,0.03200166,0.010770721,0.007139817,-0.0575851,-0.04461697,0.062166847,0.11973739,-0.025099859,0.022752091,0.05322196,-0.038971,-0.077985644,0.0063692126,-0.017790332,0.025491089,0.008746512,-0.017869331,-0.052766953,0.036853723,PkC_ss,PkC_ss
-0.011575684,-0.018646225,-0.06679239,0.0628818,0.015382145,-0.0040554395,-0.018783793,-0.07061342,-0.006390229,-0.032839566,-0.027833335,0.039193295,-0.002170531,-0.0002887398,-0.07134354,-0.05292715,0.054528005,0.1173013,-0.02931156,0.034927003,0.055128675,-0.029966712,-0.065405324,0.0025947578,-0.0015261956,0.022905111,-0.00972148,-0.024451837,-0.06380623,0.0402006,PkC_ss,PkC_ss
-0.019524783,-0.019765943,-0.06828153,0.0587975,0.014749326,-0.013446766,-0.021236897,-0.05762064,0.009317927,-0.060539067,-0.009325549,0.041999213,0.013540765,0.005854696,-0.03974045,-0.051039174,0.071171895,0.12249988,-0.032505073,0.025201887,0.04886405,-0.044362593,-0.07083731,0.011290446,0.0010331832,0.024357505,-0.0015928969,-0.020075291,-0.053748734,0.04294122,PkC_cs,PkC_cs
-0.022853896,0.015817814,-0.052428238,0.028150186,0.033381112,-0.02869623,-0.037647612,-0.058838144,-0.027593806,-0.058543973,0.006878443,0.004859641,0.039733317,0.05125604,-0.009603344,-0.03369571,0.11854976,0.12256065,-0.05895511,-0.024554253,0.07796297,-0.043672204,-0.054386877,0.019126367,-0.011866849,0.020254761,-0.04484337,-0.021707527,-0.031834677,0.03240747,MFB,MFB
-0.015254825,-0.014086023,-0.06112343,0.054940984,0.02575453,-0.009147496,-0.026503175,-0.07817036,-0.014155969,-0.031155914,-0.03618738,0.02620149,0.00015604496,-0.0041015595,-0.068050824,-0.05774095,0.06715602,0.12269213,-0.039344914,0.036517978,0.05148685,-0.038766295,-0.060122214,0.005803693,-0.00011584163,0.021444023,-0.017157227,-0.027454987,-0.05906546,0.033770174,PkC_ss,PkC_ss
-0.019591168,-0.021369487,-0.0706792,0.061656706,0.013958849,-0.012050461,-0.019523486,-0.057795726,0.011645548,-0.061228216,-0.009452872,0.044531606,0.010793634,0.0064273924,-0.035153996,-0.050548308,0.07100889,0.122168615,-0.03670033,0.0257418,0.048387296,-0.04344053,-0.07263925,0.014314381,0.0046886913,0.024899699,-0.00075504184,-0.016773611,-0.054199994,0.04184507,PkC_cs,PkC_cs
-0.026007846,0.002289176,-0.056444496,0.03556002,0.033794064,-0.037971783,-0.035191827,-0.06963203,-0.021686412,-0.03007622,-0.050435003,0.0022444427,0.01870336,0.026945636,-0.038925692,-0.04554601,0.094794266,0.12589616,-0.045873187,0.013763621,0.03262303,-0.047185503,-0.055561893,0.0043860227,-0.017580956,0.012083389,-0.01510597,-0.020694613,-0.03171882,0.0168785,PkC_ss,PkC_ss
-0.021836072,-0.024278075,-0.06939225,0.0674232,0.013779283,-0.011289296,-0.015446842,-0.056731828,0.011399828,-0.05162733,-0.014096357,0.04511943,0.006679835,0.0027343184,-0.04034301,-0.055173397,0.06666566,0.121295005,-0.033740655,0.020969056,0.04820402,-0.04069893,-0.0699558,0.016500637,0.0055216625,0.0257551,0.0013222173,-0.017495498,-0.057272345,0.043605693,PkC_cs,PkC_cs
-0.019056633,-0.016503125,-0.07443613,0.065273695,0.025682054,-0.007408629,-0.018015742,-0.05957582,-0.01121147,-0.039751224,-0.029362481,0.03740532,0.0056683384,0.015739843,-0.060390573,-0.04336006,0.050585292,0.11671287,-0.028110303,0.027556658,0.05029013,-0.027617317,-0.074029624,0.00094608776,-0.0036725104,0.021098152,-7.792562e-05,-0.0078062043,-0.053015877,0.03232655,PkC_ss,PkC_ss
-0.023696244,-0.024609417,-0.0641953,0.065366104,0.012823828,-0.010531861,-0.015828714,-0.0603116,0.012815259,-0.043884017,-0.020205148,0.043174773,0.006162271,-0.00031755865,-0.048749447,-0.057621077,0.06967588,0.1214786,-0.032834783,0.022876635,0.046758164,-0.040273312,-0.06734106,0.017574131,0.006631311,0.026295282,0.00088178366,-0.021527752,-0.061440736,0.042175755,PkC_cs,PkC_cs
-0.018392473,-0.026946872,-0.060506463,0.05722584,0.006304562,-0.007442607,-0.008395657,-0.07571247,0.0026938096,-0.042074993,-0.016457058,0.036805842,0.0053294897,0.0006056875,-0.06438838,-0.050077215,0.059897695,0.11837186,-0.030595072,0.028320909,0.05120702,-0.039417822,-0.07071612,0.0075176023,-0.016044911,0.027659804,-0.0023611188,-0.023452848,-0.06048122,0.04034718,PkC_ss,PkC_ss
-0.020489156,-0.020100296,-0.06816907,0.060316637,0.014666151,-0.011728136,-0.01764007,-0.05675397,0.00992436,-0.058233522,-0.010573864,0.04368098,0.011556189,0.004295245,-0.03881327,-0.049449943,0.06879164,0.12227927,-0.032359727,0.022316314,0.049125582,-0.04380303,-0.07309508,0.014414731,0.00014954805,0.023464285,-0.00042628497,-0.017046593,-0.054850515,0.041995756,PkC_cs,PkC_cs
-0.018398076,-0.0089737475,-0.065183595,0.054954097,0.027885936,-0.0113737825,-0.02618736,-0.07211883,-0.016510934,-0.027288526,-0.03943075,0.024053715,0.006287694,0.002654627,-0.061052077,-0.05582031,0.0704541,0.121351436,-0.040231206,0.031098843,0.050452843,-0.04411764,-0.059473425,0.0025973078,-0.001730226,0.023786217,-0.015296772,-0.021693282,-0.05311935,0.028758809,PkC_ss,PkC_ss
-0.022832528,-0.023802474,-0.06410759,0.064919464,0.015050542,-0.011448529,-0.013738379,-0.056837797,0.010327317,-0.044591516,-0.017541297,0.043231603,0.0064169317,0.0018057674,-0.04400091,-0.056235902,0.06840916,0.120935366,-0.034281023,0.021657802,0.04627748,-0.041132938,-0.06793928,0.017346177,0.0061854348,0.024691746,-0.0015219972,-0.018478274,-0.057639547,0.040791772,PkC_cs,PkC_cs
-0.022557348,-0.022573143,-0.07042454,0.061003625,0.01548693,-0.011521638,-0.017398044,-0.05924465,0.008588336,-0.058094755,-0.00856892,0.042576335,0.011766452,0.0043186545,-0.039635163,-0.052117415,0.06927596,0.12266861,-0.031745836,0.024029136,0.04747142,-0.043239184,-0.073764645,0.011833362,0.0003060177,0.02432692,-0.0006644577,-0.017178051,-0.054698944,0.041896835,PkC_cs,PkC_cs
-0.031217545,0.011934102,-0.028404355,0.017139226,0.020861667,-0.075215176,-0.037966415,-0.08583224,-0.017516017,-0.03429213,-0.050158303,-0.00011667609,0.023729231,0.056561135,-0.02880963,-0.040884897,0.12947527,0.12982401,-0.06874426,0.015195765,0.015801257,-0.0539504,-0.045472182,0.016177109,-0.035756435,-0.0050477535,-0.0224348,-0.038596466,-0.009478591,0.015524104,MLI,MLI
-0.023983434,-0.023327067,-0.060713388,0.060287446,0.011218071,-0.0049900217,-0.010810852,-0.066858396,0.007761605,-0.045009114,-0.015277408,0.038483966,0.009425841,-0.0025657713,-0.05433588,-0.05038619,0.06284514,0.12117056,-0.02902922,0.023551837,0.04766336,-0.039988644,-0.072356194,0.013090339,-0.012024652,0.026696883,0.0018880218,-0.020343281,-0.05861066,0.03946387,PkC_ss,PkC_ss
-0.02492556,-0.025196895,-0.06658217,0.065755494,0.011022054,-0.009563833,-0.0154013485,-0.06035373,0.012002192,-0.042006947,-0.018214688,0.043565296,0.006812541,0.00018773973,-0.04506489,-0.05724825,0.06854014,0.11978772,-0.033918113,0.021794565,0.046082426,-0.041526437,-0.06850462,0.01592956,0.002716314,0.026531085,-0.0010928735,-0.02198597,-0.06209932,0.04286032,PkC_cs,PkC_cs
-0.036480904,-0.018574387,-0.060903408,0.060652584,0.009574901,-0.0006936677,-0.010718599,-0.06485952,0.011231534,-0.020859472,-0.0329,0.04293756,0.0040612984,-0.009442598,-0.054739617,-0.056467995,0.06811346,0.115329295,-0.026538841,0.01898069,0.044292387,-0.035666108,-0.073546045,0.020937756,6.578863e-05,0.022055633,0.0019501224,-0.02055452,-0.07614784,0.03887771,MLI,MLI
-0.033916757,0.03798075,0.008382097,-0.01267457,0.011614442,-0.1401969,-0.047159575,-0.10620377,-0.030181266,-0.010965064,-0.07956092,-0.036187194,0.049284264,0.087069884,0.013220474,-0.044285208,0.18467927,0.13496666,-0.09323935,-0.029481456,-0.023858596,-0.07863539,0.0012634993,0.020935237,-0.07441591,-0.015515752,-0.034595966,-0.061181635,0.032169513,0.00918711,PkC_ss,PkC_ss
-0.012685582,0.00018048286,-0.061861455,0.047213413,0.036662355,-0.0010155188,-0.031663314,-0.06858541,-0.03701315,-0.042688772,0.0046541467,0.0073055923,0.011661292,0.02189082,-0.04691331,-0.052691378,0.0878613,0.12531649,-0.047042705,-0.008532152,0.091110036,-0.042264964,-0.056812033,0.009612938,0.0015300885,0.038996458,-0.034517698,-0.02028706,-0.05572291,0.035473704,MFB,MFB
-0.019220337,-0.022234946,-0.06810332,0.061867476,0.014854368,-0.013396004,-0.017928898,-0.05701755,0.011375047,-0.057486236,-0.011614993,0.044633042,0.010088878,0.004454598,-0.039579105,-0.05165981,0.06890415,0.12248795,-0.03413181,0.02343066,0.048189912,-0.043068774,-0.07082342,0.015144568,0.0032124184,0.02352418,-0.0009145066,-0.017246261,-0.055009183,0.04246117,PkC_cs,PkC_cs
-0.023634076,-0.005274996,-0.06319427,0.064738974,0.016773526,-0.016851498,-0.02303958,-0.06897876,-0.0013451278,-0.015277512,-0.055581294,0.043510575,0.0059640594,-0.011104301,-0.056723487,-0.06409579,0.077771485,0.11774181,-0.03240078,0.024768941,0.037557945,-0.035077948,-0.05866807,0.017259028,0.011438657,0.013198517,-0.014080934,-0.023508064,-0.07226635,0.04140024,MLI,MLI
-0.02190061,-0.024020165,-0.069914296,0.06655486,0.014438886,-0.012340261,-0.014103889,-0.056616347,0.011205889,-0.051046595,-0.014908187,0.0457139,0.0068263747,0.0026516914,-0.03988516,-0.055552326,0.06823612,0.12117232,-0.034943447,0.021654606,0.04644152,-0.04133483,-0.07110729,0.017056804,0.0059445687,0.025393598,-0.00018756092,-0.015641652,-0.05852952,0.04253625,PkC_cs,PkC_cs
-0.029561624,0.009614252,-0.06649275,0.06294313,0.01581313,0.016929798,-0.018411651,-0.05138102,-0.010750286,-0.052877814,0.02675017,0.02494897,0.028705424,0.01035063,-0.01769811,-0.05609969,0.09490809,0.10873786,-0.039790265,-0.021308973,0.09080186,-0.058969766,-0.061876483,0.011710709,0.002998732,0.056818575,-0.023393802,-0.015096836,-0.058796685,0.046213225,PkC_ss,PkC_ss
-0.017259046,0.002080232,-0.059873953,0.056197643,0.019294094,0.006978511,-0.011411205,-0.048892077,-0.012228109,-0.05002334,0.018954784,0.018388942,0.028278504,0.008426622,-0.03256222,-0.050725583,0.08774267,0.12144408,-0.024820022,-0.037528366,0.08846027,-0.043613873,-0.058781065,0.014173698,-0.0016730018,0.059267826,-0.003078334,-0.0052423924,-0.060967784,0.04020051,MFB,MFB
-0.024454117,0.026934333,-0.0073202103,-0.0031828284,0.033033058,-0.09423093,-0.036803484,-0.07325423,-0.043079607,-0.023135036,-0.022142872,-0.030397706,0.03908055,0.07513125,-0.005360417,-0.045153994,0.15570667,0.13783811,-0.06957278,-0.051279128,0.049056295,-0.06543845,-0.024432018,0.03504323,-0.044179108,-0.0013709664,-0.045745395,-0.0355161,-0.0054739714,0.021102019,MFB,MFB
-0.019295722,0.008945242,-0.066011675,0.06158886,0.019682463,0.01745746,-0.016808704,-0.050939396,-0.018118829,-0.053442,0.025790833,0.024449043,0.029017583,0.0035927743,-0.025597803,-0.05427778,0.089392036,0.113150395,-0.036424287,-0.026430264,0.09868598,-0.06130264,-0.05881834,0.008548189,-0.003980033,0.056599095,-0.022353895,-0.011149451,-0.063337706,0.04882332,MFB,MFB
-0.020466834,-0.027859956,-0.059308253,0.04367984,0.01026402,0.010606288,-0.0070799887,-0.07103397,-0.0064800754,-0.046954975,0.0054218546,0.032152936,0.0040759705,0.020339623,-0.056441925,-0.048701406,0.08163275,0.12421148,-0.026923977,-0.008124769,0.07611479,-0.040846355,-0.072746746,0.010935603,-0.0090146735,0.047349557,0.0020988733,-0.018197104,-0.06458603,0.036549084,MFB,MFB
-0.015560627,-0.03034237,-0.059158675,0.055356763,0.029445738,-0.004967169,-0.0069516897,-0.062998906,-0.011608243,-0.04731019,0.012192555,0.021260746,0.008680087,0.00793758,-0.046887033,-0.05122077,0.06588854,0.13105097,-0.024604596,-0.0046739876,0.07478096,-0.0324339,-0.066255465,0.020376854,0.00045254454,0.036028266,-0.00054489076,-0.010609075,-0.054306608,0.040848076,MLI,MLI
