0,1,2,3,4,5,6,7,8,9,10,11,12,13,14,15,16,17,18,19,20,21,22,23,24,25,26,27,28,29,label_training_space,label_original
-0.0068481043,0.015164945,0.0032046437,-0.00027175248,-0.010080073,-0.0014232472,-0.0071116686,-0.0081322715,0.0035354868,0.007879559,0.008670025,0.014952026,0.0013663918,0.007790573,0.00011010468,-0.00420684,0.006526828,0.0048948154,-0.010362429,-0.004898645,0.008664771,0.0029303282,-0.0030485503,0.00265814,-0.0011198148,0.005954176,0.00033804774,-0.0040704235,-0.009293176,0.0054128543,PkC_ss,PkC_ss
-0.0057196394,0.015132245,0.002357524,-0.001324147,-0.009540198,-0.001291424,-0.0073366314,-0.00793957,0.0047060177,0.008475976,0.008512028,0.013649434,0.00046497583,0.007934943,-0.0008440912,-0.0051026233,0.006079316,0.0039225854,-0.010851792,-0.005188495,0.007628098,0.0026148632,-0.0042768307,0.0025282316,-0.0034568235,0.004287906,0.0018675923,-0.0022969097,-0.0095191505,0.0063380226,PkC_ss,PkC_ss
-0.008073568,0.0156443,0.003014844,-0.0032298714,-0.009201674,0.00010623783,-0.0060887635,-0.011014037,0.004720591,0.008766677,0.008878671,0.015187487,0.001617074,0.008872613,-0.0006535426,-0.0031903982,0.0056643784,0.0032948852,-0.010044002,-0.004668873,0.005488852,0.003162317,-0.0046255626,0.0020411685,-0.0027864948,0.0052828044,0.002947688,-0.005803816,-0.013040068,0.0043089725,MLI,MLI
-0.0043852627,0.012951213,0.0034985505,-0.0033940077,-0.0096145,-0.0009368509,-0.008301303,-0.008672722,0.0069237724,0.0061760303,0.00901141,0.016371258,0.0005233288,0.010862097,0.0032659024,-0.0071182996,0.0027555078,0.0035327896,-0.011417146,-0.0057429187,0.0060921274,0.0027995184,-0.0069210343,0.00018613413,-0.009861037,0.0024895668,0.0044594333,0.0047418326,-0.009296572,0.009616673,MFB,MFB
-0.007043086,0.014036471,0.0027449057,-0.0012588203,-0.008234191,-0.0005277395,-0.006610289,-0.009322174,0.006172389,0.008451935,0.008791402,0.013773322,0.0006881207,0.009781875,-0.00034894794,-0.0034963824,0.005077645,0.0031527467,-0.009644604,-0.004609376,0.005888097,0.002518043,-0.005135849,0.0012885593,-0.0047125444,0.004267201,0.0026550144,-0.0023944154,-0.011589479,0.005642798,MFB,MFB
-0.0052394494,0.0124968495,0.0020413809,-0.0017845929,-0.008674971,-0.0021874756,-0.007910833,-0.008346982,0.00786525,0.0070047155,0.009276845,0.01467064,0.000926435,0.009483643,0.00076806545,-0.0068842135,0.003907293,0.003492318,-0.010793346,-0.005550675,0.006438758,0.0026140362,-0.0070632286,0.00035350025,-0.008189857,0.002757594,0.0037287995,0.0032189414,-0.009293089,0.008133505,MLI,MLI
-0.0058523044,0.011999618,0.0018713996,-0.001471296,-0.00855157,-0.0020109937,-0.00724563,-0.00822822,0.007614456,0.0070660375,0.008843519,0.013544746,-3.8579106e-05,0.009690963,0.00066729635,-0.0070143715,0.0040523857,0.0033991784,-0.010448185,-0.005417526,0.0063235853,0.0027758926,-0.006130807,0.00065702945,-0.0083412975,0.0023334473,0.003315039,0.003643006,-0.009563535,0.008312255,MLI,MLI
-0.006969303,0.012769952,0.0024273694,-0.0017471462,-0.008951735,-0.0005243048,-0.006895706,-0.008069478,0.0060781837,0.0073177665,0.007852085,0.012762636,-0.0010848045,0.00922659,0.00048806518,-0.005967427,0.005899653,0.0034050383,-0.009439197,-0.0045855157,0.0067918133,0.0027826503,-0.0045834593,0.0017965846,-0.007524565,0.003123492,0.0025935322,0.00091599673,-0.011067098,0.007974297,PkC_ss,PkC_ss
-0.007179193,0.015759334,0.0024546161,-0.0025033504,-0.009368789,-0.0011277273,-0.007538855,-0.010406084,0.0041712373,0.007872647,0.008984417,0.014681876,0.0014400929,0.007682301,-0.0016163066,-0.0033977143,0.007094264,0.0045001917,-0.009774356,-0.0049714334,0.0067313947,0.003321521,-0.0042996444,0.0024514236,-0.002198875,0.005531259,0.0023498312,-0.0060403645,-0.0115161445,0.004930906,PkC_ss,PkC_ss
-0.007460952,0.014305869,0.0025481917,-0.0019921511,-0.009553093,-0.0008465722,-0.005690098,-0.010125838,0.004795514,0.008202624,0.008440778,0.01440905,0.0014210194,0.0072604045,-0.00083030015,-0.0036729202,0.0074514747,0.0043602325,-0.009767289,-0.004512608,0.0069798604,0.003486529,-0.0038814098,0.0023643114,-0.0022769049,0.0050137118,0.0018777922,-0.0047176406,-0.012100024,0.004717402,PkC_ss,PkC_ss
-0.0018460006,0.011220106,0.0023025684,-0.0024031103,-0.009553356,-0.002043292,-0.007356584,-0.007846884,0.007528402,0.004534255,0.0082827285,0.016761385,-0.00037313998,0.012668639,0.004437603,-0.009168528,0.0029696226,0.0065848865,-0.013550059,-0.008107379,0.006396411,0.0027934983,-0.007075373,-0.001011163,-0.014245018,0.0008426234,0.003100969,0.011853009,-0.007733917,0.015555073,PkC_cs,PkC_cs
-0.032064214,-0.026941964,0.022750698,-0.036536366,-0.026243191,-0.02389308,-0.009078726,-0.04672949,0.008430108,-0.029017614,0.015581757,-0.010401435,0.012371004,-0.019494876,-0.0025849566,-0.032045383,0.019956194,-0.03902337,0.043819003,-0.004007768,0.0018417779,0.04346646,-0.016781546,0.0055173337,0.0057716966,-0.0035984963,0.027939472,-0.01740373,-0.010264523,-0.008739598,PkC_cs,PkC_cs
-0.0062948093,0.012170483,0.002136711,-0.0022463799,-0.008781797,-0.0017504692,-0.0072076023,-0.008995011,0.0077520087,0.0072828736,0.009861596,0.01453086,0.0008262694,0.010754429,0.00031009316,-0.00678277,0.00397186,0.0033606999,-0.010868386,-0.0054377317,0.0060142353,0.0024171397,-0.0064777415,0.00086491555,-0.008730784,0.0023642555,0.0032816082,0.0030755699,-0.009980541,0.009010475,MFB,MFB
-0.0060019568,0.010808715,0.0024415776,-0.0007580817,-0.008489527,-0.0010447204,-0.0064729005,-0.0065600723,0.0077463314,0.008275326,0.007617481,0.011702821,-0.0016500354,0.010851547,0.0009564981,-0.0071570314,0.004651159,0.003367979,-0.010279433,-0.005118385,0.0064255185,0.0016485006,-0.0053480715,0.0014239661,-0.008764625,0.0017277673,0.0026790053,0.005436383,-0.00902809,0.009174578,PkC_ss,PkC_ss
-0.006419502,0.0109962365,0.002125889,-0.00044457614,-0.008522976,-0.00026793778,-0.0055564046,-0.0064234287,0.0067322254,0.0080790855,0.008194879,0.011379421,-0.001252532,0.009913795,7.073581e-05,-0.0061765797,0.0044108033,0.0026808903,-0.009886797,-0.003987547,0.007001281,0.0016328245,-0.0048848167,0.0016578622,-0.0074301437,0.0018007979,0.0024134517,0.0028036162,-0.009684021,0.0085723065,PkC_ss,PkC_ss
-0.0069791526,0.010719641,0.002247665,-0.0010544211,-0.0086668385,0.00064153224,-0.005022973,-0.007116765,0.0063767433,0.0071118996,0.007851273,0.010709971,-0.0026765168,0.01029896,0.00053592026,-0.005244337,0.0042637736,0.0023367628,-0.008649065,-0.003770601,0.0060415696,0.0027571842,-0.004361447,0.0012300126,-0.008278154,0.0024977103,0.0020769984,0.0020240322,-0.009983817,0.0077381246,PkC_ss,PkC_ss
-0.008502476,0.0133531755,0.0017814599,-0.0014015883,-0.008813705,-1.951307e-05,-0.0055070072,-0.010057032,0.0047601983,0.007859411,0.007677987,0.01213184,-0.0004247576,0.007979974,-0.0013191476,-0.0032434575,0.007770762,0.004185725,-0.008435147,-0.0045645386,0.006737441,0.0031987727,-0.0036277324,0.0026991703,-0.0027187988,0.0047322586,0.002408579,-0.004087426,-0.012492744,0.0053336285,PkC_ss,PkC_ss
-0.0056688413,0.011399262,0.0027186126,-0.0013457984,-0.009245962,-0.0011311024,-0.0065748394,-0.008033901,0.0070364326,0.006971536,0.008779511,0.012944192,-0.0011333674,0.010122091,0.0011878982,-0.0066852085,0.004741594,0.0029764995,-0.010565587,-0.004679773,0.0067490935,0.0024476051,-0.005283471,0.001268059,-0.008811325,0.0016165227,0.0027108341,0.0037516356,-0.009938063,0.008687746,PkC_ss,PkC_ss
-0.049293756,-0.037218668,0.037992366,-0.03439337,-0.038268413,-0.030927308,0.0007407367,-0.049286775,0.016093157,-0.016950175,0.008138649,-0.02987311,-0.002256021,-0.023703076,0.0073003843,-0.035664465,0.011751674,-0.040659353,0.05862411,0.0061899126,-0.0017341562,0.035733845,-0.028122209,0.0026773885,0.024448834,0.00017780066,0.037208755,-0.00957901,0.0034538535,-0.026088491,PkC_cs,PkC_cs
-0.049237207,-0.037195235,0.038025923,-0.034235917,-0.038331803,-0.030898511,0.0007817298,-0.049301375,0.016192429,-0.01683254,0.008256212,-0.02981294,-0.0023328364,-0.023562253,0.0072620884,-0.03565379,0.011798248,-0.04068117,0.058562163,0.006168321,-0.0017386321,0.0357635,-0.028071001,0.0026537664,0.02448406,0.00010301918,0.037134893,-0.009633951,0.0033841748,-0.026161492,PkC_cs,PkC_cs
-0.10108046,-0.09448898,0.08201169,-0.07173282,-0.07583492,-0.050315663,0.008665144,-0.09874,0.03602554,-0.07882447,0.012436539,-0.06591032,-0.0015839338,-0.042982727,0.030223407,-0.064797565,0.026229195,-0.09157768,0.15919065,0.0020460263,-0.01822328,0.09033869,-0.041597165,0.009453554,0.043501817,0.003066443,0.04692301,-0.028892733,0.0034718793,-0.066443354,PkC_cs,PkC_cs
-0.06821801,-0.03538967,0.05504509,-0.030990504,-0.04168634,-0.039576553,-0.004300654,-0.05605758,0.013848506,-0.013405297,-0.0023125187,-0.04538486,-0.015103221,-0.019443296,0.0011440292,-0.043810587,0.021172754,-0.04101386,0.0679164,0.0074839815,0.0014281105,0.043675777,-0.022452105,0.011353308,0.025807299,0.002551183,0.041663595,-0.0042314753,0.0013341764,-0.033596724,PkC_cs,PkC_cs
-0.008052401,0.015609605,0.0033096783,-0.0027288646,-0.009253526,-0.0003758967,-0.0069745034,-0.010841295,0.0039224476,0.0077359173,0.0077124834,0.01418817,0.00071926415,0.008416221,-0.0005726144,-0.0028381236,0.006339282,0.0038850456,-0.009012552,-0.0043005794,0.0061205514,0.0035609007,-0.003988888,0.0026795901,-0.001801148,0.005393304,0.002358377,-0.0067531094,-0.0122615695,0.0033971928,MLI,MLI
-0.007255122,0.014402621,0.003101211,-0.0021751225,-0.009441704,-0.0006124526,-0.006215021,-0.009862974,0.00480593,0.007840384,0.008289322,0.014321953,0.00070360303,0.007935338,-0.00021036714,-0.0038494132,0.006854549,0.0042633004,-0.009916562,-0.004468031,0.0066359527,0.0033181906,-0.003991071,0.0020081326,-0.003518097,0.004614815,0.0019576177,-0.0036173686,-0.011984944,0.005579572,PkC_ss,PkC_ss
-0.007865854,0.015388402,0.0030023456,-0.0024642497,-0.008628812,-0.00043669343,-0.0066096783,-0.009863302,0.0046276227,0.008580027,0.007992692,0.013555631,0.0009952188,0.008301131,-0.0011065677,-0.0028124936,0.006308347,0.003849905,-0.00951364,-0.0042455383,0.005831152,0.0030323341,-0.0043445453,0.0019039325,-0.0026165843,0.005404465,0.0021540597,-0.005268924,-0.011887247,0.004568495,PkC_ss,PkC_ss
0.018344179,-0.010702174,-0.026103657,-0.014093891,0.0054183397,-0.008447483,-0.010607474,-0.029655889,0.0049623996,-0.008668967,0.021107882,0.026904814,0.02937179,-0.016580515,-0.017037205,-0.028521126,0.007020712,-0.022514962,-0.029924206,0.0013040006,0.0267115,0.026365068,-0.006027559,0.008024111,-0.01630424,-0.021661095,0.03614157,-0.009750962,-0.017688144,0.013965551,PkC_cs,PkC_cs
-0.001407668,0.010195007,-0.0030496158,-0.0050716847,-0.001586386,-0.0027684048,-0.009026855,-0.020684332,-0.0020800605,0.0018589171,-0.0076185763,0.0024215654,-0.0045051426,0.0027806833,-0.0012774542,-0.011138555,0.00433746,-0.012695499,-0.0106552085,-0.0034775399,0.011982892,0.009002082,-0.0053818673,0.0056160055,-0.004033141,-0.0019371808,0.013604961,-0.0043944567,-0.006361097,-0.0061616227,PkC_cs,PkC_cs
-0.0056639984,0.012699514,0.0030654743,-0.0024529994,-0.009271053,-0.0012664571,-0.007932395,-0.008292064,0.00689169,0.006908249,0.008359067,0.014441684,-0.00042773783,0.01118654,0.0016395673,-0.0071275383,0.004150152,0.003970597,-0.0110067455,-0.0057779476,0.006503718,0.0020940155,-0.0062074885,0.0012140535,-0.009573095,0.0027198195,0.0031603426,0.004429728,-0.009189349,0.009579856,MLI,MLI
-0.005751133,0.0121967625,0.0022880137,-0.0010543317,-0.008432376,-0.0013523698,-0.007363498,-0.007426873,0.0063774213,0.0067085754,0.008583374,0.01208505,-0.00096206367,0.009520046,0.00020944327,-0.0064202584,0.0039026886,0.0025995933,-0.009828034,-0.004695371,0.00641769,0.002627261,-0.0054630414,0.0009794533,-0.007578999,0.0022446886,0.0028999597,0.0021361709,-0.0090758,0.00747893,PkC_ss,PkC_ss
-0.008054778,0.0141211,0.0025192872,-0.000784412,-0.009061025,-0.00060871243,-0.0059661716,-0.008507945,0.004097417,0.008044498,0.008048527,0.012701467,0.0004400015,0.00759919,-0.0015386716,-0.0037879013,0.0070142,0.0039563775,-0.009204158,-0.003982339,0.007818224,0.0033368915,-0.0035046712,0.0022768453,-0.0022823066,0.0050786585,0.0012975559,-0.0043994337,-0.011037288,0.00593286,PkC_ss,PkC_ss
-0.007922865,0.01447689,0.0025336184,-0.0007455349,-0.008938629,-0.000614129,-0.0065191686,-0.007974848,0.004058905,0.008634282,0.0077857524,0.012288302,-0.00025628507,0.008212157,-0.0010789186,-0.0040816218,0.0066985786,0.0040601343,-0.009902359,-0.004161533,0.0077099344,0.0028624013,-0.003305275,0.0023163185,-0.0032210723,0.0049374327,0.0016665757,-0.0024924427,-0.010652533,0.0065691546,PkC_ss,PkC_ss
-0.008958243,0.01498669,0.0027745962,-0.0020374358,-0.008601483,0.0011111796,-0.0053079575,-0.010351382,0.0048658177,0.009181747,0.0075125173,0.013440475,0.0003464669,0.008686759,-0.0004602298,-0.0021815524,0.006798342,0.0029300153,-0.009650712,-0.0038713329,0.0063518323,0.0033338964,-0.0037423111,0.0024842285,-0.0017147884,0.0050616562,0.0021582916,-0.005520262,-0.013466332,0.003834065,MLI,MLI
-0.0065299347,0.012976724,0.0029215217,-0.001916632,-0.008506784,-0.0012287945,-0.007895216,-0.0075316727,0.007452354,0.007189244,0.007910885,0.013611294,-0.00055526197,0.010400407,0.0011953786,-0.0065537877,0.0035936981,0.0036814772,-0.0099604195,-0.005282346,0.0053386837,0.002131261,-0.006780954,0.00030257553,-0.007879451,0.0031198636,0.0031421334,0.0029671267,-0.00952008,0.006980352,PkC_ss,PkC_ss
-0.008986436,0.014712065,0.0032568313,-0.0019287467,-0.00959249,-0.00021771342,-0.006101519,-0.010891497,0.003884241,0.0076597165,0.007908858,0.013681896,0.0008016825,0.0076157004,-0.0007251203,-0.0022686012,0.0072811544,0.004271161,-0.0085724965,-0.003553681,0.006944174,0.0033148006,-0.003546156,0.0029654056,-0.00031317025,0.0061210394,0.0015871599,-0.0077244937,-0.012156213,0.0023698434,MLI,MLI
-0.0067507327,0.015857592,0.0027661584,-0.0035677552,-0.009526122,-0.00014784187,-0.0073952824,-0.011237122,0.005126685,0.007572692,0.00800471,0.015078098,0.000816077,0.008336693,0.00061322004,-0.003969528,0.00662145,0.0033081956,-0.0106556965,-0.0052924603,0.005938554,0.0035836175,-0.005017467,0.002431918,-0.0035826638,0.0040925965,0.003372565,-0.0035719126,-0.012802528,0.0038567819,MFB,MFB
-0.0065018907,0.014417886,0.0031511262,-0.0030597001,-0.008419838,0.0003092587,-0.005599171,-0.010952294,0.005810261,0.008340595,0.0077989176,0.01563514,0.0014313757,0.009949617,0.0014198422,-0.0036450215,0.0050302297,0.0023236722,-0.01101854,-0.0046479255,0.0061136317,0.0037834346,-0.0051776133,0.0013357364,-0.0061247274,0.003284745,0.0036377013,-0.0008297786,-0.013072548,0.0072020814,MFB,MFB
0.01794824,-0.0055589937,-0.025430629,-0.011033013,0.0021069944,-0.0077341646,-0.014450341,-0.020099886,0.0050141215,-0.004654915,0.022404782,0.021173678,0.025115907,-0.011876017,-0.02125778,-0.027230758,0.0096681565,-0.015730612,-0.030747816,0.0007786155,0.028243942,0.0146695,-0.005934743,0.013471626,-0.017011896,-0.020237498,0.025575899,-0.010633841,-0.012007007,0.01430998,PkC_cs,PkC_cs
-0.005681649,0.0115933735,0.0038593747,-0.0011312962,-0.008364169,0.00014343858,-0.00461033,-0.00847701,0.008445166,0.009026721,0.00814677,0.015636317,0.000637874,0.012507111,0.0040145144,-0.0066389553,0.002953723,0.0010690279,-0.012426018,-0.0056721605,0.00585212,0.0020626932,-0.0072465055,-0.0009498,-0.009605087,0.0012877434,0.0036969334,0.0069691017,-0.011790747,0.010299746,PkC_cs,PkC_cs
-0.0073626563,0.011826372,0.0025803708,8.007884e-05,-0.008853562,-0.00061490387,-0.006450653,-0.0062222704,0.0059626475,0.0071881823,0.008151628,0.010875836,-0.0021249354,0.009680174,0.0002837628,-0.0064354725,0.0041968822,0.00243558,-0.0092251785,-0.0038003959,0.0073262984,0.0024802834,-0.00438419,0.0013725348,-0.0071096644,0.002668783,0.0016655251,0.0020022094,-0.009185249,0.007517658,PkC_ss,PkC_ss
-0.006962076,0.015569235,0.0027048178,-0.002257049,-0.009004714,-0.0010244921,-0.007547006,-0.009184569,0.0044100136,0.007833071,0.00792893,0.013528205,0.00066131353,0.008144587,-0.0010758862,-0.0042893626,0.0059634,0.0036969557,-0.009580086,-0.0046986267,0.0065393746,0.0033623949,-0.004363548,0.0022905543,-0.0037257522,0.004790023,0.0023070052,-0.004204035,-0.011002203,0.0050803386,PkC_ss,PkC_ss
-0.007413231,0.013880728,0.0023311228,-0.0015954673,-0.009047914,-0.00065648556,-0.005631,-0.008966893,0.0048291907,0.008722324,0.0073623583,0.01277817,0.0005687922,0.007067196,-0.0014495403,-0.003609728,0.0075957775,0.0044865943,-0.009428625,-0.0042690895,0.007027345,0.0030393153,-0.0035791546,0.0030393451,-0.0017546862,0.004691072,0.0015661716,-0.0044632554,-0.011208124,0.004808571,PkC_ss,PkC_ss
-0.05116895,-0.033421636,0.037069812,-0.039315365,-0.034481168,-0.03193087,-0.009435937,-0.05702715,0.01140935,-0.027443098,0.008703351,-0.024793603,-5.7801604e-05,-0.020439342,-0.00080509484,-0.040001698,0.027589433,-0.04310014,0.05967414,-0.0027269349,0.00036969595,0.050877467,-0.018948259,0.008084662,0.012173109,0.0008645728,0.0363716,-0.014462702,-0.010314381,-0.019780442,PkC_cs,PkC_cs
-0.0073360354,0.016514525,0.0029015094,-0.003247723,-0.008760876,0.0010378063,-0.006823018,-0.011087045,0.005006641,0.008924099,0.007849611,0.015282489,0.0014834553,0.009241283,0.00023019314,-0.0025136694,0.006013438,0.0028163306,-0.010904702,-0.004847694,0.005955374,0.0036697239,-0.0044243895,0.002695568,-0.0027918816,0.0046930388,0.0030936226,-0.005015217,-0.013500975,0.0040151626,PkC_ss,PkC_ss
-0.007652223,0.015702255,0.0029857494,-0.0030406564,-0.009283159,-5.5857003e-05,-0.007019192,-0.0099454895,0.0047651306,0.008417167,0.0079583675,0.014760934,0.0012366325,0.008137435,-0.0006873086,-0.0033941157,0.00638631,0.0041578338,-0.010112097,-0.0042795055,0.006551858,0.0033233836,-0.004268937,0.00276763,-0.002524063,0.005453758,0.0019771606,-0.0057984143,-0.01176969,0.0040852614,PkC_ss,PkC_ss
-0.059460863,-0.04324331,0.044748664,-0.04197886,-0.041019887,-0.035250388,-0.004237622,-0.059753135,0.015005954,-0.030977122,0.006804161,-0.03816075,-0.0030715168,-0.025033325,0.0029675588,-0.042393513,0.022577547,-0.048422404,0.075810134,0.0022506714,-0.0017189179,0.049004443,-0.025502367,0.00926953,0.01983723,0.0008322522,0.04056667,-0.012359239,-0.0014463942,-0.027325526,PkC_cs,PkC_cs
-0.055466607,-0.070390426,0.0454332,-0.05918522,-0.050136223,-0.031641148,0.00043986738,-0.07759863,0.024204835,-0.071809575,0.022902027,-0.030499853,0.013349682,-0.03527827,0.01893989,-0.04351035,0.026570946,-0.06926009,0.10693705,-0.0033532046,-0.009327119,0.071618654,-0.02561259,0.007554598,0.018315844,-0.002376631,0.032043234,-0.030622452,-0.006168144,-0.036236152,PkC_cs,PkC_cs
-0.016301386,-0.0018605515,0.008745648,-0.013162777,-0.012136979,-0.016404204,-0.012498587,-0.031222053,0.000854373,-0.0022330405,0.010855496,0.008762807,0.009753928,-0.0064545125,-0.0075744838,-0.021026138,0.013494775,-0.015001453,-0.0064559365,0.0011489764,0.014948198,0.027407173,-0.006295545,0.004589688,0.0016773939,-0.005607553,0.019623362,-0.007024348,-0.012085311,-0.0009732917,PkC_cs,PkC_cs
-0.030632332,-0.025486598,0.020936862,-0.029792286,-0.02417005,-0.0169902,-0.000885278,-0.035116836,0.008746073,-0.019742705,0.011351205,-0.008404672,0.010446966,-0.015641764,0.0045723543,-0.024016012,0.009886816,-0.034379736,0.03688699,0.0015236661,-0.00035903417,0.03382158,-0.01964805,-0.0010992289,0.011939928,-0.0026076064,0.02248666,-0.012379855,-0.005114848,-0.007992387,PkC_cs,PkC_cs
-0.0063784868,0.010739269,0.0021129064,-0.0005361885,-0.008580031,-0.0013056472,-0.006530389,-0.00654725,0.008039981,0.007307159,0.008164853,0.013176911,-0.000731498,0.0097853765,0.0013996214,-0.007299874,0.00421454,0.003858421,-0.01036285,-0.0045605563,0.007398149,0.0020046681,-0.0058274996,0.0008700825,-0.008449338,0.0023381338,0.0023468211,0.0051309243,-0.008691734,0.009137504,PkC_ss,PkC_ss
-0.0069324076,0.015957726,0.0028755814,-0.0028325468,-0.009626186,-0.0012888089,-0.00790675,-0.009686641,0.0044493303,0.00804681,0.00874915,0.015558802,0.0020551085,0.0077005923,-0.0012054071,-0.0044280216,0.0073036402,0.005203381,-0.010208395,-0.0052859113,0.007201778,0.0030148998,-0.0043073,0.0027767643,-0.0026820675,0.0055772066,0.0017113164,-0.0054667816,-0.011124661,0.005864188,MLI,MLI
-0.004641317,0.01281901,0.0021304898,-0.001494348,-0.008785525,-0.0026666224,-0.008498266,-0.0070031807,0.0075281784,0.006532943,0.008511186,0.014803901,0.0010238439,0.009665042,0.00096356124,-0.008285575,0.0039142817,0.0041260906,-0.01133681,-0.006120179,0.007308594,0.002042532,-0.006911546,0.0009745285,-0.009114422,0.0022151694,0.0027660728,0.0050967187,-0.008196391,0.009464994,MLI,MLI
-0.005967304,0.012737352,0.0026833266,-0.0017680973,-0.009254881,-0.0018522367,-0.008280352,-0.007881664,0.0074223727,0.0067375414,0.0090780705,0.014510296,0.00022007525,0.010711074,0.001214236,-0.0075226687,0.0037059486,0.0039553605,-0.010575007,-0.005696308,0.006671032,0.0016560256,-0.0062101465,0.0014393441,-0.008703783,0.0029104277,0.002530463,0.0032986477,-0.008931216,0.008410223,MLI,MLI
-0.004947029,0.012094071,0.002706714,-0.0024453849,-0.009859474,-0.0012651831,-0.00875479,-0.0073012933,0.00685481,0.0055672973,0.009789884,0.014889717,-0.00026473403,0.010457814,0.0021179244,-0.007847086,0.0034081936,0.0043077916,-0.010643228,-0.0055000335,0.006872542,0.0022454858,-0.005910186,0.00095145404,-0.009390332,0.0031225905,0.0029514804,0.0040164143,-0.0075884946,0.009411164,MFB,MFB
-0.006361209,0.013189508,0.0033997186,-0.0029979497,-0.009430779,-0.0011374056,-0.0083491355,-0.009948887,0.006823458,0.006261306,0.009604752,0.015211888,0.00020185113,0.01133275,0.0018099099,-0.0061332807,0.00353086,0.0031787008,-0.010350655,-0.005471103,0.0056646243,0.0029595196,-0.006017063,0.0009765998,-0.008770011,0.003154993,0.0035999864,0.0016883388,-0.0106525775,0.007855024,MFB,MFB
-0.0056046844,0.012623655,0.0022298656,-0.0024245083,-0.009119319,-0.001339063,-0.008285075,-0.008595794,0.0075747147,0.0065394416,0.009554401,0.015147805,0.00019709766,0.010274865,0.0015408844,-0.007263627,0.0036403388,0.0035066009,-0.010825693,-0.005390793,0.006052118,0.0021220595,-0.006463634,0.00090694055,-0.008651063,0.0026132166,0.0035037175,0.0023681596,-0.009841554,0.007640157,MFB,MFB
-0.071162224,-0.105357714,0.07966752,-0.061675884,-0.07162459,-0.025792807,0.02300702,-0.12172094,0.02018167,-0.1332248,0.042180076,-0.008982651,0.02632998,-0.024520174,0.04725056,-0.02735088,0.056508645,-0.10394107,0.14360677,-0.00576216,0.001232259,0.14804563,0.01689706,0.0028846227,-0.015891634,0.0018182024,-0.0063146427,-0.038519666,-0.05240849,-0.031208225,PkC_cs,PkC_cs
-0.0047389567,0.013938483,0.0033919737,-0.0016229451,-0.008782605,-0.0015074611,-0.0087349415,-0.006857477,0.005902238,0.006073594,0.007948153,0.014912397,0.000600785,0.01058884,0.0015642121,-0.007111069,0.003341332,0.0037114471,-0.010392464,-0.006092012,0.0062617976,0.0018570796,-0.007062029,0.00018893555,-0.008717053,0.0026974082,0.0035723,0.0036879778,-0.009436125,0.009048972,MFB,MFB
-0.004312888,0.013052199,0.00222693,-0.0029301345,-0.008917626,-0.0019553378,-0.007767588,-0.007732466,0.0066115037,0.00698041,0.008430533,0.013972625,0.0005558133,0.008249454,0.00033757836,-0.0070482045,0.0043566823,0.0032476373,-0.010569577,-0.005000189,0.005998129,0.0025635287,-0.0063121784,0.0011284538,-0.008206606,0.0021872446,0.0035727993,0.0018177703,-0.009270757,0.007753987,MFB,MFB
-0.0053104833,0.013424971,0.0029238611,-0.0025497526,-0.008649345,-0.0008378476,-0.008393496,-0.008424006,0.00715477,0.006443754,0.008841343,0.01499375,-6.6012144e-06,0.010398991,0.0019827038,-0.0063206293,0.003087148,0.002893895,-0.010472021,-0.005119197,0.0050593484,0.0027436614,-0.0065795593,4.0844083e-05,-0.009078868,0.002295427,0.0039115623,0.0023492277,-0.01084787,0.007259045,MFB,MFB
-0.004580125,0.013287019,0.003031034,-0.0018991828,-0.008426563,-0.00090726465,-0.008046746,-0.0075379536,0.0075128824,0.00675847,0.007736802,0.015279077,0.00060898066,0.010517225,0.0023090914,-0.006671548,0.0032066405,0.0032468438,-0.010497767,-0.0057338513,0.0059866253,0.001455538,-0.0074056797,0.00046635047,-0.008436874,0.0024535954,0.0035176799,0.003148973,-0.009850422,0.007556211,MFB,MFB
-0.0054782256,0.014084144,0.0019496642,-0.0019389391,-0.008834621,-0.0016839951,-0.0071364194,-0.008160904,0.0056814626,0.0077105816,0.008019395,0.013530135,0.0008960068,0.008485168,-0.0006578043,-0.0059129,0.0053902566,0.0034559965,-0.010478503,-0.0050716028,0.0070817918,0.0026506037,-0.005743647,0.0018088557,-0.006800227,0.0027495995,0.0033527762,0.00089549273,-0.010381192,0.008230012,PkC_ss,PkC_ss
-0.0059461296,0.011161233,0.002059184,-0.0005619675,-0.008614113,-0.0017282963,-0.0067411363,-0.0066154227,0.007455595,0.008013524,0.007422425,0.012754627,-0.0008470565,0.010293163,0.0009315312,-0.0079264045,0.004872799,0.0038343705,-0.011320897,-0.005188875,0.007995889,0.0015831068,-0.0056673586,0.0016459562,-0.008835837,0.0016891286,0.0023222193,0.0060232803,-0.008637225,0.010139324,PkC_ss,PkC_ss
-0.018018208,-0.0019591898,0.0110701695,-0.013794154,-0.013694286,-0.019023687,-0.012385674,-0.031684168,0.0028492734,-0.00034217257,0.008141458,0.0034279376,0.005716175,-0.008043282,-0.0073413253,-0.023108592,0.013607092,-0.01476977,-0.0017255312,0.0004909858,0.012424611,0.026046228,-0.008069431,0.005220089,0.004222788,-0.0048345253,0.02222626,-0.005756393,-0.00956017,-0.0050138906,PkC_cs,PkC_cs
-0.0066772476,0.011310932,0.0022681132,-0.0008158535,-0.0083488375,-0.0009996518,-0.0073008686,-0.0066512898,0.006524995,0.00776447,0.008573376,0.0121111125,-0.0011676699,0.010619201,9.325147e-05,-0.0076251477,0.004775852,0.0028538033,-0.010795823,-0.004462287,0.0076656453,0.0024489388,-0.0045064874,0.0015714467,-0.008916318,0.0017492771,0.0025484934,0.0041109324,-0.009254416,0.0102232285,PkC_ss,PkC_ss
-0.007907391,0.014308404,0.0027945265,-0.0021866113,-0.009749027,-0.0010484383,-0.006652221,-0.010510452,0.004302755,0.0072201677,0.009183139,0.012421094,-0.00015856326,0.009155296,-0.0015212074,-0.0041145533,0.006248638,0.0030087233,-0.009048432,-0.0043599494,0.0067685433,0.0037239566,-0.0038882233,0.0026985146,-0.004730247,0.0042162016,0.0025472045,-0.0033833906,-0.011328604,0.005795408,MFB,MFB
-0.0055212006,0.01287114,0.0040190965,-0.0021887869,-0.008756473,-0.00039678812,-0.005194485,-0.009721793,0.008022152,0.009410722,0.008195654,0.01678083,0.0007341057,0.012881659,0.0037705377,-0.006703105,0.0025346875,0.0016428456,-0.013876946,-0.0053810924,0.00627804,0.002885595,-0.007407693,-0.00091700256,-0.010849319,0.0011121556,0.0045836717,0.0075732395,-0.011885071,0.01173427,PkC_cs,PkC_cs
-0.0048080385,0.012861563,0.0017887354,-0.0023198575,-0.008605353,-0.0018067062,-0.00832957,-0.0072761104,0.007279694,0.007064745,0.009166926,0.014325112,0.00095142424,0.00934878,0.00011320412,-0.007799741,0.004402876,0.003297463,-0.011344801,-0.005464796,0.0069218706,0.0022462234,-0.0064510666,0.0012800023,-0.008993432,0.001915589,0.0035315752,0.0036142021,-0.009202715,0.009419747,MFB,MFB
-0.005155146,0.012098967,0.0028620102,-0.0021117926,-0.009044344,-0.0011436641,-0.0071560144,-0.008882441,0.0065972432,0.006511783,0.008394413,0.01406993,-0.0005148202,0.010895774,0.0019390509,-0.006044604,0.0039274693,0.00355177,-0.0107426895,-0.00541424,0.0063166525,0.0023540482,-0.0061318073,0.0006284602,-0.00904309,0.0025344715,0.0032753646,0.0037623495,-0.00947706,0.009306744,PkC_ss,PkC_ss
-0.12678407,-0.15931816,0.13806319,-0.08236657,-0.113114305,-0.04956387,0.026394874,-0.20114055,0.02663257,-0.21503028,0.06051917,-0.02002088,0.027580358,-0.024891011,0.06511367,-0.04878934,0.10965575,-0.155881,0.22565837,-0.018247291,0.009417779,0.24907857,0.04989734,0.016605917,-0.033412725,0.0064571053,-0.023884453,-0.055563595,-0.094994724,-0.058257066,PkC_cs,PkC_cs
-0.003046833,0.010920211,0.0028805584,-0.0034097433,-0.010438185,-0.0015066117,-0.0074864775,-0.0084258765,0.008145206,0.005532246,0.009169243,0.017942563,0.0002322942,0.011226311,0.0045819655,-0.009201098,0.0032826662,0.006459225,-0.0128863985,-0.0065456666,0.0066233035,0.0020188987,-0.0068065263,0.00015720353,-0.011747353,0.0014808849,0.00350219,0.0077605024,-0.008482119,0.012654085,MFB,MFB
-0.0064114705,0.012142457,0.002657406,-0.0026468635,-0.009117952,-0.0014920384,-0.0077623725,-0.00796558,0.0076003075,0.0072253346,0.009036362,0.0140987635,-0.0002809167,0.010141246,0.00093886256,-0.0070296526,0.0039997995,0.0041632876,-0.010620617,-0.004857339,0.005989965,0.001958929,-0.0061267223,0.0010234043,-0.00846906,0.0032886863,0.0027177632,0.002484776,-0.008982141,0.00791797,PkC_ss,PkC_ss
-0.0063863397,0.010939098,0.0029151812,-0.0008996725,-0.009143941,-6.8672e-05,-0.0056028813,-0.008846745,0.0066729635,0.006197991,0.008081533,0.0128592625,-0.0017426163,0.011297226,0.0025488213,-0.0058186874,0.0045679957,0.002968505,-0.009547477,-0.0047979318,0.006463403,0.002683714,-0.004933875,0.0007691942,-0.009323515,0.0021478012,0.0029947609,0.0042965263,-0.01103816,0.009119503,MLI,MLI
-0.005819887,0.011649352,0.002625689,-0.00069764256,-0.008533354,-0.000940986,-0.0070402175,-0.00762178,0.0071056485,0.0064231157,0.008722842,0.013998695,-0.00017596781,0.010107152,0.0019846633,-0.006413106,0.004108593,0.0033644363,-0.0103305625,-0.004818935,0.0068634953,0.0021243542,-0.0056113657,0.00048616529,-0.007875346,0.0021962747,0.002619274,0.003510043,-0.009891091,0.008822359,PkC_ss,PkC_ss
-0.0040705204,0.012510062,0.0023869723,-0.003324315,-0.009003455,-0.0017855391,-0.008559406,-0.008044496,0.0072770864,0.00646876,0.008651674,0.015657715,0.00075025856,0.009679213,0.0015205666,-0.007641915,0.0040617585,0.00443111,-0.011308962,-0.0056896284,0.0069337282,0.002220288,-0.0066910833,0.0011996068,-0.009481356,0.0024713054,0.003613837,0.0038625821,-0.008226525,0.00999698,PkC_ss,PkC_ss
-0.0048869774,0.0121859,0.0040634014,-0.0025978386,-0.008449191,0.0005610436,-0.005353838,-0.007947251,0.008385591,0.0090962965,0.0067441314,0.01669576,6.748736e-05,0.012353189,0.00498987,-0.0077629797,0.002644688,0.001872126,-0.014062163,-0.0055966377,0.0059651565,0.0022683144,-0.007779369,-0.0012019835,-0.010642432,0.00075174123,0.003987953,0.008226246,-0.011300076,0.011192694,PkC_cs,PkC_cs
-0.055980638,-0.0231419,0.04607726,-0.017757103,-0.03303066,-0.034670077,-0.0030277818,-0.04405824,0.012545526,0.002690455,-0.00429108,-0.03417418,-0.013817474,-0.012726031,0.0032224208,-0.037355196,0.011083864,-0.030271523,0.040455602,0.00879959,0.0035244003,0.03146837,-0.019937456,0.006207064,0.030693687,0.00076688826,0.033757813,0.00034476817,0.0058165016,-0.032367207,PkC_cs,PkC_cs
-0.029158488,-0.009816207,0.018792763,-0.01861298,-0.020417193,-0.027473643,-0.01076863,-0.04798986,0.008342586,-0.0065574334,0.0073578134,-0.0038530827,0.0007661581,-0.012685023,-0.0073015913,-0.027848564,0.022402175,-0.019484185,0.013761278,0.00017378479,0.011899907,0.039313458,-0.010943871,0.004776448,0.0061742663,-0.001838699,0.028614916,-0.007772751,-0.011811724,-0.012261793,PkC_cs,PkC_cs
-0.005025752,0.015733352,-0.010378018,-0.002940163,-0.0010451283,4.196167e-05,-0.0036520958,-0.021486409,0.0022553802,0.0036305618,-0.007639259,-0.0040989295,-0.010826513,0.0007950142,-0.007683553,-0.01051319,0.007856756,-0.017517507,-0.0052539,-0.008771405,0.01052656,0.014076944,-0.0070615187,0.0059912875,-0.0030743405,-0.0030564442,0.015420936,-0.0076435357,-0.015877957,-0.0022933036,PkC_cs,PkC_cs
-0.005747102,0.011408998,0.0022758245,-0.0012680441,-0.008950537,-0.0014781579,-0.006681159,-0.00859312,0.007480137,0.0071028136,0.00879024,0.013490699,-0.00088357925,0.010498822,0.001560092,-0.006591048,0.0049100667,0.0037010498,-0.010863562,-0.0055406764,0.006818248,0.0025208965,-0.0051702037,0.0013415888,-0.0087533,0.0020290911,0.0027674735,0.0049035177,-0.009636788,0.009462308,PkC_ss,PkC_ss
-0.061951533,-0.08291059,0.058661774,-0.06043183,-0.05622125,-0.03029906,0.009278238,-0.09390284,0.020871349,-0.09699539,0.029511735,-0.023635708,0.019191206,-0.02984304,0.028644554,-0.036392227,0.040115558,-0.08407828,0.12323287,-0.008939762,-0.0069095846,0.10376724,-0.006290367,0.0047402605,0.0031347573,0.001968503,0.013777796,-0.033129,-0.025492765,-0.030747265,PkC_cs,PkC_cs
-0.0072749555,0.014661772,0.002532512,-0.00205186,-0.009571216,-0.0008320883,-0.006229803,-0.009594202,0.0048629045,0.0085597,0.008633621,0.014316678,0.0012741238,0.0076606423,-0.0009875521,-0.004030902,0.0070857406,0.0042203255,-0.00992592,-0.0047415458,0.00700661,0.0029717758,-0.0037998445,0.002809912,-0.0019725189,0.005161397,0.0014962852,-0.0052394643,-0.011274092,0.004886739,PkC_ss,PkC_ss
-0.002348967,0.006989415,-0.0028462112,-0.006576717,-0.005626714,-0.0135239065,-0.012684971,-0.02102048,-0.0024934337,0.0051605124,0.009365663,0.014871612,0.009856209,-0.007026002,-0.01118093,-0.010810971,0.011129394,0.0028390475,-0.023235466,0.0023132488,0.018937688,0.015679877,0.0003967136,0.008436471,-0.003830187,-0.003160745,0.013353191,-0.005468987,-0.009654254,0.0026784427,PkC_cs,PkC_cs
-0.0055955946,0.01256979,0.0018683076,-0.0009770095,-0.008147989,-0.0011465251,-0.0072440654,-0.007058814,0.0062413216,0.0073292814,0.009174466,0.012575291,-9.307265e-05,0.009716816,2.4206936e-05,-0.0061147213,0.0042557865,0.0030120537,-0.010871644,-0.0049386397,0.006742073,0.0022829175,-0.005162116,0.0008889809,-0.0076432824,0.0023842528,0.0028510466,0.0031294897,-0.009155914,0.009132843,PkC_ss,PkC_ss
-0.0053439215,0.012992186,0.0032775402,-0.002273485,-0.008804139,-0.0010086223,-0.008026436,-0.008342713,0.0071681514,0.0067995097,0.008474551,0.014885001,-2.2411346e-05,0.010712616,0.0019931272,-0.0060133636,0.0042111427,0.004077699,-0.010630651,-0.005534567,0.0058470163,0.0020028502,-0.0062996987,0.00062855706,-0.008394562,0.0029241368,0.0031501427,0.0031877235,-0.009749141,0.008463386,PkC_ss,PkC_ss
-0.0057101995,0.012174527,0.0017126128,-0.0015811473,-0.0083867535,-0.0019309074,-0.007498771,-0.0076592043,0.007349916,0.0074228384,0.009007603,0.013470516,0.00034627318,0.009988226,0.00023645908,-0.0068900473,0.004406944,0.0039779656,-0.011319735,-0.0056169704,0.006981384,0.002183862,-0.006047273,0.0010485984,-0.008366242,0.0026277825,0.003057249,0.004781194,-0.008480735,0.009800445,PkC_ss,PkC_ss
-0.0041036457,0.012135854,0.0021047592,6.660819e-06,-0.008912418,-0.0024968907,-0.007848635,-0.0061407536,0.007661909,0.007097142,0.008702025,0.014032453,0.0001193434,0.010320507,0.0016400665,-0.008363474,0.0033894032,0.003445927,-0.011957957,-0.0061873123,0.008018204,0.0018223971,-0.006329596,0.00101934,-0.008990511,0.0015234575,0.002440542,0.0070812777,-0.0073640943,0.010010745,PkC_ss,PkC_ss
-0.007968895,0.012834365,0.0021722727,-0.0019583553,-0.008966792,-0.00017697364,-0.0060256124,-0.0077857524,0.005686201,0.008174129,0.008376159,0.011783168,-0.00078092515,0.009396903,-0.0013153702,-0.00565983,0.0059045553,0.003211394,-0.009386986,-0.0039632134,0.00706158,0.0029938892,-0.0033432283,0.0030127503,-0.006630227,0.0037557706,0.0014299378,-0.00087656826,-0.010230111,0.007552702,PkC_ss,PkC_ss
-0.007825233,0.014849595,0.002970621,-0.0020748824,-0.009463485,-0.0010897517,-0.006407678,-0.009536408,0.0042420775,0.008221695,0.008214191,0.013492398,0.0008535087,0.0081277415,-0.0012563094,-0.0039315075,0.006363243,0.0039553754,-0.009333002,-0.0046657063,0.0066881813,0.0031934455,-0.0040747747,0.0024607033,-0.0025695562,0.0052589253,0.0017934889,-0.005016364,-0.011309059,0.005194705,PkC_ss,PkC_ss
-0.03345667,-0.0037314761,0.027049646,-0.005242035,-0.020857686,-0.026925258,-0.00722301,-0.029384948,0.005736187,0.017376363,-0.0035367236,-0.014219947,-0.0093471855,-0.0068871826,-0.0049412623,-0.027734485,0.00810042,-0.01024472,0.0017363522,0.011062413,0.014242737,0.016818304,-0.012817241,0.007508546,0.018197149,-0.0033921301,0.028245576,0.0053845793,0.0020345198,-0.018153429,PkC_cs,PkC_cs
-0.0061267912,0.014075881,0.002456896,-0.0021420121,-0.008711671,-0.0010224879,-0.007131204,-0.009306595,0.0064812526,0.007848764,0.009450369,0.014980264,0.00095549226,0.009788625,0.0005354434,-0.005462881,0.0040276647,0.0028162338,-0.0106584495,-0.0053731725,0.0056134816,0.0028155968,-0.006006075,0.00047761947,-0.006207563,0.0031971931,0.0035489276,-0.0004272759,-0.011426004,0.0069714896,MFB,MFB
-0.004609242,0.013154806,0.0032960735,-0.002580762,-0.009353783,-0.00078356266,-0.007137224,-0.009664871,0.0072096065,0.007161187,0.008749232,0.015966728,0.00045220554,0.011103295,0.0033931285,-0.0061129183,0.0030920804,0.0026247278,-0.0117350565,-0.005780656,0.0060038827,0.0026780963,-0.00657421,0.00059965625,-0.009016253,0.0022058487,0.004544355,0.004301071,-0.010805737,0.008508131,MFB,MFB
-0.005939007,0.0133091975,0.0023001134,-0.0019353777,-0.008514106,-0.00097390264,-0.0070598125,-0.007923678,0.00556954,0.0074107572,0.008126594,0.012916625,-5.2541494e-05,0.009153239,-0.000115029514,-0.0059893653,0.004620105,0.0028842762,-0.010416114,-0.004329033,0.006870061,0.003048636,-0.0045121424,0.001909513,-0.0070359483,0.0025424957,0.0026115105,0.0006025806,-0.009872057,0.0077826194,MFB,MFB
-0.006583646,0.01434341,0.0033528544,-0.002191186,-0.008123324,1.9878149e-05,-0.005373016,-0.010880381,0.0051373914,0.007835086,0.007454537,0.013655432,0.00061142445,0.010692716,0.0008780509,-0.0033573955,0.0047617406,0.0024920106,-0.0104912175,-0.004967306,0.005143186,0.003919758,-0.0040778443,0.0014468543,-0.0063512623,0.0029331446,0.0033055544,3.693998e-05,-0.0129843615,0.006805215,PkC_ss,PkC_ss
-0.005861476,0.01189259,0.00258556,-0.0015649498,-0.009104336,-0.0013991594,-0.006847307,-0.009011343,0.0072584897,0.007072447,0.00873331,0.013609707,-0.0007340759,0.01078517,0.0016680881,-0.0060808733,0.004401043,0.0035897829,-0.010677326,-0.005505327,0.0063360482,0.0024633259,-0.0056229923,0.00111188,-0.008401953,0.0024034604,0.002988629,0.003915742,-0.00987911,0.0086261,PkC_ss,PkC_ss
-0.005451344,0.012007102,0.004222829,0.0018746555,-0.0074541075,-0.0007707253,-0.0063727796,-0.0058701113,0.006904073,0.007937178,0.0073977932,0.016163304,-0.0007042885,0.015305281,0.0067477003,-0.009559587,0.001040861,0.0011068769,-0.015293068,-0.007610429,0.00615564,0.00211671,-0.0068639684,-0.0039406717,-0.011915661,8.365512e-05,0.0022220314,0.012484759,-0.011699792,0.012515508,PkC_cs,PkC_cs
-0.004267715,0.012140511,0.0022394955,-0.00052300096,-0.009111393,-0.0022246689,-0.008161575,-0.006231636,0.0076805875,0.0069966577,0.009106919,0.014157869,-0.00028452277,0.010060146,0.001646392,-0.008158751,0.0033466816,0.0037431084,-0.011626714,-0.0056609884,0.0077051623,0.0017201677,-0.006298788,0.0008496009,-0.0089518055,0.0019998625,0.0026769564,0.006001264,-0.007281957,0.009587735,PkC_ss,PkC_ss
-0.033091933,-0.019999566,0.02421394,-0.020555533,-0.024520691,-0.022206046,-0.0020136833,-0.032454558,0.00881245,-0.0063482807,0.006077029,-0.014027797,0.00097601116,-0.014422551,0.0016942248,-0.02517217,0.008513056,-0.024295337,0.027641866,0.0060237795,0.003808448,0.026098084,-0.0176489,0.0016875751,0.016247012,-0.0018775463,0.023617316,-0.0063371435,0.00012295973,-0.014834166,PkC_cs,PkC_cs
-0.0044246316,0.010435404,0.0030588768,-0.0010290742,-0.009580769,0.00024767965,-0.005421847,-0.0071696937,0.007168092,0.005549228,0.0077450275,0.014617123,-0.0012452453,0.011817895,0.0044438317,-0.0073005296,0.0032256246,0.0042053945,-0.011163448,-0.0056855977,0.006474279,0.0023090988,-0.005556574,0.00010054186,-0.010963678,0.0010055304,0.002467133,0.007789403,-0.010013178,0.011526823,MLI,MLI
-0.007097207,0.014248087,0.0020852014,-0.0018727183,-0.008489128,-0.000359945,-0.0057477504,-0.008795917,0.0046196505,0.008909047,0.0080712065,0.012947701,0.00092479587,0.00786335,-0.0014192387,-0.0040388815,0.0065181702,0.0038691834,-0.010384372,-0.0045407377,0.006556241,0.0027519315,-0.0035272576,0.0024886243,-0.0027400628,0.0041882917,0.0019046366,-0.003443338,-0.011150889,0.00614674,PkC_ss,PkC_ss
-0.04445848,-0.046883367,0.03214691,-0.051684983,-0.03702884,-0.028825141,-0.006048277,-0.05966938,0.01609429,-0.047619995,0.017658427,-0.025690831,0.0112057775,-0.028589793,0.006053202,-0.040729977,0.022045039,-0.05623672,0.07926363,-0.00852035,-0.009071922,0.053512335,-0.0256055,0.0055742487,0.014910497,-0.0018295944,0.034743242,-0.024138726,-0.0063908845,-0.022066973,PkC_cs,PkC_cs
-0.0041515827,0.013227855,0.0026599243,-0.002386734,-0.008744633,-0.0014789104,-0.008830667,-0.008479752,0.006934598,0.0061668046,0.009051129,0.015273333,0.000528723,0.010203607,0.001757279,-0.006506324,0.0041524023,0.003977239,-0.010962552,-0.0060210787,0.00617324,0.002145186,-0.006134687,0.0010704063,-0.008379184,0.0022381917,0.0034168959,0.0030720234,-0.009289596,0.008782361,PkC_ss,PkC_ss
-0.0072053075,0.012477593,0.003225714,-0.0020300746,-0.009183255,-0.00071787834,-0.006585926,-0.008227102,0.006564513,0.007972036,0.008499593,0.01277028,-0.0009981245,0.010022044,0.0005339682,-0.0061142035,0.0049316734,0.0029476583,-0.009652245,-0.004270509,0.0059961732,0.0028046444,-0.004693847,0.0013797842,-0.007805273,0.00322818,0.0024788305,0.0007112175,-0.010795193,0.007394269,PkC_ss,PkC_ss
-0.005833626,0.01238051,0.0024294108,-0.002016455,-0.008987258,-0.0005861521,-0.0070819855,-0.008525662,0.0069799945,0.00671695,0.008844607,0.013444886,-0.00047644973,0.009672001,0.00085336715,-0.005621858,0.005076155,0.003526844,-0.0098123355,-0.0049312674,0.0059827454,0.0023333728,-0.005374279,0.0014545806,-0.0072968453,0.0026238412,0.0026764795,0.0011349693,-0.010380834,0.007154539,PkC_ss,PkC_ss
-0.024214461,-0.001047248,0.016376708,-0.003952965,-0.013403934,-0.01521901,-0.0043617785,-0.021727048,0.00083579123,0.010014925,-0.001322031,-0.00563848,-0.0036848485,-0.004092172,-0.0026228055,-0.014469627,0.004685059,-0.006681338,-0.0035168687,0.009240173,0.011950598,0.0153546855,-0.0060643386,0.0062616356,0.011990078,-0.0032034442,0.017305173,0.0019944832,-0.0030189771,-0.010217376,PkC_cs,PkC_cs
-0.0020689666,0.0026823357,-0.0010785647,-0.011379361,-0.0056171017,-0.010220088,-0.014577717,-0.020827472,-0.0023811534,-0.0038153543,0.016018972,0.019553617,0.016283683,-0.0051779523,-0.010051623,-0.013919231,0.012318835,-0.0077216625,-0.016375732,-0.0017233305,0.014814827,0.022595055,1.32620335e-05,0.0038712062,-0.0060448945,-0.005593784,0.010215685,-0.01084625,-0.013470452,0.008007996,PkC_cs,PkC_cs
-0.007899672,0.0145556545,0.0022620112,-0.0016869307,-0.009362474,-0.0013366565,-0.0063862205,-0.010270372,0.0041455626,0.00772696,0.008541018,0.014485136,0.001899004,0.007053219,-0.0015487224,-0.0033899322,0.0078032464,0.0046454705,-0.009389765,-0.0045780465,0.00792016,0.0038732141,-0.0037224144,0.002772566,-0.0011401772,0.005776264,0.0013508126,-0.006019272,-0.01110339,0.0050127357,PkC_ss,PkC_ss
-0.006422557,0.013617293,0.0028824732,-0.0011082739,-0.009055566,-0.0015874505,-0.0067485124,-0.008532897,0.00534261,0.0070601255,0.009053037,0.012725845,-3.5628676e-05,0.009503752,-0.0003016889,-0.005041823,0.0046232045,0.0028860383,-0.009258204,-0.0047004,0.0060986597,0.0029925182,-0.004879769,0.0011290312,-0.006635964,0.003167875,0.0024869964,-8.673966e-05,-0.010533871,0.0071846433,PkC_ss,PkC_ss
-0.01747989,-0.0012455862,0.01342931,-0.007364616,-0.013560932,-0.017704241,-0.007508099,-0.024288148,0.0023730248,0.0059031732,0.0046574995,0.0012197345,0.0024424046,-0.006305665,-0.0057545304,-0.019741744,0.008066118,-0.010112897,-0.0042423317,0.005625449,0.011726623,0.018723346,-0.0075486302,0.0044468567,0.0074600056,-0.0065375417,0.018563945,-0.003004849,-0.0066198558,-0.007514864,PkC_cs,PkC_cs
-0.005632736,0.012400834,0.0021958724,-0.0013134181,-0.008541652,-0.0010318458,-0.0073486716,-0.00785695,0.006449327,0.006799368,0.00924401,0.012477554,-0.00060503185,0.009930491,-0.00019919127,-0.0057227314,0.004224539,0.002863314,-0.0097054625,-0.0047307126,0.0062842984,0.002245754,-0.005499417,0.0012578741,-0.0076223984,0.0023776814,0.0030859634,0.0014504492,-0.009526353,0.0077478588,PkC_ss,PkC_ss
-0.0056484565,0.012438719,0.0023834072,-0.0017807037,-0.008862278,-0.0012836903,-0.006549746,-0.00788492,0.006482899,0.007502407,0.008563042,0.012817539,-0.0001873374,0.0092322305,0.00026584417,-0.0060009584,0.00450854,0.0031543486,-0.010057271,-0.0047784187,0.0060158465,0.002003722,-0.0055611115,0.0013417229,-0.0073378086,0.0023397058,0.0030949265,0.0018860996,-0.009964835,0.0075969547,PkC_ss,PkC_ss
-0.007529229,0.014644509,0.0029006004,-0.0022212267,-0.009611461,-0.0005028695,-0.006276548,-0.010390073,0.004645407,0.008085763,0.008199275,0.013945878,0.00046420097,0.008015655,-0.00059782714,-0.0034532398,0.007311791,0.004268788,-0.009711781,-0.004534576,0.006695131,0.0032339618,-0.00379508,0.0026678666,-0.002557844,0.004787095,0.0020573214,-0.004831113,-0.012253623,0.0046505667,PkC_ss,PkC_ss
-0.117642164,-0.12689288,0.113625355,-0.077990584,-0.09480678,-0.051043656,0.01786238,-0.15634283,0.022669993,-0.15108138,0.03503909,-0.04844115,0.0074332505,-0.0332529,0.04222598,-0.05278081,0.08056845,-0.1258768,0.19776103,-0.00905494,-0.001543954,0.17580646,0.013790395,0.017139742,-0.00904271,0.0062757805,0.014892448,-0.038458094,-0.0590639,-0.053914964,PkC_cs,PkC_cs
-0.0039353445,0.012692864,0.0049111173,-0.0018588454,-0.009207514,-0.0008560568,-0.0059491247,-0.008575156,0.0083138645,0.008828778,0.008881047,0.018257245,0.0013015717,0.0141398385,0.005498819,-0.008309316,0.0013607591,0.001278989,-0.015154713,-0.0067380145,0.0057299435,0.0023379624,-0.008743072,-0.0026543215,-0.012378871,0.00023904443,0.0042994916,0.010232814,-0.011482498,0.01246592,PkC_cs,PkC_cs
-0.0056119785,0.012614794,0.0017388947,-0.0018327832,-0.0086635025,-0.00112167,-0.006498307,-0.008294575,0.0065986514,0.007419659,0.008775212,0.012764789,5.7965517e-05,0.009040557,-0.00063069165,-0.005511623,0.0048212707,0.0030678213,-0.009896603,-0.0047299117,0.0063803066,0.002501987,-0.005785648,0.0015598461,-0.007207185,0.002230771,0.0032460392,0.0010728166,-0.010179423,0.007934332,PkC_ss,PkC_ss
-0.005944155,0.013061923,0.0022602528,-0.001656875,-0.008575515,-0.0007640198,-0.0063462406,-0.0081188455,0.005883917,0.007833941,0.007544361,0.011776499,-0.00074386597,0.008841902,-0.00048828125,-0.0050116368,0.005531594,0.0030846782,-0.009527053,-0.00438698,0.0062243417,0.0021740124,-0.0048384853,0.0021563768,-0.006127,0.0025842413,0.0027004257,-7.522106e-05,-0.010451237,0.0065539777,PkC_ss,PkC_ss
-0.007291496,0.014309904,0.002870053,-0.0020350069,-0.0094106365,-0.0011859685,-0.0066862255,-0.009927109,0.0054059103,0.008528119,0.008248374,0.013486899,0.00031256676,0.008467607,-0.000497438,-0.0041185394,0.006922871,0.004517816,-0.010071519,-0.0046336204,0.006531628,0.0024984926,-0.0042922236,0.0024221018,-0.0036619976,0.004485227,0.0023376793,-0.0026736856,-0.011306658,0.0056879222,PkC_ss,PkC_ss
-0.039066166,-0.0052349716,0.032004617,-0.0051061064,-0.021902869,-0.027213052,-0.0047218204,-0.028044283,0.0041771606,0.018962335,-0.0062751994,-0.020572089,-0.012073845,-0.005835235,-0.0035774335,-0.026695773,0.005290672,-0.012419775,0.0065761935,0.012486003,0.013006736,0.01570338,-0.013387,0.007091984,0.020809889,-0.0015592203,0.028357208,0.008126512,0.0046873195,-0.017921612,PkC_cs,PkC_cs
-0.004726149,0.012637177,0.00253148,-0.0018314421,-0.008600655,-0.0020352155,-0.007580936,-0.007414311,0.00764478,0.00754454,0.008273825,0.015477724,0.0012951642,0.009673394,0.0015714243,-0.0076775327,0.004087627,0.003693074,-0.011721381,-0.0057940744,0.007045198,0.0022095293,-0.006619815,0.00080301985,-0.008702241,0.0022398606,0.002985403,0.004562512,-0.009232599,0.009360012,MFB,MFB
-0.004322037,0.013794734,0.0036157407,-0.0016971976,-0.008479878,-0.0013084263,-0.008702934,-0.007055953,0.006129965,0.0063457545,0.0076108947,0.01511988,0.0007477999,0.010812454,0.0023131147,-0.006598398,0.003004551,0.0035808757,-0.010634611,-0.0061458237,0.0058501028,0.0017059743,-0.007080851,6.9878995e-05,-0.00857947,0.002285324,0.0037493482,0.004277967,-0.009574261,0.008930661,MFB,MFB
-0.0036633313,0.013754634,0.0027348325,-0.002579078,-0.008478904,-0.0015807226,-0.008947313,-0.008047223,0.0067747906,0.006271936,0.00835564,0.0155911,0.0011625439,0.010048866,0.0016251206,-0.0065000653,0.0037023574,0.0035382472,-0.011010169,-0.0060956106,0.005977247,0.0021807477,-0.007283246,0.00035585463,-0.0088753775,0.0023523867,0.0039534643,0.0031665266,-0.009499958,0.008717742,MFB,MFB
-0.0049430355,0.013710428,0.003715355,-0.0011326969,-0.009161533,-0.0010112971,-0.007681921,-0.007722847,0.0067547485,0.007447969,0.007852681,0.015057266,-0.00044198334,0.011714414,0.0028676093,-0.006716933,0.0031989515,0.0026309155,-0.011211383,-0.006115552,0.006568363,0.0021685734,-0.0063512474,0.00062648207,-0.009045109,0.0023521036,0.0032188818,0.004454367,-0.0103107225,0.008724254,MFB,MFB
-0.0038835555,0.01310386,0.003233742,-0.0035647005,-0.008707203,-0.0004929602,-0.0061074346,-0.010586783,0.008432597,0.007926023,0.008301526,0.017584838,0.0015701354,0.010782391,0.003622651,-0.0061984323,0.00346981,0.0017367117,-0.012833097,-0.0057943836,0.005770024,0.0035646409,-0.0075654145,-8.717179e-06,-0.010116436,0.0009640157,0.0050953776,0.005032882,-0.012390673,0.009377871,MFB,MFB
-0.005086392,0.012011446,0.0025547333,-0.0019396245,-0.009005804,-0.0022165626,-0.0079034865,-0.0080013275,0.007506579,0.006896099,0.009107299,0.014712654,0.00034837425,0.01038982,0.0011935756,-0.007461913,0.0034758747,0.003649909,-0.011059151,-0.0051797517,0.0066501237,0.0022167563,-0.0065591186,0.0008222237,-0.009071022,0.0020154044,0.0032108426,0.0039000586,-0.008716602,0.0090943165,MFB,MFB
-0.00553935,0.014125865,0.002833046,-0.0024630725,-0.0085459985,0.00023508817,-0.0072144866,-0.009987645,0.00553523,0.0067964625,0.007999502,0.013904519,-6.246567e-05,0.010751866,0.0015192404,-0.004631445,0.0045837164,0.0026390254,-0.0109289335,-0.005151458,0.0061615724,0.0031612366,-0.0042304024,0.0023756027,-0.007005729,0.002194792,0.0031078234,0.0007014796,-0.0114411265,0.0072305016,MFB,MFB
-0.0049233586,0.012077939,0.0026553534,-0.0023960918,-0.009152701,-0.0014377311,-0.007514164,-0.008013777,0.007169038,0.006962646,0.00905548,0.015119731,0.00040140748,0.011014558,0.001890406,-0.0075919107,0.0036369413,0.0036882423,-0.011922766,-0.005580444,0.0066282637,0.0018486902,-0.006111758,0.0010430217,-0.009911388,0.0016720593,0.0030842647,0.0051645413,-0.009308528,0.010328919,MFB,MFB
-0.0052118897,0.014213173,0.002564136,-0.002832368,-0.00889736,-0.0016520843,-0.0078092813,-0.0086024925,0.0054929703,0.006776128,0.007919446,0.013598174,0.00040239096,0.0081819445,-0.0003312677,-0.005940683,0.005446419,0.0036529675,-0.009948569,-0.0049391724,0.006145928,0.002923347,-0.0057476815,0.0014511533,-0.007169962,0.0028345361,0.0036857799,0.00012672693,-0.010576189,0.007214535,MFB,MFB
-0.0041939393,0.013240042,0.0022967719,-0.0015898049,-0.008739043,-0.002233401,-0.008512154,-0.0074140877,0.0068988726,0.0063808504,0.008957662,0.014576808,0.0010616481,0.009105429,0.00085095316,-0.0071285367,0.0038945973,0.0031298697,-0.010474016,-0.0058339164,0.006285118,0.0019177198,-0.0073149335,0.00036325306,-0.008233048,0.0022509247,0.003913276,0.0028850362,-0.009578576,0.0079682395,MFB,MFB
-0.0044534057,0.0132245105,0.0024486892,-0.0024026632,-0.009317315,-0.0016795546,-0.007915929,-0.00817202,0.0070481673,0.006838657,0.009223238,0.014946207,0.00068828464,0.009442888,0.0010692701,-0.0076157376,0.004626304,0.0032077432,-0.0116419615,-0.0056467876,0.0068431348,0.0026889965,-0.0059257597,0.001429461,-0.008901864,0.0017290488,0.0032392442,0.0033927485,-0.009875761,0.008801255,MFB,MFB
-0.007950604,0.014789255,0.0030017532,-0.0016767681,-0.009198409,-0.00065589696,-0.0063710064,-0.009092674,0.0037719756,0.008080361,0.008193143,0.013298154,0.00064474344,0.008256756,-0.0011799783,-0.0036638714,0.0063849986,0.004396718,-0.0097544985,-0.0044900924,0.0071916673,0.003392078,-0.0030726232,0.0028439164,-0.0022578463,0.0054305643,0.0010122359,-0.00438641,-0.010246804,0.0057814606,PkC_ss,PkC_ss
-0.0073931664,0.014576205,0.0022703633,-0.0019971281,-0.008526759,-0.00076280534,-0.006848976,-0.009607524,0.0042979494,0.008267205,0.008276753,0.012529977,0.00031659007,0.008389264,-0.0019357502,-0.0035981387,0.006583795,0.0036118962,-0.00942053,-0.004412167,0.0065152645,0.0034955218,-0.003651362,0.002513919,-0.0034643784,0.0044856593,0.0024896488,-0.004196644,-0.011153754,0.005864825,PkC_ss,PkC_ss
-0.008674882,0.014843037,0.0026822202,-0.0015407205,-0.009227304,-3.8556755e-05,-0.0066075623,-0.010649167,0.0038426667,0.007755233,0.008857109,0.013500795,0.00067299604,0.008036651,-0.0011388883,-0.0021004379,0.007269934,0.0042884424,-0.009274756,-0.0037829652,0.0072322963,0.003542848,-0.0027914345,0.0029169135,-0.00024291128,0.0062872395,0.00088071823,-0.0077473074,-0.01119465,0.003288392,PkC_ss,PkC_ss
-0.0061041936,0.014926139,0.0022317395,-0.0028603375,-0.009229907,-0.0009351373,-0.00765492,-0.009259768,0.004893899,0.008040296,0.008095562,0.014658093,0.0012549907,0.0067775548,-0.0006776154,-0.004199654,0.007545665,0.0049862117,-0.010718898,-0.0048142783,0.006976433,0.0029069632,-0.004338909,0.0026109554,-0.002290748,0.0049100816,0.0019379854,-0.0043103322,-0.010288602,0.005084265,MFB,MFB
-0.0051513314,0.013059476,0.0032478198,-0.0027323067,-0.008452951,-0.00048540533,-0.0078090727,-0.008509733,0.0062937513,0.0059010144,0.008264482,0.014918961,0.0006547868,0.011341244,0.0017576292,-0.0058887564,0.0026637465,0.0029642396,-0.010108047,-0.0054050907,0.00534462,0.0025705174,-0.0067449976,0.00017323345,-0.009176455,0.002665639,0.0038098618,0.0024709404,-0.01014024,0.008681957,MFB,MFB
-0.007921167,0.01346034,0.0022671334,-0.001497671,-0.00933136,-2.2947788e-06,-0.005501777,-0.008454531,0.00492996,0.008840339,0.0077681243,0.012303613,-0.00035852194,0.008235022,-0.0011939928,-0.004383538,0.0072393417,0.0039784424,-0.009929196,-0.0042624734,0.0075976057,0.0030186847,-0.003143113,0.0032266565,-0.0031803027,0.0045844316,0.0012244508,-0.002934292,-0.010748295,0.006178681,PkC_ss,PkC_ss
-0.004653454,0.013039473,0.0033637881,-0.0032658577,-0.009978617,-0.0019582137,-0.0092315525,-0.0082041025,0.0067823753,0.00621756,0.0089824125,0.015894145,4.553795e-05,0.009945601,0.0016297475,-0.007729169,0.0045567304,0.005101096,-0.010247548,-0.005687326,0.006141495,0.0014257804,-0.0065857023,0.0011687241,-0.008545049,0.0031444356,0.0032642782,0.0012279376,-0.0091027785,0.008095592,MFB,MFB
0.0010207668,0.004886569,-0.0050117075,-0.011297569,-0.0061388807,-0.01502151,-0.01531323,-0.029010586,0.0021629333,-0.001687997,0.012728013,0.020583823,0.014011145,-0.01033669,-0.010085039,-0.018054232,0.013097353,-0.0042447336,-0.019929975,0.00032571703,0.016836278,0.021942187,-0.005226232,0.004870493,-0.0039162636,-0.00805819,0.019410286,-0.010934427,-0.012853766,0.00017350167,PkC_cs,PkC_cs
-0.0044009313,0.012340479,0.0020943396,-0.0020779967,-0.008477847,-0.0017336458,-0.008188024,-0.007599555,0.007099487,0.0065729674,0.007964395,0.014613509,0.0008123666,0.010567024,0.0016045272,-0.0077023916,0.0038674772,0.0036427937,-0.011815893,-0.005913671,0.00719912,0.0023572594,-0.0063406304,0.0013317242,-0.009935036,0.0016496032,0.003220968,0.005735934,-0.00874833,0.010419209,PkC_ss,PkC_ss
-0.007272154,0.0129180215,0.0027763024,-0.001242727,-0.00920043,-0.00067108124,-0.0056092143,-0.008805357,0.0056706443,0.0077601,0.007721901,0.012011781,-0.0013042241,0.009184152,4.74602e-05,-0.0050408505,0.0057321787,0.0031010285,-0.00956802,-0.004063111,0.007022282,0.0032437071,-0.003934551,0.0022016019,-0.0065162405,0.0031637847,0.0021378547,0.0002843514,-0.0109961,0.007039994,PkC_ss,PkC_ss
-0.00658381,0.015330475,0.0028697737,-0.00068604946,-0.009934386,-0.001234062,-0.0072005093,-0.007997006,0.0038128048,0.008092487,0.008731522,0.014619045,0.0012043566,0.007765457,-0.00028511137,-0.0044629723,0.0065369457,0.004589889,-0.010728576,-0.005031012,0.00839062,0.002982922,-0.0032966025,0.002654709,-0.0017942414,0.0054203644,0.0006054342,-0.0036030635,-0.009509187,0.0058560707,PkC_ss,PkC_ss
-0.0060795248,0.011253916,0.0023112223,-0.00093881786,-0.008939325,-0.000919953,-0.0062524825,-0.007712938,0.0067804307,0.0068538375,0.009372771,0.012137368,-0.00063066185,0.010283746,0.00026538968,-0.006252371,0.0041648746,0.0026446246,-0.010096266,-0.004541762,0.006993361,0.0023634508,-0.004882306,0.0017696582,-0.0081220865,0.0017126203,0.0025087073,0.0033142716,-0.009380927,0.00882946,PkC_ss,PkC_ss
-0.037125677,-0.031770505,0.028982356,-0.033435084,-0.03169633,-0.024238512,-0.000922963,-0.04175567,0.010947488,-0.019210178,0.012853131,-0.01725056,0.005248785,-0.020684019,0.005843617,-0.030333856,0.01148136,-0.038442247,0.047339145,0.0025149733,-0.0013993233,0.035109293,-0.02224204,-0.00043938681,0.016453937,-0.00091566145,0.02962159,-0.012696773,-0.0016973838,-0.014957562,PkC_cs,PkC_cs
-0.04495065,-0.021425983,0.035362795,-0.024759188,-0.029376738,-0.03101559,-0.008543715,-0.046760872,0.008938834,-0.009765556,0.003883995,-0.02246385,-0.004367277,-0.01457984,-0.0030158907,-0.03495685,0.019049443,-0.029968888,0.038037736,0.0030324757,0.006313164,0.037822284,-0.015587198,0.008235417,0.014551997,-0.00032652915,0.033123598,-0.0057437494,-0.004292393,-0.019297607,PkC_cs,PkC_cs
-0.006566763,0.014397253,0.00262516,-0.0027136952,-0.009335196,-0.0019043386,-0.00789921,-0.010025285,0.005733311,0.007546643,0.008653745,0.014343105,0.00017224252,0.0087102875,0.00012817234,-0.0051442496,0.005933881,0.0042662285,-0.009789878,-0.0051371492,0.0063311383,0.0030092746,-0.005306687,0.0015385561,-0.006169036,0.0046027154,0.0034815744,-0.001035884,-0.0105915945,0.006881997,PkC_ss,PkC_ss
-0.0061092377,0.0106668845,0.002027478,-0.0005238354,-0.00869228,-0.0009776428,-0.006408915,-0.0077248663,0.0076905563,0.00717506,0.007992387,0.013160959,-0.00094893575,0.010859579,0.0018448234,-0.0066802166,0.0039657354,0.0030597895,-0.010445201,-0.004931368,0.007136576,0.0021172091,-0.006041143,0.0010169782,-0.009029895,0.0015570223,0.0029194877,0.0051146,-0.009936307,0.009053133,PkC_ss,PkC_ss
-0.0051934794,0.012244634,0.002306562,-0.0018632263,-0.008217648,-0.0008859709,-0.006402895,-0.0073656663,0.006819196,0.007863997,0.008236997,0.012602359,-0.00041761994,0.009485044,0.00037671626,-0.006036617,0.0040635914,0.0029291175,-0.010622597,-0.0048531666,0.005629789,0.0023939088,-0.0052356236,0.0012005344,-0.007893644,0.0018652156,0.0028794184,0.0028932467,-0.009550825,0.008282594,PkC_ss,PkC_ss
-0.01659397,-0.012351036,0.0049178973,-0.027162567,-0.016985338,-0.026093394,-0.016378544,-0.05424687,0.007796988,-0.023601899,0.015875705,0.012006976,0.014322743,-0.01933407,-0.0069399998,-0.02870761,0.028501026,-0.022415675,0.011217948,-0.0059970655,0.013454554,0.046669096,-0.01130501,0.004452981,-0.0011632293,-0.003876783,0.027674105,-0.017789468,-0.017343547,-0.0077299327,PkC_cs,PkC_cs
-0.018619992,-0.0003122976,0.012180351,-0.011242956,-0.0135806445,-0.021823436,-0.012825355,-0.033861496,0.0030234158,0.0038356893,0.006389253,0.0036667734,0.0042604506,-0.0076582655,-0.009335108,-0.024256794,0.015460052,-0.011439294,-0.0064285835,0.0022115782,0.015914546,0.026164029,-0.0069632456,0.006649144,0.0038494095,-0.0047285706,0.023980297,-0.003861092,-0.009776922,-0.0057855323,PkC_cs,PkC_cs
-0.0053200647,0.012461657,0.002641175,-0.0012453198,-0.008944703,-0.0015966818,-0.0074739903,-0.008015722,0.006407179,0.006786078,0.009574257,0.013262093,-0.00025746226,0.010265499,0.00013098866,-0.00655137,0.0035024136,0.0024265796,-0.010028289,-0.00480007,0.00629317,0.0021875873,-0.0060289856,0.00090677664,-0.008394413,0.0017112568,0.0036495775,0.0020093322,-0.009958465,0.008166213,PkC_ss,PkC_ss
-0.0095817,0.013853619,0.002764631,-0.0013574511,-0.009604773,0.00030560791,-0.0058252066,-0.009395227,0.0035362467,0.0076506212,0.00813482,0.012167446,-0.00039456785,0.008799955,-0.0013105199,-0.0033123568,0.0071624815,0.0042495057,-0.008679581,-0.0038079135,0.008070369,0.003080532,-0.0026741326,0.0036246479,-0.0019822568,0.0058226436,0.00078391284,-0.005126953,-0.010646056,0.0056783073,PkC_ss,PkC_ss
-0.005660221,0.015041029,0.0035739392,-0.003105253,-0.009098456,-0.0004466921,-0.0073715746,-0.010425337,0.006066397,0.00869187,0.008435741,0.014719747,0.00063835084,0.00992471,0.0005016923,-0.0047831833,0.004961431,0.0024461,-0.011424144,-0.004555166,0.005503997,0.0031674653,-0.004792623,0.0020701848,-0.00599993,0.0025195628,0.0033131242,-0.0019380525,-0.012251232,0.0054295063,MFB,MFB
-0.032464772,-0.021957973,0.022001036,-0.032820553,-0.024637297,-0.02326414,-0.011446707,-0.047204666,0.0057907924,-0.02426028,0.015613675,-0.0050575137,0.00929302,-0.015390709,-0.0041670054,-0.031684235,0.024307989,-0.03450671,0.034923837,-0.0057591796,0.0046314355,0.045571093,-0.01133552,0.004977554,0.002449736,-0.001652725,0.027534116,-0.01614768,-0.016360719,-0.0063606724,PkC_cs,PkC_cs
-0.0012069345,0.00894421,-0.015635792,-0.008412376,-0.004454748,-0.00592649,-0.010804005,-0.03507659,0.0024349317,-0.0053450414,0.0020540953,0.004173085,-0.0011334866,-0.004141107,-0.008485615,-0.0124583505,0.013389759,-0.014367096,-0.013094918,-0.0071012788,0.02246568,0.018524937,-0.0071359016,0.011738054,-0.0035451874,-0.0015942752,0.019080285,-0.009563439,-0.009082045,-0.004312679,PkC_cs,PkC_cs
-0.008987598,0.014353533,0.003106583,-0.00086805224,-0.008845007,-0.0007642284,-0.006031692,-0.009369224,0.0036485717,0.008709855,0.0074208975,0.012810364,0.0009520799,0.0080937445,-0.0011464506,-0.0031460673,0.007629484,0.004624851,-0.009370829,-0.004119098,0.007819917,0.0030614138,-0.002321329,0.0033832788,-9.4264746e-05,0.006374255,0.00014542788,-0.0061364174,-0.010377504,0.0043242946,MLI,MLI
-0.006732382,0.01263715,0.0028446466,-0.00042167306,-0.008753712,-0.00073711574,-0.0055681914,-0.0073957965,0.005443208,0.0077436455,0.008367211,0.012093201,-0.0005045533,0.009862259,-0.00017641485,-0.005179126,0.0045049638,0.0026542544,-0.009424587,-0.0040232427,0.006767666,0.0028435588,-0.004098065,0.0014721006,-0.0071069,0.0025369301,0.0019105375,0.0011991635,-0.010480108,0.00814699,PkC_ss,PkC_ss
-0.006290242,0.012497622,0.0037740916,-0.002317652,-0.009091999,0.0004509315,-0.0065100044,-0.007789597,0.007352583,0.0074591227,0.00803294,0.016096838,1.9222498e-05,0.012271017,0.004256867,-0.0072236396,0.0022351295,0.002848532,-0.011766157,-0.0054341815,0.005294472,0.0022012219,-0.0070659555,-0.000868354,-0.0102539435,0.0019521415,0.0042834952,0.0066175982,-0.011494964,0.010072861,PkC_cs,PkC_cs
-0.0068436116,0.01340486,0.002485387,-0.00068601966,-0.008616244,-0.0012099519,-0.0054195523,-0.008184783,0.00507164,0.007651422,0.008142725,0.01248081,0.00026865304,0.008589536,-0.0010449588,-0.004937388,0.0050111264,0.0028915629,-0.009254047,-0.0041261874,0.0068236906,0.0033588484,-0.0041925833,0.0015160926,-0.005758591,0.0032078475,0.0020979494,-0.00076180696,-0.01087627,0.0070111267,PkC_ss,PkC_ss
-0.043272436,-0.058879495,0.039304607,-0.049843222,-0.03781776,-0.021719351,-0.0015352964,-0.077329665,0.016048364,-0.07722896,0.027172714,-0.012101255,0.01772838,-0.022230618,0.015860818,-0.02799579,0.03732527,-0.065728895,0.0900595,-0.013441719,-0.006217286,0.083883315,-0.0036130324,0.005950954,-0.00053334236,0.000289388,0.013496865,-0.03250642,-0.025821708,-0.021290243,PkC_cs,PkC_cs
-0.0070914105,0.011861011,0.0030352995,-0.0008494854,-0.008561504,0.00041291863,-0.0059786737,-0.008074358,0.0071474835,0.0075960252,0.007746808,0.012849368,-0.0014489889,0.011455633,0.002351679,-0.005629249,0.0031123608,0.0021728836,-0.009915515,-0.004485082,0.005957715,0.0025465116,-0.00521484,0.0009111017,-0.008577824,0.002222456,0.0034996718,0.00394699,-0.011385541,0.007534545,MFB,MFB
-0.008140504,0.013783888,0.003404379,-0.0011740625,-0.009817568,-0.0012685657,-0.0058380365,-0.009950362,0.0037619695,0.007494865,0.008306675,0.013852239,0.00089916587,0.007243678,-0.00078085065,-0.003015779,0.007077396,0.004813947,-0.0083287,-0.003699284,0.007592559,0.003500037,-0.0030974895,0.002614092,-0.00074905157,0.0064317733,0.0007969886,-0.006890863,-0.010337435,0.0037101582,PkC_ss,PkC_ss
-0.0060624033,0.0112828,0.002798289,-5.1751733e-05,-0.008267822,-0.00096871704,-0.0061465204,-0.005551338,0.0064195544,0.00772609,0.007745728,0.0118527785,-0.0011869967,0.0097280815,0.0009261146,-0.006936189,0.0037169755,0.002725713,-0.010365979,-0.0040438585,0.007221506,0.0021749288,-0.0047085173,0.00088335574,-0.007931016,0.0019965246,0.0017563626,0.0040421486,-0.008579973,0.008888178,PkC_ss,PkC_ss
-0.03840819,-0.07023795,0.036881417,-0.054150216,-0.042310245,-0.020185933,0.0015199482,-0.0852895,0.015362471,-0.09742661,0.035910457,-0.005581036,0.026044384,-0.0263343,0.019684486,-0.024687435,0.043315895,-0.06976582,0.09632392,-0.011888541,-0.0016870629,0.09561198,0.002955962,0.00718417,-0.011451691,-0.002472259,0.0056026876,-0.03608246,-0.031647928,-0.017586567,PkC_cs,PkC_cs
-0.0056690276,0.011191561,0.0025417693,-0.0010398328,-0.008385016,-0.0010659397,-0.0066599697,-0.0066697,0.00746572,0.00736711,0.007828012,0.0127092,-0.0007259697,0.010992512,0.0012561679,-0.0074143074,0.0040363073,0.0034457557,-0.01085353,-0.0053550936,0.0066043194,0.0018488169,-0.005034998,0.001633063,-0.009329967,0.001606077,0.0017890707,0.005720958,-0.008618407,0.009571675,PkC_ss,PkC_ss
-0.007983081,0.014751988,0.002633553,-0.0010828674,-0.009040996,-0.0007159263,-0.0066420883,-0.008253925,0.0035437047,0.0081922375,0.00783214,0.012630321,0.00041408837,0.008211054,-0.0011074841,-0.003999781,0.006923616,0.004095152,-0.009942749,-0.004447501,0.0076947333,0.003144689,-0.0032715946,0.002419982,-0.002725795,0.005037226,0.0011996925,-0.0030741617,-0.010561036,0.0066374354,PkC_ss,PkC_ss
-0.0064800456,0.0113684265,0.0023824275,-0.0017226338,-0.008870391,-0.00015095621,-0.0062538087,-0.0074689537,0.007154092,0.007999541,0.009437628,0.0126533285,-0.0005658716,0.010687791,-1.7642975e-05,-0.0064137615,0.004417509,0.0027910434,-0.010443068,-0.004190415,0.006804526,0.0017095134,-0.005005069,0.0019619316,-0.008467421,0.0021201,0.0025906935,0.0022595003,-0.009869773,0.008949064,PkC_ss,PkC_ss
-0.0079432875,0.013878568,0.0035896823,-0.0004326403,-0.008929366,-0.00021218508,-0.0048217326,-0.008863233,0.0035607219,0.008497275,0.007826999,0.011987947,-0.00026723742,0.009724595,-0.0006275475,-0.0035170726,0.0053349435,0.0026522912,-0.009552444,-0.0039363727,0.007024875,0.003487222,-0.0024859458,0.0024868622,-0.0034262836,0.003821224,0.0010227188,-0.0027657747,-0.011138469,0.0063740946,PkC_ss,PkC_ss
-0.0049535558,0.012469963,0.0021518096,-0.0022307783,-0.00867965,-0.0014486089,-0.008144826,-0.007754877,0.0068672374,0.006058162,0.008663431,0.014822349,0.0005415529,0.009444572,0.0015960708,-0.0073726065,0.0033633113,0.003347192,-0.010614487,-0.0055744015,0.0064603463,0.0025405064,-0.0068910196,0.00021368265,-0.008878343,0.0025619566,0.004042752,0.003577195,-0.009378873,0.008866154,MFB,MFB
-0.006070517,0.013447335,0.0026851855,-0.0026575327,-0.009287361,-0.0016186908,-0.0072522014,-0.0098268315,0.005897619,0.0068744794,0.009790808,0.013405658,0.00010769069,0.010251395,-0.0003566891,-0.0058839507,0.0038417876,0.002161093,-0.009945148,-0.0051183626,0.005418835,0.00283283,-0.005604552,0.0015305504,-0.0076267496,0.002614595,0.0035662353,-0.0003098473,-0.010720385,0.0065735914,MFB,MFB
-0.0064576864,0.011400294,0.003002014,-0.0013043582,-0.009001164,7.76425e-05,-0.0058546066,-0.0077732727,0.0073143393,0.0075715743,0.007551402,0.013757832,-0.0011217743,0.010913871,0.0028131679,-0.006397482,0.0037349313,0.002722431,-0.0104319,-0.004612062,0.0064206384,0.0023231953,-0.0057625547,0.0008086823,-0.008398011,0.0020364076,0.0031357482,0.0042427704,-0.010648893,0.008399408,MFB,MFB
-0.0052522197,0.01248661,0.0030516759,-0.0013536066,-0.008654804,-0.00152307,-0.007944301,-0.008478291,0.006422326,0.006308168,0.009577081,0.014454111,0.00022938848,0.010610595,0.0017016008,-0.006175451,0.0040187687,0.0034337528,-0.010998937,-0.005114224,0.0064867884,0.0026012808,-0.0050560124,0.0005520284,-0.008493595,0.002422832,0.0027480423,0.0032264516,-0.009581141,0.0092145465,PkC_ss,PkC_ss
-0.0049743354,0.013561035,0.0023459084,-0.0013534278,-0.007932283,-0.0012274608,-0.007735014,-0.007385768,0.006891884,0.006921228,0.0084625855,0.014868364,0.00088496506,0.009605087,0.0012632683,-0.006581392,0.0030578077,0.0030345842,-0.010852025,-0.0054803453,0.0059434287,0.0022494793,-0.006856596,-0.00027080998,-0.007961586,0.0023032948,0.0036511943,0.0025785342,-0.010508528,0.008022614,MFB,MFB
-0.00526122,0.013222772,0.0026206374,-0.002398774,-0.009460788,-0.0017319918,-0.0077516288,-0.008942306,0.006665565,0.0068973396,0.00978037,0.016670942,0.0020532757,0.0095813945,0.0012263432,-0.0072740316,0.00420478,0.0042373873,-0.011617032,-0.0056951195,0.006906111,0.002432853,-0.006086819,0.0009834133,-0.0075268447,0.0028529316,0.003372915,0.0015920028,-0.010420622,0.008617923,MFB,MFB
-0.007854335,-0.0010714866,0.0020424612,-0.014167622,-0.00998868,-0.014977686,-0.012897536,-0.029447474,0.0017303973,-0.0052544186,0.013557389,0.014354624,0.013194814,-0.008862786,-0.008258358,-0.018866904,0.0135315955,-0.012014225,-0.008624781,-0.00027803332,0.013902029,0.02580186,-0.0065677483,0.003338635,-0.0020400286,-0.006814666,0.018133104,-0.009997204,-0.013053365,0.0013496131,PkC_cs,PkC_cs
-0.009625033,0.014101787,0.0028983653,-0.0010822266,-0.009070478,-4.9367547e-05,-0.0054963827,-0.009908833,0.0035031214,0.008365419,0.007417038,0.011245839,-0.00082725286,0.0088230595,-0.0014950335,-0.0024224296,0.0067308247,0.003437791,-0.0076607745,-0.003951531,0.006694684,0.0027777255,-0.0029449873,0.0031259507,-0.0010404438,0.006216556,0.0010613427,-0.007272549,-0.011631826,0.0033302158,MLI,MLI
-0.0057482794,0.013119831,0.003311716,-0.0022008866,-0.007919434,0.00038535148,-0.006785512,-0.009228557,0.006521538,0.007704202,0.0076888725,0.012986608,-0.00069232285,0.011367016,0.0016570687,-0.0044697896,0.0036851764,0.0021945648,-0.010515143,-0.004764907,0.004815532,0.002555512,-0.0051906854,0.0011491217,-0.007991113,0.0018930957,0.0038541108,0.0021264255,-0.0115857925,0.0074188,PkC_ss,PkC_ss
-0.005634576,0.011068551,0.0022346936,-0.000863567,-0.008672437,-0.00086594373,-0.0064281225,-0.006800279,0.00746312,0.0074593425,0.007852502,0.012459464,-0.0008570999,0.01095397,0.0009974837,-0.007113222,0.0045043975,0.0033846758,-0.0110072745,-0.005212575,0.007493078,0.0018009245,-0.005151555,0.0020945966,-0.009193338,0.0015900359,0.0018693209,0.005694039,-0.0086493455,0.009855811,PkC_ss,PkC_ss
-0.008084588,0.013940805,0.0025035143,-0.0010495484,-0.009260985,-0.00037182122,-0.005779177,-0.008222505,0.0045184866,0.008776465,0.00789012,0.012448758,-6.6921115e-05,0.00786414,-0.0014220625,-0.004261762,0.0071570724,0.0042195544,-0.009849426,-0.004055012,0.007849665,0.0029246435,-0.0030818842,0.0030381791,-0.00261008,0.0047243237,0.0010867566,-0.003406085,-0.010733001,0.0062029585,PkC_ss,PkC_ss
-0.007746443,0.012666887,0.0028081164,-0.00096158683,-0.008677515,0.000512138,-0.0063182116,-0.0077454373,0.0058112815,0.007413689,0.007945232,0.011783704,-0.0015483499,0.0097856,-3.182888e-05,-0.0042908117,0.005072415,0.0030032955,-0.008422725,-0.0035612881,0.0063756984,0.0022411495,-0.004234981,0.0019360073,-0.0052901506,0.0037872791,0.0015281364,-0.0022378191,-0.010703834,0.005260747,MLI,MLI
-0.0015754476,0.0123946015,0.0025354624,-0.002228558,-0.008872404,-0.0022099689,-0.0069271475,-0.00896991,0.007331662,0.0053461716,0.00798589,0.018081866,0.0016424358,0.0117114335,0.0048632994,-0.008293547,0.0028721243,0.004235074,-0.014192765,-0.008184884,0.0067700185,0.0031118244,-0.00866898,-0.0019298904,-0.01332029,0.000489898,0.0050283372,0.011923052,-0.009774778,0.015302837,PkC_cs,PkC_cs
-0.005156696,0.014031828,-0.01322085,-0.005804494,-0.00083899684,-0.0111233,-0.006475821,-0.032428324,0.0024627447,-0.0044203615,-0.0041650087,-0.001403965,-0.0035531968,-0.0071485564,-0.011099234,-0.014419202,0.0149503425,-0.016710065,-0.0011951383,-0.011150584,0.013977379,0.021736119,-0.010256313,0.0034592338,-0.0063269213,0.00028905272,0.02120088,-0.009220846,-0.017456941,-0.00012920052,PkC_cs,PkC_cs
-0.0159688,0.0034709778,0.009465784,-0.0029876828,-0.010903405,-0.01722268,-0.008689672,-0.021208987,0.0013538748,0.0123584885,0.003086634,0.0028762445,0.0010560155,-0.0049631596,-0.006324634,-0.017552245,0.006141603,-0.0034541115,-0.014158885,0.0055737644,0.014673792,0.014318496,-0.0057442132,0.0053122044,0.009016208,-0.003970295,0.01742291,-0.0004921183,-0.0046584606,-0.0085565075,PkC_cs,PkC_cs
-0.0064015687,0.016117286,0.0030694082,-0.0039090067,-0.009501087,-0.0007696077,-0.007923439,-0.010946423,0.0052029043,0.007861789,0.008325674,0.016102098,0.001521349,0.008157626,0.00032953173,-0.0041404516,0.006521985,0.004652109,-0.010706899,-0.0053724498,0.0058337953,0.0033092424,-0.004883744,0.0023277886,-0.0035158023,0.004707776,0.0030254722,-0.0041252077,-0.011977274,0.0048003756,MFB,MFB
-0.003560111,0.012783409,0.0041890033,-0.0018157363,-0.008230111,-0.00169456,-0.006300226,-0.008841552,0.008127011,0.008404421,0.0071317926,0.018232241,0.001549229,0.01153589,0.0051969513,-0.00856417,0.0030346513,0.0020283684,-0.014570366,-0.006341543,0.006853873,0.0030574873,-0.008522952,-0.0023130178,-0.011560872,0.00028690696,0.005149223,0.0099181235,-0.0115463715,0.01298691,PkC_cs,PkC_cs
-0.0066737235,0.011367226,0.002605442,0.00036208332,-0.008485678,-0.00066393614,-0.005883619,-0.0059344545,0.006035492,0.0077586994,0.0077507794,0.010946609,-0.0019550622,0.010387234,0.0008334294,-0.00643434,0.0037014186,0.0024274886,-0.010101694,-0.004076373,0.00737206,0.002068594,-0.0043657944,0.001321964,-0.007815853,0.0018360242,0.0018446073,0.0040685385,-0.009111278,0.008965991,PkC_ss,PkC_ss
-0.005508654,0.012565117,0.0034062192,-0.0024223477,-0.00974587,-0.0013600215,-0.007480204,-0.009020805,0.0065848976,0.0065266006,0.00938651,0.015870057,0.0010637343,0.011166848,0.0014583692,-0.007860154,0.003882721,0.0033919513,-0.011200923,-0.005438391,0.00676327,0.0019921064,-0.0062441695,0.001277212,-0.008892521,0.0016163886,0.0034239814,0.0024400651,-0.010844417,0.009157825,MFB,MFB
-0.0055334494,0.012257345,0.003074266,-0.0021443814,-0.009103555,-0.0010709539,-0.0071701705,-0.008873962,0.0068689734,0.0063513853,0.009349696,0.015319638,0.00053727627,0.01133652,0.0015758201,-0.006605357,0.003053993,0.0036557093,-0.010699839,-0.0051021464,0.0061508883,0.0021784753,-0.006284019,0.0005240068,-0.009234779,0.0021929964,0.0033110753,0.0030113235,-0.010013508,0.0093151145,MFB,MFB
-0.0046545267,0.013594355,0.0029572546,-0.0022800267,-0.0084833875,-0.0015391558,-0.008963704,-0.007953741,0.006990552,0.0065103024,0.0087515265,0.015032485,0.000565961,0.010124534,0.0010648668,-0.006767798,0.0038058609,0.0037001334,-0.010914563,-0.0055914,0.0062813535,0.002640754,-0.006127011,0.0008774027,-0.008797184,0.0026255623,0.0030996054,0.0025268942,-0.009293232,0.008387838,MFB,MFB
-0.0052084997,0.011858134,0.0032137036,-0.0020792186,-0.009469294,-0.0011364892,-0.0067439377,-0.00966426,0.00712993,0.006549619,0.009006456,0.014960267,-0.00030255318,0.01100076,0.0023577958,-0.006135609,0.0037354082,0.0031399354,-0.010740473,-0.00510576,0.006030649,0.0029853806,-0.0062045865,0.00047179684,-0.009281769,0.0018349364,0.0041174963,0.00400497,-0.010618355,0.008827984,PkC_ss,PkC_ss
-0.0055313185,0.0143872,0.0026865788,-0.0025574565,-0.008762206,-0.0009482354,-0.008136436,-0.008440062,0.0056048483,0.0065918975,0.008816443,0.013710588,0.00036001205,0.009403251,-0.000107355416,-0.0054036975,0.0040102154,0.0031014755,-0.009784146,-0.004981272,0.0057773385,0.0029541552,-0.0055925753,0.001318261,-0.0071773604,0.003092222,0.0032979697,-0.00039025396,-0.010234004,0.007040549,MFB,MFB
-0.0064045265,0.011741446,0.0026315786,-0.0015477091,-0.008512109,-0.0009788424,-0.007453203,-0.007609822,0.00735151,0.0074618924,0.008835673,0.012999862,-0.00044997036,0.011110701,0.0006899312,-0.006807804,0.004348159,0.0038654283,-0.010678933,-0.005113784,0.0066519305,0.002122812,-0.004883852,0.0016381219,-0.008774541,0.0025796294,0.00245139,0.0040456504,-0.009031607,0.009690601,PkC_ss,PkC_ss
-0.036753908,-0.012312347,0.026065357,-0.020709239,-0.021231577,-0.024489075,-0.009246349,-0.042801,0.005384423,-0.009703287,0.0049881935,-0.010896765,-0.0007314533,-0.0103791505,-0.005416535,-0.027265375,0.020626388,-0.024781145,0.024638556,-0.00051330775,0.007160252,0.039444648,-0.008959647,0.0059221126,0.0074332654,-0.0001508072,0.02486286,-0.007980078,-0.012388498,-0.012716234,PkC_cs,PkC_cs
-0.0068711787,0.02045582,-0.016581543,-0.0035878122,0.0005003046,-0.012307547,-0.008557767,-0.031548798,0.0003197044,-0.0061721937,-0.004013568,-0.0022847727,-0.0027630478,-0.004347235,-0.011667244,-0.015990116,0.013227738,-0.01838617,-0.0068740295,-0.014563672,0.012125788,0.018361144,-0.012820577,0.002847463,-0.012956046,-0.004049331,0.020460349,-0.0017774627,-0.025334239,-9.150803e-05,PkC_cs,PkC_cs
-0.007111907,0.015878912,0.0031901337,-0.0021153092,-0.009275757,-0.0026154518,-0.0075255334,-0.010006338,0.003937863,0.0077685174,0.007952645,0.016477749,0.0032459646,0.006216608,-0.0010822415,-0.005017899,0.007228121,0.0047373287,-0.0098685,-0.0048496574,0.0072841924,0.0033875257,-0.005426705,0.0012582093,-0.0015008673,0.005395174,0.0025686026,-0.006443575,-0.012328204,0.0045039654,MFB,MFB
-0.006948121,0.015766546,0.0030134097,-0.0033644736,-0.009110305,-1.0818243e-05,-0.0058006495,-0.012216471,0.0060110763,0.008908089,0.008184604,0.01648356,0.0021282434,0.008971199,0.00087628514,-0.0029456317,0.0061511397,0.0029388703,-0.011268684,-0.004989106,0.0061755423,0.003626518,-0.005382046,0.002089791,-0.0032748654,0.0043450072,0.003373012,-0.0038278773,-0.013626389,0.004478503,MFB,MFB
-0.0073360875,0.015286923,0.0033359788,-0.0035158247,-0.010109777,-0.0010909885,-0.0073886067,-0.011357181,0.0041892007,0.0070072114,0.009292029,0.015592106,0.0021587461,0.007505849,-0.0006537065,-0.003538914,0.006926194,0.004517939,-0.009309145,-0.0045033246,0.006633999,0.003369622,-0.004462704,0.002613239,-0.0023116842,0.0059968084,0.0027512386,-0.0066195726,-0.011634463,0.004025154,MFB,MFB
-0.0053982288,0.011499984,0.002060473,-0.0012468547,-0.00871049,-0.0014976263,-0.007002756,-0.00801944,0.0073198527,0.0068342276,0.009475462,0.013525777,-0.00010176003,0.010180354,0.00038212538,-0.0065595508,0.004100457,0.003334757,-0.010364628,-0.0048749186,0.006770136,0.0024541542,-0.0057789907,0.0010117106,-0.008926965,0.0017345473,0.003262803,0.003641747,-0.0095408615,0.009382378,PkC_ss,PkC_ss
-0.0055381954,0.011581618,0.0049505904,1.9192696e-05,-0.0093879625,-0.001333423,-0.007723704,-0.007633172,0.007906981,0.006397454,0.00849466,0.017873019,0.00013583899,0.013056219,0.0070962235,-0.009994332,0.0019934177,0.0031110868,-0.014832825,-0.0074564144,0.007066127,0.0037034526,-0.0073867813,-0.0029718354,-0.010123,0.0018353164,0.0034025684,0.0120980665,-0.009177959,0.011267856,PkC_cs,PkC_cs
-0.0025657043,0.010816081,0.00290009,-0.0032294393,-0.010172361,-0.0016480014,-0.007946432,-0.007654436,0.007489592,0.004686212,0.008707583,0.017314702,-4.865229e-05,0.010977581,0.004930936,-0.008675832,0.0032244474,0.007199485,-0.012891396,-0.0065745525,0.0065646376,0.0023632497,-0.006380411,-0.00026457757,-0.011809297,0.0018273368,0.0026273206,0.008823112,-0.0069453474,0.013115011,MFB,MFB
-0.0030242726,0.0119309975,0.004450556,-0.0004310459,-0.008185454,-0.0020793155,-0.007151887,-0.0069440454,0.0067613125,0.007203644,0.007892817,0.017525233,0.00085163116,0.013517596,0.0058706775,-0.009740837,0.0019811243,0.0032564886,-0.015988272,-0.007825289,0.0063723736,0.0030700788,-0.0075235255,-0.0038453303,-0.013207853,0.00015252084,0.0038637891,0.013636313,-0.010096686,0.014792755,PkC_cs,PkC_cs
-0.004190497,0.011947786,0.002745159,-0.0017070323,-0.009060744,-0.0020138994,-0.00809148,-0.0073801056,0.0073583797,0.006848976,0.009180613,0.015328012,0.00076806545,0.010471351,0.0022999868,-0.008168001,0.003543958,0.00347092,-0.011852096,-0.0059093796,0.0065432508,0.0014481395,-0.0065465216,0.0006406382,-0.009668715,0.0013834462,0.0034642294,0.0057774335,-0.009096358,0.009802707,MFB,MFB
-0.00538148,0.012227173,0.0022856668,-0.0012436956,-0.008860838,-0.00089954585,-0.00703983,-0.0068899095,0.0072174,0.007565163,0.009271242,0.013213895,-0.0004913509,0.009986557,0.0005717352,-0.0071949735,0.0034451485,0.0025980845,-0.010562587,-0.004741363,0.0064570755,0.0018364117,-0.005649334,0.0012175925,-0.008264221,0.0018021092,0.0029852167,0.0025186688,-0.009601276,0.008165158,PkC_ss,PkC_ss
-0.0021651313,0.0073453747,0.0057335645,-0.005976945,-0.00711317,-0.0030561537,-0.0067957193,-0.012272276,-0.0009578988,0.010200199,-0.0012195334,0.0054912865,-0.0005380213,0.0015466288,-0.000921838,-0.013658248,-0.00298433,-0.010757692,-0.011075961,0.0022341162,0.011391435,0.0030096322,-0.006420566,0.0032095015,0.003152661,0.002268687,0.012894742,-0.006082952,0.0047137802,-0.0053388774,PkC_cs,PkC_cs
-0.006502956,0.014118817,0.0027028732,-0.003161028,-0.009377995,-0.0011558905,-0.007099241,-0.009699538,0.005768575,0.0072311703,0.009060182,0.014477611,0.0009773076,0.008668423,-0.0004774928,-0.0050006174,0.0053345114,0.0034053847,-0.009669236,-0.004329372,0.0060340464,0.0036224872,-0.005415648,0.0013554022,-0.006700419,0.0039059967,0.0031795055,-0.001891464,-0.011220824,0.0066335797,MFB,MFB
-0.0051532686,0.014014296,0.0029695965,-0.0021589845,-0.008097872,-0.0012782812,-0.008014649,-0.008310363,0.0068059117,0.0067881458,0.008586824,0.015081726,0.0014464855,0.01014141,0.0012074187,-0.0058675744,0.0030122995,0.0024263114,-0.010115412,-0.0057314076,0.004984647,0.00273408,-0.007272059,-0.0003028214,-0.008441791,0.0026811734,0.0042997375,0.0023007318,-0.011015793,0.00766962,MFB,MFB
-0.006507188,0.011719079,0.0025494508,-0.0010640472,-0.007873216,0.00054145604,-0.005063206,-0.008955233,0.0075276494,0.008480649,0.0073409528,0.0134233385,-0.0004630834,0.010652684,0.002169013,-0.0054963194,0.0038125664,0.00080309063,-0.010635755,-0.0042454675,0.0060329903,0.0030216575,-0.0056425165,0.00075555965,-0.007799536,0.0012471378,0.0040731654,0.0028432831,-0.012766443,0.0068496615,MFB,MFB
-0.056236446,-0.07841718,0.055085517,-0.05669242,-0.051635098,-0.026645362,0.0049111545,-0.09400764,0.01791501,-0.09878977,0.032737948,-0.015250333,0.02011212,-0.025500476,0.024793662,-0.033181094,0.046260923,-0.08017941,0.113654025,-0.010856848,-0.003718663,0.106313884,0.0021911412,0.0068647824,-0.0050001815,2.5473535e-05,0.009204924,-0.034970783,-0.033395473,-0.026395537,PkC_cs,PkC_cs
-0.006199375,0.0114240935,0.0026821755,-0.0010943115,-0.008882659,-0.001507692,-0.006948054,-0.0076640174,0.0072159097,0.0069717504,0.009414874,0.013485245,-0.00035463274,0.010846756,0.0009664893,-0.00713652,0.00333637,0.0028449818,-0.01033984,-0.0049239136,0.0067116823,0.002351433,-0.0059561096,0.00061336905,-0.0093661845,0.0020666942,0.0032397956,0.0046307445,-0.009300463,0.0095958635,PkC_ss,PkC_ss
-0.03635721,-0.03234615,0.027708657,-0.036502697,-0.031046972,-0.024924256,-0.0035362095,-0.044503585,0.0117478,-0.024839226,0.013510682,-0.017028652,0.007784322,-0.021474004,0.004227303,-0.031558186,0.013403825,-0.04007519,0.050951656,-0.00017752498,-0.0015255027,0.037738554,-0.023104955,0.0020345114,0.013405137,-0.0015343949,0.03093722,-0.013209589,-0.002589943,-0.013887294,PkC_cs,PkC_cs
-0.005782038,0.011308859,0.0024439506,-0.000686273,-0.008499676,-0.00059904903,-0.006169662,-0.0073610023,0.0066474974,0.0072285347,0.009146869,0.01243601,-0.0006657839,0.010935836,0.00049931556,-0.006324649,0.0032905936,0.0020686127,-0.01030098,-0.004622344,0.0064841807,0.0021693856,-0.005059652,0.0013134778,-0.008648872,0.0010359287,0.002954021,0.0036747828,-0.010049585,0.009147242,PkC_ss,PkC_ss
-0.005094044,0.008866033,0.003178209,-0.002895549,-0.0071090115,-0.0050913617,-0.008803472,-0.016205579,-0.0033704266,0.004150806,0.0040131956,0.0034221113,0.0030533075,0.0024025291,-0.0030663311,-0.010213781,-0.0014785975,-0.01068107,-0.009479773,-0.00031586736,0.013712709,0.0047276914,-0.005092472,0.00532908,0.0037146658,0.004752718,0.012240961,-0.0051630214,0.0038566124,-0.0055198893,PkC_cs,PkC_cs
-0.003992997,0.012380453,0.0021415837,-0.0002848506,-0.008960901,-0.0018203408,-0.008351803,-0.0058834553,0.0070452914,0.006810436,0.009357698,0.01347018,-0.00043693185,0.010160059,0.0012459308,-0.008027907,0.0032336116,0.0031291246,-0.011526807,-0.005569279,0.0076266024,0.0015872568,-0.005749434,0.0011494793,-0.008974969,0.0015181974,0.0026512668,0.0054371282,-0.0076048635,0.009591974,PkC_ss,PkC_ss
-0.00372646,0.012833675,0.003745094,-0.00023896992,-0.009413162,-0.00069500506,-0.008205548,-0.007206708,0.0067866296,0.006278768,0.009444632,0.015730485,-0.00058956444,0.013033733,0.005560331,-0.008735061,0.0009367615,0.001823213,-0.014174256,-0.0065781698,0.006956704,0.0010132641,-0.007410869,-0.0014032014,-0.010687418,0.00079774857,0.0043044835,0.009522088,-0.0092992615,0.010675829,PkC_cs,PkC_cs
-0.0060263053,0.015443921,0.0027126186,-0.0018410236,-0.0099578835,-0.0012627989,-0.007437736,-0.008861512,0.004763834,0.008087778,0.008890249,0.014364049,0.00073741376,0.0077963397,-0.000504002,-0.004707057,0.0061192364,0.0039832033,-0.010586998,-0.005102981,0.0073749907,0.0030247197,-0.004359301,0.0024319366,-0.0033257157,0.0048357993,0.0020261556,-0.0033385754,-0.010181326,0.005461909,PkC_ss,PkC_ss
-0.0035689399,0.013289939,0.0032298155,-0.0018152893,-0.008449341,-0.000217475,-0.0063587725,-0.008529767,0.008832924,0.008694174,0.008166961,0.0161632,0.00024430454,0.011456996,0.0036639199,-0.0065640286,0.0025916249,0.0010142438,-0.013137021,-0.005777862,0.0063105617,0.0022488385,-0.007491324,0.00019580126,-0.009670965,0.0008056313,0.0042134672,0.006000094,-0.010896977,0.008375097,PkC_cs,PkC_cs
-0.0040101483,0.012293694,0.002142895,-0.00047583878,-0.009079982,-0.0022316352,-0.008131057,-0.006084405,0.0076421574,0.0071825385,0.008727655,0.014051594,-0.00013585389,0.010492906,0.0016997829,-0.0084686875,0.0034618229,0.0035714507,-0.012056691,-0.0061861165,0.0077097043,0.0016111061,-0.0062927194,0.0011581592,-0.009341359,0.0015120655,0.0025267825,0.006996952,-0.0073862355,0.010035366,PkC_ss,PkC_ss
-0.007350959,0.012684774,0.002666641,-0.0013615787,-0.008785017,-0.0002367273,-0.0061757565,-0.008208334,0.006086275,0.0074638072,0.00786677,0.011715151,-0.0011835396,0.009033136,-0.00014985353,-0.0048457086,0.0052360445,0.0027197115,-0.008844329,-0.0038545504,0.006322641,0.0030037537,-0.0045339875,0.0017575547,-0.0058900937,0.0033481866,0.0021552518,-0.0010621399,-0.010884393,0.0056387633,PkC_ss,PkC_ss
-0.009014353,-0.011307754,0.00379318,-0.025446452,-0.014971255,-0.015278459,-0.013979949,-0.03795641,0.004039727,-0.021283943,0.02095335,0.013749562,0.018966347,-0.014272258,-0.0063714385,-0.023250133,0.017455019,-0.023257554,0.008707691,-0.0039835684,0.010169567,0.03518243,-0.00852103,0.0044232644,-0.0038561672,-0.007982738,0.021325916,-0.018409736,-0.01608935,0.0006807074,PkC_cs,PkC_cs
-0.0063402876,0.015449121,0.002642583,-0.0012310147,-0.009880712,-0.0012674555,-0.0075242817,-0.008224733,0.003976457,0.007885637,0.008637078,0.014042288,0.0008085221,0.0075216517,-0.00087083876,-0.004442122,0.0063832104,0.0043798536,-0.0102093695,-0.0049638636,0.007878335,0.0026934296,-0.004056249,0.002670411,-0.0020253956,0.005265668,0.0013255924,-0.004365295,-0.0095660165,0.005279161,PkC_ss,PkC_ss
-0.005541615,0.0112919975,0.002324883,-0.0012718141,-0.008775359,-0.0010026246,-0.006496474,-0.0075413957,0.0071712136,0.0074916296,0.009110078,0.0125283,-0.0007042587,0.00985945,0.0005816594,-0.0061311163,0.0043018907,0.0028743707,-0.010224561,-0.0044489875,0.006376559,0.0021098703,-0.005381014,0.001179073,-0.008370988,0.001956962,0.0030787736,0.003069982,-0.009701461,0.008438442,PkC_ss,PkC_ss
-0.0066064075,0.012545014,0.0024231821,-0.0006926954,-0.008363156,-0.0010948554,-0.00624457,-0.0073286295,0.005780667,0.007941777,0.008058712,0.011454217,-0.0008928627,0.009270854,-0.00065246224,-0.0055555925,0.0045696646,0.0028080307,-0.0096655665,-0.0039657094,0.006638443,0.00248757,-0.004716661,0.0013010465,-0.0066314936,0.0024837852,0.0025530383,0.00095205754,-0.010019343,0.007744767,PkC_ss,PkC_ss
-0.005678624,0.011999891,0.00203738,-0.0014907122,-0.008342303,-0.0017727539,-0.007890314,-0.007993706,0.007916622,0.00701908,0.0088833645,0.013793342,5.337596e-05,0.009575903,0.0009118542,-0.006270025,0.004390821,0.0038381964,-0.01009607,-0.0052526332,0.0061468408,0.0024051443,-0.0062023625,0.00067552924,-0.008033767,0.0031639487,0.0032402351,0.0028830022,-0.009332174,0.0076046996,PkC_ss,PkC_ss
-0.09465082,-0.10265478,0.09085799,-0.07017617,-0.07553768,-0.043657683,0.0070432723,-0.13634942,0.019870527,-0.12802532,0.031674094,-0.033265956,0.006677121,-0.027971737,0.03253212,-0.045783535,0.07727744,-0.10402812,0.1617074,-0.014670335,-0.0021418277,0.15432677,0.013190638,0.012039047,-0.011856444,0.008720055,0.01474563,-0.03646844,-0.053688217,-0.040343367,PkC_cs,PkC_cs
-0.06062436,-0.065607555,0.04990337,-0.05555124,-0.044981092,-0.028199345,-0.0018345416,-0.07926108,0.017758906,-0.07754717,0.023145385,-0.030251168,0.011376083,-0.027636178,0.01249104,-0.0371452,0.03715975,-0.0705269,0.10893472,-0.008530047,-0.0083039235,0.08329305,-0.0109071955,0.010178482,0.0064779446,0.0010782555,0.022574987,-0.031683713,-0.020066485,-0.028936356,PkC_cs,PkC_cs
-0.0059970915,0.014462926,0.0024592206,-2.1219254e-05,-0.009035013,-0.001264289,-0.00691849,-0.006877497,0.0044064596,0.0077330917,0.007955633,0.012479208,-0.0003554821,0.00892175,-0.00012493134,-0.005609501,0.0049768984,0.003056448,-0.010256863,-0.0049282387,0.007989294,0.00269451,-0.0038236827,0.0021276735,-0.0052274913,0.0035092384,0.0015824214,0.00039464235,-0.00920918,0.007467117,PkC_ss,PkC_ss
-0.041730747,-0.022774568,0.0275577,-0.031459525,-0.025848776,-0.025481693,-0.012108803,-0.05235474,0.008365996,-0.024995007,0.012787759,-0.012329854,0.004442796,-0.013082691,-0.0038670525,-0.033670355,0.026467294,-0.03820554,0.04185843,-0.0077730864,0.0025862698,0.050828606,-0.011560287,0.0056198686,0.007897481,0.00033334643,0.027171817,-0.016188838,-0.015933845,-0.013997257,PkC_cs,PkC_cs
-0.00051582605,0.013157301,-0.0134922415,-0.001573965,0.0009816121,0.00046098977,-0.010445669,-0.021891385,-0.0011499152,-0.0011394024,-0.0059941933,0.0031385347,-0.0051470846,0.003908485,-0.005067192,-0.010432899,0.008744277,-0.0115394145,-0.017854404,-0.007171467,0.015288546,0.010752685,-0.0040203854,0.0100808125,-0.003559269,-0.008536711,0.010080904,-0.005079828,-0.013168037,-0.006073147,PkC_cs,PkC_cs
-0.005294889,0.013065426,0.0026609898,-0.0026851445,-0.008872988,-0.0015097782,-0.007632479,-0.009065896,0.0063636526,0.0067576114,0.009285718,0.014145784,0.00032277405,0.009941012,0.00059622526,-0.006086465,0.0046543777,0.003439784,-0.011237598,-0.005379021,0.0061525498,0.0027667359,-0.005607929,0.0011488087,-0.008058943,0.002290234,0.0030618608,0.0023886263,-0.009763746,0.00879908,PkC_ss,PkC_ss
-0.0054932386,0.0113636665,0.0029961094,-0.0012720227,-0.008987424,-0.00092022866,-0.0061686337,-0.007564299,0.0071154907,0.007280918,0.008515157,0.013511822,-0.0006632358,0.011702113,0.0014044717,-0.006953139,0.0033871979,0.0031014197,-0.01081787,-0.005213417,0.006481668,0.001952976,-0.005528515,0.0012598895,-0.00981684,0.0012863055,0.0026667044,0.0052751526,-0.009601422,0.010060415,PkC_ss,PkC_ss
-0.04009822,-0.011509458,0.031565413,-0.008442566,-0.024054322,-0.027742475,-0.005430892,-0.031664595,0.0069413185,0.010334404,-0.0026990473,-0.021393143,-0.010879472,-0.008510366,-0.0028582066,-0.02919698,0.00897681,-0.015110679,0.014346192,0.010409683,0.010516135,0.020778093,-0.012735682,0.0076447576,0.021757819,-0.0020733103,0.026235797,0.0026182532,0.0036740582,-0.022649534,PkC_cs,PkC_cs
-0.00096135587,0.0077019846,0.0012392364,-0.008902758,-0.0070577124,-0.006005205,-0.010223873,-0.023633212,0.0013158396,0.00353155,0.0005798042,0.008921847,0.0028018206,-0.0015766397,-0.0021690577,-0.016777914,0.0016278625,-0.014115848,-0.010540764,0.00010833889,0.0147066135,0.0100430995,-0.009320432,0.0046754666,0.0010118484,0.0013661683,0.018862706,-0.009477466,0.0013179956,-0.007537253,PkC_cs,PkC_cs
-0.007946126,0.014353813,0.0024590492,-0.00067201257,-0.009111457,-0.00075723976,-0.0062291175,-0.008327387,0.004162006,0.00875674,0.007980354,0.012838244,0.000373289,0.007927798,-0.0014671758,-0.0038323738,0.0072954744,0.0044110008,-0.009824653,-0.0043989867,0.00788576,0.0030423999,-0.0035886802,0.0023324266,-0.0023932904,0.0051172003,0.0017030537,-0.003175892,-0.010952376,0.0065405965,PkC_ss,PkC_ss
-0.005661845,0.012556969,0.0022889748,-0.0019489825,-0.008735903,-0.00131993,-0.007984564,-0.0079391,0.006706096,0.0068877786,0.010113619,0.014148176,0.0006336421,0.010738425,0.0002208054,-0.0068147257,0.0039121658,0.0028655268,-0.011199961,-0.0050230287,0.0070068464,0.0022491664,-0.0056566466,0.0013701767,-0.008996978,0.0019799918,0.0029480532,0.003075175,-0.009388661,0.00989547,PkC_ss,PkC_ss
0.0005892813,0.001997823,-0.01833941,0.0023608208,0.006417852,-0.0031569675,-0.004331693,0.002040498,0.0008965805,0.01073404,0.0021073222,-0.007993974,-0.0045615733,-0.0052272305,-0.017875336,-0.02173632,0.013671234,-0.018064938,-0.018724862,8.1151724e-05,0.012256346,0.011849023,0.0032405406,0.0027153865,-0.021657966,-0.011816926,0.0068659335,-0.0015647709,-0.019717854,0.0033119023,PkC_cs,PkC_cs
-0.006167121,0.0152919665,0.002509486,-0.00096972287,-0.009543051,-0.001316987,-0.007167965,-0.008038774,0.0041442886,0.00834821,0.008380525,0.014143676,0.0010931641,0.0074463114,-0.00082576275,-0.0045281127,0.006503895,0.0045302548,-0.010518494,-0.004945595,0.008176695,0.002552539,-0.003869027,0.0026317649,-0.0021259487,0.0052176714,0.0012557134,-0.003883116,-0.009579014,0.0059569664,PkC_ss,PkC_ss
-0.003166914,0.013289413,0.004192129,-0.00086453557,-0.008344108,-0.0013321862,-0.0061014444,-0.008137621,0.008443013,0.009731324,0.007829979,0.017436057,0.0012123734,0.011887476,0.004539095,-0.007177621,0.002248183,0.0009800307,-0.0141891455,-0.006122526,0.0068525486,0.0021380782,-0.008147456,-0.001306694,-0.009864293,0.0008605048,0.0044964105,0.007863343,-0.010762045,0.010422543,PkC_cs,PkC_cs
-0.005502641,0.012156702,0.0020844266,-0.0024168044,-0.008741726,-0.0008756742,-0.0060897022,-0.008014448,0.0068400577,0.008300416,0.007913172,0.012426905,-0.0003761351,0.0086963475,-0.00020563602,-0.005618546,0.005346969,0.0035249703,-0.010442098,-0.0045229793,0.0061749145,0.0023006871,-0.0055432916,0.0017290041,-0.0072901696,0.0024181083,0.0032458752,0.0018281266,-0.009917885,0.007864129,PkC_ss,PkC_ss
-0.003547296,0.012706241,0.004154891,-0.0009301007,-0.007146417,-0.0028814524,-0.008032143,-0.006571293,0.008103646,0.008524258,0.0076488703,0.018777557,0.0033584386,0.0121492,0.00539013,-0.011020303,0.002120033,0.0034966134,-0.018094327,-0.00867505,0.0077242823,0.0032557547,-0.008642428,-0.0039654337,-0.011012472,0.0016238987,0.0037234053,0.014136121,-0.008409455,0.014968548,PkC_cs,PkC_cs
-0.0055491105,0.012953873,0.002647765,-0.0022122413,-0.008509762,-0.001707837,-0.008151844,-0.008147515,0.0071307793,0.0065837223,0.008642241,0.014443241,0.00056234,0.009821184,0.0010309368,-0.0063650124,0.0038899928,0.0038217865,-0.010605636,-0.005291689,0.005811926,0.0020028353,-0.0069812145,0.0002461113,-0.007858172,0.0028908476,0.003313154,0.002533801,-0.009480938,0.0077262186,PkC_ss,PkC_ss
-0.005577661,0.0127409035,0.0026962273,-0.0017255694,-0.0087880455,-0.002137959,-0.008423448,-0.008408077,0.0075565353,0.0063539557,0.009568557,0.014970697,0.00078830123,0.0102746785,0.0009942427,-0.006521091,0.0032698512,0.0036887303,-0.010153324,-0.0054370314,0.0059109386,0.0021285787,-0.007128764,0.00020577386,-0.008224778,0.0030806288,0.00329379,0.0023035556,-0.009226274,0.0075427815,PkC_ss,PkC_ss
-0.006927602,0.011047654,0.0016043708,-0.0014316291,-0.008737478,-0.0006124526,-0.0063500404,-0.0069929585,0.006775573,0.007239839,0.0087384805,0.011809781,-0.0010092854,0.009639561,1.2233853e-05,-0.0065971427,0.0044487417,0.0030941889,-0.009509382,-0.004458312,0.0067969896,0.0016945899,-0.005529871,0.0015682317,-0.007949859,0.0025806203,0.0029826611,0.0027330294,-0.00945371,0.008767523,PkC_ss,PkC_ss
-0.011634111,-0.0043015815,0.0059653968,-0.017395064,-0.013657802,-0.018004522,-0.012037069,-0.033114173,0.0035932586,-0.005521747,0.011991814,0.00791201,0.009899795,-0.0117092505,-0.006196514,-0.022008449,0.013711572,-0.015241563,-0.0011404753,-0.00060898066,0.0114456,0.026069637,-0.00946792,0.0041830316,0.002150923,-0.006211363,0.022669148,-0.009393007,-0.010362463,-0.0034977496,PkC_cs,PkC_cs
-0.006594181,0.011088547,0.0028967373,5.438924e-06,-0.0088894125,-0.00038794428,-0.006343797,-0.006730564,0.0073139444,0.00699755,0.008196712,0.012815967,-0.0016848147,0.011010289,0.0021393895,-0.00671567,0.0039235502,0.0034984872,-0.010205585,-0.0045803897,0.007220747,0.0020077974,-0.0047558174,0.00104158,-0.008281417,0.0021621138,0.0016263053,0.0047647804,-0.009162411,0.008974392,PkC_ss,PkC_ss
-0.0042360723,0.012418342,-0.011777192,-0.0016608983,8.158386e-07,0.0060165003,-0.0036396533,-0.018255703,-0.0013892874,0.004259479,-0.007749185,-0.0045031235,-0.012697592,0.006004758,-0.005682826,-0.005903084,0.004195556,-0.014459029,-0.011588068,-0.0073798187,0.0138527,0.009497739,-0.0019882545,0.011023384,-0.0023278818,-0.0039368346,0.012624979,-0.003996648,-0.012480481,-0.0013204738,PkC_cs,PkC_cs
-0.0043174103,0.013178641,0.0028872713,-0.0026934147,-0.009117325,-0.000880979,-0.007902026,-0.008884862,0.007207699,0.0064574108,0.008759916,0.015598483,0.0002744794,0.011174247,0.0023934916,-0.0067214556,0.0033450127,0.003815677,-0.011365608,-0.0061184317,0.0052617826,0.0019151717,-0.007188188,0.00029999763,-0.009099677,0.0015455857,0.0043138415,0.0041268915,-0.010402063,0.008906752,MFB,MFB
-0.0045586526,0.012267552,0.0021175705,-0.0015879571,-0.009544163,-0.002191633,-0.007959127,-0.0073853508,0.0075285956,0.0073115975,0.009067208,0.014926493,0.0005223304,0.010286637,0.0015272722,-0.008057822,0.004263848,0.0037233569,-0.0118869385,-0.0059907697,0.007873108,0.0016939268,-0.0065791607,0.0015192851,-0.0093835,0.0019340068,0.003241092,0.005684167,-0.008642439,0.01021238,PkC_ss,PkC_ss
-0.005826205,0.010955554,0.0035216957,-0.0013546497,-0.00819879,0.00076203793,-0.004505679,-0.007711068,0.007916689,0.008101612,0.0061616153,0.014994748,-0.0019579977,0.013518237,0.005015008,-0.0072893426,0.0020935535,0.0030427836,-0.012921049,-0.005950872,0.0061420947,0.0027702078,-0.0071789287,-0.0017003343,-0.011435635,0.0012620836,0.0036509335,0.010169238,-0.01033023,0.012878157,PkC_cs,PkC_cs
-0.007968292,0.01332682,0.00252679,-0.0007544458,-0.009202163,-0.0012081712,-0.0055593103,-0.008968413,0.0044648796,0.007945832,0.008291058,0.012231939,-0.0005401373,0.009125747,-0.0010297075,-0.004629284,0.006101668,0.003281802,-0.009061606,-0.0041949414,0.007404322,0.0034655929,-0.0035253689,0.0021712184,-0.0051749274,0.0038628727,0.0020243376,-0.0013262779,-0.011047531,0.0073464923,PkC_ss,PkC_ss
-0.004553862,0.01233413,0.0017144457,-0.0026275367,-0.008756584,-0.0021237507,-0.0079779625,-0.008280933,0.007841691,0.0072172508,0.00879135,0.015055068,0.0011948645,0.0100458115,0.0009621829,-0.0072861165,0.00490126,0.0044037625,-0.012123424,-0.006296985,0.0067532565,0.0020509139,-0.006633712,0.0014842823,-0.009437852,0.0019018427,0.00325571,0.005494036,-0.009123795,0.010074835,PkC_ss,PkC_ss
-0.02381131,0.013360836,0.018897586,0.013556078,-0.008952176,-0.0057082325,-0.008445054,-0.021383367,-0.0026094168,0.003085929,-0.005038321,-0.023746409,-0.011399746,0.014023133,0.004732214,-0.005799163,-0.015293941,-0.022221476,0.012749427,0.0006271675,0.0073890425,-0.0024239495,-0.010035709,0.0075993687,0.024221815,0.011348695,0.016934626,-0.00025514513,0.016364701,-0.031596147,PkC_cs,PkC_cs
-0.006066464,0.013241223,0.0031966306,-0.0014977306,-0.008189429,-0.002007611,-0.0081808865,-0.008107498,0.0065683797,0.006639667,0.008359313,0.014071688,6.7561865e-05,0.010168992,0.001105994,-0.0059136935,0.0033024698,0.0038305596,-0.010211964,-0.004997004,0.005544221,0.002174005,-0.006597141,-0.00023321062,-0.007251255,0.003374584,0.003015086,0.0020232499,-0.009104371,0.007112775,PkC_ss,PkC_ss
-0.0054039285,0.011589928,0.002131071,-0.0011405349,-0.00838408,-0.0011932775,-0.0069609135,-0.00786633,0.007411927,0.0071160663,0.00822217,0.013250515,-0.00047248602,0.009900697,0.0015463158,-0.006170068,0.0048590004,0.003943164,-0.010703024,-0.005458191,0.0066497587,0.0021794736,-0.0053737313,0.0010780431,-0.008122593,0.002507858,0.002732776,0.0044451877,-0.009330571,0.008984029,PkC_ss,PkC_ss
-0.0050200075,0.011694817,0.0051915385,0.0010072142,-0.00805372,-0.00157132,-0.0075362623,-0.006218508,0.0067904145,0.007923253,0.007987581,0.016917735,0.0014324784,0.013659038,0.0059554055,-0.00913623,0.0022070557,0.003183268,-0.016364928,-0.007904079,0.00770087,0.0030404925,-0.0069885217,-0.0036858134,-0.009649992,0.0021271557,0.0022032931,0.012626193,-0.008784687,0.013026971,PkC_cs,PkC_cs
-0.0067780316,0.012069511,0.0026646517,0.00020585954,-0.008401811,-0.0006062314,-0.0053038746,-0.0067495108,0.0057431534,0.008021554,0.008000821,0.011560306,-0.0011115819,0.010086685,0.00015892088,-0.0053782538,0.003926322,0.0024245419,-0.009604215,-0.0036921166,0.0069109183,0.0025233477,-0.0040488765,0.0012851097,-0.0073096603,0.0021444485,0.0017806813,0.0021458939,-0.010084622,0.008274578,PkC_ss,PkC_ss
-0.009252399,0.014413852,0.0031820275,-0.0022114962,-0.009156606,0.0012025237,-0.0052767843,-0.010793768,0.0048216954,0.00846771,0.0079925805,0.0132274255,-6.9737434e-05,0.008921593,-0.00045572966,-0.0023408905,0.006656617,0.0032236017,-0.009093945,-0.0034025647,0.006201597,0.0034595057,-0.0035773665,0.002592709,-0.0020153448,0.0048497096,0.002211146,-0.005931549,-0.013427377,0.0035776943,MLI,MLI
-0.008883461,0.020835139,-0.010430917,-0.0021073371,-0.0028186897,-0.009163149,-0.0058719963,-0.025781319,-0.0011717975,2.032891e-05,-0.005036138,-0.002296701,-0.0076973587,-0.001536496,-0.009239599,-0.012198895,0.010916397,-0.012914963,-0.00697425,-0.012135942,0.008903368,0.013859313,-0.010314109,0.002360411,-0.009370573,-0.0022076368,0.017075066,-0.0008829236,-0.023210034,-0.00035780668,PkC_cs,PkC_cs
-0.05938539,-0.042347603,0.045931816,-0.037131123,-0.041300565,-0.034801975,-9.472668e-05,-0.052372586,0.016978905,-0.021644708,0.0046296865,-0.040013455,-0.0047433972,-0.02451998,0.006348662,-0.042091742,0.013538845,-0.046022788,0.07128738,0.0063195154,-0.003592573,0.03966286,-0.029557243,0.00612092,0.028414331,-0.00047552586,0.038816888,-0.009842299,0.0055674873,-0.031457797,PkC_cs,PkC_cs
-0.006316088,0.0136726815,0.0032677092,-0.0024154186,-0.009156079,-0.00025448203,-0.006553784,-0.00981538,0.0063922405,0.0069824588,0.008314684,0.014410831,-0.00041863322,0.010164693,0.0014772713,-0.004666876,0.0041303933,0.0025643595,-0.009459213,-0.0047058538,0.005048346,0.003056109,-0.0060488023,0.000697881,-0.007347472,0.00264363,0.00381919,6.111711e-05,-0.012406195,0.005996164,PkC_ss,PkC_ss
-0.005870931,0.01065984,0.0025000758,-0.00070282817,-0.008459254,-0.0008304864,-0.006369248,-0.0067591295,0.007465191,0.0074633695,0.008225203,0.01323548,-0.0007982254,0.010506704,0.0016332418,-0.0066522285,0.0040744245,0.0033114702,-0.010463235,-0.0044857003,0.006876923,0.0020893663,-0.0055352543,0.0006441064,-0.008932769,0.0020482838,0.002570644,0.004835874,-0.00925269,0.009336051,PkC_ss,PkC_ss
-0.0072648227,0.015217676,0.0027050748,-0.0027471632,-0.009406498,-0.00013118237,-0.0067438185,-0.0103034,0.0048113316,0.007816618,0.0091208,0.015125357,0.001582548,0.007943518,-0.00078509003,-0.0034173913,0.006574169,0.0038606077,-0.009711753,-0.0046542548,0.006006265,0.003407061,-0.0042712986,0.0021592341,-0.00268019,0.0048940256,0.002293788,-0.005877003,-0.012640525,0.0043628737,PkC_ss,PkC_ss
-0.004080862,0.012456172,0.004577197,-0.0013364106,-0.008614359,-0.0011891574,-0.005685225,-0.009575605,0.0077629834,0.008068414,0.008118503,0.01774028,0.001312539,0.012326524,0.005599804,-0.0073562525,0.0025637,0.0011891276,-0.013839279,-0.006135918,0.00602841,0.002865553,-0.007884391,-0.0023325644,-0.011149287,0.00033278018,0.0048720688,0.008996278,-0.0124353245,0.011663705,PkC_cs,PkC_cs
-0.0062000304,0.0112991575,0.0027411208,0.00011588633,-0.008663828,-0.00073517114,-0.00678657,-0.007410601,0.0069975927,0.0061751604,0.008310854,0.01260668,-0.0014048666,0.010637805,0.0019528344,-0.006130684,0.0042295605,0.0033527538,-0.009589461,-0.004917387,0.006756684,0.0021795556,-0.0049912483,0.000833679,-0.007893823,0.0023019016,0.0020698532,0.0039230436,-0.009579584,0.008060418,PkC_ss,PkC_ss
-0.006683871,0.011267905,0.0027326867,-0.00038719177,-0.00897805,-0.0007952899,-0.0063485503,-0.007897161,0.0067843497,0.0068507437,0.008929156,0.012731507,-0.0014503747,0.010386407,0.0013077557,-0.006088633,0.0044418424,0.0030082278,-0.009650475,-0.004663639,0.0069537926,0.00251735,-0.0047649294,0.0009885579,-0.0079600215,0.0027410984,0.0025645643,0.0029718652,-0.010108892,0.00820633,PkC_ss,PkC_ss
-0.0059764534,0.012699338,0.0035549328,-0.0012449026,-0.007931629,0.0005094111,-0.0048757046,-0.008789167,0.007772498,0.009187587,0.006601572,0.014340624,-0.00029796362,0.011701703,0.0031688288,-0.0058211833,0.0038436204,0.0011334047,-0.012154029,-0.0048989505,0.006305635,0.002528362,-0.006181622,0.00032568723,-0.008909173,0.0011065826,0.003598906,0.0053311065,-0.012572441,0.008695606,MLI,MLI
-0.0014587715,0.0069999974,0.003523022,-0.00530383,-0.0046114614,0.0017847568,-0.0055178553,-0.008493364,-0.0012278035,0.012814345,-0.010197133,0.0025742054,-0.008603141,0.0052794367,-0.0010665879,-0.014841445,0.00011853874,-0.011559352,-0.012596245,0.0014769882,0.013395836,0.0038706586,-0.0029652268,0.0073188543,-0.0007090792,-0.0013156235,0.010178007,-0.0037284642,0.0025231447,-0.0022138283,PkC_cs,PkC_cs
-0.0057880804,0.011400685,0.0044360943,0.0002400279,-0.007487498,-4.798174e-05,-0.0059581995,-0.0061345994,0.0067731217,0.008820109,0.0071112067,0.01668007,0.0006904006,0.01386714,0.00651554,-0.009130679,0.0018746406,0.0022490248,-0.016345821,-0.0070976764,0.0072221616,0.0021254122,-0.0070244577,-0.003452111,-0.009462379,0.0015748888,0.0032353401,0.012062401,-0.010281093,0.013098285,PkC_cs,PkC_cs
-0.0055382326,0.012965215,0.0026683472,-0.0014121234,-0.008555838,-0.0014721379,-0.0075216144,-0.0074941143,0.006047651,0.007067088,0.008876413,0.012390427,-0.0002091825,0.009840861,-0.0002310276,-0.005646631,0.0041404814,0.0030641481,-0.009791593,-0.004899036,0.006183099,0.0024404079,-0.005270779,0.0012825392,-0.0077435225,0.0028939545,0.0027137473,0.0017986372,-0.0089994185,0.008109923,PkC_ss,PkC_ss
-0.005436845,0.011750045,0.0025290623,-0.00066947937,-0.008798108,-0.0024395883,-0.007479772,-0.00782723,0.0077573657,0.006975895,0.009532541,0.014550924,0.00062184036,0.010641485,0.0012465268,-0.007458538,0.0037165731,0.0033367611,-0.011027821,-0.005652003,0.006975578,0.002379194,-0.0061747357,0.0006172173,-0.008960575,0.001922965,0.0028319657,0.0051996484,-0.009002637,0.009463336,PkC_ss,PkC_ss
-0.0055335388,0.010612481,0.0028065331,-0.00017023087,-0.008122258,-0.0008019805,-0.006602064,-0.0059063584,0.0073891804,0.007877601,0.0077329352,0.012108132,-0.001096189,0.010856375,0.0014888868,-0.0071088895,0.003843382,0.0030972846,-0.010604295,-0.0043927543,0.0068951473,0.0014959276,-0.0047805645,0.0013118908,-0.008803107,0.0013381466,0.0019949302,0.0052868426,-0.008593118,0.0093993135,PkC_ss,PkC_ss
-0.0074647292,0.013888142,0.0033013634,-0.0017140806,-0.009513415,-0.0009694621,-0.005753845,-0.010336913,0.0047734156,0.007983936,0.008679286,0.013711475,-0.0002554506,0.00902269,-6.108731e-05,-0.0038358234,0.0060162544,0.0036074817,-0.009447048,-0.0043523684,0.0064611845,0.0036033317,-0.0036275908,0.0018275492,-0.004602097,0.004507713,0.0023478344,-0.002719067,-0.011646079,0.0061377957,PkC_ss,PkC_ss
-0.042035088,-0.050815433,0.031534635,-0.05305586,-0.036743585,-0.027963512,-0.008066043,-0.06423351,0.01804132,-0.057113525,0.021174587,-0.021663435,0.0150895715,-0.029320419,0.008655675,-0.0404917,0.024591938,-0.0582166,0.08284492,-0.009757098,-0.008313974,0.059579972,-0.023137007,0.006183397,0.013642758,-0.0014821962,0.031561147,-0.028845571,-0.0065624025,-0.02395995,PkC_cs,PkC_cs
-0.00464461,0.013479164,0.0029127896,-0.0014840215,-0.009173535,-0.00090604275,-0.007185057,-0.007887296,0.0065968186,0.0075072143,0.008542664,0.0152032,0.00038164854,0.0103378,0.002334021,-0.0065867268,0.0040367693,0.0023861676,-0.011300276,-0.0061177127,0.006498564,0.0022057667,-0.0063642114,0.00053441897,-0.008277491,0.00236246,0.0036261007,0.0036380216,-0.010818336,0.008518163,MFB,MFB
-0.0076058134,0.015194027,0.0031637587,-0.0035702586,-0.008735701,0.00089013577,-0.006054461,-0.011465244,0.0058331117,0.00866043,0.008334786,0.015292577,0.0014340132,0.00962764,0.0009049848,-0.0029663928,0.0060134083,0.002944585,-0.010980942,-0.004699953,0.0055090487,0.0036518723,-0.0041736327,0.0022834577,-0.0046100765,0.0043038726,0.0028607845,-0.0029634237,-0.013660289,0.0050460696,MLI,MLI
-0.0075589865,0.013637362,0.002196882,-0.0010831058,-0.0086504165,-0.00048449636,-0.0055945963,-0.008468047,0.004964575,0.008817982,0.007603869,0.012283295,0.00013384223,0.008261502,-0.0016428083,-0.004048202,0.006882325,0.0035383888,-0.009416365,-0.004038669,0.0073922547,0.0027241334,-0.003991328,0.0023874901,-0.0037354827,0.004427932,0.0017353073,-0.0031367242,-0.01109021,0.0062085055,PkC_ss,PkC_ss
-0.00713145,0.014521038,0.002677437,-0.002210021,-0.009397881,-0.0009475276,-0.0058761984,-0.009994455,0.004672505,0.007964391,0.008738868,0.013954662,0.00093100965,0.008016996,-0.0010217726,-0.0037667938,0.0061053038,0.003679376,-0.009676839,-0.0047240853,0.0062853396,0.0036062077,-0.0040437877,0.0021804497,-0.0033053458,0.0047385395,0.0019595996,-0.004160613,-0.011319565,0.0051700957,PkC_ss,PkC_ss
-0.006519139,0.012649938,0.0016432442,-0.0014877021,-0.008571079,-0.000616312,-0.00553225,-0.008558296,0.0063072965,0.007969908,0.00797113,0.011857174,-0.0005635619,0.008598812,-0.00073256344,-0.0048928224,0.005501896,0.0026900358,-0.00919503,-0.004416384,0.0059867315,0.0026529133,-0.0048167408,0.0019771717,-0.005874127,0.0026210323,0.0025851876,-0.0009068027,-0.0113504715,0.0061955824,PkC_ss,PkC_ss
-0.005663067,0.015231486,0.002324909,-0.0024337918,-0.00906774,-0.0013609901,-0.00745219,-0.009566508,0.0059337243,0.008008983,0.008879684,0.014485553,0.0012375861,0.008995332,-0.0004280582,-0.004787512,0.005313739,0.0037391558,-0.010685851,-0.0057096966,0.0064390153,0.002945982,-0.005433228,0.0019703656,-0.0058688,0.0040051863,0.0032210127,-0.0007589534,-0.010737544,0.00708358,MLI,MLI
-0.0067680627,0.01578585,0.0022528581,-0.0038060993,-0.009653943,-0.0009304434,-0.007717937,-0.010952465,0.005154453,0.008716488,0.009151265,0.015475549,0.0019489676,0.007688813,-0.0014182627,-0.0040243976,0.0073595643,0.004649982,-0.0109196035,-0.00513779,0.0065491367,0.0032480657,-0.0048072413,0.0028408244,-0.0028017983,0.005196482,0.0029873252,-0.005706139,-0.011885639,0.0050919726,PkC_ss,PkC_ss
-0.0015468523,0.01661106,-0.008958496,-0.007456407,-0.0025715372,-0.009908304,-0.0009037554,-0.01847446,0.011774652,0.008690555,0.0027298704,0.00870315,0.0033343583,-0.0017237514,-0.0117737055,-0.024220832,0.0068400353,-0.0069319084,-0.016034037,-0.01082021,0.007777338,0.012075603,-0.017539041,-0.004836034,-0.022834443,-0.0074806213,0.02378299,0.01651685,-0.02032148,0.023755271,PkC_cs,PkC_cs
-0.0055295676,0.012857914,0.0031269826,-0.001496613,-0.008988269,-0.0016563535,-0.008213922,-0.008086577,0.006708324,0.0062710047,0.009304777,0.013900086,-8.34465e-06,0.010430701,0.0009455383,-0.006388493,0.003328681,0.0028001592,-0.009788104,-0.005054474,0.0059150215,0.0021378845,-0.0065517724,0.0004880689,-0.008319989,0.002470389,0.003447689,0.0020183474,-0.00984038,0.0071560927,PkC_ss,PkC_ss
-0.008875817,0.014221982,0.0025341585,-0.0016872138,-0.009122666,7.440895e-05,-0.0066589266,-0.009017684,0.0038747713,0.008478502,0.007879429,0.0121317655,-0.0003655553,0.008718714,-0.0017154217,-0.003970694,0.0074801445,0.0039588027,-0.009611904,-0.0040442534,0.00797431,0.003190674,-0.0026438832,0.0037957132,-0.0022178441,0.0052122474,0.0010831803,-0.0048851743,-0.010576965,0.0058016405,PkC_ss,PkC_ss
-0.0056837127,0.011349602,0.0024196394,-0.00091311336,-0.008667419,-0.0019786507,-0.00707373,-0.0077863187,0.0075560883,0.0072792545,0.008421242,0.013744429,-0.0002527982,0.009758815,0.0013354346,-0.0068828017,0.0044381917,0.0037090443,-0.010627099,-0.004986685,0.0067517217,0.0018357933,-0.0065137036,0.0005223006,-0.007948786,0.0020553842,0.0034735948,0.0043921024,-0.009416319,0.008687846,PkC_ss,PkC_ss
-0.008555807,0.014257865,0.0022030808,-0.0015245378,-0.009394769,-0.00046711415,-0.0061297566,-0.009601817,0.0043761954,0.0077557806,0.0078790635,0.0129932985,6.635487e-05,0.0074660853,-0.00088870525,-0.0035576299,0.0071551055,0.0038120523,-0.008745996,-0.004291557,0.0069677383,0.0036664829,-0.0037066191,0.0023781657,-0.002005443,0.0056527033,0.0013066828,-0.0058463365,-0.011850135,0.0038597845,MLI,MLI
-0.008618243,0.014673639,0.0029129349,-0.002907589,-0.009605873,-1.7046928e-05,-0.0070226938,-0.009835981,0.0048677623,0.0083918255,0.008584239,0.014183909,0.00018306077,0.008415751,-0.00086319447,-0.0041525625,0.007230893,0.0046886504,-0.009901258,-0.0042659044,0.0067481566,0.0033935234,-0.0034505688,0.00277967,-0.0033421144,0.005453296,0.0018118322,-0.0048047975,-0.011831801,0.0055404752,PkC_ss,PkC_ss
-0.017528549,-0.0056138895,0.011068128,-0.017046064,-0.015550688,-0.020443738,-0.011817768,-0.03490597,0.0032183975,-0.0038807308,0.011144735,0.0039168447,0.007727176,-0.00980369,-0.007340938,-0.023505483,0.015285157,-0.016555816,0.0019064914,-0.0009046681,0.0124892425,0.028551519,-0.008732954,0.0047846846,0.0029701367,-0.004236169,0.023288682,-0.0070894063,-0.009858105,-0.0028816387,PkC_cs,PkC_cs
-0.020106249,-0.014580956,0.010812473,-0.028178096,-0.018441094,-0.01836437,-0.0122432485,-0.04373446,0.0050213486,-0.0221777,0.017408252,0.004443258,0.014070362,-0.014531471,-0.006204374,-0.026682205,0.020290226,-0.029006757,0.019626904,-0.005418528,0.007493144,0.04022025,-0.009933794,0.0056197606,-0.0010911077,-0.0064071417,0.025394384,-0.016862325,-0.018705096,-0.0037543997,PkC_cs,PkC_cs
-0.0075724274,0.010190506,0.0018613823,-0.00060015917,-0.008563317,-0.00060257316,-0.005377099,-0.0077190697,0.007827789,0.0073860623,0.00892365,0.012223691,-0.00064973533,0.01049415,0.0001784414,-0.0063696876,0.0042876303,0.003202837,-0.009625687,-0.004157353,0.0073230164,0.0022880062,-0.0050832145,0.0016595833,-0.008097358,0.002537936,0.0021028593,0.0034362152,-0.009348189,0.008684412,MFB,MFB
-0.0060175657,0.01345041,0.0026454069,-0.0026067644,-0.00806635,-0.0002956316,-0.006948352,-0.008492142,0.00674098,0.007504575,0.008007295,0.013212033,-0.00024737418,0.009605616,0.0004989058,-0.0046104267,0.0039901882,0.0027471744,-0.009656268,-0.00435704,0.00460927,0.0024913847,-0.0062394366,0.00046532974,-0.0071688667,0.0027618632,0.0036275014,0.00020425022,-0.01116454,0.0061459616,PkC_ss,PkC_ss
-0.007872611,0.015077439,0.002745472,-0.0020216405,-0.008786964,-0.00095748156,-0.006499052,-0.0103364065,0.004750602,0.0077666696,0.007974736,0.013687499,0.00053946674,0.008508608,-0.000559777,-0.003748633,0.0062151104,0.0036151,-0.0096995765,-0.004453879,0.0064038094,0.003804423,-0.004410293,0.0015039556,-0.0040205196,0.0046518743,0.0024096966,-0.0034167096,-0.01219078,0.005574573,PkC_ss,PkC_ss
-0.005405538,0.0118856905,0.0024429783,-0.00169833,-0.00821055,-0.0017213374,-0.00734441,-0.008127257,0.007048443,0.0069720913,0.008832268,0.013702527,0.00038687885,0.009854972,0.00072801113,-0.0062046126,0.0039265305,0.0035856105,-0.010518865,-0.0047284104,0.005917212,0.00177899,-0.0063357707,0.0005128607,-0.008025892,0.0021467581,0.0036086664,0.0029684156,-0.009558363,0.00848281,PkC_ss,PkC_ss
-0.00514549,0.01179612,0.0023431182,-0.0012964904,-0.008418597,-0.0014149323,-0.0071618855,-0.007157795,0.00708545,0.007322103,0.008734614,0.013187863,-2.2754073e-05,0.009563282,0.0006807819,-0.00652029,0.0040147603,0.0030904636,-0.01061158,-0.0046150535,0.0064828247,0.00198593,-0.0059468932,0.0006967895,-0.008122437,0.0018632263,0.0030556023,0.0031558797,-0.009376012,0.008758742,PkC_ss,PkC_ss
-0.005932659,0.015121117,0.0026291646,-0.0032906532,-0.009126863,-0.0015315413,-0.0076742023,-0.010416098,0.0050100163,0.0070697237,0.008352384,0.015248507,0.001338765,0.008006804,8.302927e-05,-0.004752688,0.0063122213,0.004070986,-0.010267339,-0.005319532,0.0062419977,0.0035997182,-0.0051464736,0.00156774,-0.0053085536,0.0040765554,0.003242299,-0.0022440106,-0.0115478225,0.0065547302,PkC_ss,PkC_ss
-0.007239476,0.015060965,0.0025603808,-0.0023481995,-0.009316418,-0.0010939687,-0.007004991,-0.009879835,0.004705824,0.0076813996,0.008652188,0.0141159,0.0008081794,0.0080573335,-0.00068510324,-0.0043513402,0.006161213,0.0035707317,-0.010071174,-0.004688155,0.0066832863,0.0039375946,-0.004174236,0.0019431338,-0.0037992075,0.0047050044,0.0020446926,-0.004027359,-0.011462562,0.0054525323,PkC_ss,PkC_ss
-0.0061592534,0.012451552,0.0030803457,-0.0012824684,-0.008701596,-0.00087124854,-0.0070729405,-0.008100264,0.007167116,0.006631924,0.00833033,0.013863176,-0.00044071674,0.010615036,0.0016219914,-0.0061828345,0.0030813217,0.0025535785,-0.009527112,-0.004923042,0.0054017995,0.0023618862,-0.0064963233,0.00027116388,-0.008309171,0.002052702,0.0032767057,0.002347514,-0.010986552,0.0068907514,PkC_ss,PkC_ss
-0.0059509724,0.012127572,0.0027111992,-0.0024103224,-0.009453502,-0.0014831573,-0.007594526,-0.008283079,0.0077887103,0.006692644,0.009501837,0.014556296,-6.940961e-05,0.010174185,0.0008682683,-0.007050678,0.003561154,0.0038947463,-0.010190069,-0.0049904734,0.006136326,0.0023021623,-0.0064822417,0.0009622127,-0.008931264,0.002845414,0.0032047033,0.002707705,-0.009247342,0.007983007,PkC_ss,PkC_ss
-0.005643688,0.011448058,0.002088081,-0.00068846345,-0.0081776325,-0.00030270964,-0.0071573555,-0.0061252266,0.006732203,0.0070089214,0.008650243,0.012296289,-0.0009390563,0.010078363,0.00089260936,-0.0069211423,0.0039945096,0.0026329905,-0.010643545,-0.0047184564,0.006993521,0.002460055,-0.004506819,0.001341112,-0.008513078,0.0017521009,0.0023414418,0.0042408183,-0.008989172,0.009106554,PkC_ss,PkC_ss
-0.004152864,0.019249406,-0.0072412975,-0.005946681,-0.0038496833,-0.009825602,-0.0013534725,-0.017524205,0.011767201,0.011018954,0.0019937158,0.009059712,0.00059236586,-0.00026401132,-0.009502664,-0.021266516,0.0072290003,-0.004770845,-0.015536782,-0.013118934,0.005266441,0.012663342,-0.015661411,-0.0063767955,-0.018282406,-0.0018926337,0.01825248,0.013308622,-0.019060284,0.018276248,PkC_cs,PkC_cs
-0.0071394593,0.013279996,0.00295569,-0.0015274733,-0.008328544,0.0004820302,-0.0052171946,-0.009824373,0.0061150044,0.00781312,0.0072069243,0.012455016,-0.000745669,0.010414094,0.0012764707,-0.0037241317,0.0044852793,0.001811266,-0.009769955,-0.0044730715,0.005591722,0.0032906234,-0.0046742,0.0016840808,-0.0062066615,0.0025808364,0.0030450001,0.000732325,-0.012308968,0.0057912245,PkC_ss,PkC_ss
-0.0054188,0.0118271345,0.0023283102,-0.0012927651,-0.008455927,-0.000923723,-0.0067480356,-0.0072347075,0.006889254,0.007101396,0.008897483,0.012852907,-0.00034467876,0.010042794,0.0006583333,-0.006594319,0.0032342523,0.00249606,-0.010382355,-0.004648961,0.0060699712,0.002285242,-0.0055380575,0.00091937557,-0.008394554,0.0015620217,0.002997622,0.003036715,-0.009629387,0.008388229,PkC_ss,PkC_ss
-0.0071861595,0.013763785,0.0030100942,-0.00041100383,-0.008747929,-0.00064539164,-0.0057774186,-0.008388378,0.0049379393,0.008364635,0.0075225905,0.01196079,-0.0011668801,0.009494938,-0.00012922287,-0.0044279173,0.0050581247,0.0024143085,-0.009212211,-0.004360426,0.0064256787,0.0028565824,-0.0041352436,0.0015711114,-0.0047946945,0.0036007091,0.0021573156,-0.0014263988,-0.011060204,0.005732529,PkC_ss,PkC_ss
-0.003507048,0.0110902535,0.0040379204,0.00035387278,-0.008405364,-0.0020428598,-0.007173121,-0.0075563937,0.0069657713,0.0066952035,0.009120576,0.016520508,0.00066934526,0.013143666,0.005555354,-0.009282082,0.0027127713,0.0020130835,-0.015023974,-0.006452106,0.0074202893,0.0019818172,-0.007446427,-0.002999533,-0.013331167,-0.00021696836,0.0040478185,0.012187853,-0.010742877,0.013880748,PkC_cs,PkC_cs
-0.011351168,-2.0676292e-05,0.0069571547,-0.009502217,-0.010850249,-0.014815509,-0.00932093,-0.021990508,0.001101926,0.005466765,0.009883247,0.007973351,0.008065999,-0.0061959326,-0.006881848,-0.017801158,0.008394994,-0.0093612075,-0.010335748,0.0021735057,0.01259375,0.018310212,-0.005983375,0.0026650056,0.003799297,-0.004806444,0.0167993,-0.0049291477,-0.007875184,-0.00057127327,PkC_cs,PkC_cs
-0.005948372,0.012594059,0.0023151822,-0.0017440617,-0.008572075,-0.001243554,-0.005812362,-0.008032866,0.0063963234,0.007914893,0.008616112,0.0128977,0.00028327107,0.008866802,-0.0004310608,-0.0054427013,0.004460573,0.0029313378,-0.009673865,-0.004477691,0.006097274,0.0027379468,-0.005322382,0.0011686869,-0.0071197897,0.0028224736,0.0029773563,0.0008747652,-0.010233002,0.007841922,PkC_ss,PkC_ss
-0.005466379,0.010538233,0.005585134,0.0019693375,-0.008140703,-0.00204698,-0.009310052,-0.0059698746,0.0070359856,0.0055981185,0.010242671,0.01675304,0.00099352,0.013232008,0.0067781433,-0.011945698,0.0014258623,0.0014871359,-0.016881082,-0.0064565837,0.008672818,0.004830785,-0.0065522958,-0.0056272857,-0.011995226,0.0012822971,0.0024018958,0.014077552,-0.00810039,0.012955632,PkC_cs,PkC_cs
-0.005432725,0.012338497,0.0023263618,-0.002876982,-0.009251231,-0.0014385507,-0.0076093525,-0.0089484155,0.0071646795,0.006566182,0.009681679,0.015032761,0.00075526536,0.010576375,0.0010637343,-0.0072526857,0.0038440526,0.0033182688,-0.011101698,-0.00548888,0.0060347077,0.002089627,-0.00631967,0.0012981147,-0.009104557,0.0019931048,0.0034371838,0.002846107,-0.010013914,0.008699916,MFB,MFB
-0.004668556,0.012624613,0.0021041334,-0.0014826506,-0.008037482,-0.0025925338,-0.008290514,-0.0074426234,0.007101387,0.0074754506,0.009086072,0.013651237,0.0008239448,0.009832166,0.0002720207,-0.007575333,0.0041926503,0.0032810867,-0.011636169,-0.005947292,0.006405698,0.002229847,-0.005962981,0.00083819404,-0.008732185,0.0016130209,0.0034012944,0.004923269,-0.008820089,0.00979057,PkC_ss,PkC_ss
-0.0069255084,0.015148316,0.00302184,-0.0023314655,-0.008710802,-0.0003465712,-0.006689474,-0.00989069,0.005122848,0.007931754,0.008759864,0.014558323,0.0009006411,0.01005581,3.40119e-05,-0.003804136,0.0041710883,0.0023822412,-0.009476178,-0.0050290376,0.0050682146,0.0032113045,-0.0056544244,0.0006420873,-0.0057003275,0.004075922,0.003927134,-0.0023999065,-0.01277614,0.0060237795,MFB,MFB
-0.007918879,0.013539136,0.002693545,-0.0008636415,-0.009207228,-0.0001077652,-0.005404383,-0.008629754,0.004272729,0.008694168,0.008314922,0.012001008,-0.0003180951,0.008741267,-0.0012521148,-0.0035881698,0.0069106817,0.003645692,-0.009643194,-0.0038339868,0.007624061,0.0029073283,-0.0025516748,0.0031362288,-0.0033131689,0.0044056103,0.001049459,-0.0031238198,-0.010861065,0.0065813176,PkC_ss,PkC_ss
-0.017458178,-0.0017051864,0.010311034,-0.010880321,-0.0142381275,-0.02087558,-0.010005109,-0.030769303,0.0051588565,0.0039599547,0.0055627376,0.0018291399,0.0033947825,-0.009700902,-0.007470377,-0.022482412,0.012212783,-0.010020904,-0.0039931834,0.00392624,0.013741254,0.02270123,-0.010258593,0.0047595054,0.0067109168,-0.0049660504,0.022344783,-0.0041569993,-0.0059494954,-0.0080963,PkC_cs,PkC_cs
-0.0052222684,0.012384699,0.0025521368,-0.0012586415,-0.008684966,-0.001899302,-0.007345274,-0.0078099146,0.007223256,0.0074851885,0.008545555,0.014305659,0.00053845346,0.011232562,0.0011835247,-0.007396862,0.003672585,0.00288371,-0.011499711,-0.0059632845,0.006665658,0.002160132,-0.006410014,0.0009095706,-0.009528875,0.0013070181,0.0032640174,0.005474761,-0.009989629,0.010043401,PkC_ss,PkC_ss
-0.00638704,0.013350437,0.0029362626,-0.0021056235,-0.0094754305,-0.0015768334,-0.006656036,-0.009927526,0.006052166,0.0071170144,0.009021901,0.013788566,-0.00024327636,0.009709403,0.00017603487,-0.005566269,0.005090162,0.002795875,-0.00978379,-0.004841283,0.006114574,0.0034061894,-0.0054952875,0.0012167096,-0.007839583,0.0024679452,0.0036498085,0.00076530874,-0.011743648,0.00765441,PkC_ss,PkC_ss
-0.005605057,0.011965312,0.0030781776,-0.0011229664,-0.009192193,-0.0018608198,-0.0072675496,-0.008832291,0.007024765,0.0063332804,0.009775028,0.014240906,-0.00045758486,0.010406546,0.0016979277,-0.006456569,0.0036968887,0.002893012,-0.010035752,-0.0050595254,0.0062039066,0.0029303879,-0.005527353,0.00029237568,-0.009230986,0.0024062172,0.0033008754,0.0032939613,-0.010257512,0.008426301,PkC_ss,PkC_ss
-0.007751882,0.021921288,-0.0061516017,-0.0037859231,-0.0061472347,-0.0038606748,-0.0013266057,-0.012439907,0.010164015,0.013912568,0.0037315413,0.0063361824,-0.0047899485,0.0063999146,-0.007567525,-0.01699536,0.002702564,-0.0043988302,-0.016020022,-0.015539635,0.0008449927,0.0035476312,-0.015868707,-0.0057119355,-0.014809415,-0.0005492419,0.013410781,0.011761509,-0.020675257,0.013248224,PkC_cs,PkC_cs
-0.008155011,0.015031434,0.0033558868,-0.00226821,-0.009345366,0.00060917437,-0.005492896,-0.010370038,0.0046488643,0.008678727,0.0082874,0.014553949,0.0009665638,0.0088676885,-0.00037530065,-0.0026541725,0.006013021,0.0034692436,-0.00960515,-0.003793031,0.006110573,0.002911076,-0.0038504712,0.0025829896,-0.0021175742,0.0049473643,0.0018572062,-0.0062563345,-0.012886323,0.0035269037,MLI,MLI
-0.0071908385,0.013575047,0.0030878074,-0.0025084019,-0.008633234,0.0012173653,-0.006517917,-0.0082560405,0.006278567,0.00830912,0.0075939,0.012265846,-0.0017155856,0.010487065,0.00032405555,-0.004355829,0.004634723,0.0025221817,-0.009255408,-0.003831055,0.005135998,0.0024938434,-0.004809715,0.0018658303,-0.0069696307,0.0031846985,0.0030145124,-0.0008365512,-0.011521285,0.0056061186,PkC_ss,PkC_ss
-0.005785361,0.011965923,0.0024223998,-0.0006083846,-0.008345585,-0.0020800382,-0.0075342953,-0.006858766,0.0074137896,0.007399576,0.0089662075,0.014004499,0.00022743642,0.010394901,0.0011051893,-0.007569827,0.0036094189,0.0036271438,-0.0115229925,-0.0050923973,0.0071156975,0.0022026077,-0.0059293527,0.0002588071,-0.008649245,0.0021949485,0.002482511,0.0052808747,-0.008426618,0.009739734,PkC_ss,PkC_ss
-0.03795676,-0.045250103,0.028216213,-0.04771074,-0.03555805,-0.022186063,0.0006354004,-0.05615655,0.0131034255,-0.04372723,0.022900455,-0.014765285,0.0149716735,-0.02548904,0.008245759,-0.030204315,0.01947876,-0.053089157,0.06764269,-0.0037951283,-0.003633175,0.052852623,-0.021135766,-0.00046141818,0.0062481463,-0.00020122528,0.02881131,-0.022221215,-0.011219595,-0.009640999,PkC_cs,PkC_cs
-0.001589261,0.00973241,-0.011531338,-0.004287675,-0.0032399623,0.0028678775,-0.0056425035,-0.021513484,0.00084088,0.0050239004,-0.003529206,0.00042200834,-0.008851275,0.003959216,-0.0056713745,-0.010003738,0.0060104877,-0.013523243,-0.01563222,-0.0064910315,0.01759614,0.010377392,-0.0033262037,0.011779007,-0.0011494607,-0.004012838,0.0139792,-0.0051973015,-0.008394919,-0.0020818487,PkC_cs,PkC_cs
-0.0050544217,0.011290771,0.0022358745,-0.0010112673,-0.008683868,-0.0009507835,-0.0068009645,-0.0070984885,0.0075512677,0.007049259,0.00807821,0.014081791,0.0001386106,0.01071652,0.0019849464,-0.007300116,0.004248321,0.0036073662,-0.011311206,-0.0055798776,0.0073577687,0.0014341548,-0.005962167,0.0014118031,-0.008978151,0.0016038939,0.0025474578,0.0058162734,-0.009104952,0.009813514,PkC_ss,PkC_ss
-0.0077389926,0.015541121,0.0029781684,-0.0026324242,-0.009427972,-0.0008880049,-0.0069816858,-0.011328891,0.0036615282,0.0074463803,0.008275241,0.0149940625,0.0018231273,0.00715816,-0.000984922,-0.0025743134,0.0072163045,0.0042516924,-0.009244334,-0.0040861852,0.00684759,0.004060991,-0.0040507093,0.0023790859,-0.0007912442,0.0060144663,0.0020935014,-0.008228324,-0.012149056,0.0029105134,MFB,MFB
-0.010466896,0.0054558665,0.005684819,-7.070601e-05,-0.008253469,-0.015884094,-0.007961422,-0.015028119,-0.00018984824,0.014064001,0.0025903583,0.0036593378,0.0009742826,-0.0048827156,-0.0073125213,-0.013259165,0.004181981,0.0026009083,-0.018384445,0.005549982,0.014128984,0.008592926,-0.0033055209,0.006059829,0.0078029484,-0.0036578923,0.013293155,0.0007645637,-0.002327701,-0.0070959255,PkC_cs,PkC_cs
-0.0047702417,0.012326339,0.005204428,2.3901463e-05,-0.0091342935,-0.00332921,-0.010269843,-0.009232551,0.0068473592,0.0048058946,0.011188403,0.018777989,0.0019057095,0.012352444,0.006146975,-0.012261521,0.0017687082,0.0025902279,-0.016939878,-0.008563459,0.007125916,0.004179634,-0.008418281,-0.0049587265,-0.009942584,0.0012893826,0.005380027,0.012232341,-0.009235792,0.011554759,PkC_cs,PkC_cs
-0.0055161044,0.01186384,0.0025526732,-0.002000913,-0.009076042,-0.0011519417,-0.0072437823,-0.009204775,0.006819777,0.006412072,0.009236231,0.014009289,-0.0006032139,0.010224789,0.0015618652,-0.0062459596,0.0044640154,0.0031287633,-0.010897848,-0.0047976375,0.0062546525,0.0025331825,-0.005834453,0.00072675943,-0.0084819645,0.0017026886,0.0035411716,0.0029736385,-0.010405293,0.008433469,PkC_ss,PkC_ss
-0.0071032792,0.01605735,0.0030603632,-0.0030176044,-0.0092635695,-0.0007079467,-0.0075688213,-0.011332653,0.0043087155,0.007757239,0.008493699,0.015115328,0.0017401278,0.007884756,-0.00044522434,-0.0029667802,0.006877467,0.0042437315,-0.010052416,-0.0049331896,0.006165426,0.003522925,-0.0042886846,0.0024687797,-0.0016530231,0.0053839684,0.0027818605,-0.0060524195,-0.012094228,0.003529314,MLI,MLI
-0.0051097274,0.011191905,0.0028803162,-0.0013438612,-0.009379173,-0.000861682,-0.006441906,-0.0070079714,0.0077077597,0.007116651,0.009034045,0.014477842,-0.00021210313,0.01118163,0.0021091104,-0.007565424,0.003154844,0.0033776835,-0.011114539,-0.005118042,0.007039627,0.0017989948,-0.005787516,0.0010968372,-0.010030635,0.0018005148,0.0024347529,0.005623147,-0.008763071,0.010290161,PkC_ss,PkC_ss
-0.005788885,0.011281343,0.0020194687,-0.0011319518,-0.008653396,-0.001448527,-0.0069264323,-0.0075027347,0.0074235722,0.007219931,0.008301593,0.013125375,-0.00047288835,0.010924533,0.0009392053,-0.00731571,0.0042981654,0.0035096034,-0.011128233,-0.005349599,0.0073948978,0.002039358,-0.0056490637,0.0017620064,-0.009130351,0.0014426932,0.0024923235,0.005602263,-0.008769184,0.010020595,PkC_ss,PkC_ss
-0.008041009,0.013963465,0.0031378008,-0.00093619525,-0.009329402,-0.00022789091,-0.0055551976,-0.008872397,0.0039630234,0.008227218,0.008507296,0.012912735,0.00015825033,0.008866347,-0.0006247461,-0.0037788786,0.0058197975,0.0034589022,-0.009709503,-0.0038675629,0.0074055316,0.0032173917,-0.0028987937,0.0025615431,-0.0030633733,0.0044826865,0.0011734292,-0.0034071133,-0.010859815,0.0063589625,PkC_ss,PkC_ss
-0.017972976,-0.0018745475,0.014619324,-0.007278532,-0.011693177,-0.012876198,-0.0055188686,-0.019411474,-0.0005913377,0.00396291,0.0066222847,0.0032177046,0.0063181967,-0.003487952,-0.0040411204,-0.015870862,0.0053287446,-0.013879649,-0.0031468505,0.0052496567,0.009864929,0.01945766,-0.004753221,0.002316095,0.006310776,-0.0058487803,0.0134753585,-0.003862843,-0.008787256,-0.0025430098,PkC_cs,PkC_cs
-0.0011162385,0.009117356,-0.0046921633,-0.0031220913,-0.0021453695,-0.00060260296,-0.007891208,-0.019704923,-0.0008021295,0.0037984522,-0.0052999035,0.002362743,-0.008648798,0.0042146817,-0.0023589209,-0.010044131,0.0037991703,-0.011646405,-0.012275183,-0.0035101697,0.012995912,0.010094576,-0.0032317713,0.0058652014,-0.003832087,-0.0035615116,0.013339635,-0.003935404,-0.0072097797,-0.004033424,PkC_cs,PkC_cs
-0.006745398,0.013088696,0.003495235,-0.0022258312,-0.007699415,0.0013514087,-0.004683584,-0.010318667,0.0067599416,0.009286204,0.0058182105,0.012839243,-0.00063449144,0.011242293,0.002470933,-0.004168831,0.004694745,0.0016181394,-0.0115401065,-0.0041720383,0.0054110438,0.0025996491,-0.004658323,0.0020121485,-0.006783031,0.0011250824,0.0037772954,0.0024003386,-0.013408303,0.0066843703,MLI,MLI
-0.0056359842,0.012690947,0.003240373,-0.002104342,-0.008634609,-0.0015187636,-0.008228779,-0.008120261,0.0069766864,0.0063900426,0.008160308,0.014566608,-0.00014702976,0.010197647,0.0021893606,-0.0064103194,0.003578052,0.0038367622,-0.010119586,-0.0051951483,0.0056423414,0.0021952912,-0.006660536,9.281188e-05,-0.008523941,0.0029596686,0.003454104,0.0033208877,-0.009431519,0.007845946,PkC_ss,PkC_ss
-0.0056335926,0.010991906,0.0029432476,-0.00058695674,-0.008850682,-0.00068122894,-0.0060572177,-0.007256739,0.006647058,0.0074515343,0.008096829,0.013136685,-0.0009634495,0.011953168,0.00177636,-0.0070736445,0.0031587183,0.002628103,-0.010714193,-0.0049981363,0.006923789,0.0016932935,-0.005102366,0.0013675429,-0.009531528,0.0013052747,0.0026615188,0.005069591,-0.009661609,0.009771042,PkC_ss,PkC_ss
-0.005653523,0.010822279,0.0017656162,-0.00043398142,-0.008227416,-0.0015119016,-0.0065654963,-0.0071504563,0.007871851,0.0074863303,0.008075595,0.012825631,-0.0004568696,0.0102882385,0.0011293143,-0.007148564,0.0041095316,0.0031083263,-0.010791467,-0.0051787905,0.00711477,0.00221809,-0.0057773516,0.0010942444,-0.008750565,0.0013784692,0.0026495159,0.005374439,-0.009298131,0.009339005,PkC_ss,PkC_ss
0.00037067384,-0.0027976027,-0.008192956,-0.023063242,-0.010289619,-0.021368086,-0.016984373,-0.048231687,0.005048074,-0.017074991,0.018086389,0.025251701,0.020735294,-0.019570582,-0.010147877,-0.023113558,0.023589842,-0.013338476,-0.010126636,-0.0028976835,0.019555585,0.03751032,-0.010004615,0.0043605864,-0.0094913095,-0.008325681,0.027938265,-0.016851239,-0.019440025,0.0016899407,PkC_cs,PkC_cs
-0.0021360219,0.008780848,0.0012351684,-0.0034582168,-0.004398956,0.0015572757,-0.0065567195,-0.010412872,-0.0015219823,0.012014577,-0.00575006,0.0010308549,-0.009054825,0.0076491833,-0.0017601326,-0.01028008,-0.0008381307,-0.0099876225,-0.014090485,-0.00033842027,0.012146216,0.0018252656,-0.0040307343,0.005580228,-0.0032948777,-0.0015707016,0.010710932,-0.0010014102,-0.0013508257,-0.0014380887,PkC_cs,PkC_cs
-0.044354513,-0.015672091,0.035179734,-0.012560084,-0.02804266,-0.031149976,-0.0057060122,-0.036949195,0.010559924,0.0075167585,-0.003682062,-0.02497261,-0.011764377,-0.01211267,-0.0008784309,-0.03252384,0.009554118,-0.018734612,0.023025125,0.012526922,0.009900728,0.022353936,-0.019314567,0.008013651,0.024465166,-0.0020605624,0.03224151,0.0028429627,0.0071261884,-0.026500307,PkC_cs,PkC_cs
-0.0030986592,0.013158316,0.0035226196,-0.0026777685,-0.009199974,-0.0009454042,-0.0067581832,-0.009375393,0.0074427873,0.007175185,0.008035459,0.017348424,0.001130119,0.011574946,0.004262276,-0.007030189,0.0035600811,0.0026733316,-0.013044461,-0.0068143792,0.005807262,0.002528973,-0.007664727,-0.00046931207,-0.01111418,0.0007921234,0.0050123706,0.00738471,-0.011958769,0.010879554,MFB,MFB
-0.005483255,0.0116711585,0.002040442,-0.0016209781,-0.008653266,-0.00092455745,-0.006425455,-0.0076476336,0.00721623,0.007428758,0.008889064,0.012680672,-0.0005995631,0.00997673,0.0003572479,-0.00640966,0.004259035,0.002813965,-0.010386289,-0.004952468,0.00631069,0.0023096874,-0.0055406075,0.0013118722,-0.00842838,0.0018960163,0.002835825,0.0031141266,-0.009512838,0.008655276,PkC_ss,PkC_ss
-0.005614251,0.012423447,0.0025730133,-0.0018679202,-0.008721909,-0.0009623319,-0.006971553,-0.0085765645,0.006924823,0.006959947,0.008922137,0.01370275,-0.0003180653,0.010234661,0.0008627698,-0.005895853,0.0042330027,0.0032520816,-0.01007557,-0.005124267,0.0059531573,0.002592437,-0.005512327,0.0010250211,-0.008294471,0.0022951663,0.0031893924,0.0022478998,-0.010410698,0.008363757,PkC_ss,PkC_ss
-0.0061123073,0.012738766,0.0033249035,-0.0015018582,-0.008367185,0.00041807443,-0.00603652,-0.00854069,0.008462146,0.008020328,0.008772425,0.015504934,0.00014360249,0.012021974,0.00333412,-0.005603876,0.0018216223,0.0016217344,-0.010946854,-0.005182065,0.004801132,0.0025951788,-0.00663119,-0.0003240928,-0.009189703,0.0021419376,0.0038469583,0.0043364614,-0.011863111,0.0073958077,PkC_ss,PkC_ss
-0.006704308,0.013009023,0.0024501644,-0.0019657612,-0.009185441,-0.00080901384,-0.0062151104,-0.008629836,0.0062123016,0.0073968284,0.008856796,0.012794562,-0.00035232306,0.009411268,-0.00036631525,-0.0054427683,0.004655689,0.002696786,-0.009117187,-0.004527729,0.00598206,0.0027109683,-0.0052607693,0.0016418882,-0.0070209876,0.0031464696,0.0029050633,-0.00039180368,-0.01088281,0.006699469,PkC_ss,PkC_ss
0.0072252005,0.0063972124,-0.012708299,-0.012380019,-0.0028819581,-0.013090678,-0.019188806,-0.031447656,0.00050261617,-0.0076429294,0.016439639,0.028048277,0.019217744,-0.010970406,-0.011993073,-0.015353549,0.016382016,-0.001741793,-0.025940314,-0.0026883595,0.020071719,0.024537265,-0.0020871721,0.0074671656,-0.008185752,-0.007949553,0.017438877,-0.014270142,-0.015472734,0.003059283,PkC_cs,PkC_cs
-0.0057077855,0.007237601,-0.00074906275,0.008480042,-0.0025779083,-0.0028728023,-0.0021549463,0.0039538667,0.0008071214,0.0052431766,0.0028756335,0.0009550676,-0.0052429885,0.004975334,0.0009921417,-0.012152661,0.0096952915,-0.0049127713,-0.0092326095,-0.0045715496,0.0034553558,0.0032657906,-0.0029730834,-0.010954186,-0.012199514,-0.0017842427,-0.0036598742,0.008833803,-0.015188852,0.0059117414,PkC_cs,PkC_cs
-0.0074385777,0.010837187,0.0020224378,1.4409423e-05,-0.008553038,6.586313e-05,-0.0054015517,-0.0070568174,0.0067864284,0.007166071,0.0076608434,0.011068925,-0.0021551251,0.011385217,0.0007058978,-0.0058211535,0.0034983605,0.002827227,-0.009322465,-0.0045612194,0.0072744153,0.0021762773,-0.004932262,0.0014993325,-0.008254908,0.0028138533,0.0018882453,0.0038477033,-0.009106947,0.008755203,MFB,MFB
-0.005739905,0.014508572,0.0036909953,-0.0019157678,-0.008577337,-0.0009510964,-0.0074643195,-0.008534059,0.006421417,0.007787727,0.008787207,0.016204402,0.0019424707,0.010052748,0.0013522282,-0.0058722533,0.0034302324,0.0028388202,-0.011026663,-0.004977599,0.0057488754,0.0025512055,-0.0067165103,-0.00021706149,-0.0072729215,0.0027332231,0.0038107857,0.0009609014,-0.011844268,0.0076290034,MFB,MFB
-0.00725244,0.014911467,0.0032819323,-0.0027970374,-0.009194582,-0.00060614944,-0.007050276,-0.0101450905,0.004434563,0.008200917,0.0081954375,0.014258258,0.0009610057,0.008718185,-0.00029933453,-0.0037092827,0.006805092,0.004761312,-0.010087465,-0.0049006417,0.0059647467,0.002986744,-0.0033458658,0.0026521496,-0.0030561015,0.0050526485,0.0018991455,-0.0044045597,-0.011587782,0.0056144744,PkC_ss,PkC_ss
-0.004803568,0.013137444,0.0024361052,-0.002626717,-0.008373224,-0.0010369793,-0.0073317587,-0.008086428,0.0064362437,0.007461548,0.008959763,0.01330442,0.00012658536,0.009661607,9.3370676e-05,-0.005811911,0.0038862228,0.003060583,-0.011069351,-0.004959114,0.005074827,0.0022397786,-0.005539328,0.0010423027,-0.0074741244,0.0018983856,0.003063947,0.0013889596,-0.009697672,0.007589612,PkC_ss,PkC_ss
-0.005424194,0.01234732,0.0019654594,-0.001992762,-0.0084183235,-0.0014194995,-0.007170841,-0.0077861696,0.007139735,0.0074926354,0.00872767,0.0137031,0.0003055483,0.010483079,0.0005191192,-0.006627463,0.0039499253,0.0036308467,-0.011510602,-0.005712237,0.0067861713,0.002341725,-0.0059254616,0.0012266748,-0.008704558,0.0024577826,0.0029632524,0.004716806,-0.008643346,0.009880081,PkC_ss,PkC_ss
-0.0032611713,0.017373964,-0.006329626,-0.0069379658,-0.003975181,-0.0031727552,0.0009009391,-0.010442987,0.011910327,0.010495612,0.0019337535,0.00846871,-0.00089141726,0.0017269701,-0.0071399733,-0.021148019,0.0035217404,-0.002805546,-0.016654946,-0.011992179,0.0011586901,0.0086407885,-0.015218958,-0.0069738105,-0.01870653,-0.0071403384,0.016407173,0.01822225,-0.019635908,0.021074973,PkC_cs,PkC_cs
-0.032100692,-0.0021725819,0.026329905,-0.005508259,-0.019128451,-0.02473554,-0.0068956167,-0.0286678,0.0039605275,0.016413651,-0.0020476878,-0.011894949,-0.0068837553,-0.005163543,-0.0067773312,-0.02575847,0.0074117184,-0.01077009,4.310161e-05,0.010594331,0.015050417,0.018707998,-0.010352075,0.007380113,0.014787644,-0.0032745972,0.026532441,0.004196629,-0.00038351864,-0.013284139,PkC_cs,PkC_cs
-0.007486157,0.014357838,0.0025867783,-0.0016571134,-0.007913853,0.00093470514,-0.004404813,-0.010376759,0.006383203,0.009669745,0.006451264,0.013501614,0.00020112097,0.009490617,0.000883162,-0.0032723881,0.0060314536,0.0016710162,-0.010892012,-0.0044700652,0.0059787054,0.0029802248,-0.0051252916,0.0017305799,-0.0041135475,0.0025929809,0.0034098998,-0.0009380579,-0.014328694,0.0049333386,MLI,MLI
-0.0052624047,0.012007151,0.0026740097,-0.0017126799,-0.0090487255,-0.0020087287,-0.0074299127,-0.008190565,0.0076114684,0.0068579633,0.009411067,0.014993764,0.0003745556,0.010040268,0.0014086813,-0.0072012655,0.0036747009,0.003724955,-0.01094089,-0.00521804,0.0062619913,0.0021653622,-0.0065960567,0.0003482476,-0.008745551,0.0020890012,0.0035434514,0.004061602,-0.00944349,0.00877345,PkC_ss,PkC_ss
-0.005782649,0.010431528,0.0027029254,-0.0004967302,-0.008902115,-0.0003591776,-0.005498484,-0.005817324,0.007653691,0.007877814,0.0074945465,0.012708493,-0.0012723953,0.011061519,0.0017221868,-0.0076168105,0.0040465295,0.0033392124,-0.010771423,-0.004735332,0.007633983,0.0015808642,-0.005183045,0.0014343038,-0.009829879,0.0016669929,0.0017636865,0.0063622445,-0.008814614,0.010547891,PkC_ss,PkC_ss
-0.0021850541,0.01135219,0.0044001825,0.0007330775,-0.0093023805,-0.0042651147,-0.00886558,-0.008066185,0.0070862174,0.0061125644,0.0112825185,0.017344765,0.0011105388,0.013046257,0.005965598,-0.010895412,0.002474457,0.0019769743,-0.016367149,-0.007682219,0.007244651,0.0017705485,-0.008106355,-0.0040285476,-0.014181107,-0.0004916042,0.004518993,0.0136414915,-0.01010043,0.013269931,PkC_cs,PkC_cs
-0.0055130348,0.011976781,0.0020291843,-0.0013214499,-0.008492329,-0.0016141683,-0.0071896613,-0.007763684,0.007022828,0.006879313,0.008815758,0.013589628,0.0005467385,0.010389045,0.00062092394,-0.0066567585,0.0045944005,0.0035352446,-0.010966073,-0.0056887344,0.0068199765,0.0018543303,-0.0062336475,0.0010468923,-0.008633055,0.0021186247,0.0031009167,0.0048242807,-0.009410378,0.009771135,PkC_ss,PkC_ss
-0.005297579,0.01149074,0.0021225326,-0.0010926127,-0.008658881,-0.00047621876,-0.006495923,-0.006833151,0.0070386454,0.0072266944,0.007043004,0.012510762,-0.0011029243,0.010512762,0.0017586648,-0.0069338195,0.0042197853,0.0033042766,-0.010783215,-0.0055504553,0.0070639644,0.0017056763,-0.0055793244,0.0017786734,-0.008499458,0.001708664,0.0025038868,0.0052003786,-0.009124778,0.009097058,PkC_ss,PkC_ss
-0.006591469,0.0122161135,0.0031221397,-0.0005608499,-0.008602845,-0.0005360618,-0.0064334124,-0.0072467625,0.006455086,0.008131893,0.008036993,0.012474619,-0.0015574098,0.010602914,0.0014482737,-0.0060498603,0.00438042,0.0029817224,-0.010613919,-0.0044840835,0.00636,0.0020454973,-0.0043504015,0.0010093935,-0.007667519,0.0021563247,0.0022015423,0.00308913,-0.0105709545,0.008410957,PkC_ss,PkC_ss
-0.005114116,0.012163293,0.005556632,0.0013296455,-0.00818876,-0.0005386248,-0.005499631,-0.005015835,0.0070385933,0.00983922,0.007734716,0.017016858,0.0008571297,0.014304206,0.0064488426,-0.009847712,1.7151237e-05,0.001236368,-0.016597759,-0.0066434518,0.0072986353,0.0016799569,-0.0068695173,-0.0031112134,-0.0099947825,0.0011365637,0.0026665106,0.012361914,-0.009424688,0.012452677,PkC_cs,PkC_cs
-0.023682252,0.0039427388,0.016905982,0.0027168393,-0.013586806,-0.020939663,-0.005884558,-0.019525021,0.002680853,0.022121169,-0.00636144,-0.009752817,-0.010681599,-0.004382588,-0.004163794,-0.017738722,0.0029105395,0.0017969348,-0.011757535,0.010310672,0.013628277,0.0076521933,-0.0071748924,0.0076727904,0.01885841,-0.0024834424,0.019928604,0.0061245114,0.0032189572,-0.018703364,PkC_cs,PkC_cs
-0.0045757145,0.012659891,0.0020473562,-0.0030467957,-0.00863918,-0.0015705153,-0.008441165,-0.00846424,0.006477423,0.006009912,0.009271912,0.014941581,0.0007574856,0.008725673,0.0011029765,-0.006884318,0.003743887,0.0032553822,-0.010753672,-0.004968554,0.0061639324,0.0026816204,-0.0063669663,0.0007175356,-0.008012399,0.0020936877,0.004217483,0.0017711595,-0.0094306655,0.008233007,MFB,MFB
-0.0064389408,0.012387613,0.0027893223,-0.0011891723,-0.009368904,-0.0014066026,-0.007274419,-0.0083672255,0.006858915,0.006898299,0.008766949,0.013820134,-0.0009367168,0.010752857,0.0016361251,-0.006969746,0.0040252954,0.0031621829,-0.010441287,-0.00527934,0.006590452,0.0023896769,-0.0055413246,0.0010221153,-0.008545332,0.0025814176,0.002713658,0.0029661357,-0.010348415,0.0080348775,PkC_ss,PkC_ss
-0.004059091,0.01244672,0.0025846586,-0.0030082017,-0.008949278,-0.001216583,-0.008359119,-0.008755602,0.006773807,0.0057093333,0.008730046,0.016263656,0.0006224364,0.010711968,0.0030687898,-0.00735455,0.0038489103,0.0041959025,-0.0118475435,-0.006138988,0.0065349787,0.0021677092,-0.00645457,0.00065049157,-0.009799041,0.001623936,0.003860809,0.00526084,-0.009458646,0.010973938,MFB,MFB
-0.005872138,0.011721715,0.005440697,-0.0017136782,-0.009148482,-0.00042899698,-0.004921302,-0.008926921,0.008511633,0.009104464,0.008060977,0.017802864,0.000645414,0.013358377,0.005650021,-0.0072500557,0.0018057674,0.003177829,-0.013783959,-0.005991485,0.0057314634,0.0032967553,-0.0069855917,-0.0020228848,-0.009732559,0.0025539622,0.0034055188,0.00856369,-0.01025383,0.011166636,PkC_cs,PkC_cs
-0.008852862,0.015021489,0.003273759,-0.002093047,-0.009193949,0.0005767569,-0.0059838444,-0.011619315,0.0041378886,0.0076822992,0.008046702,0.013743967,0.0005570799,0.008849531,0.000169307,-0.002165962,0.006574765,0.0031812713,-0.009532643,-0.0038462095,0.0062370747,0.0036752373,-0.0035547428,0.002463881,-0.0014777333,0.004908815,0.0024165064,-0.0059201717,-0.013516022,0.002879057,MLI,MLI
-0.00499285,0.013230313,0.0031158477,-0.0029829144,-0.00907816,-0.00081736594,-0.0072636306,-0.010763556,0.0065495074,0.0061520077,0.009365022,0.015799917,0.0003784597,0.010982856,0.0026174858,-0.005678784,0.0035271049,0.0024493188,-0.0113661075,-0.0055657774,0.0053037424,0.0036904663,-0.0060476605,7.6856464e-05,-0.009294756,0.0018798709,0.0044795275,0.0029767528,-0.011796372,0.008763179,MFB,MFB
-0.008879185,0.013624075,0.002913829,-0.0009174794,-0.009584944,-0.0004485622,-0.0057856888,-0.009716652,0.0036812723,0.007608719,0.00787466,0.013041265,0.0006054193,0.00729762,-0.00092282146,-0.003096465,0.007773787,0.0044534914,-0.008620002,-0.0035277717,0.008184934,0.003361404,-0.0024834871,0.0034765638,9.821355e-05,0.006115049,0.00038013607,-0.007104717,-0.010705011,0.0033027194,MLI,MLI
-0.008013636,0.012081124,0.0027323999,-0.00072051585,-0.008795256,0.00023655593,-0.0054325163,-0.008124858,0.006749831,0.0079715885,0.006905392,0.011690386,-0.0017644018,0.009646483,0.0005831495,-0.004957184,0.005091533,0.0033664592,-0.008606443,-0.0036902502,0.0063462537,0.0020063818,-0.004837021,0.0019286312,-0.0053473637,0.003127195,0.0023356006,-0.0004220456,-0.011369724,0.0050283633,MFB,MFB
-0.004829526,0.012457041,0.0023841858,-0.0014061928,-0.008737538,-0.0016782358,-0.008069143,-0.007878222,0.006815873,0.0064957384,0.009336226,0.013540752,7.5772405e-05,0.009753406,0.0003097579,-0.0065558553,0.0040254295,0.0029565282,-0.010050562,-0.0050342903,0.006319778,0.0019523874,-0.006462276,0.0008083731,-0.008152157,0.0019128695,0.0036958754,0.00209295,-0.009639921,0.007878438,PkC_ss,PkC_ss
-0.004527211,0.012456659,0.0027300492,-0.0025116503,-0.009283359,-0.001657106,-0.0076281577,-0.008790322,0.006541431,0.0064144917,0.00926289,0.014629461,0.00044766068,0.010798775,0.0016607493,-0.0065440573,0.0039532036,0.0038173944,-0.011449761,-0.0061289854,0.0065426156,0.0023024231,-0.005904328,0.00118047,-0.009435356,0.0025834665,0.0032977685,0.0046510547,-0.008877724,0.010104477,PkC_ss,PkC_ss
-0.003713414,0.012519197,0.003124442,-0.0018550605,-0.009169358,-0.0014706105,-0.007982641,-0.0078100786,0.006831832,0.0061591063,0.009264648,0.015860267,0.00086440146,0.010727711,0.0024965852,-0.007004861,0.0036581755,0.0038402379,-0.011593803,-0.0059522763,0.0070402864,0.0019735098,-0.006088568,0.00080932677,-0.009556726,0.0021118447,0.0029598773,0.00492803,-0.008774141,0.010488864,MFB,MFB
-0.006468706,0.010332095,0.0026312843,-0.0014042556,-0.0043587405,-0.0026864558,-0.0056211054,-0.016551048,-0.0050599948,0.0020962013,-0.0026901588,0.00067590177,-0.0012150705,0.0025001913,-0.001032494,-0.0062775873,-0.0010855645,-0.0103864,-0.0061909948,-0.00024008751,0.009666239,0.0057270452,-0.0038067997,0.0048932955,0.0030275881,0.0029038638,0.011200964,-0.00534267,-0.002208935,-0.0084747225,PkC_cs,PkC_cs
-0.0057421327,0.011654494,0.0023611747,-0.0010949075,-0.008507649,-0.0018605888,-0.007442653,-0.007626377,0.007561028,0.0073663313,0.009002358,0.013217539,-0.00024691224,0.010819353,0.00060544163,-0.0068607777,0.0042856634,0.0037535615,-0.010530037,-0.00543252,0.0065235924,0.0021000206,-0.0055797994,0.0011897869,-0.009088993,0.0023930445,0.0028503314,0.0046974793,-0.008865241,0.009415023,PkC_ss,PkC_ss
-0.0046985894,0.012754213,0.002595,-0.0029759556,-0.0093586575,-0.0019720122,-0.009277761,-0.008346632,0.007766284,0.005881993,0.009206705,0.01575867,0.00020542741,0.009927966,0.002212584,-0.0077605173,0.0037136078,0.0040297695,-0.010992314,-0.005728692,0.006546233,0.0025381297,-0.0072764643,0.00033961236,-0.009577341,0.0029349625,0.0035621226,0.0038762018,-0.008306053,0.008771844,MFB,MFB
-0.0041915327,0.012123564,0.0018779337,-0.0027133524,-0.009183854,-0.002490148,-0.008582145,-0.008225642,0.007865302,0.0067096893,0.009093717,0.015095346,0.0007696152,0.009357929,0.0011985004,-0.008144267,0.0048137307,0.003921598,-0.0111812325,-0.00596549,0.006540876,0.0019668192,-0.0073042214,0.0008446723,-0.009118803,0.0018818527,0.0039895847,0.0039535537,-0.0090783965,0.0090691075,MFB,MFB
-0.0056541413,0.012434413,0.0026242621,-0.0012300164,-0.008991279,-0.0018877834,-0.008115992,-0.008370534,0.006760575,0.006227752,0.0097207725,0.013819814,-0.0001898855,0.0102324635,0.00047573447,-0.006674718,0.0035482198,0.0029506795,-0.009865708,-0.005089227,0.006503571,0.002486363,-0.006169038,0.00071072206,-0.008152448,0.0024887398,0.0034299567,0.002011709,-0.009361967,0.0078062676,PkC_ss,PkC_ss
-0.0053937957,0.013110997,0.0029136129,-0.0026829392,-0.008924993,-0.001161471,-0.008184448,-0.00845667,0.0065285712,0.0061542057,0.009310998,0.015162043,0.0003440082,0.009898454,0.001358904,-0.0064330064,0.0035290122,0.0032422766,-0.010327485,-0.0049711913,0.005979808,0.0027861446,-0.0062144473,0.0005280636,-0.008527115,0.0026873052,0.0034548119,0.0015495121,-0.009936389,0.0081872605,MFB,MFB
-0.005432576,0.0118623,0.003203392,-0.0028120875,-0.009906958,-0.0011095852,-0.007187873,-0.009316236,0.0074478462,0.006621534,0.009896003,0.016817085,0.0005252063,0.010896556,0.0029137433,-0.007248111,0.0033601373,0.0047778226,-0.01120047,-0.0055126213,0.0058772378,0.0018087551,-0.0062002,0.00047577918,-0.008604623,0.002717197,0.0034658238,0.0028465092,-0.0100677945,0.008876491,MFB,MFB
-0.0065839663,0.01521327,0.0030003153,-0.0029417723,-0.009570992,-0.0015080646,-0.007329166,-0.010836303,0.0050541908,0.00801993,0.00862059,0.017232172,0.002872482,0.0075145215,0.00051636994,-0.0042997375,0.0069809705,0.0052927025,-0.010783655,-0.0051670857,0.0068411604,0.003227748,-0.0047073513,0.001999706,-0.00245855,0.0054180175,0.0026565716,-0.004496731,-0.011799147,0.0052170195,MFB,MFB
-0.0092885345,0.01391662,0.0031429715,-0.0025838912,-0.009233225,0.0010379851,-0.004579097,-0.011620671,0.005267188,0.009308465,0.008112922,0.012477197,-0.000507012,0.010803156,0.00011449307,-0.0024295375,0.006065652,0.0023472644,-0.009518572,-0.004250154,0.0057863854,0.0033559352,-0.0032552406,0.0030144341,-0.0042008758,0.0047170445,0.0025048554,-0.0032984093,-0.013346437,0.0053292103,MLI,MLI
-0.009858653,0.013221481,0.0026677437,-0.0014589429,-0.00964462,0.00043650717,-0.0045125335,-0.010006428,0.0042033866,0.00832008,0.007955097,0.012526989,6.844103e-05,0.008143388,-0.0014414042,-0.0024338067,0.0075950623,0.0044501387,-0.0077762213,-0.0033237934,0.007372685,0.0032940656,-0.0021590777,0.0037942454,-0.00080516934,0.006658338,0.00018243492,-0.00791122,-0.011665132,0.0031478405,MLI,MLI
-0.007944107,0.0136133395,0.0027473904,-0.0009826273,-0.009133254,-0.0011166632,-0.005629763,-0.009203181,0.0048731044,0.008133201,0.007963955,0.012580901,-0.0002912283,0.0083936155,-0.00032550097,-0.0044948943,0.0065506995,0.0034037232,-0.009506407,-0.004208397,0.00675701,0.0034108832,-0.0036181994,0.0016514994,-0.0045932606,0.0041666552,0.00200098,-0.0016673133,-0.011924373,0.006068893,PkC_ss,PkC_ss
-0.004758373,0.013380757,0.0026077665,-0.003617406,-0.009155123,-0.0009841993,-0.008400083,-0.009915918,0.0070592687,0.0064723287,0.009504527,0.015896961,0.00040446222,0.0103966445,0.0019754395,-0.006360475,0.003968358,0.003494393,-0.011414313,-0.0057375208,0.0056126025,0.0033778027,-0.006006684,0.00084366277,-0.009065501,0.0024764836,0.0043521747,0.0025568828,-0.010490127,0.008442469,MFB,MFB
-0.0043320134,0.012124876,0.0029470995,-0.0017121881,-0.008791434,-0.0014112666,-0.00850676,-0.00782755,0.007138759,0.006281279,0.009340972,0.014802992,6.3955784e-05,0.010641605,0.0025274009,-0.006924659,0.0038132071,0.003873229,-0.011519917,-0.0053635314,0.0065477975,0.0021472871,-0.005623864,0.0004997514,-0.009681374,0.0021201149,0.0031565353,0.0053184107,-0.008642508,0.009965587,PkC_ss,PkC_ss
-0.0051269606,0.011698246,0.0038499981,-0.0018607378,-0.009204633,-0.00049402565,-0.005373761,-0.009241484,0.008606292,0.00810474,0.0065597743,0.01697272,-0.0012373924,0.013545394,0.006048374,-0.0081641525,0.0021352023,0.0029292032,-0.0134283835,-0.006432373,0.006061852,0.0024585947,-0.008688515,-0.0019229576,-0.012102738,0.00082300603,0.005034663,0.010452509,-0.011388835,0.012216568,PkC_cs,PkC_cs
-0.007371977,0.016016528,0.0029265508,-0.0030428767,-0.009420689,-0.0008804351,-0.0075648427,-0.01091817,0.0043214336,0.007872267,0.008733988,0.014817424,0.0015947372,0.007871941,-0.0015544146,-0.0033843853,0.006997511,0.0038834475,-0.009494624,-0.0047504604,0.0063304845,0.0037942678,-0.0047203563,0.0023325607,-0.0027034134,0.005095087,0.0031121299,-0.0061945543,-0.012595376,0.004445955,MLI,MLI
-0.0077512413,0.0128465,0.002335351,-0.00048811734,-0.008835001,-0.00038281083,-0.0050968975,-0.0076250285,0.0052376986,0.008513277,0.007429667,0.010947004,-0.0012871176,0.008823924,-0.0009500012,-0.004987642,0.0058577657,0.0030173734,-0.009398443,-0.003655441,0.007301557,0.0027215704,-0.0032537691,0.002726443,-0.0051745996,0.0031235665,0.0014458671,-0.0006247759,-0.010697871,0.006669186,PkC_ss,PkC_ss
-0.0044222474,0.014981125,0.0029184557,-0.0035133064,-0.008272678,-0.00030117482,-0.0057327896,-0.011121057,0.007549092,0.008720718,0.0072852373,0.01709725,0.0022735447,0.009861827,0.002157636,-0.005049221,0.0049209744,0.0021458454,-0.013288976,-0.005973503,0.0062287785,0.0034236684,-0.0071010906,0.0011705011,-0.007391058,0.0013220832,0.004498489,0.0028277114,-0.013146477,0.007983264,MFB,MFB
-0.005844891,0.013911551,0.0022786781,-0.0033147633,-0.008784629,-0.00042036176,-0.0066880584,-0.009964377,0.006654389,0.008057985,0.009621933,0.014216967,0.0008889884,0.010343283,-0.0005091503,-0.0052337497,0.00434646,0.0024586916,-0.011012512,-0.005211737,0.0053604953,0.002617158,-0.0057355594,0.0017701089,-0.0069919378,0.002305068,0.0035689697,-0.00061146915,-0.011536887,0.0072717927,MFB,MFB
-0.0025576055,0.011673102,0.0028266832,-0.003745094,-0.009895366,-0.0019182935,-0.008312672,-0.008259587,0.007909238,0.0058935247,0.008798815,0.018106855,0.0007994324,0.011001341,0.004335515,-0.009390872,0.0035848618,0.0065292045,-0.013472854,-0.006850321,0.006430298,0.0021465123,-0.00703837,-0.0001478456,-0.012164503,0.0013661161,0.004001312,0.008402012,-0.008522436,0.013181187,MFB,MFB
-0.008869924,0.014472328,0.0029433407,-0.0025885701,-0.008643062,0.0017424896,-0.0043316483,-0.01095552,0.0061097443,0.009820342,0.0068860054,0.013655126,-0.00033959746,0.009035461,0.0007343218,-0.0024842843,0.0063162595,0.0024483427,-0.010411323,-0.0034785233,0.0062726475,0.0034007654,-0.00394975,0.0026767887,-0.002549827,0.004430838,0.0023044422,-0.0044037327,-0.013706692,0.0034316964,MLI,MLI
-0.0061223134,0.012166124,0.002714187,-0.0012827367,-0.008902311,-0.0015781969,-0.0068790764,-0.008311987,0.0073018223,0.007123841,0.008907586,0.013717651,-0.00026521087,0.01050017,0.00091121346,-0.006333448,0.0039119124,0.003121674,-0.00995331,-0.0052713864,0.0057510175,0.0024468899,-0.0062998068,0.00045643374,-0.008451313,0.00241749,0.0033259243,0.0031079948,-0.010446947,0.0078057833,PkC_ss,PkC_ss
-0.0063573644,0.011474906,0.0022666082,-0.0016692877,-0.008750496,-0.000530608,-0.006046802,-0.0070950612,0.006622441,0.008125365,0.007932298,0.011179358,-0.0013539344,0.009387918,-0.00014366955,-0.006207533,0.0050095916,0.0027751587,-0.009696138,-0.004140787,0.006259633,0.0020556897,-0.0048315637,0.0019924305,-0.0074479133,0.002233602,0.0027198717,0.0018768385,-0.00972919,0.0075875744,PkC_ss,PkC_ss
-0.05878797,-0.078065194,0.056251466,-0.059515707,-0.053655215,-0.031291626,-0.0012158304,-0.10516313,0.017564125,-0.10377219,0.03139741,-0.017055236,0.014742911,-0.027353786,0.022799753,-0.036139842,0.057881847,-0.080602676,0.118077196,-0.01438934,-0.0029612016,0.11410308,0.003977023,0.010180427,-0.007640831,0.0012459159,0.015799168,-0.036135033,-0.038626183,-0.030301966,PkC_cs,PkC_cs
-0.005338058,0.014193228,0.0033159032,-0.001442939,-0.008065682,-0.001977563,-0.007960305,-0.0074597076,0.0063095614,0.007523654,0.0076599047,0.014800735,0.0013754666,0.009410277,0.0003983155,-0.0064283647,0.003987998,0.003611192,-0.010183009,-0.0054114386,0.006160978,0.0015501827,-0.006935727,0.00033981353,-0.0066573247,0.0030590966,0.0031855255,0.0007418096,-0.010231804,0.00724772,MFB,MFB
-0.0061574355,0.010566035,0.002297338,0.00014424324,-0.008561873,-0.00030412525,-0.0050344765,-0.0058104172,0.0072461516,0.008097954,0.006750174,0.011262678,-0.0016087592,0.010923997,0.0011302009,-0.007065192,0.0039133728,0.0030989647,-0.010539937,-0.004948601,0.0076255463,0.0013692304,-0.0050786436,0.00196084,-0.008704506,0.0014613122,0.0018302426,0.0062408596,-0.008971181,0.009760179,PkC_ss,PkC_ss
-0.006797403,0.012387926,0.0038309582,-0.0017698407,-0.008419883,0.0006131008,-0.005235672,-0.008638345,0.007790938,0.008876145,0.008580171,0.01563266,0.00054450333,0.012344748,0.003037095,-0.0058171563,0.0023140162,0.0013118573,-0.012073626,-0.0044874884,0.005908875,0.0025149137,-0.0065391995,-0.00030117854,-0.008838378,0.0019214675,0.0034470335,0.0043304935,-0.011774497,0.008903015,PkC_cs,PkC_cs
-0.0060727745,0.01071283,0.0021396764,-0.00058320165,-0.008999108,-0.0006463453,-0.0063443184,-0.0066183954,0.007489018,0.007256685,0.008052409,0.012253359,-0.0014249682,0.0107710585,0.0013316423,-0.007152524,0.00417836,0.0034904592,-0.010310969,-0.0048619136,0.0075431615,0.0015288889,-0.0050567314,0.002072297,-0.008991301,0.0019992068,0.0020673051,0.0051839426,-0.008673869,0.009279672,PkC_ss,PkC_ss
-0.0047327653,0.011988493,0.0024020933,-0.0020281672,-0.0090535935,-0.001652047,-0.0078041553,-0.0074518993,0.0073498487,0.00699885,0.008592732,0.0146180615,6.702542e-05,0.010866694,0.0015215054,-0.007869016,0.0038413852,0.0038302168,-0.011858239,-0.005514819,0.0072775185,0.002216898,-0.0057534464,0.0015985332,-0.010030702,0.0015940741,0.0026244074,0.005522333,-0.008487001,0.0103066005,PkC_ss,PkC_ss
0.011313543,-0.0019612815,-0.021380533,-0.025909826,-0.0077490434,-0.025589883,-0.019785076,-0.05995047,0.0053819492,-0.02279242,0.019821659,0.036072552,0.026351817,-0.026365645,-0.011361331,-0.02460984,0.029426306,-0.008942038,-0.021915063,-0.003984999,0.027977884,0.041771922,-0.011628933,0.005755767,-0.015610769,-0.00990095,0.035176173,-0.01710841,-0.021410558,0.004201539,PkC_cs,PkC_cs
-0.0026441887,0.007498485,-0.00026578456,-0.0033985823,-0.006066596,-0.010743193,-0.007841408,-0.017722912,-0.0049100146,0.0021335846,0.0054425895,0.009981163,0.0070017427,-0.00556501,-0.0066955835,-0.011301238,0.006507322,-0.001552593,-0.015598155,0.0011366978,0.0140979225,0.010585599,-0.0002883114,0.006536603,0.0012724474,-0.0026790947,0.010851085,-0.0062085018,-0.00652688,-0.0027327985,PkC_cs,PkC_cs
-0.00826063,0.013289295,0.002430845,-0.0017801374,-0.008874971,-0.00024499744,-0.0054651946,-0.008900359,0.0047550127,0.008353278,0.0079809055,0.011946447,-0.00045360625,0.009334683,-0.0014829859,-0.0044518,0.0062620193,0.0035061426,-0.009676767,-0.003803473,0.0075715603,0.0033388436,-0.0032136776,0.0029877014,-0.005150713,0.0042565614,0.0015265942,-0.0019212142,-0.010424675,0.007409811,PkC_ss,PkC_ss
-0.003246285,0.018044304,-0.0014234148,-0.0070587993,-0.0049383678,0.0024972036,-0.0029848814,-0.0044888332,0.010418378,0.011150552,0.0035365,0.010116443,-0.0016908646,0.0073711574,-0.005615741,-0.01936974,0.0010408759,0.0018307455,-0.018338498,-0.011627659,-0.00035142712,0.005537972,-0.012480831,-0.005839277,-0.017836489,-0.007659301,0.014232699,0.020824157,-0.017098356,0.022875395,PkC_cs,PkC_cs
-0.0056822,0.011105365,0.0020882823,-0.0006842464,-0.008487315,-0.001602836,-0.0067083538,-0.0069451034,0.0077798143,0.0075223837,0.008449018,0.01352489,-0.00013168156,0.009650648,0.00094339997,-0.007118229,0.004417911,0.0036133751,-0.0107244095,-0.004738018,0.0074314354,0.002080135,-0.0060351063,0.00070578605,-0.0081747845,0.0022166893,0.0026855096,0.0043269247,-0.008923288,0.009165838,MFB,MFB
-0.008592561,0.01432932,0.0028338246,-0.0018928796,-0.00929063,0.00011638552,-0.005390659,-0.009729534,0.0051706806,0.0090484265,0.0075166,0.013471246,0.00017857552,0.007699609,-0.00053323805,-0.0031657778,0.0068974644,0.0041671656,-0.009158688,-0.0040164553,0.00653138,0.0026912466,-0.004291266,0.0023256056,-0.0011717528,0.005631104,0.0020784885,-0.0056123137,-0.012138357,0.0032536238,MFB,MFB
-0.0057885125,0.015010515,0.0023718476,-0.0035624504,-0.009506231,-0.00077623874,-0.007936269,-0.010571025,0.005965315,0.0076109488,0.00853733,0.014858663,0.00085040927,0.008703269,0.00017569214,-0.0053881705,0.0068149567,0.0037636906,-0.011022176,-0.0055507347,0.0065030064,0.0027226731,-0.005135864,0.002890844,-0.0052272156,0.0033142865,0.0032101348,-0.0020522103,-0.011631276,0.006013807,MFB,MFB
-0.008241914,0.0158593,0.003354106,-0.00227122,-0.009076953,-0.0006156117,-0.006705448,-0.011595413,0.002625063,0.006995281,0.007993482,0.013774842,0.0014816225,0.007997118,-0.0009983256,-0.0013720803,0.0065535307,0.0038866922,-0.008270852,-0.0043914765,0.006001791,0.0037033781,-0.0037488975,0.002431605,-0.00013197958,0.0064687654,0.0021275505,-0.008637458,-0.012176389,0.0023884922,MLI,MLI
-0.0038565397,0.012751845,0.003914628,-0.0015164763,-0.008444442,-0.00074121356,-0.0051695257,-0.008071236,0.007986493,0.008333247,0.0074465647,0.017533362,0.0015802085,0.012204833,0.005340494,-0.007471271,0.0012995303,0.0019860119,-0.0135167455,-0.006543882,0.005614629,0.0024836212,-0.008004654,-0.0019133426,-0.010272667,0.0007557124,0.0042233914,0.008951642,-0.010983681,0.0117945075,PkC_cs,PkC_cs
-0.0058557466,0.012121895,0.0021121353,-0.00094619393,-0.008405582,-0.001874119,-0.007739067,-0.007580772,0.0072747692,0.006557122,0.008694224,0.013354696,-1.9162893e-05,0.009965517,0.00056057423,-0.006891664,0.0038843006,0.0034947693,-0.010342452,-0.005072914,0.0068990905,0.0021024048,-0.0064588394,0.0006558858,-0.007996365,0.0024682656,0.0028921068,0.0032779947,-0.008932622,0.008220606,PkC_ss,PkC_ss
-0.009700656,0.01502541,0.0034298114,-0.0014229417,-0.009249459,9.9785626e-05,-0.0061255097,-0.010350108,0.0032831728,0.0075143483,0.0072516575,0.013003722,0.00010737777,0.008364998,-0.0003450662,-0.0024312958,0.0064011663,0.0037586316,-0.007993578,-0.0037745908,0.0065469053,0.003144741,-0.0032811426,0.0027173758,-2.0861626e-06,0.006362118,0.0010159239,-0.008139357,-0.012072019,0.0019900054,MLI,MLI
-0.050472617,-0.053983733,0.03760299,-0.051203944,-0.042965904,-0.030335926,0.0026062727,-0.055797044,0.023143545,-0.03984973,0.012924418,-0.034254797,0.0054590255,-0.032292396,0.014848806,-0.03982658,0.014669947,-0.055853426,0.08819538,-0.0010492727,-0.013073521,0.04631136,-0.03602052,-0.0006857179,0.027260669,0.0020035282,0.037159126,-0.019933373,0.00638479,-0.029612564,PkC_cs,PkC_cs
-0.04117042,-0.041679136,0.029999025,-0.044263907,-0.034442447,-0.026515491,-0.0032486916,-0.051529277,0.016468912,-0.036847234,0.013639346,-0.023614533,0.0104397535,-0.026251495,0.007832609,-0.037984446,0.014740072,-0.049960867,0.06795979,-0.0035907105,-0.007215595,0.044089213,-0.027017351,0.0043664575,0.01982762,-0.002916105,0.03293944,-0.020276532,-0.0016078241,-0.023550473,PkC_cs,PkC_cs
-0.0060839355,0.015365509,0.0025344864,-0.0011666417,-0.009720481,-0.0011693835,-0.007399589,-0.008046731,0.004174836,0.0080957,0.00868459,0.014027819,0.0008121729,0.007683404,-0.00089051574,-0.0046067834,0.0063066036,0.004228238,-0.010536986,-0.0050238,0.0080410885,0.002769187,-0.004034281,0.0025979243,-0.0025978237,0.0049861,0.0014872253,-0.0035426244,-0.009561667,0.0060136765,PkC_ss,PkC_ss
-0.0044881776,0.013525058,0.0022347234,-0.0012414753,-0.00915097,-0.0013213903,-0.007449344,-0.0070112497,0.006512761,0.0072375312,0.0087423995,0.013266511,-0.0002657473,0.009104073,0.0007679239,-0.0067661256,0.0041476786,0.0025271662,-0.0107870465,-0.0054314137,0.0067531895,0.0024326295,-0.0055170767,0.001398012,-0.007492788,0.0023221672,0.0024918094,0.0022515208,-0.009101415,0.007361058,PkC_ss,PkC_ss
-0.02737999,-0.031203931,0.018553726,-0.042601913,-0.026137944,-0.021622926,-0.008006647,-0.048181936,0.00993368,-0.036301248,0.019810624,-0.0073324814,0.017834,-0.021858849,0.0009429157,-0.032024357,0.018656649,-0.04448595,0.049302407,-0.008147839,-0.0019800644,0.045295343,-0.019472353,0.0023420155,0.004649006,-0.003250301,0.028495248,-0.021092623,-0.010625113,-0.0060902536,PkC_cs,PkC_cs
-0.0046673194,0.013670617,0.0021497123,-0.001196444,-0.009136934,-0.0014791563,-0.0075472444,-0.0070226714,0.0066434816,0.0075009,0.008787103,0.013116352,-0.00028516352,0.009246558,0.00042307377,-0.0067986213,0.004178405,0.0026167892,-0.010694186,-0.005536314,0.0067749657,0.002237387,-0.005648719,0.0015400797,-0.0073885843,0.0025290176,0.0024873987,0.002090618,-0.008906458,0.0073485896,PkC_ss,PkC_ss
-0.00847102,-0.0002312474,-0.0012729913,-0.017402962,-0.01020436,-0.022560015,-0.018743366,-0.04393886,0.0044642836,-0.009293033,0.013449699,0.015843421,0.012406081,-0.0128623545,-0.0113629475,-0.024274504,0.024078138,-0.010287926,-0.01032379,-0.0052908137,0.018308202,0.0353009,-0.005934011,0.006617494,-0.0035129115,-0.004024565,0.023754112,-0.011623599,-0.014900992,-0.0032134205,PkC_cs,PkC_cs
-0.0059852675,0.015218893,0.0023970343,-0.001143679,-0.009502021,-0.0011906102,-0.0072556436,-0.007893175,0.0043918714,0.008507883,0.008397117,0.01393763,0.000947237,0.00758972,-0.0009792,-0.004757609,0.0063545853,0.0043952838,-0.010640585,-0.0049698427,0.007896281,0.0021729618,-0.004226517,0.002715025,-0.0022889152,0.0048103184,0.0015922412,-0.0036593154,-0.009564828,0.005832806,PkC_ss,PkC_ss
-0.0064000636,0.01488816,0.0026851743,-0.00084862113,-0.009711565,-0.0015767217,-0.0070191473,-0.008792244,0.0042556226,0.007969072,0.008467369,0.015185654,0.0018212199,0.0068927854,-0.00024570525,-0.004310943,0.006933674,0.004861597,-0.0101676015,-0.004714098,0.0083801905,0.0027171746,-0.0037002303,0.0027116798,-0.0007035062,0.0058519915,0.0008859262,-0.00557144,-0.009726975,0.004266415,PkC_ss,PkC_ss
-0.092295274,-0.09968732,0.08403941,-0.07197884,-0.07462758,-0.04689371,0.0054466575,-0.12081584,0.024488159,-0.1130297,0.02713199,-0.04627461,0.007385686,-0.03569008,0.030038722,-0.054394554,0.05646023,-0.10131481,0.1603325,-0.010831058,-0.008441338,0.12666641,-0.0076239835,0.013803838,0.009001166,0.0037475526,0.026554871,-0.034509473,-0.030059446,-0.04981436,PkC_cs,PkC_cs
0.0013003424,0.011813017,-0.017795451,0.0031493157,0.0010805018,-0.009371325,-0.011750594,-0.0023447946,0.0054349154,0.008208256,0.008599967,-0.004940018,-0.0053221732,-0.0029550716,-0.015583165,-0.025678882,0.020212032,-0.01605349,-0.019911796,-0.009282064,0.009660496,0.009864166,-0.0028137825,-0.0033369176,-0.022874407,-0.010586284,0.0023863763,0.0033716708,-0.02046815,0.0030661114,PkC_cs,PkC_cs
-0.0035963058,0.012319599,0.00202455,-0.0010259598,-0.009091018,-0.0017997026,-0.0080755055,-0.0063352287,0.0076995417,0.00709117,0.008743025,0.014278412,2.3677945e-05,0.010408387,0.001648955,-0.008047175,0.003527224,0.0036928542,-0.011999552,-0.0061557516,0.007697167,0.0014147907,-0.0064215697,0.0014270619,-0.009430319,0.0017358735,0.0026797429,0.006305553,-0.007408643,0.010061637,PkC_ss,PkC_ss
-0.017761022,-0.009372814,0.013455525,-0.020886011,-0.017425952,-0.016808994,-0.005279511,-0.02971699,0.0041532293,-0.004636143,0.01285816,0.002885662,0.010590598,-0.0104801655,-0.0014606565,-0.021872431,0.00818792,-0.023912698,0.010969698,-0.002153419,0.0054043196,0.026747812,-0.012416311,-0.001342576,0.005480781,-0.0028915033,0.021925189,-0.008619063,-0.009562856,-0.00070768595,PkC_cs,PkC_cs
-0.0062503368,0.015320499,0.0029635206,-0.0015665591,-0.010090629,-0.0014215484,-0.0071764886,-0.009147495,0.004700698,0.008005345,0.008959316,0.015307158,0.0015587509,0.0072059482,-0.0001738891,-0.0043283403,0.0063325167,0.0043134876,-0.010259974,-0.0049155876,0.007611179,0.0031744838,-0.0040729046,0.0024793409,-0.0018515289,0.0056020617,0.0014962554,-0.004964292,-0.010255821,0.004179582,PkC_ss,PkC_ss
-0.0076515004,0.011264708,0.0035065375,0.0012845695,-0.006221107,-0.0044436604,-0.009527884,-0.01868783,-0.006062947,-0.0024012262,0.00434909,-0.003484495,-0.00046363473,0.004722759,-0.001512073,-0.0031268746,-0.0013167709,-0.010679096,-0.0020230757,-0.004551064,0.009651084,0.005756244,-0.000384178,0.0072118193,0.006417498,0.008676749,0.008136645,-0.00644546,0.0033167433,-0.01180093,PkC_cs,PkC_cs
-0.006686941,0.015515277,0.0026958883,-0.0020833462,-0.009882394,-0.00051009655,-0.007273987,-0.009384148,0.0048320144,0.008166349,0.008725077,0.014492147,0.0005515814,0.007992268,-0.00036162883,-0.004425317,0.006411597,0.00425756,-0.010477702,-0.0048377365,0.0072797006,0.0027546287,-0.004119247,0.002796054,-0.0026214719,0.0049514174,0.001939565,-0.0046323314,-0.010924654,0.004693255,PkC_ss,PkC_ss
-0.02820453,-0.0064828023,0.02247972,-0.008914933,-0.020627564,-0.026482925,-0.0050973296,-0.029815607,0.00817547,0.013060294,-0.0005793199,-0.011279739,-0.0045262277,-0.0107161105,-0.00084938854,-0.027430419,0.005313903,-0.013760857,0.005135228,0.007379025,0.009931315,0.016808722,-0.016453642,0.003328707,0.021192595,-0.0027027577,0.02772481,0.0015566424,0.0037916303,-0.019252196,PkC_cs,PkC_cs
-0.0057727247,0.0150932865,0.0022287592,-0.000947386,-0.00923343,-0.0010852069,-0.007072687,-0.007582642,0.0046167523,0.008540051,0.0084942505,0.013545245,0.0007722527,0.007957809,-0.00092859566,-0.0049591027,0.005909547,0.0037775077,-0.0108013125,-0.0051487572,0.007810114,0.0026677102,-0.0039756186,0.002530057,-0.0034067035,0.0043102205,0.0016804412,-0.0021543354,-0.009585222,0.006658517,PkC_ss,PkC_ss
-0.04758951,-0.0145723205,0.039344706,-0.017491192,-0.027257957,-0.029319845,-0.0061281025,-0.038334683,0.003769219,0.00037944224,-6.801635e-05,-0.0242007,-0.010364667,-0.0074004233,-0.0029396117,-0.029996552,0.018210031,-0.026619501,0.031465814,0.00061902404,0.0042800102,0.035023607,-0.008738937,0.005982578,0.015348576,0.003354922,0.025950924,-8.2567334e-05,-0.006495863,-0.01700554,PkC_cs,PkC_cs
-0.0064405054,0.015145652,0.0030018538,-0.00056026876,-0.010044949,-0.0014819279,-0.0071079433,-0.008135416,0.0037029162,0.0080238655,0.0087364465,0.0148718655,0.0014603287,0.007567659,-0.00010089576,-0.004324358,0.006551355,0.004751995,-0.01062286,-0.0049139224,0.0085744755,0.0029255524,-0.0033023767,0.0026460513,-0.0015604347,0.005529456,0.00068793446,-0.0036468208,-0.00936413,0.0057838634,PkC_ss,PkC_ss
-0.073091716,-0.03243474,0.05883514,-0.021394275,-0.042476684,-0.045255914,-0.0017071664,-0.053139746,0.018500939,0.0027107326,-0.013044551,-0.054716833,-0.0256024,-0.018877082,0.0055397525,-0.045068588,0.01301074,-0.032262422,0.05982497,0.013530165,0.0024984144,0.032590624,-0.028197065,0.011332989,0.041426264,0.0040750057,0.043049436,0.005163394,0.01673846,-0.04819545,PkC_cs,PkC_cs
-0.0064865723,0.01542658,0.0028203465,-0.0010010749,-0.009879366,-0.00103046,-0.007546872,-0.007906489,0.0037035197,0.007950721,0.008689545,0.013803892,0.00028683245,0.008214444,-0.00052211434,-0.004608847,0.0062583834,0.00437868,-0.010613519,-0.0050793365,0.008069361,0.0027386695,-0.003556177,0.0026094094,-0.002772972,0.004965812,0.0012373775,-0.0028511062,-0.009470811,0.0065302365,PkC_ss,PkC_ss
-0.0042213798,0.012208146,0.0021252409,-0.0005530268,-0.008959012,-0.0021291003,-0.007920817,-0.00630451,0.007834487,0.0071742963,0.0088697225,0.014119051,-0.00021073222,0.0100461915,0.0016270876,-0.007975392,0.0034016669,0.003675297,-0.011605655,-0.0057673007,0.0075145382,0.0017278865,-0.0064335,0.0008267164,-0.008855291,0.0020054132,0.0026976764,0.0059291646,-0.0074927695,0.009424899,PkC_ss,PkC_ss
-0.002897665,0.0132325115,0.0046792254,-4.5582652e-05,-0.008709804,-0.0014499202,-0.0059467703,-0.006655082,0.008691587,0.008485209,0.007103674,0.019040354,0.0013987571,0.012910411,0.0069973096,-0.009241577,0.00062555075,0.0023087375,-0.0155054135,-0.007642977,0.006740654,0.0024489984,-0.0088958405,-0.0031749643,-0.010876186,0.00093716383,0.0036591515,0.012377851,-0.009580947,0.012371607,PkC_cs,PkC_cs
-0.004927397,0.013652605,0.0020062365,-0.0008828193,-0.008863367,-0.0012736395,-0.0068551153,-0.0067576915,0.006303817,0.008261114,0.008195102,0.012644835,-0.00028143823,0.0089525655,-0.00019191206,-0.006413508,0.004462585,0.0030282326,-0.010615199,-0.0049650595,0.00714723,0.0017481819,-0.0052426904,0.002012197,-0.0065640584,0.0025702938,0.0023820624,0.001235053,-0.009023851,0.0074425675,PkC_ss,PkC_ss
-0.0027207434,0.0128408065,0.0046453513,-0.00046226382,-0.008288268,-0.0010981709,-0.0059076846,-0.0071680397,0.0077490807,0.008746674,0.0071893707,0.018008001,0.001467511,0.012491144,0.0065091774,-0.008133385,0.0010942221,0.00091125816,-0.014749157,-0.0066070333,0.0067191236,0.0023271292,-0.008225385,-0.002590403,-0.010682955,0.00035777688,0.0043046027,0.010581538,-0.010360731,0.0121966,PkC_cs,PkC_cs
-0.0068765804,0.004694662,0.00017638132,-0.009423435,-0.0066639455,-0.014435038,-0.012397625,-0.025720596,-0.0021126047,-0.001826548,0.0076150596,0.013210662,0.009538114,-0.0077983662,-0.007888064,-0.01359199,0.012435131,-0.005082041,-0.014380722,-0.00011322647,0.0146592315,0.022697102,-0.0021405928,0.005572304,-0.0010266528,-0.0045523196,0.014657874,-0.006506644,-0.011914313,-0.0004461035,PkC_cs,PkC_cs
-0.0057232156,0.015061295,0.0030802675,-0.001068309,-0.009227112,-0.0013045818,-0.00720568,-0.008388013,0.005175084,0.007976791,0.007863529,0.013826676,-0.00013756752,0.009057201,0.00048667938,-0.005083047,0.005067751,0.0033624358,-0.010450174,-0.0052368455,0.0068109725,0.0026616529,-0.0047831275,0.0016973056,-0.0050222278,0.003728494,0.0022591427,-0.00086606294,-0.010430861,0.0059499294,PkC_ss,PkC_ss
-0.019207366,0.0057909335,0.013290979,-0.0015479922,-0.011781825,-0.02203694,-0.008534193,-0.023873858,0.0012559891,0.018206228,-0.0033469498,-0.003567636,-0.004200116,-0.005784005,-0.007373981,-0.01892697,0.006440714,-0.0005073175,-0.014828554,0.0072459206,0.016337216,0.01262527,-0.0063354988,0.008660257,0.010840759,-0.0026917532,0.022270173,0.0050058514,-0.0014966372,-0.0120666325,PkC_cs,PkC_cs
-0.005484849,0.015014625,0.0023279712,-0.0014789104,-0.009485998,-0.0013863295,-0.0072994977,-0.008127749,0.00486961,0.008457996,0.008442581,0.013763949,0.00058436394,0.007767044,-0.00072547793,-0.0050247423,0.0061764717,0.003956657,-0.010814252,-0.005225528,0.0073835235,0.0025816709,-0.0043195672,0.0025294907,-0.003425695,0.0041992962,0.001912795,-0.0024215803,-0.0096335355,0.006036807,PkC_ss,PkC_ss
-0.054615155,-0.018588295,0.041729502,-0.016689464,-0.031194083,-0.034183294,-0.005210638,-0.043192677,0.009608671,0.004852455,-0.0049291626,-0.031750537,-0.017591178,-0.010920681,-0.00032652915,-0.03385137,0.017830975,-0.023154318,0.03410367,0.004854098,0.005358832,0.032312628,-0.014965739,0.007451184,0.02419857,0.0044148043,0.031750973,0.0031029359,0.0008989861,-0.028415747,PkC_cs,PkC_cs
-0.053938,-0.013417086,0.045202352,-0.0034887195,-0.02953108,-0.033706926,0.0013091117,-0.03126113,0.009882197,0.02187926,-0.015014797,-0.037274964,-0.022776842,-0.0086768195,0.003681928,-0.030424707,0.0024843067,-0.015689038,0.022887051,0.0171078,0.00797009,0.0154240355,-0.019158956,0.0071160235,0.03541302,0.0005967766,0.03084106,0.0122995,0.013392011,-0.035169862,PkC_cs,PkC_cs
-0.005050294,0.014195288,0.0030394234,-0.001284346,-0.009164201,-0.0012959093,-0.0077887923,-0.0077446774,0.0063255653,0.007413624,0.008525178,0.013916247,-0.00044927,0.010038577,0.0013092458,-0.005987264,0.0038741827,0.0030566454,-0.010640861,-0.0054918677,0.006284233,0.0022105947,-0.0056752153,0.0010983124,-0.007399872,0.0028821826,0.0028140992,0.0020100921,-0.009710733,0.0072291344,PkC_ss,PkC_ss
-0.017125405,-0.0029816292,0.011794828,-0.017139807,-0.014179773,-0.019145332,-0.010790013,-0.0316338,0.0008044392,-0.00065052323,0.011080302,0.003661111,0.008696437,-0.00878153,-0.007993802,-0.022478137,0.013084158,-0.018247925,0.00047200685,-0.0009660423,0.012119272,0.026696652,-0.0076499768,0.0034998842,0.0007454753,-0.003398478,0.023251962,-0.005800791,-0.011118023,0.0018276125,PkC_cs,PkC_cs
-0.004558414,0.01338528,0.0027107038,-0.0011932552,-0.009514956,-0.0015701354,-0.0076277703,-0.0074216127,0.0063586608,0.0069749765,0.008739352,0.013682738,-0.00083471835,0.009781919,0.0015268922,-0.006986622,0.0040338337,0.0028822757,-0.011125048,-0.0056048594,0.006889483,0.0023729205,-0.0055821147,0.0012006797,-0.008136466,0.0021359175,0.0027046055,0.0034653991,-0.00908548,0.008145627,PkC_ss,PkC_ss
-0.0033252612,0.011991171,0.006323613,0.0011466444,-0.009456398,-0.0027516186,-0.008984923,-0.006014876,0.0062248707,0.006492479,0.009369224,0.017564133,0.0018061996,0.0121761635,0.007075198,-0.010290783,0.0010121167,0.0038919635,-0.018079598,-0.008979496,0.0080334805,0.004173614,-0.006828483,-0.004173748,-0.0069566965,0.0023517162,0.0022235662,0.014070876,-0.005429141,0.011040412,PkC_cs,PkC_cs
-0.005712867,0.014962201,0.002239488,-0.0010836273,-0.00935455,-0.0012933835,-0.007161513,-0.00784827,0.0047820956,0.008398278,0.008443087,0.013408899,0.00046138465,0.007927127,-0.00083097816,-0.0051024295,0.005858034,0.0036331266,-0.010682887,-0.0050571,0.00770137,0.0027199835,-0.004272934,0.002417896,-0.0036535263,0.0041810498,0.0019167364,-0.002084799,-0.009514878,0.0063149706,PkC_ss,PkC_ss
-0.003914885,0.011547526,0.0030618235,-0.0018696189,-0.009329162,-0.00064431876,-0.0069098473,-0.008000165,0.0064607635,0.006269172,0.008952886,0.015503757,0.00064758956,0.012114942,0.0029793456,-0.007230643,0.0030996501,0.0030448139,-0.011947853,-0.00599603,0.0068473443,0.0018091351,-0.0060348976,0.0009614602,-0.010536164,0.0008229315,0.0036031082,0.006556064,-0.009797061,0.011728246,MFB,MFB
-0.083371446,-0.061939612,0.065991975,-0.048665315,-0.055735033,-0.049438164,-0.0023342818,-0.07393863,0.02479919,-0.03942918,-0.0015927628,-0.0673342,-0.017658293,-0.034751523,0.012099169,-0.056216802,0.024433322,-0.05995792,0.113234766,0.0040805787,-0.011332063,0.05485724,-0.03487406,0.014306795,0.041271545,0.002978325,0.050187692,-0.012739964,0.011427697,-0.057777874,PkC_cs,PkC_cs
-0.00508254,0.014163018,0.0018990599,-0.00081297755,-0.00882531,-0.0013565943,-0.006666675,-0.007262394,0.005810499,0.008540962,0.008135572,0.012845643,0.00029164553,0.008525498,-0.00054024905,-0.0059238337,0.005261928,0.0028448813,-0.010780054,-0.005235091,0.0074796826,0.002295293,-0.004644517,0.0023713522,-0.0054763854,0.0029874444,0.002104655,0.000316225,-0.009419961,0.007119812,PkC_ss,PkC_ss
-0.0062394887,0.020808468,-0.011168212,-0.004285097,-0.002094308,-0.009218514,-0.0027367324,-0.020526528,0.0054840446,0.0071521048,-0.0012807399,0.0017520115,-0.001725927,0.0002700016,-0.009923853,-0.018626936,0.007341832,-0.012901805,-0.012248577,-0.016891908,0.005215287,0.009491853,-0.01574452,-0.0022996776,-0.013455614,-0.0030180141,0.018913265,0.0070959777,-0.02401385,0.008978792,PkC_cs,PkC_cs
-0.0042616427,0.01254537,0.002799157,-0.0007696897,-0.009457706,-0.002098389,-0.008205891,-0.007393852,0.0072981864,0.0064467397,0.009318724,0.014710873,-0.00034096837,0.010311328,0.0023840219,-0.007363703,0.0034398586,0.0035397857,-0.011294964,-0.005895447,0.0073289834,0.0023182482,-0.0059286654,0.00074003264,-0.008742698,0.002460137,0.0024636686,0.0049024895,-0.007943189,0.008869961,PkC_ss,PkC_ss
-0.0766034,-0.07710911,0.06521838,-0.06071475,-0.058255572,-0.038756467,0.003824085,-0.09354724,0.024825051,-0.07869184,0.018701911,-0.03877861,0.0047664195,-0.029899102,0.023711823,-0.046548504,0.040490188,-0.08076882,0.12631075,-0.009247564,-0.011109518,0.09519289,-0.018173706,0.0061377026,0.01835633,0.0053375214,0.028016545,-0.028504558,-0.016245998,-0.041066445,PkC_cs,PkC_cs
-0.0043320507,0.012809851,0.0026348121,-0.00014179945,-0.008877136,-0.0017620102,-0.0075815767,-0.0055174828,0.006199643,0.007462943,0.008641385,0.01297833,-0.0005862266,0.010117777,0.0011161268,-0.0075614974,0.003263399,0.0027547926,-0.011450893,-0.005422771,0.007545377,0.0018064007,-0.0054209232,0.0010503307,-0.00835444,0.0016807467,0.002228178,0.005135834,-0.0076905377,0.009675566,PkC_ss,PkC_ss
-0.00505694,0.013761133,0.0022438467,-0.000346452,-0.00881907,-0.0015498251,-0.0067842305,-0.0065117925,0.0056035295,0.008201692,0.007997952,0.012395173,-0.00043152273,0.008948669,-0.0003150925,-0.006439537,0.0045155436,0.0030314364,-0.010669078,-0.004813995,0.007816345,0.0020760596,-0.004801046,0.0018804856,-0.0067075267,0.002694413,0.0022682399,0.0017518699,-0.008773578,0.008288853,PkC_ss,PkC_ss
-0.02275528,0.0059111747,0.0156941,-0.003002286,-0.011473266,-0.021591611,-0.009533517,-0.023947947,0.0006047338,0.018599221,-0.004387915,-0.0059790984,-0.0042949617,-0.0042769164,-0.008498065,-0.02042434,0.007477343,-0.004218243,-0.012185362,0.007130794,0.016315034,0.014040314,-0.007080309,0.008584095,0.0101481825,-0.0022808388,0.02350704,0.0054971725,-0.0020438824,-0.009202562,PkC_cs,PkC_cs
-0.0058779493,0.012161296,0.0034820065,-0.0037978888,-0.009572657,0.00065954775,-0.007389486,-0.008976139,0.0071192384,0.006738264,0.009046614,0.015088223,-0.0005917996,0.011741281,0.0024640039,-0.0055138767,0.004053399,0.004952643,-0.0104900645,-0.004753381,0.0051922128,0.001799874,-0.0052144937,0.0013270862,-0.008411624,0.0036908612,0.0022877604,0.000766471,-0.009625442,0.008054543,MFB,MFB
-0.0038113743,0.0129073,0.0022563152,-0.000934273,-0.008925384,-0.0014851093,-0.0077067763,-0.006387122,0.0067441463,0.0071115214,0.009021319,0.013372794,-0.00020439923,0.009585157,0.0010559335,-0.0070305243,0.0032932907,0.002532836,-0.0110359425,-0.0055288896,0.0066093747,0.001754947,-0.006113054,0.0009583682,-0.008084744,0.0017985702,0.0029594153,0.003658548,-0.0083945915,0.008221615,PkC_ss,PkC_ss
-0.042051747,-0.0044209566,0.03340514,-0.0012103468,-0.023242049,-0.03044881,-0.005858436,-0.028966993,0.0054718405,0.022188686,-0.008805722,-0.0243719,-0.017074391,-0.0058731586,-0.003609635,-0.028111674,0.0067899525,-0.0086520165,0.004578825,0.0126849115,0.013769627,0.014578216,-0.012142578,0.009675417,0.025166206,-0.00095558167,0.027617246,0.010526411,0.0071370923,-0.025868185,PkC_cs,PkC_cs
-0.0063634217,0.015062897,0.002638895,-0.0011699498,-0.009920185,-0.001300998,-0.00736171,-0.008767702,0.0043459237,0.007832715,0.008588836,0.014642328,0.0013385713,0.007291883,-0.0004548654,-0.0042526834,0.006790772,0.0045759566,-0.010152628,-0.004817117,0.008169243,0.002832599,-0.0037246197,0.0030341297,-0.0013041198,0.005631365,0.0009610206,-0.0051438287,-0.009572044,0.004185993,PkC_ss,PkC_ss
-0.019471638,0.013500813,0.015768543,0.010132104,-0.008306188,-0.006036058,-0.0068621933,-0.017632239,-0.0053768754,0.006356783,-0.004575141,-0.019341089,-0.010746121,0.010916546,0.0043843016,-0.003326822,-0.012349293,-0.016399592,0.0061466666,-0.00030465424,0.0067783035,-0.0025478825,-0.006017428,0.006664913,0.019139774,0.0110466145,0.0143680535,0.0016024709,0.012069452,-0.024182305,PkC_cs,PkC_cs
-0.0064895004,0.0155457575,0.0027415082,-0.0008902848,-0.009709461,-0.0010811836,-0.007557571,-0.00779739,0.0036581457,0.008019619,0.008628771,0.013769701,0.0004905164,0.008121133,-0.0006615445,-0.004605759,0.0063432455,0.0042903684,-0.010659729,-0.0051592104,0.008059117,0.0026880726,-0.003575869,0.0025763884,-0.0025645718,0.005012512,0.0011313036,-0.0030198395,-0.009524815,0.0064476095,PkC_ss,PkC_ss
-0.0030587465,0.01288079,0.0057158805,0.0027249157,-0.008287594,-0.002558753,-0.007758558,-0.005287759,0.006403826,0.00900219,0.008930452,0.01704418,0.0008287132,0.013760664,0.007515691,-0.009698406,0.000240013,0.00013099611,-0.017068397,-0.006730374,0.008201291,0.0015921742,-0.0072373934,-0.0044124946,-0.011171646,0.000766404,0.0030245408,0.01362621,-0.0085913,0.012594782,PkC_cs,PkC_cs
-0.0047878176,0.01350085,0.0022659525,-0.00027102232,-0.008917967,-0.0014074147,-0.0073801726,-0.0061415285,0.0057973787,0.0074608345,0.008474395,0.012498677,-0.00057148933,0.009450458,0.00024778396,-0.006725151,0.0039298385,0.0028241388,-0.010697708,-0.005115371,0.007572866,0.0020350143,-0.0050565004,0.0016016215,-0.0074183047,0.0023439452,0.0023419484,0.002931565,-0.008434299,0.008536585,PkC_ss,PkC_ss
-0.012041122,0.00032625906,0.0057313517,-0.011813462,-0.011673048,-0.021027118,-0.013924554,-0.03364081,0.0031642094,6.010942e-05,0.008569114,0.008827671,0.007179603,-0.0094539,-0.008098379,-0.02240055,0.015187271,-0.009403989,-0.009957285,-0.00032129884,0.015511056,0.025854751,-0.0070998855,0.0054054,0.0029595047,-0.0049597546,0.02173334,-0.005437508,-0.008901415,-0.0054982603,PkC_cs,PkC_cs
-0.006216496,0.015314473,0.002255071,-0.0015320778,-0.009679934,-0.0012162849,-0.0075223446,-0.008568585,0.0050855055,0.008505207,0.0090313405,0.014072768,0.00078094006,0.008036859,-0.00091604143,-0.00490753,0.0064671934,0.0039363503,-0.0106494175,-0.0053315945,0.007741128,0.0027626306,-0.004121937,0.0028493255,-0.0032418072,0.0050099716,0.0015983954,-0.00335636,-0.009827089,0.005739931,PkC_ss,PkC_ss
0.0009427741,0.0060660453,-0.005165532,-0.008182198,-0.0061353203,-0.015988536,-0.013476372,-0.025805324,0.00026911497,0.001417093,0.008835487,0.015763529,0.0095642805,-0.009796582,-0.009115145,-0.014854245,0.011899173,8.3610415e-05,-0.020595104,-0.0003406778,0.015798107,0.017106216,-0.0036419556,0.0069168992,-0.0014817715,-0.0066311806,0.017840046,-0.0065226257,-0.0100747235,-0.002523221,PkC_cs,PkC_cs
-0.015523255,-0.008769272,0.010132279,-0.02261497,-0.013928054,-0.013903469,-0.012126781,-0.030613184,0.00035086274,-0.014428491,0.017324425,0.008243285,0.015729487,-0.008227453,-0.005566582,-0.02207337,0.015106373,-0.02525378,0.009253645,-0.006462302,0.0068563223,0.03331465,-0.004998602,0.0028760955,-0.0008485019,-0.0044946074,0.0165824,-0.013715021,-0.015611131,0.0030193664,PkC_cs,PkC_cs
-0.004586205,0.013107576,0.001650095,-0.0011723489,-0.009044359,-0.00096774846,-0.007519722,-0.007167563,0.006741151,0.007327566,0.008912943,0.013160981,-0.00043310225,0.009715676,0.00066049397,-0.0067637675,0.0045387447,0.0031388514,-0.011226299,-0.0055905282,0.007344379,0.0018266812,-0.0051340424,0.0023086406,-0.0073601454,0.002036415,0.002337873,0.002788186,-0.008701548,0.008190881,MLI,MLI
-0.0040450618,0.01239563,0.0020928457,-0.0010154098,-0.009169331,-0.0024002865,-0.008083001,-0.006708421,0.007871263,0.0070914757,0.008920528,0.014290728,3.2931566e-05,0.009744413,0.0013470128,-0.008050714,0.003448069,0.0037223808,-0.011548742,-0.0058318973,0.0073861927,0.0017791912,-0.0068613365,0.0008903034,-0.008811057,0.0020672455,0.0030544922,0.005380735,-0.0075687896,0.009014841,PkC_ss,PkC_ss
-0.0026872754,0.012335076,0.0047705136,0.0020321906,-0.008420384,-0.0024285614,-0.007270202,-0.005073093,0.0077136084,0.008496605,0.007940181,0.017586604,0.00082217157,0.013044111,0.007203944,-0.010429729,0.0005297363,0.0017946921,-0.01672272,-0.007605206,0.007990064,0.0018050522,-0.008044692,-0.0038081817,-0.010696031,0.0008137673,0.0030275732,0.0139490515,-0.007984797,0.012535788,PkC_cs,PkC_cs
-0.0025975406,0.013358303,0.003712114,-0.0020441413,-0.0090949675,-0.0011117682,-0.005982518,-0.008626327,0.009339206,0.009276442,0.008110568,0.018695116,0.0017488003,0.012222901,0.0049773827,-0.008076582,0.002376914,0.002320964,-0.014890752,-0.00709616,0.0064804126,0.0016232207,-0.008870587,-0.00084044784,-0.010381721,0.0003111884,0.004450768,0.008790933,-0.010774901,0.0112140775,MLI,MLI
-0.006008297,0.015791314,0.0030959398,-0.0020039529,-0.009587968,-0.00072384626,-0.0075583607,-0.009448685,0.004988633,0.0082343165,0.008439869,0.014716454,0.000573501,0.0091144815,0.00036948174,-0.0044674426,0.0059132576,0.0038605072,-0.011165923,-0.005563304,0.006840052,0.0027681887,-0.004463207,0.0024100542,-0.0039582625,0.0042180866,0.0022807568,-0.0021621361,-0.010992391,0.005875647,PkC_ss,PkC_ss
-0.0061475486,0.011879285,0.0026290119,-0.0013830066,-0.008806737,-0.00064873695,-0.0062755495,-0.007913709,0.0073138624,0.007716866,0.008976564,0.013774335,-4.7653913e-05,0.009833299,0.0010537729,-0.006423019,0.0038166046,0.0029246733,-0.010287338,-0.0043592267,0.006132964,0.0019683912,-0.0053242072,0.0012314543,-0.0073062032,0.00222712,0.0027799234,0.0015989393,-0.010336529,0.0071984194,MFB,MFB
-0.003515944,0.01158702,0.003166221,0.004029691,-0.008507284,-0.0020968616,-0.008825377,0.0016026571,0.006344363,0.006449137,0.0089168325,0.010318875,-0.002681464,0.012332559,0.0033184811,-0.013475157,0.0031999946,0.0027085356,-0.01649312,-0.00968634,0.0062169842,0.00026760995,-0.0077720657,-0.006307211,-0.013576932,5.0857663e-05,-0.0004563555,0.018573456,-0.0071014613,0.013513796,PkC_cs,PkC_cs
-0.003022261,0.013753323,0.003287781,-0.0017007291,-0.008834664,-0.00068698823,-0.006178677,-0.008017555,0.008297585,0.008511305,0.007068604,0.017337903,0.0006791055,0.012394674,0.0050244257,-0.008099798,0.0017281473,0.0022259317,-0.0145871,-0.0069647953,0.0063667893,0.0019527525,-0.00850912,-0.0007546954,-0.010695793,7.317215e-05,0.0045652315,0.009624235,-0.010511752,0.01118337,MLI,MLI
-0.018126763,0.013103919,0.014255498,0.006386891,-0.007007287,-0.008025207,-0.0070963204,-0.017649345,-0.005773701,0.0080740005,-0.0067899227,-0.015174322,-0.009195328,0.0071339384,0.0015708804,-0.00591496,-0.0065873563,-0.012507357,0.0020422684,0.00048698485,0.0077218004,0.0008921847,-0.0049721748,0.007415917,0.015251294,0.007750895,0.01612889,0.0021363422,0.0067494977,-0.01875928,PkC_cs,PkC_cs
-0.0072918907,0.012105619,0.0032141954,-0.00058569014,-0.008958185,-0.0008090958,-0.006590545,-0.007512629,0.006569676,0.006639309,0.007979281,0.01267045,-0.0010171831,0.010602422,0.0010214522,-0.0061012395,0.0035130233,0.0030454583,-0.008836043,-0.004443921,0.0065682717,0.0020319745,-0.005820764,0.00089584664,-0.0069365054,0.0032167137,0.0021649152,0.0014808625,-0.009530686,0.006882023,PkC_ss,PkC_ss
-0.009463653,0.014457211,0.0033165105,-0.0010790378,-0.008866465,-0.0005637482,-0.0058044344,-0.009027883,0.0038203448,0.0087249335,0.0071784407,0.012057319,9.049475e-05,0.008635536,-0.0014753565,-0.0034766793,0.0070392787,0.003886588,-0.008651392,-0.004122842,0.0070637893,0.0028467998,-0.003277298,0.0027756765,-0.0015318394,0.005782999,0.0007240847,-0.005447373,-0.011209713,0.0049207807,MFB,MFB
-0.006332703,0.01471076,0.0027007908,-0.0032218546,-0.010045838,-0.0020032078,-0.0074873865,-0.0103024095,0.0048757717,0.006879408,0.008759148,0.014130287,0.0006364137,0.007349938,-0.0007379204,-0.005498942,0.006743297,0.003913246,-0.009748313,-0.0048992634,0.0065102484,0.0038050339,-0.0051163174,0.001919385,-0.005260013,0.00377471,0.0033894107,-0.0023975968,-0.011280065,0.0061015487,MFB,MFB
-0.0065641776,0.010570569,0.0021224134,-1.04010105e-05,-0.008794226,-0.00096001476,-0.005350724,-0.0064235404,0.0074477345,0.007877734,0.007359825,0.011452965,-0.001565516,0.010070279,0.0005025491,-0.0070903376,0.0046023577,0.0030649193,-0.009508294,-0.004558388,0.007147923,0.0014720783,-0.005680101,0.0014626719,-0.008111939,0.0017592758,0.0024896637,0.004204318,-0.009813111,0.00838412,MFB,MFB
-0.005227104,0.012900693,0.0026161931,-0.0016948283,-0.009039912,-0.0017999262,-0.008281499,-0.0072829947,0.0075858384,0.0073667057,0.009380579,0.015178904,0.00077970326,0.010168999,0.001486741,-0.007819839,0.003520444,0.0033582374,-0.0114646,-0.0054885335,0.007091852,0.0019334257,-0.006239839,0.0010846406,-0.00854139,0.002629429,0.0027447864,0.0036295578,-0.008671625,0.008943964,MFB,MFB
-0.00432425,0.012564783,0.0016340166,-0.00193277,-0.009082078,-0.0019785538,-0.008150622,-0.0077118054,0.0077063367,0.006555341,0.008719556,0.015060052,0.0007571131,0.009552792,0.0015726537,-0.00845211,0.0047365874,0.0036266036,-0.011780166,-0.0065212473,0.0075139515,0.0019315258,-0.006631475,0.0016202331,-0.0089292675,0.0016707629,0.0032468364,0.0052120984,-0.009071622,0.009300593,MLI,MLI
