0,1,2,3,4,5,6,7,8,9,10,11,12,13,14,15,16,17,18,19,20,21,22,23,24,25,26,27,28,29,30,31,32,33,34,35,36,37,38,39,40,41,42,43,44,45,46,47,48,49,50,51,52,53,54,55,56,57,58,59,60,61,62,63,64,65,66,67,68,69,70,71,72,73,74,75,76,77,78,79,80,81,82,83,84,85,86,87,88,89,90,91,92,93,94,95,96,97,98,99,100,101,102,103,104,105,106,107,108,109,110,111,112,113,114,115,116,117,118,119,120,121,122,123,124,125,126,127,128,129,130,131,132,133,134,135,136,137,138,139,140,141,142,143,144,145,146,147,148,149,150,151,152,153,154,155,156,157,158,159,160,161,162,163,164,165,166,167,168,169,170,171,172,173,174,175,176,177,178,179,180,181,182,183,184,185,186,187,188,189,190,191,192,193,194,195,196,197,198,199,200
0.3684210479259491,0.6140350699424744,0.6842105388641357,0.5614035129547119,0.42105263471603394,0.4385964870452881,0.8771929740905762,0.4912280738353729,0.7368420958518982,0.5087719559669495,0.7017543911933899,0.5263158082962036,0.5789473652839661,0.5087719559669495,0.6315789222717285,0.5087719559669495,0.6666666865348816,0.4385964870452881,0.6491228342056274,0.45614033937454224,0.45614033937454224,0.6315789222717285,0.5789473652839661,0.6140350699424744,0.5964912176132202,0.5263158082962036,0.6491228342056274,0.5614035129547119,0.6140350699424744,0.6491228342056274,0.6666666865348816,0.5614035129547119,0.42105263471603394,0.42105263471603394,0.5964912176132202,0.5964912176132202,0.6140350699424744,0.5614035129547119,0.4912280738353729,0.5789473652839661,0.5438596606254578,0.5614035129547119,0.5964912176132202,0.5964912176132202,0.42105263471603394,0.6491228342056274,0.5789473652839661,0.4736842215061188,0.4736842215061188,0.5964912176132202,0.45614033937454224,0.6491228342056274,0.7543859481811523,0.4385964870452881,0.4912280738353729,0.5614035129547119,0.4912280738353729,0.6842105388641357,0.5964912176132202,0.5789473652839661,0.5263158082962036,0.4736842215061188,0.4912280738353729,0.4912280738353729,0.6491228342056274,0.5263158082962036,0.6140350699424744,0.5438596606254578,0.5263158082962036,0.5964912176132202,0.6666666865348816,0.4912280738353729,0.6842105388641357,0.42105263471603394,0.5964912176132202,0.5789473652839661,0.5789473652839661,0.5614035129547119,0.5789473652839661,0.5964912176132202,0.5614035129547119,0.6491228342056274,0.4912280738353729,0.5614035129547119,0.5789473652839661,0.45614033937454224,0.5964912176132202,0.6666666865348816,1.0,0.45614033937454224,0.5964912176132202,0.7368420958518982,0.8070175647735596,0.5964912176132202,0.5789473652839661,0.7894737124443054,0.8771929740905762,0.017543859779834747,0.017543859779834747,0.0,0.0,0.0,0.017543859779834747,0.017543859779834747,0.8771929740905762,0.7894737124443054,0.5789473652839661,0.5964912176132202,0.8070175647735596,0.7368420958518982,0.5964912176132202,0.45614033937454224,1.0,0.6666666865348816,0.5964912176132202,0.45614033937454224,0.5789473652839661,0.5614035129547119,0.4912280738353729,0.6491228342056274,0.5614035129547119,0.5964912176132202,0.5789473652839661,0.5614035129547119,0.5789473652839661,0.5789473652839661,0.5964912176132202,0.42105263471603394,0.6842105388641357,0.4912280738353729,0.6666666865348816,0.5964912176132202,0.5263158082962036,0.5438596606254578,0.6140350699424744,0.5263158082962036,0.6491228342056274,0.4912280738353729,0.4912280738353729,0.4736842215061188,0.5263158082962036,0.5789473652839661,0.5964912176132202,0.6842105388641357,0.4912280738353729,0.5614035129547119,0.4912280738353729,0.4385964870452881,0.7543859481811523,0.6491228342056274,0.45614033937454224,0.5964912176132202,0.4736842215061188,0.4736842215061188,0.5789473652839661,0.6491228342056274,0.42105263471603394,0.5964912176132202,0.5964912176132202,0.5614035129547119,0.5438596606254578,0.5789473652839661,0.4912280738353729,0.5614035129547119,0.6140350699424744,0.5964912176132202,0.5964912176132202,0.42105263471603394,0.42105263471603394,0.5614035129547119,0.6666666865348816,0.6491228342056274,0.6140350699424744,0.5614035129547119,0.6491228342056274,0.5263158082962036,0.5964912176132202,0.6140350699424744,0.5789473652839661,0.6315789222717285,0.45614033937454224,0.45614033937454224,0.6491228342056274,0.4385964870452881,0.6666666865348816,0.5087719559669495,0.6315789222717285,0.5087719559669495,0.5789473652839661,0.5263158082962036,0.7017543911933899,0.5087719559669495,0.7368420958518982,0.4912280738353729,0.8771929740905762,0.4385964870452881,0.42105263471603394,0.5614035129547119,0.6842105388641357,0.6140350699424744,0.3684210479259491
0.27586206793785095,0.517241358757019,0.6206896305084229,0.4137931168079376,0.6896551847457886,0.7931034564971924,0.48275861144065857,0.5862069129943848,0.5517241358757019,0.6206896305084229,0.48275861144065857,0.3103448152542114,0.48275861144065857,0.7931034564971924,0.517241358757019,0.6206896305084229,0.517241358757019,0.5517241358757019,0.517241358757019,0.3448275923728943,0.6551724076271057,0.48275861144065857,0.3103448152542114,0.48275861144065857,0.24137930572032928,0.48275861144065857,0.6206896305084229,0.4482758641242981,0.4482758641242981,0.7241379022598267,0.517241358757019,0.48275861144065857,0.5517241358757019,0.37931033968925476,0.517241358757019,0.7586206793785095,0.6206896305084229,0.4137931168079376,0.37931033968925476,0.517241358757019,0.7931034564971924,0.4482758641242981,0.7241379022598267,0.37931033968925476,0.4137931168079376,0.4482758641242981,0.5862069129943848,0.4137931168079376,0.5517241358757019,0.7931034564971924,0.4482758641242981,0.7241379022598267,0.5517241358757019,0.7931034564971924,0.7241379022598267,0.37931033968925476,0.4482758641242981,0.7241379022598267,0.4482758641242981,0.517241358757019,0.6551724076271057,0.517241358757019,0.4482758641242981,0.7586206793785095,0.7586206793785095,0.6206896305084229,0.4137931168079376,0.5517241358757019,0.6551724076271057,0.8965517282485962,0.6551724076271057,0.7931034564971924,0.5862069129943848,0.5517241358757019,0.48275861144065857,0.4137931168079376,0.6551724076271057,0.4482758641242981,0.7586206793785095,0.6896551847457886,0.8275862336158752,0.7241379022598267,0.5517241358757019,0.7241379022598267,0.7586206793785095,0.6206896305084229,1.0,0.7241379022598267,0.5862069129943848,0.6206896305084229,0.8620689511299133,0.5862069129943848,0.7586206793785095,1.0,0.9655172228813171,0.8620689511299133,0.8965517282485962,0.03448275849223137,0.1034482792019844,0.0,0.0,0.0,0.1034482792019844,0.03448275849223137,0.8965517282485962,0.8620689511299133,0.9655172228813171,1.0,0.7586206793785095,0.5862069129943848,0.8620689511299133,0.6206896305084229,0.5862069129943848,0.7241379022598267,1.0,0.6206896305084229,0.7586206793785095,0.7241379022598267,0.5517241358757019,0.7241379022598267,0.8275862336158752,0.6896551847457886,0.7586206793785095,0.4482758641242981,0.6551724076271057,0.4137931168079376,0.48275861144065857,0.5517241358757019,0.5862069129943848,0.7931034564971924,0.6551724076271057,0.8965517282485962,0.6551724076271057,0.5517241358757019,0.4137931168079376,0.6206896305084229,0.7586206793785095,0.7586206793785095,0.4482758641242981,0.517241358757019,0.6551724076271057,0.517241358757019,0.4482758641242981,0.7241379022598267,0.4482758641242981,0.37931033968925476,0.7241379022598267,0.7931034564971924,0.5517241358757019,0.7241379022598267,0.4482758641242981,0.7931034564971924,0.5517241358757019,0.4137931168079376,0.5862069129943848,0.4482758641242981,0.4137931168079376,0.37931033968925476,0.7241379022598267,0.4482758641242981,0.7931034564971924,0.517241358757019,0.37931033968925476,0.4137931168079376,0.6206896305084229,0.7586206793785095,0.517241358757019,0.37931033968925476,0.5517241358757019,0.48275861144065857,0.517241358757019,0.7241379022598267,0.4482758641242981,0.4482758641242981,0.6206896305084229,0.48275861144065857,0.24137930572032928,0.48275861144065857,0.3103448152542114,0.48275861144065857,0.6551724076271057,0.3448275923728943,0.517241358757019,0.5517241358757019,0.517241358757019,0.6206896305084229,0.517241358757019,0.7931034564971924,0.48275861144065857,0.3103448152542114,0.48275861144065857,0.6206896305084229,0.5517241358757019,0.5862069129943848,0.48275861144065857,0.7931034564971924,0.6896551847457886,0.4137931168079376,0.6206896305084229,0.517241358757019,0.27586206793785095
0.2777777910232544,0.5370370149612427,0.3888888955116272,0.6666666865348816,0.46296295523643494,0.5185185074806213,0.5185185074806213,0.46296295523643494,0.48148149251937866,0.3888888955116272,0.5185185074806213,0.6666666865348816,0.31481480598449707,0.5925925970077515,0.6111111044883728,0.46296295523643494,0.5740740895271301,0.6111111044883728,0.5185185074806213,0.6481481194496155,0.35185185074806213,0.35185185074806213,0.5925925970077515,0.7407407164573669,0.7037037014961243,0.5,0.6666666865348816,0.6481481194496155,0.5370370149612427,0.6296296119689941,0.6851851940155029,0.46296295523643494,0.6111111044883728,0.5925925970077515,0.6666666865348816,0.5,0.5370370149612427,0.5185185074806213,0.5,0.6851851940155029,0.6851851940155029,0.6111111044883728,0.5,0.6296296119689941,0.37037035822868347,0.5185185074806213,0.6296296119689941,0.5,0.5,0.5,0.40740740299224854,0.5370370149612427,0.5740740895271301,0.5740740895271301,0.6296296119689941,0.6111111044883728,0.37037035822868347,0.7407407164573669,0.5370370149612427,0.6111111044883728,0.5925925970077515,0.48148149251937866,0.5,0.7592592835426331,0.7037037014961243,0.5925925970077515,0.6111111044883728,0.8148148059844971,0.5370370149612427,0.6666666865348816,0.5740740895271301,0.5370370149612427,0.5925925970077515,0.5555555820465088,0.48148149251937866,0.46296295523643494,0.48148149251937866,0.3888888955116272,0.5740740895271301,0.7037037014961243,0.5740740895271301,0.5185185074806213,0.7592592835426331,0.7592592835426331,0.6296296119689941,0.5555555820465088,0.5925925970077515,0.6111111044883728,0.7222222089767456,0.5370370149612427,0.6296296119689941,0.5740740895271301,0.6851851940155029,0.6851851940155029,0.46296295523643494,0.7777777910232544,1.0,0.0555555559694767,0.018518518656492233,0.0,0.0,0.0,0.018518518656492233,0.0555555559694767,1.0,0.7777777910232544,0.46296295523643494,0.6851851940155029,0.6851851940155029,0.5740740895271301,0.6296296119689941,0.5370370149612427,0.7222222089767456,0.6111111044883728,0.5925925970077515,0.5555555820465088,0.6296296119689941,0.7592592835426331,0.7592592835426331,0.5185185074806213,0.5740740895271301,0.7037037014961243,0.5740740895271301,0.3888888955116272,0.48148149251937866,0.46296295523643494,0.48148149251937866,0.5555555820465088,0.5925925970077515,0.5370370149612427,0.5740740895271301,0.6666666865348816,0.5370370149612427,0.8148148059844971,0.6111111044883728,0.5925925970077515,0.7037037014961243,0.7592592835426331,0.5,0.48148149251937866,0.5925925970077515,0.6111111044883728,0.5370370149612427,0.7407407164573669,0.37037035822868347,0.6111111044883728,0.6296296119689941,0.5740740895271301,0.5740740895271301,0.5370370149612427,0.40740740299224854,0.5,0.5,0.5,0.6296296119689941,0.5185185074806213,0.37037035822868347,0.6296296119689941,0.5,0.6111111044883728,0.6851851940155029,0.6851851940155029,0.5,0.5185185074806213,0.5370370149612427,0.5,0.6666666865348816,0.5925925970077515,0.6111111044883728,0.46296295523643494,0.6851851940155029,0.6296296119689941,0.5370370149612427,0.6481481194496155,0.6666666865348816,0.5,0.7037037014961243,0.7407407164573669,0.5925925970077515,0.35185185074806213,0.35185185074806213,0.6481481194496155,0.5185185074806213,0.6111111044883728,0.5740740895271301,0.46296295523643494,0.6111111044883728,0.5925925970077515,0.31481480598449707,0.6666666865348816,0.5185185074806213,0.3888888955116272,0.48148149251937866,0.46296295523643494,0.5185185074806213,0.5185185074806213,0.46296295523643494,0.6666666865348816,0.3888888955116272,0.5370370149612427,0.2777777910232544
0.046875,0.09375,0.0625,0.09375,0.109375,0.125,0.078125,0.078125,0.09375,0.03125,0.109375,0.09375,0.09375,0.046875,0.125,0.109375,0.0625,0.046875,0.078125,0.09375,0.109375,0.046875,0.109375,0.140625,0.078125,0.0625,0.015625,0.109375,0.0625,0.078125,0.09375,0.0625,0.109375,0.046875,0.0625,0.0625,0.078125,0.109375,0.046875,0.078125,0.03125,0.125,0.0625,0.078125,0.09375,0.0625,0.0625,0.109375,0.109375,0.15625,0.15625,0.109375,0.09375,0.046875,0.078125,0.140625,0.078125,0.046875,0.125,0.125,0.1875,0.109375,0.15625,0.078125,0.09375,0.09375,0.15625,0.203125,0.109375,0.140625,0.203125,0.21875,0.234375,0.171875,0.15625,0.21875,0.234375,0.21875,0.21875,0.25,0.234375,0.3125,0.25,0.328125,0.265625,0.359375,0.375,0.328125,0.28125,0.390625,0.546875,0.484375,0.390625,0.46875,0.484375,0.515625,1.0,0.15625,0.203125,0.015625,0.0,0.015625,0.203125,0.15625,1.0,0.515625,0.484375,0.46875,0.390625,0.484375,0.546875,0.390625,0.28125,0.328125,0.375,0.359375,0.265625,0.328125,0.25,0.3125,0.234375,0.25,0.21875,0.21875,0.234375,0.21875,0.15625,0.171875,0.234375,0.21875,0.203125,0.140625,0.109375,0.203125,0.15625,0.09375,0.09375,0.078125,0.15625,0.109375,0.1875,0.125,0.125,0.046875,0.078125,0.140625,0.078125,0.046875,0.09375,0.109375,0.15625,0.15625,0.109375,0.109375,0.0625,0.0625,0.09375,0.078125,0.0625,0.125,0.03125,0.078125,0.046875,0.109375,0.078125,0.0625,0.0625,0.046875,0.109375,0.0625,0.09375,0.078125,0.0625,0.109375,0.015625,0.0625,0.078125,0.140625,0.109375,0.046875,0.109375,0.09375,0.078125,0.046875,0.0625,0.109375,0.125,0.046875,0.09375,0.09375,0.109375,0.03125,0.09375,0.078125,0.078125,0.125,0.109375,0.09375,0.0625,0.09375,0.046875
0.0833333358168602,0.130952388048172,0.1190476194024086,0.1785714328289032,0.1071428582072258,0.1547619104385376,0.130952388048172,0.1785714328289032,0.130952388048172,0.1547619104385376,0.095238097012043,0.130952388048172,0.1666666716337204,0.1071428582072258,0.1071428582072258,0.1071428582072258,0.190476194024086,0.0714285746216774,0.0595238097012043,0.1428571492433548,0.1428571492433548,0.0833333358168602,0.0833333358168602,0.1666666716337204,0.1071428582072258,0.1428571492433548,0.1071428582072258,0.130952388048172,0.095238097012043,0.095238097012043,0.0714285746216774,0.1428571492433548,0.1190476194024086,0.130952388048172,0.0833333358168602,0.130952388048172,0.1190476194024086,0.1547619104385376,0.1547619104385376,0.095238097012043,0.1547619104385376,0.1428571492433548,0.1428571492433548,0.130952388048172,0.1666666716337204,0.095238097012043,0.1190476194024086,0.130952388048172,0.2142857164144516,0.1666666716337204,0.095238097012043,0.130952388048172,0.0833333358168602,0.190476194024086,0.1190476194024086,0.1666666716337204,0.1071428582072258,0.2261904776096344,0.2023809552192688,0.095238097012043,0.1190476194024086,0.1547619104385376,0.095238097012043,0.1666666716337204,0.190476194024086,0.2023809552192688,0.2142857164144516,0.2380952388048172,0.190476194024086,0.1666666716337204,0.3452380895614624,0.2142857164144516,0.2142857164144516,0.1428571492433548,0.3452380895614624,0.2380952388048172,0.3452380895614624,0.2380952388048172,0.261904776096344,0.3571428656578064,0.4285714328289032,0.369047611951828,0.3571428656578064,0.3571428656578064,0.4166666567325592,0.3095238208770752,0.3928571343421936,0.261904776096344,0.5,0.5357142686843872,0.6666666865348816,0.4642857015132904,0.4761904776096344,0.7023809552192688,0.4285714328289032,1.0,0.726190447807312,0.130952388048172,0.1428571492433548,0.0,0.0,0.0,0.1428571492433548,0.130952388048172,0.726190447807312,1.0,0.4285714328289032,0.7023809552192688,0.4761904776096344,0.4642857015132904,0.6666666865348816,0.5357142686843872,0.5,0.261904776096344,0.3928571343421936,0.3095238208770752,0.4166666567325592,0.3571428656578064,0.3571428656578064,0.369047611951828,0.4285714328289032,0.3571428656578064,0.261904776096344,0.2380952388048172,0.3452380895614624,0.2380952388048172,0.3452380895614624,0.1428571492433548,0.2142857164144516,0.2142857164144516,0.3452380895614624,0.1666666716337204,0.190476194024086,0.2380952388048172,0.2142857164144516,0.2023809552192688,0.190476194024086,0.1666666716337204,0.095238097012043,0.1547619104385376,0.1190476194024086,0.095238097012043,0.2023809552192688,0.2261904776096344,0.1071428582072258,0.1666666716337204,0.1190476194024086,0.190476194024086,0.0833333358168602,0.130952388048172,0.095238097012043,0.1666666716337204,0.2142857164144516,0.130952388048172,0.1190476194024086,0.095238097012043,0.1666666716337204,0.130952388048172,0.1428571492433548,0.1428571492433548,0.1547619104385376,0.095238097012043,0.1547619104385376,0.1547619104385376,0.1190476194024086,0.130952388048172,0.0833333358168602,0.130952388048172,0.1190476194024086,0.1428571492433548,0.0714285746216774,0.095238097012043,0.095238097012043,0.130952388048172,0.1071428582072258,0.1428571492433548,0.1071428582072258,0.1666666716337204,0.0833333358168602,0.0833333358168602,0.1428571492433548,0.1428571492433548,0.0595238097012043,0.0714285746216774,0.190476194024086,0.1071428582072258,0.1071428582072258,0.1071428582072258,0.1666666716337204,0.130952388048172,0.095238097012043,0.1547619104385376,0.130952388048172,0.1785714328289032,0.130952388048172,0.1547619104385376,0.1071428582072258,0.1785714328289032,0.1190476194024086,0.130952388048172,0.0833333358168602
0.1666666716337204,0.6666666865348816,0.6111111044883728,0.6388888955116272,0.7222222089767456,0.5555555820465088,0.5833333134651184,0.4166666567325592,0.4444444477558136,0.5555555820465088,0.6944444179534912,0.4722222089767456,0.3611111044883728,0.5277777910232544,0.5277777910232544,0.6666666865348816,0.4166666567325592,0.5,0.6111111044883728,0.5,0.8333333134651184,0.6388888955116272,0.3611111044883728,0.8055555820465088,0.5,0.6111111044883728,0.5,0.3611111044883728,0.5,0.8055555820465088,0.5277777910232544,0.5277777910232544,0.5,0.4166666567325592,0.5833333134651184,0.5555555820465088,0.5833333134651184,0.5,0.5833333134651184,0.3611111044883728,0.5277777910232544,0.5,0.4444444477558136,0.3888888955116272,0.4722222089767456,0.5833333134651184,0.5,0.6388888955116272,0.4444444477558136,0.4722222089767456,0.7222222089767456,0.5,0.5277777910232544,0.6944444179534912,0.5277777910232544,0.5555555820465088,0.5833333134651184,0.75,0.7222222089767456,0.5277777910232544,0.7222222089767456,0.5833333134651184,0.3888888955116272,0.6111111044883728,0.8055555820465088,0.75,0.6666666865348816,0.6388888955116272,0.6944444179534912,0.5277777910232544,0.5,0.6388888955116272,0.6388888955116272,0.4166666567325592,0.6666666865348816,0.6666666865348816,0.6388888955116272,0.5,0.6388888955116272,0.9166666865348816,0.7222222089767456,0.5277777910232544,0.6666666865348816,0.5277777910232544,0.5277777910232544,0.8888888955116272,0.6388888955116272,1.0,0.6944444179534912,0.6388888955116272,0.7222222089767456,1.0,0.6388888955116272,0.8055555820465088,0.7777777910232544,0.9722222089767456,0.9444444179534912,0.0555555559694767,0.0555555559694767,0.0,0.0,0.0,0.0555555559694767,0.0555555559694767,0.9444444179534912,0.9722222089767456,0.7777777910232544,0.8055555820465088,0.6388888955116272,1.0,0.7222222089767456,0.6388888955116272,0.6944444179534912,1.0,0.6388888955116272,0.8888888955116272,0.5277777910232544,0.5277777910232544,0.6666666865348816,0.5277777910232544,0.7222222089767456,0.9166666865348816,0.6388888955116272,0.5,0.6388888955116272,0.6666666865348816,0.6666666865348816,0.4166666567325592,0.6388888955116272,0.6388888955116272,0.5,0.5277777910232544,0.6944444179534912,0.6388888955116272,0.6666666865348816,0.75,0.8055555820465088,0.6111111044883728,0.3888888955116272,0.5833333134651184,0.7222222089767456,0.5277777910232544,0.7222222089767456,0.75,0.5833333134651184,0.5555555820465088,0.5277777910232544,0.6944444179534912,0.5277777910232544,0.5,0.7222222089767456,0.4722222089767456,0.4444444477558136,0.6388888955116272,0.5,0.5833333134651184,0.4722222089767456,0.3888888955116272,0.4444444477558136,0.5,0.5277777910232544,0.3611111044883728,0.5833333134651184,0.5,0.5833333134651184,0.5555555820465088,0.5833333134651184,0.4166666567325592,0.5,0.5277777910232544,0.5277777910232544,0.8055555820465088,0.5,0.3611111044883728,0.5,0.6111111044883728,0.5,0.8055555820465088,0.3611111044883728,0.6388888955116272,0.8333333134651184,0.5,0.6111111044883728,0.5,0.4166666567325592,0.6666666865348816,0.5277777910232544,0.5277777910232544,0.3611111044883728,0.4722222089767456,0.6944444179534912,0.5555555820465088,0.4444444477558136,0.4166666567325592,0.5833333134651184,0.5555555820465088,0.7222222089767456,0.6388888955116272,0.6111111044883728,0.6666666865348816,0.1666666716337204
0.24074074625968933,0.40740740299224854,0.5370370149612427,0.4444444477558136,0.4444444477558136,0.3333333432674408,0.35185185074806213,0.7407407164573669,0.6851851940155029,0.3333333432674408,0.5,0.5370370149612427,0.4444444477558136,0.6111111044883728,0.42592594027519226,0.2777777910232544,0.5370370149612427,0.5740740895271301,0.5740740895271301,0.5370370149612427,0.42592594027519226,0.5740740895271301,0.5740740895271301,0.5925925970077515,0.6296296119689941,0.5555555820465088,0.46296295523643494,0.42592594027519226,0.5925925970077515,0.4444444477558136,0.6481481194496155,0.5370370149612427,0.48148149251937866,0.5740740895271301,0.2777777910232544,0.6666666865348816,0.5370370149612427,0.5185185074806213,0.5925925970077515,0.5925925970077515,0.5925925970077515,0.40740740299224854,0.5555555820465088,0.42592594027519226,0.40740740299224854,0.3333333432674408,0.6666666865348816,0.4444444477558136,0.40740740299224854,0.5,0.6111111044883728,0.6296296119689941,0.7222222089767456,0.5555555820465088,0.5370370149612427,0.48148149251937866,0.3888888955116272,0.5,0.7222222089767456,0.5185185074806213,0.42592594027519226,0.3333333432674408,0.6481481194496155,0.6296296119689941,0.5555555820465088,0.40740740299224854,0.48148149251937866,0.5185185074806213,0.8518518805503845,0.7037037014961243,0.5555555820465088,0.5555555820465088,0.6481481194496155,0.42592594027519226,0.7037037014961243,0.5925925970077515,0.5925925970077515,0.6666666865348816,0.6296296119689941,0.4444444477558136,0.6111111044883728,0.7222222089767456,0.7037037014961243,0.5925925970077515,0.7037037014961243,0.5185185074806213,0.7407407164573669,0.5740740895271301,0.5555555820465088,0.5925925970077515,0.7777777910232544,0.6111111044883728,0.5185185074806213,0.6851851940155029,1.0,0.8518518805503845,0.8703703880310059,0.03703703731298447,0.018518518656492233,0.0,0.0,0.0,0.018518518656492233,0.03703703731298447,0.8703703880310059,0.8518518805503845,1.0,0.6851851940155029,0.5185185074806213,0.6111111044883728,0.7777777910232544,0.5925925970077515,0.5555555820465088,0.5740740895271301,0.7407407164573669,0.5185185074806213,0.7037037014961243,0.5925925970077515,0.7037037014961243,0.7222222089767456,0.6111111044883728,0.4444444477558136,0.6296296119689941,0.6666666865348816,0.5925925970077515,0.5925925970077515,0.7037037014961243,0.42592594027519226,0.6481481194496155,0.5555555820465088,0.5555555820465088,0.7037037014961243,0.8518518805503845,0.5185185074806213,0.48148149251937866,0.40740740299224854,0.5555555820465088,0.6296296119689941,0.6481481194496155,0.3333333432674408,0.42592594027519226,0.5185185074806213,0.7222222089767456,0.5,0.3888888955116272,0.48148149251937866,0.5370370149612427,0.5555555820465088,0.7222222089767456,0.6296296119689941,0.6111111044883728,0.5,0.40740740299224854,0.4444444477558136,0.6666666865348816,0.3333333432674408,0.40740740299224854,0.42592594027519226,0.5555555820465088,0.40740740299224854,0.5925925970077515,0.5925925970077515,0.5925925970077515,0.5185185074806213,0.5370370149612427,0.6666666865348816,0.2777777910232544,0.5740740895271301,0.48148149251937866,0.5370370149612427,0.6481481194496155,0.4444444477558136,0.5925925970077515,0.42592594027519226,0.46296295523643494,0.5555555820465088,0.6296296119689941,0.5925925970077515,0.5740740895271301,0.5740740895271301,0.42592594027519226,0.5370370149612427,0.5740740895271301,0.5740740895271301,0.5370370149612427,0.2777777910232544,0.42592594027519226,0.6111111044883728,0.4444444477558136,0.5370370149612427,0.5,0.3333333432674408,0.6851851940155029,0.7407407164573669,0.35185185074806213,0.3333333432674408,0.4444444477558136,0.4444444477558136,0.5370370149612427,0.40740740299224854,0.24074074625968933
0.38317757844924927,0.822429895401001,0.7757009267807007,0.663551390171051,0.6261682510375977,0.672897219657898,0.7289719581604004,0.6074766516685486,0.6355140209197998,0.6074766516685486,0.5046728849411011,0.6355140209197998,0.6542056202888489,0.5981308221817017,0.5233644843101501,0.7009345889091492,0.5981308221817017,0.6074766516685486,0.5981308221817017,0.5794392228126526,0.7196261882781982,0.7570093274116516,0.7570093274116516,0.6261682510375977,0.6074766516685486,0.7570093274116516,0.7102803587913513,0.6915887594223022,0.6915887594223022,0.5981308221817017,0.7943925261497498,0.5607476830482483,0.6168224215507507,0.5607476830482483,0.5700934529304504,0.5700934529304504,0.644859790802002,0.7009345889091492,0.6915887594223022,0.6542056202888489,0.7757009267807007,0.5327102541923523,0.6542056202888489,0.5887850522994995,0.6261682510375977,0.6542056202888489,0.6355140209197998,0.6074766516685486,0.6074766516685486,0.5607476830482483,0.6261682510375977,0.6074766516685486,0.8130841255187988,0.7196261882781982,0.6915887594223022,0.6261682510375977,0.7570093274116516,0.7570093274116516,0.6822429895401001,0.5887850522994995,0.5327102541923523,0.6074766516685486,0.5700934529304504,0.7196261882781982,0.6074766516685486,0.663551390171051,0.6261682510375977,0.514018714427948,0.7196261882781982,0.6915887594223022,0.672897219657898,0.5794392228126526,0.6261682510375977,0.7570093274116516,0.7476635575294495,0.6822429895401001,0.7196261882781982,0.7289719581604004,0.8130841255187988,0.7289719581604004,0.6355140209197998,0.7383177280426025,0.7757009267807007,0.7476635575294495,0.7009345889091492,0.7476635575294495,0.7289719581604004,0.7196261882781982,1.0,0.7663551568984985,0.822429895401001,0.8037382960319519,0.9532710313796997,0.822429895401001,0.9252336621284485,0.9252336621284485,0.9252336621284485,0.05607476457953453,0.1214953288435936,0.0,0.0,0.0,0.1214953288435936,0.05607476457953453,0.9252336621284485,0.9252336621284485,0.9252336621284485,0.822429895401001,0.9532710313796997,0.8037382960319519,0.822429895401001,0.7663551568984985,1.0,0.7196261882781982,0.7289719581604004,0.7476635575294495,0.7009345889091492,0.7476635575294495,0.7757009267807007,0.7383177280426025,0.6355140209197998,0.7289719581604004,0.8130841255187988,0.7289719581604004,0.7196261882781982,0.6822429895401001,0.7476635575294495,0.7570093274116516,0.6261682510375977,0.5794392228126526,0.672897219657898,0.6915887594223022,0.7196261882781982,0.514018714427948,0.6261682510375977,0.663551390171051,0.6074766516685486,0.7196261882781982,0.5700934529304504,0.6074766516685486,0.5327102541923523,0.5887850522994995,0.6822429895401001,0.7570093274116516,0.7570093274116516,0.6261682510375977,0.6915887594223022,0.7196261882781982,0.8130841255187988,0.6074766516685486,0.6261682510375977,0.5607476830482483,0.6074766516685486,0.6074766516685486,0.6355140209197998,0.6542056202888489,0.6261682510375977,0.5887850522994995,0.6542056202888489,0.5327102541923523,0.7757009267807007,0.6542056202888489,0.6915887594223022,0.7009345889091492,0.644859790802002,0.5700934529304504,0.5700934529304504,0.5607476830482483,0.6168224215507507,0.5607476830482483,0.7943925261497498,0.5981308221817017,0.6915887594223022,0.6915887594223022,0.7102803587913513,0.7570093274116516,0.6074766516685486,0.6261682510375977,0.7570093274116516,0.7570093274116516,0.7196261882781982,0.5794392228126526,0.5981308221817017,0.6074766516685486,0.5981308221817017,0.7009345889091492,0.5233644843101501,0.5981308221817017,0.6542056202888489,0.6355140209197998,0.5046728849411011,0.6074766516685486,0.6355140209197998,0.6074766516685486,0.7289719581604004,0.672897219657898,0.6261682510375977,0.663551390171051,0.7757009267807007,0.822429895401001,0.38317757844924927
0.18367347121238708,0.4285714328289032,0.30612245202064514,0.40816327929496765,0.26530611515045166,0.4285714328289032,0.3469387888908386,0.3877550959587097,0.2857142984867096,0.36734694242477417,0.40816327929496765,0.6122449040412903,0.3265306055545807,0.40816327929496765,0.3265306055545807,0.2448979616165161,0.30612245202064514,0.3265306055545807,0.40816327929496765,0.3469387888908386,0.2857142984867096,0.40816327929496765,0.3877550959587097,0.30612245202064514,0.4285714328289032,0.40816327929496765,0.22448979318141937,0.20408163964748383,0.26530611515045166,0.4285714328289032,0.30612245202064514,0.40816327929496765,0.36734694242477417,0.4285714328289032,0.4285714328289032,0.3469387888908386,0.4897959232330322,0.3469387888908386,0.20408163964748383,0.5102040767669678,0.4897959232330322,0.3877550959587097,0.36734694242477417,0.3877550959587097,0.36734694242477417,0.22448979318141937,0.4693877696990967,0.44897958636283875,0.3469387888908386,0.5102040767669678,0.3469387888908386,0.2857142984867096,0.5510203838348389,0.30612245202064514,0.36734694242477417,0.4693877696990967,0.3877550959587097,0.3877550959587097,0.36734694242477417,0.5306122303009033,0.3265306055545807,0.36734694242477417,0.40816327929496765,0.3877550959587097,0.40816327929496765,0.4285714328289032,0.2857142984867096,0.3877550959587097,0.3469387888908386,0.5510203838348389,0.5102040767669678,0.4897959232330322,0.4897959232330322,0.4897959232330322,0.4693877696990967,0.6122449040412903,0.7755101919174194,0.5714285969734192,0.5714285969734192,0.5306122303009033,0.5510203838348389,0.5510203838348389,0.5510203838348389,0.6326530575752258,0.4693877696990967,0.6326530575752258,0.8163265585899353,0.7755101919174194,0.8571428656578064,0.6938775777816772,0.7551020383834839,0.5510203838348389,0.6938775777816772,0.795918345451355,0.5714285969734192,1.0,0.7142857313156128,0.26530611515045166,0.12244898080825806,0.0,0.0,0.0,0.12244898080825806,0.26530611515045166,0.7142857313156128,1.0,0.5714285969734192,0.795918345451355,0.6938775777816772,0.5510203838348389,0.7551020383834839,0.6938775777816772,0.8571428656578064,0.7755101919174194,0.8163265585899353,0.6326530575752258,0.4693877696990967,0.6326530575752258,0.5510203838348389,0.5510203838348389,0.5510203838348389,0.5306122303009033,0.5714285969734192,0.5714285969734192,0.7755101919174194,0.6122449040412903,0.4693877696990967,0.4897959232330322,0.4897959232330322,0.4897959232330322,0.5102040767669678,0.5510203838348389,0.3469387888908386,0.3877550959587097,0.2857142984867096,0.4285714328289032,0.40816327929496765,0.3877550959587097,0.40816327929496765,0.36734694242477417,0.3265306055545807,0.5306122303009033,0.36734694242477417,0.3877550959587097,0.3877550959587097,0.4693877696990967,0.36734694242477417,0.30612245202064514,0.5510203838348389,0.2857142984867096,0.3469387888908386,0.5102040767669678,0.3469387888908386,0.44897958636283875,0.4693877696990967,0.22448979318141937,0.36734694242477417,0.3877550959587097,0.36734694242477417,0.3877550959587097,0.4897959232330322,0.5102040767669678,0.20408163964748383,0.3469387888908386,0.4897959232330322,0.3469387888908386,0.4285714328289032,0.4285714328289032,0.36734694242477417,0.40816327929496765,0.30612245202064514,0.4285714328289032,0.26530611515045166,0.20408163964748383,0.22448979318141937,0.40816327929496765,0.4285714328289032,0.30612245202064514,0.3877550959587097,0.40816327929496765,0.2857142984867096,0.3469387888908386,0.40816327929496765,0.3265306055545807,0.30612245202064514,0.2448979616165161,0.3265306055545807,0.40816327929496765,0.3265306055545807,0.6122449040412903,0.40816327929496765,0.36734694242477417,0.2857142984867096,0.3877550959587097,0.3469387888908386,0.4285714328289032,0.26530611515045166,0.40816327929496765,0.30612245202064514,0.4285714328289032,0.18367347121238708
0.09302325546741486,0.5348837375640869,0.39534884691238403,0.3720930218696594,0.302325576543808,0.20930232107639313,0.4651162922382355,0.3255814015865326,0.27906978130340576,0.27906978130340576,0.27906978130340576,0.3488371968269348,0.3255814015865326,0.4651162922382355,0.3720930218696594,0.302325576543808,0.23255814611911774,0.44186046719551086,0.3720930218696594,0.3720930218696594,0.4651162922382355,0.4651162922382355,0.39534884691238403,0.302325576543808,0.4883720874786377,0.41860464215278625,0.27906978130340576,0.41860464215278625,0.3720930218696594,0.23255814611911774,0.25581395626068115,0.39534884691238403,0.302325576543808,0.302325576543808,0.27906978130340576,0.3488371968269348,0.39534884691238403,0.20930232107639313,0.3488371968269348,0.3488371968269348,0.27906978130340576,0.25581395626068115,0.27906978130340576,0.3720930218696594,0.25581395626068115,0.3720930218696594,0.3488371968269348,0.3255814015865326,0.4651162922382355,0.3255814015865326,0.44186046719551086,0.3488371968269348,0.5581395626068115,0.4883720874786377,0.3720930218696594,0.3255814015865326,0.3255814015865326,0.302325576543808,0.5348837375640869,0.27906978130340576,0.3255814015865326,0.4883720874786377,0.3720930218696594,0.25581395626068115,0.302325576543808,0.4651162922382355,0.23255814611911774,0.23255814611911774,0.4883720874786377,0.5116279125213623,0.41860464215278625,0.3720930218696594,0.23255814611911774,0.3255814015865326,0.25581395626068115,0.3255814015865326,0.5813953280448914,0.3720930218696594,0.5348837375640869,0.39534884691238403,0.39534884691238403,0.5116279125213623,0.4883720874786377,0.4651162922382355,0.6279069781303406,0.5581395626068115,0.4651162922382355,0.5581395626068115,0.5813953280448914,0.7674418687820435,0.4883720874786377,0.5581395626068115,0.5348837375640869,0.6511628031730652,0.3488371968269348,0.6279069781303406,1.0,0.023255813866853714,0.023255813866853714,0.0,0.0,0.0,0.023255813866853714,0.023255813866853714,1.0,0.6279069781303406,0.3488371968269348,0.6511628031730652,0.5348837375640869,0.5581395626068115,0.4883720874786377,0.7674418687820435,0.5813953280448914,0.5581395626068115,0.4651162922382355,0.5581395626068115,0.6279069781303406,0.4651162922382355,0.4883720874786377,0.5116279125213623,0.39534884691238403,0.39534884691238403,0.5348837375640869,0.3720930218696594,0.5813953280448914,0.3255814015865326,0.25581395626068115,0.3255814015865326,0.23255814611911774,0.3720930218696594,0.41860464215278625,0.5116279125213623,0.4883720874786377,0.23255814611911774,0.23255814611911774,0.4651162922382355,0.302325576543808,0.25581395626068115,0.3720930218696594,0.4883720874786377,0.3255814015865326,0.27906978130340576,0.5348837375640869,0.302325576543808,0.3255814015865326,0.3255814015865326,0.3720930218696594,0.4883720874786377,0.5581395626068115,0.3488371968269348,0.44186046719551086,0.3255814015865326,0.4651162922382355,0.3255814015865326,0.3488371968269348,0.3720930218696594,0.25581395626068115,0.3720930218696594,0.27906978130340576,0.25581395626068115,0.27906978130340576,0.3488371968269348,0.3488371968269348,0.20930232107639313,0.39534884691238403,0.3488371968269348,0.27906978130340576,0.302325576543808,0.302325576543808,0.39534884691238403,0.25581395626068115,0.23255814611911774,0.3720930218696594,0.41860464215278625,0.27906978130340576,0.41860464215278625,0.4883720874786377,0.302325576543808,0.39534884691238403,0.4651162922382355,0.4651162922382355,0.3720930218696594,0.3720930218696594,0.44186046719551086,0.23255814611911774,0.302325576543808,0.3720930218696594,0.4651162922382355,0.3255814015865326,0.3488371968269348,0.27906978130340576,0.27906978130340576,0.27906978130340576,0.3255814015865326,0.4651162922382355,0.20930232107639313,0.302325576543808,0.3720930218696594,0.39534884691238403,0.5348837375640869,0.09302325546741486
0.2800000011920929,0.41999998688697815,0.4399999976158142,0.3400000035762787,0.36000001430511475,0.3199999928474426,0.41999998688697815,0.36000001430511475,0.4000000059604645,0.46000000834465027,0.30000001192092896,0.2199999988079071,0.4000000059604645,0.3400000035762787,0.36000001430511475,0.4000000059604645,0.3199999928474426,0.20000000298023224,0.20000000298023224,0.5,0.4399999976158142,0.30000001192092896,0.4399999976158142,0.23999999463558197,0.46000000834465027,0.4000000059604645,0.25999999046325684,0.3400000035762787,0.36000001430511475,0.36000001430511475,0.46000000834465027,0.20000000298023224,0.3799999952316284,0.41999998688697815,0.2800000011920929,0.3400000035762787,0.4399999976158142,0.25999999046325684,0.36000001430511475,0.2800000011920929,0.4000000059604645,0.41999998688697815,0.36000001430511475,0.4000000059604645,0.47999998927116394,0.3799999952316284,0.41999998688697815,0.5,0.36000001430511475,0.3400000035762787,0.30000001192092896,0.36000001430511475,0.4399999976158142,0.2800000011920929,0.4399999976158142,0.36000001430511475,0.36000001430511475,0.5199999809265137,0.23999999463558197,0.5799999833106995,0.2199999988079071,0.36000001430511475,0.2800000011920929,0.5799999833106995,0.47999998927116394,0.47999998927116394,0.4000000059604645,0.25999999046325684,0.46000000834465027,0.5199999809265137,0.3799999952316284,0.47999998927116394,0.5,0.46000000834465027,0.46000000834465027,0.5199999809265137,0.5600000023841858,0.3199999928474426,0.5600000023841858,0.3799999952316284,0.6800000071525574,0.41999998688697815,0.5600000023841858,0.6399999856948853,0.41999998688697815,0.6600000262260437,0.6399999856948853,0.699999988079071,0.8600000143051147,0.6200000047683716,0.8399999737739563,0.8199999928474426,0.7799999713897705,0.6000000238418579,0.699999988079071,0.800000011920929,1.0,0.14000000059604645,0.05999999865889549,0.019999999552965164,0.0,0.019999999552965164,0.05999999865889549,0.14000000059604645,1.0,0.800000011920929,0.699999988079071,0.6000000238418579,0.7799999713897705,0.8199999928474426,0.8399999737739563,0.6200000047683716,0.8600000143051147,0.699999988079071,0.6399999856948853,0.6600000262260437,0.41999998688697815,0.6399999856948853,0.5600000023841858,0.41999998688697815,0.6800000071525574,0.3799999952316284,0.5600000023841858,0.3199999928474426,0.5600000023841858,0.5199999809265137,0.46000000834465027,0.46000000834465027,0.5,0.47999998927116394,0.3799999952316284,0.5199999809265137,0.46000000834465027,0.25999999046325684,0.4000000059604645,0.47999998927116394,0.47999998927116394,0.5799999833106995,0.2800000011920929,0.36000001430511475,0.2199999988079071,0.5799999833106995,0.23999999463558197,0.5199999809265137,0.36000001430511475,0.36000001430511475,0.4399999976158142,0.2800000011920929,0.4399999976158142,0.36000001430511475,0.30000001192092896,0.3400000035762787,0.36000001430511475,0.5,0.41999998688697815,0.3799999952316284,0.47999998927116394,0.4000000059604645,0.36000001430511475,0.41999998688697815,0.4000000059604645,0.2800000011920929,0.36000001430511475,0.25999999046325684,0.4399999976158142,0.3400000035762787,0.2800000011920929,0.41999998688697815,0.3799999952316284,0.20000000298023224,0.46000000834465027,0.36000001430511475,0.36000001430511475,0.3400000035762787,0.25999999046325684,0.4000000059604645,0.46000000834465027,0.23999999463558197,0.4399999976158142,0.30000001192092896,0.4399999976158142,0.5,0.20000000298023224,0.20000000298023224,0.3199999928474426,0.4000000059604645,0.36000001430511475,0.3400000035762787,0.4000000059604645,0.2199999988079071,0.30000001192092896,0.46000000834465027,0.4000000059604645,0.36000001430511475,0.41999998688697815,0.3199999928474426,0.36000001430511475,0.3400000035762787,0.4399999976158142,0.41999998688697815,0.2800000011920929
0.4000000059604645,0.699999988079071,0.7699999809265137,0.75,0.6800000071525574,0.6100000143051147,0.75,0.6700000166893005,0.6800000071525574,0.5899999737739563,0.8299999833106995,0.8199999928474426,0.6899999976158142,0.7400000095367432,0.550000011920929,0.5400000214576721,0.550000011920929,0.5400000214576721,0.6399999856948853,0.7300000190734863,0.6800000071525574,0.6899999976158142,0.550000011920929,0.5400000214576721,0.6499999761581421,0.6399999856948853,0.6800000071525574,0.8799999952316284,0.8399999737739563,0.7599999904632568,0.699999988079071,0.550000011920929,0.5400000214576721,0.6600000262260437,0.3799999952316284,0.5299999713897705,0.3799999952316284,0.6000000238418579,0.6700000166893005,0.7300000190734863,0.7300000190734863,0.7599999904632568,0.800000011920929,0.6899999976158142,0.6399999856948853,0.800000011920929,0.7799999713897705,0.6000000238418579,0.6899999976158142,0.6399999856948853,0.699999988079071,0.5799999833106995,0.6200000047683716,0.36000001430511475,0.6000000238418579,0.5899999737739563,0.6600000262260437,0.5299999713897705,0.5799999833106995,0.8100000023841858,0.7300000190734863,0.6600000262260437,0.7099999785423279,1.0,0.8700000047683716,0.949999988079071,0.6200000047683716,0.6800000071525574,0.7200000286102295,0.6600000262260437,0.5699999928474426,0.6200000047683716,0.699999988079071,0.7699999809265137,0.6200000047683716,0.6700000166893005,0.6200000047683716,0.6000000238418579,0.7300000190734863,0.800000011920929,0.7699999809265137,0.9599999785423279,0.9700000286102295,0.8600000143051147,0.7099999785423279,0.47999998927116394,0.49000000953674316,0.5799999833106995,0.5199999809265137,0.5299999713897705,0.550000011920929,0.6600000262260437,0.6200000047683716,0.6399999856948853,0.6100000143051147,0.8899999856948853,0.9399999976158142,0.14000000059604645,0.14000000059604645,0.009999999776482582,0.0,0.009999999776482582,0.14000000059604645,0.14000000059604645,0.9399999976158142,0.8899999856948853,0.6100000143051147,0.6399999856948853,0.6200000047683716,0.6600000262260437,0.550000011920929,0.5299999713897705,0.5199999809265137,0.5799999833106995,0.49000000953674316,0.47999998927116394,0.7099999785423279,0.8600000143051147,0.9700000286102295,0.9599999785423279,0.7699999809265137,0.800000011920929,0.7300000190734863,0.6000000238418579,0.6200000047683716,0.6700000166893005,0.6200000047683716,0.7699999809265137,0.699999988079071,0.6200000047683716,0.5699999928474426,0.6600000262260437,0.7200000286102295,0.6800000071525574,0.6200000047683716,0.949999988079071,0.8700000047683716,1.0,0.7099999785423279,0.6600000262260437,0.7300000190734863,0.8100000023841858,0.5799999833106995,0.5299999713897705,0.6600000262260437,0.5899999737739563,0.6000000238418579,0.36000001430511475,0.6200000047683716,0.5799999833106995,0.699999988079071,0.6399999856948853,0.6899999976158142,0.6000000238418579,0.7799999713897705,0.800000011920929,0.6399999856948853,0.6899999976158142,0.800000011920929,0.7599999904632568,0.7300000190734863,0.7300000190734863,0.6700000166893005,0.6000000238418579,0.3799999952316284,0.5299999713897705,0.3799999952316284,0.6600000262260437,0.5400000214576721,0.550000011920929,0.699999988079071,0.7599999904632568,0.8399999737739563,0.8799999952316284,0.6800000071525574,0.6399999856948853,0.6499999761581421,0.5400000214576721,0.550000011920929,0.6899999976158142,0.6800000071525574,0.7300000190734863,0.6399999856948853,0.5400000214576721,0.550000011920929,0.5400000214576721,0.550000011920929,0.7400000095367432,0.6899999976158142,0.8199999928474426,0.8299999833106995,0.5899999737739563,0.6800000071525574,0.6700000166893005,0.75,0.6100000143051147,0.6800000071525574,0.75,0.7699999809265137,0.699999988079071,0.4000000059604645
0.3602941036224365,0.8088235259056091,0.8676470518112183,0.8161764740943909,0.8602941036224365,0.75,0.8529411554336548,0.8970588445663452,0.720588207244873,0.8308823704719543,0.6691176295280457,0.8602941036224365,0.6102941036224365,0.7720588445663452,0.7279411554336548,0.7352941036224365,0.8088235259056091,0.720588207244873,0.6838235259056091,0.6911764740943909,0.7941176295280457,1.0,0.7941176295280457,0.8161764740943909,0.7426470518112183,0.8602941036224365,0.75,0.7279411554336548,0.7573529481887817,0.6029411554336548,0.8529411554336548,0.6470588445663452,0.5882353186607361,0.8235294222831726,0.720588207244873,0.8235294222831726,0.7426470518112183,0.6617646813392639,0.875,0.7279411554336548,0.875,0.75,0.8970588445663452,0.9264705777168274,0.7941176295280457,0.9411764740943909,0.6397058963775635,0.779411792755127,0.8088235259056091,0.8970588445663452,0.8088235259056091,0.8676470518112183,0.845588207244873,0.6985294222831726,0.8529411554336548,0.7279411554336548,0.7426470518112183,0.6323529481887817,0.6323529481887817,0.7573529481887817,0.6764705777168274,0.8382353186607361,0.6470588445663452,0.5661764740943909,0.5367646813392639,0.720588207244873,0.5588235259056091,0.49264705181121826,0.6176470518112183,0.6102941036224365,0.4264705777168274,0.49264705181121826,0.4852941036224365,0.5735294222831726,0.40441176295280457,0.5073529481887817,0.44117647409439087,0.5661764740943909,0.5882353186607361,0.654411792755127,0.5514705777168274,0.5661764740943909,0.5808823704719543,0.5735294222831726,0.625,0.5220588445663452,0.625,0.5735294222831726,0.7573529481887817,0.5588235259056091,0.6029411554336548,0.5220588445663452,0.6176470518112183,0.6102941036224365,0.654411792755127,0.6691176295280457,0.49264705181121826,0.022058824077248573,0.029411764815449715,0.0,0.0,0.0,0.029411764815449715,0.022058824077248573,0.49264705181121826,0.6691176295280457,0.654411792755127,0.6102941036224365,0.6176470518112183,0.5220588445663452,0.6029411554336548,0.5588235259056091,0.7573529481887817,0.5735294222831726,0.625,0.5220588445663452,0.625,0.5735294222831726,0.5808823704719543,0.5661764740943909,0.5514705777168274,0.654411792755127,0.5882353186607361,0.5661764740943909,0.44117647409439087,0.5073529481887817,0.40441176295280457,0.5735294222831726,0.4852941036224365,0.49264705181121826,0.4264705777168274,0.6102941036224365,0.6176470518112183,0.49264705181121826,0.5588235259056091,0.720588207244873,0.5367646813392639,0.5661764740943909,0.6470588445663452,0.8382353186607361,0.6764705777168274,0.7573529481887817,0.6323529481887817,0.6323529481887817,0.7426470518112183,0.7279411554336548,0.8529411554336548,0.6985294222831726,0.845588207244873,0.8676470518112183,0.8088235259056091,0.8970588445663452,0.8088235259056091,0.779411792755127,0.6397058963775635,0.9411764740943909,0.7941176295280457,0.9264705777168274,0.8970588445663452,0.75,0.875,0.7279411554336548,0.875,0.6617646813392639,0.7426470518112183,0.8235294222831726,0.720588207244873,0.8235294222831726,0.5882353186607361,0.6470588445663452,0.8529411554336548,0.6029411554336548,0.7573529481887817,0.7279411554336548,0.75,0.8602941036224365,0.7426470518112183,0.8161764740943909,0.7941176295280457,1.0,0.7941176295280457,0.6911764740943909,0.6838235259056091,0.720588207244873,0.8088235259056091,0.7352941036224365,0.7279411554336548,0.7720588445663452,0.6102941036224365,0.8602941036224365,0.6691176295280457,0.8308823704719543,0.720588207244873,0.8970588445663452,0.8529411554336548,0.75,0.8602941036224365,0.8161764740943909,0.8676470518112183,0.8088235259056091,0.3602941036224365
0.3777777850627899,0.8399999737739563,0.7155555486679077,0.7333333492279053,0.644444465637207,0.6977777481079102,0.8177777528762817,0.7599999904632568,0.6622222065925598,0.8799999952316284,0.7022222280502319,0.746666669845581,0.6977777481079102,0.7644444704055786,0.6888889074325562,0.6933333277702332,0.6977777481079102,0.8222222328186035,0.8177777528762817,0.7244444489479065,0.742222249507904,0.7688888907432556,0.5866666436195374,0.7955555319786072,0.7777777910232544,0.7555555701255798,0.7200000286102295,0.800000011920929,0.8266666531562805,0.800000011920929,0.7911111116409302,0.7866666913032532,0.8177777528762817,0.7333333492279053,0.6399999856948853,0.6177777647972107,0.7777777910232544,0.804444432258606,0.7244444489479065,0.742222249507904,0.7555555701255798,0.6977777481079102,0.8266666531562805,0.800000011920929,0.7377777695655823,0.742222249507904,0.7377777695655823,0.8133333325386047,0.6977777481079102,0.7688888907432556,0.7333333492279053,0.7155555486679077,0.8844444155693054,0.800000011920929,0.7155555486679077,0.7066666483879089,0.800000011920929,0.7244444489479065,0.7599999904632568,0.742222249507904,0.7377777695655823,0.8888888955116272,0.7244444489479065,0.7200000286102295,0.7911111116409302,0.7822222113609314,0.8311111330986023,0.7333333492279053,0.8488888740539551,0.8222222328186035,0.7733333110809326,0.8488888740539551,0.7911111116409302,0.7377777695655823,0.7822222113609314,0.8533333539962769,0.7644444704055786,0.7511110901832581,0.7777777910232544,0.7688888907432556,0.7333333492279053,0.7866666913032532,0.8711110949516296,0.7688888907432556,0.8444444537162781,0.8133333325386047,1.0,0.9466666579246521,0.8177777528762817,0.7911111116409302,0.9422222375869751,0.8222222328186035,0.7644444704055786,0.9511111378669739,0.8088889122009277,0.8799999952316284,0.9911110997200012,0.0533333346247673,0.013333333656191826,0.0,0.0,0.0,0.013333333656191826,0.0533333346247673,0.9911110997200012,0.8799999952316284,0.8088889122009277,0.9511111378669739,0.7644444704055786,0.8222222328186035,0.9422222375869751,0.7911111116409302,0.8177777528762817,0.9466666579246521,1.0,0.8133333325386047,0.8444444537162781,0.7688888907432556,0.8711110949516296,0.7866666913032532,0.7333333492279053,0.7688888907432556,0.7777777910232544,0.7511110901832581,0.7644444704055786,0.8533333539962769,0.7822222113609314,0.7377777695655823,0.7911111116409302,0.8488888740539551,0.7733333110809326,0.8222222328186035,0.8488888740539551,0.7333333492279053,0.8311111330986023,0.7822222113609314,0.7911111116409302,0.7200000286102295,0.7244444489479065,0.8888888955116272,0.7377777695655823,0.742222249507904,0.7599999904632568,0.7244444489479065,0.800000011920929,0.7066666483879089,0.7155555486679077,0.800000011920929,0.8844444155693054,0.7155555486679077,0.7333333492279053,0.7688888907432556,0.6977777481079102,0.8133333325386047,0.7377777695655823,0.742222249507904,0.7377777695655823,0.800000011920929,0.8266666531562805,0.6977777481079102,0.7555555701255798,0.742222249507904,0.7244444489479065,0.804444432258606,0.7777777910232544,0.6177777647972107,0.6399999856948853,0.7333333492279053,0.8177777528762817,0.7866666913032532,0.7911111116409302,0.800000011920929,0.8266666531562805,0.800000011920929,0.7200000286102295,0.7555555701255798,0.7777777910232544,0.7955555319786072,0.5866666436195374,0.7688888907432556,0.742222249507904,0.7244444489479065,0.8177777528762817,0.8222222328186035,0.6977777481079102,0.6933333277702332,0.6888889074325562,0.7644444704055786,0.6977777481079102,0.746666669845581,0.7022222280502319,0.8799999952316284,0.6622222065925598,0.7599999904632568,0.8177777528762817,0.6977777481079102,0.644444465637207,0.7333333492279053,0.7155555486679077,0.8399999737739563,0.3777777850627899
0.31111112236976624,0.5555555820465088,0.644444465637207,0.5333333611488342,0.4444444477558136,0.6222222447395325,0.42222222685813904,0.3333333432674408,0.6888889074325562,0.5555555820465088,0.6222222447395325,0.7111111283302307,0.35555556416511536,0.6222222447395325,0.4444444477558136,0.644444465637207,0.2888889014720917,0.42222222685813904,0.6888889074325562,0.5777778029441833,0.4888888895511627,0.35555556416511536,0.4888888895511627,0.6888889074325562,0.6222222447395325,0.4444444477558136,0.46666666865348816,0.42222222685813904,0.6000000238418579,0.644444465637207,0.2888889014720917,0.5111111402511597,0.6666666865348816,0.3333333432674408,0.4000000059604645,0.5777778029441833,0.5333333611488342,0.644444465637207,0.5111111402511597,0.6000000238418579,0.5555555820465088,0.6222222447395325,0.5333333611488342,0.6666666865348816,0.5111111402511597,0.6000000238418579,0.3777777850627899,0.46666666865348816,0.42222222685813904,0.5111111402511597,0.4000000059604645,0.5777778029441833,0.4000000059604645,0.46666666865348816,0.35555556416511536,0.4888888895511627,0.7111111283302307,0.4888888895511627,0.6000000238418579,0.644444465637207,0.800000011920929,0.4444444477558136,0.46666666865348816,0.6000000238418579,0.5111111402511597,0.6222222447395325,0.5333333611488342,0.46666666865348816,0.4444444477558136,0.6222222447395325,0.5333333611488342,0.6000000238418579,0.5333333611488342,0.4444444477558136,0.42222222685813904,0.4444444477558136,0.3777777850627899,0.6000000238418579,0.6000000238418579,0.6222222447395325,0.4888888895511627,0.4888888895511627,0.6222222447395325,0.644444465637207,0.5777778029441833,0.5333333611488342,0.8222222328186035,0.6888889074325562,0.7333333492279053,0.6222222447395325,0.6888889074325562,0.9111111164093018,0.7333333492279053,0.5777778029441833,0.7111111283302307,1.0,0.8888888955116272,0.04444444552063942,0.02222222276031971,0.0,0.0,0.0,0.02222222276031971,0.04444444552063942,0.8888888955116272,1.0,0.7111111283302307,0.5777778029441833,0.7333333492279053,0.9111111164093018,0.6888889074325562,0.6222222447395325,0.7333333492279053,0.6888889074325562,0.8222222328186035,0.5333333611488342,0.5777778029441833,0.644444465637207,0.6222222447395325,0.4888888895511627,0.4888888895511627,0.6222222447395325,0.6000000238418579,0.6000000238418579,0.3777777850627899,0.4444444477558136,0.42222222685813904,0.4444444477558136,0.5333333611488342,0.6000000238418579,0.5333333611488342,0.6222222447395325,0.4444444477558136,0.46666666865348816,0.5333333611488342,0.6222222447395325,0.5111111402511597,0.6000000238418579,0.46666666865348816,0.4444444477558136,0.800000011920929,0.644444465637207,0.6000000238418579,0.4888888895511627,0.7111111283302307,0.4888888895511627,0.35555556416511536,0.46666666865348816,0.4000000059604645,0.5777778029441833,0.4000000059604645,0.5111111402511597,0.42222222685813904,0.46666666865348816,0.3777777850627899,0.6000000238418579,0.5111111402511597,0.6666666865348816,0.5333333611488342,0.6222222447395325,0.5555555820465088,0.6000000238418579,0.5111111402511597,0.644444465637207,0.5333333611488342,0.5777778029441833,0.4000000059604645,0.3333333432674408,0.6666666865348816,0.5111111402511597,0.2888889014720917,0.644444465637207,0.6000000238418579,0.42222222685813904,0.46666666865348816,0.4444444477558136,0.6222222447395325,0.6888889074325562,0.4888888895511627,0.35555556416511536,0.4888888895511627,0.5777778029441833,0.6888889074325562,0.42222222685813904,0.2888889014720917,0.644444465637207,0.4444444477558136,0.6222222447395325,0.35555556416511536,0.7111111283302307,0.6222222447395325,0.5555555820465088,0.6888889074325562,0.3333333432674408,0.42222222685813904,0.6222222447395325,0.4444444477558136,0.5333333611488342,0.644444465637207,0.5555555820465088,0.31111112236976624
0.25,0.3499999940395355,0.574999988079071,0.574999988079071,0.6499999761581421,0.4000000059604645,0.574999988079071,0.4000000059604645,0.44999998807907104,0.32499998807907104,0.6000000238418579,0.5249999761581421,0.6499999761581421,0.44999998807907104,0.574999988079071,0.4749999940395355,0.6000000238418579,0.625,0.4749999940395355,0.4000000059604645,0.6000000238418579,0.5249999761581421,0.699999988079071,0.574999988079071,0.5249999761581421,0.20000000298023224,0.6000000238418579,0.574999988079071,0.375,0.3499999940395355,0.625,0.574999988079071,0.5,0.2750000059604645,0.375,0.625,0.4000000059604645,0.7250000238418579,0.4000000059604645,0.42500001192092896,0.574999988079071,0.5249999761581421,0.6000000238418579,0.44999998807907104,0.4000000059604645,0.6499999761581421,0.42500001192092896,0.625,0.550000011920929,0.574999988079071,0.42500001192092896,0.6000000238418579,0.7250000238418579,0.4000000059604645,0.7749999761581421,0.44999998807907104,0.375,0.3499999940395355,0.5,0.550000011920929,0.675000011920929,0.30000001192092896,0.574999988079071,0.625,0.625,0.574999988079071,0.32499998807907104,0.5,0.42500001192092896,0.675000011920929,0.42500001192092896,0.5249999761581421,0.5249999761581421,0.6000000238418579,0.5,0.6000000238418579,0.3499999940395355,0.5,0.699999988079071,0.5,0.6000000238418579,0.574999988079071,0.4749999940395355,0.6000000238418579,0.550000011920929,0.5249999761581421,0.574999988079071,0.699999988079071,0.6499999761581421,0.6499999761581421,0.4749999940395355,0.574999988079071,0.5249999761581421,0.675000011920929,0.574999988079071,1.0,0.5249999761581421,0.05000000074505806,0.07500000298023224,0.0,0.0,0.0,0.07500000298023224,0.05000000074505806,0.5249999761581421,1.0,0.574999988079071,0.675000011920929,0.5249999761581421,0.574999988079071,0.4749999940395355,0.6499999761581421,0.6499999761581421,0.699999988079071,0.574999988079071,0.5249999761581421,0.550000011920929,0.6000000238418579,0.4749999940395355,0.574999988079071,0.6000000238418579,0.5,0.699999988079071,0.5,0.3499999940395355,0.6000000238418579,0.5,0.6000000238418579,0.5249999761581421,0.5249999761581421,0.42500001192092896,0.675000011920929,0.42500001192092896,0.5,0.32499998807907104,0.574999988079071,0.625,0.625,0.574999988079071,0.30000001192092896,0.675000011920929,0.550000011920929,0.5,0.3499999940395355,0.375,0.44999998807907104,0.7749999761581421,0.4000000059604645,0.7250000238418579,0.6000000238418579,0.42500001192092896,0.574999988079071,0.550000011920929,0.625,0.42500001192092896,0.6499999761581421,0.4000000059604645,0.44999998807907104,0.6000000238418579,0.5249999761581421,0.574999988079071,0.42500001192092896,0.4000000059604645,0.7250000238418579,0.4000000059604645,0.625,0.375,0.2750000059604645,0.5,0.574999988079071,0.625,0.3499999940395355,0.375,0.574999988079071,0.6000000238418579,0.20000000298023224,0.5249999761581421,0.574999988079071,0.699999988079071,0.5249999761581421,0.6000000238418579,0.4000000059604645,0.4749999940395355,0.625,0.6000000238418579,0.4749999940395355,0.574999988079071,0.44999998807907104,0.6499999761581421,0.5249999761581421,0.6000000238418579,0.32499998807907104,0.44999998807907104,0.4000000059604645,0.574999988079071,0.4000000059604645,0.6499999761581421,0.574999988079071,0.574999988079071,0.3499999940395355,0.25
0.3181818127632141,0.5303030014038086,0.560606062412262,0.560606062412262,0.6212121248245239,0.469696968793869,0.560606062412262,0.6060606241226196,0.5909090638160706,0.6515151262283325,0.3333333432674408,0.8484848737716675,0.5151515007019043,0.5,0.5303030014038086,0.560606062412262,0.4848484992980957,0.4545454680919647,0.42424243688583374,0.40909090638160706,0.4848484992980957,0.469696968793869,0.4848484992980957,0.42424243688583374,0.560606062412262,0.5151515007019043,0.5,0.560606062412262,0.3030303120613098,0.4848484992980957,0.6363636255264282,0.5454545617103577,0.6060606241226196,0.5151515007019043,0.40909090638160706,0.560606062412262,0.5151515007019043,0.6515151262283325,0.560606062412262,0.6515151262283325,0.4545454680919647,0.5303030014038086,0.5757575631141663,0.5757575631141663,0.7575757503509521,0.5303030014038086,0.3484848439693451,0.6212121248245239,0.6212121248245239,0.5,0.5151515007019043,0.4848484992980957,0.6363636255264282,0.469696968793869,0.3484848439693451,0.4545454680919647,0.5151515007019043,0.6363636255264282,0.4848484992980957,0.5909090638160706,0.4848484992980957,0.42424243688583374,0.560606062412262,0.6515151262283325,0.469696968793869,0.5151515007019043,0.6060606241226196,0.469696968793869,0.6363636255264282,0.4545454680919647,0.6060606241226196,0.5757575631141663,0.6969696879386902,0.5909090638160706,0.7272727489471436,0.8181818127632141,0.6969696879386902,0.3636363744735718,0.5757575631141663,0.469696968793869,0.7121211886405945,0.6818181872367859,0.6363636255264282,0.7575757503509521,0.5454545617103577,0.6818181872367859,0.6969696879386902,0.560606062412262,0.40909090638160706,0.5909090638160706,0.6969696879386902,0.5757575631141663,0.7121211886405945,0.8333333134651184,0.5909090638160706,1.0,0.9696969985961914,0.0,0.03030303120613098,0.01515151560306549,0.0,0.01515151560306549,0.03030303120613098,0.0,0.9696969985961914,1.0,0.5909090638160706,0.8333333134651184,0.7121211886405945,0.5757575631141663,0.6969696879386902,0.5909090638160706,0.40909090638160706,0.560606062412262,0.6969696879386902,0.6818181872367859,0.5454545617103577,0.7575757503509521,0.6363636255264282,0.6818181872367859,0.7121211886405945,0.469696968793869,0.5757575631141663,0.3636363744735718,0.6969696879386902,0.8181818127632141,0.7272727489471436,0.5909090638160706,0.6969696879386902,0.5757575631141663,0.6060606241226196,0.4545454680919647,0.6363636255264282,0.469696968793869,0.6060606241226196,0.5151515007019043,0.469696968793869,0.6515151262283325,0.560606062412262,0.42424243688583374,0.4848484992980957,0.5909090638160706,0.4848484992980957,0.6363636255264282,0.5151515007019043,0.4545454680919647,0.3484848439693451,0.469696968793869,0.6363636255264282,0.4848484992980957,0.5151515007019043,0.5,0.6212121248245239,0.6212121248245239,0.3484848439693451,0.5303030014038086,0.7575757503509521,0.5757575631141663,0.5757575631141663,0.5303030014038086,0.4545454680919647,0.6515151262283325,0.560606062412262,0.6515151262283325,0.5151515007019043,0.560606062412262,0.40909090638160706,0.5151515007019043,0.6060606241226196,0.5454545617103577,0.6363636255264282,0.4848484992980957,0.3030303120613098,0.560606062412262,0.5,0.5151515007019043,0.560606062412262,0.42424243688583374,0.4848484992980957,0.469696968793869,0.4848484992980957,0.40909090638160706,0.42424243688583374,0.4545454680919647,0.4848484992980957,0.560606062412262,0.5303030014038086,0.5,0.5151515007019043,0.8484848737716675,0.3333333432674408,0.6515151262283325,0.5909090638160706,0.6060606241226196,0.560606062412262,0.469696968793869,0.6212121248245239,0.560606062412262,0.560606062412262,0.5303030014038086,0.3181818127632141
0.29411765933036804,0.6176470518112183,0.4117647111415863,0.529411792755127,0.7352941036224365,0.529411792755127,0.5,0.6176470518112183,0.4117647111415863,0.5,0.5882353186607361,0.6470588445663452,0.44117647409439087,0.6176470518112183,0.5588235259056091,0.5588235259056091,0.5882353186607361,0.7941176295280457,0.5588235259056091,0.529411792755127,0.47058823704719543,0.7058823704719543,0.4117647111415863,0.529411792755127,0.44117647409439087,0.4117647111415863,0.38235294818878174,0.529411792755127,0.6470588445663452,0.29411765933036804,0.4117647111415863,0.6470588445663452,0.6176470518112183,0.44117647409439087,0.5588235259056091,0.5,0.44117647409439087,0.3529411852359772,0.8235294222831726,0.5588235259056091,0.44117647409439087,0.44117647409439087,0.47058823704719543,0.6470588445663452,0.529411792755127,0.7647058963775635,0.7647058963775635,0.6176470518112183,0.6764705777168274,0.5588235259056091,0.38235294818878174,0.7352941036224365,0.9411764740943909,0.6470588445663452,0.44117647409439087,0.5588235259056091,0.5588235259056091,0.6470588445663452,0.47058823704719543,0.8529411554336548,0.529411792755127,0.6176470518112183,0.5,0.7647058963775635,0.7647058963775635,0.5588235259056091,1.0,0.6176470518112183,0.4117647111415863,0.6470588445663452,0.7058823704719543,0.3529411852359772,0.44117647409439087,0.5588235259056091,0.7058823704719543,0.7941176295280457,0.6176470518112183,0.6176470518112183,0.6470588445663452,0.7058823704719543,0.5588235259056091,0.8529411554336548,0.5588235259056091,0.7941176295280457,0.38235294818878174,0.6470588445663452,0.529411792755127,0.7352941036224365,0.47058823704719543,0.6176470518112183,0.6176470518112183,0.4117647111415863,0.529411792755127,0.7941176295280457,0.5588235259056091,0.6470588445663452,0.7941176295280457,0.5,0.5,0.029411764815449715,0.0,0.029411764815449715,0.5,0.5,0.7941176295280457,0.6470588445663452,0.5588235259056091,0.7941176295280457,0.529411792755127,0.4117647111415863,0.6176470518112183,0.6176470518112183,0.47058823704719543,0.7352941036224365,0.529411792755127,0.6470588445663452,0.38235294818878174,0.7941176295280457,0.5588235259056091,0.8529411554336548,0.5588235259056091,0.7058823704719543,0.6470588445663452,0.6176470518112183,0.6176470518112183,0.7941176295280457,0.7058823704719543,0.5588235259056091,0.44117647409439087,0.3529411852359772,0.7058823704719543,0.6470588445663452,0.4117647111415863,0.6176470518112183,1.0,0.5588235259056091,0.7647058963775635,0.7647058963775635,0.5,0.6176470518112183,0.529411792755127,0.8529411554336548,0.47058823704719543,0.6470588445663452,0.5588235259056091,0.5588235259056091,0.44117647409439087,0.6470588445663452,0.9411764740943909,0.7352941036224365,0.38235294818878174,0.5588235259056091,0.6764705777168274,0.6176470518112183,0.7647058963775635,0.7647058963775635,0.529411792755127,0.6470588445663452,0.47058823704719543,0.44117647409439087,0.44117647409439087,0.5588235259056091,0.8235294222831726,0.3529411852359772,0.44117647409439087,0.5,0.5588235259056091,0.44117647409439087,0.6176470518112183,0.6470588445663452,0.4117647111415863,0.29411765933036804,0.6470588445663452,0.529411792755127,0.38235294818878174,0.4117647111415863,0.44117647409439087,0.529411792755127,0.4117647111415863,0.7058823704719543,0.47058823704719543,0.529411792755127,0.5588235259056091,0.7941176295280457,0.5882353186607361,0.5588235259056091,0.5588235259056091,0.6176470518112183,0.44117647409439087,0.6470588445663452,0.5882353186607361,0.5,0.4117647111415863,0.6176470518112183,0.5,0.529411792755127,0.7352941036224365,0.529411792755127,0.4117647111415863,0.6176470518112183,0.29411765933036804
0.33734938502311707,0.7108433842658997,0.7349397540092468,0.7108433842658997,0.7228915691375732,0.6626505851745605,0.7349397540092468,0.6867470145225525,0.7228915691375732,0.6867470145225525,1.0,0.7831325531005859,0.7349397540092468,0.7228915691375732,0.6987951993942261,0.7469879388809204,0.7349397540092468,0.6987951993942261,0.8313252925872803,0.650602400302887,0.7831325531005859,0.8313252925872803,0.6746987700462341,0.8192771077156067,0.891566276550293,0.7228915691375732,0.5903614163398743,0.5783132314682007,0.7108433842658997,0.8795180916786194,0.9277108311653137,0.7951807379722595,0.759036123752594,0.6385542154312134,0.8192771077156067,0.9397590160369873,0.6385542154312134,0.8192771077156067,0.5301204919815063,0.650602400302887,0.9156626462936401,0.7228915691375732,0.8313252925872803,0.7469879388809204,0.891566276550293,0.6746987700462341,0.6626505851745605,0.7228915691375732,0.650602400302887,0.7349397540092468,0.8433734774589539,0.759036123752594,0.7469879388809204,0.7831325531005859,0.7469879388809204,0.7108433842658997,0.6987951993942261,0.7951807379722595,0.8674699068069458,0.7349397540092468,0.7831325531005859,0.7469879388809204,0.7108433842658997,0.7108433842658997,0.8072289228439331,0.9397590160369873,0.6385542154312134,0.7951807379722595,0.8554216623306274,0.9518072009086609,0.8795180916786194,0.7469879388809204,0.7710843086242676,0.6867470145225525,0.8192771077156067,0.759036123752594,0.650602400302887,0.7951807379722595,0.6144578456878662,0.650602400302887,0.8795180916786194,0.8072289228439331,0.6746987700462341,0.6746987700462341,0.6385542154312134,0.6867470145225525,0.8072289228439331,0.7831325531005859,0.9036144614219666,0.759036123752594,0.9397590160369873,0.6987951993942261,0.6987951993942261,0.8072289228439331,0.7228915691375732,0.8313252925872803,0.7831325531005859,0.7831325531005859,0.7710843086242676,0.08433734625577927,0.0,0.08433734625577927,0.7710843086242676,0.7831325531005859,0.7831325531005859,0.8313252925872803,0.7228915691375732,0.8072289228439331,0.6987951993942261,0.6987951993942261,0.9397590160369873,0.759036123752594,0.9036144614219666,0.7831325531005859,0.8072289228439331,0.6867470145225525,0.6385542154312134,0.6746987700462341,0.6746987700462341,0.8072289228439331,0.8795180916786194,0.650602400302887,0.6144578456878662,0.7951807379722595,0.650602400302887,0.759036123752594,0.8192771077156067,0.6867470145225525,0.7710843086242676,0.7469879388809204,0.8795180916786194,0.9518072009086609,0.8554216623306274,0.7951807379722595,0.6385542154312134,0.9397590160369873,0.8072289228439331,0.7108433842658997,0.7108433842658997,0.7469879388809204,0.7831325531005859,0.7349397540092468,0.8674699068069458,0.7951807379722595,0.6987951993942261,0.7108433842658997,0.7469879388809204,0.7831325531005859,0.7469879388809204,0.759036123752594,0.8433734774589539,0.7349397540092468,0.650602400302887,0.7228915691375732,0.6626505851745605,0.6746987700462341,0.891566276550293,0.7469879388809204,0.8313252925872803,0.7228915691375732,0.9156626462936401,0.650602400302887,0.5301204919815063,0.8192771077156067,0.6385542154312134,0.9397590160369873,0.8192771077156067,0.6385542154312134,0.759036123752594,0.7951807379722595,0.9277108311653137,0.8795180916786194,0.7108433842658997,0.5783132314682007,0.5903614163398743,0.7228915691375732,0.891566276550293,0.8192771077156067,0.6746987700462341,0.8313252925872803,0.7831325531005859,0.650602400302887,0.8313252925872803,0.6987951993942261,0.7349397540092468,0.7469879388809204,0.6987951993942261,0.7228915691375732,0.7349397540092468,0.7831325531005859,1.0,0.6867470145225525,0.7228915691375732,0.6867470145225525,0.7349397540092468,0.6626505851745605,0.7228915691375732,0.7108433842658997,0.7349397540092468,0.7108433842658997,0.33734938502311707
0.2708333432674408,0.6458333134651184,0.75,0.7708333134651184,0.8333333134651184,0.5625,0.7708333134651184,0.5208333134651184,0.625,0.6458333134651184,0.5625,0.4583333432674408,0.5416666865348816,0.7708333134651184,0.4375,0.625,0.7916666865348816,0.6875,0.6875,0.5,0.5625,0.7708333134651184,0.3125,0.8125,0.8125,0.7291666865348816,0.5625,0.6458333134651184,0.7291666865348816,0.4791666567325592,0.7916666865348816,0.5833333134651184,0.6875,1.0,0.5625,0.625,0.625,0.7916666865348816,0.5208333134651184,0.5625,0.4583333432674408,0.5833333134651184,0.7291666865348816,0.6458333134651184,0.6041666865348816,0.625,0.5625,0.625,0.5833333134651184,0.6041666865348816,0.5416666865348816,0.6458333134651184,0.6458333134651184,0.3541666567325592,0.5833333134651184,0.5833333134651184,0.5416666865348816,0.8125,0.4791666567325592,0.6041666865348816,0.7291666865348816,0.5416666865348816,0.5208333134651184,0.6458333134651184,0.5416666865348816,0.4791666567325592,0.7083333134651184,0.7291666865348816,0.5208333134651184,0.625,0.6041666865348816,0.6041666865348816,0.5416666865348816,0.5,0.5208333134651184,0.7708333134651184,0.6041666865348816,0.7291666865348816,0.5416666865348816,0.6666666865348816,0.6666666865348816,0.6458333134651184,0.5,0.6875,0.7291666865348816,0.6041666865348816,0.7083333134651184,0.5625,0.5416666865348816,0.75,0.625,0.4375,0.6666666865348816,0.6458333134651184,0.6041666865348816,0.7291666865348816,0.7291666865348816,0.7708333134651184,0.5208333134651184,0.0833333358168602,0.0,0.0833333358168602,0.5208333134651184,0.7708333134651184,0.7291666865348816,0.7291666865348816,0.6041666865348816,0.6458333134651184,0.6666666865348816,0.4375,0.625,0.75,0.5416666865348816,0.5625,0.7083333134651184,0.6041666865348816,0.7291666865348816,0.6875,0.5,0.6458333134651184,0.6666666865348816,0.6666666865348816,0.5416666865348816,0.7291666865348816,0.6041666865348816,0.7708333134651184,0.5208333134651184,0.5,0.5416666865348816,0.6041666865348816,0.6041666865348816,0.625,0.5208333134651184,0.7291666865348816,0.7083333134651184,0.4791666567325592,0.5416666865348816,0.6458333134651184,0.5208333134651184,0.5416666865348816,0.7291666865348816,0.6041666865348816,0.4791666567325592,0.8125,0.5416666865348816,0.5833333134651184,0.5833333134651184,0.3541666567325592,0.6458333134651184,0.6458333134651184,0.5416666865348816,0.6041666865348816,0.5833333134651184,0.625,0.5625,0.625,0.6041666865348816,0.6458333134651184,0.7291666865348816,0.5833333134651184,0.4583333432674408,0.5625,0.5208333134651184,0.7916666865348816,0.625,0.625,0.5625,1.0,0.6875,0.5833333134651184,0.7916666865348816,0.4791666567325592,0.7291666865348816,0.6458333134651184,0.5625,0.7291666865348816,0.8125,0.8125,0.3125,0.7708333134651184,0.5625,0.5,0.6875,0.6875,0.7916666865348816,0.625,0.4375,0.7708333134651184,0.5416666865348816,0.4583333432674408,0.5625,0.6458333134651184,0.625,0.5208333134651184,0.7708333134651184,0.5625,0.8333333134651184,0.7708333134651184,0.75,0.6458333134651184,0.2708333432674408
0.39080458879470825,0.8160919547080994,0.6436781883239746,0.8505747318267822,0.6091954112052917,0.8160919547080994,0.6321839094161987,0.8160919547080994,0.7126436829566956,0.8390804529190063,0.8850574493408203,0.6666666865348816,0.7241379022598267,0.7241379022598267,0.7816091775894165,0.7356321811676025,0.7011494040489197,0.7356321811676025,0.8735632300376892,0.7241379022598267,0.6551724076271057,0.5862069129943848,0.5747126340866089,0.8850574493408203,0.7931034564971924,0.6781609058380127,0.7356321811676025,0.6436781883239746,0.8275862336158752,0.6781609058380127,0.8965517282485962,0.6896551847457886,0.8965517282485962,0.7816091775894165,0.6896551847457886,0.7931034564971924,0.7356321811676025,1.0,0.7816091775894165,0.7241379022598267,0.6781609058380127,0.7126436829566956,0.8390804529190063,0.8045976758003235,0.6436781883239746,0.7356321811676025,0.6436781883239746,0.6896551847457886,0.6436781883239746,0.8045976758003235,0.8160919547080994,0.8850574493408203,0.7471264600753784,0.7701149582862854,0.5747126340866089,0.7126436829566956,0.7701149582862854,0.931034505367279,0.7586206793785095,0.8390804529190063,0.7931034564971924,0.7356321811676025,0.8160919547080994,0.7356321811676025,0.5632184147834778,0.7471264600753784,0.7701149582862854,0.8045976758003235,0.6896551847457886,0.8390804529190063,0.7931034564971924,0.7356321811676025,0.7356321811676025,0.8275862336158752,0.8620689511299133,0.7241379022598267,0.7241379022598267,0.8275862336158752,0.7701149582862854,0.9655172228813171,0.7011494040489197,0.7701149582862854,0.7356321811676025,0.7586206793785095,0.5862069129943848,0.6551724076271057,0.7701149582862854,0.7126436829566956,0.7816091775894165,0.6666666865348816,0.7586206793785095,0.6896551847457886,0.7471264600753784,0.6206896305084229,0.7586206793785095,0.7931034564971924,0.8275862336158752,0.8390804529190063,0.8045976758003235,0.19540229439735413,0.0,0.19540229439735413,0.8045976758003235,0.8390804529190063,0.8275862336158752,0.7931034564971924,0.7586206793785095,0.6206896305084229,0.7471264600753784,0.6896551847457886,0.7586206793785095,0.6666666865348816,0.7816091775894165,0.7126436829566956,0.7701149582862854,0.6551724076271057,0.5862069129943848,0.7586206793785095,0.7356321811676025,0.7701149582862854,0.7011494040489197,0.9655172228813171,0.7701149582862854,0.8275862336158752,0.7241379022598267,0.7241379022598267,0.8620689511299133,0.8275862336158752,0.7356321811676025,0.7356321811676025,0.7931034564971924,0.8390804529190063,0.6896551847457886,0.8045976758003235,0.7701149582862854,0.7471264600753784,0.5632184147834778,0.7356321811676025,0.8160919547080994,0.7356321811676025,0.7931034564971924,0.8390804529190063,0.7586206793785095,0.931034505367279,0.7701149582862854,0.7126436829566956,0.5747126340866089,0.7701149582862854,0.7471264600753784,0.8850574493408203,0.8160919547080994,0.8045976758003235,0.6436781883239746,0.6896551847457886,0.6436781883239746,0.7356321811676025,0.6436781883239746,0.8045976758003235,0.8390804529190063,0.7126436829566956,0.6781609058380127,0.7241379022598267,0.7816091775894165,1.0,0.7356321811676025,0.7931034564971924,0.6896551847457886,0.7816091775894165,0.8965517282485962,0.6896551847457886,0.8965517282485962,0.6781609058380127,0.8275862336158752,0.6436781883239746,0.7356321811676025,0.6781609058380127,0.7931034564971924,0.8850574493408203,0.5747126340866089,0.5862069129943848,0.6551724076271057,0.7241379022598267,0.8735632300376892,0.7356321811676025,0.7011494040489197,0.7356321811676025,0.7816091775894165,0.7241379022598267,0.7241379022598267,0.6666666865348816,0.8850574493408203,0.8390804529190063,0.7126436829566956,0.8160919547080994,0.6321839094161987,0.8160919547080994,0.6091954112052917,0.8505747318267822,0.6436781883239746,0.8160919547080994,0.39080458879470825
0.42424243688583374,0.9469696879386902,0.8333333134651184,0.6590909361839294,0.8939393758773804,0.7651515007019043,0.7954545617103577,0.7954545617103577,0.8939393758773804,0.6742424368858337,0.8030303120613098,0.6818181872367859,0.7575757503509521,0.7121211886405945,0.7651515007019043,0.8484848737716675,0.7121211886405945,0.8787878751754761,0.7196969985961914,0.8712121248245239,0.9090909361839294,0.7954545617103577,0.8257575631141663,0.8787878751754761,0.8560606241226196,0.9242424368858337,0.8030303120613098,0.7272727489471436,0.8333333134651184,0.7727272510528564,0.9924242496490479,0.8560606241226196,0.7651515007019043,0.8181818127632141,0.9469696879386902,0.8787878751754761,0.8484848737716675,0.8863636255264282,0.7954545617103577,0.9545454382896423,0.8484848737716675,0.8636363744735718,0.939393937587738,0.9015151262283325,0.8636363744735718,0.9242424368858337,0.8181818127632141,0.8030303120613098,0.6439393758773804,0.8257575631141663,0.8712121248245239,0.8863636255264282,0.9318181872367859,0.7045454382896423,0.7348484992980957,0.8787878751754761,0.7803030014038086,1.0,0.8409090638160706,0.7878788113594055,0.8409090638160706,0.7575757503509521,0.6969696879386902,0.9772727489471436,0.8863636255264282,0.7803030014038086,0.8181818127632141,0.8636363744735718,0.689393937587738,0.8257575631141663,0.810606062412262,0.8863636255264282,0.7651515007019043,0.5681818127632141,0.8787878751754761,0.9469696879386902,0.810606062412262,0.7727272510528564,0.9090909361839294,0.8939393758773804,0.6969696879386902,0.8333333134651184,0.8712121248245239,0.7803030014038086,0.8712121248245239,0.8030303120613098,0.7878788113594055,0.7803030014038086,0.9318181872367859,0.9545454382896423,0.8636363744735718,0.6818181872367859,0.8636363744735718,0.9015151262283325,0.8409090638160706,0.8333333134651184,0.8863636255264282,0.8560606241226196,0.7803030014038086,0.10606060922145844,0.0,0.10606060922145844,0.7803030014038086,0.8560606241226196,0.8863636255264282,0.8333333134651184,0.8409090638160706,0.9015151262283325,0.8636363744735718,0.6818181872367859,0.8636363744735718,0.9545454382896423,0.9318181872367859,0.7803030014038086,0.7878788113594055,0.8030303120613098,0.8712121248245239,0.7803030014038086,0.8712121248245239,0.8333333134651184,0.6969696879386902,0.8939393758773804,0.9090909361839294,0.7727272510528564,0.810606062412262,0.9469696879386902,0.8787878751754761,0.5681818127632141,0.7651515007019043,0.8863636255264282,0.810606062412262,0.8257575631141663,0.689393937587738,0.8636363744735718,0.8181818127632141,0.7803030014038086,0.8863636255264282,0.9772727489471436,0.6969696879386902,0.7575757503509521,0.8409090638160706,0.7878788113594055,0.8409090638160706,1.0,0.7803030014038086,0.8787878751754761,0.7348484992980957,0.7045454382896423,0.9318181872367859,0.8863636255264282,0.8712121248245239,0.8257575631141663,0.6439393758773804,0.8030303120613098,0.8181818127632141,0.9242424368858337,0.8636363744735718,0.9015151262283325,0.939393937587738,0.8636363744735718,0.8484848737716675,0.9545454382896423,0.7954545617103577,0.8863636255264282,0.8484848737716675,0.8787878751754761,0.9469696879386902,0.8181818127632141,0.7651515007019043,0.8560606241226196,0.9924242496490479,0.7727272510528564,0.8333333134651184,0.7272727489471436,0.8030303120613098,0.9242424368858337,0.8560606241226196,0.8787878751754761,0.8257575631141663,0.7954545617103577,0.9090909361839294,0.8712121248245239,0.7196969985961914,0.8787878751754761,0.7121211886405945,0.8484848737716675,0.7651515007019043,0.7121211886405945,0.7575757503509521,0.6818181872367859,0.8030303120613098,0.6742424368858337,0.8939393758773804,0.7954545617103577,0.7954545617103577,0.7651515007019043,0.8939393758773804,0.6590909361839294,0.8333333134651184,0.9469696879386902,0.42424243688583374
0.4526315927505493,0.7789473533630371,0.7052631378173828,0.800000011920929,0.7052631378173828,0.7157894968986511,0.7684210538864136,0.7157894968986511,0.8315789699554443,0.8947368264198303,0.7789473533630371,0.9473684430122375,0.7368420958518982,0.6842105388641357,0.6631578803062439,0.9684210419654846,0.6842105388641357,0.7789473533630371,0.7157894968986511,0.6947368383407593,0.821052610874176,0.75789475440979,0.9052631855010986,0.7052631378173828,0.7789473533630371,0.8947368264198303,0.8105263113975525,0.8631578683853149,0.7894737124443054,0.7157894968986511,0.821052610874176,0.8105263113975525,0.7473683953285217,0.8315789699554443,0.9684210419654846,0.8315789699554443,0.8421052694320679,0.800000011920929,0.7052631378173828,0.9157894849777222,0.7894737124443054,0.7263157963752747,0.7894737124443054,0.8315789699554443,0.8631578683853149,0.9052631855010986,0.7894737124443054,0.6315789222717285,0.821052610874176,0.821052610874176,0.7368420958518982,0.6947368383407593,0.6631578803062439,0.8421052694320679,0.8105263113975525,0.6842105388641357,0.6315789222717285,0.7368420958518982,0.800000011920929,0.8947368264198303,0.75789475440979,0.8526315689086914,0.7157894968986511,0.9684210419654846,0.75789475440979,0.8526315689086914,0.821052610874176,0.821052610874176,0.6947368383407593,0.7263157963752747,0.7684210538864136,0.7263157963752747,0.6000000238418579,0.7263157963752747,1.0,0.8421052694320679,0.8947368264198303,0.6842105388641357,0.8947368264198303,0.6526315808296204,0.8315789699554443,0.9157894849777222,0.8315789699554443,0.9473684430122375,0.8736842274665833,0.8736842274665833,0.8947368264198303,0.7789473533630371,0.7368420958518982,0.821052610874176,0.8842105269432068,0.9052631855010986,0.9789473414421082,0.7894737124443054,0.9684210419654846,0.8947368264198303,0.8947368264198303,0.9684210419654846,0.9789473414421082,0.16842105984687805,0.0,0.16842105984687805,0.9789473414421082,0.9684210419654846,0.8947368264198303,0.8947368264198303,0.9684210419654846,0.7894737124443054,0.9789473414421082,0.9052631855010986,0.8842105269432068,0.821052610874176,0.7368420958518982,0.7789473533630371,0.8947368264198303,0.8736842274665833,0.8736842274665833,0.9473684430122375,0.8315789699554443,0.9157894849777222,0.8315789699554443,0.6526315808296204,0.8947368264198303,0.6842105388641357,0.8947368264198303,0.8421052694320679,1.0,0.7263157963752747,0.6000000238418579,0.7263157963752747,0.7684210538864136,0.7263157963752747,0.6947368383407593,0.821052610874176,0.821052610874176,0.8526315689086914,0.75789475440979,0.9684210419654846,0.7157894968986511,0.8526315689086914,0.75789475440979,0.8947368264198303,0.800000011920929,0.7368420958518982,0.6315789222717285,0.6842105388641357,0.8105263113975525,0.8421052694320679,0.6631578803062439,0.6947368383407593,0.7368420958518982,0.821052610874176,0.821052610874176,0.6315789222717285,0.7894737124443054,0.9052631855010986,0.8631578683853149,0.8315789699554443,0.7894737124443054,0.7263157963752747,0.7894737124443054,0.9157894849777222,0.7052631378173828,0.800000011920929,0.8421052694320679,0.8315789699554443,0.9684210419654846,0.8315789699554443,0.7473683953285217,0.8105263113975525,0.821052610874176,0.7157894968986511,0.7894737124443054,0.8631578683853149,0.8105263113975525,0.8947368264198303,0.7789473533630371,0.7052631378173828,0.9052631855010986,0.75789475440979,0.821052610874176,0.6947368383407593,0.7157894968986511,0.7789473533630371,0.6842105388641357,0.9684210419654846,0.6631578803062439,0.6842105388641357,0.7368420958518982,0.9473684430122375,0.7789473533630371,0.8947368264198303,0.8315789699554443,0.7157894968986511,0.7684210538864136,0.7157894968986511,0.7052631378173828,0.800000011920929,0.7052631378173828,0.7789473533630371,0.4526315927505493
0.4273504316806793,0.752136766910553,0.8632478713989258,0.7606837749481201,0.7264957427978516,0.7264957427978516,0.7008547186851501,0.6495726704597473,0.7863247990608215,0.6752136945724487,0.9230769276618958,0.7948718070983887,0.8632478713989258,0.9145299196243286,0.811965823173523,0.7435897588729858,0.692307710647583,0.8290598392486572,0.8205128312110901,0.8376068472862244,0.7777777910232544,0.692307710647583,0.6752136945724487,0.7264957427978516,0.7264957427978516,0.8290598392486572,0.7094017267227173,0.7435897588729858,0.7179487347602844,0.7008547186851501,0.8461538553237915,0.8205128312110901,0.7606837749481201,0.6837607026100159,0.5811966061592102,0.752136766910553,0.752136766910553,0.8717948794364929,0.7948718070983887,0.8547008633613586,0.8547008633613586,0.7435897588729858,0.7948718070983887,0.811965823173523,0.8717948794364929,0.8034188151359558,0.7264957427978516,0.7179487347602844,0.7264957427978516,0.7863247990608215,0.8034188151359558,0.8888888955116272,0.9145299196243286,0.8205128312110901,0.6153846383094788,0.6581196784973145,0.6752136945724487,1.0,0.8461538553237915,0.7264957427978516,0.7008547186851501,0.9145299196243286,0.811965823173523,0.7264957427978516,0.8717948794364929,0.632478654384613,0.8034188151359558,0.8376068472862244,0.8803418874740601,0.752136766910553,0.8461538553237915,0.7350427508354187,0.811965823173523,0.8290598392486572,0.7692307829856873,0.8461538553237915,0.8376068472862244,0.7948718070983887,0.8717948794364929,0.7094017267227173,0.6581196784973145,0.8632478713989258,0.7264957427978516,0.8461538553237915,0.752136766910553,0.7777777910232544,0.7692307829856873,0.8290598392486572,0.8888888955116272,0.8461538553237915,0.8205128312110901,0.811965823173523,0.8632478713989258,0.7264957427978516,0.9145299196243286,0.8034188151359558,0.9230769276618958,0.9829059839248657,0.9230769276618958,0.1367521435022354,0.0,0.1367521435022354,0.9230769276618958,0.9829059839248657,0.9230769276618958,0.8034188151359558,0.9145299196243286,0.7264957427978516,0.8632478713989258,0.811965823173523,0.8205128312110901,0.8461538553237915,0.8888888955116272,0.8290598392486572,0.7692307829856873,0.7777777910232544,0.752136766910553,0.8461538553237915,0.7264957427978516,0.8632478713989258,0.6581196784973145,0.7094017267227173,0.8717948794364929,0.7948718070983887,0.8376068472862244,0.8461538553237915,0.7692307829856873,0.8290598392486572,0.811965823173523,0.7350427508354187,0.8461538553237915,0.752136766910553,0.8803418874740601,0.8376068472862244,0.8034188151359558,0.632478654384613,0.8717948794364929,0.7264957427978516,0.811965823173523,0.9145299196243286,0.7008547186851501,0.7264957427978516,0.8461538553237915,1.0,0.6752136945724487,0.6581196784973145,0.6153846383094788,0.8205128312110901,0.9145299196243286,0.8888888955116272,0.8034188151359558,0.7863247990608215,0.7264957427978516,0.7179487347602844,0.7264957427978516,0.8034188151359558,0.8717948794364929,0.811965823173523,0.7948718070983887,0.7435897588729858,0.8547008633613586,0.8547008633613586,0.7948718070983887,0.8717948794364929,0.752136766910553,0.752136766910553,0.5811966061592102,0.6837607026100159,0.7606837749481201,0.8205128312110901,0.8461538553237915,0.7008547186851501,0.7179487347602844,0.7435897588729858,0.7094017267227173,0.8290598392486572,0.7264957427978516,0.7264957427978516,0.6752136945724487,0.692307710647583,0.7777777910232544,0.8376068472862244,0.8205128312110901,0.8290598392486572,0.692307710647583,0.7435897588729858,0.811965823173523,0.9145299196243286,0.8632478713989258,0.7948718070983887,0.9230769276618958,0.6752136945724487,0.7863247990608215,0.6495726704597473,0.7008547186851501,0.7264957427978516,0.7264957427978516,0.7606837749481201,0.8632478713989258,0.752136766910553,0.4273504316806793
0.26923078298568726,0.4615384638309479,0.5692307949066162,0.5307692289352417,0.5384615659713745,0.6153846383094788,0.7307692170143127,0.5769230723381042,0.5,0.5076923370361328,0.5,0.5615384578704834,0.4692307710647583,0.6692307591438293,0.5615384578704834,0.7076923251152039,0.48461538553237915,0.7307692170143127,0.5461538434028625,0.5384615659713745,0.5769230723381042,0.6538461446762085,0.5846154093742371,0.6692307591438293,0.5692307949066162,0.5923076868057251,0.5461538434028625,0.5384615659713745,0.5461538434028625,0.5769230723381042,0.6000000238418579,0.607692301273346,0.6000000238418579,0.6000000238418579,0.5461538434028625,0.4769230782985687,0.4923076927661896,0.6538461446762085,0.5846154093742371,0.5153846144676208,0.5615384578704834,0.5846154093742371,0.7076923251152039,0.6384615302085876,0.4923076927661896,0.5461538434028625,0.692307710647583,0.4923076927661896,0.6230769157409668,0.48461538553237915,0.5769230723381042,0.5538461804389954,0.5538461804389954,0.446153849363327,0.7076923251152039,0.5769230723381042,0.45384615659713745,0.5,0.5769230723381042,0.6153846383094788,0.4769230782985687,0.6384615302085876,0.5769230723381042,0.6692307591438293,0.5307692289352417,0.6692307591438293,0.5538461804389954,0.6461538672447205,0.5076923370361328,0.607692301273346,0.5538461804389954,0.5846154093742371,0.6230769157409668,0.6000000238418579,0.5923076868057251,0.5846154093742371,0.8153846263885498,0.6461538672447205,0.6384615302085876,0.6384615302085876,0.6153846383094788,0.6230769157409668,0.6692307591438293,0.692307710647583,0.6384615302085876,0.6846153736114502,0.6846153736114502,0.6538461446762085,0.7615384459495544,0.7461538314819336,0.8230769038200378,0.7153846025466919,0.6000000238418579,0.7538461685180664,0.6846153736114502,0.7923076748847961,0.7307692170143127,0.9692307710647583,1.0,0.08461538702249527,0.0,0.08461538702249527,1.0,0.9692307710647583,0.7307692170143127,0.7923076748847961,0.6846153736114502,0.7538461685180664,0.6000000238418579,0.7153846025466919,0.8230769038200378,0.7461538314819336,0.7615384459495544,0.6538461446762085,0.6846153736114502,0.6846153736114502,0.6384615302085876,0.692307710647583,0.6692307591438293,0.6230769157409668,0.6153846383094788,0.6384615302085876,0.6384615302085876,0.6461538672447205,0.8153846263885498,0.5846154093742371,0.5923076868057251,0.6000000238418579,0.6230769157409668,0.5846154093742371,0.5538461804389954,0.607692301273346,0.5076923370361328,0.6461538672447205,0.5538461804389954,0.6692307591438293,0.5307692289352417,0.6692307591438293,0.5769230723381042,0.6384615302085876,0.4769230782985687,0.6153846383094788,0.5769230723381042,0.5,0.45384615659713745,0.5769230723381042,0.7076923251152039,0.446153849363327,0.5538461804389954,0.5538461804389954,0.5769230723381042,0.48461538553237915,0.6230769157409668,0.4923076927661896,0.692307710647583,0.5461538434028625,0.4923076927661896,0.6384615302085876,0.7076923251152039,0.5846154093742371,0.5615384578704834,0.5153846144676208,0.5846154093742371,0.6538461446762085,0.4923076927661896,0.4769230782985687,0.5461538434028625,0.6000000238418579,0.6000000238418579,0.607692301273346,0.6000000238418579,0.5769230723381042,0.5461538434028625,0.5384615659713745,0.5461538434028625,0.5923076868057251,0.5692307949066162,0.6692307591438293,0.5846154093742371,0.6538461446762085,0.5769230723381042,0.5384615659713745,0.5461538434028625,0.7307692170143127,0.48461538553237915,0.7076923251152039,0.5615384578704834,0.6692307591438293,0.4692307710647583,0.5615384578704834,0.5,0.5076923370361328,0.5,0.5769230723381042,0.7307692170143127,0.6153846383094788,0.5384615659713745,0.5307692289352417,0.5692307949066162,0.4615384638309479,0.26923078298568726
0.26213592290878296,0.6504854559898376,0.9223300814628601,0.7864077687263489,0.6310679316520691,0.9320388436317444,0.8737863898277283,0.6893203854560852,0.7281553149223328,0.708737850189209,0.8058252334594727,0.7281553149223328,0.8349514603614807,0.7961165308952332,0.7475728392601013,0.844660222530365,0.7961165308952332,0.6407766938209534,0.737864077091217,0.7864077687263489,0.7864077687263489,0.6213592290878296,0.8349514603614807,0.7766990065574646,0.844660222530365,0.8349514603614807,0.893203854560852,0.6796116232872009,0.8252426981925964,0.8349514603614807,0.8349514603614807,0.7475728392601013,0.7766990065574646,0.7669903039932251,0.5436893105506897,0.9320388436317444,0.8058252334594727,0.8058252334594727,0.7281553149223328,0.708737850189209,0.7281553149223328,0.8543689250946045,0.7475728392601013,0.7669903039932251,0.6601941585540771,0.844660222530365,1.0,0.893203854560852,0.7475728392601013,0.8349514603614807,0.7766990065574646,0.8349514603614807,0.7281553149223328,0.9223300814628601,0.8155339956283569,0.6310679316520691,0.844660222530365,0.737864077091217,0.7281553149223328,0.8058252334594727,0.6893203854560852,0.6796116232872009,0.7572815418243408,0.6504854559898376,0.7475728392601013,0.7475728392601013,0.5922330021858215,0.7961165308952332,0.8349514603614807,0.9029126167297363,0.7766990065574646,0.8640776872634888,0.7281553149223328,0.9805825352668762,0.7281553149223328,0.8834951519966125,0.5922330021858215,0.7572815418243408,0.7572815418243408,0.6407766938209534,0.8058252334594727,0.7184466123580933,0.8155339956283569,0.7766990065574646,0.6990291476249695,0.8640776872634888,0.708737850189209,0.708737850189209,0.7184466123580933,0.8349514603614807,0.8349514603614807,0.7281553149223328,0.6310679316520691,0.8058252334594727,0.9320388436317444,0.9029126167297363,0.6504854559898376,0.8834951519966125,0.7184466123580933,0.08737864345312119,0.0,0.08737864345312119,0.7184466123580933,0.8834951519966125,0.6504854559898376,0.9029126167297363,0.9320388436317444,0.8058252334594727,0.6310679316520691,0.7281553149223328,0.8349514603614807,0.8349514603614807,0.7184466123580933,0.708737850189209,0.708737850189209,0.8640776872634888,0.6990291476249695,0.7766990065574646,0.8155339956283569,0.7184466123580933,0.8058252334594727,0.6407766938209534,0.7572815418243408,0.7572815418243408,0.5922330021858215,0.8834951519966125,0.7281553149223328,0.9805825352668762,0.7281553149223328,0.8640776872634888,0.7766990065574646,0.9029126167297363,0.8349514603614807,0.7961165308952332,0.5922330021858215,0.7475728392601013,0.7475728392601013,0.6504854559898376,0.7572815418243408,0.6796116232872009,0.6893203854560852,0.8058252334594727,0.7281553149223328,0.737864077091217,0.844660222530365,0.6310679316520691,0.8155339956283569,0.9223300814628601,0.7281553149223328,0.8349514603614807,0.7766990065574646,0.8349514603614807,0.7475728392601013,0.893203854560852,1.0,0.844660222530365,0.6601941585540771,0.7669903039932251,0.7475728392601013,0.8543689250946045,0.7281553149223328,0.708737850189209,0.7281553149223328,0.8058252334594727,0.8058252334594727,0.9320388436317444,0.5436893105506897,0.7669903039932251,0.7766990065574646,0.7475728392601013,0.8349514603614807,0.8349514603614807,0.8252426981925964,0.6796116232872009,0.893203854560852,0.8349514603614807,0.844660222530365,0.7766990065574646,0.8349514603614807,0.6213592290878296,0.7864077687263489,0.7864077687263489,0.737864077091217,0.6407766938209534,0.7961165308952332,0.844660222530365,0.7475728392601013,0.7961165308952332,0.8349514603614807,0.7281553149223328,0.8058252334594727,0.708737850189209,0.7281553149223328,0.6893203854560852,0.8737863898277283,0.9320388436317444,0.6310679316520691,0.7864077687263489,0.9223300814628601,0.6504854559898376,0.26213592290878296
0.179824560880661,0.359649121761322,0.3245614171028137,0.3464912176132202,0.2850877046585083,0.3245614171028137,0.359649121761322,0.36403509974479675,0.37719297409057617,0.40789473056793213,0.3070175349712372,0.3552631437778473,0.39912280440330505,0.4385964870452881,0.320175439119339,0.4254385828971863,0.3684210479259491,0.320175439119339,0.4035087823867798,0.3070175349712372,0.41228070855140686,0.25,0.38596490025520325,0.3070175349712372,0.3815789520740509,0.40789473056793213,0.43421053886413574,0.3684210479259491,0.28070175647735596,0.37280702590942383,0.36403509974479675,0.4035087823867798,0.34210526943206787,0.3684210479259491,0.320175439119339,0.4035087823867798,0.35087719559669495,0.34210526943206787,0.3552631437778473,0.3114035129547119,0.3464912176132202,0.32894736528396606,0.359649121761322,0.29385966062545776,0.28070175647735596,0.38596490025520325,0.34210526943206787,0.2587719261646271,0.3684210479259491,0.3245614171028137,0.3552631437778473,0.3114035129547119,0.35087719559669495,0.359649121761322,0.359649121761322,0.3333333432674408,0.37280702590942383,0.3245614171028137,0.36403509974479675,0.3684210479259491,0.41228070855140686,0.39912280440330505,0.3333333432674408,0.4429824650287628,0.34210526943206787,0.4254385828971863,0.3684210479259491,0.35087719559669495,0.36403509974479675,0.34210526943206787,0.37280702590942383,0.4254385828971863,0.3947368562221527,0.4035087823867798,0.39912280440330505,0.41228070855140686,0.41228070855140686,0.4254385828971863,0.5,0.4254385828971863,0.45614033937454224,0.5394737124443054,0.5043859481811523,0.5394737124443054,0.4035087823867798,0.5219298005104065,0.609649121761322,0.6008771657943726,0.5964912176132202,0.6008771657943726,0.5964912176132202,0.5964912176132202,0.6491228342056274,0.6535087823867798,0.6447368264198303,0.7105262875556946,0.7105262875556946,0.8771929740905762,1.0,0.10526315867900848,0.0,0.10526315867900848,1.0,0.8771929740905762,0.7105262875556946,0.7105262875556946,0.6447368264198303,0.6535087823867798,0.6491228342056274,0.5964912176132202,0.5964912176132202,0.6008771657943726,0.5964912176132202,0.6008771657943726,0.609649121761322,0.5219298005104065,0.4035087823867798,0.5394737124443054,0.5043859481811523,0.5394737124443054,0.45614033937454224,0.4254385828971863,0.5,0.4254385828971863,0.41228070855140686,0.41228070855140686,0.39912280440330505,0.4035087823867798,0.3947368562221527,0.4254385828971863,0.37280702590942383,0.34210526943206787,0.36403509974479675,0.35087719559669495,0.3684210479259491,0.4254385828971863,0.34210526943206787,0.4429824650287628,0.3333333432674408,0.39912280440330505,0.41228070855140686,0.3684210479259491,0.36403509974479675,0.3245614171028137,0.37280702590942383,0.3333333432674408,0.359649121761322,0.359649121761322,0.35087719559669495,0.3114035129547119,0.3552631437778473,0.3245614171028137,0.3684210479259491,0.2587719261646271,0.34210526943206787,0.38596490025520325,0.28070175647735596,0.29385966062545776,0.359649121761322,0.32894736528396606,0.3464912176132202,0.3114035129547119,0.3552631437778473,0.34210526943206787,0.35087719559669495,0.4035087823867798,0.320175439119339,0.3684210479259491,0.34210526943206787,0.4035087823867798,0.36403509974479675,0.37280702590942383,0.28070175647735596,0.3684210479259491,0.43421053886413574,0.40789473056793213,0.3815789520740509,0.3070175349712372,0.38596490025520325,0.25,0.41228070855140686,0.3070175349712372,0.4035087823867798,0.320175439119339,0.3684210479259491,0.4254385828971863,0.320175439119339,0.4385964870452881,0.39912280440330505,0.3552631437778473,0.3070175349712372,0.40789473056793213,0.37719297409057617,0.36403509974479675,0.359649121761322,0.3245614171028137,0.2850877046585083,0.3464912176132202,0.3245614171028137,0.359649121761322,0.179824560880661
0.3372093141078949,0.8604651093482971,0.7906976938247681,0.7325581312179565,0.8313953280448914,0.6976743936538696,0.7558139562606812,0.75,0.8372092843055725,0.8779069781303406,0.7906976938247681,0.7732558250427246,0.7906976938247681,0.9825581312179565,0.6337209343910217,0.7906976938247681,0.7674418687820435,0.8779069781303406,0.9476743936538696,0.8081395626068115,0.7383720874786377,0.7034883499145508,0.7558139562606812,0.7325581312179565,0.9011628031730652,0.9709302186965942,0.7267441749572754,0.9011628031730652,0.8255813717842102,0.8313953280448914,0.7267441749572754,0.7906976938247681,0.7790697813034058,0.8023256063461304,0.7732558250427246,0.7790697813034058,0.7732558250427246,0.8430232405662537,0.7151162624359131,0.7267441749572754,0.7441860437393188,0.8255813717842102,0.9244186282157898,0.7383720874786377,0.8139534592628479,0.7267441749572754,0.8081395626068115,0.819767415523529,0.895348846912384,0.8720930218696594,0.6569767594337463,0.7267441749572754,0.7325581312179565,0.6860465407371521,0.7325581312179565,0.9127907156944275,0.75,0.8081395626068115,0.7906976938247681,0.854651153087616,0.7325581312179565,0.7790697813034058,0.7790697813034058,0.7674418687820435,0.7209302186965942,0.7906976938247681,0.895348846912384,0.8488371968269348,0.7848837375640869,0.8139534592628479,0.7441860437393188,0.7616279125213623,0.7558139562606812,0.930232584476471,0.8604651093482971,0.8023256063461304,0.9593023061752319,0.8488371968269348,0.930232584476471,0.9360465407371521,0.7965116500854492,0.8139534592628479,0.930232584476471,0.819767415523529,0.8662790656089783,0.8081395626068115,0.8488371968269348,0.7558139562606812,1.0,0.8255813717842102,0.8662790656089783,0.9011628031730652,0.7790697813034058,0.8720930218696594,0.7790697813034058,0.9127907156944275,0.9651162624359131,0.9767441749572754,0.819767415523529,0.15697674453258514,0.0,0.15697674453258514,0.819767415523529,0.9767441749572754,0.9651162624359131,0.9127907156944275,0.7790697813034058,0.8720930218696594,0.7790697813034058,0.9011628031730652,0.8662790656089783,0.8255813717842102,1.0,0.7558139562606812,0.8488371968269348,0.8081395626068115,0.8662790656089783,0.819767415523529,0.930232584476471,0.8139534592628479,0.7965116500854492,0.9360465407371521,0.930232584476471,0.8488371968269348,0.9593023061752319,0.8023256063461304,0.8604651093482971,0.930232584476471,0.7558139562606812,0.7616279125213623,0.7441860437393188,0.8139534592628479,0.7848837375640869,0.8488371968269348,0.895348846912384,0.7906976938247681,0.7209302186965942,0.7674418687820435,0.7790697813034058,0.7790697813034058,0.7325581312179565,0.854651153087616,0.7906976938247681,0.8081395626068115,0.75,0.9127907156944275,0.7325581312179565,0.6860465407371521,0.7325581312179565,0.7267441749572754,0.6569767594337463,0.8720930218696594,0.895348846912384,0.819767415523529,0.8081395626068115,0.7267441749572754,0.8139534592628479,0.7383720874786377,0.9244186282157898,0.8255813717842102,0.7441860437393188,0.7267441749572754,0.7151162624359131,0.8430232405662537,0.7732558250427246,0.7790697813034058,0.7732558250427246,0.8023256063461304,0.7790697813034058,0.7906976938247681,0.7267441749572754,0.8313953280448914,0.8255813717842102,0.9011628031730652,0.7267441749572754,0.9709302186965942,0.9011628031730652,0.7325581312179565,0.7558139562606812,0.7034883499145508,0.7383720874786377,0.8081395626068115,0.9476743936538696,0.8779069781303406,0.7674418687820435,0.7906976938247681,0.6337209343910217,0.9825581312179565,0.7906976938247681,0.7732558250427246,0.7906976938247681,0.8779069781303406,0.8372092843055725,0.75,0.7558139562606812,0.6976743936538696,0.8313953280448914,0.7325581312179565,0.7906976938247681,0.8604651093482971,0.3372093141078949
0.1434262990951538,0.32270917296409607,0.350597620010376,0.3625498116016388,0.3027888536453247,0.350597620010376,0.31075698137283325,0.36653387546539307,0.3784860670566559,0.34262949228286743,0.41035857796669006,0.3585657477378845,0.2868525981903076,0.33864542841911316,0.4063745141029358,0.3625498116016388,0.31075698137283325,0.3466135561466217,0.3625498116016388,0.32270917296409607,0.4741035997867584,0.33864542841911316,0.3625498116016388,0.36653387546539307,0.3585657477378845,0.39840638637542725,0.32669323682785034,0.3625498116016388,0.33864542841911316,0.32270917296409607,0.38247013092041016,0.2868525981903076,0.306772917509079,0.3466135561466217,0.3784860670566559,0.350597620010376,0.3784860670566559,0.3306773006916046,0.36653387546539307,0.3904382586479187,0.38645419478416443,0.3306773006916046,0.33864542841911316,0.32669323682785034,0.37051793932914734,0.3625498116016388,0.4183267056941986,0.3306773006916046,0.3625498116016388,0.2788844704627991,0.3784860670566559,0.32669323682785034,0.3187251091003418,0.3585657477378845,0.38645419478416443,0.3306773006916046,0.35458168387413025,0.4223107695579529,0.35458168387413025,0.3904382586479187,0.36653387546539307,0.3466135561466217,0.3466135561466217,0.31075698137283325,0.4023904502391815,0.3187251091003418,0.3784860670566559,0.394422322511673,0.29482072591781616,0.36653387546539307,0.3745020031929016,0.3904382586479187,0.350597620010376,0.41434264183044434,0.3745020031929016,0.4661354720592499,0.4063745141029358,0.44223108887672424,0.48605579137802124,0.4741035997867584,0.5059760808944702,0.45816734433174133,0.49800798296928406,0.4940239191055298,0.47011953592300415,0.5099601745605469,0.6095617413520813,0.6374502182006836,0.6772908568382263,0.6175298690795898,0.6693227291107178,0.6772908568382263,0.6254979968070984,0.6852589845657349,0.6733067631721497,0.8087649345397949,0.8645418286323547,0.9880478382110596,1.0,0.08366534113883972,0.0,0.08366534113883972,1.0,0.9880478382110596,0.8645418286323547,0.8087649345397949,0.6733067631721497,0.6852589845657349,0.6254979968070984,0.6772908568382263,0.6693227291107178,0.6175298690795898,0.6772908568382263,0.6374502182006836,0.6095617413520813,0.5099601745605469,0.47011953592300415,0.4940239191055298,0.49800798296928406,0.45816734433174133,0.5059760808944702,0.4741035997867584,0.48605579137802124,0.44223108887672424,0.4063745141029358,0.4661354720592499,0.3745020031929016,0.41434264183044434,0.350597620010376,0.3904382586479187,0.3745020031929016,0.36653387546539307,0.29482072591781616,0.394422322511673,0.3784860670566559,0.3187251091003418,0.4023904502391815,0.31075698137283325,0.3466135561466217,0.3466135561466217,0.36653387546539307,0.3904382586479187,0.35458168387413025,0.4223107695579529,0.35458168387413025,0.3306773006916046,0.38645419478416443,0.3585657477378845,0.3187251091003418,0.32669323682785034,0.3784860670566559,0.2788844704627991,0.3625498116016388,0.3306773006916046,0.4183267056941986,0.3625498116016388,0.37051793932914734,0.32669323682785034,0.33864542841911316,0.3306773006916046,0.38645419478416443,0.3904382586479187,0.36653387546539307,0.3306773006916046,0.3784860670566559,0.350597620010376,0.3784860670566559,0.3466135561466217,0.306772917509079,0.2868525981903076,0.38247013092041016,0.32270917296409607,0.33864542841911316,0.3625498116016388,0.32669323682785034,0.39840638637542725,0.3585657477378845,0.36653387546539307,0.3625498116016388,0.33864542841911316,0.4741035997867584,0.32270917296409607,0.3625498116016388,0.3466135561466217,0.31075698137283325,0.3625498116016388,0.4063745141029358,0.33864542841911316,0.2868525981903076,0.3585657477378845,0.41035857796669006,0.34262949228286743,0.3784860670566559,0.36653387546539307,0.31075698137283325,0.350597620010376,0.3027888536453247,0.3625498116016388,0.350597620010376,0.32270917296409607,0.1434262990951538
0.376963347196579,0.8691099286079407,0.7801046967506409,0.8167539238929749,0.7696335315704346,0.8586387634277344,0.8481675386428833,0.8429319262504578,0.8324607610702515,0.8848167657852173,0.717277467250824,0.9424083828926086,0.7853403091430664,0.764397919178009,0.764397919178009,0.7748690843582153,0.717277467250824,0.7958115339279175,0.8219895362854004,0.7958115339279175,0.7591623067855835,0.801047146320343,0.926701545715332,0.8691099286079407,0.7434554696083069,0.9005235433578491,0.6806282997131348,0.764397919178009,0.7958115339279175,0.8062826991081238,0.801047146320343,0.7434554696083069,0.7382199168205261,0.6596858501434326,0.753926694393158,0.7329843044281006,0.7801046967506409,0.8272251486778259,0.6073298454284668,0.7958115339279175,0.8429319262504578,0.8062826991081238,0.8062826991081238,0.7905759215354919,0.8219895362854004,0.7801046967506409,0.8062826991081238,0.801047146320343,0.7591623067855835,0.8324607610702515,0.727748692035675,0.8219895362854004,0.7696335315704346,0.7225130796432495,0.7748690843582153,0.6806282997131348,0.8167539238929749,0.8062826991081238,0.7486910820007324,0.9581151604652405,0.7434554696083069,0.7696335315704346,0.801047146320343,0.7015706896781921,0.8743455410003662,0.7068063020706177,0.6230366230010986,0.8743455410003662,0.764397919178009,0.8848167657852173,0.7382199168205261,0.7853403091430664,0.8272251486778259,0.8429319262504578,0.6073298454284668,0.8795811533927917,0.8638743162155151,0.7853403091430664,0.8324607610702515,0.8691099286079407,0.7591623067855835,0.8952879309654236,0.764397919178009,0.7748690843582153,0.8062826991081238,0.8900523781776428,0.8481675386428833,0.8376963138580322,0.8272251486778259,0.9005235433578491,0.8638743162155151,0.8481675386428833,1.0,0.8481675386428833,0.9371727705001831,0.9947643876075745,0.9162303805351257,0.9738219976425171,0.9842932224273682,0.1884816735982895,0.0,0.1884816735982895,0.9842932224273682,0.9738219976425171,0.9162303805351257,0.9947643876075745,0.9371727705001831,0.8481675386428833,1.0,0.8481675386428833,0.8638743162155151,0.9005235433578491,0.8272251486778259,0.8376963138580322,0.8481675386428833,0.8900523781776428,0.8062826991081238,0.7748690843582153,0.764397919178009,0.8952879309654236,0.7591623067855835,0.8691099286079407,0.8324607610702515,0.7853403091430664,0.8638743162155151,0.8795811533927917,0.6073298454284668,0.8429319262504578,0.8272251486778259,0.7853403091430664,0.7382199168205261,0.8848167657852173,0.764397919178009,0.8743455410003662,0.6230366230010986,0.7068063020706177,0.8743455410003662,0.7015706896781921,0.801047146320343,0.7696335315704346,0.7434554696083069,0.9581151604652405,0.7486910820007324,0.8062826991081238,0.8167539238929749,0.6806282997131348,0.7748690843582153,0.7225130796432495,0.7696335315704346,0.8219895362854004,0.727748692035675,0.8324607610702515,0.7591623067855835,0.801047146320343,0.8062826991081238,0.7801046967506409,0.8219895362854004,0.7905759215354919,0.8062826991081238,0.8062826991081238,0.8429319262504578,0.7958115339279175,0.6073298454284668,0.8272251486778259,0.7801046967506409,0.7329843044281006,0.753926694393158,0.6596858501434326,0.7382199168205261,0.7434554696083069,0.801047146320343,0.8062826991081238,0.7958115339279175,0.764397919178009,0.6806282997131348,0.9005235433578491,0.7434554696083069,0.8691099286079407,0.926701545715332,0.801047146320343,0.7591623067855835,0.7958115339279175,0.8219895362854004,0.7958115339279175,0.717277467250824,0.7748690843582153,0.764397919178009,0.764397919178009,0.7853403091430664,0.9424083828926086,0.717277467250824,0.8848167657852173,0.8324607610702515,0.8429319262504578,0.8481675386428833,0.8586387634277344,0.7696335315704346,0.8167539238929749,0.7801046967506409,0.8691099286079407,0.376963347196579
0.1515151560306549,0.24915824830532074,0.27272728085517883,0.21548821032047272,0.22558923065662384,0.25589224696159363,0.27272728085517883,0.21212121844291687,0.25925925374031067,0.2053872048854828,0.25589224696159363,0.25589224696159363,0.2390572428703308,0.23232322931289673,0.23232322931289673,0.27272728085517883,0.20875421166419983,0.21885521709918976,0.27272728085517883,0.23232322931289673,0.2457912415266037,0.24915824830532074,0.2626262605190277,0.2457912415266037,0.22558923065662384,0.28956228494644165,0.24915824830532074,0.2693602740764618,0.21212121844291687,0.18855218589305878,0.23232322931289673,0.17845118045806885,0.21212121844291687,0.22558923065662384,0.2760942876338959,0.2457912415266037,0.20202019810676575,0.25925925374031067,0.23232322931289673,0.2760942876338959,0.2457912415266037,0.2693602740764618,0.25589224696159363,0.2222222238779068,0.24915824830532074,0.23569023609161377,0.23569023609161377,0.2457912415266037,0.2289562225341797,0.2457912415266037,0.1750841736793518,0.2053872048854828,0.25589224696159363,0.25925925374031067,0.28956228494644165,0.2525252401828766,0.2525252401828766,0.25925925374031067,0.2457912415266037,0.28956228494644165,0.2996633052825928,0.27272728085517883,0.20202019810676575,0.2626262605190277,0.2457912415266037,0.2760942876338959,0.30639731884002686,0.24242424964904785,0.3097642958164215,0.2794612646102905,0.2861952781677246,0.30639731884002686,0.28282827138900757,0.2929292917251587,0.30639731884002686,0.30639731884002686,0.31313130259513855,0.3097642958164215,0.34343433380126953,0.30639731884002686,0.3265993297100067,0.3670033812522888,0.4343434274196625,0.3501683473587036,0.4276094138622284,0.46464645862579346,0.4781144857406616,0.4915824830532074,0.4511784613132477,0.6026936173439026,0.6565656661987305,0.5925925970077515,0.6666666865348816,0.6296296119689941,0.5892255902290344,0.7138047218322754,0.808080792427063,0.8821548819541931,1.0,0.20202019810676575,0.0,0.20202019810676575,1.0,0.8821548819541931,0.808080792427063,0.7138047218322754,0.5892255902290344,0.6296296119689941,0.6666666865348816,0.5925925970077515,0.6565656661987305,0.6026936173439026,0.4511784613132477,0.4915824830532074,0.4781144857406616,0.46464645862579346,0.4276094138622284,0.3501683473587036,0.4343434274196625,0.3670033812522888,0.3265993297100067,0.30639731884002686,0.34343433380126953,0.3097642958164215,0.31313130259513855,0.30639731884002686,0.30639731884002686,0.2929292917251587,0.28282827138900757,0.30639731884002686,0.2861952781677246,0.2794612646102905,0.3097642958164215,0.24242424964904785,0.30639731884002686,0.2760942876338959,0.2457912415266037,0.2626262605190277,0.20202019810676575,0.27272728085517883,0.2996633052825928,0.28956228494644165,0.2457912415266037,0.25925925374031067,0.2525252401828766,0.2525252401828766,0.28956228494644165,0.25925925374031067,0.25589224696159363,0.2053872048854828,0.1750841736793518,0.2457912415266037,0.2289562225341797,0.2457912415266037,0.23569023609161377,0.23569023609161377,0.24915824830532074,0.2222222238779068,0.25589224696159363,0.2693602740764618,0.2457912415266037,0.2760942876338959,0.23232322931289673,0.25925925374031067,0.20202019810676575,0.2457912415266037,0.2760942876338959,0.22558923065662384,0.21212121844291687,0.17845118045806885,0.23232322931289673,0.18855218589305878,0.21212121844291687,0.2693602740764618,0.24915824830532074,0.28956228494644165,0.22558923065662384,0.2457912415266037,0.2626262605190277,0.24915824830532074,0.2457912415266037,0.23232322931289673,0.27272728085517883,0.21885521709918976,0.20875421166419983,0.27272728085517883,0.23232322931289673,0.23232322931289673,0.2390572428703308,0.25589224696159363,0.25589224696159363,0.2053872048854828,0.25925925374031067,0.21212121844291687,0.27272728085517883,0.25589224696159363,0.22558923065662384,0.21548821032047272,0.27272728085517883,0.24915824830532074,0.1515151560306549
0.2977527976036072,0.7640449404716492,0.6685393452644348,0.6067415475845337,0.5617977380752563,0.617977499961853,0.5730336904525757,0.567415714263916,0.5393258333206177,0.584269642829895,0.5224719047546387,0.6460674405097961,0.5617977380752563,0.7415730357170105,0.6292135119438171,0.6348314881324768,0.449438214302063,0.6629213690757751,0.5617977380752563,0.584269642829895,0.6573033928871155,0.7078651785850525,0.6348314881324768,0.617977499961853,0.6235954761505127,0.584269642829895,0.6235954761505127,0.5617977380752563,0.533707857131958,0.5786516666412354,0.5786516666412354,0.6348314881324768,0.6460674405097961,0.7247191071510315,0.6685393452644348,0.6292135119438171,0.5449438095092773,0.6235954761505127,0.6292135119438171,0.584269642829895,0.6853932738304138,0.466292142868042,0.6741573214530945,0.6797752976417542,0.5112359523773193,0.6460674405097961,0.6348314881324768,0.584269642829895,0.6348314881324768,0.584269642829895,0.617977499961853,0.550561785697937,0.5786516666412354,0.6573033928871155,0.533707857131958,0.6573033928871155,0.6685393452644348,0.6910112500190735,0.7584269642829895,0.6910112500190735,0.6348314881324768,0.5449438095092773,0.6516854166984558,0.6123595237731934,0.6685393452644348,0.6348314881324768,0.7359550595283508,0.6460674405097961,0.6516854166984558,0.6685393452644348,0.6573033928871155,0.584269642829895,0.5898876190185547,0.6910112500190735,0.6460674405097961,0.6235954761505127,0.7022472023963928,0.6966292262077332,0.7191011309623718,0.7022472023963928,0.7471910119056702,0.8146067261695862,0.6573033928871155,0.6853932738304138,0.7191011309623718,0.7977527976036072,0.8089887499809265,0.6910112500190735,0.7921348214149475,0.7865168452262878,1.0,0.6966292262077332,0.8595505356788635,0.8764045238494873,0.8483145833015442,0.8539325594902039,0.8932584524154663,0.9606741666793823,0.9606741666793823,0.20224718749523163,0.0,0.20224718749523163,0.9606741666793823,0.9606741666793823,0.8932584524154663,0.8539325594902039,0.8483145833015442,0.8764045238494873,0.8595505356788635,0.6966292262077332,1.0,0.7865168452262878,0.7921348214149475,0.6910112500190735,0.8089887499809265,0.7977527976036072,0.7191011309623718,0.6853932738304138,0.6573033928871155,0.8146067261695862,0.7471910119056702,0.7022472023963928,0.7191011309623718,0.6966292262077332,0.7022472023963928,0.6235954761505127,0.6460674405097961,0.6910112500190735,0.5898876190185547,0.584269642829895,0.6573033928871155,0.6685393452644348,0.6516854166984558,0.6460674405097961,0.7359550595283508,0.6348314881324768,0.6685393452644348,0.6123595237731934,0.6516854166984558,0.5449438095092773,0.6348314881324768,0.6910112500190735,0.7584269642829895,0.6910112500190735,0.6685393452644348,0.6573033928871155,0.533707857131958,0.6573033928871155,0.5786516666412354,0.550561785697937,0.617977499961853,0.584269642829895,0.6348314881324768,0.584269642829895,0.6348314881324768,0.6460674405097961,0.5112359523773193,0.6797752976417542,0.6741573214530945,0.466292142868042,0.6853932738304138,0.584269642829895,0.6292135119438171,0.6235954761505127,0.5449438095092773,0.6292135119438171,0.6685393452644348,0.7247191071510315,0.6460674405097961,0.6348314881324768,0.5786516666412354,0.5786516666412354,0.533707857131958,0.5617977380752563,0.6235954761505127,0.584269642829895,0.6235954761505127,0.617977499961853,0.6348314881324768,0.7078651785850525,0.6573033928871155,0.584269642829895,0.5617977380752563,0.6629213690757751,0.449438214302063,0.6348314881324768,0.6292135119438171,0.7415730357170105,0.5617977380752563,0.6460674405097961,0.5224719047546387,0.584269642829895,0.5393258333206177,0.567415714263916,0.5730336904525757,0.617977499961853,0.5617977380752563,0.6067415475845337,0.6685393452644348,0.7640449404716492,0.2977527976036072
0.3207547068595886,0.7924528121948242,0.8679245114326477,0.7924528121948242,0.6792452931404114,0.7735849022865295,0.698113203048706,0.698113203048706,0.849056601524353,0.6603773832321167,0.7547169923782349,0.849056601524353,0.7169811129570007,0.6226415038108826,0.6603773832321167,0.8301886916160583,0.5849056839942932,0.6792452931404114,0.7924528121948242,0.8301886916160583,0.9433962106704712,0.6603773832321167,0.9622641801834106,0.8301886916160583,0.8301886916160583,0.698113203048706,0.9245283007621765,0.5849056839942932,0.7735849022865295,0.7358490824699402,0.7547169923782349,0.8679245114326477,0.7358490824699402,0.5283018946647644,0.8679245114326477,0.7924528121948242,0.6037735939025879,0.4528301954269409,0.6603773832321167,0.6415094137191772,0.6603773832321167,0.7169811129570007,0.7924528121948242,0.7169811129570007,0.7735849022865295,0.5660377144813538,0.9622641801834106,0.8301886916160583,0.8867924809455872,0.7169811129570007,0.5849056839942932,0.6792452931404114,0.9245283007621765,0.6415094137191772,0.5660377144813538,0.7735849022865295,0.6792452931404114,0.6792452931404114,0.6792452931404114,0.4528301954269409,0.849056601524353,0.849056601524353,0.35849055647850037,0.7169811129570007,0.5849056839942932,0.7358490824699402,0.7547169923782349,0.8301886916160583,0.9433962106704712,0.7547169923782349,0.7358490824699402,0.7735849022865295,0.6603773832321167,0.698113203048706,0.5660377144813538,0.6603773832321167,0.7358490824699402,0.6226415038108826,0.6415094137191772,0.6226415038108826,0.6226415038108826,0.7169811129570007,0.6603773832321167,0.8113207817077637,0.849056601524353,0.7169811129570007,0.9622641801834106,0.6792452931404114,0.7924528121948242,0.6603773832321167,0.698113203048706,0.6415094137191772,1.0,0.7169811129570007,0.7924528121948242,0.6792452931404114,0.6792452931404114,0.6415094137191772,0.7924528121948242,0.11320754885673523,0.0,0.11320754885673523,0.7924528121948242,0.6415094137191772,0.6792452931404114,0.6792452931404114,0.7924528121948242,0.7169811129570007,1.0,0.6415094137191772,0.698113203048706,0.6603773832321167,0.7924528121948242,0.6792452931404114,0.9622641801834106,0.7169811129570007,0.849056601524353,0.8113207817077637,0.6603773832321167,0.7169811129570007,0.6226415038108826,0.6226415038108826,0.6415094137191772,0.6226415038108826,0.7358490824699402,0.6603773832321167,0.5660377144813538,0.698113203048706,0.6603773832321167,0.7735849022865295,0.7358490824699402,0.7547169923782349,0.9433962106704712,0.8301886916160583,0.7547169923782349,0.7358490824699402,0.5849056839942932,0.7169811129570007,0.35849055647850037,0.849056601524353,0.849056601524353,0.4528301954269409,0.6792452931404114,0.6792452931404114,0.6792452931404114,0.7735849022865295,0.5660377144813538,0.6415094137191772,0.9245283007621765,0.6792452931404114,0.5849056839942932,0.7169811129570007,0.8867924809455872,0.8301886916160583,0.9622641801834106,0.5660377144813538,0.7735849022865295,0.7169811129570007,0.7924528121948242,0.7169811129570007,0.6603773832321167,0.6415094137191772,0.6603773832321167,0.4528301954269409,0.6037735939025879,0.7924528121948242,0.8679245114326477,0.5283018946647644,0.7358490824699402,0.8679245114326477,0.7547169923782349,0.7358490824699402,0.7735849022865295,0.5849056839942932,0.9245283007621765,0.698113203048706,0.8301886916160583,0.8301886916160583,0.9622641801834106,0.6603773832321167,0.9433962106704712,0.8301886916160583,0.7924528121948242,0.6792452931404114,0.5849056839942932,0.8301886916160583,0.6603773832321167,0.6226415038108826,0.7169811129570007,0.849056601524353,0.7547169923782349,0.6603773832321167,0.849056601524353,0.698113203048706,0.698113203048706,0.7735849022865295,0.6792452931404114,0.7924528121948242,0.8679245114326477,0.7924528121948242,0.3207547068595886
0.24731183052062988,0.5591397881507874,0.6881720423698425,0.5698924660682678,0.5483871102333069,0.4516128897666931,0.5806451439857483,0.4838709533214569,0.6129032373428345,0.5483871102333069,0.4193548262119293,0.7096773982048035,0.4838709533214569,0.5376344323158264,0.5161290168762207,0.4838709533214569,0.47311827540397644,0.47311827540397644,0.47311827540397644,0.5376344323158264,0.7526881694793701,0.5376344323158264,0.6236559152603149,0.5161290168762207,0.6344085931777954,0.5591397881507874,0.6881720423698425,0.5806451439857483,0.46236559748649597,0.5698924660682678,0.5591397881507874,0.5053763389587402,0.5806451439857483,0.4193548262119293,0.46236559748649597,0.5161290168762207,0.5268816947937012,0.44086021184921265,0.49462366104125977,0.5053763389587402,0.6236559152603149,0.46236559748649597,0.602150559425354,0.3870967626571655,0.4193548262119293,0.4516128897666931,0.5376344323158264,0.6129032373428345,0.47311827540397644,0.5591397881507874,0.5161290168762207,0.46236559748649597,0.5376344323158264,0.4193548262119293,0.49462366104125977,0.5483871102333069,0.5806451439857483,0.5268816947937012,0.4838709533214569,0.49462366104125977,0.5591397881507874,0.602150559425354,0.5806451439857483,0.5698924660682678,0.3978494703769684,0.5913978219032288,0.47311827540397644,0.47311827540397644,0.47311827540397644,0.602150559425354,0.5806451439857483,0.6451612710952759,0.4838709533214569,0.7419354915618896,0.5053763389587402,0.5161290168762207,0.5483871102333069,0.5913978219032288,0.602150559425354,0.4838709533214569,0.602150559425354,0.6129032373428345,0.6344085931777954,0.602150559425354,0.5591397881507874,0.7634408473968506,0.6666666865348816,0.5913978219032288,0.7634408473968506,0.7956989407539368,0.6881720423698425,0.6881720423698425,0.602150559425354,0.7204301357269287,0.6344085931777954,1.0,0.9677419066429138,0.9462365508079529,0.9569892287254333,0.2688172161579132,0.0,0.2688172161579132,0.9569892287254333,0.9462365508079529,0.9677419066429138,1.0,0.6344085931777954,0.7204301357269287,0.602150559425354,0.6881720423698425,0.6881720423698425,0.7956989407539368,0.7634408473968506,0.5913978219032288,0.6666666865348816,0.7634408473968506,0.5591397881507874,0.602150559425354,0.6344085931777954,0.6129032373428345,0.602150559425354,0.4838709533214569,0.602150559425354,0.5913978219032288,0.5483871102333069,0.5161290168762207,0.5053763389587402,0.7419354915618896,0.4838709533214569,0.6451612710952759,0.5806451439857483,0.602150559425354,0.47311827540397644,0.47311827540397644,0.47311827540397644,0.5913978219032288,0.3978494703769684,0.5698924660682678,0.5806451439857483,0.602150559425354,0.5591397881507874,0.49462366104125977,0.4838709533214569,0.5268816947937012,0.5806451439857483,0.5483871102333069,0.49462366104125977,0.4193548262119293,0.5376344323158264,0.46236559748649597,0.5161290168762207,0.5591397881507874,0.47311827540397644,0.6129032373428345,0.5376344323158264,0.4516128897666931,0.4193548262119293,0.3870967626571655,0.602150559425354,0.46236559748649597,0.6236559152603149,0.5053763389587402,0.49462366104125977,0.44086021184921265,0.5268816947937012,0.5161290168762207,0.46236559748649597,0.4193548262119293,0.5806451439857483,0.5053763389587402,0.5591397881507874,0.5698924660682678,0.46236559748649597,0.5806451439857483,0.6881720423698425,0.5591397881507874,0.6344085931777954,0.5161290168762207,0.6236559152603149,0.5376344323158264,0.7526881694793701,0.5376344323158264,0.47311827540397644,0.47311827540397644,0.47311827540397644,0.4838709533214569,0.5161290168762207,0.5376344323158264,0.4838709533214569,0.7096773982048035,0.4193548262119293,0.5483871102333069,0.6129032373428345,0.4838709533214569,0.5806451439857483,0.4516128897666931,0.5483871102333069,0.5698924660682678,0.6881720423698425,0.5591397881507874,0.24731183052062988
0.29032257199287415,0.7016128897666931,0.6532257795333862,0.7338709831237793,0.75,0.7016128897666931,0.6290322542190552,0.6693548560142517,0.6451612710952759,0.5564516186714172,0.6370967626571655,0.6209677457809448,0.5806451439857483,0.7822580933570862,0.774193525314331,0.7580645084381104,0.7177419066429138,0.8629032373428345,0.75,0.725806474685669,0.6209677457809448,0.6774193644523621,0.6209677457809448,0.8225806355476379,0.6612903475761414,0.6048387289047241,0.6048387289047241,0.5725806355476379,0.6854838728904724,0.5887096524238586,0.774193525314331,0.7580645084381104,0.774193525314331,0.6532257795333862,0.6774193644523621,0.7096773982048035,0.75,0.6209677457809448,0.7016128897666931,0.6612903475761414,0.7419354915618896,0.7096773982048035,0.6935483813285828,0.5725806355476379,0.6451612710952759,0.7983871102333069,0.6612903475761414,0.6774193644523621,1.0,0.7016128897666931,0.6774193644523621,0.6693548560142517,0.6693548560142517,0.5887096524238586,0.7661290168762207,0.75,0.6451612710952759,0.75,0.6612903475761414,0.6451612710952759,0.5967742204666138,0.8064516186714172,0.6048387289047241,0.725806474685669,0.6370967626571655,0.5725806355476379,0.5322580933570862,0.5161290168762207,0.7822580933570862,0.7177419066429138,0.7177419066429138,0.5967742204666138,0.6693548560142517,0.6612903475761414,0.6129032373428345,0.47580644488334656,0.5645161271095276,0.7177419066429138,0.6532257795333862,0.6854838728904724,0.774193525314331,0.8145161271095276,0.7419354915618896,0.7822580933570862,0.7419354915618896,0.6129032373428345,0.6451612710952759,0.6612903475761414,0.725806474685669,0.7903226017951965,0.75,0.6854838728904724,0.9032257795333862,0.7661290168762207,0.6612903475761414,0.6854838728904724,0.774193525314331,0.725806474685669,0.7822580933570862,0.08064515888690948,0.0,0.08064515888690948,0.7822580933570862,0.725806474685669,0.774193525314331,0.6854838728904724,0.6612903475761414,0.7661290168762207,0.9032257795333862,0.6854838728904724,0.75,0.7903226017951965,0.725806474685669,0.6612903475761414,0.6451612710952759,0.6129032373428345,0.7419354915618896,0.7822580933570862,0.7419354915618896,0.8145161271095276,0.774193525314331,0.6854838728904724,0.6532257795333862,0.7177419066429138,0.5645161271095276,0.47580644488334656,0.6129032373428345,0.6612903475761414,0.6693548560142517,0.5967742204666138,0.7177419066429138,0.7177419066429138,0.7822580933570862,0.5161290168762207,0.5322580933570862,0.5725806355476379,0.6370967626571655,0.725806474685669,0.6048387289047241,0.8064516186714172,0.5967742204666138,0.6451612710952759,0.6612903475761414,0.75,0.6451612710952759,0.75,0.7661290168762207,0.5887096524238586,0.6693548560142517,0.6693548560142517,0.6774193644523621,0.7016128897666931,1.0,0.6774193644523621,0.6612903475761414,0.7983871102333069,0.6451612710952759,0.5725806355476379,0.6935483813285828,0.7096773982048035,0.7419354915618896,0.6612903475761414,0.7016128897666931,0.6209677457809448,0.75,0.7096773982048035,0.6774193644523621,0.6532257795333862,0.774193525314331,0.7580645084381104,0.774193525314331,0.5887096524238586,0.6854838728904724,0.5725806355476379,0.6048387289047241,0.6048387289047241,0.6612903475761414,0.8225806355476379,0.6209677457809448,0.6774193644523621,0.6209677457809448,0.725806474685669,0.75,0.8629032373428345,0.7177419066429138,0.7580645084381104,0.774193525314331,0.7822580933570862,0.5806451439857483,0.6209677457809448,0.6370967626571655,0.5564516186714172,0.6451612710952759,0.6693548560142517,0.6290322542190552,0.7016128897666931,0.75,0.7338709831237793,0.6532257795333862,0.7016128897666931,0.29032257199287415
0.41584157943725586,0.9603960514068604,0.6138613820075989,0.9009901285171509,0.8118811845779419,0.7128713130950928,0.8811880946159363,0.7425742745399475,0.7425742745399475,0.8811880946159363,0.8514851331710815,0.7623762488365173,0.9801980257034302,0.8217821717262268,0.9009901285171509,0.7425742745399475,0.8712871074676514,0.8118811845779419,0.7821782231330872,0.9306930899620056,0.9801980257034302,0.7029703259468079,0.6633663177490234,0.7524752616882324,0.7722772359848022,0.7722772359848022,0.7722772359848022,1.0,0.8910890817642212,0.7227723002433777,0.9009901285171509,0.7920792102813721,0.8712871074676514,0.8415841460227966,0.6435643434524536,0.8712871074676514,0.7920792102813721,0.7326732873916626,0.8316831588745117,0.7524752616882324,0.9900990128517151,0.7227723002433777,0.8118811845779419,0.7326732873916626,0.9504950642585754,0.8514851331710815,0.8514851331710815,0.8118811845779419,0.7029703259468079,0.9702970385551453,0.7128713130950928,0.7128713130950928,0.7326732873916626,0.5247524976730347,0.7722772359848022,0.7623762488365173,0.8118811845779419,0.8415841460227966,0.6930692791938782,0.7920792102813721,0.7029703259468079,0.7326732873916626,0.7227723002433777,0.8316831588745117,0.9108911156654358,0.6534653306007385,0.8811880946159363,0.6534653306007385,0.8118811845779419,0.7821782231330872,0.8712871074676514,0.9207921028137207,0.7326732873916626,0.6336633563041687,0.7128713130950928,0.7227723002433777,0.7128713130950928,0.6336633563041687,0.7128713130950928,0.6534653306007385,0.7425742745399475,0.8712871074676514,0.8217821717262268,0.8613861203193665,0.8316831588745117,0.6831682920455933,0.8118811845779419,0.7722772359848022,0.8217821717262268,0.8811880946159363,0.8118811845779419,0.9108911156654358,0.7821782231330872,0.8910890817642212,0.7722772359848022,0.7821782231330872,0.7821782231330872,0.7920792102813721,0.7425742745399475,0.10891088843345642,0.0,0.10891088843345642,0.7425742745399475,0.7920792102813721,0.7821782231330872,0.7821782231330872,0.7722772359848022,0.8910890817642212,0.7821782231330872,0.9108911156654358,0.8118811845779419,0.8811880946159363,0.8217821717262268,0.7722772359848022,0.8118811845779419,0.6831682920455933,0.8316831588745117,0.8613861203193665,0.8217821717262268,0.8712871074676514,0.7425742745399475,0.6534653306007385,0.7128713130950928,0.6336633563041687,0.7128713130950928,0.7227723002433777,0.7128713130950928,0.6336633563041687,0.7326732873916626,0.9207921028137207,0.8712871074676514,0.7821782231330872,0.8118811845779419,0.6534653306007385,0.8811880946159363,0.6534653306007385,0.9108911156654358,0.8316831588745117,0.7227723002433777,0.7326732873916626,0.7029703259468079,0.7920792102813721,0.6930692791938782,0.8415841460227966,0.8118811845779419,0.7623762488365173,0.7722772359848022,0.5247524976730347,0.7326732873916626,0.7128713130950928,0.7128713130950928,0.9702970385551453,0.7029703259468079,0.8118811845779419,0.8514851331710815,0.8514851331710815,0.9504950642585754,0.7326732873916626,0.8118811845779419,0.7227723002433777,0.9900990128517151,0.7524752616882324,0.8316831588745117,0.7326732873916626,0.7920792102813721,0.8712871074676514,0.6435643434524536,0.8415841460227966,0.8712871074676514,0.7920792102813721,0.9009901285171509,0.7227723002433777,0.8910890817642212,1.0,0.7722772359848022,0.7722772359848022,0.7722772359848022,0.7524752616882324,0.6633663177490234,0.7029703259468079,0.9801980257034302,0.9306930899620056,0.7821782231330872,0.8118811845779419,0.8712871074676514,0.7425742745399475,0.9009901285171509,0.8217821717262268,0.9801980257034302,0.7623762488365173,0.8514851331710815,0.8811880946159363,0.7425742745399475,0.7425742745399475,0.8811880946159363,0.7128713130950928,0.8118811845779419,0.9009901285171509,0.6138613820075989,0.9603960514068604,0.41584157943725586
0.3052631616592407,0.7263157963752747,0.621052622795105,0.821052610874176,0.7157894968986511,0.800000011920929,0.7157894968986511,0.6947368383407593,0.8842105269432068,0.7473683953285217,0.8421052694320679,0.6947368383407593,0.8421052694320679,0.6947368383407593,0.6105263233184814,0.6842105388641357,0.7263157963752747,0.821052610874176,0.6842105388641357,0.6736842393875122,0.8526315689086914,0.6947368383407593,0.6315789222717285,0.8736842274665833,0.6842105388641357,0.821052610874176,0.6526315808296204,0.75789475440979,0.75789475440979,0.7157894968986511,0.75789475440979,0.7789473533630371,0.6842105388641357,0.75789475440979,0.75789475440979,0.6421052813529968,0.621052622795105,0.7368420958518982,0.7368420958518982,0.6842105388641357,0.8526315689086914,0.7473683953285217,0.5684210658073425,0.6421052813529968,0.75789475440979,0.800000011920929,0.6947368383407593,0.7473683953285217,0.5894736647605896,0.821052610874176,0.9263157844543457,0.8526315689086914,0.75789475440979,0.557894766330719,0.7052631378173828,0.800000011920929,0.6736842393875122,0.6631578803062439,0.5894736647605896,0.7684210538864136,0.7473683953285217,0.75789475440979,0.9052631855010986,0.6947368383407593,0.7894737124443054,0.7052631378173828,0.75789475440979,0.8526315689086914,0.7684210538864136,0.8842105269432068,0.5789473652839661,0.7157894968986511,0.9157894849777222,0.9052631855010986,0.8315789699554443,0.6631578803062439,0.821052610874176,0.8105263113975525,0.8526315689086914,0.7789473533630371,0.7157894968986511,0.6315789222717285,0.7263157963752747,0.7473683953285217,0.7368420958518982,0.7368420958518982,0.6526315808296204,0.7052631378173828,0.800000011920929,0.7368420958518982,0.6421052813529968,0.75789475440979,0.6842105388641357,1.0,0.7368420958518982,0.7157894968986511,0.6842105388641357,0.7684210538864136,0.8947368264198303,0.0736842080950737,0.0,0.0736842080950737,0.8947368264198303,0.7684210538864136,0.6842105388641357,0.7157894968986511,0.7368420958518982,1.0,0.6842105388641357,0.75789475440979,0.6421052813529968,0.7368420958518982,0.800000011920929,0.7052631378173828,0.6526315808296204,0.7368420958518982,0.7368420958518982,0.7473683953285217,0.7263157963752747,0.6315789222717285,0.7157894968986511,0.7789473533630371,0.8526315689086914,0.8105263113975525,0.821052610874176,0.6631578803062439,0.8315789699554443,0.9052631855010986,0.9157894849777222,0.7157894968986511,0.5789473652839661,0.8842105269432068,0.7684210538864136,0.8526315689086914,0.75789475440979,0.7052631378173828,0.7894737124443054,0.6947368383407593,0.9052631855010986,0.75789475440979,0.7473683953285217,0.7684210538864136,0.5894736647605896,0.6631578803062439,0.6736842393875122,0.800000011920929,0.7052631378173828,0.557894766330719,0.75789475440979,0.8526315689086914,0.9263157844543457,0.821052610874176,0.5894736647605896,0.7473683953285217,0.6947368383407593,0.800000011920929,0.75789475440979,0.6421052813529968,0.5684210658073425,0.7473683953285217,0.8526315689086914,0.6842105388641357,0.7368420958518982,0.7368420958518982,0.621052622795105,0.6421052813529968,0.75789475440979,0.75789475440979,0.6842105388641357,0.7789473533630371,0.75789475440979,0.7157894968986511,0.75789475440979,0.75789475440979,0.6526315808296204,0.821052610874176,0.6842105388641357,0.8736842274665833,0.6315789222717285,0.6947368383407593,0.8526315689086914,0.6736842393875122,0.6842105388641357,0.821052610874176,0.7263157963752747,0.6842105388641357,0.6105263233184814,0.6947368383407593,0.8421052694320679,0.6947368383407593,0.8421052694320679,0.7473683953285217,0.8842105269432068,0.6947368383407593,0.7157894968986511,0.800000011920929,0.7157894968986511,0.821052610874176,0.621052622795105,0.7263157963752747,0.3052631616592407
0.4175824224948883,0.791208803653717,0.6593406796455383,0.593406617641449,0.8461538553237915,0.7032967209815979,0.7142857313156128,0.8021978139877319,0.8021978139877319,0.791208803653717,0.7692307829856873,0.8461538553237915,0.8571428656578064,0.7582417726516724,0.7472527623176575,1.0,0.8241758346557617,0.7802197933197021,0.7142857313156128,0.8461538553237915,0.8791208863258362,0.8131868243217468,0.7362637519836426,0.8681318759918213,0.7472527623176575,0.6483516693115234,0.791208803653717,0.692307710647583,0.9120879173278809,0.6483516693115234,0.7802197933197021,0.6593406796455383,0.8681318759918213,0.8571428656578064,0.8351648449897766,0.8901098966598511,0.8571428656578064,0.8791208863258362,0.8791208863258362,0.8351648449897766,0.6263736486434937,0.7032967209815979,0.7802197933197021,0.8791208863258362,0.6813187003135681,0.7142857313156128,0.7252747416496277,0.6593406796455383,0.6593406796455383,0.7032967209815979,0.8461538553237915,0.8241758346557617,0.791208803653717,0.6043956279754639,0.8241758346557617,0.8571428656578064,0.7252747416496277,0.9120879173278809,0.7362637519836426,0.8021978139877319,0.7802197933197021,0.6263736486434937,0.8351648449897766,0.8791208863258362,0.6813187003135681,0.8901098966598511,0.7142857313156128,0.6373626589775085,0.7582417726516724,0.8571428656578064,0.7252747416496277,0.692307710647583,0.791208803653717,0.5494505763053894,0.8131868243217468,0.692307710647583,0.6373626589775085,0.9340659379959106,0.7252747416496277,0.6593406796455383,0.8351648449897766,0.9780219793319702,0.6593406796455383,0.7032967209815979,0.8901098966598511,0.8021978139877319,0.9450549483299255,0.7032967209815979,0.7362637519836426,0.7692307829856873,0.7252747416496277,0.791208803653717,0.7692307829856873,0.7362637519836426,0.6373626589775085,0.8681318759918213,0.8901098966598511,0.9340659379959106,0.7142857313156128,0.09890110045671463,0.0,0.09890110045671463,0.7142857313156128,0.9340659379959106,0.8901098966598511,0.8681318759918213,0.6373626589775085,0.7362637519836426,0.7692307829856873,0.791208803653717,0.7252747416496277,0.7692307829856873,0.7362637519836426,0.7032967209815979,0.9450549483299255,0.8021978139877319,0.8901098966598511,0.7032967209815979,0.6593406796455383,0.9780219793319702,0.8351648449897766,0.6593406796455383,0.7252747416496277,0.9340659379959106,0.6373626589775085,0.692307710647583,0.8131868243217468,0.5494505763053894,0.791208803653717,0.692307710647583,0.7252747416496277,0.8571428656578064,0.7582417726516724,0.6373626589775085,0.7142857313156128,0.8901098966598511,0.6813187003135681,0.8791208863258362,0.8351648449897766,0.6263736486434937,0.7802197933197021,0.8021978139877319,0.7362637519836426,0.9120879173278809,0.7252747416496277,0.8571428656578064,0.8241758346557617,0.6043956279754639,0.791208803653717,0.8241758346557617,0.8461538553237915,0.7032967209815979,0.6593406796455383,0.6593406796455383,0.7252747416496277,0.7142857313156128,0.6813187003135681,0.8791208863258362,0.7802197933197021,0.7032967209815979,0.6263736486434937,0.8351648449897766,0.8791208863258362,0.8791208863258362,0.8571428656578064,0.8901098966598511,0.8351648449897766,0.8571428656578064,0.8681318759918213,0.6593406796455383,0.7802197933197021,0.6483516693115234,0.9120879173278809,0.692307710647583,0.791208803653717,0.6483516693115234,0.7472527623176575,0.8681318759918213,0.7362637519836426,0.8131868243217468,0.8791208863258362,0.8461538553237915,0.7142857313156128,0.7802197933197021,0.8241758346557617,1.0,0.7472527623176575,0.7582417726516724,0.8571428656578064,0.8461538553237915,0.7692307829856873,0.791208803653717,0.8021978139877319,0.8021978139877319,0.7142857313156128,0.7032967209815979,0.8461538553237915,0.593406617641449,0.6593406796455383,0.791208803653717,0.4175824224948883
0.3529411852359772,0.7352941036224365,0.5882353186607361,0.7352941036224365,0.5,0.5,0.6470588445663452,0.529411792755127,0.529411792755127,0.5588235259056091,0.6470588445663452,0.5588235259056091,0.7058823704719543,0.9117646813392639,0.6470588445663452,0.5588235259056091,0.7058823704719543,0.5,0.5882353186607361,0.6764705777168274,0.6470588445663452,0.3235294222831726,0.47058823704719543,0.47058823704719543,0.5588235259056091,0.6764705777168274,0.6176470518112183,0.7058823704719543,0.6176470518112183,0.5,0.6176470518112183,0.6176470518112183,0.7647058963775635,0.7352941036224365,0.5882353186607361,0.7941176295280457,0.3529411852359772,0.7058823704719543,0.8235294222831726,0.5,0.7352941036224365,0.529411792755127,0.8529411554336548,0.4117647111415863,0.7647058963775635,0.7941176295280457,0.7647058963775635,0.6764705777168274,0.5882353186607361,0.44117647409439087,0.6176470518112183,0.5588235259056091,0.7058823704719543,0.8529411554336548,0.6470588445663452,0.7058823704719543,0.4117647111415863,0.6764705777168274,0.5588235259056091,0.7058823704719543,0.6470588445663452,0.9117646813392639,0.8529411554336548,0.5588235259056091,0.7941176295280457,0.9411764740943909,0.6764705777168274,0.38235294818878174,0.6764705777168274,0.5882353186607361,0.7352941036224365,0.6764705777168274,0.8529411554336548,0.7941176295280457,0.6470588445663452,0.9117646813392639,0.6764705777168274,0.6764705777168274,0.7647058963775635,0.7352941036224365,0.38235294818878174,0.6176470518112183,0.9117646813392639,0.7058823704719543,0.529411792755127,0.7058823704719543,0.7647058963775635,0.8529411554336548,0.5882353186607361,0.7941176295280457,0.44117647409439087,0.6764705777168274,0.5588235259056091,0.6764705777168274,0.7941176295280457,1.0,0.7647058963775635,1.0,0.9411764740943909,0.029411764815449715,0.0,0.029411764815449715,0.9411764740943909,1.0,0.7647058963775635,1.0,0.7941176295280457,0.6764705777168274,0.5588235259056091,0.6764705777168274,0.44117647409439087,0.7941176295280457,0.5882353186607361,0.8529411554336548,0.7647058963775635,0.7058823704719543,0.529411792755127,0.7058823704719543,0.9117646813392639,0.6176470518112183,0.38235294818878174,0.7352941036224365,0.7647058963775635,0.6764705777168274,0.6764705777168274,0.9117646813392639,0.6470588445663452,0.7941176295280457,0.8529411554336548,0.6764705777168274,0.7352941036224365,0.5882353186607361,0.6764705777168274,0.38235294818878174,0.6764705777168274,0.9411764740943909,0.7941176295280457,0.5588235259056091,0.8529411554336548,0.9117646813392639,0.6470588445663452,0.7058823704719543,0.5588235259056091,0.6764705777168274,0.4117647111415863,0.7058823704719543,0.6470588445663452,0.8529411554336548,0.7058823704719543,0.5588235259056091,0.6176470518112183,0.44117647409439087,0.5882353186607361,0.6764705777168274,0.7647058963775635,0.7941176295280457,0.7647058963775635,0.4117647111415863,0.8529411554336548,0.529411792755127,0.7352941036224365,0.5,0.8235294222831726,0.7058823704719543,0.3529411852359772,0.7941176295280457,0.5882353186607361,0.7352941036224365,0.7647058963775635,0.6176470518112183,0.6176470518112183,0.5,0.6176470518112183,0.7058823704719543,0.6176470518112183,0.6764705777168274,0.5588235259056091,0.47058823704719543,0.47058823704719543,0.3235294222831726,0.6470588445663452,0.6764705777168274,0.5882353186607361,0.5,0.7058823704719543,0.5588235259056091,0.6470588445663452,0.9117646813392639,0.7058823704719543,0.5588235259056091,0.6470588445663452,0.5588235259056091,0.529411792755127,0.529411792755127,0.6470588445663452,0.5,0.5,0.7352941036224365,0.5882353186607361,0.7352941036224365,0.3529411852359772
0.30434781312942505,0.6739130616188049,0.782608687877655,0.782608687877655,0.9130434989929199,0.804347813129425,0.8913043737411499,0.717391312122345,0.760869562625885,0.8260869383811951,0.760869562625885,1.0,0.5,0.5869565010070801,0.47826087474823,0.782608687877655,0.8478260636329651,0.5652173757553101,0.52173912525177,0.695652186870575,0.5,0.695652186870575,0.5652173757553101,0.739130437374115,0.695652186870575,0.6086956262588501,0.6521739363670349,0.739130437374115,0.739130437374115,0.5652173757553101,0.717391312122345,0.6739130616188049,0.8478260636329651,0.5652173757553101,0.5652173757553101,0.695652186870575,0.8260869383811951,0.95652174949646,0.54347825050354,0.717391312122345,0.804347813129425,0.760869562625885,0.8478260636329651,0.6086956262588501,0.6086956262588501,0.5869565010070801,0.9130434989929199,0.6304348111152649,0.47826087474823,0.782608687877655,0.54347825050354,0.6739130616188049,0.6086956262588501,0.97826087474823,0.804347813129425,0.6521739363670349,0.6739130616188049,0.5652173757553101,0.6304348111152649,0.782608687877655,0.45652174949645996,0.8695651888847351,0.6521739363670349,0.5869565010070801,0.47826087474823,0.5652173757553101,0.5652173757553101,0.8260869383811951,0.54347825050354,0.6739130616188049,0.782608687877655,0.8260869383811951,0.6739130616188049,0.717391312122345,0.52173912525177,0.6739130616188049,0.6739130616188049,0.739130437374115,0.5652173757553101,0.8695651888847351,0.8913043737411499,0.782608687877655,0.6521739363670349,0.695652186870575,0.717391312122345,0.9130434989929199,0.6521739363670349,0.804347813129425,0.6304348111152649,0.760869562625885,0.739130437374115,0.804347813129425,0.695652186870575,0.8260869383811951,0.717391312122345,0.5869565010070801,0.6521739363670349,0.804347813129425,0.45652174949645996,0.06521739065647125,0.0,0.06521739065647125,0.45652174949645996,0.804347813129425,0.6521739363670349,0.5869565010070801,0.717391312122345,0.8260869383811951,0.695652186870575,0.804347813129425,0.739130437374115,0.760869562625885,0.6304348111152649,0.804347813129425,0.6521739363670349,0.9130434989929199,0.717391312122345,0.695652186870575,0.6521739363670349,0.782608687877655,0.8913043737411499,0.8695651888847351,0.5652173757553101,0.739130437374115,0.6739130616188049,0.6739130616188049,0.52173912525177,0.717391312122345,0.6739130616188049,0.8260869383811951,0.782608687877655,0.6739130616188049,0.54347825050354,0.8260869383811951,0.5652173757553101,0.5652173757553101,0.47826087474823,0.5869565010070801,0.6521739363670349,0.8695651888847351,0.45652174949645996,0.782608687877655,0.6304348111152649,0.5652173757553101,0.6739130616188049,0.6521739363670349,0.804347813129425,0.97826087474823,0.6086956262588501,0.6739130616188049,0.54347825050354,0.782608687877655,0.47826087474823,0.6304348111152649,0.9130434989929199,0.5869565010070801,0.6086956262588501,0.6086956262588501,0.8478260636329651,0.760869562625885,0.804347813129425,0.717391312122345,0.54347825050354,0.95652174949646,0.8260869383811951,0.695652186870575,0.5652173757553101,0.5652173757553101,0.8478260636329651,0.6739130616188049,0.717391312122345,0.5652173757553101,0.739130437374115,0.739130437374115,0.6521739363670349,0.6086956262588501,0.695652186870575,0.739130437374115,0.5652173757553101,0.695652186870575,0.5,0.695652186870575,0.52173912525177,0.5652173757553101,0.8478260636329651,0.782608687877655,0.47826087474823,0.5869565010070801,0.5,1.0,0.760869562625885,0.8260869383811951,0.760869562625885,0.717391312122345,0.8913043737411499,0.804347813129425,0.9130434989929199,0.782608687877655,0.782608687877655,0.6739130616188049,0.30434781312942505
0.37288135290145874,0.8813559412956238,0.694915235042572,0.694915235042572,0.7796609997749329,0.7118644118309021,0.694915235042572,0.6271186470985413,0.6779661178588867,0.7118644118309021,0.47457626461982727,0.7966101765632629,0.7118644118309021,0.694915235042572,0.7288135886192322,0.8135592937469482,0.7457627058029175,0.8474576473236084,0.8813559412956238,0.6440678238868713,0.5254237055778503,0.5593220591545105,0.8983050584793091,0.6779661178588867,0.7627118825912476,0.8813559412956238,0.7457627058029175,0.6610169410705566,0.8474576473236084,0.5593220591545105,0.7966101765632629,0.694915235042572,0.6271186470985413,0.7457627058029175,0.7966101765632629,0.7966101765632629,0.7118644118309021,0.6779661178588867,0.8983050584793091,0.694915235042572,0.7288135886192322,0.8305084705352783,0.508474588394165,0.8305084705352783,0.9152542352676392,0.7966101765632629,0.6101694703102112,0.8305084705352783,0.6271186470985413,0.6271186470985413,0.8305084705352783,0.8135592937469482,0.6779661178588867,0.6101694703102112,0.7118644118309021,0.6610169410705566,0.6440678238868713,0.694915235042572,0.8135592937469482,1.0,0.9152542352676392,0.7457627058029175,0.6779661178588867,0.6271186470985413,0.7288135886192322,0.7288135886192322,0.5423728823661804,0.6440678238868713,0.6440678238868713,0.6610169410705566,0.9152542352676392,0.5932203531265259,0.6440678238868713,0.8474576473236084,0.7288135886192322,0.6101694703102112,0.6610169410705566,0.694915235042572,0.8135592937469482,0.7627118825912476,0.5932203531265259,0.6271186470985413,0.7118644118309021,0.7796609997749329,0.7118644118309021,0.7966101765632629,0.8305084705352783,0.8305084705352783,0.7288135886192322,0.9491525292396545,0.6610169410705566,0.5423728823661804,0.8305084705352783,0.8135592937469482,0.5932203531265259,0.5423728823661804,0.7796609997749329,0.8305084705352783,0.508474588394165,0.11864406615495682,0.0,0.11864406615495682,0.508474588394165,0.8305084705352783,0.7796609997749329,0.5423728823661804,0.5932203531265259,0.8135592937469482,0.8305084705352783,0.5423728823661804,0.6610169410705566,0.9491525292396545,0.7288135886192322,0.8305084705352783,0.8305084705352783,0.7966101765632629,0.7118644118309021,0.7796609997749329,0.7118644118309021,0.6271186470985413,0.5932203531265259,0.7627118825912476,0.8135592937469482,0.694915235042572,0.6610169410705566,0.6101694703102112,0.7288135886192322,0.8474576473236084,0.6440678238868713,0.5932203531265259,0.9152542352676392,0.6610169410705566,0.6440678238868713,0.6440678238868713,0.5423728823661804,0.7288135886192322,0.7288135886192322,0.6271186470985413,0.6779661178588867,0.7457627058029175,0.9152542352676392,1.0,0.8135592937469482,0.694915235042572,0.6440678238868713,0.6610169410705566,0.7118644118309021,0.6101694703102112,0.6779661178588867,0.8135592937469482,0.8305084705352783,0.6271186470985413,0.6271186470985413,0.8305084705352783,0.6101694703102112,0.7966101765632629,0.9152542352676392,0.8305084705352783,0.508474588394165,0.8305084705352783,0.7288135886192322,0.694915235042572,0.8983050584793091,0.6779661178588867,0.7118644118309021,0.7966101765632629,0.7966101765632629,0.7457627058029175,0.6271186470985413,0.694915235042572,0.7966101765632629,0.5593220591545105,0.8474576473236084,0.6610169410705566,0.7457627058029175,0.8813559412956238,0.7627118825912476,0.6779661178588867,0.8983050584793091,0.5593220591545105,0.5254237055778503,0.6440678238868713,0.8813559412956238,0.8474576473236084,0.7457627058029175,0.8135592937469482,0.7288135886192322,0.694915235042572,0.7118644118309021,0.7966101765632629,0.47457626461982727,0.7118644118309021,0.6779661178588867,0.6271186470985413,0.694915235042572,0.7118644118309021,0.7796609997749329,0.694915235042572,0.694915235042572,0.8813559412956238,0.37288135290145874
0.27142858505249023,0.7428571581840515,0.6428571343421936,0.699999988079071,0.7857142686843872,0.5285714268684387,0.699999988079071,0.7428571581840515,0.7714285850524902,0.7285714149475098,0.7571428418159485,0.5428571701049805,0.5857142806053162,0.6857143044471741,0.5142857432365417,0.6571428775787354,0.44285714626312256,0.6000000238418579,0.7571428418159485,0.6571428775787354,0.7285714149475098,0.7857142686843872,0.7428571581840515,0.8142856955528259,0.6857143044471741,0.7428571581840515,0.6285714507102966,0.7142857313156128,0.6571428775787354,0.6714285612106323,0.5285714268684387,0.6857143044471741,0.5142857432365417,0.7571428418159485,0.8714285492897034,0.800000011920929,0.5857142806053162,0.8714285492897034,0.8142856955528259,0.6000000238418579,0.7142857313156128,0.6000000238418579,0.800000011920929,0.5,0.7285714149475098,0.6142857074737549,0.7571428418159485,0.7285714149475098,0.7571428418159485,0.8285714387893677,0.5714285969734192,0.5857142806053162,0.7857142686843872,0.6000000238418579,0.6428571343421936,0.5428571701049805,0.6714285612106323,1.0,0.6857143044471741,0.6714285612106323,0.6714285612106323,0.8285714387893677,0.6714285612106323,0.6285714507102966,0.7285714149475098,0.6142857074737549,0.7857142686843872,0.7571428418159485,0.7857142686843872,0.6857143044471741,0.7571428418159485,0.6142857074737549,0.6285714507102966,0.8428571224212646,0.5714285969734192,0.8999999761581421,0.8571428656578064,0.6857143044471741,0.7285714149475098,0.5428571701049805,0.6285714507102966,0.7142857313156128,0.6285714507102966,0.7142857313156128,0.5428571701049805,0.8571428656578064,0.5857142806053162,0.6000000238418579,0.4714285731315613,0.6428571343421936,0.8142856955528259,0.8428571224212646,0.6857143044471741,0.800000011920929,0.800000011920929,0.7571428418159485,0.7714285850524902,0.6857143044471741,0.699999988079071,0.05714285746216774,0.0,0.05714285746216774,0.699999988079071,0.6857143044471741,0.7714285850524902,0.7571428418159485,0.800000011920929,0.800000011920929,0.6857143044471741,0.8428571224212646,0.8142856955528259,0.6428571343421936,0.4714285731315613,0.6000000238418579,0.5857142806053162,0.8571428656578064,0.5428571701049805,0.7142857313156128,0.6285714507102966,0.7142857313156128,0.6285714507102966,0.5428571701049805,0.7285714149475098,0.6857143044471741,0.8571428656578064,0.8999999761581421,0.5714285969734192,0.8428571224212646,0.6285714507102966,0.6142857074737549,0.7571428418159485,0.6857143044471741,0.7857142686843872,0.7571428418159485,0.7857142686843872,0.6142857074737549,0.7285714149475098,0.6285714507102966,0.6714285612106323,0.8285714387893677,0.6714285612106323,0.6714285612106323,0.6857143044471741,1.0,0.6714285612106323,0.5428571701049805,0.6428571343421936,0.6000000238418579,0.7857142686843872,0.5857142806053162,0.5714285969734192,0.8285714387893677,0.7571428418159485,0.7285714149475098,0.7571428418159485,0.6142857074737549,0.7285714149475098,0.5,0.800000011920929,0.6000000238418579,0.7142857313156128,0.6000000238418579,0.8142856955528259,0.8714285492897034,0.5857142806053162,0.800000011920929,0.8714285492897034,0.7571428418159485,0.5142857432365417,0.6857143044471741,0.5285714268684387,0.6714285612106323,0.6571428775787354,0.7142857313156128,0.6285714507102966,0.7428571581840515,0.6857143044471741,0.8142856955528259,0.7428571581840515,0.7857142686843872,0.7285714149475098,0.6571428775787354,0.7571428418159485,0.6000000238418579,0.44285714626312256,0.6571428775787354,0.5142857432365417,0.6857143044471741,0.5857142806053162,0.5428571701049805,0.7571428418159485,0.7285714149475098,0.7714285850524902,0.7428571581840515,0.699999988079071,0.5285714268684387,0.7857142686843872,0.699999988079071,0.6428571343421936,0.7428571581840515,0.27142858505249023
0.14864864945411682,0.5945945978164673,0.837837815284729,0.7162162065505981,0.8783783912658691,0.662162184715271,0.7972972989082336,0.7297297120094299,0.8243243098258972,0.7837837934494019,0.6891891956329346,0.7567567825317383,0.6351351141929626,0.6891891956329346,0.5405405163764954,0.662162184715271,0.6351351141929626,0.5675675868988037,0.5810810923576355,0.6486486196517944,0.8108108043670654,0.7972972989082336,0.7162162065505981,0.8108108043670654,0.6891891956329346,0.7567567825317383,0.6756756901741028,0.9594594836235046,0.6216216087341309,0.5810810923576355,0.7297297120094299,0.7027027010917664,0.7162162065505981,0.6756756901741028,0.6081081032752991,0.6216216087341309,0.6351351141929626,0.837837815284729,0.7567567825317383,0.7162162065505981,0.8243243098258972,0.7027027010917664,0.8108108043670654,0.7297297120094299,0.8243243098258972,0.6351351141929626,0.8783783912658691,0.837837815284729,0.7837837934494019,0.7567567825317383,0.6756756901741028,0.8108108043670654,0.6486486196517944,0.7162162065505981,0.8918918967247009,0.7972972989082336,0.837837815284729,0.7027027010917664,0.5405405163764954,0.8648648858070374,0.5810810923576355,0.6081081032752991,0.7297297120094299,0.6891891956329346,0.6756756901741028,0.8783783912658691,0.5405405163764954,0.5810810923576355,0.8513513803482056,0.7567567825317383,0.5810810923576355,0.7567567825317383,0.7702702879905701,0.6216216087341309,0.6081081032752991,0.6216216087341309,0.6216216087341309,0.7027027010917664,0.8783783912658691,0.7162162065505981,0.7027027010917664,0.7027027010917664,0.6081081032752991,0.7567567825317383,0.6216216087341309,0.5675675868988037,0.6351351141929626,0.7432432174682617,0.6216216087341309,0.6486486196517944,0.6756756901741028,1.0,0.7702702879905701,0.8108108043670654,0.7837837934494019,0.7972972989082336,0.6351351141929626,0.7162162065505981,0.6351351141929626,0.09459459781646729,0.0,0.09459459781646729,0.6351351141929626,0.7162162065505981,0.6351351141929626,0.7972972989082336,0.7837837934494019,0.8108108043670654,0.7702702879905701,1.0,0.6756756901741028,0.6486486196517944,0.6216216087341309,0.7432432174682617,0.6351351141929626,0.5675675868988037,0.6216216087341309,0.7567567825317383,0.6081081032752991,0.7027027010917664,0.7027027010917664,0.7162162065505981,0.8783783912658691,0.7027027010917664,0.6216216087341309,0.6216216087341309,0.6081081032752991,0.6216216087341309,0.7702702879905701,0.7567567825317383,0.5810810923576355,0.7567567825317383,0.8513513803482056,0.5810810923576355,0.5405405163764954,0.8783783912658691,0.6756756901741028,0.6891891956329346,0.7297297120094299,0.6081081032752991,0.5810810923576355,0.8648648858070374,0.5405405163764954,0.7027027010917664,0.837837815284729,0.7972972989082336,0.8918918967247009,0.7162162065505981,0.6486486196517944,0.8108108043670654,0.6756756901741028,0.7567567825317383,0.7837837934494019,0.837837815284729,0.8783783912658691,0.6351351141929626,0.8243243098258972,0.7297297120094299,0.8108108043670654,0.7027027010917664,0.8243243098258972,0.7162162065505981,0.7567567825317383,0.837837815284729,0.6351351141929626,0.6216216087341309,0.6081081032752991,0.6756756901741028,0.7162162065505981,0.7027027010917664,0.7297297120094299,0.5810810923576355,0.6216216087341309,0.9594594836235046,0.6756756901741028,0.7567567825317383,0.6891891956329346,0.8108108043670654,0.7162162065505981,0.7972972989082336,0.8108108043670654,0.6486486196517944,0.5810810923576355,0.5675675868988037,0.6351351141929626,0.662162184715271,0.5405405163764954,0.6891891956329346,0.6351351141929626,0.7567567825317383,0.6891891956329346,0.7837837934494019,0.8243243098258972,0.7297297120094299,0.7972972989082336,0.662162184715271,0.8783783912658691,0.7162162065505981,0.837837815284729,0.5945945978164673,0.14864864945411682
0.3414634168148041,0.7560975551605225,0.6463414430618286,0.7682926654815674,0.6829268336296082,0.8170731663703918,0.707317054271698,0.5975610017776489,0.792682945728302,0.8048780560493469,0.6707317233085632,0.7195122241973877,0.8780487775802612,0.5487805008888245,0.6097561120986938,0.7804877758026123,0.8292682766914368,0.7560975551605225,0.6707317233085632,0.8292682766914368,0.6829268336296082,0.6341463327407837,0.6341463327407837,0.7195122241973877,0.8780487775802612,0.6341463327407837,0.6219512224197388,0.792682945728302,0.9024389982223511,0.8170731663703918,0.7560975551605225,0.7560975551605225,0.7195122241973877,0.7682926654815674,0.6951219439506531,0.7439024448394775,0.5731707215309143,0.9146341681480408,0.7439024448394775,0.792682945728302,0.7560975551605225,0.7804877758026123,0.5853658318519592,0.7560975551605225,0.6707317233085632,0.6097561120986938,0.8536585569381714,0.6707317233085632,0.7560975551605225,0.9512194991111755,1.0,0.6951219439506531,0.6219512224197388,0.8170731663703918,0.8170731663703918,0.792682945728302,0.7439024448394775,0.6829268336296082,0.5975610017776489,0.5731707215309143,0.707317054271698,0.6341463327407837,0.7560975551605225,0.8658536672592163,0.707317054271698,0.5121951103210449,0.6463414430618286,0.5853658318519592,0.6341463327407837,0.7804877758026123,0.7195122241973877,0.7317073345184326,0.8536585569381714,0.6097561120986938,0.7560975551605225,0.6951219439506531,0.5975610017776489,0.5243902206420898,0.6951219439506531,0.7804877758026123,0.8292682766914368,0.6829268336296082,0.792682945728302,0.7682926654815674,0.6829268336296082,0.7195122241973877,0.8292682766914368,0.6585366129875183,0.8780487775802612,0.8048780560493469,0.792682945728302,0.8536585569381714,0.7682926654815674,0.7317073345184326,0.8536585569381714,0.6707317233085632,0.8658536672592163,0.7317073345184326,0.7804877758026123,0.03658536449074745,0.0,0.03658536449074745,0.7804877758026123,0.7317073345184326,0.8658536672592163,0.6707317233085632,0.8536585569381714,0.7317073345184326,0.7682926654815674,0.8536585569381714,0.792682945728302,0.8048780560493469,0.8780487775802612,0.6585366129875183,0.8292682766914368,0.7195122241973877,0.6829268336296082,0.7682926654815674,0.792682945728302,0.6829268336296082,0.8292682766914368,0.7804877758026123,0.6951219439506531,0.5243902206420898,0.5975610017776489,0.6951219439506531,0.7560975551605225,0.6097561120986938,0.8536585569381714,0.7317073345184326,0.7195122241973877,0.7804877758026123,0.6341463327407837,0.5853658318519592,0.6463414430618286,0.5121951103210449,0.707317054271698,0.8658536672592163,0.7560975551605225,0.6341463327407837,0.707317054271698,0.5731707215309143,0.5975610017776489,0.6829268336296082,0.7439024448394775,0.792682945728302,0.8170731663703918,0.8170731663703918,0.6219512224197388,0.6951219439506531,1.0,0.9512194991111755,0.7560975551605225,0.6707317233085632,0.8536585569381714,0.6097561120986938,0.6707317233085632,0.7560975551605225,0.5853658318519592,0.7804877758026123,0.7560975551605225,0.792682945728302,0.7439024448394775,0.9146341681480408,0.5731707215309143,0.7439024448394775,0.6951219439506531,0.7682926654815674,0.7195122241973877,0.7560975551605225,0.7560975551605225,0.8170731663703918,0.9024389982223511,0.792682945728302,0.6219512224197388,0.6341463327407837,0.8780487775802612,0.7195122241973877,0.6341463327407837,0.6341463327407837,0.6829268336296082,0.8292682766914368,0.6707317233085632,0.7560975551605225,0.8292682766914368,0.7804877758026123,0.6097561120986938,0.5487805008888245,0.8780487775802612,0.7195122241973877,0.6707317233085632,0.8048780560493469,0.792682945728302,0.5975610017776489,0.707317054271698,0.8170731663703918,0.6829268336296082,0.7682926654815674,0.6463414430618286,0.7560975551605225,0.3414634168148041
0.3835616409778595,0.8082191944122314,0.6027397513389587,0.7534246444702148,0.6027397513389587,0.6301369667053223,0.6849315166473389,0.5479452013969421,0.7123287916183472,0.5616438388824463,0.6712328791618347,0.5753424763679504,0.7123287916183472,0.5616438388824463,0.5753424763679504,0.6712328791618347,0.6164383292198181,0.5616438388824463,0.698630154132843,0.7123287916183472,0.7945205569267273,0.7808219194412231,0.7260273694992065,0.5616438388824463,0.6849315166473389,0.6575342416763306,0.767123281955719,0.6849315166473389,0.698630154132843,0.6712328791618347,0.767123281955719,0.698630154132843,0.5616438388824463,0.6849315166473389,0.6164383292198181,0.6849315166473389,0.698630154132843,0.6027397513389587,0.6575342416763306,0.5890411138534546,0.8630136847496033,0.698630154132843,0.6712328791618347,0.6712328791618347,0.7123287916183472,0.7534246444702148,0.7534246444702148,0.6027397513389587,0.8219178318977356,0.6164383292198181,0.465753436088562,0.5753424763679504,0.6438356041908264,0.698630154132843,0.6712328791618347,0.6575342416763306,0.6712328791618347,0.7123287916183472,0.4931506812572479,0.6438356041908264,0.6712328791618347,0.6575342416763306,0.6849315166473389,0.7808219194412231,0.4931506812572479,0.6164383292198181,0.6849315166473389,0.5616438388824463,0.6301369667053223,0.698630154132843,0.698630154132843,0.6438356041908264,0.6438356041908264,0.7123287916183472,0.8219178318977356,0.7534246444702148,0.7123287916183472,0.6575342416763306,0.7397260069847107,0.6027397513389587,0.5205479264259338,0.7534246444702148,0.767123281955719,0.7123287916183472,0.5753424763679504,0.8767123222351074,0.6575342416763306,0.931506872177124,0.6164383292198181,0.6164383292198181,0.9041095972061157,0.8219178318977356,1.0,0.8219178318977356,0.7808219194412231,0.6712328791618347,0.6849315166473389,0.8493150472640991,0.7534246444702148,0.12328767031431198,0.0,0.12328767031431198,0.7534246444702148,0.8493150472640991,0.6849315166473389,0.6712328791618347,0.7808219194412231,0.8219178318977356,1.0,0.8219178318977356,0.9041095972061157,0.6164383292198181,0.6164383292198181,0.931506872177124,0.6575342416763306,0.8767123222351074,0.5753424763679504,0.7123287916183472,0.767123281955719,0.7534246444702148,0.5205479264259338,0.6027397513389587,0.7397260069847107,0.6575342416763306,0.7123287916183472,0.7534246444702148,0.8219178318977356,0.7123287916183472,0.6438356041908264,0.6438356041908264,0.698630154132843,0.698630154132843,0.6301369667053223,0.5616438388824463,0.6849315166473389,0.6164383292198181,0.4931506812572479,0.7808219194412231,0.6849315166473389,0.6575342416763306,0.6712328791618347,0.6438356041908264,0.4931506812572479,0.7123287916183472,0.6712328791618347,0.6575342416763306,0.6712328791618347,0.698630154132843,0.6438356041908264,0.5753424763679504,0.465753436088562,0.6164383292198181,0.8219178318977356,0.6027397513389587,0.7534246444702148,0.7534246444702148,0.7123287916183472,0.6712328791618347,0.6712328791618347,0.698630154132843,0.8630136847496033,0.5890411138534546,0.6575342416763306,0.6027397513389587,0.698630154132843,0.6849315166473389,0.6164383292198181,0.6849315166473389,0.5616438388824463,0.698630154132843,0.767123281955719,0.6712328791618347,0.698630154132843,0.6849315166473389,0.767123281955719,0.6575342416763306,0.6849315166473389,0.5616438388824463,0.7260273694992065,0.7808219194412231,0.7945205569267273,0.7123287916183472,0.698630154132843,0.5616438388824463,0.6164383292198181,0.6712328791618347,0.5753424763679504,0.5616438388824463,0.7123287916183472,0.5753424763679504,0.6712328791618347,0.5616438388824463,0.7123287916183472,0.5479452013969421,0.6849315166473389,0.6301369667053223,0.6027397513389587,0.7534246444702148,0.6027397513389587,0.8082191944122314,0.3835616409778595
0.19502075016498566,0.4273858964443207,0.35269710421562195,0.46473029255867004,0.40248963236808777,0.3651452362537384,0.4149377644062042,0.42323651909828186,0.46473029255867004,0.4066390097141266,0.32780084013938904,0.41908714175224304,0.35269710421562195,0.5311203598976135,0.3360995948314667,0.41908714175224304,0.35269710421562195,0.3360995948314667,0.4730290472507477,0.34854772686958313,0.4771784245967865,0.33195021748542786,0.4273858964443207,0.44398340582847595,0.4315352737903595,0.41908714175224304,0.41908714175224304,0.32780084013938904,0.44398340582847595,0.3900415003299713,0.35269710421562195,0.4356846511363983,0.3692946135997772,0.44813278317451477,0.37759336829185486,0.4107883870601654,0.3858921229839325,0.4522821605205536,0.37759336829185486,0.3858921229839325,0.39419087767601013,0.3360995948314667,0.41908714175224304,0.4356846511363983,0.3900415003299713,0.40248963236808777,0.34854772686958313,0.46887966990470886,0.37344399094581604,0.3858921229839325,0.33195021748542786,0.41908714175224304,0.4273858964443207,0.3900415003299713,0.4315352737903595,0.3195020854473114,0.48547717928886414,0.3692946135997772,0.33195021748542786,0.44813278317451477,0.3858921229839325,0.46887966990470886,0.3236514627933502,0.4937759339809418,0.4564315378665924,0.35684648156166077,0.3817427456378937,0.3651452362537384,0.37344399094581604,0.40248963236808777,0.40248963236808777,0.48547717928886414,0.34854772686958313,0.4564315378665924,0.39834025502204895,0.3900415003299713,0.48547717928886414,0.35269710421562195,0.4273858964443207,0.44398340582847595,0.4315352737903595,0.4605809152126312,0.4979253113269806,0.41908714175224304,0.4730290472507477,0.48962655663490295,0.5643153786659241,0.5394191145896912,0.5850622653961182,0.6556016802787781,0.6058091521263123,0.589211642742157,0.6473029255867004,0.6680498123168945,0.6639004349708557,0.7095435857772827,0.8132780194282532,0.8298755288124084,1.0,0.11618257313966751,0.0,0.11618257313966751,1.0,0.8298755288124084,0.8132780194282532,0.7095435857772827,0.6639004349708557,0.6680498123168945,0.6473029255867004,0.589211642742157,0.6058091521263123,0.6556016802787781,0.5850622653961182,0.5394191145896912,0.5643153786659241,0.48962655663490295,0.4730290472507477,0.41908714175224304,0.4979253113269806,0.4605809152126312,0.4315352737903595,0.44398340582847595,0.4273858964443207,0.35269710421562195,0.48547717928886414,0.3900415003299713,0.39834025502204895,0.4564315378665924,0.34854772686958313,0.48547717928886414,0.40248963236808777,0.40248963236808777,0.37344399094581604,0.3651452362537384,0.3817427456378937,0.35684648156166077,0.4564315378665924,0.4937759339809418,0.3236514627933502,0.46887966990470886,0.3858921229839325,0.44813278317451477,0.33195021748542786,0.3692946135997772,0.48547717928886414,0.3195020854473114,0.4315352737903595,0.3900415003299713,0.4273858964443207,0.41908714175224304,0.33195021748542786,0.3858921229839325,0.37344399094581604,0.46887966990470886,0.34854772686958313,0.40248963236808777,0.3900415003299713,0.4356846511363983,0.41908714175224304,0.3360995948314667,0.39419087767601013,0.3858921229839325,0.37759336829185486,0.4522821605205536,0.3858921229839325,0.4107883870601654,0.37759336829185486,0.44813278317451477,0.3692946135997772,0.4356846511363983,0.35269710421562195,0.3900415003299713,0.44398340582847595,0.32780084013938904,0.41908714175224304,0.41908714175224304,0.4315352737903595,0.44398340582847595,0.4273858964443207,0.33195021748542786,0.4771784245967865,0.34854772686958313,0.4730290472507477,0.3360995948314667,0.35269710421562195,0.41908714175224304,0.3360995948314667,0.5311203598976135,0.35269710421562195,0.41908714175224304,0.32780084013938904,0.4066390097141266,0.46473029255867004,0.42323651909828186,0.4149377644062042,0.3651452362537384,0.40248963236808777,0.46473029255867004,0.35269710421562195,0.4273858964443207,0.19502075016498566
0.37219730019569397,0.8071748614311218,0.7847533822059631,0.8206278085708618,0.7982062697410583,0.8295964002609253,0.8161435127258301,0.7937219738960266,0.7937219738960266,0.726457417011261,0.8385650515556335,0.8295964002609253,0.847533643245697,0.8251121044158936,0.6860986351966858,1.0,0.8251121044158936,0.847533643245697,0.7802690863609314,0.7982062697410583,0.9282511472702026,0.7982062697410583,0.9372197389602661,0.8161435127258301,0.8116592168807983,0.8878923654556274,0.6995515823364258,0.9237667918205261,0.681614339351654,0.8206278085708618,0.8923766613006592,0.834080696105957,0.8744394779205322,0.7847533822059631,0.726457417011261,0.7982062697410583,0.8116592168807983,0.878923773765564,0.7982062697410583,0.8609865307807922,0.7713004350662231,0.8430493474006653,0.8699551820755005,0.8161435127258301,0.847533643245697,0.7219731211662292,0.7443946003913879,0.8968609571456909,0.7982062697410583,0.8520179390907288,0.6995515823364258,0.7443946003913879,0.8295964002609253,0.7578475475311279,0.7847533822059631,0.7399103045463562,0.8116592168807983,0.8968609571456909,0.726457417011261,0.7937219738960266,0.8699551820755005,0.713004469871521,0.8385650515556335,0.847533643245697,0.8116592168807983,0.7713004350662231,0.8116592168807983,0.8744394779205322,0.8385650515556335,0.8161435127258301,0.8430493474006653,0.8385650515556335,0.6860986351966858,0.7668161392211914,0.8026905655860901,0.8071748614311218,0.9327354431152344,0.7354260087013245,0.6995515823364258,0.8430493474006653,0.7578475475311279,0.9372197389602661,0.7578475475311279,0.9103139042854309,0.8565022349357605,0.7578475475311279,0.7578475475311279,0.9372197389602661,0.9013453125953674,0.7174887657165527,0.865470826625824,0.9013453125953674,0.8609865307807922,0.865470826625824,0.8206278085708618,0.834080696105957,0.7982062697410583,0.8744394779205322,0.7847533822059631,0.09417040646076202,0.0,0.09417040646076202,0.7847533822059631,0.8744394779205322,0.7982062697410583,0.834080696105957,0.8206278085708618,0.865470826625824,0.8609865307807922,0.9013453125953674,0.865470826625824,0.7174887657165527,0.9013453125953674,0.9372197389602661,0.7578475475311279,0.7578475475311279,0.8565022349357605,0.9103139042854309,0.7578475475311279,0.9372197389602661,0.7578475475311279,0.8430493474006653,0.6995515823364258,0.7354260087013245,0.9327354431152344,0.8071748614311218,0.8026905655860901,0.7668161392211914,0.6860986351966858,0.8385650515556335,0.8430493474006653,0.8161435127258301,0.8385650515556335,0.8744394779205322,0.8116592168807983,0.7713004350662231,0.8116592168807983,0.847533643245697,0.8385650515556335,0.713004469871521,0.8699551820755005,0.7937219738960266,0.726457417011261,0.8968609571456909,0.8116592168807983,0.7399103045463562,0.7847533822059631,0.7578475475311279,0.8295964002609253,0.7443946003913879,0.6995515823364258,0.8520179390907288,0.7982062697410583,0.8968609571456909,0.7443946003913879,0.7219731211662292,0.847533643245697,0.8161435127258301,0.8699551820755005,0.8430493474006653,0.7713004350662231,0.8609865307807922,0.7982062697410583,0.878923773765564,0.8116592168807983,0.7982062697410583,0.726457417011261,0.7847533822059631,0.8744394779205322,0.834080696105957,0.8923766613006592,0.8206278085708618,0.681614339351654,0.9237667918205261,0.6995515823364258,0.8878923654556274,0.8116592168807983,0.8161435127258301,0.9372197389602661,0.7982062697410583,0.9282511472702026,0.7982062697410583,0.7802690863609314,0.847533643245697,0.8251121044158936,1.0,0.6860986351966858,0.8251121044158936,0.847533643245697,0.8295964002609253,0.8385650515556335,0.726457417011261,0.7937219738960266,0.7937219738960266,0.8161435127258301,0.8295964002609253,0.7982062697410583,0.8206278085708618,0.7847533822059631,0.8071748614311218,0.37219730019569397
0.2738853394985199,0.6050955653190613,0.5668789744377136,0.7452229261398315,0.8535031676292419,0.668789803981781,0.6815286874771118,0.5414012670516968,0.6878980994224548,0.7133758068084717,0.675159215927124,0.675159215927124,0.5859872698783875,0.6815286874771118,0.5605095624923706,0.6878980994224548,0.668789803981781,0.7643312215805054,0.5796178579330444,0.668789803981781,0.7643312215805054,0.6178343892097473,0.6050955653190613,0.7579618096351624,0.656050980091095,0.5605095624923706,0.7133758068084717,0.662420392036438,0.668789803981781,0.6305732727050781,0.7515923380851746,0.6942675113677979,0.668789803981781,0.7006369233131409,0.5923566818237305,0.668789803981781,0.6815286874771118,0.7388535141944885,0.7133758068084717,0.5477706789970398,0.668789803981781,0.6369426846504211,0.6114649772644043,0.6178343892097473,0.7006369233131409,0.7834395170211792,0.6242038011550903,0.6114649772644043,0.6815286874771118,0.7006369233131409,0.7006369233131409,0.5923566818237305,0.668789803981781,0.7070063948631287,0.8152866363525391,0.7006369233131409,0.6242038011550903,0.6942675113677979,0.5987260937690735,0.675159215927124,0.7070063948631287,0.7197452187538147,0.5605095624923706,0.6878980994224548,0.668789803981781,0.6433120965957642,0.7070063948631287,0.8407643437385559,0.6305732727050781,0.6878980994224548,0.7261146306991577,0.7197452187538147,0.7898089289665222,0.7261146306991577,0.6242038011550903,0.7324841022491455,0.8726114630699158,0.6369426846504211,0.6815286874771118,0.656050980091095,0.6496815085411072,0.8152866363525391,0.8152866363525391,0.7388535141944885,0.662420392036438,0.8471337556838989,0.7388535141944885,0.8471337556838989,0.7452229261398315,0.808917224407196,0.7707006335258484,0.8343949317932129,0.7643312215805054,0.9681528806686401,0.7515923380851746,0.7261146306991577,0.7643312215805054,0.8789808750152588,1.0,0.1656050980091095,0.0,0.1656050980091095,1.0,0.8789808750152588,0.7643312215805054,0.7261146306991577,0.7515923380851746,0.9681528806686401,0.7643312215805054,0.8343949317932129,0.7707006335258484,0.808917224407196,0.7452229261398315,0.8471337556838989,0.7388535141944885,0.8471337556838989,0.662420392036438,0.7388535141944885,0.8152866363525391,0.8152866363525391,0.6496815085411072,0.656050980091095,0.6815286874771118,0.6369426846504211,0.8726114630699158,0.7324841022491455,0.6242038011550903,0.7261146306991577,0.7898089289665222,0.7197452187538147,0.7261146306991577,0.6878980994224548,0.6305732727050781,0.8407643437385559,0.7070063948631287,0.6433120965957642,0.668789803981781,0.6878980994224548,0.5605095624923706,0.7197452187538147,0.7070063948631287,0.675159215927124,0.5987260937690735,0.6942675113677979,0.6242038011550903,0.7006369233131409,0.8152866363525391,0.7070063948631287,0.668789803981781,0.5923566818237305,0.7006369233131409,0.7006369233131409,0.6815286874771118,0.6114649772644043,0.6242038011550903,0.7834395170211792,0.7006369233131409,0.6178343892097473,0.6114649772644043,0.6369426846504211,0.668789803981781,0.5477706789970398,0.7133758068084717,0.7388535141944885,0.6815286874771118,0.668789803981781,0.5923566818237305,0.7006369233131409,0.668789803981781,0.6942675113677979,0.7515923380851746,0.6305732727050781,0.668789803981781,0.662420392036438,0.7133758068084717,0.5605095624923706,0.656050980091095,0.7579618096351624,0.6050955653190613,0.6178343892097473,0.7643312215805054,0.668789803981781,0.5796178579330444,0.7643312215805054,0.668789803981781,0.6878980994224548,0.5605095624923706,0.6815286874771118,0.5859872698783875,0.675159215927124,0.675159215927124,0.7133758068084717,0.6878980994224548,0.5414012670516968,0.6815286874771118,0.668789803981781,0.8535031676292419,0.7452229261398315,0.5668789744377136,0.6050955653190613,0.2738853394985199
0.3636363744735718,0.6969696879386902,0.8712121248245239,0.8560606241226196,0.7121211886405945,0.6969696879386902,0.7575757503509521,0.7045454382896423,0.6439393758773804,0.6969696879386902,0.6742424368858337,0.6666666865348816,0.75,0.5909090638160706,0.6666666865348816,0.689393937587738,0.75,0.5984848737716675,0.6590909361839294,0.6742424368858337,0.6439393758773804,0.689393937587738,0.6818181872367859,0.6666666865348816,0.7651515007019043,0.689393937587738,0.6666666865348816,0.6590909361839294,0.6590909361839294,0.6742424368858337,0.5833333134651184,0.5909090638160706,0.6060606241226196,0.6590909361839294,0.6515151262283325,0.6212121248245239,0.5378788113594055,0.560606062412262,0.7196969985961914,0.6363636255264282,0.6742424368858337,0.5984848737716675,0.7803030014038086,0.689393937587738,0.6666666865348816,0.6666666865348816,0.6590909361839294,0.6212121248245239,0.6212121248245239,0.6439393758773804,0.7272727489471436,0.5075757503509521,0.7045454382896423,0.6590909361839294,0.810606062412262,0.6212121248245239,0.6818181872367859,0.7651515007019043,0.6590909361839294,0.75,0.5530303120613098,0.7348484992980957,0.5378788113594055,0.6666666865348816,0.6515151262283325,0.6818181872367859,0.7424242496490479,0.6439393758773804,0.5833333134651184,0.810606062412262,0.6818181872367859,0.7803030014038086,0.6666666865348816,0.5909090638160706,0.6590909361839294,0.7575757503509521,0.6287878751754761,0.6363636255264282,0.6439393758773804,0.6818181872367859,0.7424242496490479,0.7196969985961914,0.7424242496490479,0.6666666865348816,0.7651515007019043,0.7878788113594055,0.8030303120613098,0.75,0.7045454382896423,0.7121211886405945,0.7878788113594055,0.6969696879386902,0.7272727489471436,0.7878788113594055,0.7651515007019043,0.8560606241226196,0.9015151262283325,1.0,0.810606062412262,0.15909090638160706,0.0,0.15909090638160706,0.810606062412262,1.0,0.9015151262283325,0.8560606241226196,0.7651515007019043,0.7878788113594055,0.7272727489471436,0.6969696879386902,0.7878788113594055,0.7121211886405945,0.7045454382896423,0.75,0.8030303120613098,0.7878788113594055,0.7651515007019043,0.6666666865348816,0.7424242496490479,0.7196969985961914,0.7424242496490479,0.6818181872367859,0.6439393758773804,0.6363636255264282,0.6287878751754761,0.7575757503509521,0.6590909361839294,0.5909090638160706,0.6666666865348816,0.7803030014038086,0.6818181872367859,0.810606062412262,0.5833333134651184,0.6439393758773804,0.7424242496490479,0.6818181872367859,0.6515151262283325,0.6666666865348816,0.5378788113594055,0.7348484992980957,0.5530303120613098,0.75,0.6590909361839294,0.7651515007019043,0.6818181872367859,0.6212121248245239,0.810606062412262,0.6590909361839294,0.7045454382896423,0.5075757503509521,0.7272727489471436,0.6439393758773804,0.6212121248245239,0.6212121248245239,0.6590909361839294,0.6666666865348816,0.6666666865348816,0.689393937587738,0.7803030014038086,0.5984848737716675,0.6742424368858337,0.6363636255264282,0.7196969985961914,0.560606062412262,0.5378788113594055,0.6212121248245239,0.6515151262283325,0.6590909361839294,0.6060606241226196,0.5909090638160706,0.5833333134651184,0.6742424368858337,0.6590909361839294,0.6590909361839294,0.6666666865348816,0.689393937587738,0.7651515007019043,0.6666666865348816,0.6818181872367859,0.689393937587738,0.6439393758773804,0.6742424368858337,0.6590909361839294,0.5984848737716675,0.75,0.689393937587738,0.6666666865348816,0.5909090638160706,0.75,0.6666666865348816,0.6742424368858337,0.6969696879386902,0.6439393758773804,0.7045454382896423,0.7575757503509521,0.6969696879386902,0.7121211886405945,0.8560606241226196,0.8712121248245239,0.6969696879386902,0.3636363744735718
0.0803212821483612,0.18473894894123077,0.15662650763988495,0.16867469251155853,0.16867469251155853,0.17670682072639465,0.1606425642967224,0.2208835333585739,0.2208835333585739,0.18875502049922943,0.1405622512102127,0.19678714871406555,0.19678714871406555,0.1807228922843933,0.15662650763988495,0.2208835333585739,0.18473894894123077,0.16465863585472107,0.1807228922843933,0.18473894894123077,0.19678714871406555,0.17670682072639465,0.16465863585472107,0.1526104360818863,0.1927710771560669,0.19678714871406555,0.20481927692890167,0.16465863585472107,0.14859437942504883,0.14457830786705017,0.14457830786705017,0.1405622512102127,0.16867469251155853,0.14457830786705017,0.17670682072639465,0.1405622512102127,0.1606425642967224,0.16465863585472107,0.15662650763988495,0.14457830786705017,0.12851405143737793,0.11646586656570435,0.1526104360818863,0.11646586656570435,0.1606425642967224,0.1606425642967224,0.10843373835086823,0.1726907640695572,0.14457830786705017,0.1807228922843933,0.1526104360818863,0.1204819306731224,0.16465863585472107,0.1927710771560669,0.2008032202720642,0.1325301229953766,0.14457830786705017,0.1927710771560669,0.1325301229953766,0.14457830786705017,0.14457830786705017,0.18875502049922943,0.16867469251155853,0.1807228922843933,0.16465863585472107,0.1405622512102127,0.1606425642967224,0.18875502049922943,0.22489960491657257,0.1807228922843933,0.18473894894123077,0.17670682072639465,0.2208835333585739,0.2128514051437378,0.1927710771560669,0.24899598956108093,0.22891566157341003,0.23694778978824615,0.22489960491657257,0.24899598956108093,0.25702810287475586,0.3012048304080963,0.2730923593044281,0.3734939694404602,0.3052208721637726,0.4457831382751465,0.41767069697380066,0.3132530152797699,0.4457831382751465,0.44979920983314514,0.522088348865509,0.41767069697380066,0.5060241222381592,0.5823293328285217,0.5742971897125244,0.5983935594558716,0.6465863585472107,0.8072289228439331,1.0,0.1325301229953766,0.0,0.1325301229953766,1.0,0.8072289228439331,0.6465863585472107,0.5983935594558716,0.5742971897125244,0.5823293328285217,0.5060241222381592,0.41767069697380066,0.522088348865509,0.44979920983314514,0.4457831382751465,0.3132530152797699,0.41767069697380066,0.4457831382751465,0.3052208721637726,0.3734939694404602,0.2730923593044281,0.3012048304080963,0.25702810287475586,0.24899598956108093,0.22489960491657257,0.23694778978824615,0.22891566157341003,0.24899598956108093,0.1927710771560669,0.2128514051437378,0.2208835333585739,0.17670682072639465,0.18473894894123077,0.1807228922843933,0.22489960491657257,0.18875502049922943,0.1606425642967224,0.1405622512102127,0.16465863585472107,0.1807228922843933,0.16867469251155853,0.18875502049922943,0.14457830786705017,0.14457830786705017,0.1325301229953766,0.1927710771560669,0.14457830786705017,0.1325301229953766,0.2008032202720642,0.1927710771560669,0.16465863585472107,0.1204819306731224,0.1526104360818863,0.1807228922843933,0.14457830786705017,0.1726907640695572,0.10843373835086823,0.1606425642967224,0.1606425642967224,0.11646586656570435,0.1526104360818863,0.11646586656570435,0.12851405143737793,0.14457830786705017,0.15662650763988495,0.16465863585472107,0.1606425642967224,0.1405622512102127,0.17670682072639465,0.14457830786705017,0.16867469251155853,0.1405622512102127,0.14457830786705017,0.14457830786705017,0.14859437942504883,0.16465863585472107,0.20481927692890167,0.19678714871406555,0.1927710771560669,0.1526104360818863,0.16465863585472107,0.17670682072639465,0.19678714871406555,0.18473894894123077,0.1807228922843933,0.16465863585472107,0.18473894894123077,0.2208835333585739,0.15662650763988495,0.1807228922843933,0.19678714871406555,0.19678714871406555,0.1405622512102127,0.18875502049922943,0.2208835333585739,0.2208835333585739,0.1606425642967224,0.17670682072639465,0.16867469251155853,0.16867469251155853,0.15662650763988495,0.18473894894123077,0.0803212821483612
0.2846153974533081,0.6807692050933838,0.642307698726654,0.5730769038200378,0.6461538672447205,0.6230769157409668,0.607692301273346,0.6807692050933838,0.6461538672447205,0.6730769276618958,0.6846153736114502,0.7038461565971375,0.6153846383094788,0.7038461565971375,0.6115384697914124,0.642307698726654,0.6807692050933838,0.6461538672447205,0.6499999761581421,0.7153846025466919,0.6807692050933838,0.6153846383094788,0.5807692408561707,0.7076923251152039,0.7076923251152039,0.6499999761581421,0.7307692170143127,0.6692307591438293,0.6884615421295166,0.550000011920929,0.6769230961799622,0.6461538672447205,0.557692289352417,0.6115384697914124,0.6230769157409668,0.5653846263885498,0.7038461565971375,0.6269230842590332,0.6230769157409668,0.6307692527770996,0.6230769157409668,0.5923076868057251,0.6730769276618958,0.5846154093742371,0.5269230604171753,0.6461538672447205,0.550000011920929,0.6961538195610046,0.699999988079071,0.6153846383094788,0.5846154093742371,0.6000000238418579,0.5884615182876587,0.5884615182876587,0.7346153855323792,0.5961538553237915,0.5423076748847961,0.6730769276618958,0.6769230961799622,0.5846154093742371,0.6461538672447205,0.5923076868057251,0.6538461446762085,0.75,0.699999988079071,0.6692307591438293,0.6730769276618958,0.692307710647583,0.7461538314819336,0.699999988079071,0.6461538672447205,0.692307710647583,0.6730769276618958,0.5961538553237915,0.6730769276618958,0.7038461565971375,0.6615384817123413,0.692307710647583,0.6961538195610046,0.6615384817123413,0.6192307472229004,0.6807692050933838,0.6230769157409668,0.699999988079071,0.6269230842590332,0.7923076748847961,0.7653846144676208,0.7461538314819336,0.7192307710647583,0.7807692289352417,0.8346154093742371,0.7730769515037537,0.800000011920929,0.8461538553237915,0.7115384340286255,0.8461538553237915,1.0,0.9807692170143127,0.9153845906257629,0.20384615659713745,0.0,0.20384615659713745,0.9153845906257629,0.9807692170143127,1.0,0.8461538553237915,0.7115384340286255,0.8461538553237915,0.800000011920929,0.7730769515037537,0.8346154093742371,0.7807692289352417,0.7192307710647583,0.7461538314819336,0.7653846144676208,0.7923076748847961,0.6269230842590332,0.699999988079071,0.6230769157409668,0.6807692050933838,0.6192307472229004,0.6615384817123413,0.6961538195610046,0.692307710647583,0.6615384817123413,0.7038461565971375,0.6730769276618958,0.5961538553237915,0.6730769276618958,0.692307710647583,0.6461538672447205,0.699999988079071,0.7461538314819336,0.692307710647583,0.6730769276618958,0.6692307591438293,0.699999988079071,0.75,0.6538461446762085,0.5923076868057251,0.6461538672447205,0.5846154093742371,0.6769230961799622,0.6730769276618958,0.5423076748847961,0.5961538553237915,0.7346153855323792,0.5884615182876587,0.5884615182876587,0.6000000238418579,0.5846154093742371,0.6153846383094788,0.699999988079071,0.6961538195610046,0.550000011920929,0.6461538672447205,0.5269230604171753,0.5846154093742371,0.6730769276618958,0.5923076868057251,0.6230769157409668,0.6307692527770996,0.6230769157409668,0.6269230842590332,0.7038461565971375,0.5653846263885498,0.6230769157409668,0.6115384697914124,0.557692289352417,0.6461538672447205,0.6769230961799622,0.550000011920929,0.6884615421295166,0.6692307591438293,0.7307692170143127,0.6499999761581421,0.7076923251152039,0.7076923251152039,0.5807692408561707,0.6153846383094788,0.6807692050933838,0.7153846025466919,0.6499999761581421,0.6461538672447205,0.6807692050933838,0.642307698726654,0.6115384697914124,0.7038461565971375,0.6153846383094788,0.7038461565971375,0.6846153736114502,0.6730769276618958,0.6461538672447205,0.6807692050933838,0.607692301273346,0.6230769157409668,0.6461538672447205,0.5730769038200378,0.642307698726654,0.6807692050933838,0.2846153974533081
0.09302325546741486,0.15813954174518585,0.20232558250427246,0.19767442345619202,0.17209301888942719,0.16511628031730652,0.1837209314107895,0.14651162922382355,0.1837209314107895,0.15813954174518585,0.16744185984134674,0.15581394731998444,0.1860465109348297,0.21162790060043335,0.18837209045886993,0.16046512126922607,0.17906977236270905,0.14883720874786377,0.18139535188674927,0.14883720874786377,0.1627907007932663,0.1627907007932663,0.15581394731998444,0.16511628031730652,0.17906977236270905,0.21162790060043335,0.1627907007932663,0.16744185984134674,0.15813954174518585,0.20930232107639313,0.1953488439321518,0.1744185984134674,0.16046512126922607,0.1534883677959442,0.13255813717842102,0.1860465109348297,0.1744185984134674,0.1837209314107895,0.16511628031730652,0.16744185984134674,0.1418604701757431,0.16511628031730652,0.15581394731998444,0.1627907007932663,0.16976743936538696,0.14883720874786377,0.15813954174518585,0.17674419283866882,0.12325581163167953,0.20000000298023224,0.16976743936538696,0.16976743936538696,0.16046512126922607,0.14651162922382355,0.16976743936538696,0.1627907007932663,0.16046512126922607,0.17674419283866882,0.16744185984134674,0.20000000298023224,0.1744185984134674,0.11627907305955887,0.20930232107639313,0.1860465109348297,0.18139535188674927,0.15813954174518585,0.20232558250427246,0.1744185984134674,0.17906977236270905,0.1837209314107895,0.1953488439321518,0.24186046421527863,0.18837209045886993,0.216279074549675,0.20000000298023224,0.24651162326335907,0.23720930516719818,0.22558139264583588,0.2697674334049225,0.2069767415523529,0.29767441749572754,0.2720930278301239,0.26511627435684204,0.3162790834903717,0.30930233001708984,0.33255812525749207,0.3813953399658203,0.4023255705833435,0.5116279125213623,0.43255814909935,0.48372092843055725,0.5023255944252014,0.5767441987991333,0.6116279363632202,0.5976744294166565,0.6534883975982666,0.8581395149230957,0.6162790656089783,1.0,0.13720929622650146,0.0,0.13720929622650146,1.0,0.6162790656089783,0.8581395149230957,0.6534883975982666,0.5976744294166565,0.6116279363632202,0.5767441987991333,0.5023255944252014,0.48372092843055725,0.43255814909935,0.5116279125213623,0.4023255705833435,0.3813953399658203,0.33255812525749207,0.30930233001708984,0.3162790834903717,0.26511627435684204,0.2720930278301239,0.29767441749572754,0.2069767415523529,0.2697674334049225,0.22558139264583588,0.23720930516719818,0.24651162326335907,0.20000000298023224,0.216279074549675,0.18837209045886993,0.24186046421527863,0.1953488439321518,0.1837209314107895,0.17906977236270905,0.1744185984134674,0.20232558250427246,0.15813954174518585,0.18139535188674927,0.1860465109348297,0.20930232107639313,0.11627907305955887,0.1744185984134674,0.20000000298023224,0.16744185984134674,0.17674419283866882,0.16046512126922607,0.1627907007932663,0.16976743936538696,0.14651162922382355,0.16046512126922607,0.16976743936538696,0.16976743936538696,0.20000000298023224,0.12325581163167953,0.17674419283866882,0.15813954174518585,0.14883720874786377,0.16976743936538696,0.1627907007932663,0.15581394731998444,0.16511628031730652,0.1418604701757431,0.16744185984134674,0.16511628031730652,0.1837209314107895,0.1744185984134674,0.1860465109348297,0.13255813717842102,0.1534883677959442,0.16046512126922607,0.1744185984134674,0.1953488439321518,0.20930232107639313,0.15813954174518585,0.16744185984134674,0.1627907007932663,0.21162790060043335,0.17906977236270905,0.16511628031730652,0.15581394731998444,0.1627907007932663,0.1627907007932663,0.14883720874786377,0.18139535188674927,0.14883720874786377,0.17906977236270905,0.16046512126922607,0.18837209045886993,0.21162790060043335,0.1860465109348297,0.15581394731998444,0.16744185984134674,0.15813954174518585,0.1837209314107895,0.14651162922382355,0.1837209314107895,0.16511628031730652,0.17209301888942719,0.19767442345619202,0.20232558250427246,0.15813954174518585,0.09302325546741486
0.0,0.0,0.1666666716337204,0.0,0.1666666716337204,0.0,0.0,0.1666666716337204,0.0,0.0,0.3333333432674408,0.0,0.1666666716337204,0.0,0.0,0.1666666716337204,0.1666666716337204,0.0,0.0,0.0,0.0,0.1666666716337204,0.0,0.0,0.1666666716337204,0.0,0.1666666716337204,0.1666666716337204,0.0,0.1666666716337204,0.1666666716337204,0.1666666716337204,0.0,0.1666666716337204,0.5,0.1666666716337204,0.1666666716337204,0.0,0.3333333432674408,0.0,0.0,0.3333333432674408,0.0,0.0,0.0,0.0,0.0,0.0,0.1666666716337204,0.0,0.0,0.0,0.5,0.1666666716337204,0.3333333432674408,0.3333333432674408,0.1666666716337204,0.0,0.1666666716337204,0.0,0.0,0.0,0.5,0.1666666716337204,0.0,0.0,0.1666666716337204,0.1666666716337204,0.1666666716337204,0.1666666716337204,0.0,0.0,0.3333333432674408,0.0,0.0,0.1666666716337204,0.0,0.0,0.1666666716337204,0.3333333432674408,0.0,0.1666666716337204,0.1666666716337204,0.0,0.1666666716337204,0.3333333432674408,0.0,0.1666666716337204,0.5,0.0,0.1666666716337204,0.3333333432674408,0.8333333134651184,1.0,0.5,0.8333333134651184,0.8333333134651184,0.6666666865348816,0.6666666865348816,0.0,0.0,0.0,0.6666666865348816,0.6666666865348816,0.8333333134651184,0.8333333134651184,0.5,1.0,0.8333333134651184,0.3333333432674408,0.1666666716337204,0.0,0.5,0.1666666716337204,0.0,0.3333333432674408,0.1666666716337204,0.0,0.1666666716337204,0.1666666716337204,0.0,0.3333333432674408,0.1666666716337204,0.0,0.0,0.1666666716337204,0.0,0.0,0.3333333432674408,0.0,0.0,0.1666666716337204,0.1666666716337204,0.1666666716337204,0.1666666716337204,0.0,0.0,0.1666666716337204,0.5,0.0,0.0,0.0,0.1666666716337204,0.0,0.1666666716337204,0.3333333432674408,0.3333333432674408,0.1666666716337204,0.5,0.0,0.0,0.0,0.1666666716337204,0.0,0.0,0.0,0.0,0.0,0.0,0.3333333432674408,0.0,0.0,0.3333333432674408,0.0,0.1666666716337204,0.1666666716337204,0.5,0.1666666716337204,0.0,0.1666666716337204,0.1666666716337204,0.1666666716337204,0.0,0.1666666716337204,0.1666666716337204,0.0,0.1666666716337204,0.0,0.0,0.1666666716337204,0.0,0.0,0.0,0.0,0.1666666716337204,0.1666666716337204,0.0,0.0,0.1666666716337204,0.0,0.3333333432674408,0.0,0.0,0.1666666716337204,0.0,0.0,0.1666666716337204,0.0,0.1666666716337204,0.0,0.0
0.22325581312179565,0.4558139443397522,0.4465116262435913,0.4465116262435913,0.4465116262435913,0.4651162922382355,0.4372093081474304,0.4139534831047058,0.40930232405662537,0.4558139443397522,0.43255814909935,0.4139534831047058,0.4046511650085449,0.49302324652671814,0.4651162922382355,0.48372092843055725,0.4651162922382355,0.4372093081474304,0.4558139443397522,0.3255814015865326,0.4232558012008667,0.3581395447254181,0.42790699005126953,0.4372093081474304,0.3813953399658203,0.4046511650085449,0.4372093081474304,0.4465116262435913,0.4139534831047058,0.37674418091773987,0.4558139443397522,0.40930232405662537,0.3813953399658203,0.4232558012008667,0.4651162922382355,0.3906976878643036,0.3488371968269348,0.43255814909935,0.3581395447254181,0.3906976878643036,0.4046511650085449,0.4046511650085449,0.4651162922382355,0.3906976878643036,0.49302324652671814,0.4139534831047058,0.42790699005126953,0.44186046719551086,0.4000000059604645,0.3720930218696594,0.3813953399658203,0.39534884691238403,0.37674418091773987,0.43255814909935,0.43255814909935,0.44186046719551086,0.40930232405662537,0.43255814909935,0.4046511650085449,0.4465116262435913,0.38604649901390076,0.4465116262435913,0.4465116262435913,0.4558139443397522,0.38604649901390076,0.44186046719551086,0.4139534831047058,0.4651162922382355,0.39534884691238403,0.37674418091773987,0.3906976878643036,0.40930232405662537,0.37674418091773987,0.46046510338783264,0.33023256063461304,0.4697674512863159,0.48372092843055725,0.4232558012008667,0.4372093081474304,0.3813953399658203,0.34418603777885437,0.44186046719551086,0.43255814909935,0.5162790417671204,0.49302324652671814,0.5348837375640869,0.6186046600341797,0.6139534711837769,0.5627906918525696,0.6325581669807434,0.6186046600341797,0.6837209463119507,0.7534883618354797,0.6651162505149841,0.8186046481132507,0.6558139324188232,0.9116278886795044,0.869767427444458,1.0,0.10232558101415634,0.0,0.10232558101415634,1.0,0.869767427444458,0.9116278886795044,0.6558139324188232,0.8186046481132507,0.6651162505149841,0.7534883618354797,0.6837209463119507,0.6186046600341797,0.6325581669807434,0.5627906918525696,0.6139534711837769,0.6186046600341797,0.5348837375640869,0.49302324652671814,0.5162790417671204,0.43255814909935,0.44186046719551086,0.34418603777885437,0.3813953399658203,0.4372093081474304,0.4232558012008667,0.48372092843055725,0.4697674512863159,0.33023256063461304,0.46046510338783264,0.37674418091773987,0.40930232405662537,0.3906976878643036,0.37674418091773987,0.39534884691238403,0.4651162922382355,0.4139534831047058,0.44186046719551086,0.38604649901390076,0.4558139443397522,0.4465116262435913,0.4465116262435913,0.38604649901390076,0.4465116262435913,0.4046511650085449,0.43255814909935,0.40930232405662537,0.44186046719551086,0.43255814909935,0.43255814909935,0.37674418091773987,0.39534884691238403,0.3813953399658203,0.3720930218696594,0.4000000059604645,0.44186046719551086,0.42790699005126953,0.4139534831047058,0.49302324652671814,0.3906976878643036,0.4651162922382355,0.4046511650085449,0.4046511650085449,0.3906976878643036,0.3581395447254181,0.43255814909935,0.3488371968269348,0.3906976878643036,0.4651162922382355,0.4232558012008667,0.3813953399658203,0.40930232405662537,0.4558139443397522,0.37674418091773987,0.4139534831047058,0.4465116262435913,0.4372093081474304,0.4046511650085449,0.3813953399658203,0.4372093081474304,0.42790699005126953,0.3581395447254181,0.4232558012008667,0.3255814015865326,0.4558139443397522,0.4372093081474304,0.4651162922382355,0.48372092843055725,0.4651162922382355,0.49302324652671814,0.4046511650085449,0.4139534831047058,0.43255814909935,0.4558139443397522,0.40930232405662537,0.4139534831047058,0.4372093081474304,0.4651162922382355,0.4465116262435913,0.4465116262435913,0.4465116262435913,0.4558139443397522,0.22325581312179565
0.3849765360355377,0.7652581930160522,0.5539906024932861,0.7183098793029785,0.6948356628417969,0.6619718074798584,0.7136150002479553,0.6338028311729431,0.6666666865348816,0.6150234937667847,0.6525821685791016,0.6478873491287231,0.7323943376541138,0.6901408433914185,0.6338028311729431,0.7276995182037354,0.7089201807975769,0.6056337952613831,0.7089201807975769,0.7746478915214539,0.7136150002479553,0.6338028311729431,0.7089201807975769,0.8544601202011108,0.6525821685791016,0.6244131326675415,0.7276995182037354,0.6197183132171631,0.7840375304222107,0.6525821685791016,0.6244131326675415,0.5821596384048462,0.6478873491287231,0.65727698802948,0.6619718074798584,0.6244131326675415,0.6760563254356384,0.6009389758110046,0.8122065663337708,0.6009389758110046,0.7464788556098938,0.6948356628417969,0.65727698802948,0.68544602394104,0.6619718074798584,0.6525821685791016,0.6103286147117615,0.7840375304222107,0.7042253613471985,0.7981220483779907,0.6338028311729431,0.6948356628417969,0.7746478915214539,0.6291079521179199,0.6948356628417969,0.7699530720710754,0.5821596384048462,0.65727698802948,0.6009389758110046,0.7089201807975769,0.6056337952613831,0.6291079521179199,0.7042253613471985,0.6901408433914185,0.6619718074798584,0.6807511448860168,0.5492957830429077,0.67136150598526,0.6619718074798584,0.7323943376541138,0.7558685541152954,0.6619718074798584,0.7089201807975769,0.7042253613471985,0.737089216709137,0.7558685541152954,0.6478873491287231,0.8309859037399292,0.6807511448860168,0.6760563254356384,0.7605633735656738,0.751173734664917,0.7746478915214539,0.7887324094772339,0.6150234937667847,0.68544602394104,0.9107981324195862,0.7699530720710754,0.8215962648391724,0.934272289276123,0.8450704216957092,0.9107981324195862,0.8075117468833923,0.8638497591018677,0.8169013857841492,0.920187771320343,0.9765258431434631,1.0,0.9389671087265015,0.15492957830429077,0.0,0.15492957830429077,0.9389671087265015,1.0,0.9765258431434631,0.920187771320343,0.8169013857841492,0.8638497591018677,0.8075117468833923,0.9107981324195862,0.8450704216957092,0.934272289276123,0.8215962648391724,0.7699530720710754,0.9107981324195862,0.68544602394104,0.6150234937667847,0.7887324094772339,0.7746478915214539,0.751173734664917,0.7605633735656738,0.6760563254356384,0.6807511448860168,0.8309859037399292,0.6478873491287231,0.7558685541152954,0.737089216709137,0.7042253613471985,0.7089201807975769,0.6619718074798584,0.7558685541152954,0.7323943376541138,0.6619718074798584,0.67136150598526,0.5492957830429077,0.6807511448860168,0.6619718074798584,0.6901408433914185,0.7042253613471985,0.6291079521179199,0.6056337952613831,0.7089201807975769,0.6009389758110046,0.65727698802948,0.5821596384048462,0.7699530720710754,0.6948356628417969,0.6291079521179199,0.7746478915214539,0.6948356628417969,0.6338028311729431,0.7981220483779907,0.7042253613471985,0.7840375304222107,0.6103286147117615,0.6525821685791016,0.6619718074798584,0.68544602394104,0.65727698802948,0.6948356628417969,0.7464788556098938,0.6009389758110046,0.8122065663337708,0.6009389758110046,0.6760563254356384,0.6244131326675415,0.6619718074798584,0.65727698802948,0.6478873491287231,0.5821596384048462,0.6244131326675415,0.6525821685791016,0.7840375304222107,0.6197183132171631,0.7276995182037354,0.6244131326675415,0.6525821685791016,0.8544601202011108,0.7089201807975769,0.6338028311729431,0.7136150002479553,0.7746478915214539,0.7089201807975769,0.6056337952613831,0.7089201807975769,0.7276995182037354,0.6338028311729431,0.6901408433914185,0.7323943376541138,0.6478873491287231,0.6525821685791016,0.6150234937667847,0.6666666865348816,0.6338028311729431,0.7136150002479553,0.6619718074798584,0.6948356628417969,0.7183098793029785,0.5539906024932861,0.7652581930160522,0.3849765360355377
0.3733333349227905,0.7599999904632568,0.699999988079071,0.7666666507720947,0.8799999952316284,0.8999999761581421,0.9133333563804626,0.8066666722297668,0.8799999952316284,0.9066666960716248,0.8799999952316284,0.8533333539962769,0.7866666913032532,0.6933333277702332,0.8799999952316284,0.9266666769981384,0.9399999976158142,0.8666666746139526,0.8333333134651184,0.8666666746139526,0.753333330154419,0.7666666507720947,0.800000011920929,0.8666666746139526,0.8133333325386047,0.9133333563804626,0.8399999737739563,0.8399999737739563,0.8266666531562805,0.7866666913032532,0.7866666913032532,0.6866666674613953,0.8733333349227905,0.8333333134651184,0.7133333086967468,0.7933333516120911,0.7599999904632568,0.8733333349227905,0.7200000286102295,0.7599999904632568,0.8133333325386047,0.7266666889190674,0.8266666531562805,0.7799999713897705,0.8066666722297668,0.846666693687439,0.6866666674613953,0.7666666507720947,0.8199999928474426,0.846666693687439,0.5933333039283752,0.753333330154419,0.8266666531562805,0.8066666722297668,0.7133333086967468,0.8999999761581421,0.8933333158493042,0.753333330154419,0.7866666913032532,0.846666693687439,0.7799999713897705,0.6800000071525574,0.8066666722297668,0.7066666483879089,0.8799999952316284,0.8133333325386047,0.8066666722297668,0.9200000166893005,0.846666693687439,0.8399999737739563,0.7799999713897705,0.7666666507720947,0.846666693687439,0.8999999761581421,0.8666666746139526,0.7400000095367432,0.7333333492279053,0.7733333110809326,0.8600000143051147,0.9066666960716248,0.7333333492279053,0.7666666507720947,0.8333333134651184,0.8266666531562805,0.800000011920929,0.8666666746139526,1.0,0.9066666960716248,0.8066666722297668,0.8533333539962769,0.95333331823349,0.800000011920929,0.8199999928474426,0.8799999952316284,0.8333333134651184,0.7666666507720947,0.7266666889190674,0.9066666960716248,0.8666666746139526,0.12666666507720947,0.0,0.12666666507720947,0.8666666746139526,0.9066666960716248,0.7266666889190674,0.7666666507720947,0.8333333134651184,0.8799999952316284,0.8199999928474426,0.800000011920929,0.95333331823349,0.8533333539962769,0.8066666722297668,0.9066666960716248,1.0,0.8666666746139526,0.800000011920929,0.8266666531562805,0.8333333134651184,0.7666666507720947,0.7333333492279053,0.9066666960716248,0.8600000143051147,0.7733333110809326,0.7333333492279053,0.7400000095367432,0.8666666746139526,0.8999999761581421,0.846666693687439,0.7666666507720947,0.7799999713897705,0.8399999737739563,0.846666693687439,0.9200000166893005,0.8066666722297668,0.8133333325386047,0.8799999952316284,0.7066666483879089,0.8066666722297668,0.6800000071525574,0.7799999713897705,0.846666693687439,0.7866666913032532,0.753333330154419,0.8933333158493042,0.8999999761581421,0.7133333086967468,0.8066666722297668,0.8266666531562805,0.753333330154419,0.5933333039283752,0.846666693687439,0.8199999928474426,0.7666666507720947,0.6866666674613953,0.846666693687439,0.8066666722297668,0.7799999713897705,0.8266666531562805,0.7266666889190674,0.8133333325386047,0.7599999904632568,0.7200000286102295,0.8733333349227905,0.7599999904632568,0.7933333516120911,0.7133333086967468,0.8333333134651184,0.8733333349227905,0.6866666674613953,0.7866666913032532,0.7866666913032532,0.8266666531562805,0.8399999737739563,0.8399999737739563,0.9133333563804626,0.8133333325386047,0.8666666746139526,0.800000011920929,0.7666666507720947,0.753333330154419,0.8666666746139526,0.8333333134651184,0.8666666746139526,0.9399999976158142,0.9266666769981384,0.8799999952316284,0.6933333277702332,0.7866666913032532,0.8533333539962769,0.8799999952316284,0.9066666960716248,0.8799999952316284,0.8066666722297668,0.9133333563804626,0.8999999761581421,0.8799999952316284,0.7666666507720947,0.699999988079071,0.7599999904632568,0.3733333349227905
0.15909090638160706,0.23181818425655365,0.30454546213150024,0.2454545497894287,0.2954545319080353,0.19090908765792847,0.20909090340137482,0.30454546213150024,0.2545454502105713,0.22727273404598236,0.24090908467769623,0.2818181812763214,0.23181818425655365,0.30909091234207153,0.2863636314868927,0.2818181812763214,0.20909090340137482,0.3181818127632141,0.27272728085517883,0.26818183064460754,0.30000001192092896,0.2863636314868927,0.26818183064460754,0.25,0.23636363446712494,0.3181818127632141,0.30000001192092896,0.26818183064460754,0.30454546213150024,0.26818183064460754,0.30909091234207153,0.290909081697464,0.23636363446712494,0.27272728085517883,0.2863636314868927,0.27272728085517883,0.20454545319080353,0.3181818127632141,0.22727273404598236,0.22727273404598236,0.2863636314868927,0.23181818425655365,0.2590909004211426,0.24090908467769623,0.30454546213150024,0.27272728085517883,0.25,0.23636363446712494,0.22272726893424988,0.290909081697464,0.26363635063171387,0.26818183064460754,0.3136363625526428,0.2954545319080353,0.27272728085517883,0.26818183064460754,0.2181818187236786,0.290909081697464,0.19545455276966095,0.33181819319725037,0.20454545319080353,0.2545454502105713,0.26818183064460754,0.33636364340782166,0.23181818425655365,0.25,0.24090908467769623,0.2545454502105713,0.25,0.2772727310657501,0.24090908467769623,0.2181818187236786,0.3136363625526428,0.3545454442501068,0.3272727131843567,0.2545454502105713,0.2954545319080353,0.2545454502105713,0.3227272629737854,0.3227272629737854,0.30000001192092896,0.3499999940395355,0.3863636255264282,0.3909091055393219,0.3636363744735718,0.3863636255264282,0.5181818008422852,0.4000000059604645,0.48181816935539246,0.459090918302536,0.5227272510528564,0.5090909004211426,0.5363636612892151,0.4954545497894287,0.5681818127632141,0.5954545736312866,0.7409090995788574,0.7545454502105713,1.0,0.15000000596046448,0.0,0.15000000596046448,1.0,0.7545454502105713,0.7409090995788574,0.5954545736312866,0.5681818127632141,0.4954545497894287,0.5363636612892151,0.5090909004211426,0.5227272510528564,0.459090918302536,0.48181816935539246,0.4000000059604645,0.5181818008422852,0.3863636255264282,0.3636363744735718,0.3909091055393219,0.3863636255264282,0.3499999940395355,0.30000001192092896,0.3227272629737854,0.3227272629737854,0.2545454502105713,0.2954545319080353,0.2545454502105713,0.3272727131843567,0.3545454442501068,0.3136363625526428,0.2181818187236786,0.24090908467769623,0.2772727310657501,0.25,0.2545454502105713,0.24090908467769623,0.25,0.23181818425655365,0.33636364340782166,0.26818183064460754,0.2545454502105713,0.20454545319080353,0.33181819319725037,0.19545455276966095,0.290909081697464,0.2181818187236786,0.26818183064460754,0.27272728085517883,0.2954545319080353,0.3136363625526428,0.26818183064460754,0.26363635063171387,0.290909081697464,0.22272726893424988,0.23636363446712494,0.25,0.27272728085517883,0.30454546213150024,0.24090908467769623,0.2590909004211426,0.23181818425655365,0.2863636314868927,0.22727273404598236,0.22727273404598236,0.3181818127632141,0.20454545319080353,0.27272728085517883,0.2863636314868927,0.27272728085517883,0.23636363446712494,0.290909081697464,0.30909091234207153,0.26818183064460754,0.30454546213150024,0.26818183064460754,0.30000001192092896,0.3181818127632141,0.23636363446712494,0.25,0.26818183064460754,0.2863636314868927,0.30000001192092896,0.26818183064460754,0.27272728085517883,0.3181818127632141,0.20909090340137482,0.2818181812763214,0.2863636314868927,0.30909091234207153,0.23181818425655365,0.2818181812763214,0.24090908467769623,0.22727273404598236,0.2545454502105713,0.30454546213150024,0.20909090340137482,0.19090908765792847,0.2954545319080353,0.2454545497894287,0.30454546213150024,0.23181818425655365,0.15909090638160706
0.1782945692539215,0.4651162922382355,0.3255814015865326,0.41860464215278625,0.44961240887641907,0.3643410801887512,0.3798449635505676,0.43410852551460266,0.4883720874786377,0.43410852551460266,0.5038759708404541,0.5503876209259033,0.4961240291595459,0.3643410801887512,0.27906978130340576,0.44961240887641907,0.4806201457977295,0.3798449635505676,0.44961240887641907,0.41085270047187805,0.44186046719551086,0.3798449635505676,0.3255814015865326,0.44961240887641907,0.38759690523147583,0.40310078859329224,0.42635658383369446,0.341085284948349,0.43410852551460266,0.27906978130340576,0.42635658383369446,0.3798449635505676,0.3255814015865326,0.41085270047187805,0.302325576543808,0.44961240887641907,0.3643410801887512,0.4883720874786377,0.341085284948349,0.341085284948349,0.3720930218696594,0.3643410801887512,0.38759690523147583,0.4883720874786377,0.43410852551460266,0.41085270047187805,0.5038759708404541,0.4651162922382355,0.3178294599056244,0.3720930218696594,0.3798449635505676,0.3798449635505676,0.44961240887641907,0.39534884691238403,0.44186046719551086,0.3643410801887512,0.5193798542022705,0.44186046719551086,0.43410852551460266,0.3798449635505676,0.44186046719551086,0.44961240887641907,0.41860464215278625,0.5038759708404541,0.3333333432674408,0.40310078859329224,0.39534884691238403,0.39534884691238403,0.39534884691238403,0.38759690523147583,0.3333333432674408,0.3720930218696594,0.38759690523147583,0.43410852551460266,0.44961240887641907,0.3100775182247162,0.44186046719551086,0.41085270047187805,0.5116279125213623,0.42635658383369446,0.5503876209259033,0.3643410801887512,0.41860464215278625,0.44186046719551086,0.5116279125213623,0.4651162922382355,0.5116279125213623,0.5348837375640869,0.5891472697257996,0.5968992114067078,0.5581395626068115,0.5736433863639832,0.6279069781303406,0.6744186282157898,0.6511628031730652,0.7364341020584106,0.961240291595459,0.713178277015686,1.0,0.1705426424741745,0.0,0.1705426424741745,1.0,0.713178277015686,0.961240291595459,0.7364341020584106,0.6511628031730652,0.6744186282157898,0.6279069781303406,0.5736433863639832,0.5581395626068115,0.5968992114067078,0.5891472697257996,0.5348837375640869,0.5116279125213623,0.4651162922382355,0.5116279125213623,0.44186046719551086,0.41860464215278625,0.3643410801887512,0.5503876209259033,0.42635658383369446,0.5116279125213623,0.41085270047187805,0.44186046719551086,0.3100775182247162,0.44961240887641907,0.43410852551460266,0.38759690523147583,0.3720930218696594,0.3333333432674408,0.38759690523147583,0.39534884691238403,0.39534884691238403,0.39534884691238403,0.40310078859329224,0.3333333432674408,0.5038759708404541,0.41860464215278625,0.44961240887641907,0.44186046719551086,0.3798449635505676,0.43410852551460266,0.44186046719551086,0.5193798542022705,0.3643410801887512,0.44186046719551086,0.39534884691238403,0.44961240887641907,0.3798449635505676,0.3798449635505676,0.3720930218696594,0.3178294599056244,0.4651162922382355,0.5038759708404541,0.41085270047187805,0.43410852551460266,0.4883720874786377,0.38759690523147583,0.3643410801887512,0.3720930218696594,0.341085284948349,0.341085284948349,0.4883720874786377,0.3643410801887512,0.44961240887641907,0.302325576543808,0.41085270047187805,0.3255814015865326,0.3798449635505676,0.42635658383369446,0.27906978130340576,0.43410852551460266,0.341085284948349,0.42635658383369446,0.40310078859329224,0.38759690523147583,0.44961240887641907,0.3255814015865326,0.3798449635505676,0.44186046719551086,0.41085270047187805,0.44961240887641907,0.3798449635505676,0.4806201457977295,0.44961240887641907,0.27906978130340576,0.3643410801887512,0.4961240291595459,0.5503876209259033,0.5038759708404541,0.43410852551460266,0.4883720874786377,0.43410852551460266,0.3798449635505676,0.3643410801887512,0.44961240887641907,0.41860464215278625,0.3255814015865326,0.4651162922382355,0.1782945692539215
0.4019607901573181,0.6960784196853638,0.5588235259056091,0.7941176295280457,0.7647058963775635,0.6274510025978088,0.843137264251709,0.7450980544090271,0.7549019455909729,0.813725471496582,0.6960784196853638,0.843137264251709,0.7352941036224365,0.7843137383460999,0.7450980544090271,0.8039215803146362,0.686274528503418,0.7745097875595093,0.686274528503418,0.8725489974021912,0.8039215803146362,0.6372548937797546,0.7549019455909729,0.8823529481887817,0.9215686321258545,0.7941176295280457,0.7745097875595093,0.7549019455909729,0.8627451062202454,0.686274528503418,0.6666666865348816,0.6078431606292725,0.7843137383460999,0.7450980544090271,0.813725471496582,0.9411764740943909,0.7058823704719543,0.7549019455909729,0.7450980544090271,0.686274528503418,0.8039215803146362,0.7843137383460999,0.8529411554336548,0.7352941036224365,0.8039215803146362,0.7352941036224365,0.7156862616539001,0.656862735748291,0.7745097875595093,0.7254902124404907,0.6960784196853638,0.6666666865348816,0.9019607901573181,0.9803921580314636,0.9117646813392639,0.6274510025978088,0.7745097875595093,0.6274510025978088,0.7450980544090271,0.6470588445663452,0.6960784196853638,0.8627451062202454,0.5784313678741455,0.7941176295280457,0.7941176295280457,0.6274510025978088,0.6764705777168274,0.6372548937797546,0.7254902124404907,0.7549019455909729,0.813725471496582,0.8039215803146362,0.7352941036224365,0.8039215803146362,0.7843137383460999,0.7058823704719543,0.656862735748291,0.7058823704719543,0.8529411554336548,0.7941176295280457,0.8725489974021912,0.9215686321258545,0.9117646813392639,0.8039215803146362,0.7450980544090271,0.6470588445663452,0.9019607901573181,0.6470588445663452,0.7941176295280457,0.7352941036224365,0.843137264251709,0.7843137383460999,0.6274510025978088,1.0,0.7549019455909729,0.9411764740943909,0.7941176295280457,0.9509803652763367,0.7450980544090271,0.12745098769664764,0.0,0.12745098769664764,0.7450980544090271,0.9509803652763367,0.7941176295280457,0.9411764740943909,0.7549019455909729,1.0,0.6274510025978088,0.7843137383460999,0.843137264251709,0.7352941036224365,0.7941176295280457,0.6470588445663452,0.9019607901573181,0.6470588445663452,0.7450980544090271,0.8039215803146362,0.9117646813392639,0.9215686321258545,0.8725489974021912,0.7941176295280457,0.8529411554336548,0.7058823704719543,0.656862735748291,0.7058823704719543,0.7843137383460999,0.8039215803146362,0.7352941036224365,0.8039215803146362,0.813725471496582,0.7549019455909729,0.7254902124404907,0.6372548937797546,0.6764705777168274,0.6274510025978088,0.7941176295280457,0.7941176295280457,0.5784313678741455,0.8627451062202454,0.6960784196853638,0.6470588445663452,0.7450980544090271,0.6274510025978088,0.7745097875595093,0.6274510025978088,0.9117646813392639,0.9803921580314636,0.9019607901573181,0.6666666865348816,0.6960784196853638,0.7254902124404907,0.7745097875595093,0.656862735748291,0.7156862616539001,0.7352941036224365,0.8039215803146362,0.7352941036224365,0.8529411554336548,0.7843137383460999,0.8039215803146362,0.686274528503418,0.7450980544090271,0.7549019455909729,0.7058823704719543,0.9411764740943909,0.813725471496582,0.7450980544090271,0.7843137383460999,0.6078431606292725,0.6666666865348816,0.686274528503418,0.8627451062202454,0.7549019455909729,0.7745097875595093,0.7941176295280457,0.9215686321258545,0.8823529481887817,0.7549019455909729,0.6372548937797546,0.8039215803146362,0.8725489974021912,0.686274528503418,0.7745097875595093,0.686274528503418,0.8039215803146362,0.7450980544090271,0.7843137383460999,0.7352941036224365,0.843137264251709,0.6960784196853638,0.813725471496582,0.7549019455909729,0.7450980544090271,0.843137264251709,0.6274510025978088,0.7647058963775635,0.7941176295280457,0.5588235259056091,0.6960784196853638,0.4019607901573181
0.32307693362236023,0.7692307829856873,0.6769230961799622,0.5846154093742371,0.5846154093742371,0.6153846383094788,0.6461538672447205,0.6615384817123413,0.6000000238418579,0.692307710647583,0.5384615659713745,0.6000000238418579,0.692307710647583,0.7538461685180664,0.6307692527770996,0.7692307829856873,0.6153846383094788,0.5846154093742371,0.6307692527770996,0.446153849363327,0.7230769395828247,0.5384615659713745,0.5538461804389954,0.6769230961799622,0.5076923370361328,0.7230769395828247,0.6615384817123413,0.692307710647583,0.6769230961799622,0.6000000238418579,0.6153846383094788,0.6769230961799622,0.7846153974533081,0.6153846383094788,0.6615384817123413,0.692307710647583,0.5384615659713745,0.5384615659713745,0.5692307949066162,0.5384615659713745,0.4307692348957062,0.6307692527770996,0.6461538672447205,0.6461538672447205,0.5846154093742371,0.6153846383094788,0.4769230782985687,0.7230769395828247,0.5538461804389954,0.5692307949066162,0.6000000238418579,0.5076923370361328,0.5692307949066162,0.7384615540504456,0.6769230961799622,0.6615384817123413,0.5384615659713745,0.4307692348957062,0.4769230782985687,0.7846153974533081,0.6307692527770996,0.5846154093742371,0.38461539149284363,0.7230769395828247,0.7692307829856873,0.446153849363327,0.6461538672447205,0.5384615659713745,0.7230769395828247,0.5846154093742371,0.6769230961799622,0.7692307829856873,0.3692307770252228,0.6000000238418579,0.7230769395828247,0.5384615659713745,0.6769230961799622,0.446153849363327,0.892307698726654,0.8153846263885498,0.7230769395828247,0.6461538672447205,0.7692307829856873,0.5230769515037537,0.7230769395828247,0.7384615540504456,0.800000011920929,0.7384615540504456,0.9230769276618958,0.5384615659713745,0.6307692527770996,0.6307692527770996,0.6307692527770996,0.9230769276618958,0.7846153974533081,0.8307692408561707,0.9076923131942749,1.0,0.8461538553237915,0.0923076942563057,0.0,0.0923076942563057,0.8461538553237915,1.0,0.9076923131942749,0.8307692408561707,0.7846153974533081,0.9230769276618958,0.6307692527770996,0.6307692527770996,0.6307692527770996,0.5384615659713745,0.9230769276618958,0.7384615540504456,0.800000011920929,0.7384615540504456,0.7230769395828247,0.5230769515037537,0.7692307829856873,0.6461538672447205,0.7230769395828247,0.8153846263885498,0.892307698726654,0.446153849363327,0.6769230961799622,0.5384615659713745,0.7230769395828247,0.6000000238418579,0.3692307770252228,0.7692307829856873,0.6769230961799622,0.5846154093742371,0.7230769395828247,0.5384615659713745,0.6461538672447205,0.446153849363327,0.7692307829856873,0.7230769395828247,0.38461539149284363,0.5846154093742371,0.6307692527770996,0.7846153974533081,0.4769230782985687,0.4307692348957062,0.5384615659713745,0.6615384817123413,0.6769230961799622,0.7384615540504456,0.5692307949066162,0.5076923370361328,0.6000000238418579,0.5692307949066162,0.5538461804389954,0.7230769395828247,0.4769230782985687,0.6153846383094788,0.5846154093742371,0.6461538672447205,0.6461538672447205,0.6307692527770996,0.4307692348957062,0.5384615659713745,0.5692307949066162,0.5384615659713745,0.5384615659713745,0.692307710647583,0.6615384817123413,0.6153846383094788,0.7846153974533081,0.6769230961799622,0.6153846383094788,0.6000000238418579,0.6769230961799622,0.692307710647583,0.6615384817123413,0.7230769395828247,0.5076923370361328,0.6769230961799622,0.5538461804389954,0.5384615659713745,0.7230769395828247,0.446153849363327,0.6307692527770996,0.5846154093742371,0.6153846383094788,0.7692307829856873,0.6307692527770996,0.7538461685180664,0.692307710647583,0.6000000238418579,0.5384615659713745,0.692307710647583,0.6000000238418579,0.6615384817123413,0.6461538672447205,0.6153846383094788,0.5846154093742371,0.5846154093742371,0.6769230961799622,0.7692307829856873,0.32307693362236023
0.2950819730758667,0.6557376980781555,0.5573770403862,0.5409836173057556,0.6393442749977112,0.5901639461517334,0.6393442749977112,0.5573770403862,0.6721311211585999,0.8524590134620667,0.6393442749977112,0.7049180269241333,0.8360655903816223,0.688524603843689,0.7868852615356445,0.5573770403862,0.7213114500045776,0.6393442749977112,0.7540983557701111,0.5573770403862,0.7540983557701111,0.7377049326896667,0.7540983557701111,0.688524603843689,0.5737704634666443,0.5573770403862,0.5081967115402222,0.7049180269241333,0.7540983557701111,0.7377049326896667,0.7868852615356445,0.6721311211585999,0.7704917788505554,0.6557376980781555,0.5409836173057556,0.6065573692321777,0.8852459192276001,0.7704917788505554,0.6229507923126221,0.6229507923126221,1.0,0.688524603843689,0.6229507923126221,0.7540983557701111,0.8852459192276001,0.5901639461517334,0.6065573692321777,0.688524603843689,0.8196721076965332,0.8524590134620667,0.5409836173057556,0.6229507923126221,0.4590163826942444,0.7377049326896667,0.5737704634666443,0.7213114500045776,0.7704917788505554,0.688524603843689,0.5081967115402222,0.7540983557701111,0.8360655903816223,0.6229507923126221,0.7540983557701111,0.7213114500045776,0.7377049326896667,0.7213114500045776,0.9672130942344666,0.6065573692321777,0.6721311211585999,0.9016393423080444,0.6721311211585999,0.9016393423080444,0.7377049326896667,0.6065573692321777,0.7540983557701111,0.6229507923126221,0.5245901346206665,0.7540983557701111,0.6393442749977112,0.8360655903816223,0.5737704634666443,0.6557376980781555,0.6393442749977112,0.8360655903816223,0.5737704634666443,0.8196721076965332,0.6065573692321777,0.688524603843689,0.6557376980781555,0.8524590134620667,0.6721311211585999,0.6557376980781555,0.7868852615356445,0.6393442749977112,0.5901639461517334,0.8524590134620667,0.7540983557701111,0.868852436542511,0.7049180269241333,0.1147540956735611,0.0,0.1147540956735611,0.7049180269241333,0.868852436542511,0.7540983557701111,0.8524590134620667,0.5901639461517334,0.6393442749977112,0.7868852615356445,0.6557376980781555,0.6721311211585999,0.8524590134620667,0.6557376980781555,0.688524603843689,0.6065573692321777,0.8196721076965332,0.5737704634666443,0.8360655903816223,0.6393442749977112,0.6557376980781555,0.5737704634666443,0.8360655903816223,0.6393442749977112,0.7540983557701111,0.5245901346206665,0.6229507923126221,0.7540983557701111,0.6065573692321777,0.7377049326896667,0.9016393423080444,0.6721311211585999,0.9016393423080444,0.6721311211585999,0.6065573692321777,0.9672130942344666,0.7213114500045776,0.7377049326896667,0.7213114500045776,0.7540983557701111,0.6229507923126221,0.8360655903816223,0.7540983557701111,0.5081967115402222,0.688524603843689,0.7704917788505554,0.7213114500045776,0.5737704634666443,0.7377049326896667,0.4590163826942444,0.6229507923126221,0.5409836173057556,0.8524590134620667,0.8196721076965332,0.688524603843689,0.6065573692321777,0.5901639461517334,0.8852459192276001,0.7540983557701111,0.6229507923126221,0.688524603843689,1.0,0.6229507923126221,0.6229507923126221,0.7704917788505554,0.8852459192276001,0.6065573692321777,0.5409836173057556,0.6557376980781555,0.7704917788505554,0.6721311211585999,0.7868852615356445,0.7377049326896667,0.7540983557701111,0.7049180269241333,0.5081967115402222,0.5573770403862,0.5737704634666443,0.688524603843689,0.7540983557701111,0.7377049326896667,0.7540983557701111,0.5573770403862,0.7540983557701111,0.6393442749977112,0.7213114500045776,0.5573770403862,0.7868852615356445,0.688524603843689,0.8360655903816223,0.7049180269241333,0.6393442749977112,0.8524590134620667,0.6721311211585999,0.5573770403862,0.6393442749977112,0.5901639461517334,0.6393442749977112,0.5409836173057556,0.5573770403862,0.6557376980781555,0.2950819730758667
0.420560747385025,0.7289719581604004,0.663551390171051,0.7009345889091492,0.8317757248878479,0.6542056202888489,0.7943925261497498,0.6074766516685486,0.8878504633903503,0.7102803587913513,0.6822429895401001,0.9345794320106506,0.6542056202888489,0.6822429895401001,0.7663551568984985,0.7850467562675476,0.6915887594223022,0.7943925261497498,0.822429895401001,0.7476635575294495,0.8037382960319519,0.7009345889091492,0.7289719581604004,0.7757009267807007,0.7663551568984985,0.9065420627593994,0.672897219657898,0.6074766516685486,0.7009345889091492,0.8504672646522522,0.84112149477005,0.9626168012619019,0.4392523467540741,0.8037382960319519,0.8504672646522522,0.8504672646522522,0.7476635575294495,0.7196261882781982,0.9626168012619019,0.7757009267807007,0.6542056202888489,0.9345794320106506,0.822429895401001,0.6822429895401001,0.7476635575294495,0.7850467562675476,0.7196261882781982,0.7663551568984985,0.8317757248878479,0.663551390171051,0.8317757248878479,0.5887850522994995,0.8785046935081482,0.6542056202888489,0.7009345889091492,0.8785046935081482,0.7943925261497498,0.7289719581604004,0.7850467562675476,0.7570093274116516,0.9158878326416016,0.7196261882781982,0.7196261882781982,0.8785046935081482,0.8317757248878479,0.663551390171051,0.8317757248878479,0.7196261882781982,0.7009345889091492,0.7476635575294495,0.7476635575294495,0.6915887594223022,0.672897219657898,0.663551390171051,0.84112149477005,0.7196261882781982,0.7570093274116516,0.8037382960319519,0.8785046935081482,0.7663551568984985,0.7102803587913513,0.5887850522994995,0.8504672646522522,1.0,0.7102803587913513,0.7009345889091492,0.7383177280426025,0.8878504633903503,0.7850467562675476,0.672897219657898,0.8691588640213013,0.9065420627593994,0.8037382960319519,0.6168224215507507,0.7663551568984985,0.6542056202888489,0.6915887594223022,0.8691588640213013,0.672897219657898,0.07476635277271271,0.0,0.07476635277271271,0.672897219657898,0.8691588640213013,0.6915887594223022,0.6542056202888489,0.7663551568984985,0.6168224215507507,0.8037382960319519,0.9065420627593994,0.8691588640213013,0.672897219657898,0.7850467562675476,0.8878504633903503,0.7383177280426025,0.7009345889091492,0.7102803587913513,1.0,0.8504672646522522,0.5887850522994995,0.7102803587913513,0.7663551568984985,0.8785046935081482,0.8037382960319519,0.7570093274116516,0.7196261882781982,0.84112149477005,0.663551390171051,0.672897219657898,0.6915887594223022,0.7476635575294495,0.7476635575294495,0.7009345889091492,0.7196261882781982,0.8317757248878479,0.663551390171051,0.8317757248878479,0.8785046935081482,0.7196261882781982,0.7196261882781982,0.9158878326416016,0.7570093274116516,0.7850467562675476,0.7289719581604004,0.7943925261497498,0.8785046935081482,0.7009345889091492,0.6542056202888489,0.8785046935081482,0.5887850522994995,0.8317757248878479,0.663551390171051,0.8317757248878479,0.7663551568984985,0.7196261882781982,0.7850467562675476,0.7476635575294495,0.6822429895401001,0.822429895401001,0.9345794320106506,0.6542056202888489,0.7757009267807007,0.9626168012619019,0.7196261882781982,0.7476635575294495,0.8504672646522522,0.8504672646522522,0.8037382960319519,0.4392523467540741,0.9626168012619019,0.84112149477005,0.8504672646522522,0.7009345889091492,0.6074766516685486,0.672897219657898,0.9065420627593994,0.7663551568984985,0.7757009267807007,0.7289719581604004,0.7009345889091492,0.8037382960319519,0.7476635575294495,0.822429895401001,0.7943925261497498,0.6915887594223022,0.7850467562675476,0.7663551568984985,0.6822429895401001,0.6542056202888489,0.9345794320106506,0.6822429895401001,0.7102803587913513,0.8878504633903503,0.6074766516685486,0.7943925261497498,0.6542056202888489,0.8317757248878479,0.7009345889091492,0.663551390171051,0.7289719581604004,0.420560747385025
0.36206895112991333,0.75,0.732758641242981,0.7068965435028076,0.75,0.7068965435028076,0.7844827771186829,0.7586206793785095,0.7068965435028076,0.7241379022598267,0.7413793206214905,0.8534482717514038,0.6465517282485962,0.681034505367279,0.5517241358757019,0.7155172228813171,0.8017241358757019,0.818965494632721,0.6637930870056152,0.6896551847457886,0.6379310488700867,0.7413793206214905,0.7155172228813171,0.7758620977401733,0.732758641242981,0.6551724076271057,0.6120689511299133,0.732758641242981,0.7413793206214905,0.7758620977401733,0.9655172228813171,0.75,0.8448275923728943,0.6206896305084229,0.7586206793785095,0.6379310488700867,0.6637930870056152,0.7758620977401733,0.681034505367279,0.6551724076271057,0.6637930870056152,0.6637930870056152,0.8620689511299133,0.5603448152542114,0.6896551847457886,0.6982758641242981,0.818965494632721,0.6551724076271057,0.5948275923728943,0.75,0.6896551847457886,0.6034482717514038,0.732758641242981,0.75,0.7844827771186829,0.6206896305084229,0.8362069129943848,0.732758641242981,0.6206896305084229,0.7068965435028076,0.7413793206214905,0.7586206793785095,0.7068965435028076,0.6551724076271057,0.7241379022598267,0.7586206793785095,0.5431034564971924,0.6120689511299133,0.732758641242981,0.8448275923728943,0.7413793206214905,0.75,0.6465517282485962,0.8706896305084229,0.7931034564971924,0.7413793206214905,0.767241358757019,0.8017241358757019,0.8965517282485962,0.8534482717514038,0.681034505367279,0.8620689511299133,0.8017241358757019,0.7413793206214905,0.75,0.6206896305084229,1.0,0.6982758641242981,0.8017241358757019,0.732758641242981,0.8965517282485962,0.6982758641242981,0.75,0.8103448152542114,0.6206896305084229,0.8017241358757019,0.8362069129943848,0.818965494632721,0.8017241358757019,0.09482758492231369,0.0,0.09482758492231369,0.8017241358757019,0.818965494632721,0.8362069129943848,0.8017241358757019,0.6206896305084229,0.8103448152542114,0.75,0.6982758641242981,0.8965517282485962,0.732758641242981,0.8017241358757019,0.6982758641242981,1.0,0.6206896305084229,0.75,0.7413793206214905,0.8017241358757019,0.8620689511299133,0.681034505367279,0.8534482717514038,0.8965517282485962,0.8017241358757019,0.767241358757019,0.7413793206214905,0.7931034564971924,0.8706896305084229,0.6465517282485962,0.75,0.7413793206214905,0.8448275923728943,0.732758641242981,0.6120689511299133,0.5431034564971924,0.7586206793785095,0.7241379022598267,0.6551724076271057,0.7068965435028076,0.7586206793785095,0.7413793206214905,0.7068965435028076,0.6206896305084229,0.732758641242981,0.8362069129943848,0.6206896305084229,0.7844827771186829,0.75,0.732758641242981,0.6034482717514038,0.6896551847457886,0.75,0.5948275923728943,0.6551724076271057,0.818965494632721,0.6982758641242981,0.6896551847457886,0.5603448152542114,0.8620689511299133,0.6637930870056152,0.6637930870056152,0.6551724076271057,0.681034505367279,0.7758620977401733,0.6637930870056152,0.6379310488700867,0.7586206793785095,0.6206896305084229,0.8448275923728943,0.75,0.9655172228813171,0.7758620977401733,0.7413793206214905,0.732758641242981,0.6120689511299133,0.6551724076271057,0.732758641242981,0.7758620977401733,0.7155172228813171,0.7413793206214905,0.6379310488700867,0.6896551847457886,0.6637930870056152,0.818965494632721,0.8017241358757019,0.7155172228813171,0.5517241358757019,0.681034505367279,0.6465517282485962,0.8534482717514038,0.7413793206214905,0.7241379022598267,0.7068965435028076,0.7586206793785095,0.7844827771186829,0.7068965435028076,0.75,0.7068965435028076,0.732758641242981,0.75,0.36206895112991333
0.35245901346206665,0.7377049326896667,0.7459016442298889,0.7049180269241333,0.811475396156311,0.811475396156311,0.811475396156311,1.0,0.8852459192276001,0.6721311211585999,0.7786885499954224,0.9016393423080444,0.7049180269241333,0.6967213153839111,0.7950819730758667,0.8196721076965332,0.8360655903816223,0.6967213153839111,0.868852436542511,0.8278688788414001,0.7704917788505554,0.9262295365333557,0.7377049326896667,0.7377049326896667,0.7786885499954224,0.7459016442298889,0.7377049326896667,0.8360655903816223,0.8032786846160889,0.811475396156311,0.8852459192276001,0.8770492076873779,0.811475396156311,0.7704917788505554,0.7950819730758667,0.7868852615356445,0.811475396156311,0.9672130942344666,0.8196721076965332,0.7295082211494446,0.8032786846160889,0.9672130942344666,0.9344262480735779,0.8032786846160889,0.8524590134620667,0.7049180269241333,0.9098360538482666,0.8934426307678223,0.688524603843689,0.7377049326896667,0.6803278923034668,0.7377049326896667,0.8770492076873779,0.7377049326896667,0.9508196711540222,0.7950819730758667,0.8442623019218445,0.9180327653884888,0.8934426307678223,0.631147563457489,0.8606557250022888,0.7950819730758667,0.7704917788505554,0.8524590134620667,0.8606557250022888,0.9180327653884888,0.8278688788414001,0.8606557250022888,0.7049180269241333,0.7213114500045776,0.9508196711540222,0.7868852615356445,0.688524603843689,0.7213114500045776,0.7704917788505554,0.6557376980781555,0.9918032884597778,0.8360655903816223,0.8196721076965332,0.8442623019218445,0.6967213153839111,0.7704917788505554,0.811475396156311,0.7295082211494446,0.7704917788505554,0.8606557250022888,0.8606557250022888,0.9180327653884888,0.7377049326896667,0.7131147384643555,0.7459016442298889,0.6803278923034668,0.868852436542511,0.7622950673103333,1.0,0.8606557250022888,0.7213114500045776,0.7377049326896667,0.9426229596138,0.13934426009655,0.0,0.13934426009655,0.9426229596138,0.7377049326896667,0.7213114500045776,0.8606557250022888,1.0,0.7622950673103333,0.868852436542511,0.6803278923034668,0.7459016442298889,0.7131147384643555,0.7377049326896667,0.9180327653884888,0.8606557250022888,0.8606557250022888,0.7704917788505554,0.7295082211494446,0.811475396156311,0.7704917788505554,0.6967213153839111,0.8442623019218445,0.8196721076965332,0.8360655903816223,0.9918032884597778,0.6557376980781555,0.7704917788505554,0.7213114500045776,0.688524603843689,0.7868852615356445,0.9508196711540222,0.7213114500045776,0.7049180269241333,0.8606557250022888,0.8278688788414001,0.9180327653884888,0.8606557250022888,0.8524590134620667,0.7704917788505554,0.7950819730758667,0.8606557250022888,0.631147563457489,0.8934426307678223,0.9180327653884888,0.8442623019218445,0.7950819730758667,0.9508196711540222,0.7377049326896667,0.8770492076873779,0.7377049326896667,0.6803278923034668,0.7377049326896667,0.688524603843689,0.8934426307678223,0.9098360538482666,0.7049180269241333,0.8524590134620667,0.8032786846160889,0.9344262480735779,0.9672130942344666,0.8032786846160889,0.7295082211494446,0.8196721076965332,0.9672130942344666,0.811475396156311,0.7868852615356445,0.7950819730758667,0.7704917788505554,0.811475396156311,0.8770492076873779,0.8852459192276001,0.811475396156311,0.8032786846160889,0.8360655903816223,0.7377049326896667,0.7459016442298889,0.7786885499954224,0.7377049326896667,0.7377049326896667,0.9262295365333557,0.7704917788505554,0.8278688788414001,0.868852436542511,0.6967213153839111,0.8360655903816223,0.8196721076965332,0.7950819730758667,0.6967213153839111,0.7049180269241333,0.9016393423080444,0.7786885499954224,0.6721311211585999,0.8852459192276001,1.0,0.811475396156311,0.811475396156311,0.811475396156311,0.7049180269241333,0.7459016442298889,0.7377049326896667,0.35245901346206665
0.35593220591545105,0.9491525292396545,0.7881355881690979,0.7118644118309021,0.8305084705352783,0.8389830589294434,0.8898305296897888,0.9576271176338196,0.8474576473236084,0.7796609997749329,0.6440678238868713,0.8389830589294434,0.8135592937469482,0.8644067645072937,0.7711864113807678,0.7711864113807678,0.8135592937469482,0.7288135886192322,0.805084764957428,0.7457627058029175,0.8220338821411133,0.7372881174087524,0.805084764957428,0.8728813529014587,0.7881355881690979,0.7711864113807678,0.8898305296897888,0.7033898234367371,0.7457627058029175,0.7542372941970825,0.8644067645072937,0.8983050584793091,0.8220338821411133,0.6694915294647217,0.8220338821411133,0.8474576473236084,0.6525423526763916,0.9406779408454895,0.7881355881690979,0.7627118825912476,0.7796609997749329,0.5847457647323608,0.8559321761131287,0.8474576473236084,0.7796609997749329,0.8983050584793091,0.7118644118309021,0.6694915294647217,0.9661017060279846,0.7966101765632629,0.8389830589294434,0.6694915294647217,0.6525423526763916,0.7457627058029175,0.7966101765632629,0.7966101765632629,0.7288135886192322,0.8474576473236084,0.6779661178588867,0.694915235042572,0.9152542352676392,0.6779661178588867,0.6101694703102112,0.8389830589294434,0.7796609997749329,0.8644067645072937,0.7542372941970825,0.7796609997749329,0.7118644118309021,0.7372881174087524,0.8305084705352783,0.8305084705352783,0.805084764957428,0.7711864113807678,0.7711864113807678,0.7796609997749329,0.7966101765632629,0.7627118825912476,0.8220338821411133,0.6186440587043762,0.7457627058029175,0.8728813529014587,0.7372881174087524,0.6779661178588867,0.7288135886192322,0.7881355881690979,1.0,0.7542372941970825,0.7711864113807678,0.8305084705352783,0.8728813529014587,0.9406779408454895,0.7796609997749329,0.9830508232116699,0.8220338821411133,0.805084764957428,0.7966101765632629,0.9067796468734741,0.7711864113807678,0.0762711837887764,0.0,0.0762711837887764,0.7711864113807678,0.9067796468734741,0.7966101765632629,0.805084764957428,0.8220338821411133,0.9830508232116699,0.7796609997749329,0.9406779408454895,0.8728813529014587,0.8305084705352783,0.7711864113807678,0.7542372941970825,1.0,0.7881355881690979,0.7288135886192322,0.6779661178588867,0.7372881174087524,0.8728813529014587,0.7457627058029175,0.6186440587043762,0.8220338821411133,0.7627118825912476,0.7966101765632629,0.7796609997749329,0.7711864113807678,0.7711864113807678,0.805084764957428,0.8305084705352783,0.8305084705352783,0.7372881174087524,0.7118644118309021,0.7796609997749329,0.7542372941970825,0.8644067645072937,0.7796609997749329,0.8389830589294434,0.6101694703102112,0.6779661178588867,0.9152542352676392,0.694915235042572,0.6779661178588867,0.8474576473236084,0.7288135886192322,0.7966101765632629,0.7966101765632629,0.7457627058029175,0.6525423526763916,0.6694915294647217,0.8389830589294434,0.7966101765632629,0.9661017060279846,0.6694915294647217,0.7118644118309021,0.8983050584793091,0.7796609997749329,0.8474576473236084,0.8559321761131287,0.5847457647323608,0.7796609997749329,0.7627118825912476,0.7881355881690979,0.9406779408454895,0.6525423526763916,0.8474576473236084,0.8220338821411133,0.6694915294647217,0.8220338821411133,0.8983050584793091,0.8644067645072937,0.7542372941970825,0.7457627058029175,0.7033898234367371,0.8898305296897888,0.7711864113807678,0.7881355881690979,0.8728813529014587,0.805084764957428,0.7372881174087524,0.8220338821411133,0.7457627058029175,0.805084764957428,0.7288135886192322,0.8135592937469482,0.7711864113807678,0.7711864113807678,0.8644067645072937,0.8135592937469482,0.8389830589294434,0.6440678238868713,0.7796609997749329,0.8474576473236084,0.9576271176338196,0.8898305296897888,0.8389830589294434,0.8305084705352783,0.7118644118309021,0.7881355881690979,0.9491525292396545,0.35593220591545105
0.3636363744735718,0.7603305578231812,0.8925619721412659,0.7520661354064941,0.8099173307418823,0.8347107172012329,0.7272727489471436,0.7851239442825317,0.8760330677032471,0.6859503984451294,0.9090909361839294,0.8347107172012329,0.6859503984451294,0.7272727489471436,0.702479362487793,0.8181818127632141,0.7520661354064941,0.7851239442825317,0.64462810754776,0.586776852607727,0.8595041036605835,0.6776859760284424,0.8347107172012329,0.7768595218658447,0.7355371713638306,0.6942148804664612,0.586776852607727,0.5950413346290588,0.7603305578231812,0.8016529083251953,0.6611570119857788,0.7438016533851624,0.8512396812438965,0.7355371713638306,0.7272727489471436,0.7520661354064941,0.7190082669258118,0.8099173307418823,0.702479362487793,0.7851239442825317,0.8016529083251953,0.702479362487793,0.7933884263038635,0.9090909361839294,0.6694214940071106,0.7685950398445129,0.7520661354064941,0.7355371713638306,0.8016529083251953,0.8016529083251953,0.7933884263038635,0.8264462947845459,0.8512396812438965,0.7768595218658447,0.7933884263038635,0.7851239442825317,0.8677685856819153,0.7438016533851624,0.7355371713638306,0.8512396812438965,0.8595041036605835,0.8347107172012329,0.7768595218658447,1.0,0.8595041036605835,0.702479362487793,0.7933884263038635,0.6859503984451294,0.6033057570457458,0.7851239442825317,0.7190082669258118,0.8099173307418823,0.7520661354064941,0.8512396812438965,0.7520661354064941,0.7272727489471436,0.8016529083251953,0.7685950398445129,0.7685950398445129,0.8595041036605835,0.8760330677032471,0.7190082669258118,0.7768595218658447,0.6776859760284424,0.7933884263038635,0.8512396812438965,0.6776859760284424,0.8512396812438965,0.7355371713638306,0.7520661354064941,0.93388432264328,0.8677685856819153,0.9173553586006165,0.9008264541625977,0.7355371713638306,0.8016529083251953,0.9173553586006165,0.8347107172012329,0.8512396812438965,0.10743801295757294,0.0,0.10743801295757294,0.8512396812438965,0.8347107172012329,0.9173553586006165,0.8016529083251953,0.7355371713638306,0.9008264541625977,0.9173553586006165,0.8677685856819153,0.93388432264328,0.7520661354064941,0.7355371713638306,0.8512396812438965,0.6776859760284424,0.8512396812438965,0.7933884263038635,0.6776859760284424,0.7768595218658447,0.7190082669258118,0.8760330677032471,0.8595041036605835,0.7685950398445129,0.7685950398445129,0.8016529083251953,0.7272727489471436,0.7520661354064941,0.8512396812438965,0.7520661354064941,0.8099173307418823,0.7190082669258118,0.7851239442825317,0.6033057570457458,0.6859503984451294,0.7933884263038635,0.702479362487793,0.8595041036605835,1.0,0.7768595218658447,0.8347107172012329,0.8595041036605835,0.8512396812438965,0.7355371713638306,0.7438016533851624,0.8677685856819153,0.7851239442825317,0.7933884263038635,0.7768595218658447,0.8512396812438965,0.8264462947845459,0.7933884263038635,0.8016529083251953,0.8016529083251953,0.7355371713638306,0.7520661354064941,0.7685950398445129,0.6694214940071106,0.9090909361839294,0.7933884263038635,0.702479362487793,0.8016529083251953,0.7851239442825317,0.702479362487793,0.8099173307418823,0.7190082669258118,0.7520661354064941,0.7272727489471436,0.7355371713638306,0.8512396812438965,0.7438016533851624,0.6611570119857788,0.8016529083251953,0.7603305578231812,0.5950413346290588,0.586776852607727,0.6942148804664612,0.7355371713638306,0.7768595218658447,0.8347107172012329,0.6776859760284424,0.8595041036605835,0.586776852607727,0.64462810754776,0.7851239442825317,0.7520661354064941,0.8181818127632141,0.702479362487793,0.7272727489471436,0.6859503984451294,0.8347107172012329,0.9090909361839294,0.6859503984451294,0.8760330677032471,0.7851239442825317,0.7272727489471436,0.8347107172012329,0.8099173307418823,0.7520661354064941,0.8925619721412659,0.7603305578231812,0.3636363744735718
0.42276424169540405,0.6666666865348816,0.8211382031440735,0.772357702255249,0.7804877758026123,0.8536585569381714,0.6829268336296082,0.6666666865348816,0.8373983502388,0.8211382031440735,0.707317054271698,0.6910569071769714,0.6910569071769714,0.7154471278190613,0.7804877758026123,0.8455284833908081,0.642276406288147,0.8373983502388,0.642276406288147,0.6666666865348816,0.6585366129875183,0.6504064798355103,0.9024389982223511,0.8048780560493469,0.8373983502388,0.8536585569381714,0.8292682766914368,0.8780487775802612,0.8292682766914368,0.8048780560493469,0.9268292784690857,0.6747967600822449,0.7398374080657959,0.7235772609710693,0.6341463327407837,0.7967479825019836,0.7479674816131592,0.6666666865348816,0.8455284833908081,0.8373983502388,0.5934959053993225,0.7235772609710693,0.8373983502388,0.7479674816131592,0.8943089246749878,0.7398374080657959,0.6260162591934204,0.6747967600822449,0.772357702255249,0.6178861856460571,0.8048780560493469,0.6504064798355103,0.9024389982223511,0.7398374080657959,0.6016260385513306,0.7804877758026123,0.8048780560493469,0.6260162591934204,0.7398374080657959,0.8617886304855347,0.7642276287078857,0.772357702255249,0.7235772609710693,0.8861788511276245,0.8536585569381714,0.8130081295967102,0.6910569071769714,0.6178861856460571,0.7804877758026123,0.577235758304596,0.8943089246749878,0.772357702255249,0.7154471278190613,0.9268292784690857,0.8211382031440735,0.707317054271698,0.6829268336296082,0.7235772609710693,0.9674796462059021,0.772357702255249,0.6910569071769714,0.8292682766914368,0.7642276287078857,0.6829268336296082,0.8211382031440735,0.8617886304855347,0.7560975551605225,0.6910569071769714,0.7967479825019836,0.8048780560493469,0.7398374080657959,0.7154471278190613,0.9430894255638123,0.9105691313743591,0.7154471278190613,0.7642276287078857,0.7642276287078857,1.0,0.6260162591934204,0.08943089097738266,0.0,0.08943089097738266,0.6260162591934204,1.0,0.7642276287078857,0.7642276287078857,0.7154471278190613,0.9105691313743591,0.9430894255638123,0.7154471278190613,0.7398374080657959,0.8048780560493469,0.7967479825019836,0.6910569071769714,0.7560975551605225,0.8617886304855347,0.8211382031440735,0.6829268336296082,0.7642276287078857,0.8292682766914368,0.6910569071769714,0.772357702255249,0.9674796462059021,0.7235772609710693,0.6829268336296082,0.707317054271698,0.8211382031440735,0.9268292784690857,0.7154471278190613,0.772357702255249,0.8943089246749878,0.577235758304596,0.7804877758026123,0.6178861856460571,0.6910569071769714,0.8130081295967102,0.8536585569381714,0.8861788511276245,0.7235772609710693,0.772357702255249,0.7642276287078857,0.8617886304855347,0.7398374080657959,0.6260162591934204,0.8048780560493469,0.7804877758026123,0.6016260385513306,0.7398374080657959,0.9024389982223511,0.6504064798355103,0.8048780560493469,0.6178861856460571,0.772357702255249,0.6747967600822449,0.6260162591934204,0.7398374080657959,0.8943089246749878,0.7479674816131592,0.8373983502388,0.7235772609710693,0.5934959053993225,0.8373983502388,0.8455284833908081,0.6666666865348816,0.7479674816131592,0.7967479825019836,0.6341463327407837,0.7235772609710693,0.7398374080657959,0.6747967600822449,0.9268292784690857,0.8048780560493469,0.8292682766914368,0.8780487775802612,0.8292682766914368,0.8536585569381714,0.8373983502388,0.8048780560493469,0.9024389982223511,0.6504064798355103,0.6585366129875183,0.6666666865348816,0.642276406288147,0.8373983502388,0.642276406288147,0.8455284833908081,0.7804877758026123,0.7154471278190613,0.6910569071769714,0.6910569071769714,0.707317054271698,0.8211382031440735,0.8373983502388,0.6666666865348816,0.6829268336296082,0.8536585569381714,0.7804877758026123,0.772357702255249,0.8211382031440735,0.6666666865348816,0.42276424169540405
0.42424243688583374,0.7424242496490479,0.8333333134651184,0.7121211886405945,0.9090909361839294,0.7727272510528564,0.8181818127632141,0.8030303120613098,0.9242424368858337,0.8484848737716675,0.7272727489471436,0.8030303120613098,0.560606062412262,0.7424242496490479,0.7424242496490479,0.7878788113594055,0.8030303120613098,0.8030303120613098,0.7727272510528564,0.7727272510528564,0.8030303120613098,0.7272727489471436,0.8181818127632141,0.6818181872367859,0.6818181872367859,0.7272727489471436,0.7424242496490479,0.7575757503509521,0.8484848737716675,0.7575757503509521,0.7878788113594055,0.8181818127632141,0.8333333134651184,0.939393937587738,0.9848484992980957,0.7575757503509521,0.6363636255264282,0.8030303120613098,0.8181818127632141,0.8484848737716675,0.7727272510528564,0.7727272510528564,0.7575757503509521,0.5909090638160706,0.8939393758773804,0.8030303120613098,0.560606062412262,0.8030303120613098,0.8333333134651184,0.6666666865348816,0.5151515007019043,0.7727272510528564,0.8030303120613098,0.6515151262283325,0.9242424368858337,0.8030303120613098,0.7727272510528564,0.8939393758773804,0.8787878751754761,1.0,0.6515151262283325,0.7878788113594055,0.7575757503509521,0.9242424368858337,0.8636363744735718,0.7272727489471436,0.7424242496490479,0.6969696879386902,0.8030303120613098,0.9242424368858337,0.8181818127632141,0.8787878751754761,0.6060606241226196,0.5909090638160706,0.8333333134651184,0.8333333134651184,0.7575757503509521,0.7424242496490479,0.7878788113594055,0.6818181872367859,0.8636363744735718,0.939393937587738,0.560606062412262,0.43939393758773804,0.7878788113594055,0.7575757503509521,0.6363636255264282,0.6060606241226196,0.7575757503509521,0.6969696879386902,0.939393937587738,0.7424242496490479,0.7878788113594055,0.6818181872367859,0.9090909361839294,0.7727272510528564,0.8939393758773804,0.8484848737716675,0.8636363744735718,0.13636364042758942,0.0,0.13636364042758942,0.8636363744735718,0.8484848737716675,0.8939393758773804,0.7727272510528564,0.9090909361839294,0.6818181872367859,0.7878788113594055,0.7424242496490479,0.939393937587738,0.6969696879386902,0.7575757503509521,0.6060606241226196,0.6363636255264282,0.7575757503509521,0.7878788113594055,0.43939393758773804,0.560606062412262,0.939393937587738,0.8636363744735718,0.6818181872367859,0.7878788113594055,0.7424242496490479,0.7575757503509521,0.8333333134651184,0.8333333134651184,0.5909090638160706,0.6060606241226196,0.8787878751754761,0.8181818127632141,0.9242424368858337,0.8030303120613098,0.6969696879386902,0.7424242496490479,0.7272727489471436,0.8636363744735718,0.9242424368858337,0.7575757503509521,0.7878788113594055,0.6515151262283325,1.0,0.8787878751754761,0.8939393758773804,0.7727272510528564,0.8030303120613098,0.9242424368858337,0.6515151262283325,0.8030303120613098,0.7727272510528564,0.5151515007019043,0.6666666865348816,0.8333333134651184,0.8030303120613098,0.560606062412262,0.8030303120613098,0.8939393758773804,0.5909090638160706,0.7575757503509521,0.7727272510528564,0.7727272510528564,0.8484848737716675,0.8181818127632141,0.8030303120613098,0.6363636255264282,0.7575757503509521,0.9848484992980957,0.939393937587738,0.8333333134651184,0.8181818127632141,0.7878788113594055,0.7575757503509521,0.8484848737716675,0.7575757503509521,0.7424242496490479,0.7272727489471436,0.6818181872367859,0.6818181872367859,0.8181818127632141,0.7272727489471436,0.8030303120613098,0.7727272510528564,0.7727272510528564,0.8030303120613098,0.8030303120613098,0.7878788113594055,0.7424242496490479,0.7424242496490479,0.560606062412262,0.8030303120613098,0.7272727489471436,0.8484848737716675,0.9242424368858337,0.8030303120613098,0.8181818127632141,0.7727272510528564,0.9090909361839294,0.7121211886405945,0.8333333134651184,0.7424242496490479,0.42424243688583374
0.3815789520740509,0.6315789222717285,0.75,0.7105262875556946,0.9473684430122375,0.8026315569877625,0.7631579041481018,0.6973684430122375,0.6842105388641357,0.7894737124443054,0.6184210777282715,0.6184210777282715,0.6578947305679321,0.6973684430122375,0.7763158082962036,0.6973684430122375,0.8684210777282715,0.6447368264198303,0.6315789222717285,0.7631579041481018,0.9605262875556946,0.46052631735801697,0.8026315569877625,1.0,0.8026315569877625,0.6052631735801697,0.6447368264198303,0.5394737124443054,0.6184210777282715,0.8421052694320679,0.7763158082962036,0.5526315569877625,0.7236841917037964,0.8289473652839661,0.7894737124443054,0.6710526347160339,0.5789473652839661,0.7894737124443054,0.7763158082962036,0.7763158082962036,0.6184210777282715,0.6973684430122375,0.6842105388641357,0.6578947305679321,0.6184210777282715,0.7236841917037964,0.6447368264198303,0.7631579041481018,0.7368420958518982,0.5789473652839661,0.6973684430122375,0.6447368264198303,0.6315789222717285,0.6710526347160339,0.7631579041481018,0.9210526347160339,0.7763158082962036,0.7368420958518982,0.6447368264198303,0.8684210777282715,0.5657894611358643,0.6710526347160339,0.6973684430122375,0.7894737124443054,0.6315789222717285,0.5789473652839661,0.5526315569877625,0.7894737124443054,0.6447368264198303,0.7631579041481018,0.5789473652839661,0.5657894611358643,0.7368420958518982,0.6842105388641357,0.7763158082962036,0.5263158082962036,0.8157894611358643,0.5921052694320679,0.7105262875556946,0.5921052694320679,0.6052631735801697,0.7105262875556946,0.7368420958518982,0.8552631735801697,0.4736842215061188,0.6184210777282715,0.8684210777282715,0.7894737124443054,0.7368420958518982,0.7368420958518982,0.5657894611358643,0.5526315569877625,0.7368420958518982,0.7894737124443054,0.6052631735801697,0.7763158082962036,0.7894737124443054,0.9078947305679321,0.6973684430122375,0.1315789520740509,0.0,0.1315789520740509,0.6973684430122375,0.9078947305679321,0.7894737124443054,0.7763158082962036,0.6052631735801697,0.7894737124443054,0.7368420958518982,0.5526315569877625,0.5657894611358643,0.7368420958518982,0.7368420958518982,0.7894737124443054,0.8684210777282715,0.6184210777282715,0.4736842215061188,0.8552631735801697,0.7368420958518982,0.7105262875556946,0.6052631735801697,0.5921052694320679,0.7105262875556946,0.5921052694320679,0.8157894611358643,0.5263158082962036,0.7763158082962036,0.6842105388641357,0.7368420958518982,0.5657894611358643,0.5789473652839661,0.7631579041481018,0.6447368264198303,0.7894737124443054,0.5526315569877625,0.5789473652839661,0.6315789222717285,0.7894737124443054,0.6973684430122375,0.6710526347160339,0.5657894611358643,0.8684210777282715,0.6447368264198303,0.7368420958518982,0.7763158082962036,0.9210526347160339,0.7631579041481018,0.6710526347160339,0.6315789222717285,0.6447368264198303,0.6973684430122375,0.5789473652839661,0.7368420958518982,0.7631579041481018,0.6447368264198303,0.7236841917037964,0.6184210777282715,0.6578947305679321,0.6842105388641357,0.6973684430122375,0.6184210777282715,0.7763158082962036,0.7763158082962036,0.7894737124443054,0.5789473652839661,0.6710526347160339,0.7894737124443054,0.8289473652839661,0.7236841917037964,0.5526315569877625,0.7763158082962036,0.8421052694320679,0.6184210777282715,0.5394737124443054,0.6447368264198303,0.6052631735801697,0.8026315569877625,1.0,0.8026315569877625,0.46052631735801697,0.9605262875556946,0.7631579041481018,0.6315789222717285,0.6447368264198303,0.8684210777282715,0.6973684430122375,0.7763158082962036,0.6973684430122375,0.6578947305679321,0.6184210777282715,0.6184210777282715,0.7894737124443054,0.6842105388641357,0.6973684430122375,0.7631579041481018,0.8026315569877625,0.9473684430122375,0.7105262875556946,0.75,0.6315789222717285,0.3815789520740509
0.515625,0.7421875,0.84375,0.71875,0.6953125,0.6875,0.9140625,0.8984375,0.7890625,0.78125,0.7578125,0.7734375,0.7890625,0.8671875,0.828125,0.7734375,0.6953125,0.7421875,0.765625,0.9375,0.890625,0.703125,0.7421875,0.921875,0.828125,0.828125,0.8984375,0.6953125,0.734375,0.6953125,0.828125,0.71875,0.9140625,0.7109375,1.0,0.8046875,0.765625,0.84375,0.8203125,0.8671875,0.78125,0.7890625,0.8984375,0.8671875,0.7421875,0.75,0.7734375,0.9609375,0.8984375,0.7265625,0.75,0.6875,0.828125,0.734375,0.828125,0.84375,0.7578125,0.7890625,0.8125,0.7890625,0.9765625,0.765625,0.8203125,0.828125,0.6171875,0.8203125,0.78125,0.7109375,0.8671875,0.7421875,0.7421875,0.84375,0.875,0.7109375,0.8671875,0.75,0.8203125,0.9296875,0.75,0.6640625,0.671875,0.8671875,0.75,0.8359375,0.75,0.796875,0.953125,0.953125,0.8359375,0.8828125,0.8515625,0.875,0.8828125,0.8046875,0.6875,0.734375,0.875,0.8984375,0.8515625,0.109375,0.0,0.109375,0.8515625,0.8984375,0.875,0.734375,0.6875,0.8046875,0.8828125,0.875,0.8515625,0.8828125,0.8359375,0.953125,0.953125,0.796875,0.75,0.8359375,0.75,0.8671875,0.671875,0.6640625,0.75,0.9296875,0.8203125,0.75,0.8671875,0.7109375,0.875,0.84375,0.7421875,0.7421875,0.8671875,0.7109375,0.78125,0.8203125,0.6171875,0.828125,0.8203125,0.765625,0.9765625,0.7890625,0.8125,0.7890625,0.7578125,0.84375,0.828125,0.734375,0.828125,0.6875,0.75,0.7265625,0.8984375,0.9609375,0.7734375,0.75,0.7421875,0.8671875,0.8984375,0.7890625,0.78125,0.8671875,0.8203125,0.84375,0.765625,0.8046875,1.0,0.7109375,0.9140625,0.71875,0.828125,0.6953125,0.734375,0.6953125,0.8984375,0.828125,0.828125,0.921875,0.7421875,0.703125,0.890625,0.9375,0.765625,0.7421875,0.6953125,0.7734375,0.828125,0.8671875,0.7890625,0.7734375,0.7578125,0.78125,0.7890625,0.8984375,0.9140625,0.6875,0.6953125,0.71875,0.84375,0.7421875,0.515625
0.40458014607429504,0.732824444770813,0.8549618124961853,0.7022900581359863,0.8396946787834167,0.7022900581359863,0.7862595319747925,0.6335877776145935,0.8244274854660034,0.7786259651184082,0.7480915784835815,0.847328245639801,0.8015267252922058,0.6488549709320068,0.7251908183097839,0.7786259651184082,0.7633587718009949,0.7862595319747925,0.9236640930175781,0.6641221642494202,0.6717557311058044,0.7938931584358215,0.694656491279602,0.7862595319747925,0.8320610523223877,0.7633587718009949,0.7938931584358215,0.7633587718009949,0.694656491279602,0.8778625726699829,0.8320610523223877,0.6793892979621887,0.6106870174407959,0.694656491279602,0.8091602921485901,0.7251908183097839,0.7633587718009949,0.7557252049446106,0.8015267252922058,0.7175572514533997,0.7480915784835815,0.9236640930175781,0.7404580116271973,0.6641221642494202,0.8778625726699829,0.9312977194786072,0.6335877776145935,0.7404580116271973,0.7404580116271973,0.7709923386573792,0.7938931584358215,0.7862595319747925,0.7022900581359863,0.7251908183097839,0.8396946787834167,0.7938931584358215,0.9923664331436157,0.7862595319747925,0.8549618124961853,0.9160305261611938,0.7862595319747925,0.732824444770813,0.6335877776145935,0.7786259651184082,0.7862595319747925,0.7938931584358215,0.8702290058135986,0.7633587718009949,0.8015267252922058,0.847328245639801,0.7633587718009949,0.7633587718009949,0.8625954389572144,0.7557252049446106,0.732824444770813,0.847328245639801,0.7251908183097839,0.6717557311058044,0.7633587718009949,0.6717557311058044,0.7404580116271973,0.8320610523223877,0.7633587718009949,0.5648854970932007,0.7709923386573792,0.6030534505844116,1.0,0.6335877776145935,0.8320610523223877,0.9007633328437805,0.7938931584358215,0.6793892979621887,0.8091602921485901,0.8015267252922058,0.6106870174407959,0.5954198241233826,0.8015267252922058,0.9541984796524048,0.8091602921485901,0.07633587718009949,0.0,0.07633587718009949,0.8091602921485901,0.9541984796524048,0.8015267252922058,0.5954198241233826,0.6106870174407959,0.8015267252922058,0.8091602921485901,0.6793892979621887,0.7938931584358215,0.9007633328437805,0.8320610523223877,0.6335877776145935,1.0,0.6030534505844116,0.7709923386573792,0.5648854970932007,0.7633587718009949,0.8320610523223877,0.7404580116271973,0.6717557311058044,0.7633587718009949,0.6717557311058044,0.7251908183097839,0.847328245639801,0.732824444770813,0.7557252049446106,0.8625954389572144,0.7633587718009949,0.7633587718009949,0.847328245639801,0.8015267252922058,0.7633587718009949,0.8702290058135986,0.7938931584358215,0.7862595319747925,0.7786259651184082,0.6335877776145935,0.732824444770813,0.7862595319747925,0.9160305261611938,0.8549618124961853,0.7862595319747925,0.9923664331436157,0.7938931584358215,0.8396946787834167,0.7251908183097839,0.7022900581359863,0.7862595319747925,0.7938931584358215,0.7709923386573792,0.7404580116271973,0.7404580116271973,0.6335877776145935,0.9312977194786072,0.8778625726699829,0.6641221642494202,0.7404580116271973,0.9236640930175781,0.7480915784835815,0.7175572514533997,0.8015267252922058,0.7557252049446106,0.7633587718009949,0.7251908183097839,0.8091602921485901,0.694656491279602,0.6106870174407959,0.6793892979621887,0.8320610523223877,0.8778625726699829,0.694656491279602,0.7633587718009949,0.7938931584358215,0.7633587718009949,0.8320610523223877,0.7862595319747925,0.694656491279602,0.7938931584358215,0.6717557311058044,0.6641221642494202,0.9236640930175781,0.7862595319747925,0.7633587718009949,0.7786259651184082,0.7251908183097839,0.6488549709320068,0.8015267252922058,0.847328245639801,0.7480915784835815,0.7786259651184082,0.8244274854660034,0.6335877776145935,0.7862595319747925,0.7022900581359863,0.8396946787834167,0.7022900581359863,0.8549618124961853,0.732824444770813,0.40458014607429504
0.11445783078670502,0.1807228922843933,0.3012048304080963,0.22891566157341003,0.2530120611190796,0.2469879537820816,0.19879518449306488,0.2590361535549164,0.21686747670173645,0.17469879984855652,0.2409638613462448,0.21084336936473846,0.28313252329826355,0.2590361535549164,0.22891566157341003,0.28915661573410034,0.3072289228439331,0.2590361535549164,0.21084336936473846,0.27710843086242676,0.3072289228439331,0.1927710771560669,0.22891566157341003,0.21084336936473846,0.19879518449306488,0.1927710771560669,0.16265060007572174,0.21084336936473846,0.22289156913757324,0.2650602459907532,0.22289156913757324,0.2469879537820816,0.2530120611190796,0.29518070816993713,0.2650602459907532,0.27108433842658997,0.22289156913757324,0.34337350726127625,0.2590361535549164,0.2650602459907532,0.1807228922843933,0.22289156913757324,0.22891566157341003,0.2409638613462448,0.2530120611190796,0.23493975400924683,0.2409638613462448,0.2530120611190796,0.2469879537820816,0.20481927692890167,0.1927710771560669,0.22289156913757324,0.21686747670173645,0.2530120611190796,0.3253012001514435,0.29518070816993713,0.23493975400924683,0.28313252329826355,0.3072289228439331,0.3253012001514435,0.3132530152797699,0.28313252329826355,0.28313252329826355,0.28915661573410034,0.2590361535549164,0.22891566157341003,0.28915661573410034,0.17469879984855652,0.19879518449306488,0.29518070816993713,0.2650602459907532,0.28915661573410034,0.2590361535549164,0.21084336936473846,0.29518070816993713,0.2530120611190796,0.33734938502311707,0.34337350726127625,0.4337349534034729,0.47590360045433044,0.39156627655029297,0.45783132314682007,0.34939759969711304,0.3253012001514435,0.3855421543121338,0.39156627655029297,0.5542168617248535,0.4337349534034729,0.47590360045433044,0.5180723071098328,0.5240963697433472,0.5843373537063599,0.5301204919815063,0.5843373537063599,0.650602400302887,0.6385542154312134,0.5180723071098328,0.4337349534034729,1.0,0.1204819306731224,0.0,0.1204819306731224,1.0,0.4337349534034729,0.5180723071098328,0.6385542154312134,0.650602400302887,0.5843373537063599,0.5301204919815063,0.5843373537063599,0.5240963697433472,0.5180723071098328,0.47590360045433044,0.4337349534034729,0.5542168617248535,0.39156627655029297,0.3855421543121338,0.3253012001514435,0.34939759969711304,0.45783132314682007,0.39156627655029297,0.47590360045433044,0.4337349534034729,0.34337350726127625,0.33734938502311707,0.2530120611190796,0.29518070816993713,0.21084336936473846,0.2590361535549164,0.28915661573410034,0.2650602459907532,0.29518070816993713,0.19879518449306488,0.17469879984855652,0.28915661573410034,0.22891566157341003,0.2590361535549164,0.28915661573410034,0.28313252329826355,0.28313252329826355,0.3132530152797699,0.3253012001514435,0.3072289228439331,0.28313252329826355,0.23493975400924683,0.29518070816993713,0.3253012001514435,0.2530120611190796,0.21686747670173645,0.22289156913757324,0.1927710771560669,0.20481927692890167,0.2469879537820816,0.2530120611190796,0.2409638613462448,0.23493975400924683,0.2530120611190796,0.2409638613462448,0.22891566157341003,0.22289156913757324,0.1807228922843933,0.2650602459907532,0.2590361535549164,0.34337350726127625,0.22289156913757324,0.27108433842658997,0.2650602459907532,0.29518070816993713,0.2530120611190796,0.2469879537820816,0.22289156913757324,0.2650602459907532,0.22289156913757324,0.21084336936473846,0.16265060007572174,0.1927710771560669,0.19879518449306488,0.21084336936473846,0.22891566157341003,0.1927710771560669,0.3072289228439331,0.27710843086242676,0.21084336936473846,0.2590361535549164,0.3072289228439331,0.28915661573410034,0.22891566157341003,0.2590361535549164,0.28313252329826355,0.21084336936473846,0.2409638613462448,0.17469879984855652,0.21686747670173645,0.2590361535549164,0.19879518449306488,0.2469879537820816,0.2530120611190796,0.22891566157341003,0.3012048304080963,0.1807228922843933,0.11445783078670502
0.05681818351149559,0.15625,0.1931818127632141,0.17329545319080353,0.20738635957241058,0.1818181872367859,0.18465909361839294,0.20738635957241058,0.19034090638160706,0.17045454680919647,0.1931818127632141,0.22159090638160706,0.19602273404598236,0.17897726595401764,0.20454545319080353,0.19602273404598236,0.20454545319080353,0.19886364042758942,0.17897726595401764,0.20454545319080353,0.1875,0.20170454680919647,0.17897726595401764,0.20454545319080353,0.19886364042758942,0.20454545319080353,0.1875,0.20170454680919647,0.19034090638160706,0.1875,0.23011364042758942,0.21022726595401764,0.23863635957241058,0.1306818127632141,0.17613635957241058,0.22727273404598236,0.20454545319080353,0.24147726595401764,0.2244318127632141,0.20454545319080353,0.1931818127632141,0.16761364042758942,0.20454545319080353,0.19886364042758942,0.14204545319080353,0.20738635957241058,0.16477273404598236,0.19886364042758942,0.16761364042758942,0.19034090638160706,0.19034090638160706,0.27272728085517883,0.15625,0.19034090638160706,0.21022726595401764,0.17613635957241058,0.17045454680919647,0.2670454680919647,0.20454545319080353,0.19602273404598236,0.21590909361839294,0.1875,0.22159090638160706,0.20738635957241058,0.19886364042758942,0.27272728085517883,0.1619318127632141,0.21875,0.23295454680919647,0.25,0.2670454680919647,0.2556818127632141,0.23863635957241058,0.3238636255264282,0.2556818127632141,0.2698863744735718,0.2613636255264282,0.2926136255264282,0.3238636255264282,0.3267045319080353,0.3181818127632141,0.3806818127632141,0.3607954680919647,0.3806818127632141,0.40340909361839294,0.4232954680919647,0.5085227489471436,0.4886363744735718,0.5880681872367859,0.4943181872367859,0.5653409361839294,0.6363636255264282,0.5454545617103577,0.6505681872367859,0.71875,0.7215909361839294,0.8181818127632141,0.8721590638160706,1.0,0.15909090638160706,0.0,0.15909090638160706,1.0,0.8721590638160706,0.8181818127632141,0.7215909361839294,0.71875,0.6505681872367859,0.5454545617103577,0.6363636255264282,0.5653409361839294,0.4943181872367859,0.5880681872367859,0.4886363744735718,0.5085227489471436,0.4232954680919647,0.40340909361839294,0.3806818127632141,0.3607954680919647,0.3806818127632141,0.3181818127632141,0.3267045319080353,0.3238636255264282,0.2926136255264282,0.2613636255264282,0.2698863744735718,0.2556818127632141,0.3238636255264282,0.23863635957241058,0.2556818127632141,0.2670454680919647,0.25,0.23295454680919647,0.21875,0.1619318127632141,0.27272728085517883,0.19886364042758942,0.20738635957241058,0.22159090638160706,0.1875,0.21590909361839294,0.19602273404598236,0.20454545319080353,0.2670454680919647,0.17045454680919647,0.17613635957241058,0.21022726595401764,0.19034090638160706,0.15625,0.27272728085517883,0.19034090638160706,0.19034090638160706,0.16761364042758942,0.19886364042758942,0.16477273404598236,0.20738635957241058,0.14204545319080353,0.19886364042758942,0.20454545319080353,0.16761364042758942,0.1931818127632141,0.20454545319080353,0.2244318127632141,0.24147726595401764,0.20454545319080353,0.22727273404598236,0.17613635957241058,0.1306818127632141,0.23863635957241058,0.21022726595401764,0.23011364042758942,0.1875,0.19034090638160706,0.20170454680919647,0.1875,0.20454545319080353,0.19886364042758942,0.20454545319080353,0.17897726595401764,0.20170454680919647,0.1875,0.20454545319080353,0.17897726595401764,0.19886364042758942,0.20454545319080353,0.19602273404598236,0.20454545319080353,0.17897726595401764,0.19602273404598236,0.22159090638160706,0.1931818127632141,0.17045454680919647,0.19034090638160706,0.20738635957241058,0.18465909361839294,0.1818181872367859,0.20738635957241058,0.17329545319080353,0.1931818127632141,0.15625,0.05681818351149559
0.267123281955719,0.5650684833526611,0.482876718044281,0.517123281955719,0.4897260367870331,0.5325342416763306,0.5702054500579834,0.5239726305007935,0.5633561611175537,0.568493127822876,0.5650684833526611,0.5462328791618347,0.5650684833526611,0.5376712083816528,0.49657535552978516,0.5582191944122314,0.5496575236320496,0.5376712083816528,0.5136986374855042,0.5085616707801819,0.5787671208381653,0.49657535552978516,0.6232876777648926,0.5291095972061157,0.5308219194412231,0.5308219194412231,0.5719178318977356,0.5119863152503967,0.4726027250289917,0.5616438388824463,0.5136986374855042,0.5428082346916199,0.5428082346916199,0.5325342416763306,0.5376712083816528,0.5291095972061157,0.5462328791618347,0.585616409778595,0.5205479264259338,0.5582191944122314,0.5753424763679504,0.5239726305007935,0.6130136847496033,0.5273972749710083,0.551369845867157,0.5479452013969421,0.5616438388824463,0.551369845867157,0.5136986374855042,0.5839040875434875,0.5582191944122314,0.5993150472640991,0.5616438388824463,0.5839040875434875,0.5873287916183472,0.5787671208381653,0.5291095972061157,0.5547945499420166,0.590753436088562,0.551369845867157,0.5273972749710083,0.5787671208381653,0.5650684833526611,0.5941780805587769,0.5256849527359009,0.5941780805587769,0.5308219194412231,0.625,0.5873287916183472,0.6832191944122314,0.6541095972061157,0.6489726305007935,0.6130136847496033,0.6678082346916199,0.6044520735740662,0.625,0.6695205569267273,0.7003424763679504,0.6883561611175537,0.7722602486610413,0.681506872177124,0.7791095972061157,0.7294520735740662,0.7414383292198181,0.7363013625144958,0.7277397513389587,0.7876712083816528,0.840753436088562,0.8390411138534546,0.7739726305007935,0.8989726305007935,0.8441780805587769,0.8527397513389587,0.9160959124565125,0.9554794430732727,0.8544520735740662,1.0,0.9794520735740662,0.926369845867157,0.125,0.0,0.125,0.926369845867157,0.9794520735740662,1.0,0.8544520735740662,0.9554794430732727,0.9160959124565125,0.8527397513389587,0.8441780805587769,0.8989726305007935,0.7739726305007935,0.8390411138534546,0.840753436088562,0.7876712083816528,0.7277397513389587,0.7363013625144958,0.7414383292198181,0.7294520735740662,0.7791095972061157,0.681506872177124,0.7722602486610413,0.6883561611175537,0.7003424763679504,0.6695205569267273,0.625,0.6044520735740662,0.6678082346916199,0.6130136847496033,0.6489726305007935,0.6541095972061157,0.6832191944122314,0.5873287916183472,0.625,0.5308219194412231,0.5941780805587769,0.5256849527359009,0.5941780805587769,0.5650684833526611,0.5787671208381653,0.5273972749710083,0.551369845867157,0.590753436088562,0.5547945499420166,0.5291095972061157,0.5787671208381653,0.5873287916183472,0.5839040875434875,0.5616438388824463,0.5993150472640991,0.5582191944122314,0.5839040875434875,0.5136986374855042,0.551369845867157,0.5616438388824463,0.5479452013969421,0.551369845867157,0.5273972749710083,0.6130136847496033,0.5239726305007935,0.5753424763679504,0.5582191944122314,0.5205479264259338,0.585616409778595,0.5462328791618347,0.5291095972061157,0.5376712083816528,0.5325342416763306,0.5428082346916199,0.5428082346916199,0.5136986374855042,0.5616438388824463,0.4726027250289917,0.5119863152503967,0.5719178318977356,0.5308219194412231,0.5308219194412231,0.5291095972061157,0.6232876777648926,0.49657535552978516,0.5787671208381653,0.5085616707801819,0.5136986374855042,0.5376712083816528,0.5496575236320496,0.5582191944122314,0.49657535552978516,0.5376712083816528,0.5650684833526611,0.5462328791618347,0.5650684833526611,0.568493127822876,0.5633561611175537,0.5239726305007935,0.5702054500579834,0.5325342416763306,0.4897260367870331,0.517123281955719,0.482876718044281,0.5650684833526611,0.267123281955719
0.044186048209667206,0.1418604701757431,0.14651162922382355,0.1302325576543808,0.12790697813034058,0.11627907305955887,0.1302325576543808,0.13488371670246124,0.1418604701757431,0.10465116053819656,0.1302325576543808,0.11395348608493805,0.13255813717842102,0.1627907007932663,0.11395348608493805,0.11627907305955887,0.13953489065170288,0.13255813717842102,0.16511628031730652,0.12325581163167953,0.1418604701757431,0.13953489065170288,0.1534883677959442,0.151162788271904,0.12790697813034058,0.16046512126922607,0.13488371670246124,0.14418604969978333,0.13255813717842102,0.1627907007932663,0.151162788271904,0.14418604969978333,0.12790697813034058,0.1627907007932663,0.1302325576543808,0.13953489065170288,0.12558139860630035,0.15581394731998444,0.16744185984134674,0.13720929622650146,0.11162790656089783,0.15581394731998444,0.16976743936538696,0.12093023210763931,0.151162788271904,0.11395348608493805,0.14883720874786377,0.1418604701757431,0.13255813717842102,0.13255813717842102,0.17209301888942719,0.12558139860630035,0.11860465258359909,0.13720929622650146,0.12093023210763931,0.13488371670246124,0.16046512126922607,0.18139535188674927,0.13488371670246124,0.1953488439321518,0.15581394731998444,0.16744185984134674,0.13720929622650146,0.18139535188674927,0.20000000298023224,0.20465116202831268,0.20930232107639313,0.14883720874786377,0.2186046540737152,0.216279074549675,0.21395349502563477,0.22325581312179565,0.24418604373931885,0.24651162326335907,0.28604650497436523,0.21395349502563477,0.24651162326335907,0.25581395626068115,0.30930233001708984,0.28837209939956665,0.26744186878204346,0.33255812525749207,0.31860464811325073,0.34418603777885437,0.434883713722229,0.44186046719551086,0.4116279184818268,0.46279069781303406,0.48139533400535583,0.5232558250427246,0.5186046361923218,0.5232558250427246,0.5976744294166565,0.6674418449401855,0.7302325367927551,0.6604651212692261,0.7465116381645203,0.7813953757286072,1.0,0.1418604701757431,0.0,0.1418604701757431,1.0,0.7813953757286072,0.7465116381645203,0.6604651212692261,0.7302325367927551,0.6674418449401855,0.5976744294166565,0.5232558250427246,0.5186046361923218,0.5232558250427246,0.48139533400535583,0.46279069781303406,0.4116279184818268,0.44186046719551086,0.434883713722229,0.34418603777885437,0.31860464811325073,0.33255812525749207,0.26744186878204346,0.28837209939956665,0.30930233001708984,0.25581395626068115,0.24651162326335907,0.21395349502563477,0.28604650497436523,0.24651162326335907,0.24418604373931885,0.22325581312179565,0.21395349502563477,0.216279074549675,0.2186046540737152,0.14883720874786377,0.20930232107639313,0.20465116202831268,0.20000000298023224,0.18139535188674927,0.13720929622650146,0.16744185984134674,0.15581394731998444,0.1953488439321518,0.13488371670246124,0.18139535188674927,0.16046512126922607,0.13488371670246124,0.12093023210763931,0.13720929622650146,0.11860465258359909,0.12558139860630035,0.17209301888942719,0.13255813717842102,0.13255813717842102,0.1418604701757431,0.14883720874786377,0.11395348608493805,0.151162788271904,0.12093023210763931,0.16976743936538696,0.15581394731998444,0.11162790656089783,0.13720929622650146,0.16744185984134674,0.15581394731998444,0.12558139860630035,0.13953489065170288,0.1302325576543808,0.1627907007932663,0.12790697813034058,0.14418604969978333,0.151162788271904,0.1627907007932663,0.13255813717842102,0.14418604969978333,0.13488371670246124,0.16046512126922607,0.12790697813034058,0.151162788271904,0.1534883677959442,0.13953489065170288,0.1418604701757431,0.12325581163167953,0.16511628031730652,0.13255813717842102,0.13953489065170288,0.11627907305955887,0.11395348608493805,0.1627907007932663,0.13255813717842102,0.11395348608493805,0.1302325576543808,0.10465116053819656,0.1418604701757431,0.13488371670246124,0.1302325576543808,0.11627907305955887,0.12790697813034058,0.1302325576543808,0.14651162922382355,0.1418604701757431,0.044186048209667206
0.267123281955719,0.4178082048892975,0.5136986374855042,0.45205479860305786,0.4931506812572479,0.4452054798603058,0.465753436088562,0.4931506812572479,0.5068492889404297,0.45890411734580994,0.3835616409778595,0.4726027250289917,0.3835616409778595,0.4452054798603058,0.4726027250289917,0.4931506812572479,0.3767123222351074,0.3767123222351074,0.36301368474960327,0.3767123222351074,0.4726027250289917,0.48630136251449585,0.4794520437717438,0.43150684237480164,0.465753436088562,0.45890411734580994,0.4109589159488678,0.48630136251449585,0.4109589159488678,0.42465752363204956,0.534246563911438,0.45890411734580994,0.5,0.5,0.3767123222351074,0.4726027250289917,0.4041095972061157,0.4726027250289917,0.3561643958091736,0.4041095972061157,0.4931506812572479,0.5136986374855042,0.5616438388824463,0.4109589159488678,0.5068492889404297,0.534246563911438,0.465753436088562,0.5,0.42465752363204956,0.4178082048892975,0.4726027250289917,0.4041095972061157,0.45890411734580994,0.3904109597206116,0.4931506812572479,0.5,0.45890411734580994,0.4452054798603058,0.4178082048892975,0.5068492889404297,0.4452054798603058,0.5616438388824463,0.4452054798603058,0.4178082048892975,0.4452054798603058,0.4178082048892975,0.3904109597206116,0.4178082048892975,0.4109589159488678,0.43150684237480164,0.4794520437717438,0.6575342416763306,0.45205479860305786,0.6095890402793884,0.4726027250289917,0.4794520437717438,0.4794520437717438,0.5273972749710083,0.5753424763679504,0.5479452013969421,0.4794520437717438,0.6301369667053223,0.568493127822876,0.5410959124565125,0.6438356041908264,0.6849315166473389,0.6575342416763306,0.7602739930152893,0.732876718044281,0.5410959124565125,0.5821917653083801,0.732876718044281,0.7876712083816528,0.7739726305007935,0.7123287916183472,0.732876718044281,0.835616409778595,0.801369845867157,1.0,0.1438356190919876,0.0,0.1438356190919876,1.0,0.801369845867157,0.835616409778595,0.732876718044281,0.7123287916183472,0.7739726305007935,0.7876712083816528,0.732876718044281,0.5821917653083801,0.5410959124565125,0.732876718044281,0.7602739930152893,0.6575342416763306,0.6849315166473389,0.6438356041908264,0.5410959124565125,0.568493127822876,0.6301369667053223,0.4794520437717438,0.5479452013969421,0.5753424763679504,0.5273972749710083,0.4794520437717438,0.4794520437717438,0.4726027250289917,0.6095890402793884,0.45205479860305786,0.6575342416763306,0.4794520437717438,0.43150684237480164,0.4109589159488678,0.4178082048892975,0.3904109597206116,0.4178082048892975,0.4452054798603058,0.4178082048892975,0.4452054798603058,0.5616438388824463,0.4452054798603058,0.5068492889404297,0.4178082048892975,0.4452054798603058,0.45890411734580994,0.5,0.4931506812572479,0.3904109597206116,0.45890411734580994,0.4041095972061157,0.4726027250289917,0.4178082048892975,0.42465752363204956,0.5,0.465753436088562,0.534246563911438,0.5068492889404297,0.4109589159488678,0.5616438388824463,0.5136986374855042,0.4931506812572479,0.4041095972061157,0.3561643958091736,0.4726027250289917,0.4041095972061157,0.4726027250289917,0.3767123222351074,0.5,0.5,0.45890411734580994,0.534246563911438,0.42465752363204956,0.4109589159488678,0.48630136251449585,0.4109589159488678,0.45890411734580994,0.465753436088562,0.43150684237480164,0.4794520437717438,0.48630136251449585,0.4726027250289917,0.3767123222351074,0.36301368474960327,0.3767123222351074,0.3767123222351074,0.4931506812572479,0.4726027250289917,0.4452054798603058,0.3835616409778595,0.4726027250289917,0.3835616409778595,0.45890411734580994,0.5068492889404297,0.4931506812572479,0.465753436088562,0.4452054798603058,0.4931506812572479,0.45205479860305786,0.5136986374855042,0.4178082048892975,0.267123281955719
0.40789473056793213,0.8947368264198303,0.8157894611358643,0.8157894611358643,0.7763158082962036,0.7105262875556946,0.8947368264198303,0.7105262875556946,0.5657894611358643,0.7236841917037964,0.8421052694320679,0.9210526347160339,0.7105262875556946,0.7763158082962036,0.6315789222717285,0.7105262875556946,0.8289473652839661,0.7368420958518982,0.6973684430122375,0.7105262875556946,0.8157894611358643,0.6447368264198303,0.7236841917037964,0.7763158082962036,0.8552631735801697,0.7368420958518982,0.6973684430122375,0.8026315569877625,0.7105262875556946,0.8947368264198303,0.8815789222717285,0.6710526347160339,0.8684210777282715,0.8289473652839661,0.6447368264198303,0.7763158082962036,0.7894737124443054,0.9736841917037964,0.75,0.7894737124443054,0.75,0.6447368264198303,0.75,0.8026315569877625,0.7105262875556946,0.6315789222717285,0.9210526347160339,0.75,0.7631579041481018,0.6315789222717285,0.7105262875556946,0.6315789222717285,0.8552631735801697,0.5921052694320679,0.7631579041481018,0.9605262875556946,1.0,0.7368420958518982,0.6447368264198303,0.7763158082962036,0.8026315569877625,0.7368420958518982,0.6447368264198303,0.75,0.6710526347160339,0.7368420958518982,0.8421052694320679,0.8289473652839661,0.6973684430122375,0.7236841917037964,0.8157894611358643,0.8421052694320679,0.8815789222717285,0.8026315569877625,0.75,0.7894737124443054,0.9078947305679321,0.7894737124443054,0.6710526347160339,0.8026315569877625,0.8947368264198303,0.6447368264198303,0.8947368264198303,0.8026315569877625,0.7894737124443054,0.7894737124443054,0.6578947305679321,0.7894737124443054,0.5789473652839661,0.9078947305679321,0.8552631735801697,0.8026315569877625,0.6842105388641357,0.7894737124443054,0.8157894611358643,0.9473684430122375,0.8289473652839661,0.7236841917037964,0.8684210777282715,0.15789473056793213,0.0,0.15789473056793213,0.8684210777282715,0.7236841917037964,0.8289473652839661,0.9473684430122375,0.8157894611358643,0.7894737124443054,0.6842105388641357,0.8026315569877625,0.8552631735801697,0.9078947305679321,0.5789473652839661,0.7894737124443054,0.6578947305679321,0.7894737124443054,0.7894737124443054,0.8026315569877625,0.8947368264198303,0.6447368264198303,0.8947368264198303,0.8026315569877625,0.6710526347160339,0.7894737124443054,0.9078947305679321,0.7894737124443054,0.75,0.8026315569877625,0.8815789222717285,0.8421052694320679,0.8157894611358643,0.7236841917037964,0.6973684430122375,0.8289473652839661,0.8421052694320679,0.7368420958518982,0.6710526347160339,0.75,0.6447368264198303,0.7368420958518982,0.8026315569877625,0.7763158082962036,0.6447368264198303,0.7368420958518982,1.0,0.9605262875556946,0.7631579041481018,0.5921052694320679,0.8552631735801697,0.6315789222717285,0.7105262875556946,0.6315789222717285,0.7631579041481018,0.75,0.9210526347160339,0.6315789222717285,0.7105262875556946,0.8026315569877625,0.75,0.6447368264198303,0.75,0.7894737124443054,0.75,0.9736841917037964,0.7894737124443054,0.7763158082962036,0.6447368264198303,0.8289473652839661,0.8684210777282715,0.6710526347160339,0.8815789222717285,0.8947368264198303,0.7105262875556946,0.8026315569877625,0.6973684430122375,0.7368420958518982,0.8552631735801697,0.7763158082962036,0.7236841917037964,0.6447368264198303,0.8157894611358643,0.7105262875556946,0.6973684430122375,0.7368420958518982,0.8289473652839661,0.7105262875556946,0.6315789222717285,0.7763158082962036,0.7105262875556946,0.9210526347160339,0.8421052694320679,0.7236841917037964,0.5657894611358643,0.7105262875556946,0.8947368264198303,0.7105262875556946,0.7763158082962036,0.8157894611358643,0.8157894611358643,0.8947368264198303,0.40789473056793213
0.14606741070747375,0.2921348214149475,0.2752808928489685,0.2752808928489685,0.24719101190567017,0.23595505952835083,0.20224718749523163,0.2584269642829895,0.23595505952835083,0.2584269642829895,0.2247191071510315,0.2247191071510315,0.3089887499809265,0.2977527976036072,0.25280898809432983,0.2415730357170105,0.2808988690376282,0.2921348214149475,0.2584269642829895,0.2752808928489685,0.24719101190567017,0.16853933036327362,0.2752808928489685,0.2921348214149475,0.1910112351179123,0.26404494047164917,0.28651684522628784,0.2584269642829895,0.26966291666030884,0.2247191071510315,0.2752808928489685,0.2415730357170105,0.23595505952835083,0.2415730357170105,0.2977527976036072,0.2752808928489685,0.2415730357170105,0.2921348214149475,0.17977528274059296,0.2078651636838913,0.2752808928489685,0.18539325892925262,0.23033708333969116,0.24719101190567017,0.19662921130657196,0.2584269642829895,0.2921348214149475,0.23033708333969116,0.21348313987255096,0.2584269642829895,0.21348313987255096,0.28651684522628784,0.25280898809432983,0.26404494047164917,0.31460675597190857,0.2584269642829895,0.2078651636838913,0.37078651785850525,0.24719101190567017,0.3651685416698456,0.2808988690376282,0.23033708333969116,0.30337077379226685,0.25280898809432983,0.21910113096237183,0.2977527976036072,0.25280898809432983,0.23033708333969116,0.21910113096237183,0.1910112351179123,0.2977527976036072,0.25280898809432983,0.17977528274059296,0.30337077379226685,0.3426966369152069,0.3314606845378876,0.37078651785850525,0.32022473216056824,0.48876404762268066,0.40449437499046326,0.4438202381134033,0.42134830355644226,0.38764044642448425,0.37078651785850525,0.3820224702358246,0.4325842559337616,0.449438214302063,0.35393258929252625,0.449438214302063,0.42134830355644226,0.5224719047546387,0.5449438095092773,0.617977499961853,0.550561785697937,0.6123595237731934,0.6460674405097961,0.5617977380752563,0.6910112500190735,1.0,0.16853933036327362,0.0,0.16853933036327362,1.0,0.6910112500190735,0.5617977380752563,0.6460674405097961,0.6123595237731934,0.550561785697937,0.617977499961853,0.5449438095092773,0.5224719047546387,0.42134830355644226,0.449438214302063,0.35393258929252625,0.449438214302063,0.4325842559337616,0.3820224702358246,0.37078651785850525,0.38764044642448425,0.42134830355644226,0.4438202381134033,0.40449437499046326,0.48876404762268066,0.32022473216056824,0.37078651785850525,0.3314606845378876,0.3426966369152069,0.30337077379226685,0.17977528274059296,0.25280898809432983,0.2977527976036072,0.1910112351179123,0.21910113096237183,0.23033708333969116,0.25280898809432983,0.2977527976036072,0.21910113096237183,0.25280898809432983,0.30337077379226685,0.23033708333969116,0.2808988690376282,0.3651685416698456,0.24719101190567017,0.37078651785850525,0.2078651636838913,0.2584269642829895,0.31460675597190857,0.26404494047164917,0.25280898809432983,0.28651684522628784,0.21348313987255096,0.2584269642829895,0.21348313987255096,0.23033708333969116,0.2921348214149475,0.2584269642829895,0.19662921130657196,0.24719101190567017,0.23033708333969116,0.18539325892925262,0.2752808928489685,0.2078651636838913,0.17977528274059296,0.2921348214149475,0.2415730357170105,0.2752808928489685,0.2977527976036072,0.2415730357170105,0.23595505952835083,0.2415730357170105,0.2752808928489685,0.2247191071510315,0.26966291666030884,0.2584269642829895,0.28651684522628784,0.26404494047164917,0.1910112351179123,0.2921348214149475,0.2752808928489685,0.16853933036327362,0.24719101190567017,0.2752808928489685,0.2584269642829895,0.2921348214149475,0.2808988690376282,0.2415730357170105,0.25280898809432983,0.2977527976036072,0.3089887499809265,0.2247191071510315,0.2247191071510315,0.2584269642829895,0.23595505952835083,0.2584269642829895,0.20224718749523163,0.23595505952835083,0.24719101190567017,0.2752808928489685,0.2752808928489685,0.2921348214149475,0.14606741070747375
0.06737588346004486,0.09929078072309494,0.08510638028383255,0.10638298094272614,0.13829787075519562,0.11347517371177673,0.07801418751478195,0.10992907732725143,0.11702127754688263,0.11702127754688263,0.10638298094272614,0.12765957415103912,0.12411347776651382,0.12056737393140793,0.11702127754688263,0.11702127754688263,0.08510638028383255,0.10638298094272614,0.13475176692008972,0.08510638028383255,0.09929078072309494,0.13120567798614502,0.10283687710762024,0.09929078072309494,0.10992907732725143,0.13829787075519562,0.11702127754688263,0.12056737393140793,0.1595744639635086,0.11702127754688263,0.1489361673593521,0.06737588346004486,0.10638298094272614,0.12411347776651382,0.07446808367967606,0.12056737393140793,0.07801418751478195,0.13829787075519562,0.08156028389930725,0.09574468433856964,0.13475176692008972,0.10638298094272614,0.11702127754688263,0.10992907732725143,0.1560283750295639,0.12765957415103912,0.12411347776651382,0.10283687710762024,0.09574468433856964,0.11347517371177673,0.10638298094272614,0.10992907732725143,0.12765957415103912,0.11347517371177673,0.11347517371177673,0.09929078072309494,0.10638298094272614,0.152482271194458,0.13829787075519562,0.14539006352424622,0.10638298094272614,0.12056737393140793,0.09219858050346375,0.14539006352424622,0.1560283750295639,0.09574468433856964,0.11347517371177673,0.10638298094272614,0.1666666716337204,0.173758864402771,0.152482271194458,0.1879432648420334,0.13829787075519562,0.1631205677986145,0.1773049682378769,0.19858156144618988,0.1773049682378769,0.19503545761108398,0.25886523723602295,0.20212766528129578,0.23404255509376526,0.27659574151039124,0.28014183044433594,0.3085106313228607,0.3226950466632843,0.41843971610069275,0.44680851697921753,0.478723406791687,0.5319148898124695,0.4609929025173187,0.5460993051528931,0.5460993051528931,0.631205677986145,0.5602836608886719,0.588652491569519,0.7056737542152405,0.9609929323196411,1.0,0.9290780425071716,0.09219858050346375,0.0,0.09219858050346375,0.9290780425071716,1.0,0.9609929323196411,0.7056737542152405,0.588652491569519,0.5602836608886719,0.631205677986145,0.5460993051528931,0.5460993051528931,0.4609929025173187,0.5319148898124695,0.478723406791687,0.44680851697921753,0.41843971610069275,0.3226950466632843,0.3085106313228607,0.28014183044433594,0.27659574151039124,0.23404255509376526,0.20212766528129578,0.25886523723602295,0.19503545761108398,0.1773049682378769,0.19858156144618988,0.1773049682378769,0.1631205677986145,0.13829787075519562,0.1879432648420334,0.152482271194458,0.173758864402771,0.1666666716337204,0.10638298094272614,0.11347517371177673,0.09574468433856964,0.1560283750295639,0.14539006352424622,0.09219858050346375,0.12056737393140793,0.10638298094272614,0.14539006352424622,0.13829787075519562,0.152482271194458,0.10638298094272614,0.09929078072309494,0.11347517371177673,0.11347517371177673,0.12765957415103912,0.10992907732725143,0.10638298094272614,0.11347517371177673,0.09574468433856964,0.10283687710762024,0.12411347776651382,0.12765957415103912,0.1560283750295639,0.10992907732725143,0.11702127754688263,0.10638298094272614,0.13475176692008972,0.09574468433856964,0.08156028389930725,0.13829787075519562,0.07801418751478195,0.12056737393140793,0.07446808367967606,0.12411347776651382,0.10638298094272614,0.06737588346004486,0.1489361673593521,0.11702127754688263,0.1595744639635086,0.12056737393140793,0.11702127754688263,0.13829787075519562,0.10992907732725143,0.09929078072309494,0.10283687710762024,0.13120567798614502,0.09929078072309494,0.08510638028383255,0.13475176692008972,0.10638298094272614,0.08510638028383255,0.11702127754688263,0.11702127754688263,0.12056737393140793,0.12411347776651382,0.12765957415103912,0.10638298094272614,0.11702127754688263,0.11702127754688263,0.10992907732725143,0.07801418751478195,0.11347517371177673,0.13829787075519562,0.10638298094272614,0.08510638028383255,0.09929078072309494,0.06737588346004486
0.0429864265024662,0.07239819318056107,0.07918552309274673,0.08144796639680862,0.08144796639680862,0.06787330657243729,0.11085972934961319,0.10407239943742752,0.0859728530049324,0.09049773961305618,0.09049773961305618,0.07692307978868484,0.08371040970087051,0.08144796639680862,0.09049773961305618,0.07466063648462296,0.07918552309274673,0.07692307978868484,0.09049773961305618,0.09728506952524185,0.07239819318056107,0.06108597293496132,0.10180995613336563,0.12443438917398453,0.07692307978868484,0.07918552309274673,0.09049773961305618,0.04977375641465187,0.08371040970087051,0.12443438917398453,0.09502262622117996,0.08144796639680862,0.06334841996431351,0.05656108632683754,0.07918552309274673,0.09049773961305618,0.07466063648462296,0.07692307978868484,0.07918552309274673,0.05203619971871376,0.06108597293496132,0.08371040970087051,0.0882352963089943,0.07239819318056107,0.0859728530049324,0.07918552309274673,0.09276018291711807,0.07918552309274673,0.05656108632683754,0.07692307978868484,0.07466063648462296,0.07013574987649918,0.0859728530049324,0.08144796639680862,0.10407239943742752,0.05203619971871376,0.09728506952524185,0.07239819318056107,0.06334841996431351,0.11312217265367508,0.09954751282930374,0.09502262622117996,0.08144796639680862,0.09276018291711807,0.09954751282930374,0.09728506952524185,0.10407239943742752,0.09728506952524185,0.09049773961305618,0.09276018291711807,0.12217194586992264,0.1312217265367508,0.1538461595773697,0.11764705926179886,0.11312217265367508,0.1515837162733078,0.16289593279361725,0.14479638636112213,0.18325792253017426,0.13800905644893646,0.16289593279361725,0.16742081940174103,0.2171945720911026,0.24660633504390717,0.1945701390504837,0.24886877834796906,0.28959277272224426,0.3031674325466156,0.3438914120197296,0.3438914120197296,0.3891402781009674,0.42760181427001953,0.4819004535675049,0.6266968250274658,0.5203620195388794,0.4977375566959381,1.0,0.8800904750823975,0.610859751701355,0.11085972934961319,0.0,0.11085972934961319,0.610859751701355,0.8800904750823975,1.0,0.4977375566959381,0.5203620195388794,0.6266968250274658,0.4819004535675049,0.42760181427001953,0.3891402781009674,0.3438914120197296,0.3438914120197296,0.3031674325466156,0.28959277272224426,0.24886877834796906,0.1945701390504837,0.24660633504390717,0.2171945720911026,0.16742081940174103,0.16289593279361725,0.13800905644893646,0.18325792253017426,0.14479638636112213,0.16289593279361725,0.1515837162733078,0.11312217265367508,0.11764705926179886,0.1538461595773697,0.1312217265367508,0.12217194586992264,0.09276018291711807,0.09049773961305618,0.09728506952524185,0.10407239943742752,0.09728506952524185,0.09954751282930374,0.09276018291711807,0.08144796639680862,0.09502262622117996,0.09954751282930374,0.11312217265367508,0.06334841996431351,0.07239819318056107,0.09728506952524185,0.05203619971871376,0.10407239943742752,0.08144796639680862,0.0859728530049324,0.07013574987649918,0.07466063648462296,0.07692307978868484,0.05656108632683754,0.07918552309274673,0.09276018291711807,0.07918552309274673,0.0859728530049324,0.07239819318056107,0.0882352963089943,0.08371040970087051,0.06108597293496132,0.05203619971871376,0.07918552309274673,0.07692307978868484,0.07466063648462296,0.09049773961305618,0.07918552309274673,0.05656108632683754,0.06334841996431351,0.08144796639680862,0.09502262622117996,0.12443438917398453,0.08371040970087051,0.04977375641465187,0.09049773961305618,0.07918552309274673,0.07692307978868484,0.12443438917398453,0.10180995613336563,0.06108597293496132,0.07239819318056107,0.09728506952524185,0.09049773961305618,0.07692307978868484,0.07918552309274673,0.07466063648462296,0.09049773961305618,0.08144796639680862,0.08371040970087051,0.07692307978868484,0.09049773961305618,0.09049773961305618,0.0859728530049324,0.10407239943742752,0.11085972934961319,0.06787330657243729,0.08144796639680862,0.08144796639680862,0.07918552309274673,0.07239819318056107,0.0429864265024662
0.04796663299202919,0.10114702582359314,0.08550573885440826,0.09280500560998917,0.08342023193836212,0.07612095773220062,0.09489051252603531,0.08133472502231598,0.09801877290010452,0.099061518907547,0.09697601944208145,0.09071949869394302,0.10010427236557007,0.09697601944208145,0.11053180694580078,0.08133472502231598,0.08654848486185074,0.09489051252603531,0.09801877290010452,0.09801877290010452,0.10010427236557007,0.0917622521519661,0.08967674523591995,0.11574556678533554,0.09593326598405838,0.099061518907547,0.09489051252603531,0.08133472502231598,0.08967674523591995,0.09593326598405838,0.10218977928161621,0.07612095773220062,0.08446298539638519,0.10531803965568542,0.10323253273963928,0.0771637111902237,0.08654848486185074,0.08446298539638519,0.07090719789266586,0.07924921810626984,0.10114702582359314,0.07507820427417755,0.08654848486185074,0.09801877290010452,0.08133472502231598,0.07924921810626984,0.07299269735813141,0.08759123831987381,0.10010427236557007,0.07820646464824677,0.10740354657173157,0.07194995135068893,0.09593326598405838,0.09697601944208145,0.10218977928161621,0.099061518907547,0.08133472502231598,0.09280500560998917,0.09489051252603531,0.1063607931137085,0.09489051252603531,0.10010427236557007,0.09593326598405838,0.10218977928161621,0.10427528619766235,0.10323253273963928,0.11470281332731247,0.09489051252603531,0.10427528619766235,0.1136600598692894,0.12304484099149704,0.131386861205101,0.1282586008310318,0.12513034045696259,0.13034410774707794,0.1428571492433548,0.14911365509033203,0.1616266965866089,0.2054223120212555,0.19290928542613983,0.17726798355579376,0.2231491208076477,0.21793535351753235,0.2784150242805481,0.3190823793411255,0.2815432846546173,0.3253389000892639,0.34306567907333374,0.4212721586227417,0.43065693974494934,0.4661105275154114,0.5057351589202881,0.559958279132843,0.6047966480255127,0.6558915376663208,0.6173096895217896,0.752867579460144,0.738269031047821,1.0,0.15954118967056274,0.0,0.15954118967056274,1.0,0.738269031047821,0.752867579460144,0.6173096895217896,0.6558915376663208,0.6047966480255127,0.559958279132843,0.5057351589202881,0.4661105275154114,0.43065693974494934,0.4212721586227417,0.34306567907333374,0.3253389000892639,0.2815432846546173,0.3190823793411255,0.2784150242805481,0.21793535351753235,0.2231491208076477,0.17726798355579376,0.19290928542613983,0.2054223120212555,0.1616266965866089,0.14911365509033203,0.1428571492433548,0.13034410774707794,0.12513034045696259,0.1282586008310318,0.131386861205101,0.12304484099149704,0.1136600598692894,0.10427528619766235,0.09489051252603531,0.11470281332731247,0.10323253273963928,0.10427528619766235,0.10218977928161621,0.09593326598405838,0.10010427236557007,0.09489051252603531,0.1063607931137085,0.09489051252603531,0.09280500560998917,0.08133472502231598,0.099061518907547,0.10218977928161621,0.09697601944208145,0.09593326598405838,0.07194995135068893,0.10740354657173157,0.07820646464824677,0.10010427236557007,0.08759123831987381,0.07299269735813141,0.07924921810626984,0.08133472502231598,0.09801877290010452,0.08654848486185074,0.07507820427417755,0.10114702582359314,0.07924921810626984,0.07090719789266586,0.08446298539638519,0.08654848486185074,0.0771637111902237,0.10323253273963928,0.10531803965568542,0.08446298539638519,0.07612095773220062,0.10218977928161621,0.09593326598405838,0.08967674523591995,0.08133472502231598,0.09489051252603531,0.099061518907547,0.09593326598405838,0.11574556678533554,0.08967674523591995,0.0917622521519661,0.10010427236557007,0.09801877290010452,0.09801877290010452,0.09489051252603531,0.08654848486185074,0.08133472502231598,0.11053180694580078,0.09697601944208145,0.10010427236557007,0.09071949869394302,0.09697601944208145,0.099061518907547,0.09801877290010452,0.08133472502231598,0.09489051252603531,0.07612095773220062,0.08342023193836212,0.09280500560998917,0.08550573885440826,0.10114702582359314,0.04796663299202919
0.06468531489372253,0.09965035319328308,0.08741258829832077,0.11888112127780914,0.1118881106376648,0.07342657446861267,0.1258741319179535,0.110139861702919,0.13286712765693665,0.10139860212802887,0.110139861702919,0.15034964680671692,0.110139861702919,0.13636364042758942,0.12062937021255493,0.11363636702299118,0.139860138297081,0.10489510744810104,0.1241258755326271,0.1241258755326271,0.13286712765693665,0.10839160531759262,0.10664335638284683,0.11888112127780914,0.1241258755326271,0.14335663616657257,0.14510490000247955,0.12937062978744507,0.11888112127780914,0.11713286489248276,0.12237761914730072,0.10139860212802887,0.10489510744810104,0.13286712765693665,0.11713286489248276,0.10839160531759262,0.10839160531759262,0.10489510744810104,0.10664335638284683,0.09090909361839294,0.110139861702919,0.09090909361839294,0.1118881106376648,0.10839160531759262,0.12237761914730072,0.10664335638284683,0.09440559148788452,0.15559440851211548,0.0979020968079567,0.12237761914730072,0.11538461595773697,0.10139860212802887,0.10314685106277466,0.09965035319328308,0.10489510744810104,0.1520978957414627,0.10839160531759262,0.13636364042758942,0.10489510744810104,0.13286712765693665,0.10839160531759262,0.1241258755326271,0.11888112127780914,0.11888112127780914,0.13636364042758942,0.1118881106376648,0.14160838723182678,0.14860139787197113,0.14160838723182678,0.12762238085269928,0.16083915531635284,0.16083915531635284,0.12237761914730072,0.14510490000247955,0.14510490000247955,0.17307692766189575,0.18706293404102325,0.19055944681167603,0.2237762212753296,0.25524476170539856,0.20629370212554932,0.25524476170539856,0.25699299573898315,0.3164335787296295,0.3076923191547394,0.28146854043006897,0.3356643319129944,0.41083917021751404,0.3723776340484619,0.42132866382598877,0.4737762212753296,0.5804196000099182,0.5541958212852478,0.6993007063865662,0.6083915829658508,0.7062937021255493,1.0,0.9615384340286255,0.9615384340286255,0.1660839170217514,0.0,0.1660839170217514,0.9615384340286255,0.9615384340286255,1.0,0.7062937021255493,0.6083915829658508,0.6993007063865662,0.5541958212852478,0.5804196000099182,0.4737762212753296,0.42132866382598877,0.3723776340484619,0.41083917021751404,0.3356643319129944,0.28146854043006897,0.3076923191547394,0.3164335787296295,0.25699299573898315,0.25524476170539856,0.20629370212554932,0.25524476170539856,0.2237762212753296,0.19055944681167603,0.18706293404102325,0.17307692766189575,0.14510490000247955,0.14510490000247955,0.12237761914730072,0.16083915531635284,0.16083915531635284,0.12762238085269928,0.14160838723182678,0.14860139787197113,0.14160838723182678,0.1118881106376648,0.13636364042758942,0.11888112127780914,0.11888112127780914,0.1241258755326271,0.10839160531759262,0.13286712765693665,0.10489510744810104,0.13636364042758942,0.10839160531759262,0.1520978957414627,0.10489510744810104,0.09965035319328308,0.10314685106277466,0.10139860212802887,0.11538461595773697,0.12237761914730072,0.0979020968079567,0.15559440851211548,0.09440559148788452,0.10664335638284683,0.12237761914730072,0.10839160531759262,0.1118881106376648,0.09090909361839294,0.110139861702919,0.09090909361839294,0.10664335638284683,0.10489510744810104,0.10839160531759262,0.10839160531759262,0.11713286489248276,0.13286712765693665,0.10489510744810104,0.10139860212802887,0.12237761914730072,0.11713286489248276,0.11888112127780914,0.12937062978744507,0.14510490000247955,0.14335663616657257,0.1241258755326271,0.11888112127780914,0.10664335638284683,0.10839160531759262,0.13286712765693665,0.1241258755326271,0.1241258755326271,0.10489510744810104,0.139860138297081,0.11363636702299118,0.12062937021255493,0.13636364042758942,0.110139861702919,0.15034964680671692,0.110139861702919,0.10139860212802887,0.13286712765693665,0.110139861702919,0.1258741319179535,0.07342657446861267,0.1118881106376648,0.11888112127780914,0.08741258829832077,0.09965035319328308,0.06468531489372253
0.09872611612081528,0.17834395170211792,0.17515923082828522,0.2292993664741516,0.1719745248556137,0.168789803981781,0.21019108593463898,0.19108280539512634,0.21019108593463898,0.168789803981781,0.19108280539512634,0.25159236788749695,0.20063693821430206,0.2261146456003189,0.23248407244682312,0.23248407244682312,0.19745223224163055,0.20700636506080627,0.20382165908813477,0.2165605127811432,0.2165605127811432,0.21337579190731049,0.19426751136779785,0.20063693821430206,0.19426751136779785,0.18789808452129364,0.19745223224163055,0.2292993664741516,0.23885349929332733,0.17515923082828522,0.2675159275531769,0.20700636506080627,0.18789808452129364,0.24203822016716003,0.14012739062309265,0.20063693821430206,0.2197452187538147,0.18789808452129364,0.20700636506080627,0.23885349929332733,0.2165605127811432,0.18152865767478943,0.18471337854862213,0.23248407244682312,0.19745223224163055,0.21019108593463898,0.1656050980091095,0.2229299396276474,0.2292993664741516,0.13375796377658844,0.20063693821430206,0.19745223224163055,0.2197452187538147,0.19745223224163055,0.20700636506080627,0.2229299396276474,0.20700636506080627,0.24840764701366425,0.2229299396276474,0.2197452187538147,0.25159236788749695,0.2802547812461853,0.19426751136779785,0.29617834091186523,0.1719745248556137,0.2197452187538147,0.21337579190731049,0.25477707386016846,0.23566879332065582,0.23566879332065582,0.30891719460487366,0.30573248863220215,0.25796177983283997,0.25159236788749695,0.2770700752735138,0.26433122158050537,0.3343949019908905,0.2898089289665222,0.30891719460487366,0.36942675709724426,0.337579607963562,0.4012738764286041,0.37261146306991577,0.42993631958961487,0.4012738764286041,0.4490445852279663,0.48407644033432007,0.5095541477203369,0.5509554147720337,0.5764331221580505,0.6464968323707581,0.6082802414894104,0.5955414175987244,0.7388535141944885,0.6878980994224548,0.7038216590881348,0.8407643437385559,0.9140127301216125,1.0,0.12738853693008423,0.0,0.12738853693008423,1.0,0.9140127301216125,0.8407643437385559,0.7038216590881348,0.6878980994224548,0.7388535141944885,0.5955414175987244,0.6082802414894104,0.6464968323707581,0.5764331221580505,0.5509554147720337,0.5095541477203369,0.48407644033432007,0.4490445852279663,0.4012738764286041,0.42993631958961487,0.37261146306991577,0.4012738764286041,0.337579607963562,0.36942675709724426,0.30891719460487366,0.2898089289665222,0.3343949019908905,0.26433122158050537,0.2770700752735138,0.25159236788749695,0.25796177983283997,0.30573248863220215,0.30891719460487366,0.23566879332065582,0.23566879332065582,0.25477707386016846,0.21337579190731049,0.2197452187538147,0.1719745248556137,0.29617834091186523,0.19426751136779785,0.2802547812461853,0.25159236788749695,0.2197452187538147,0.2229299396276474,0.24840764701366425,0.20700636506080627,0.2229299396276474,0.20700636506080627,0.19745223224163055,0.2197452187538147,0.19745223224163055,0.20063693821430206,0.13375796377658844,0.2292993664741516,0.2229299396276474,0.1656050980091095,0.21019108593463898,0.19745223224163055,0.23248407244682312,0.18471337854862213,0.18152865767478943,0.2165605127811432,0.23885349929332733,0.20700636506080627,0.18789808452129364,0.2197452187538147,0.20063693821430206,0.14012739062309265,0.24203822016716003,0.18789808452129364,0.20700636506080627,0.2675159275531769,0.17515923082828522,0.23885349929332733,0.2292993664741516,0.19745223224163055,0.18789808452129364,0.19426751136779785,0.20063693821430206,0.19426751136779785,0.21337579190731049,0.2165605127811432,0.2165605127811432,0.20382165908813477,0.20700636506080627,0.19745223224163055,0.23248407244682312,0.23248407244682312,0.2261146456003189,0.20063693821430206,0.25159236788749695,0.19108280539512634,0.168789803981781,0.21019108593463898,0.19108280539512634,0.21019108593463898,0.168789803981781,0.1719745248556137,0.2292993664741516,0.17515923082828522,0.17834395170211792,0.09872611612081528
0.20714285969734192,0.3571428656578064,0.3857142925262451,0.3928571343421936,0.27142858505249023,0.40714284777641296,0.4000000059604645,0.4714285731315613,0.3214285671710968,0.41428571939468384,0.3142857253551483,0.3142857253551483,0.3857142925262451,0.40714284777641296,0.40714284777641296,0.4642857015132904,0.4571428596973419,0.3928571343421936,0.3285714387893677,0.44285714626312256,0.3642857074737549,0.40714284777641296,0.37142857909202576,0.3857142925262451,0.40714284777641296,0.3857142925262451,0.41428571939468384,0.3857142925262451,0.44999998807907104,0.4571428596973419,0.40714284777641296,0.40714284777641296,0.37142857909202576,0.3928571343421936,0.4000000059604645,0.5,0.3857142925262451,0.5357142686843872,0.33571428060531616,0.4214285612106323,0.33571428060531616,0.4000000059604645,0.4357142746448517,0.34285715222358704,0.44285714626312256,0.40714284777641296,0.3857142925262451,0.3857142925262451,0.4285714328289032,0.37857142090797424,0.44999998807907104,0.37857142090797424,0.4928571283817291,0.37142857909202576,0.4571428596973419,0.3857142925262451,0.4357142746448517,0.4285714328289032,0.3857142925262451,0.48571428656578064,0.44999998807907104,0.48571428656578064,0.4928571283817291,0.37857142090797424,0.3857142925262451,0.5071428418159485,0.41428571939468384,0.4642857015132904,0.3571428656578064,0.3857142925262451,0.44285714626312256,0.5857142806053162,0.37142857909202576,0.47857141494750977,0.4714285731315613,0.33571428060531616,0.44999998807907104,0.40714284777641296,0.6642857193946838,0.44999998807907104,0.5,0.4571428596973419,0.5928571224212646,0.44999998807907104,0.4928571283817291,0.6214285492897034,0.6428571343421936,0.7571428418159485,0.6000000238418579,0.7285714149475098,0.8214285969734192,0.5714285969734192,0.75,0.8642857074737549,0.6928571462631226,0.7214285731315613,0.9928571581840515,1.0,0.9285714030265808,0.1428571492433548,0.0,0.1428571492433548,0.9285714030265808,1.0,0.9928571581840515,0.7214285731315613,0.6928571462631226,0.8642857074737549,0.75,0.5714285969734192,0.8214285969734192,0.7285714149475098,0.6000000238418579,0.7571428418159485,0.6428571343421936,0.6214285492897034,0.4928571283817291,0.44999998807907104,0.5928571224212646,0.4571428596973419,0.5,0.44999998807907104,0.6642857193946838,0.40714284777641296,0.44999998807907104,0.33571428060531616,0.4714285731315613,0.47857141494750977,0.37142857909202576,0.5857142806053162,0.44285714626312256,0.3857142925262451,0.3571428656578064,0.4642857015132904,0.41428571939468384,0.5071428418159485,0.3857142925262451,0.37857142090797424,0.4928571283817291,0.48571428656578064,0.44999998807907104,0.48571428656578064,0.3857142925262451,0.4285714328289032,0.4357142746448517,0.3857142925262451,0.4571428596973419,0.37142857909202576,0.4928571283817291,0.37857142090797424,0.44999998807907104,0.37857142090797424,0.4285714328289032,0.3857142925262451,0.3857142925262451,0.40714284777641296,0.44285714626312256,0.34285715222358704,0.4357142746448517,0.4000000059604645,0.33571428060531616,0.4214285612106323,0.33571428060531616,0.5357142686843872,0.3857142925262451,0.5,0.4000000059604645,0.3928571343421936,0.37142857909202576,0.40714284777641296,0.40714284777641296,0.4571428596973419,0.44999998807907104,0.3857142925262451,0.41428571939468384,0.3857142925262451,0.40714284777641296,0.3857142925262451,0.37142857909202576,0.40714284777641296,0.3642857074737549,0.44285714626312256,0.3285714387893677,0.3928571343421936,0.4571428596973419,0.4642857015132904,0.40714284777641296,0.40714284777641296,0.3857142925262451,0.3142857253551483,0.3142857253551483,0.41428571939468384,0.3214285671710968,0.4714285731315613,0.4000000059604645,0.40714284777641296,0.27142858505249023,0.3928571343421936,0.3857142925262451,0.3571428656578064,0.20714285969734192
0.2808988690376282,0.6292135119438171,0.6741573214530945,0.6629213690757751,0.7977527976036072,0.5730336904525757,0.7191011309623718,0.5617977380752563,0.584269642829895,0.6404494643211365,0.6067415475845337,0.7640449404716492,0.7752808928489685,0.6404494643211365,0.7303370833396912,0.584269642829895,0.8089887499809265,0.8539325594902039,0.6404494643211365,0.7303370833396912,0.550561785697937,0.8876404762268066,0.7415730357170105,0.6629213690757751,0.6404494643211365,0.7528089880943298,0.5955055952072144,0.6516854166984558,0.8426966071128845,0.5955055952072144,0.6853932738304138,0.6404494643211365,0.7752808928489685,0.6292135119438171,0.7640449404716492,0.584269642829895,0.6516854166984558,0.932584285736084,0.6067415475845337,0.7078651785850525,0.8539325594902039,0.8202247023582458,0.7415730357170105,0.7640449404716492,0.7415730357170105,0.7640449404716492,0.8089887499809265,0.7078651785850525,0.5955055952072144,0.584269642829895,0.7640449404716492,0.7865168452262878,0.7191011309623718,0.6629213690757751,0.6067415475845337,0.6404494643211365,0.7303370833396912,0.6966292262077332,0.5955055952072144,0.7752808928489685,0.6292135119438171,0.7078651785850525,0.7078651785850525,0.5617977380752563,0.5730336904525757,0.617977499961853,0.7977527976036072,0.6629213690757751,0.6404494643211365,1.0,0.6629213690757751,0.8314606547355652,0.6741573214530945,0.6292135119438171,0.7752808928489685,0.7303370833396912,0.6741573214530945,0.6516854166984558,0.7640449404716492,0.6516854166984558,0.7415730357170105,0.7303370833396912,0.584269642829895,0.6629213690757751,0.6853932738304138,0.7303370833396912,0.7865168452262878,0.6292135119438171,0.5280898809432983,0.6292135119438171,0.6292135119438171,0.7303370833396912,0.5955055952072144,0.8539325594902039,0.6741573214530945,0.8089887499809265,0.6067415475845337,0.9438202381134033,0.584269642829895,0.07865168899297714,0.0,0.07865168899297714,0.584269642829895,0.9438202381134033,0.6067415475845337,0.8089887499809265,0.6741573214530945,0.8539325594902039,0.5955055952072144,0.7303370833396912,0.6292135119438171,0.6292135119438171,0.5280898809432983,0.6292135119438171,0.7865168452262878,0.7303370833396912,0.6853932738304138,0.6629213690757751,0.584269642829895,0.7303370833396912,0.7415730357170105,0.6516854166984558,0.7640449404716492,0.6516854166984558,0.6741573214530945,0.7303370833396912,0.7752808928489685,0.6292135119438171,0.6741573214530945,0.8314606547355652,0.6629213690757751,1.0,0.6404494643211365,0.6629213690757751,0.7977527976036072,0.617977499961853,0.5730336904525757,0.5617977380752563,0.7078651785850525,0.7078651785850525,0.6292135119438171,0.7752808928489685,0.5955055952072144,0.6966292262077332,0.7303370833396912,0.6404494643211365,0.6067415475845337,0.6629213690757751,0.7191011309623718,0.7865168452262878,0.7640449404716492,0.584269642829895,0.5955055952072144,0.7078651785850525,0.8089887499809265,0.7640449404716492,0.7415730357170105,0.7640449404716492,0.7415730357170105,0.8202247023582458,0.8539325594902039,0.7078651785850525,0.6067415475845337,0.932584285736084,0.6516854166984558,0.584269642829895,0.7640449404716492,0.6292135119438171,0.7752808928489685,0.6404494643211365,0.6853932738304138,0.5955055952072144,0.8426966071128845,0.6516854166984558,0.5955055952072144,0.7528089880943298,0.6404494643211365,0.6629213690757751,0.7415730357170105,0.8876404762268066,0.550561785697937,0.7303370833396912,0.6404494643211365,0.8539325594902039,0.8089887499809265,0.584269642829895,0.7303370833396912,0.6404494643211365,0.7752808928489685,0.7640449404716492,0.6067415475845337,0.6404494643211365,0.584269642829895,0.5617977380752563,0.7191011309623718,0.5730336904525757,0.7977527976036072,0.6629213690757751,0.6741573214530945,0.6292135119438171,0.2808988690376282
0.3979591727256775,0.7551020383834839,0.8877550959587097,0.8367347121238708,0.7857142686843872,0.7857142686843872,0.9591836929321289,0.6734693646430969,0.8571428656578064,0.7448979616165161,0.6632652878761292,0.6938775777816772,0.8673469424247742,0.7244898080825806,0.7653061151504517,0.8979591727256775,0.704081654548645,0.9591836929321289,0.8367347121238708,0.8571428656578064,0.7551020383834839,0.8265306353569031,0.6836734414100647,0.6734693646430969,0.8571428656578064,0.8469387888908386,0.7244898080825806,0.8265306353569031,0.9285714030265808,0.8061224222183228,0.8877550959587097,0.6836734414100647,0.8673469424247742,0.8775510191917419,0.8163265585899353,0.8469387888908386,0.795918345451355,0.8469387888908386,0.8673469424247742,0.7857142686843872,0.8979591727256775,0.7755101919174194,0.8265306353569031,0.918367326259613,0.6632652878761292,0.9693877696990967,0.6224489808082581,0.7346938848495483,0.8571428656578064,0.8163265585899353,0.8979591727256775,0.7142857313156128,0.6836734414100647,0.8367347121238708,0.9795918464660645,0.9897959232330322,0.7346938848495483,0.8775510191917419,0.8469387888908386,0.8163265585899353,0.6938775777816772,0.8775510191917419,0.7142857313156128,0.8571428656578064,0.8877550959587097,0.8673469424247742,0.7244898080825806,0.9489796161651611,0.8979591727256775,0.6632652878761292,0.9081632494926453,0.6938775777816772,0.7142857313156128,0.704081654548645,1.0,0.8673469424247742,0.8877550959587097,0.9489796161651611,0.704081654548645,0.8061224222183228,0.7653061151504517,0.8775510191917419,1.0,0.7142857313156128,0.8367347121238708,0.8265306353569031,0.8673469424247742,0.7653061151504517,0.7142857313156128,0.6530612111091614,0.8571428656578064,0.9285714030265808,0.8367347121238708,0.7448979616165161,0.7755101919174194,0.6428571343421936,0.7755101919174194,0.9693877696990967,0.8979591727256775,0.09183673560619354,0.0,0.09183673560619354,0.8979591727256775,0.9693877696990967,0.7755101919174194,0.6428571343421936,0.7755101919174194,0.7448979616165161,0.8367347121238708,0.9285714030265808,0.8571428656578064,0.6530612111091614,0.7142857313156128,0.7653061151504517,0.8673469424247742,0.8265306353569031,0.8367347121238708,0.7142857313156128,1.0,0.8775510191917419,0.7653061151504517,0.8061224222183228,0.704081654548645,0.9489796161651611,0.8877550959587097,0.8673469424247742,1.0,0.704081654548645,0.7142857313156128,0.6938775777816772,0.9081632494926453,0.6632652878761292,0.8979591727256775,0.9489796161651611,0.7244898080825806,0.8673469424247742,0.8877550959587097,0.8571428656578064,0.7142857313156128,0.8775510191917419,0.6938775777816772,0.8163265585899353,0.8469387888908386,0.8775510191917419,0.7346938848495483,0.9897959232330322,0.9795918464660645,0.8367347121238708,0.6836734414100647,0.7142857313156128,0.8979591727256775,0.8163265585899353,0.8571428656578064,0.7346938848495483,0.6224489808082581,0.9693877696990967,0.6632652878761292,0.918367326259613,0.8265306353569031,0.7755101919174194,0.8979591727256775,0.7857142686843872,0.8673469424247742,0.8469387888908386,0.795918345451355,0.8469387888908386,0.8163265585899353,0.8775510191917419,0.8673469424247742,0.6836734414100647,0.8877550959587097,0.8061224222183228,0.9285714030265808,0.8265306353569031,0.7244898080825806,0.8469387888908386,0.8571428656578064,0.6734693646430969,0.6836734414100647,0.8265306353569031,0.7551020383834839,0.8571428656578064,0.8367347121238708,0.9591836929321289,0.704081654548645,0.8979591727256775,0.7653061151504517,0.7244898080825806,0.8673469424247742,0.6938775777816772,0.6632652878761292,0.7448979616165161,0.8571428656578064,0.6734693646430969,0.9591836929321289,0.7857142686843872,0.7857142686843872,0.8367347121238708,0.8877550959587097,0.7551020383834839,0.3979591727256775
0.3382352888584137,0.779411792755127,0.6029411554336548,0.6176470518112183,0.6617646813392639,0.75,0.7352941036224365,0.6470588445663452,0.6764705777168274,0.7352941036224365,0.5441176295280457,0.5882353186607361,0.5882353186607361,0.45588234066963196,0.7058823704719543,0.5882353186607361,0.6176470518112183,0.7647058963775635,0.5735294222831726,0.45588234066963196,0.6617646813392639,0.6029411554336548,0.47058823704719543,0.6764705777168274,0.5882353186607361,0.5882353186607361,0.720588207244873,0.6323529481887817,0.6470588445663452,0.6323529481887817,0.6176470518112183,0.5441176295280457,0.6764705777168274,0.4852941036224365,0.7058823704719543,0.6029411554336548,0.47058823704719543,0.6323529481887817,0.6617646813392639,0.8382353186607361,0.5882353186607361,0.75,0.779411792755127,0.6764705777168274,0.8235294222831726,0.6176470518112183,0.6470588445663452,0.6323529481887817,0.7647058963775635,0.5441176295280457,0.6470588445663452,0.7352941036224365,0.6764705777168274,0.6323529481887817,0.6617646813392639,0.3970588147640228,0.5147058963775635,0.6764705777168274,0.6176470518112183,0.5882353186607361,0.6764705777168274,0.5441176295280457,0.6764705777168274,0.6911764740943909,0.5,0.529411792755127,0.7647058963775635,0.5735294222831726,0.5588235259056091,0.7647058963775635,0.8088235259056091,0.5147058963775635,0.6764705777168274,0.5441176295280457,0.6911764740943909,0.7647058963775635,0.8235294222831726,0.720588207244873,0.6764705777168274,0.6617646813392639,0.6176470518112183,0.7352941036224365,0.5882353186607361,0.720588207244873,0.8088235259056091,0.8088235259056091,0.75,0.7352941036224365,0.7352941036224365,0.5588235259056091,0.75,0.6764705777168274,0.6323529481887817,0.8970588445663452,0.6470588445663452,0.7352941036224365,0.8235294222831726,1.0,0.720588207244873,0.0882352963089943,0.0,0.0882352963089943,0.720588207244873,1.0,0.8235294222831726,0.7352941036224365,0.6470588445663452,0.8970588445663452,0.6323529481887817,0.6764705777168274,0.75,0.5588235259056091,0.7352941036224365,0.7352941036224365,0.75,0.8088235259056091,0.8088235259056091,0.720588207244873,0.5882353186607361,0.7352941036224365,0.6176470518112183,0.6617646813392639,0.6764705777168274,0.720588207244873,0.8235294222831726,0.7647058963775635,0.6911764740943909,0.5441176295280457,0.6764705777168274,0.5147058963775635,0.8088235259056091,0.7647058963775635,0.5588235259056091,0.5735294222831726,0.7647058963775635,0.529411792755127,0.5,0.6911764740943909,0.6764705777168274,0.5441176295280457,0.6764705777168274,0.5882353186607361,0.6176470518112183,0.6764705777168274,0.5147058963775635,0.3970588147640228,0.6617646813392639,0.6323529481887817,0.6764705777168274,0.7352941036224365,0.6470588445663452,0.5441176295280457,0.7647058963775635,0.6323529481887817,0.6470588445663452,0.6176470518112183,0.8235294222831726,0.6764705777168274,0.779411792755127,0.75,0.5882353186607361,0.8382353186607361,0.6617646813392639,0.6323529481887817,0.47058823704719543,0.6029411554336548,0.7058823704719543,0.4852941036224365,0.6764705777168274,0.5441176295280457,0.6176470518112183,0.6323529481887817,0.6470588445663452,0.6323529481887817,0.720588207244873,0.5882353186607361,0.5882353186607361,0.6764705777168274,0.47058823704719543,0.6029411554336548,0.6617646813392639,0.45588234066963196,0.5735294222831726,0.7647058963775635,0.6176470518112183,0.5882353186607361,0.7058823704719543,0.45588234066963196,0.5882353186607361,0.5882353186607361,0.5441176295280457,0.7352941036224365,0.6764705777168274,0.6470588445663452,0.7352941036224365,0.75,0.6617646813392639,0.6176470518112183,0.6029411554336548,0.779411792755127,0.3382352888584137
0.34328359365463257,0.6268656849861145,0.8208954930305481,0.8507462739944458,0.7761194109916687,0.5671641826629639,0.746268630027771,0.7313432693481445,0.6567164063453674,0.6716417670249939,0.7761194109916687,0.8059701323509216,0.611940324306488,0.9253731369972229,0.9253731369972229,0.7761194109916687,0.7611940503120422,0.641791045665741,0.89552241563797,0.7611940503120422,0.7910447716712952,0.6716417670249939,0.7611940503120422,0.5970149040222168,0.5522388219833374,0.8507462739944458,0.7014925479888916,0.6865671873092651,0.7910447716712952,0.7164179086685181,0.7611940503120422,0.5970149040222168,0.4776119291782379,0.6268656849861145,0.5970149040222168,0.8805969953536987,0.6716417670249939,0.9552238583564758,0.6268656849861145,0.5671641826629639,0.7164179086685181,0.611940324306488,0.7611940503120422,0.6567164063453674,0.8507462739944458,0.7761194109916687,0.7910447716712952,0.8059701323509216,0.6716417670249939,0.8656716346740723,0.6716417670249939,0.7014925479888916,0.8507462739944458,0.7761194109916687,0.7611940503120422,0.7611940503120422,0.6865671873092651,0.8059701323509216,0.5970149040222168,0.8208954930305481,0.7910447716712952,0.7761194109916687,0.7910447716712952,0.7910447716712952,0.8208954930305481,0.746268630027771,0.746268630027771,0.7164179086685181,0.641791045665741,0.8358209133148193,1.0,0.8507462739944458,0.8059701323509216,0.7910447716712952,0.8358209133148193,0.6716417670249939,0.7611940503120422,0.8059701323509216,0.9104477763175964,0.8059701323509216,0.7313432693481445,0.8208954930305481,0.8805969953536987,0.7761194109916687,0.6567164063453674,0.9701492786407471,0.641791045665741,0.7910447716712952,0.8208954930305481,0.746268630027771,0.8059701323509216,0.9850746393203735,0.8059701323509216,0.9701492786407471,0.7164179086685181,0.8059701323509216,0.746268630027771,0.8656716346740723,0.8358209133148193,0.10447761416435242,0.0,0.10447761416435242,0.8358209133148193,0.8656716346740723,0.746268630027771,0.8059701323509216,0.7164179086685181,0.9701492786407471,0.8059701323509216,0.9850746393203735,0.8059701323509216,0.746268630027771,0.8208954930305481,0.7910447716712952,0.641791045665741,0.9701492786407471,0.6567164063453674,0.7761194109916687,0.8805969953536987,0.8208954930305481,0.7313432693481445,0.8059701323509216,0.9104477763175964,0.8059701323509216,0.7611940503120422,0.6716417670249939,0.8358209133148193,0.7910447716712952,0.8059701323509216,0.8507462739944458,1.0,0.8358209133148193,0.641791045665741,0.7164179086685181,0.746268630027771,0.746268630027771,0.8208954930305481,0.7910447716712952,0.7910447716712952,0.7761194109916687,0.7910447716712952,0.8208954930305481,0.5970149040222168,0.8059701323509216,0.6865671873092651,0.7611940503120422,0.7611940503120422,0.7761194109916687,0.8507462739944458,0.7014925479888916,0.6716417670249939,0.8656716346740723,0.6716417670249939,0.8059701323509216,0.7910447716712952,0.7761194109916687,0.8507462739944458,0.6567164063453674,0.7611940503120422,0.611940324306488,0.7164179086685181,0.5671641826629639,0.6268656849861145,0.9552238583564758,0.6716417670249939,0.8805969953536987,0.5970149040222168,0.6268656849861145,0.4776119291782379,0.5970149040222168,0.7611940503120422,0.7164179086685181,0.7910447716712952,0.6865671873092651,0.7014925479888916,0.8507462739944458,0.5522388219833374,0.5970149040222168,0.7611940503120422,0.6716417670249939,0.7910447716712952,0.7611940503120422,0.89552241563797,0.641791045665741,0.7611940503120422,0.7761194109916687,0.9253731369972229,0.9253731369972229,0.611940324306488,0.8059701323509216,0.7761194109916687,0.6716417670249939,0.6567164063453674,0.7313432693481445,0.746268630027771,0.5671641826629639,0.7761194109916687,0.8507462739944458,0.8208954930305481,0.6268656849861145,0.34328359365463257
0.25581395626068115,0.5465116500854492,0.41860464215278625,0.39534884691238403,0.4883720874786377,0.43023255467414856,0.5116279125213623,0.5581395626068115,0.3720930218696594,0.302325576543808,0.44186046719551086,0.3604651093482971,0.44186046719551086,0.5232558250427246,0.5,0.40697672963142395,0.41860464215278625,0.45348837971687317,0.5465116500854492,0.3488371968269348,0.3720930218696594,0.4651162922382355,0.5,0.3720930218696594,0.5465116500854492,0.41860464215278625,0.43023255467414856,0.39534884691238403,0.5348837375640869,0.4767441749572754,0.604651153087616,0.43023255467414856,0.39534884691238403,0.4767441749572754,0.3488371968269348,0.5232558250427246,0.5116279125213623,0.6162790656089783,0.5232558250427246,0.5581395626068115,0.569767415523529,0.5116279125213623,0.5232558250427246,0.38372093439102173,0.4651162922382355,0.3720930218696594,0.3488371968269348,0.5581395626068115,0.5,0.39534884691238403,0.5813953280448914,0.5465116500854492,0.43023255467414856,0.5465116500854492,0.4767441749572754,0.3604651093482971,0.3488371968269348,0.3604651093482971,0.4883720874786377,0.5581395626068115,0.5,0.4651162922382355,0.4651162922382355,0.44186046719551086,0.5,0.43023255467414856,0.3720930218696594,0.5,0.40697672963142395,0.5348837375640869,0.3604651093482971,0.5581395626068115,0.43023255467414856,0.4883720874786377,0.5232558250427246,0.5,0.569767415523529,0.45348837971687317,0.43023255467414856,0.4767441749572754,0.6511628031730652,0.4767441749572754,0.604651153087616,0.4767441749572754,0.569767415523529,0.5116279125213623,0.569767415523529,0.5465116500854492,0.5581395626068115,0.7441860437393188,0.6744186282157898,0.6162790656089783,0.569767415523529,0.6860465407371521,0.604651153087616,0.6860465407371521,0.9186046719551086,0.8255813717842102,1.0,0.09302325546741486,0.0,0.09302325546741486,1.0,0.8255813717842102,0.9186046719551086,0.6860465407371521,0.604651153087616,0.6860465407371521,0.569767415523529,0.6162790656089783,0.6744186282157898,0.7441860437393188,0.5581395626068115,0.5465116500854492,0.569767415523529,0.5116279125213623,0.569767415523529,0.4767441749572754,0.604651153087616,0.4767441749572754,0.6511628031730652,0.4767441749572754,0.43023255467414856,0.45348837971687317,0.569767415523529,0.5,0.5232558250427246,0.4883720874786377,0.43023255467414856,0.5581395626068115,0.3604651093482971,0.5348837375640869,0.40697672963142395,0.5,0.3720930218696594,0.43023255467414856,0.5,0.44186046719551086,0.4651162922382355,0.4651162922382355,0.5,0.5581395626068115,0.4883720874786377,0.3604651093482971,0.3488371968269348,0.3604651093482971,0.4767441749572754,0.5465116500854492,0.43023255467414856,0.5465116500854492,0.5813953280448914,0.39534884691238403,0.5,0.5581395626068115,0.3488371968269348,0.3720930218696594,0.4651162922382355,0.38372093439102173,0.5232558250427246,0.5116279125213623,0.569767415523529,0.5581395626068115,0.5232558250427246,0.6162790656089783,0.5116279125213623,0.5232558250427246,0.3488371968269348,0.4767441749572754,0.39534884691238403,0.43023255467414856,0.604651153087616,0.4767441749572754,0.5348837375640869,0.39534884691238403,0.43023255467414856,0.41860464215278625,0.5465116500854492,0.3720930218696594,0.5,0.4651162922382355,0.3720930218696594,0.3488371968269348,0.5465116500854492,0.45348837971687317,0.41860464215278625,0.40697672963142395,0.5,0.5232558250427246,0.44186046719551086,0.3604651093482971,0.44186046719551086,0.302325576543808,0.3720930218696594,0.5581395626068115,0.5116279125213623,0.43023255467414856,0.4883720874786377,0.39534884691238403,0.41860464215278625,0.5465116500854492,0.25581395626068115
0.39516130089759827,0.5725806355476379,0.7338709831237793,0.6451612710952759,0.5403226017951965,0.6451612710952759,0.6209677457809448,0.5161290168762207,0.6048387289047241,0.6532257795333862,0.6209677457809448,0.7580645084381104,0.6774193644523621,0.774193525314331,0.6048387289047241,0.7016128897666931,0.6290322542190552,0.5725806355476379,0.5725806355476379,0.6048387289047241,0.5483871102333069,0.7419354915618896,0.5806451439857483,0.5403226017951965,0.6774193644523621,0.6129032373428345,0.6209677457809448,0.5403226017951965,0.6370967626571655,0.6532257795333862,0.6532257795333862,0.6532257795333862,0.5967742204666138,0.6370967626571655,0.6290322542190552,0.6370967626571655,0.5967742204666138,0.725806474685669,0.725806474685669,0.6451612710952759,0.6290322542190552,0.5725806355476379,0.5887096524238586,0.6612903475761414,0.5161290168762207,0.5806451439857483,0.5403226017951965,0.6370967626571655,0.7338709831237793,0.6129032373428345,0.5967742204666138,0.6290322542190552,0.6451612710952759,0.6935483813285828,0.6693548560142517,0.6129032373428345,0.5967742204666138,0.6693548560142517,0.6209677457809448,0.6935483813285828,0.6612903475761414,0.6370967626571655,0.6774193644523621,0.7822580933570862,0.7419354915618896,0.5967742204666138,0.6290322542190552,0.5887096524238586,0.6129032373428345,0.7983871102333069,0.6532257795333862,0.7096773982048035,0.6774193644523621,0.6612903475761414,0.8870967626571655,0.6935483813285828,0.6612903475761414,0.6451612710952759,0.7822580933570862,0.5322580933570862,0.7096773982048035,0.7983871102333069,0.5483871102333069,0.6612903475761414,0.6612903475761414,0.6854838728904724,0.7338709831237793,0.725806474685669,0.7822580933570862,0.8467742204666138,0.6693548560142517,0.6693548560142517,0.7903226017951965,0.7580645084381104,0.8306451439857483,0.725806474685669,0.8951612710952759,1.0,0.9919354915618896,0.14516128599643707,0.0,0.14516128599643707,0.9919354915618896,1.0,0.8951612710952759,0.725806474685669,0.8306451439857483,0.7580645084381104,0.7903226017951965,0.6693548560142517,0.6693548560142517,0.8467742204666138,0.7822580933570862,0.725806474685669,0.7338709831237793,0.6854838728904724,0.6612903475761414,0.6612903475761414,0.5483871102333069,0.7983871102333069,0.7096773982048035,0.5322580933570862,0.7822580933570862,0.6451612710952759,0.6612903475761414,0.6935483813285828,0.8870967626571655,0.6612903475761414,0.6774193644523621,0.7096773982048035,0.6532257795333862,0.7983871102333069,0.6129032373428345,0.5887096524238586,0.6290322542190552,0.5967742204666138,0.7419354915618896,0.7822580933570862,0.6774193644523621,0.6370967626571655,0.6612903475761414,0.6935483813285828,0.6209677457809448,0.6693548560142517,0.5967742204666138,0.6129032373428345,0.6693548560142517,0.6935483813285828,0.6451612710952759,0.6290322542190552,0.5967742204666138,0.6129032373428345,0.7338709831237793,0.6370967626571655,0.5403226017951965,0.5806451439857483,0.5161290168762207,0.6612903475761414,0.5887096524238586,0.5725806355476379,0.6290322542190552,0.6451612710952759,0.725806474685669,0.725806474685669,0.5967742204666138,0.6370967626571655,0.6290322542190552,0.6370967626571655,0.5967742204666138,0.6532257795333862,0.6532257795333862,0.6532257795333862,0.6370967626571655,0.5403226017951965,0.6209677457809448,0.6129032373428345,0.6774193644523621,0.5403226017951965,0.5806451439857483,0.7419354915618896,0.5483871102333069,0.6048387289047241,0.5725806355476379,0.5725806355476379,0.6290322542190552,0.7016128897666931,0.6048387289047241,0.774193525314331,0.6774193644523621,0.7580645084381104,0.6209677457809448,0.6532257795333862,0.6048387289047241,0.5161290168762207,0.6209677457809448,0.6451612710952759,0.5403226017951965,0.6451612710952759,0.7338709831237793,0.5725806355476379,0.39516130089759827
0.10843373835086823,0.29518070816993713,0.22891566157341003,0.27108433842658997,0.16265060007572174,0.29518070816993713,0.22289156913757324,0.20481927692890167,0.1807228922843933,0.27710843086242676,0.2409638613462448,0.2590361535549164,0.1867469847202301,0.27108433842658997,0.21084336936473846,0.1927710771560669,0.2530120611190796,0.17469879984855652,0.23493975400924683,0.1867469847202301,0.3072289228439331,0.19879518449306488,0.2650602459907532,0.20481927692890167,0.2469879537820816,0.2469879537820816,0.21084336936473846,0.2590361535549164,0.28915661573410034,0.1867469847202301,0.22289156913757324,0.1927710771560669,0.16867469251155853,0.2469879537820816,0.23493975400924683,0.1867469847202301,0.2469879537820816,0.20481927692890167,0.28915661573410034,0.27710843086242676,0.2469879537820816,0.20481927692890167,0.27108433842658997,0.2469879537820816,0.27108433842658997,0.16265060007572174,0.19879518449306488,0.2409638613462448,0.19879518449306488,0.2469879537820816,0.16265060007572174,0.20481927692890167,0.27108433842658997,0.21686747670173645,0.21686747670173645,0.23493975400924683,0.2590361535549164,0.2650602459907532,0.27108433842658997,0.3012048304080963,0.33734938502311707,0.2650602459907532,0.19879518449306488,0.22289156913757324,0.3072289228439331,0.27108433842658997,0.2409638613462448,0.22289156913757324,0.28313252329826355,0.28915661573410034,0.3072289228439331,0.27710843086242676,0.39156627655029297,0.2530120611190796,0.3192771077156067,0.3253012001514435,0.2469879537820816,0.27108433842658997,0.3072289228439331,0.21686747670173645,0.3253012001514435,0.34337350726127625,0.3734939694404602,0.27710843086242676,0.3192771077156067,0.3132530152797699,0.5060241222381592,0.4337349534034729,0.4337349534034729,0.4337349534034729,0.4518072307109833,0.46987950801849365,0.6265060305595398,0.6445783376693726,0.6144578456878662,0.6385542154312134,0.6144578456878662,0.4879518151283264,1.0,0.10843373835086823,0.0,0.10843373835086823,1.0,0.4879518151283264,0.6144578456878662,0.6385542154312134,0.6144578456878662,0.6445783376693726,0.6265060305595398,0.46987950801849365,0.4518072307109833,0.4337349534034729,0.4337349534034729,0.4337349534034729,0.5060241222381592,0.3132530152797699,0.3192771077156067,0.27710843086242676,0.3734939694404602,0.34337350726127625,0.3253012001514435,0.21686747670173645,0.3072289228439331,0.27108433842658997,0.2469879537820816,0.3253012001514435,0.3192771077156067,0.2530120611190796,0.39156627655029297,0.27710843086242676,0.3072289228439331,0.28915661573410034,0.28313252329826355,0.22289156913757324,0.2409638613462448,0.27108433842658997,0.3072289228439331,0.22289156913757324,0.19879518449306488,0.2650602459907532,0.33734938502311707,0.3012048304080963,0.27108433842658997,0.2650602459907532,0.2590361535549164,0.23493975400924683,0.21686747670173645,0.21686747670173645,0.27108433842658997,0.20481927692890167,0.16265060007572174,0.2469879537820816,0.19879518449306488,0.2409638613462448,0.19879518449306488,0.16265060007572174,0.27108433842658997,0.2469879537820816,0.27108433842658997,0.20481927692890167,0.2469879537820816,0.27710843086242676,0.28915661573410034,0.20481927692890167,0.2469879537820816,0.1867469847202301,0.23493975400924683,0.2469879537820816,0.16867469251155853,0.1927710771560669,0.22289156913757324,0.1867469847202301,0.28915661573410034,0.2590361535549164,0.21084336936473846,0.2469879537820816,0.2469879537820816,0.20481927692890167,0.2650602459907532,0.19879518449306488,0.3072289228439331,0.1867469847202301,0.23493975400924683,0.17469879984855652,0.2530120611190796,0.1927710771560669,0.21084336936473846,0.27108433842658997,0.1867469847202301,0.2590361535549164,0.2409638613462448,0.27710843086242676,0.1807228922843933,0.20481927692890167,0.22289156913757324,0.29518070816993713,0.16265060007572174,0.27108433842658997,0.22891566157341003,0.29518070816993713,0.10843373835086823
0.11267605423927307,0.1859154999256134,0.16338028013706207,0.1690140813589096,0.1943662017583847,0.21690140664577484,0.20000000298023224,0.20000000298023224,0.23098590970039368,0.18028168380260468,0.1943662017583847,0.20563380420207977,0.17464788258075714,0.23380281031131744,0.16619718074798584,0.2197183072566986,0.1774647831916809,0.18028168380260468,0.14929577708244324,0.14929577708244324,0.20000000298023224,0.24788732826709747,0.19718310236930847,0.20000000298023224,0.21408450603485107,0.14084507524967194,0.22535210847854614,0.19154930114746094,0.14647887647151947,0.18873240053653717,0.18028168380260468,0.22535210847854614,0.22535210847854614,0.2112676054239273,0.2281690090894699,0.19718310236930847,0.22253520786762238,0.21408450603485107,0.2366197109222412,0.1859154999256134,0.25070422887802124,0.19154930114746094,0.17183098196983337,0.2112676054239273,0.20845070481300354,0.1436619758605957,0.19718310236930847,0.23380281031131744,0.19718310236930847,0.19718310236930847,0.22253520786762238,0.2281690090894699,0.20000000298023224,0.23943662643432617,0.2112676054239273,0.2197183072566986,0.2366197109222412,0.2366197109222412,0.23943662643432617,0.23098590970039368,0.23380281031131744,0.2366197109222412,0.2366197109222412,0.2366197109222412,0.2957746386528015,0.23098590970039368,0.2450704276561737,0.26478874683380127,0.23380281031131744,0.2366197109222412,0.2957746386528015,0.26478874683380127,0.2957746386528015,0.3323943614959717,0.2985915541648865,0.2704225480556488,0.28169015049934387,0.3211267590522766,0.3126760423183441,0.3126760423183441,0.41126760840415955,0.3380281627178192,0.3577464818954468,0.3971830904483795,0.39436620473861694,0.4253521263599396,0.4507042169570923,0.4676056206226349,0.4563380181789398,0.4338028132915497,0.5098591446876526,0.4985915422439575,0.580281674861908,0.5690140724182129,0.5690140724182129,0.6507042050361633,0.6760563254356384,0.7521126866340637,1.0,0.13802817463874817,0.0,0.13802817463874817,1.0,0.7521126866340637,0.6760563254356384,0.6507042050361633,0.5690140724182129,0.5690140724182129,0.580281674861908,0.4985915422439575,0.5098591446876526,0.4338028132915497,0.4563380181789398,0.4676056206226349,0.4507042169570923,0.4253521263599396,0.39436620473861694,0.3971830904483795,0.3577464818954468,0.3380281627178192,0.41126760840415955,0.3126760423183441,0.3126760423183441,0.3211267590522766,0.28169015049934387,0.2704225480556488,0.2985915541648865,0.3323943614959717,0.2957746386528015,0.26478874683380127,0.2957746386528015,0.2366197109222412,0.23380281031131744,0.26478874683380127,0.2450704276561737,0.23098590970039368,0.2957746386528015,0.2366197109222412,0.2366197109222412,0.2366197109222412,0.23380281031131744,0.23098590970039368,0.23943662643432617,0.2366197109222412,0.2366197109222412,0.2197183072566986,0.2112676054239273,0.23943662643432617,0.20000000298023224,0.2281690090894699,0.22253520786762238,0.19718310236930847,0.19718310236930847,0.23380281031131744,0.19718310236930847,0.1436619758605957,0.20845070481300354,0.2112676054239273,0.17183098196983337,0.19154930114746094,0.25070422887802124,0.1859154999256134,0.2366197109222412,0.21408450603485107,0.22253520786762238,0.19718310236930847,0.2281690090894699,0.2112676054239273,0.22535210847854614,0.22535210847854614,0.18028168380260468,0.18873240053653717,0.14647887647151947,0.19154930114746094,0.22535210847854614,0.14084507524967194,0.21408450603485107,0.20000000298023224,0.19718310236930847,0.24788732826709747,0.20000000298023224,0.14929577708244324,0.14929577708244324,0.18028168380260468,0.1774647831916809,0.2197183072566986,0.16619718074798584,0.23380281031131744,0.17464788258075714,0.20563380420207977,0.1943662017583847,0.18028168380260468,0.23098590970039368,0.20000000298023224,0.20000000298023224,0.21690140664577484,0.1943662017583847,0.1690140813589096,0.16338028013706207,0.1859154999256134,0.11267605423927307
0.04109589010477066,0.09589041024446487,0.09589041024446487,0.08561643958091736,0.06164383515715599,0.10616438090801239,0.10616438090801239,0.08219178020954132,0.08561643958091736,0.06506849080324173,0.10616438090801239,0.07876712083816528,0.0890410989522934,0.09246575087308884,0.0890410989522934,0.10273972898721695,0.08561643958091736,0.07534246891736984,0.0890410989522934,0.11301369965076447,0.0719178095459938,0.10273972898721695,0.0890410989522934,0.06164383515715599,0.10273972898721695,0.06849315017461777,0.10273972898721695,0.09931506961584091,0.15068493783473969,0.1164383590221405,0.09931506961584091,0.11301369965076447,0.07534246891736984,0.08219178020954132,0.09589041024446487,0.10616438090801239,0.11301369965076447,0.1164383590221405,0.08219178020954132,0.09931506961584091,0.11986301094293594,0.08219178020954132,0.10273972898721695,0.09931506961584091,0.07876712083816528,0.07876712083816528,0.08219178020954132,0.0719178095459938,0.10958904027938843,0.10273972898721695,0.11986301094293594,0.11986301094293594,0.0719178095459938,0.07534246891736984,0.08219178020954132,0.05821917951107025,0.11301369965076447,0.09931506961584091,0.09246575087308884,0.09931506961584091,0.11301369965076447,0.14041095972061157,0.14726027846336365,0.13013698160648346,0.10273972898721695,0.10616438090801239,0.12328767031431198,0.10273972898721695,0.14041095972061157,0.1609589010477066,0.1335616409778595,0.15753424167633057,0.15410958230495453,0.14726027846336365,0.16780821979045868,0.15410958230495453,0.16438356041908264,0.17465753853321075,0.1883561611175537,0.25342464447021484,0.1780821979045868,0.19863013923168182,0.23630136251449585,0.2876712381839752,0.25342464447021484,0.30821916460990906,0.4041095972061157,0.3595890402793884,0.43150684237480164,0.44178083539009094,0.4452054798603058,0.5068492889404297,0.568493127822876,0.6232876777648926,0.5993150472640991,0.568493127822876,0.7294520735740662,0.6917808055877686,1.0,0.14726027846336365,0.0,0.14726027846336365,1.0,0.6917808055877686,0.7294520735740662,0.568493127822876,0.5993150472640991,0.6232876777648926,0.568493127822876,0.5068492889404297,0.4452054798603058,0.44178083539009094,0.43150684237480164,0.3595890402793884,0.4041095972061157,0.30821916460990906,0.25342464447021484,0.2876712381839752,0.23630136251449585,0.19863013923168182,0.1780821979045868,0.25342464447021484,0.1883561611175537,0.17465753853321075,0.16438356041908264,0.15410958230495453,0.16780821979045868,0.14726027846336365,0.15410958230495453,0.15753424167633057,0.1335616409778595,0.1609589010477066,0.14041095972061157,0.10273972898721695,0.12328767031431198,0.10616438090801239,0.10273972898721695,0.13013698160648346,0.14726027846336365,0.14041095972061157,0.11301369965076447,0.09931506961584091,0.09246575087308884,0.09931506961584091,0.11301369965076447,0.05821917951107025,0.08219178020954132,0.07534246891736984,0.0719178095459938,0.11986301094293594,0.11986301094293594,0.10273972898721695,0.10958904027938843,0.0719178095459938,0.08219178020954132,0.07876712083816528,0.07876712083816528,0.09931506961584091,0.10273972898721695,0.08219178020954132,0.11986301094293594,0.09931506961584091,0.08219178020954132,0.1164383590221405,0.11301369965076447,0.10616438090801239,0.09589041024446487,0.08219178020954132,0.07534246891736984,0.11301369965076447,0.09931506961584091,0.1164383590221405,0.15068493783473969,0.09931506961584091,0.10273972898721695,0.06849315017461777,0.10273972898721695,0.06164383515715599,0.0890410989522934,0.10273972898721695,0.0719178095459938,0.11301369965076447,0.0890410989522934,0.07534246891736984,0.08561643958091736,0.10273972898721695,0.0890410989522934,0.09246575087308884,0.0890410989522934,0.07876712083816528,0.10616438090801239,0.06506849080324173,0.08561643958091736,0.08219178020954132,0.10616438090801239,0.10616438090801239,0.06164383515715599,0.08561643958091736,0.09589041024446487,0.09589041024446487,0.04109589010477066
0.2222222238779068,0.3680555522441864,0.3055555522441864,0.3541666567325592,0.3263888955116272,0.4166666567325592,0.3402777910232544,0.3680555522441864,0.4305555522441864,0.2708333432674408,0.3055555522441864,0.4236111044883728,0.2847222089767456,0.3333333432674408,0.2638888955116272,0.3194444477558136,0.3888888955116272,0.3263888955116272,0.4305555522441864,0.3194444477558136,0.3888888955116272,0.3402777910232544,0.4236111044883728,0.3194444477558136,0.3680555522441864,0.3472222089767456,0.3263888955116272,0.3055555522441864,0.3611111044883728,0.3888888955116272,0.3958333432674408,0.3333333432674408,0.3472222089767456,0.3194444477558136,0.3125,0.4583333432674408,0.3958333432674408,0.2986111044883728,0.3611111044883728,0.3611111044883728,0.3333333432674408,0.2847222089767456,0.2708333432674408,0.3819444477558136,0.375,0.3402777910232544,0.3680555522441864,0.5486111044883728,0.3333333432674408,0.4097222089767456,0.3888888955116272,0.3263888955116272,0.4791666567325592,0.4166666567325592,0.4305555522441864,0.3263888955116272,0.3958333432674408,0.3194444477558136,0.3611111044883728,0.3680555522441864,0.3541666567325592,0.3472222089767456,0.4236111044883728,0.3333333432674408,0.3888888955116272,0.3611111044883728,0.4444444477558136,0.2847222089767456,0.4722222089767456,0.4027777910232544,0.4097222089767456,0.3958333432674408,0.3680555522441864,0.5347222089767456,0.3958333432674408,0.5,0.4166666567325592,0.5555555820465088,0.5277777910232544,0.5277777910232544,0.5902777910232544,0.4930555522441864,0.6041666865348816,0.4791666567325592,0.6180555820465088,0.5833333134651184,0.5833333134651184,0.5694444179534912,0.5972222089767456,0.7013888955116272,0.6388888955116272,0.5902777910232544,0.7847222089767456,0.8333333134651184,0.7986111044883728,0.7986111044883728,1.0,0.9652777910232544,0.9513888955116272,0.1319444477558136,0.0,0.1319444477558136,0.9513888955116272,0.9652777910232544,1.0,0.7986111044883728,0.7986111044883728,0.8333333134651184,0.7847222089767456,0.5902777910232544,0.6388888955116272,0.7013888955116272,0.5972222089767456,0.5694444179534912,0.5833333134651184,0.5833333134651184,0.6180555820465088,0.4791666567325592,0.6041666865348816,0.4930555522441864,0.5902777910232544,0.5277777910232544,0.5277777910232544,0.5555555820465088,0.4166666567325592,0.5,0.3958333432674408,0.5347222089767456,0.3680555522441864,0.3958333432674408,0.4097222089767456,0.4027777910232544,0.4722222089767456,0.2847222089767456,0.4444444477558136,0.3611111044883728,0.3888888955116272,0.3333333432674408,0.4236111044883728,0.3472222089767456,0.3541666567325592,0.3680555522441864,0.3611111044883728,0.3194444477558136,0.3958333432674408,0.3263888955116272,0.4305555522441864,0.4166666567325592,0.4791666567325592,0.3263888955116272,0.3888888955116272,0.4097222089767456,0.3333333432674408,0.5486111044883728,0.3680555522441864,0.3402777910232544,0.375,0.3819444477558136,0.2708333432674408,0.2847222089767456,0.3333333432674408,0.3611111044883728,0.3611111044883728,0.2986111044883728,0.3958333432674408,0.4583333432674408,0.3125,0.3194444477558136,0.3472222089767456,0.3333333432674408,0.3958333432674408,0.3888888955116272,0.3611111044883728,0.3055555522441864,0.3263888955116272,0.3472222089767456,0.3680555522441864,0.3194444477558136,0.4236111044883728,0.3402777910232544,0.3888888955116272,0.3194444477558136,0.4305555522441864,0.3263888955116272,0.3888888955116272,0.3194444477558136,0.2638888955116272,0.3333333432674408,0.2847222089767456,0.4236111044883728,0.3055555522441864,0.2708333432674408,0.4305555522441864,0.3680555522441864,0.3402777910232544,0.4166666567325592,0.3263888955116272,0.3541666567325592,0.3055555522441864,0.3680555522441864,0.2222222238779068
0.16981132328510284,0.37106919288635254,0.42138364911079407,0.5157232880592346,0.42138364911079407,0.4654088020324707,0.43396225571632385,0.3962264060974121,0.4150943458080292,0.3899371027946472,0.402515709400177,0.402515709400177,0.48427674174308777,0.446540892124176,0.3962264060974121,0.446540892124176,0.42767295241355896,0.31446540355682373,0.48427674174308777,0.42138364911079407,0.48427674174308777,0.3270440399646759,0.43396225571632385,0.3899371027946472,0.48427674174308777,0.43396225571632385,0.37106919288635254,0.3899371027946472,0.4088050425052643,0.3459119498729706,0.4088050425052643,0.42767295241355896,0.4088050425052643,0.402515709400177,0.3207547068595886,0.49685534834861755,0.35849055647850037,0.446540892124176,0.29559749364852905,0.43396225571632385,0.4150943458080292,0.4528301954269409,0.446540892124176,0.4654088020324707,0.5723270177841187,0.4088050425052643,0.49685534834861755,0.42138364911079407,0.4528301954269409,0.5094339847564697,0.402515709400177,0.3396226465702057,0.48427674174308777,0.4779874086380005,0.42767295241355896,0.43396225571632385,0.446540892124176,0.44025155901908875,0.3333333432674408,0.4716981053352356,0.4716981053352356,0.5660377144813538,0.3836477994918823,0.5094339847564697,0.4150943458080292,0.42138364911079407,0.3962264060974121,0.5220125913619995,0.49056604504585266,0.3207547068595886,0.4528301954269409,0.5094339847564697,0.4528301954269409,0.5597484111785889,0.553459107875824,0.5345911979675293,0.42138364911079407,0.5345911979675293,0.5157232880592346,0.4716981053352356,0.5283018946647644,0.6163522005081177,0.4528301954269409,0.6603773832321167,0.5660377144813538,0.597484290599823,0.5660377144813538,0.7735849022865295,0.704402506351471,0.6792452931404114,0.7358490824699402,0.5786163806915283,0.6477987170219421,0.7987421154975891,0.6352201104164124,0.6037735939025879,0.8616352081298828,0.8113207817077637,1.0,0.09433962404727936,0.0,0.09433962404727936,1.0,0.8113207817077637,0.8616352081298828,0.6037735939025879,0.6352201104164124,0.7987421154975891,0.6477987170219421,0.5786163806915283,0.7358490824699402,0.6792452931404114,0.704402506351471,0.7735849022865295,0.5660377144813538,0.597484290599823,0.5660377144813538,0.6603773832321167,0.4528301954269409,0.6163522005081177,0.5283018946647644,0.4716981053352356,0.5157232880592346,0.5345911979675293,0.42138364911079407,0.5345911979675293,0.553459107875824,0.5597484111785889,0.4528301954269409,0.5094339847564697,0.4528301954269409,0.3207547068595886,0.49056604504585266,0.5220125913619995,0.3962264060974121,0.42138364911079407,0.4150943458080292,0.5094339847564697,0.3836477994918823,0.5660377144813538,0.4716981053352356,0.4716981053352356,0.3333333432674408,0.44025155901908875,0.446540892124176,0.43396225571632385,0.42767295241355896,0.4779874086380005,0.48427674174308777,0.3396226465702057,0.402515709400177,0.5094339847564697,0.4528301954269409,0.42138364911079407,0.49685534834861755,0.4088050425052643,0.5723270177841187,0.4654088020324707,0.446540892124176,0.4528301954269409,0.4150943458080292,0.43396225571632385,0.29559749364852905,0.446540892124176,0.35849055647850037,0.49685534834861755,0.3207547068595886,0.402515709400177,0.4088050425052643,0.42767295241355896,0.4088050425052643,0.3459119498729706,0.4088050425052643,0.3899371027946472,0.37106919288635254,0.43396225571632385,0.48427674174308777,0.3899371027946472,0.43396225571632385,0.3270440399646759,0.48427674174308777,0.42138364911079407,0.48427674174308777,0.31446540355682373,0.42767295241355896,0.446540892124176,0.3962264060974121,0.446540892124176,0.48427674174308777,0.402515709400177,0.402515709400177,0.3899371027946472,0.4150943458080292,0.3962264060974121,0.43396225571632385,0.4654088020324707,0.42138364911079407,0.5157232880592346,0.42138364911079407,0.37106919288635254,0.16981132328510284
0.20895522832870483,0.5074626803398132,0.641791045665741,0.5820895433425903,0.746268630027771,0.5970149040222168,0.641791045665741,0.611940324306488,0.5373134613037109,0.641791045665741,0.746268630027771,0.746268630027771,0.8208954930305481,0.7014925479888916,0.746268630027771,0.8208954930305481,0.9552238583564758,0.611940324306488,0.6567164063453674,0.5820895433425903,0.7014925479888916,0.746268630027771,0.8059701323509216,0.6716417670249939,0.7313432693481445,0.5373134613037109,0.5074626803398132,0.6268656849861145,0.746268630027771,0.5671641826629639,0.7313432693481445,0.6268656849861145,0.6567164063453674,0.5820895433425903,0.6268656849861145,0.8358209133148193,0.49253731966018677,0.641791045665741,0.6716417670249939,0.7014925479888916,0.746268630027771,0.746268630027771,0.5671641826629639,0.6268656849861145,0.6567164063453674,0.5820895433425903,0.7014925479888916,0.7761194109916687,0.611940324306488,0.7014925479888916,0.5373134613037109,0.641791045665741,0.5671641826629639,0.641791045665741,0.6716417670249939,0.7313432693481445,0.8507462739944458,0.641791045665741,0.611940324306488,0.5970149040222168,0.4029850661754608,0.6716417670249939,0.5970149040222168,0.641791045665741,0.6567164063453674,0.5671641826629639,0.7014925479888916,0.5970149040222168,0.5820895433425903,0.7611940503120422,0.5671641826629639,0.8208954930305481,0.6716417670249939,0.8507462739944458,0.5820895433425903,0.6567164063453674,0.8656716346740723,0.7164179086685181,0.7014925479888916,0.8059701323509216,0.746268630027771,0.6865671873092651,1.0,0.611940324306488,0.8507462739944458,0.6716417670249939,0.8507462739944458,0.7761194109916687,0.611940324306488,0.746268630027771,0.9402984976768494,0.8358209133148193,0.7611940503120422,0.7611940503120422,0.7014925479888916,0.7910447716712952,0.6567164063453674,0.746268630027771,0.7014925479888916,0.10447761416435242,0.0,0.10447761416435242,0.7014925479888916,0.746268630027771,0.6567164063453674,0.7910447716712952,0.7014925479888916,0.7611940503120422,0.7611940503120422,0.8358209133148193,0.9402984976768494,0.746268630027771,0.611940324306488,0.7761194109916687,0.8507462739944458,0.6716417670249939,0.8507462739944458,0.611940324306488,1.0,0.6865671873092651,0.746268630027771,0.8059701323509216,0.7014925479888916,0.7164179086685181,0.8656716346740723,0.6567164063453674,0.5820895433425903,0.8507462739944458,0.6716417670249939,0.8208954930305481,0.5671641826629639,0.7611940503120422,0.5820895433425903,0.5970149040222168,0.7014925479888916,0.5671641826629639,0.6567164063453674,0.641791045665741,0.5970149040222168,0.6716417670249939,0.4029850661754608,0.5970149040222168,0.611940324306488,0.641791045665741,0.8507462739944458,0.7313432693481445,0.6716417670249939,0.641791045665741,0.5671641826629639,0.641791045665741,0.5373134613037109,0.7014925479888916,0.611940324306488,0.7761194109916687,0.7014925479888916,0.5820895433425903,0.6567164063453674,0.6268656849861145,0.5671641826629639,0.746268630027771,0.746268630027771,0.7014925479888916,0.6716417670249939,0.641791045665741,0.49253731966018677,0.8358209133148193,0.6268656849861145,0.5820895433425903,0.6567164063453674,0.6268656849861145,0.7313432693481445,0.5671641826629639,0.746268630027771,0.6268656849861145,0.5074626803398132,0.5373134613037109,0.7313432693481445,0.6716417670249939,0.8059701323509216,0.746268630027771,0.7014925479888916,0.5820895433425903,0.6567164063453674,0.611940324306488,0.9552238583564758,0.8208954930305481,0.746268630027771,0.7014925479888916,0.8208954930305481,0.746268630027771,0.746268630027771,0.641791045665741,0.5373134613037109,0.611940324306488,0.641791045665741,0.5970149040222168,0.746268630027771,0.5820895433425903,0.641791045665741,0.5074626803398132,0.20895522832870483
0.06962025165557861,0.2151898741722107,0.19620253145694733,0.18987341225147247,0.20253165066242218,0.2405063360929489,0.22151899337768555,0.19620253145694733,0.2405063360929489,0.2151898741722107,0.20253165066242218,0.17721518874168396,0.13924050331115723,0.19620253145694733,0.20253165066242218,0.13291139900684357,0.13924050331115723,0.1708860695362091,0.19620253145694733,0.18987341225147247,0.1582278460264206,0.1708860695362091,0.14556962251663208,0.1708860695362091,0.18987341225147247,0.20253165066242218,0.17721518874168396,0.15189872682094574,0.20886075496673584,0.2151898741722107,0.19620253145694733,0.20886075496673584,0.18987341225147247,0.1835443079471588,0.18987341225147247,0.17721518874168396,0.20253165066242218,0.20886075496673584,0.20886075496673584,0.24683544039726257,0.20886075496673584,0.2151898741722107,0.24683544039726257,0.23417721688747406,0.2151898741722107,0.20253165066242218,0.2594936788082123,0.2405063360929489,0.22151899337768555,0.17721518874168396,0.1265822798013687,0.2151898741722107,0.2151898741722107,0.18987341225147247,0.18987341225147247,0.2531645596027374,0.20253165066242218,0.17721518874168396,0.20253165066242218,0.2848101258277893,0.27848100662231445,0.27848100662231445,0.20886075496673584,0.2151898741722107,0.23417721688747406,0.20886075496673584,0.29113924503326416,0.2848101258277893,0.20886075496673584,0.20253165066242218,0.297468364238739,0.23417721688747406,0.26582279801368713,0.23417721688747406,0.19620253145694733,0.29113924503326416,0.33544304966926575,0.3037974536418915,0.29113924503326416,0.3417721390724182,0.3607594966888428,0.32278481125831604,0.4177215099334717,0.44936707615852356,0.3607594966888428,0.5253164768218994,0.4177215099334717,0.4683544337749481,0.49367088079452515,0.5443037748336792,0.5569620132446289,0.6012658476829529,0.6329113841056824,0.7088607549667358,0.6455696225166321,0.8037974834442139,0.8417721390724182,0.6329113841056824,1.0,0.13924050331115723,0.0,0.13924050331115723,1.0,0.6329113841056824,0.8417721390724182,0.8037974834442139,0.6455696225166321,0.7088607549667358,0.6329113841056824,0.6012658476829529,0.5569620132446289,0.5443037748336792,0.49367088079452515,0.4683544337749481,0.4177215099334717,0.5253164768218994,0.3607594966888428,0.44936707615852356,0.4177215099334717,0.32278481125831604,0.3607594966888428,0.3417721390724182,0.29113924503326416,0.3037974536418915,0.33544304966926575,0.29113924503326416,0.19620253145694733,0.23417721688747406,0.26582279801368713,0.23417721688747406,0.297468364238739,0.20253165066242218,0.20886075496673584,0.2848101258277893,0.29113924503326416,0.20886075496673584,0.23417721688747406,0.2151898741722107,0.20886075496673584,0.27848100662231445,0.27848100662231445,0.2848101258277893,0.20253165066242218,0.17721518874168396,0.20253165066242218,0.2531645596027374,0.18987341225147247,0.18987341225147247,0.2151898741722107,0.2151898741722107,0.1265822798013687,0.17721518874168396,0.22151899337768555,0.2405063360929489,0.2594936788082123,0.20253165066242218,0.2151898741722107,0.23417721688747406,0.24683544039726257,0.2151898741722107,0.20886075496673584,0.24683544039726257,0.20886075496673584,0.20886075496673584,0.20253165066242218,0.17721518874168396,0.18987341225147247,0.1835443079471588,0.18987341225147247,0.20886075496673584,0.19620253145694733,0.2151898741722107,0.20886075496673584,0.15189872682094574,0.17721518874168396,0.20253165066242218,0.18987341225147247,0.1708860695362091,0.14556962251663208,0.1708860695362091,0.1582278460264206,0.18987341225147247,0.19620253145694733,0.1708860695362091,0.13924050331115723,0.13291139900684357,0.20253165066242218,0.19620253145694733,0.13924050331115723,0.17721518874168396,0.20253165066242218,0.2151898741722107,0.2405063360929489,0.19620253145694733,0.22151899337768555,0.2405063360929489,0.20253165066242218,0.18987341225147247,0.19620253145694733,0.2151898741722107,0.06962025165557861
0.01855670101940632,0.05773195996880531,0.05979381501674652,0.07628866285085678,0.04536082595586777,0.0536082461476326,0.05154639109969139,0.04536082595586777,0.04536082595586777,0.05979381501674652,0.0804123729467392,0.047422681003808975,0.05154639109969139,0.06391752511262894,0.05154639109969139,0.05773195996880531,0.06597938388586044,0.03505154699087143,0.09072165191173553,0.06597938388586044,0.055670104920864105,0.06597938388586044,0.05979381501674652,0.055670104920864105,0.06391752511262894,0.07216494530439377,0.05154639109969139,0.047422681003808975,0.07628866285085678,0.05773195996880531,0.04536082595586777,0.05154639109969139,0.0536082461476326,0.06597938388586044,0.0536082461476326,0.08453608304262161,0.06804123520851135,0.04948453605175018,0.07422680407762527,0.05773195996880531,0.047422681003808975,0.06391752511262894,0.05979381501674652,0.07835051417350769,0.039175257086753845,0.04329897090792656,0.05154639109969139,0.04948453605175018,0.06391752511262894,0.06391752511262894,0.04536082595586777,0.04536082595586777,0.047422681003808975,0.0536082461476326,0.07010309398174286,0.0536082461476326,0.047422681003808975,0.05154639109969139,0.05979381501674652,0.06391752511262894,0.0536082461476326,0.07216494530439377,0.0824742242693901,0.06391752511262894,0.06597938388586044,0.05979381501674652,0.07422680407762527,0.04948453605175018,0.08453608304262161,0.06391752511262894,0.09278350323438644,0.07628866285085678,0.07010309398174286,0.05773195996880531,0.07422680407762527,0.10515464097261429,0.10309278219938278,0.10103093087673187,0.12577319145202637,0.11546391993761063,0.10103093087673187,0.14639174938201904,0.12577319145202637,0.1381443291902542,0.1896907240152359,0.1381443291902542,0.22680412232875824,0.21237114071846008,0.2886597812175751,0.2701030969619751,0.31546393036842346,0.3443298935890198,0.44948452711105347,0.5257731676101685,0.4350515604019165,0.4020618498325348,1.0,0.7628865838050842,0.5154638886451721,0.09484536200761795,0.0,0.09484536200761795,0.5154638886451721,0.7628865838050842,1.0,0.4020618498325348,0.4350515604019165,0.5257731676101685,0.44948452711105347,0.3443298935890198,0.31546393036842346,0.2701030969619751,0.2886597812175751,0.21237114071846008,0.22680412232875824,0.1381443291902542,0.1896907240152359,0.1381443291902542,0.12577319145202637,0.14639174938201904,0.10103093087673187,0.11546391993761063,0.12577319145202637,0.10103093087673187,0.10309278219938278,0.10515464097261429,0.07422680407762527,0.05773195996880531,0.07010309398174286,0.07628866285085678,0.09278350323438644,0.06391752511262894,0.08453608304262161,0.04948453605175018,0.07422680407762527,0.05979381501674652,0.06597938388586044,0.06391752511262894,0.0824742242693901,0.07216494530439377,0.0536082461476326,0.06391752511262894,0.05979381501674652,0.05154639109969139,0.047422681003808975,0.0536082461476326,0.07010309398174286,0.0536082461476326,0.047422681003808975,0.04536082595586777,0.04536082595586777,0.06391752511262894,0.06391752511262894,0.04948453605175018,0.05154639109969139,0.04329897090792656,0.039175257086753845,0.07835051417350769,0.05979381501674652,0.06391752511262894,0.047422681003808975,0.05773195996880531,0.07422680407762527,0.04948453605175018,0.06804123520851135,0.08453608304262161,0.0536082461476326,0.06597938388586044,0.0536082461476326,0.05154639109969139,0.04536082595586777,0.05773195996880531,0.07628866285085678,0.047422681003808975,0.05154639109969139,0.07216494530439377,0.06391752511262894,0.055670104920864105,0.05979381501674652,0.06597938388586044,0.055670104920864105,0.06597938388586044,0.09072165191173553,0.03505154699087143,0.06597938388586044,0.05773195996880531,0.05154639109969139,0.06391752511262894,0.05154639109969139,0.047422681003808975,0.0804123729467392,0.05979381501674652,0.04536082595586777,0.04536082595586777,0.05154639109969139,0.0536082461476326,0.04536082595586777,0.07628866285085678,0.05979381501674652,0.05773195996880531,0.01855670101940632
0.042038217186927795,0.09299363195896149,0.09554140269756317,0.0993630588054657,0.10063694417476654,0.0815286636352539,0.08662420511245728,0.07770700752735138,0.08535031974315643,0.09681528806686401,0.09171974658966064,0.08025477826595306,0.09554140269756317,0.0815286636352539,0.09554140269756317,0.08662420511245728,0.08535031974315643,0.10191082954406738,0.09171974658966064,0.08917197585105896,0.0815286636352539,0.08789809048175812,0.08789809048175812,0.07133758068084717,0.09681528806686401,0.08662420511245728,0.08280254900455475,0.09681528806686401,0.10318471491336823,0.07770700752735138,0.09171974658966064,0.11210191249847412,0.10573248565196991,0.10573248565196991,0.10445860028266907,0.10955414175987244,0.0904458612203598,0.11592356860637665,0.09681528806686401,0.13757961988449097,0.0993630588054657,0.10573248565196991,0.10955414175987244,0.11847133934497833,0.1082802563905716,0.10955414175987244,0.0993630588054657,0.0904458612203598,0.0904458612203598,0.10318471491336823,0.10063694417476654,0.10191082954406738,0.10063694417476654,0.09681528806686401,0.09171974658966064,0.12484076619148254,0.10445860028266907,0.10955414175987244,0.09554140269756317,0.10573248565196991,0.1082802563905716,0.12229299545288086,0.11592356860637665,0.1261146515607834,0.1324840784072876,0.1324840784072876,0.13757961988449097,0.1235668808221817,0.1261146515607834,0.13630573451519012,0.15414012968540192,0.14649681746959686,0.15159235894680023,0.1503184735774994,0.15286624431610107,0.17070063948631287,0.17579618096351624,0.18216560781002045,0.19363057613372803,0.2229299396276474,0.20891720056533813,0.2624203860759735,0.2611464858055115,0.24458599090576172,0.3197452127933502,0.2942675054073334,0.36560508608818054,0.3617834448814392,0.41656050086021423,0.40254777669906616,0.4242038130760193,0.4878980815410614,0.5834394693374634,0.6407643556594849,0.6101911067962646,0.6445859670639038,0.7541401386260986,0.7222930192947388,1.0,0.13757961988449097,0.0,0.13757961988449097,1.0,0.7222930192947388,0.7541401386260986,0.6445859670639038,0.6101911067962646,0.6407643556594849,0.5834394693374634,0.4878980815410614,0.4242038130760193,0.40254777669906616,0.41656050086021423,0.3617834448814392,0.36560508608818054,0.2942675054073334,0.3197452127933502,0.24458599090576172,0.2611464858055115,0.2624203860759735,0.20891720056533813,0.2229299396276474,0.19363057613372803,0.18216560781002045,0.17579618096351624,0.17070063948631287,0.15286624431610107,0.1503184735774994,0.15159235894680023,0.14649681746959686,0.15414012968540192,0.13630573451519012,0.1261146515607834,0.1235668808221817,0.13757961988449097,0.1324840784072876,0.1324840784072876,0.1261146515607834,0.11592356860637665,0.12229299545288086,0.1082802563905716,0.10573248565196991,0.09554140269756317,0.10955414175987244,0.10445860028266907,0.12484076619148254,0.09171974658966064,0.09681528806686401,0.10063694417476654,0.10191082954406738,0.10063694417476654,0.10318471491336823,0.0904458612203598,0.0904458612203598,0.0993630588054657,0.10955414175987244,0.1082802563905716,0.11847133934497833,0.10955414175987244,0.10573248565196991,0.0993630588054657,0.13757961988449097,0.09681528806686401,0.11592356860637665,0.0904458612203598,0.10955414175987244,0.10445860028266907,0.10573248565196991,0.10573248565196991,0.11210191249847412,0.09171974658966064,0.07770700752735138,0.10318471491336823,0.09681528806686401,0.08280254900455475,0.08662420511245728,0.09681528806686401,0.07133758068084717,0.08789809048175812,0.08789809048175812,0.0815286636352539,0.08917197585105896,0.09171974658966064,0.10191082954406738,0.08535031974315643,0.08662420511245728,0.09554140269756317,0.0815286636352539,0.09554140269756317,0.08025477826595306,0.09171974658966064,0.09681528806686401,0.08535031974315643,0.07770700752735138,0.08662420511245728,0.0815286636352539,0.10063694417476654,0.0993630588054657,0.09554140269756317,0.09299363195896149,0.042038217186927795
0.19916142523288727,0.44234800338745117,0.3689727485179901,0.39832285046577454,0.3962264060974121,0.4109014570713043,0.3836477994918823,0.3899371027946472,0.3815513551235199,0.42138364911079407,0.3878406584262848,0.3878406584262848,0.40670859813690186,0.3668763041496277,0.40670859813690186,0.3605870008468628,0.4171907901763916,0.4297693967819214,0.40461215376853943,0.3207547068595886,0.402515709400177,0.4109014570713043,0.4591194987297058,0.37945494055747986,0.375262051820755,0.39203354716300964,0.3899371027946472,0.39203354716300964,0.4171907901763916,0.3899371027946472,0.36477985978126526,0.44234800338745117,0.4444444477558136,0.32285115122795105,0.3459119498729706,0.4297693967819214,0.35010480880737305,0.44025155901908875,0.4109014570713043,0.36477985978126526,0.41928720474243164,0.3836477994918823,0.44025155901908875,0.4234800934791565,0.4150943458080292,0.3689727485179901,0.3626834452152252,0.4381551444530487,0.375262051820755,0.4444444477558136,0.4234800934791565,0.3249475955963135,0.4150943458080292,0.375262051820755,0.4234800934791565,0.3626834452152252,0.3878406584262848,0.4591194987297058,0.37106919288635254,0.42767295241355896,0.41928720474243164,0.44025155901908875,0.4234800934791565,0.4360587000846863,0.4088050425052643,0.34381550550460815,0.4318658411502838,0.4297693967819214,0.42557650804519653,0.4444444477558136,0.4444444477558136,0.4800838530063629,0.49056604504585266,0.553459107875824,0.4800838530063629,0.48846960067749023,0.49895179271698,0.5262054800987244,0.5471698045730591,0.48846960067749023,0.5387840867042542,0.6058700084686279,0.5597484111785889,0.5492662191390991,0.5849056839942932,0.5660377144813538,0.6352201104164124,0.6310272812843323,0.6792452931404114,0.6687631011009216,0.7211740016937256,0.7358490824699402,0.7337526082992554,0.7106918096542358,0.7756813168525696,0.7903563976287842,0.9601677060127258,1.0,0.8637316823005676,0.14884695410728455,0.0,0.14884695410728455,0.8637316823005676,1.0,0.9601677060127258,0.7903563976287842,0.7756813168525696,0.7106918096542358,0.7337526082992554,0.7358490824699402,0.7211740016937256,0.6687631011009216,0.6792452931404114,0.6310272812843323,0.6352201104164124,0.5660377144813538,0.5849056839942932,0.5492662191390991,0.5597484111785889,0.6058700084686279,0.5387840867042542,0.48846960067749023,0.5471698045730591,0.5262054800987244,0.49895179271698,0.48846960067749023,0.4800838530063629,0.553459107875824,0.49056604504585266,0.4800838530063629,0.4444444477558136,0.4444444477558136,0.42557650804519653,0.4297693967819214,0.4318658411502838,0.34381550550460815,0.4088050425052643,0.4360587000846863,0.4234800934791565,0.44025155901908875,0.41928720474243164,0.42767295241355896,0.37106919288635254,0.4591194987297058,0.3878406584262848,0.3626834452152252,0.4234800934791565,0.375262051820755,0.4150943458080292,0.3249475955963135,0.4234800934791565,0.4444444477558136,0.375262051820755,0.4381551444530487,0.3626834452152252,0.3689727485179901,0.4150943458080292,0.4234800934791565,0.44025155901908875,0.3836477994918823,0.41928720474243164,0.36477985978126526,0.4109014570713043,0.44025155901908875,0.35010480880737305,0.4297693967819214,0.3459119498729706,0.32285115122795105,0.4444444477558136,0.44234800338745117,0.36477985978126526,0.3899371027946472,0.4171907901763916,0.39203354716300964,0.3899371027946472,0.39203354716300964,0.375262051820755,0.37945494055747986,0.4591194987297058,0.4109014570713043,0.402515709400177,0.3207547068595886,0.40461215376853943,0.4297693967819214,0.4171907901763916,0.3605870008468628,0.40670859813690186,0.3668763041496277,0.40670859813690186,0.3878406584262848,0.3878406584262848,0.42138364911079407,0.3815513551235199,0.3899371027946472,0.3836477994918823,0.4109014570713043,0.3962264060974121,0.39832285046577454,0.3689727485179901,0.44234800338745117,0.19916142523288727
0.06355932354927063,0.1419491469860077,0.12076271325349808,0.12288135290145874,0.12288135290145874,0.12076271325349808,0.17796610295772552,0.1525423675775528,0.1419491469860077,0.1525423675775528,0.11228813230991364,0.1355932205915451,0.12288135290145874,0.12711864709854126,0.13771186769008636,0.13135592639446259,0.12923729419708252,0.10805084556341171,0.13983051478862762,0.10593220591545105,0.17584745585918427,0.125,0.13347457349300385,0.14830508828163147,0.15677966177463531,0.14406779408454895,0.1355932205915451,0.13135592639446259,0.15677966177463531,0.15466101467609406,0.1631355881690979,0.1419491469860077,0.1461864411830902,0.14830508828163147,0.12076271325349808,0.15466101467609406,0.12288135290145874,0.15042373538017273,0.11652542650699615,0.13771186769008636,0.15466101467609406,0.15889830887317657,0.11864406615495682,0.13347457349300385,0.13135592639446259,0.10805084556341171,0.1355932205915451,0.12711864709854126,0.11864406615495682,0.11864406615495682,0.12288135290145874,0.09957627207040787,0.13983051478862762,0.16737288236618042,0.12288135290145874,0.13135592639446259,0.12923729419708252,0.1355932205915451,0.1461864411830902,0.14406779408454895,0.1906779706478119,0.17161017656326294,0.15889830887317657,0.15042373538017273,0.15677966177463531,0.15042373538017273,0.17584745585918427,0.14830508828163147,0.125,0.201271191239357,0.1843220293521881,0.18220339715480804,0.18855932354927063,0.17796610295772552,0.19279660284519196,0.19703389704227448,0.2563559412956238,0.19279660284519196,0.24364407360553741,0.25211864709854126,0.24576270580291748,0.2669491469860077,0.25211864709854126,0.27542373538017273,0.3093220293521881,0.3156779706478119,0.42161017656326294,0.3961864411830902,0.48516950011253357,0.4194915294647217,0.4300847351551056,0.4618644118309021,0.5656779408454895,0.5847457647323608,0.6567796468734741,0.5953390002250671,0.8961864113807678,0.7627118825912476,1.0,0.13347457349300385,0.0,0.13347457349300385,1.0,0.7627118825912476,0.8961864113807678,0.5953390002250671,0.6567796468734741,0.5847457647323608,0.5656779408454895,0.4618644118309021,0.4300847351551056,0.4194915294647217,0.48516950011253357,0.3961864411830902,0.42161017656326294,0.3156779706478119,0.3093220293521881,0.27542373538017273,0.25211864709854126,0.2669491469860077,0.24576270580291748,0.25211864709854126,0.24364407360553741,0.19279660284519196,0.2563559412956238,0.19703389704227448,0.19279660284519196,0.17796610295772552,0.18855932354927063,0.18220339715480804,0.1843220293521881,0.201271191239357,0.125,0.14830508828163147,0.17584745585918427,0.15042373538017273,0.15677966177463531,0.15042373538017273,0.15889830887317657,0.17161017656326294,0.1906779706478119,0.14406779408454895,0.1461864411830902,0.1355932205915451,0.12923729419708252,0.13135592639446259,0.12288135290145874,0.16737288236618042,0.13983051478862762,0.09957627207040787,0.12288135290145874,0.11864406615495682,0.11864406615495682,0.12711864709854126,0.1355932205915451,0.10805084556341171,0.13135592639446259,0.13347457349300385,0.11864406615495682,0.15889830887317657,0.15466101467609406,0.13771186769008636,0.11652542650699615,0.15042373538017273,0.12288135290145874,0.15466101467609406,0.12076271325349808,0.14830508828163147,0.1461864411830902,0.1419491469860077,0.1631355881690979,0.15466101467609406,0.15677966177463531,0.13135592639446259,0.1355932205915451,0.14406779408454895,0.15677966177463531,0.14830508828163147,0.13347457349300385,0.125,0.17584745585918427,0.10593220591545105,0.13983051478862762,0.10805084556341171,0.12923729419708252,0.13135592639446259,0.13771186769008636,0.12711864709854126,0.12288135290145874,0.1355932205915451,0.11228813230991364,0.1525423675775528,0.1419491469860077,0.1525423675775528,0.17796610295772552,0.12076271325349808,0.12288135290145874,0.12288135290145874,0.12076271325349808,0.1419491469860077,0.06355932354927063
0.3478260934352875,0.6387959718704224,0.52173912525177,0.5050167441368103,0.5953177213668823,0.6655518412590027,0.692307710647583,0.5785953402519226,0.6555184125900269,0.6220735907554626,0.6254180669784546,0.6856187582015991,0.568561851978302,0.6789297461509705,0.6020066738128662,0.5518394708633423,0.5618728995323181,0.5418060421943665,0.6287625432014465,0.5752508640289307,0.5886287689208984,0.571906328201294,0.6220735907554626,0.5886287689208984,0.6254180669784546,0.6454849243164062,0.6387959718704224,0.5852842926979065,0.692307710647583,0.5953177213668823,0.6588628888130188,0.6086956262588501,0.5819398164749146,0.6153846383094788,0.5886287689208984,0.5886287689208984,0.7023411393165588,0.6688963174819946,0.692307710647583,0.6020066738128662,0.6822742223739624,0.5953177213668823,0.6020066738128662,0.5652173757553101,0.6688963174819946,0.6387959718704224,0.7023411393165588,0.5451505184173584,0.6020066738128662,0.6789297461509705,0.5585284233093262,0.5351170301437378,0.6254180669784546,0.6555184125900269,0.5652173757553101,0.6287625432014465,0.5585284233093262,0.648829460144043,0.6086956262588501,0.6354514956474304,0.6688963174819946,0.6622073650360107,0.5585284233093262,0.5284280776977539,0.6421404480934143,0.6555184125900269,0.6454849243164062,0.6321070194244385,0.5284280776977539,0.5919732451438904,0.6387959718704224,0.6856187582015991,0.6053511500358582,0.7224080562591553,0.6120401620864868,0.6722407937049866,0.7157190442085266,0.6856187582015991,0.7558528184890747,0.648829460144043,0.6521739363670349,0.7224080562591553,0.785953164100647,0.7759197354316711,0.7224080562591553,0.8093645572662354,0.8260869383811951,0.6588628888130188,0.8260869383811951,0.7458193898200989,0.782608687877655,0.8896321058273315,0.832775890827179,0.8227424621582031,0.7792642116546631,0.8996655344963074,0.953177273273468,0.9799330830574036,1.0,0.12374582141637802,0.0,0.12374582141637802,1.0,0.9799330830574036,0.953177273273468,0.8996655344963074,0.7792642116546631,0.8227424621582031,0.832775890827179,0.8896321058273315,0.782608687877655,0.7458193898200989,0.8260869383811951,0.6588628888130188,0.8260869383811951,0.8093645572662354,0.7224080562591553,0.7759197354316711,0.785953164100647,0.7224080562591553,0.6521739363670349,0.648829460144043,0.7558528184890747,0.6856187582015991,0.7157190442085266,0.6722407937049866,0.6120401620864868,0.7224080562591553,0.6053511500358582,0.6856187582015991,0.6387959718704224,0.5919732451438904,0.5284280776977539,0.6321070194244385,0.6454849243164062,0.6555184125900269,0.6421404480934143,0.5284280776977539,0.5585284233093262,0.6622073650360107,0.6688963174819946,0.6354514956474304,0.6086956262588501,0.648829460144043,0.5585284233093262,0.6287625432014465,0.5652173757553101,0.6555184125900269,0.6254180669784546,0.5351170301437378,0.5585284233093262,0.6789297461509705,0.6020066738128662,0.5451505184173584,0.7023411393165588,0.6387959718704224,0.6688963174819946,0.5652173757553101,0.6020066738128662,0.5953177213668823,0.6822742223739624,0.6020066738128662,0.692307710647583,0.6688963174819946,0.7023411393165588,0.5886287689208984,0.5886287689208984,0.6153846383094788,0.5819398164749146,0.6086956262588501,0.6588628888130188,0.5953177213668823,0.692307710647583,0.5852842926979065,0.6387959718704224,0.6454849243164062,0.6254180669784546,0.5886287689208984,0.6220735907554626,0.571906328201294,0.5886287689208984,0.5752508640289307,0.6287625432014465,0.5418060421943665,0.5618728995323181,0.5518394708633423,0.6020066738128662,0.6789297461509705,0.568561851978302,0.6856187582015991,0.6254180669784546,0.6220735907554626,0.6555184125900269,0.5785953402519226,0.692307710647583,0.6655518412590027,0.5953177213668823,0.5050167441368103,0.52173912525177,0.6387959718704224,0.3478260934352875
0.13008129596710205,0.19512194395065308,0.22764228284358978,0.2195121943950653,0.15447154641151428,0.24390244483947754,0.17073170840740204,0.19512194395065308,0.1869918704032898,0.19512194395065308,0.12195122241973877,0.2195121943950653,0.17886178195476532,0.23577235639095306,0.16260161995887756,0.2195121943950653,0.17073170840740204,0.12195122241973877,0.20325203239917755,0.1869918704032898,0.2601625919342041,0.2601625919342041,0.13821138441562653,0.24390244483947754,0.17886178195476532,0.17886178195476532,0.26829269528388977,0.2195121943950653,0.2520325183868408,0.1869918704032898,0.19512194395065308,0.1869918704032898,0.1869918704032898,0.2195121943950653,0.19512194395065308,0.22764228284358978,0.2195121943950653,0.1869918704032898,0.13821138441562653,0.1869918704032898,0.16260161995887756,0.2195121943950653,0.20325203239917755,0.2520325183868408,0.22764228284358978,0.2520325183868408,0.20325203239917755,0.2195121943950653,0.17073170840740204,0.28455284237861633,0.20325203239917755,0.20325203239917755,0.23577235639095306,0.1869918704032898,0.15447154641151428,0.19512194395065308,0.10569106042385101,0.31707316637039185,0.22764228284358978,0.30894309282302856,0.17886178195476532,0.28455284237861633,0.23577235639095306,0.22764228284358978,0.26829269528388977,0.2195121943950653,0.20325203239917755,0.17886178195476532,0.2195121943950653,0.2195121943950653,0.26829269528388977,0.30894309282302856,0.22764228284358978,0.22764228284358978,0.31707316637039185,0.21138212084770203,0.27642276883125305,0.39024388790130615,0.3008130192756653,0.42276424169540405,0.3658536672592163,0.38211381435394287,0.43089431524276733,0.43089431524276733,0.4796747863292694,0.6178861856460571,0.5528455376625061,0.5934959053993225,0.6666666865348816,0.6829268336296082,0.577235758304596,0.772357702255249,0.7398374080657959,0.8048780560493469,0.7886179089546204,0.8861788511276245,0.8943089246749878,0.9837398529052734,1.0,0.12195122241973877,0.0,0.12195122241973877,1.0,0.9837398529052734,0.8943089246749878,0.8861788511276245,0.7886179089546204,0.8048780560493469,0.7398374080657959,0.772357702255249,0.577235758304596,0.6829268336296082,0.6666666865348816,0.5934959053993225,0.5528455376625061,0.6178861856460571,0.4796747863292694,0.43089431524276733,0.43089431524276733,0.38211381435394287,0.3658536672592163,0.42276424169540405,0.3008130192756653,0.39024388790130615,0.27642276883125305,0.21138212084770203,0.31707316637039185,0.22764228284358978,0.22764228284358978,0.30894309282302856,0.26829269528388977,0.2195121943950653,0.2195121943950653,0.17886178195476532,0.20325203239917755,0.2195121943950653,0.26829269528388977,0.22764228284358978,0.23577235639095306,0.28455284237861633,0.17886178195476532,0.30894309282302856,0.22764228284358978,0.31707316637039185,0.10569106042385101,0.19512194395065308,0.15447154641151428,0.1869918704032898,0.23577235639095306,0.20325203239917755,0.20325203239917755,0.28455284237861633,0.17073170840740204,0.2195121943950653,0.20325203239917755,0.2520325183868408,0.22764228284358978,0.2520325183868408,0.20325203239917755,0.2195121943950653,0.16260161995887756,0.1869918704032898,0.13821138441562653,0.1869918704032898,0.2195121943950653,0.22764228284358978,0.19512194395065308,0.2195121943950653,0.1869918704032898,0.1869918704032898,0.19512194395065308,0.1869918704032898,0.2520325183868408,0.2195121943950653,0.26829269528388977,0.17886178195476532,0.17886178195476532,0.24390244483947754,0.13821138441562653,0.2601625919342041,0.2601625919342041,0.1869918704032898,0.20325203239917755,0.12195122241973877,0.17073170840740204,0.2195121943950653,0.16260161995887756,0.23577235639095306,0.17886178195476532,0.2195121943950653,0.12195122241973877,0.19512194395065308,0.1869918704032898,0.19512194395065308,0.17073170840740204,0.24390244483947754,0.15447154641151428,0.2195121943950653,0.22764228284358978,0.19512194395065308,0.13008129596710205
0.30434781312942505,0.32608696818351746,0.3695652186870575,0.3913043439388275,0.3913043439388275,0.3913043439388275,0.37681159377098083,0.45652174949645996,0.37681159377098083,0.39855071902275085,0.37681159377098083,0.4057970941066742,0.39855071902275085,0.3188405930995941,0.32608696818351746,0.3913043439388275,0.3478260934352875,0.41304346919059753,0.3115941882133484,0.2971014380455017,0.30434781312942505,0.4420289993286133,0.3695652186870575,0.37681159377098083,0.4492753744125366,0.4275362193584442,0.36231884360313416,0.39855071902275085,0.39855071902275085,0.43478259444236755,0.39855071902275085,0.4492753744125366,0.34057971835136414,0.3840579688549042,0.3550724685192108,0.4420289993286133,0.3695652186870575,0.45652174949645996,0.4057970941066742,0.4420289993286133,0.41304346919059753,0.3840579688549042,0.4855072498321533,0.3188405930995941,0.4492753744125366,0.28260868787765503,0.3695652186870575,0.4855072498321533,0.4492753744125366,0.37681159377098083,0.4202898442745209,0.45652174949645996,0.43478259444236755,0.34057971835136414,0.3695652186870575,0.39855071902275085,0.45652174949645996,0.4420289993286133,0.36231884360313416,0.43478259444236755,0.4420289993286133,0.43478259444236755,0.5144927501678467,0.45652174949645996,0.43478259444236755,0.45652174949645996,0.4855072498321533,0.4057970941066742,0.41304346919059753,0.45652174949645996,0.4855072498321533,0.4637681245803833,0.4492753744125366,0.47101449966430664,0.49275362491607666,0.4637681245803833,0.6449275612831116,0.47101449966430664,0.5,0.47101449966430664,0.5,0.6449275612831116,0.4420289993286133,0.4855072498321533,0.6739130616188049,0.45652174949645996,0.717391312122345,0.6159420013427734,0.7681159377098083,0.5652173757553101,0.6304348111152649,0.6231883764266968,0.5869565010070801,0.8115941882133484,0.5652173757553101,0.7101449370384216,0.8550724387168884,0.9347826242446899,1.0,0.14492753148078918,0.0,0.14492753148078918,1.0,0.9347826242446899,0.8550724387168884,0.7101449370384216,0.5652173757553101,0.8115941882133484,0.5869565010070801,0.6231883764266968,0.6304348111152649,0.5652173757553101,0.7681159377098083,0.6159420013427734,0.717391312122345,0.45652174949645996,0.6739130616188049,0.4855072498321533,0.4420289993286133,0.6449275612831116,0.5,0.47101449966430664,0.5,0.47101449966430664,0.6449275612831116,0.4637681245803833,0.49275362491607666,0.47101449966430664,0.4492753744125366,0.4637681245803833,0.4855072498321533,0.45652174949645996,0.41304346919059753,0.4057970941066742,0.4855072498321533,0.45652174949645996,0.43478259444236755,0.45652174949645996,0.5144927501678467,0.43478259444236755,0.4420289993286133,0.43478259444236755,0.36231884360313416,0.4420289993286133,0.45652174949645996,0.39855071902275085,0.3695652186870575,0.34057971835136414,0.43478259444236755,0.45652174949645996,0.4202898442745209,0.37681159377098083,0.4492753744125366,0.4855072498321533,0.3695652186870575,0.28260868787765503,0.4492753744125366,0.3188405930995941,0.4855072498321533,0.3840579688549042,0.41304346919059753,0.4420289993286133,0.4057970941066742,0.45652174949645996,0.3695652186870575,0.4420289993286133,0.3550724685192108,0.3840579688549042,0.34057971835136414,0.4492753744125366,0.39855071902275085,0.43478259444236755,0.39855071902275085,0.39855071902275085,0.36231884360313416,0.4275362193584442,0.4492753744125366,0.37681159377098083,0.3695652186870575,0.4420289993286133,0.30434781312942505,0.2971014380455017,0.3115941882133484,0.41304346919059753,0.3478260934352875,0.3913043439388275,0.32608696818351746,0.3188405930995941,0.39855071902275085,0.4057970941066742,0.37681159377098083,0.39855071902275085,0.37681159377098083,0.45652174949645996,0.37681159377098083,0.3913043439388275,0.3913043439388275,0.3913043439388275,0.3695652186870575,0.32608696818351746,0.30434781312942505
0.26229506731033325,0.5573770403862,0.7704917788505554,0.6229507923126221,0.8032786846160889,0.8360655903816223,0.5245901346206665,0.7377049326896667,0.6065573692321777,0.6557376980781555,0.4754098355770111,0.6557376980781555,0.6229507923126221,0.6557376980781555,0.8524590134620667,0.688524603843689,0.8360655903816223,0.5901639461517334,0.7049180269241333,0.6721311211585999,0.8032786846160889,0.49180328845977783,0.5737704634666443,0.7868852615356445,0.5573770403862,1.0,0.6721311211585999,0.5245901346206665,0.9180327653884888,0.6229507923126221,0.5573770403862,0.8360655903816223,0.7868852615356445,0.6229507923126221,0.688524603843689,0.7540983557701111,0.7868852615356445,0.6229507923126221,0.7540983557701111,0.49180328845977783,0.7704917788505554,0.688524603843689,0.688524603843689,0.6721311211585999,0.7868852615356445,0.8032786846160889,0.8196721076965332,0.6721311211585999,0.7704917788505554,0.7540983557701111,0.688524603843689,0.7049180269241333,0.7540983557701111,0.8524590134620667,0.8032786846160889,0.5573770403862,0.7213114500045776,0.6229507923126221,0.6721311211585999,0.688524603843689,0.7377049326896667,0.6557376980781555,0.7868852615356445,0.7377049326896667,0.688524603843689,0.5737704634666443,0.6065573692321777,0.7540983557701111,0.688524603843689,0.6393442749977112,0.8852459192276001,0.7213114500045776,0.5245901346206665,0.8032786846160889,0.868852436542511,0.7213114500045776,0.8360655903816223,0.6557376980781555,0.7704917788505554,0.6393442749977112,0.7704917788505554,0.9016393423080444,0.7213114500045776,0.5737704634666443,0.7213114500045776,0.7213114500045776,0.688524603843689,0.8196721076965332,0.7377049326896667,0.6393442749977112,0.8196721076965332,0.6557376980781555,0.7704917788505554,0.7213114500045776,0.6557376980781555,0.7377049326896667,0.7213114500045776,0.7049180269241333,0.6721311211585999,0.04918032884597778,0.0,0.04918032884597778,0.6721311211585999,0.7049180269241333,0.7213114500045776,0.7377049326896667,0.6557376980781555,0.7213114500045776,0.7704917788505554,0.6557376980781555,0.8196721076965332,0.6393442749977112,0.7377049326896667,0.8196721076965332,0.688524603843689,0.7213114500045776,0.7213114500045776,0.5737704634666443,0.7213114500045776,0.9016393423080444,0.7704917788505554,0.6393442749977112,0.7704917788505554,0.6557376980781555,0.8360655903816223,0.7213114500045776,0.868852436542511,0.8032786846160889,0.5245901346206665,0.7213114500045776,0.8852459192276001,0.6393442749977112,0.688524603843689,0.7540983557701111,0.6065573692321777,0.5737704634666443,0.688524603843689,0.7377049326896667,0.7868852615356445,0.6557376980781555,0.7377049326896667,0.688524603843689,0.6721311211585999,0.6229507923126221,0.7213114500045776,0.5573770403862,0.8032786846160889,0.8524590134620667,0.7540983557701111,0.7049180269241333,0.688524603843689,0.7540983557701111,0.7704917788505554,0.6721311211585999,0.8196721076965332,0.8032786846160889,0.7868852615356445,0.6721311211585999,0.688524603843689,0.688524603843689,0.7704917788505554,0.49180328845977783,0.7540983557701111,0.6229507923126221,0.7868852615356445,0.7540983557701111,0.688524603843689,0.6229507923126221,0.7868852615356445,0.8360655903816223,0.5573770403862,0.6229507923126221,0.9180327653884888,0.5245901346206665,0.6721311211585999,1.0,0.5573770403862,0.7868852615356445,0.5737704634666443,0.49180328845977783,0.8032786846160889,0.6721311211585999,0.7049180269241333,0.5901639461517334,0.8360655903816223,0.688524603843689,0.8524590134620667,0.6557376980781555,0.6229507923126221,0.6557376980781555,0.4754098355770111,0.6557376980781555,0.6065573692321777,0.7377049326896667,0.5245901346206665,0.8360655903816223,0.8032786846160889,0.6229507923126221,0.7704917788505554,0.5573770403862,0.26229506731033325
0.10999999940395355,0.15000000596046448,0.27000001072883606,0.2199999988079071,0.20000000298023224,0.20999999344348907,0.1899999976158142,0.28999999165534973,0.1899999976158142,0.17000000178813934,0.28999999165534973,0.2199999988079071,0.1599999964237213,0.1599999964237213,0.20000000298023224,0.17000000178813934,0.28999999165534973,0.2800000011920929,0.25,0.20999999344348907,0.23000000417232513,0.30000001192092896,0.23999999463558197,0.27000001072883606,0.14000000059604645,0.3100000023841858,0.20000000298023224,0.1899999976158142,0.25,0.2800000011920929,0.20999999344348907,0.3400000035762787,0.25,0.3499999940395355,0.23000000417232513,0.30000001192092896,0.25,0.25,0.1599999964237213,0.3400000035762787,0.25,0.23999999463558197,0.25,0.27000001072883606,0.25,0.23000000417232513,0.17000000178813934,0.23999999463558197,0.3100000023841858,0.27000001072883606,0.36000001430511475,0.28999999165534973,0.28999999165534973,0.1599999964237213,0.25,0.3499999940395355,0.3499999940395355,0.2800000011920929,0.25999999046325684,0.2800000011920929,0.20999999344348907,0.38999998569488525,0.25999999046325684,0.2800000011920929,0.38999998569488525,0.44999998807907104,0.3100000023841858,0.2800000011920929,0.2800000011920929,0.27000001072883606,0.3100000023841858,0.3199999928474426,0.3400000035762787,0.3199999928474426,0.3199999928474426,0.3400000035762787,0.44999998807907104,0.36000001430511475,0.4399999976158142,0.38999998569488525,0.4000000059604645,0.33000001311302185,0.46000000834465027,0.4000000059604645,0.3499999940395355,0.47999998927116394,0.5199999809265137,0.46000000834465027,0.6700000166893005,0.5099999904632568,0.6299999952316284,0.5699999928474426,0.5699999928474426,0.8299999833106995,0.7099999785423279,0.7599999904632568,0.800000011920929,0.8199999928474426,1.0,0.10000000149011612,0.0,0.10000000149011612,1.0,0.8199999928474426,0.800000011920929,0.7599999904632568,0.7099999785423279,0.8299999833106995,0.5699999928474426,0.5699999928474426,0.6299999952316284,0.5099999904632568,0.6700000166893005,0.46000000834465027,0.5199999809265137,0.47999998927116394,0.3499999940395355,0.4000000059604645,0.46000000834465027,0.33000001311302185,0.4000000059604645,0.38999998569488525,0.4399999976158142,0.36000001430511475,0.44999998807907104,0.3400000035762787,0.3199999928474426,0.3199999928474426,0.3400000035762787,0.3199999928474426,0.3100000023841858,0.27000001072883606,0.2800000011920929,0.2800000011920929,0.3100000023841858,0.44999998807907104,0.38999998569488525,0.2800000011920929,0.25999999046325684,0.38999998569488525,0.20999999344348907,0.2800000011920929,0.25999999046325684,0.2800000011920929,0.3499999940395355,0.3499999940395355,0.25,0.1599999964237213,0.28999999165534973,0.28999999165534973,0.36000001430511475,0.27000001072883606,0.3100000023841858,0.23999999463558197,0.17000000178813934,0.23000000417232513,0.25,0.27000001072883606,0.25,0.23999999463558197,0.25,0.3400000035762787,0.1599999964237213,0.25,0.25,0.30000001192092896,0.23000000417232513,0.3499999940395355,0.25,0.3400000035762787,0.20999999344348907,0.2800000011920929,0.25,0.1899999976158142,0.20000000298023224,0.3100000023841858,0.14000000059604645,0.27000001072883606,0.23999999463558197,0.30000001192092896,0.23000000417232513,0.20999999344348907,0.25,0.2800000011920929,0.28999999165534973,0.17000000178813934,0.20000000298023224,0.1599999964237213,0.1599999964237213,0.2199999988079071,0.28999999165534973,0.17000000178813934,0.1899999976158142,0.28999999165534973,0.1899999976158142,0.20999999344348907,0.20000000298023224,0.2199999988079071,0.27000001072883606,0.15000000596046448,0.10999999940395355
0.10769230872392654,0.2153846174478531,0.2153846174478531,0.20769231021404266,0.20000000298023224,0.1846153885126114,0.20769231021404266,0.1846153885126114,0.2153846174478531,0.2153846174478531,0.1846153885126114,0.16923077404499054,0.1884615421295166,0.20769231021404266,0.20384615659713745,0.23846153914928436,0.20769231021404266,0.20000000298023224,0.19230769574642181,0.23076923191547394,0.20384615659713745,0.20000000298023224,0.17307692766189575,0.19615384936332703,0.25,0.1846153885126114,0.25,0.16153846681118011,0.1846153885126114,0.21153846383094788,0.20384615659713745,0.20769231021404266,0.1538461595773697,0.1538461595773697,0.19230769574642181,0.2576923072338104,0.16923077404499054,0.22692307829856873,0.17307692766189575,0.1576923131942749,0.20769231021404266,0.21153846383094788,0.2576923072338104,0.2192307710647583,0.16923077404499054,0.20000000298023224,0.19230769574642181,0.15000000596046448,0.14230769872665405,0.24230769276618958,0.1884615421295166,0.1538461595773697,0.16538462042808533,0.17692308127880096,0.23076923191547394,0.16538462042808533,0.2192307710647583,0.20769231021404266,0.1884615421295166,0.2192307710647583,0.19615384936332703,0.2230769246816635,0.21153846383094788,0.2230769246816635,0.21153846383094788,0.23846153914928436,0.26153847575187683,0.23076923191547394,0.23461538553237915,0.22692307829856873,0.2769230902194977,0.25,0.303846150636673,0.29230770468711853,0.29230770468711853,0.29230770468711853,0.33076924085617065,0.2846153974533081,0.3153846263885498,0.29230770468711853,0.4076923131942749,0.35384616255760193,0.3346153795719147,0.3807692229747772,0.4384615421295166,0.4615384638309479,0.38461539149284363,0.44999998807907104,0.5115384459495544,0.4653846025466919,0.48461538553237915,0.5846154093742371,0.5115384459495544,0.607692301273346,0.6115384697914124,0.6384615302085876,0.800000011920929,0.6384615302085876,1.0,0.1230769231915474,0.0,0.1230769231915474,1.0,0.6384615302085876,0.800000011920929,0.6384615302085876,0.6115384697914124,0.607692301273346,0.5115384459495544,0.5846154093742371,0.48461538553237915,0.4653846025466919,0.5115384459495544,0.44999998807907104,0.38461539149284363,0.4615384638309479,0.4384615421295166,0.3807692229747772,0.3346153795719147,0.35384616255760193,0.4076923131942749,0.29230770468711853,0.3153846263885498,0.2846153974533081,0.33076924085617065,0.29230770468711853,0.29230770468711853,0.29230770468711853,0.303846150636673,0.25,0.2769230902194977,0.22692307829856873,0.23461538553237915,0.23076923191547394,0.26153847575187683,0.23846153914928436,0.21153846383094788,0.2230769246816635,0.21153846383094788,0.2230769246816635,0.19615384936332703,0.2192307710647583,0.1884615421295166,0.20769231021404266,0.2192307710647583,0.16538462042808533,0.23076923191547394,0.17692308127880096,0.16538462042808533,0.1538461595773697,0.1884615421295166,0.24230769276618958,0.14230769872665405,0.15000000596046448,0.19230769574642181,0.20000000298023224,0.16923077404499054,0.2192307710647583,0.2576923072338104,0.21153846383094788,0.20769231021404266,0.1576923131942749,0.17307692766189575,0.22692307829856873,0.16923077404499054,0.2576923072338104,0.19230769574642181,0.1538461595773697,0.1538461595773697,0.20769231021404266,0.20384615659713745,0.21153846383094788,0.1846153885126114,0.16153846681118011,0.25,0.1846153885126114,0.25,0.19615384936332703,0.17307692766189575,0.20000000298023224,0.20384615659713745,0.23076923191547394,0.19230769574642181,0.20000000298023224,0.20769231021404266,0.23846153914928436,0.20384615659713745,0.20769231021404266,0.1884615421295166,0.16923077404499054,0.1846153885126114,0.2153846174478531,0.2153846174478531,0.1846153885126114,0.20769231021404266,0.1846153885126114,0.20000000298023224,0.20769231021404266,0.2153846174478531,0.2153846174478531,0.10769230872392654
0.20143884420394897,0.2949640154838562,0.4100719392299652,0.3956834673881531,0.3741007149219513,0.3381294906139374,0.34532374143600464,0.3093525171279907,0.40287768840789795,0.26618704199790955,0.3525179922580719,0.3956834673881531,0.28776979446411133,0.32374101877212524,0.30215826630592346,0.38129496574401855,0.30215826630592346,0.36690646409988403,0.30215826630592346,0.43884891271591187,0.4100719392299652,0.3741007149219513,0.34532374143600464,0.28776979446411133,0.4316546618938446,0.2949640154838562,0.316546767950058,0.3884892165660858,0.4100719392299652,0.3309352397918701,0.316546767950058,0.4316546618938446,0.43884891271591187,0.316546767950058,0.30215826630592346,0.3741007149219513,0.36690646409988403,0.3093525171279907,0.2374100685119629,0.3525179922580719,0.35971224308013916,0.35971224308013916,0.3525179922580719,0.32374101877212524,0.316546767950058,0.3525179922580719,0.46043166518211365,0.28057554364204407,0.32374101877212524,0.3093525171279907,0.3381294906139374,0.3741007149219513,0.35971224308013916,0.34532374143600464,0.3741007149219513,0.28057554364204407,0.34532374143600464,0.35971224308013916,0.3884892165660858,0.4100719392299652,0.34532374143600464,0.3741007149219513,0.316546767950058,0.32374101877212524,0.3884892165660858,0.38129496574401855,0.40287768840789795,0.3956834673881531,0.41726619005203247,0.42446044087409973,0.26618704199790955,0.5251798629760742,0.28776979446411133,0.4532374143600464,0.36690646409988403,0.48201438784599304,0.5395683646202087,0.4316546618938446,0.5251798629760742,0.46043166518211365,0.4748201370239258,0.46043166518211365,0.4676258862018585,0.4748201370239258,0.48201438784599304,0.5467625856399536,0.5755395889282227,0.5611510872840881,0.49640288949012756,0.7194244861602783,0.6690647602081299,0.6690647602081299,0.6690647602081299,0.8705036044120789,0.633093535900116,0.8848921060562134,0.8848921060562134,0.8129496574401855,1.0,0.10071942210197449,0.0,0.10071942210197449,1.0,0.8129496574401855,0.8848921060562134,0.8848921060562134,0.633093535900116,0.8705036044120789,0.6690647602081299,0.6690647602081299,0.6690647602081299,0.7194244861602783,0.49640288949012756,0.5611510872840881,0.5755395889282227,0.5467625856399536,0.48201438784599304,0.4748201370239258,0.4676258862018585,0.46043166518211365,0.4748201370239258,0.46043166518211365,0.5251798629760742,0.4316546618938446,0.5395683646202087,0.48201438784599304,0.36690646409988403,0.4532374143600464,0.28776979446411133,0.5251798629760742,0.26618704199790955,0.42446044087409973,0.41726619005203247,0.3956834673881531,0.40287768840789795,0.38129496574401855,0.3884892165660858,0.32374101877212524,0.316546767950058,0.3741007149219513,0.34532374143600464,0.4100719392299652,0.3884892165660858,0.35971224308013916,0.34532374143600464,0.28057554364204407,0.3741007149219513,0.34532374143600464,0.35971224308013916,0.3741007149219513,0.3381294906139374,0.3093525171279907,0.32374101877212524,0.28057554364204407,0.46043166518211365,0.3525179922580719,0.316546767950058,0.32374101877212524,0.3525179922580719,0.35971224308013916,0.35971224308013916,0.3525179922580719,0.2374100685119629,0.3093525171279907,0.36690646409988403,0.3741007149219513,0.30215826630592346,0.316546767950058,0.43884891271591187,0.4316546618938446,0.316546767950058,0.3309352397918701,0.4100719392299652,0.3884892165660858,0.316546767950058,0.2949640154838562,0.4316546618938446,0.28776979446411133,0.34532374143600464,0.3741007149219513,0.4100719392299652,0.43884891271591187,0.30215826630592346,0.36690646409988403,0.30215826630592346,0.38129496574401855,0.30215826630592346,0.32374101877212524,0.28776979446411133,0.3956834673881531,0.3525179922580719,0.26618704199790955,0.40287768840789795,0.3093525171279907,0.34532374143600464,0.3381294906139374,0.3741007149219513,0.3956834673881531,0.4100719392299652,0.2949640154838562,0.20143884420394897
0.2857142984867096,0.8701298832893372,0.701298713684082,0.6623376607894897,0.7402597665786743,0.6103895902633667,0.6233766078948975,0.8051947951316833,0.948051929473877,0.8831169009208679,0.6883116960525513,0.8831169009208679,0.8311688303947449,0.7532467246055603,0.9220778942108154,0.7402597665786743,0.6753246784210205,0.7142857313156128,0.8441558480262756,0.8441558480262756,0.8571428656578064,0.7792207598686218,0.6883116960525513,0.8441558480262756,0.8441558480262756,0.8181818127632141,0.9090909361839294,0.8441558480262756,0.7532467246055603,0.9220778942108154,0.9220778942108154,0.701298713684082,0.8311688303947449,0.6623376607894897,0.6883116960525513,0.7792207598686218,0.9090909361839294,0.8441558480262756,0.7532467246055603,0.8441558480262756,0.7792207598686218,0.8181818127632141,0.7662337422370911,0.7402597665786743,0.701298713684082,0.5714285969734192,0.7272727489471436,0.7922077775001526,0.8181818127632141,0.7792207598686218,0.9350649118423462,0.7792207598686218,0.7142857313156128,0.7922077775001526,0.8831169009208679,0.6883116960525513,0.8051947951316833,1.0,0.7662337422370911,0.6233766078948975,0.7792207598686218,0.7792207598686218,0.8311688303947449,0.6233766078948975,0.8311688303947449,0.7662337422370911,0.7532467246055603,0.7922077775001526,0.7142857313156128,0.7402597665786743,0.8181818127632141,0.7532467246055603,0.8701298832893372,0.8961039185523987,0.7662337422370911,0.7272727489471436,0.7792207598686218,0.8181818127632141,0.5454545617103577,0.8571428656578064,0.7792207598686218,0.8961039185523987,0.9740259647369385,0.7402597665786743,0.8831169009208679,0.8961039185523987,0.7272727489471436,0.8571428656578064,0.5974025726318359,0.7792207598686218,0.7532467246055603,0.7662337422370911,0.9740259647369385,0.8831169009208679,0.8051947951316833,0.7272727489471436,0.7402597665786743,0.8961039185523987,0.6753246784210205,0.09090909361839294,0.0,0.09090909361839294,0.6753246784210205,0.8961039185523987,0.7402597665786743,0.7272727489471436,0.8051947951316833,0.8831169009208679,0.9740259647369385,0.7662337422370911,0.7532467246055603,0.7792207598686218,0.5974025726318359,0.8571428656578064,0.7272727489471436,0.8961039185523987,0.8831169009208679,0.7402597665786743,0.9740259647369385,0.8961039185523987,0.7792207598686218,0.8571428656578064,0.5454545617103577,0.8181818127632141,0.7792207598686218,0.7272727489471436,0.7662337422370911,0.8961039185523987,0.8701298832893372,0.7532467246055603,0.8181818127632141,0.7402597665786743,0.7142857313156128,0.7922077775001526,0.7532467246055603,0.7662337422370911,0.8311688303947449,0.6233766078948975,0.8311688303947449,0.7792207598686218,0.7792207598686218,0.6233766078948975,0.7662337422370911,1.0,0.8051947951316833,0.6883116960525513,0.8831169009208679,0.7922077775001526,0.7142857313156128,0.7792207598686218,0.9350649118423462,0.7792207598686218,0.8181818127632141,0.7922077775001526,0.7272727489471436,0.5714285969734192,0.701298713684082,0.7402597665786743,0.7662337422370911,0.8181818127632141,0.7792207598686218,0.8441558480262756,0.7532467246055603,0.8441558480262756,0.9090909361839294,0.7792207598686218,0.6883116960525513,0.6623376607894897,0.8311688303947449,0.701298713684082,0.9220778942108154,0.9220778942108154,0.7532467246055603,0.8441558480262756,0.9090909361839294,0.8181818127632141,0.8441558480262756,0.8441558480262756,0.6883116960525513,0.7792207598686218,0.8571428656578064,0.8441558480262756,0.8441558480262756,0.7142857313156128,0.6753246784210205,0.7402597665786743,0.9220778942108154,0.7532467246055603,0.8311688303947449,0.8831169009208679,0.6883116960525513,0.8831169009208679,0.948051929473877,0.8051947951316833,0.6233766078948975,0.6103895902633667,0.7402597665786743,0.6623376607894897,0.701298713684082,0.8701298832893372,0.2857142984867096
0.3947368562221527,0.8684210777282715,0.75,0.7631579041481018,0.6578947305679321,0.6184210777282715,0.6842105388641357,0.6710526347160339,0.8552631735801697,0.7105262875556946,0.7236841917037964,0.8289473652839661,0.8026315569877625,0.6578947305679321,0.7894737124443054,0.7105262875556946,0.6710526347160339,0.7763158082962036,0.6315789222717285,0.7236841917037964,0.7631579041481018,0.7631579041481018,0.7236841917037964,0.75,0.5921052694320679,0.8026315569877625,0.7631579041481018,0.8026315569877625,0.7631579041481018,0.6578947305679321,0.6315789222717285,0.5789473652839661,0.8157894611358643,0.7763158082962036,0.6315789222717285,0.7763158082962036,0.6578947305679321,0.7236841917037964,0.6052631735801697,0.6447368264198303,0.7763158082962036,0.8421052694320679,0.9605262875556946,0.6578947305679321,0.8289473652839661,0.7236841917037964,0.8157894611358643,0.6447368264198303,0.6184210777282715,0.6842105388641357,0.5921052694320679,0.8421052694320679,1.0,0.7763158082962036,0.7105262875556946,0.6710526347160339,0.7763158082962036,0.75,0.75,0.6447368264198303,0.6710526347160339,0.7105262875556946,0.6973684430122375,0.8421052694320679,0.8026315569877625,0.9605262875556946,0.7368420958518982,0.8157894611358643,0.6710526347160339,0.9868420958518982,0.8947368264198303,0.8947368264198303,0.7236841917037964,0.6973684430122375,0.7894737124443054,0.7236841917037964,0.8289473652839661,0.8947368264198303,0.75,0.8947368264198303,0.6842105388641357,0.6710526347160339,0.8684210777282715,0.75,0.6447368264198303,0.7763158082962036,0.7631579041481018,0.8552631735801697,0.7368420958518982,0.9868420958518982,0.8947368264198303,0.8684210777282715,0.7105262875556946,0.8421052694320679,0.6842105388641357,0.8421052694320679,0.8157894611358643,0.6973684430122375,0.9736841917037964,0.14473684132099152,0.0,0.14473684132099152,0.9736841917037964,0.6973684430122375,0.8157894611358643,0.8421052694320679,0.6842105388641357,0.8421052694320679,0.7105262875556946,0.8684210777282715,0.8947368264198303,0.9868420958518982,0.7368420958518982,0.8552631735801697,0.7631579041481018,0.7763158082962036,0.6447368264198303,0.75,0.8684210777282715,0.6710526347160339,0.6842105388641357,0.8947368264198303,0.75,0.8947368264198303,0.8289473652839661,0.7236841917037964,0.7894737124443054,0.6973684430122375,0.7236841917037964,0.8947368264198303,0.8947368264198303,0.9868420958518982,0.6710526347160339,0.8157894611358643,0.7368420958518982,0.9605262875556946,0.8026315569877625,0.8421052694320679,0.6973684430122375,0.7105262875556946,0.6710526347160339,0.6447368264198303,0.75,0.75,0.7763158082962036,0.6710526347160339,0.7105262875556946,0.7763158082962036,1.0,0.8421052694320679,0.5921052694320679,0.6842105388641357,0.6184210777282715,0.6447368264198303,0.8157894611358643,0.7236841917037964,0.8289473652839661,0.6578947305679321,0.9605262875556946,0.8421052694320679,0.7763158082962036,0.6447368264198303,0.6052631735801697,0.7236841917037964,0.6578947305679321,0.7763158082962036,0.6315789222717285,0.7763158082962036,0.8157894611358643,0.5789473652839661,0.6315789222717285,0.6578947305679321,0.7631579041481018,0.8026315569877625,0.7631579041481018,0.8026315569877625,0.5921052694320679,0.75,0.7236841917037964,0.7631579041481018,0.7631579041481018,0.7236841917037964,0.6315789222717285,0.7763158082962036,0.6710526347160339,0.7105262875556946,0.7894737124443054,0.6578947305679321,0.8026315569877625,0.8289473652839661,0.7236841917037964,0.7105262875556946,0.8552631735801697,0.6710526347160339,0.6842105388641357,0.6184210777282715,0.6578947305679321,0.7631579041481018,0.75,0.8684210777282715,0.3947368562221527
0.0476190485060215,0.1111111119389534,0.1111111119389534,0.1349206417798996,0.1269841343164444,0.1190476194024086,0.2063492089509964,0.190476194024086,0.1587301641702652,0.1269841343164444,0.2380952388048172,0.1190476194024086,0.2063492089509964,0.1666666716337204,0.261904776096344,0.1111111119389534,0.2539682686328888,0.2063492089509964,0.2063492089509964,0.1825396865606308,0.190476194024086,0.230158731341362,0.2142857164144516,0.1984127014875412,0.1111111119389534,0.1666666716337204,0.1111111119389534,0.2222222238779068,0.1190476194024086,0.1587301641702652,0.2063492089509964,0.1666666716337204,0.2142857164144516,0.2142857164144516,0.1587301641702652,0.2063492089509964,0.190476194024086,0.2460317462682724,0.1666666716337204,0.15079365670681,0.1428571492433548,0.2063492089509964,0.1825396865606308,0.1746031790971756,0.15079365670681,0.1666666716337204,0.1746031790971756,0.1825396865606308,0.1746031790971756,0.2063492089509964,0.1349206417798996,0.1428571492433548,0.1111111119389534,0.1825396865606308,0.2063492089509964,0.1746031790971756,0.1428571492433548,0.15079365670681,0.2539682686328888,0.1746031790971756,0.1269841343164444,0.1666666716337204,0.1984127014875412,0.1587301641702652,0.2063492089509964,0.1587301641702652,0.2142857164144516,0.1746031790971756,0.2222222238779068,0.190476194024086,0.2380952388048172,0.1666666716337204,0.2380952388048172,0.2142857164144516,0.30158731341362,0.230158731341362,0.2777777910232544,0.1984127014875412,0.2857142984867096,0.30158731341362,0.2222222238779068,0.30158731341362,0.2539682686328888,0.3571428656578064,0.2539682686328888,0.3968254029750824,0.2539682686328888,0.4682539701461792,0.4761904776096344,0.3571428656578064,0.5555555820465088,0.460317462682724,0.4523809552192688,0.5317460298538208,0.5634920597076416,0.7936508059501648,0.5634920597076416,0.658730149269104,1.0,0.2222222238779068,0.0,0.2222222238779068,1.0,0.658730149269104,0.5634920597076416,0.7936508059501648,0.5634920597076416,0.5317460298538208,0.4523809552192688,0.460317462682724,0.5555555820465088,0.3571428656578064,0.4761904776096344,0.4682539701461792,0.2539682686328888,0.3968254029750824,0.2539682686328888,0.3571428656578064,0.2539682686328888,0.30158731341362,0.2222222238779068,0.30158731341362,0.2857142984867096,0.1984127014875412,0.2777777910232544,0.230158731341362,0.30158731341362,0.2142857164144516,0.2380952388048172,0.1666666716337204,0.2380952388048172,0.190476194024086,0.2222222238779068,0.1746031790971756,0.2142857164144516,0.1587301641702652,0.2063492089509964,0.1587301641702652,0.1984127014875412,0.1666666716337204,0.1269841343164444,0.1746031790971756,0.2539682686328888,0.15079365670681,0.1428571492433548,0.1746031790971756,0.2063492089509964,0.1825396865606308,0.1111111119389534,0.1428571492433548,0.1349206417798996,0.2063492089509964,0.1746031790971756,0.1825396865606308,0.1746031790971756,0.1666666716337204,0.15079365670681,0.1746031790971756,0.1825396865606308,0.2063492089509964,0.1428571492433548,0.15079365670681,0.1666666716337204,0.2460317462682724,0.190476194024086,0.2063492089509964,0.1587301641702652,0.2142857164144516,0.2142857164144516,0.1666666716337204,0.2063492089509964,0.1587301641702652,0.1190476194024086,0.2222222238779068,0.1111111119389534,0.1666666716337204,0.1111111119389534,0.1984127014875412,0.2142857164144516,0.230158731341362,0.190476194024086,0.1825396865606308,0.2063492089509964,0.2063492089509964,0.2539682686328888,0.1111111119389534,0.261904776096344,0.1666666716337204,0.2063492089509964,0.1190476194024086,0.2380952388048172,0.1269841343164444,0.1587301641702652,0.190476194024086,0.2063492089509964,0.1190476194024086,0.1269841343164444,0.1349206417798996,0.1111111119389534,0.1111111119389534,0.0476190485060215
0.062176164239645004,0.11917098611593246,0.1347150206565857,0.1865285038948059,0.17616580426692963,0.196891188621521,0.18134714663028717,0.12435232847929001,0.16580310463905334,0.1606217622756958,0.14507772028446198,0.13989637792110443,0.15544041991233826,0.16580310463905334,0.13989637792110443,0.14507772028446198,0.1606217622756958,0.1347150206565857,0.16580310463905334,0.12435232847929001,0.196891188621521,0.15544041991233826,0.19170984625816345,0.13989637792110443,0.15025906264781952,0.15025906264781952,0.17098446190357208,0.10880828648805618,0.14507772028446198,0.1347150206565857,0.1347150206565857,0.15025906264781952,0.15544041991233826,0.12953367829322815,0.11917098611593246,0.12953367829322815,0.1347150206565857,0.14507772028446198,0.1347150206565857,0.12953367829322815,0.17616580426692963,0.17098446190357208,0.12435232847929001,0.1606217622756958,0.15544041991233826,0.18134714663028717,0.15025906264781952,0.19170984625816345,0.17098446190357208,0.17098446190357208,0.1347150206565857,0.16580310463905334,0.1347150206565857,0.11398963630199432,0.20207254588603973,0.12953367829322815,0.15544041991233826,0.15544041991233826,0.15025906264781952,0.17616580426692963,0.13989637792110443,0.17098446190357208,0.17098446190357208,0.14507772028446198,0.1865285038948059,0.18134714663028717,0.17616580426692963,0.17098446190357208,0.1865285038948059,0.2746114134788513,0.21761657297611237,0.2953367829322815,0.23834197223186493,0.26424869894981384,0.21761657297611237,0.3575129508972168,0.2331606149673462,0.22797927260398865,0.29015544056892395,0.27979275584220886,0.21761657297611237,0.32642486691474915,0.3471502661705017,0.3834196925163269,0.3834196925163269,0.44041451811790466,0.3678756356239319,0.48704662919044495,0.4922279715538025,0.5388600826263428,0.575129508972168,0.5492228269577026,0.7046632170677185,0.772020697593689,0.6165803074836731,0.772020697593689,0.6476684212684631,0.7253885865211487,1.0,0.10880828648805618,0.0,0.10880828648805618,1.0,0.7253885865211487,0.6476684212684631,0.772020697593689,0.6165803074836731,0.772020697593689,0.7046632170677185,0.5492228269577026,0.575129508972168,0.5388600826263428,0.4922279715538025,0.48704662919044495,0.3678756356239319,0.44041451811790466,0.3834196925163269,0.3834196925163269,0.3471502661705017,0.32642486691474915,0.21761657297611237,0.27979275584220886,0.29015544056892395,0.22797927260398865,0.2331606149673462,0.3575129508972168,0.21761657297611237,0.26424869894981384,0.23834197223186493,0.2953367829322815,0.21761657297611237,0.2746114134788513,0.1865285038948059,0.17098446190357208,0.17616580426692963,0.18134714663028717,0.1865285038948059,0.14507772028446198,0.17098446190357208,0.17098446190357208,0.13989637792110443,0.17616580426692963,0.15025906264781952,0.15544041991233826,0.15544041991233826,0.12953367829322815,0.20207254588603973,0.11398963630199432,0.1347150206565857,0.16580310463905334,0.1347150206565857,0.17098446190357208,0.17098446190357208,0.19170984625816345,0.15025906264781952,0.18134714663028717,0.15544041991233826,0.1606217622756958,0.12435232847929001,0.17098446190357208,0.17616580426692963,0.12953367829322815,0.1347150206565857,0.14507772028446198,0.1347150206565857,0.12953367829322815,0.11917098611593246,0.12953367829322815,0.15544041991233826,0.15025906264781952,0.1347150206565857,0.1347150206565857,0.14507772028446198,0.10880828648805618,0.17098446190357208,0.15025906264781952,0.15025906264781952,0.13989637792110443,0.19170984625816345,0.15544041991233826,0.196891188621521,0.12435232847929001,0.16580310463905334,0.1347150206565857,0.1606217622756958,0.14507772028446198,0.13989637792110443,0.16580310463905334,0.15544041991233826,0.13989637792110443,0.14507772028446198,0.1606217622756958,0.16580310463905334,0.12435232847929001,0.18134714663028717,0.196891188621521,0.17616580426692963,0.1865285038948059,0.1347150206565857,0.11917098611593246,0.062176164239645004
0.048114433884620667,0.08452535420656204,0.10143043100833893,0.09882964938879013,0.10143043100833893,0.07672301679849625,0.09882964938879013,0.06762028485536575,0.10273081809282303,0.10533159971237183,0.08712613582611084,0.10143043100833893,0.09492848068475723,0.10533159971237183,0.08972691744565964,0.08972691744565964,0.11313393712043762,0.06501950323581696,0.09492848068475723,0.09882964938879013,0.10403121262788773,0.07802340388298035,0.07022106647491455,0.10273081809282303,0.07932379841804504,0.10923276841640472,0.09362808614969254,0.08972691744565964,0.09882964938879013,0.11183355003595352,0.10143043100833893,0.08972691744565964,0.10403121262788773,0.08062418550252914,0.08842653036117554,0.10923276841640472,0.09492848068475723,0.11703511327505112,0.09882964938879013,0.09362808614969254,0.09622886776924133,0.10273081809282303,0.10013003647327423,0.09362808614969254,0.10273081809282303,0.09232769906520844,0.08582574874162674,0.09752926230430603,0.09362808614969254,0.09882964938879013,0.12353706359863281,0.08452535420656204,0.09622886776924133,0.09882964938879013,0.11443433165550232,0.11313393712043762,0.10013003647327423,0.10793238133192062,0.10013003647327423,0.11053316295146942,0.11963588744401932,0.11573471873998642,0.1300390064716339,0.1300390064716339,0.1313394010066986,0.12483745068311691,0.1287386268377304,0.1378413587808609,0.1352405697107315,0.16254876554012299,0.144343301653862,0.1534460335969925,0.1456436961889267,0.18075422942638397,0.16384916007518768,0.18725617229938507,0.20416124165058136,0.20026007294654846,0.22626787424087524,0.24317295849323273,0.23016905784606934,0.2899869978427887,0.2912873923778534,0.3029908835887909,0.3172951936721802,0.34200260043144226,0.4382314682006836,0.36020806431770325,0.4655396640300751,0.46814045310020447,0.5240572094917297,0.5071521401405334,0.5370610952377319,0.595578670501709,0.6697009205818176,0.6879063844680786,0.7568270564079285,0.7373211979866028,1.0,0.1586475968360901,0.0,0.1586475968360901,1.0,0.7373211979866028,0.7568270564079285,0.6879063844680786,0.6697009205818176,0.595578670501709,0.5370610952377319,0.5071521401405334,0.5240572094917297,0.46814045310020447,0.4655396640300751,0.36020806431770325,0.4382314682006836,0.34200260043144226,0.3172951936721802,0.3029908835887909,0.2912873923778534,0.2899869978427887,0.23016905784606934,0.24317295849323273,0.22626787424087524,0.20026007294654846,0.20416124165058136,0.18725617229938507,0.16384916007518768,0.18075422942638397,0.1456436961889267,0.1534460335969925,0.144343301653862,0.16254876554012299,0.1352405697107315,0.1378413587808609,0.1287386268377304,0.12483745068311691,0.1313394010066986,0.1300390064716339,0.1300390064716339,0.11573471873998642,0.11963588744401932,0.11053316295146942,0.10013003647327423,0.10793238133192062,0.10013003647327423,0.11313393712043762,0.11443433165550232,0.09882964938879013,0.09622886776924133,0.08452535420656204,0.12353706359863281,0.09882964938879013,0.09362808614969254,0.09752926230430603,0.08582574874162674,0.09232769906520844,0.10273081809282303,0.09362808614969254,0.10013003647327423,0.10273081809282303,0.09622886776924133,0.09362808614969254,0.09882964938879013,0.11703511327505112,0.09492848068475723,0.10923276841640472,0.08842653036117554,0.08062418550252914,0.10403121262788773,0.08972691744565964,0.10143043100833893,0.11183355003595352,0.09882964938879013,0.08972691744565964,0.09362808614969254,0.10923276841640472,0.07932379841804504,0.10273081809282303,0.07022106647491455,0.07802340388298035,0.10403121262788773,0.09882964938879013,0.09492848068475723,0.06501950323581696,0.11313393712043762,0.08972691744565964,0.08972691744565964,0.10533159971237183,0.09492848068475723,0.10143043100833893,0.08712613582611084,0.10533159971237183,0.10273081809282303,0.06762028485536575,0.09882964938879013,0.07672301679849625,0.10143043100833893,0.09882964938879013,0.10143043100833893,0.08452535420656204,0.048114433884620667
0.13924050331115723,0.5189873576164246,0.5443037748336792,0.37974682450294495,0.5063291192054749,0.4303797483444214,0.5569620132446289,0.40506330132484436,0.27848100662231445,0.40506330132484436,0.29113924503326416,0.594936728477478,0.6202531456947327,0.4430379867553711,0.4683544337749481,0.40506330132484436,0.4430379867553711,0.5189873576164246,0.40506330132484436,0.5189873576164246,0.4177215099334717,0.5063291192054749,0.5189873576164246,0.4810126721858978,0.3037974536418915,0.4556961953639984,0.4683544337749481,0.4683544337749481,0.6455696225166321,0.4303797483444214,0.4683544337749481,0.3291139304637909,0.40506330132484436,0.4556961953639984,0.4810126721858978,0.5443037748336792,0.3670886158943176,0.4810126721858978,0.4683544337749481,0.49367088079452515,0.5696202516555786,0.4683544337749481,0.4556961953639984,0.37974682450294495,0.49367088079452515,0.5696202516555786,0.4683544337749481,0.40506330132484436,0.5822784900665283,0.4683544337749481,0.5063291192054749,0.4556961953639984,0.5443037748336792,0.5443037748336792,0.5189873576164246,0.4177215099334717,0.4683544337749481,0.3417721390724182,0.5443037748336792,0.594936728477478,0.5822784900665283,0.4683544337749481,0.5569620132446289,0.5822784900665283,0.5316455960273743,0.4683544337749481,0.37974682450294495,0.5569620132446289,0.5696202516555786,0.594936728477478,0.5696202516555786,0.5443037748336792,0.5189873576164246,0.4810126721858978,0.5822784900665283,0.5822784900665283,0.4177215099334717,0.6582278609275818,0.4810126721858978,0.5443037748336792,0.4556961953639984,0.7088607549667358,0.5063291192054749,0.8227847814559937,0.6455696225166321,0.5696202516555786,0.5063291192054749,0.6708860993385315,0.6962025165557861,0.6835442781448364,0.6962025165557861,0.607594907283783,0.7341772317886353,0.7215189933776855,0.6835442781448364,0.7215189933776855,0.6962025165557861,1.0,0.9873417615890503,0.16455696523189545,0.0,0.16455696523189545,0.9873417615890503,1.0,0.6962025165557861,0.7215189933776855,0.6835442781448364,0.7215189933776855,0.7341772317886353,0.607594907283783,0.6962025165557861,0.6835442781448364,0.6962025165557861,0.6708860993385315,0.5063291192054749,0.5696202516555786,0.6455696225166321,0.8227847814559937,0.5063291192054749,0.7088607549667358,0.4556961953639984,0.5443037748336792,0.4810126721858978,0.6582278609275818,0.4177215099334717,0.5822784900665283,0.5822784900665283,0.4810126721858978,0.5189873576164246,0.5443037748336792,0.5696202516555786,0.594936728477478,0.5696202516555786,0.5569620132446289,0.37974682450294495,0.4683544337749481,0.5316455960273743,0.5822784900665283,0.5569620132446289,0.4683544337749481,0.5822784900665283,0.594936728477478,0.5443037748336792,0.3417721390724182,0.4683544337749481,0.4177215099334717,0.5189873576164246,0.5443037748336792,0.5443037748336792,0.4556961953639984,0.5063291192054749,0.4683544337749481,0.5822784900665283,0.40506330132484436,0.4683544337749481,0.5696202516555786,0.49367088079452515,0.37974682450294495,0.4556961953639984,0.4683544337749481,0.5696202516555786,0.49367088079452515,0.4683544337749481,0.4810126721858978,0.3670886158943176,0.5443037748336792,0.4810126721858978,0.4556961953639984,0.40506330132484436,0.3291139304637909,0.4683544337749481,0.4303797483444214,0.6455696225166321,0.4683544337749481,0.4683544337749481,0.4556961953639984,0.3037974536418915,0.4810126721858978,0.5189873576164246,0.5063291192054749,0.4177215099334717,0.5189873576164246,0.40506330132484436,0.5189873576164246,0.4430379867553711,0.40506330132484436,0.4683544337749481,0.4430379867553711,0.6202531456947327,0.594936728477478,0.29113924503326416,0.40506330132484436,0.27848100662231445,0.40506330132484436,0.5569620132446289,0.4303797483444214,0.5063291192054749,0.37974682450294495,0.5443037748336792,0.5189873576164246,0.13924050331115723
0.20000000298023224,0.3166666626930237,0.23333333432674408,0.38333332538604736,0.3166666626930237,0.25,0.23333333432674408,0.21666666865348816,0.21666666865348816,0.2666666805744171,0.36666667461395264,0.3333333432674408,0.23333333432674408,0.2666666805744171,0.25,0.20000000298023224,0.11666666716337204,0.30000001192092896,0.3499999940395355,0.25,0.1666666716337204,0.21666666865348816,0.28333333134651184,0.20000000298023224,0.23333333432674408,0.28333333134651184,0.2666666805744171,0.1666666716337204,0.21666666865348816,0.21666666865348816,0.25,0.1666666716337204,0.15000000596046448,0.2666666805744171,0.1666666716337204,0.18333333730697632,0.21666666865348816,0.18333333730697632,0.20000000298023224,0.20000000298023224,0.20000000298023224,0.15000000596046448,0.15000000596046448,0.20000000298023224,0.20000000298023224,0.25,0.25,0.28333333134651184,0.20000000298023224,0.23333333432674408,0.23333333432674408,0.30000001192092896,0.21666666865348816,0.20000000298023224,0.2666666805744171,0.2666666805744171,0.2666666805744171,0.18333333730697632,0.20000000298023224,0.15000000596046448,0.15000000596046448,0.3166666626930237,0.21666666865348816,0.2666666805744171,0.23333333432674408,0.21666666865348816,0.2666666805744171,0.20000000298023224,0.23333333432674408,0.25,0.1666666716337204,0.4166666567325592,0.30000001192092896,0.1666666716337204,0.21666666865348816,0.30000001192092896,0.2666666805744171,0.3499999940395355,0.36666667461395264,0.21666666865348816,0.15000000596046448,0.36666667461395264,0.38333332538604736,0.4166666567325592,0.28333333134651184,0.4333333373069763,0.4833333194255829,0.5166666507720947,0.4000000059604645,0.30000001192092896,0.699999988079071,0.4166666567325592,0.5833333134651184,0.4833333194255829,0.5333333611488342,0.550000011920929,0.7166666388511658,1.0,0.8333333134651184,0.10000000149011612,0.0,0.10000000149011612,0.8333333134651184,1.0,0.7166666388511658,0.550000011920929,0.5333333611488342,0.4833333194255829,0.5833333134651184,0.4166666567325592,0.699999988079071,0.30000001192092896,0.4000000059604645,0.5166666507720947,0.4833333194255829,0.4333333373069763,0.28333333134651184,0.4166666567325592,0.38333332538604736,0.36666667461395264,0.15000000596046448,0.21666666865348816,0.36666667461395264,0.3499999940395355,0.2666666805744171,0.30000001192092896,0.21666666865348816,0.1666666716337204,0.30000001192092896,0.4166666567325592,0.1666666716337204,0.25,0.23333333432674408,0.20000000298023224,0.2666666805744171,0.21666666865348816,0.23333333432674408,0.2666666805744171,0.21666666865348816,0.3166666626930237,0.15000000596046448,0.15000000596046448,0.20000000298023224,0.18333333730697632,0.2666666805744171,0.2666666805744171,0.2666666805744171,0.20000000298023224,0.21666666865348816,0.30000001192092896,0.23333333432674408,0.23333333432674408,0.20000000298023224,0.28333333134651184,0.25,0.25,0.20000000298023224,0.20000000298023224,0.15000000596046448,0.15000000596046448,0.20000000298023224,0.20000000298023224,0.20000000298023224,0.18333333730697632,0.21666666865348816,0.18333333730697632,0.1666666716337204,0.2666666805744171,0.15000000596046448,0.1666666716337204,0.25,0.21666666865348816,0.21666666865348816,0.1666666716337204,0.2666666805744171,0.28333333134651184,0.23333333432674408,0.20000000298023224,0.28333333134651184,0.21666666865348816,0.1666666716337204,0.25,0.3499999940395355,0.30000001192092896,0.11666666716337204,0.20000000298023224,0.25,0.2666666805744171,0.23333333432674408,0.3333333432674408,0.36666667461395264,0.2666666805744171,0.21666666865348816,0.21666666865348816,0.23333333432674408,0.25,0.3166666626930237,0.38333332538604736,0.23333333432674408,0.3166666626930237,0.20000000298023224
0.06666667014360428,0.13333334028720856,0.06666667014360428,0.0,0.0,0.0,0.06666667014360428,0.0,0.0,0.0,0.0,0.0,0.0,0.06666667014360428,0.06666667014360428,0.0,0.0,0.0,0.0,0.0,0.06666667014360428,0.13333334028720856,0.0,0.0,0.06666667014360428,0.0,0.0,0.0,0.0,0.0,0.0,0.0,0.06666667014360428,0.0,0.0,0.06666667014360428,0.06666667014360428,0.06666667014360428,0.0,0.0,0.13333334028720856,0.0,0.0,0.0,0.0,0.0,0.0,0.13333334028720856,0.0,0.06666667014360428,0.0,0.0,0.0,0.0,0.0,0.13333334028720856,0.0,0.06666667014360428,0.0,0.20000000298023224,0.0,0.0,0.06666667014360428,0.06666667014360428,0.06666667014360428,0.0,0.06666667014360428,0.0,0.20000000298023224,0.0,0.06666667014360428,0.2666666805744171,0.0,0.06666667014360428,0.06666667014360428,0.20000000298023224,0.06666667014360428,0.13333334028720856,0.13333334028720856,0.06666667014360428,0.0,0.06666667014360428,0.13333334028720856,0.06666667014360428,0.06666667014360428,0.0,0.13333334028720856,0.3333333432674408,0.2666666805744171,0.2666666805744171,0.20000000298023224,0.4000000059604645,0.2666666805744171,0.46666666865348816,1.0,0.7333333492279053,0.6000000238418579,0.06666667014360428,0.0,0.0,0.0,0.0,0.0,0.06666667014360428,0.6000000238418579,0.7333333492279053,1.0,0.46666666865348816,0.2666666805744171,0.4000000059604645,0.20000000298023224,0.2666666805744171,0.2666666805744171,0.3333333432674408,0.13333334028720856,0.0,0.06666667014360428,0.06666667014360428,0.13333334028720856,0.06666667014360428,0.0,0.06666667014360428,0.13333334028720856,0.13333334028720856,0.06666667014360428,0.20000000298023224,0.06666667014360428,0.06666667014360428,0.0,0.2666666805744171,0.06666667014360428,0.0,0.20000000298023224,0.0,0.06666667014360428,0.0,0.06666667014360428,0.06666667014360428,0.06666667014360428,0.0,0.0,0.20000000298023224,0.0,0.06666667014360428,0.0,0.13333334028720856,0.0,0.0,0.0,0.0,0.0,0.06666667014360428,0.0,0.13333334028720856,0.0,0.0,0.0,0.0,0.0,0.0,0.13333334028720856,0.0,0.0,0.06666667014360428,0.06666667014360428,0.06666667014360428,0.0,0.0,0.06666667014360428,0.0,0.0,0.0,0.0,0.0,0.0,0.0,0.06666667014360428,0.0,0.0,0.13333334028720856,0.06666667014360428,0.0,0.0,0.0,0.0,0.0,0.06666667014360428,0.06666667014360428,0.0,0.0,0.0,0.0,0.0,0.0,0.06666667014360428,0.0,0.0,0.0,0.06666667014360428,0.13333334028720856,0.06666667014360428
0.02397260256111622,0.0445205494761467,0.04794520512223244,0.05821917951107025,0.04109589010477066,0.034246575087308884,0.03767123445868492,0.0445205494761467,0.054794520139694214,0.02397260256111622,0.030821917578577995,0.07876712083816528,0.034246575087308884,0.04794520512223244,0.034246575087308884,0.05821917951107025,0.054794520139694214,0.06506849080324173,0.06164383515715599,0.0445205494761467,0.03767123445868492,0.03767123445868492,0.04109589010477066,0.0445205494761467,0.04109589010477066,0.04794520512223244,0.034246575087308884,0.051369864493608475,0.0445205494761467,0.054794520139694214,0.051369864493608475,0.0445205494761467,0.03767123445868492,0.054794520139694214,0.03767123445868492,0.06506849080324173,0.034246575087308884,0.04109589010477066,0.03767123445868492,0.03767123445868492,0.051369864493608475,0.04794520512223244,0.054794520139694214,0.04794520512223244,0.06849315017461777,0.051369864493608475,0.04794520512223244,0.03767123445868492,0.05821917951107025,0.06506849080324173,0.02397260256111622,0.04109589010477066,0.051369864493608475,0.051369864493608475,0.03767123445868492,0.03767123445868492,0.0719178095459938,0.030821917578577995,0.04109589010477066,0.05821917951107025,0.0445205494761467,0.07534246891736984,0.07876712083816528,0.03767123445868492,0.02054794505238533,0.09246575087308884,0.04794520512223244,0.0445205494761467,0.05821917951107025,0.034246575087308884,0.0719178095459938,0.054794520139694214,0.06849315017461777,0.13013698160648346,0.07876712083816528,0.05821917951107025,0.07876712083816528,0.08561643958091736,0.07534246891736984,0.09589041024446487,0.07534246891736984,0.10958904027938843,0.10273972898721695,0.1438356190919876,0.13698630034923553,0.13013698160648346,0.20205479860305786,0.19863013923168182,0.18150684237480164,0.22602739930152893,0.2705479562282562,0.2773972749710083,0.35273972153663635,0.43150684237480164,0.31849315762519836,0.3561643958091736,1.0,0.698630154132843,0.4041095972061157,0.06506849080324173,0.0,0.06506849080324173,0.4041095972061157,0.698630154132843,1.0,0.3561643958091736,0.31849315762519836,0.43150684237480164,0.35273972153663635,0.2773972749710083,0.2705479562282562,0.22602739930152893,0.18150684237480164,0.19863013923168182,0.20205479860305786,0.13013698160648346,0.13698630034923553,0.1438356190919876,0.10273972898721695,0.10958904027938843,0.07534246891736984,0.09589041024446487,0.07534246891736984,0.08561643958091736,0.07876712083816528,0.05821917951107025,0.07876712083816528,0.13013698160648346,0.06849315017461777,0.054794520139694214,0.0719178095459938,0.034246575087308884,0.05821917951107025,0.0445205494761467,0.04794520512223244,0.09246575087308884,0.02054794505238533,0.03767123445868492,0.07876712083816528,0.07534246891736984,0.0445205494761467,0.05821917951107025,0.04109589010477066,0.030821917578577995,0.0719178095459938,0.03767123445868492,0.03767123445868492,0.051369864493608475,0.051369864493608475,0.04109589010477066,0.02397260256111622,0.06506849080324173,0.05821917951107025,0.03767123445868492,0.04794520512223244,0.051369864493608475,0.06849315017461777,0.04794520512223244,0.054794520139694214,0.04794520512223244,0.051369864493608475,0.03767123445868492,0.03767123445868492,0.04109589010477066,0.034246575087308884,0.06506849080324173,0.03767123445868492,0.054794520139694214,0.03767123445868492,0.0445205494761467,0.051369864493608475,0.054794520139694214,0.0445205494761467,0.051369864493608475,0.034246575087308884,0.04794520512223244,0.04109589010477066,0.0445205494761467,0.04109589010477066,0.03767123445868492,0.03767123445868492,0.0445205494761467,0.06164383515715599,0.06506849080324173,0.054794520139694214,0.05821917951107025,0.034246575087308884,0.04794520512223244,0.034246575087308884,0.07876712083816528,0.030821917578577995,0.02397260256111622,0.054794520139694214,0.0445205494761467,0.03767123445868492,0.034246575087308884,0.04109589010477066,0.05821917951107025,0.04794520512223244,0.0445205494761467,0.02397260256111622
0.022522522136569023,0.07057057321071625,0.07207207381725311,0.07807807624340057,0.06756756454706192,0.07507507503032684,0.048048049211502075,0.06756756454706192,0.07657657563686371,0.06756756454706192,0.08858858793973923,0.07507507503032684,0.06906907260417938,0.07507507503032684,0.0810810774564743,0.08858858793973923,0.06906907260417938,0.07507507503032684,0.0810810774564743,0.051051050424575806,0.08708708733320236,0.07507507503032684,0.07057057321071625,0.08858858793973923,0.0855855867266655,0.09009008854627609,0.07807807624340057,0.09459459781646729,0.08708708733320236,0.10060060024261475,0.08258258551359177,0.08408408612012863,0.07207207381725311,0.07807807624340057,0.07957957684993744,0.07507507503032684,0.07957957684993744,0.07657657563686371,0.06906907260417938,0.07957957684993744,0.06756756454706192,0.07057057321071625,0.05255255103111267,0.06906907260417938,0.06756756454706192,0.054054055362939835,0.06906907260417938,0.06456456333398819,0.06906907260417938,0.08708708733320236,0.06306306272745132,0.06756756454706192,0.07507507503032684,0.06456456333398819,0.06606606394052505,0.06306306272745132,0.08408408612012863,0.08258258551359177,0.08858858793973923,0.07207207381725311,0.07957957684993744,0.07357357442378998,0.10060060024261475,0.10060060024261475,0.0855855867266655,0.0855855867266655,0.09009008854627609,0.0855855867266655,0.09909909963607788,0.09009008854627609,0.10210210084915161,0.12012012302875519,0.13513512909412384,0.10060060024261475,0.12012012302875519,0.1321321278810501,0.13363362848758698,0.1501501500606537,0.1501501500606537,0.14414414763450623,0.15315315127372742,0.15465465188026428,0.18168167769908905,0.20870870351791382,0.23273272812366486,0.2432432472705841,0.31381380558013916,0.315315306186676,0.379879891872406,0.3753753900527954,0.4369369447231293,0.4309309422969818,0.4669669568538666,0.5270270109176636,0.5585585832595825,0.5780780911445618,0.8018018007278442,0.6336336135864258,1.0,0.15465465188026428,0.0,0.15465465188026428,1.0,0.6336336135864258,0.8018018007278442,0.5780780911445618,0.5585585832595825,0.5270270109176636,0.4669669568538666,0.4309309422969818,0.4369369447231293,0.3753753900527954,0.379879891872406,0.315315306186676,0.31381380558013916,0.2432432472705841,0.23273272812366486,0.20870870351791382,0.18168167769908905,0.15465465188026428,0.15315315127372742,0.14414414763450623,0.1501501500606537,0.1501501500606537,0.13363362848758698,0.1321321278810501,0.12012012302875519,0.10060060024261475,0.13513512909412384,0.12012012302875519,0.10210210084915161,0.09009008854627609,0.09909909963607788,0.0855855867266655,0.09009008854627609,0.0855855867266655,0.0855855867266655,0.10060060024261475,0.10060060024261475,0.07357357442378998,0.07957957684993744,0.07207207381725311,0.08858858793973923,0.08258258551359177,0.08408408612012863,0.06306306272745132,0.06606606394052505,0.06456456333398819,0.07507507503032684,0.06756756454706192,0.06306306272745132,0.08708708733320236,0.06906907260417938,0.06456456333398819,0.06906907260417938,0.054054055362939835,0.06756756454706192,0.06906907260417938,0.05255255103111267,0.07057057321071625,0.06756756454706192,0.07957957684993744,0.06906907260417938,0.07657657563686371,0.07957957684993744,0.07507507503032684,0.07957957684993744,0.07807807624340057,0.07207207381725311,0.08408408612012863,0.08258258551359177,0.10060060024261475,0.08708708733320236,0.09459459781646729,0.07807807624340057,0.09009008854627609,0.0855855867266655,0.08858858793973923,0.07057057321071625,0.07507507503032684,0.08708708733320236,0.051051050424575806,0.0810810774564743,0.07507507503032684,0.06906907260417938,0.08858858793973923,0.0810810774564743,0.07507507503032684,0.06906907260417938,0.07507507503032684,0.08858858793973923,0.06756756454706192,0.07657657563686371,0.06756756454706192,0.048048049211502075,0.07507507503032684,0.06756756454706192,0.07807807624340057,0.07207207381725311,0.07057057321071625,0.022522522136569023
0.03333333507180214,0.12727272510528564,0.09090909361839294,0.13333334028720856,0.11818181723356247,0.1090909093618393,0.08787878602743149,0.0939393937587738,0.11818181723356247,0.10606060922145844,0.12121212482452393,0.12424242496490479,0.10606060922145844,0.10303030163049698,0.1303030252456665,0.12727272510528564,0.10000000149011612,0.09090909361839294,0.11515151709318161,0.06969697028398514,0.11212120950222015,0.0939393937587738,0.08484848588705063,0.09090909361839294,0.14242424070835114,0.12424242496490479,0.1090909093618393,0.10000000149011612,0.10606060922145844,0.1090909093618393,0.11212120950222015,0.072727270424366,0.10000000149011612,0.10606060922145844,0.072727270424366,0.08787878602743149,0.10303030163049698,0.11818181723356247,0.06666667014360428,0.12121212482452393,0.09696969389915466,0.10000000149011612,0.08787878602743149,0.10303030163049698,0.10303030163049698,0.08787878602743149,0.10606060922145844,0.1090909093618393,0.07878787815570831,0.11515151709318161,0.10000000149011612,0.10606060922145844,0.1515151560306549,0.11212120950222015,0.12727272510528564,0.09696969389915466,0.13333334028720856,0.13636364042758942,0.11818181723356247,0.14848485589027405,0.12424242496490479,0.1515151560306549,0.1515151560306549,0.08181817829608917,0.17878787219524384,0.15757575631141663,0.11515151709318161,0.13636364042758942,0.11818181723356247,0.17272727191448212,0.16363635659217834,0.1666666716337204,0.1666666716337204,0.1878787875175476,0.1515151560306549,0.19090908765792847,0.17878787219524384,0.20000000298023224,0.23636363446712494,0.23030303418636322,0.21515151858329773,0.28484848141670227,0.27878788113594055,0.2969697117805481,0.28484848141670227,0.33030304312705994,0.4060606062412262,0.46666666865348816,0.4363636374473572,0.4575757682323456,0.5272727012634277,0.48787879943847656,0.5242424011230469,0.6818181872367859,0.6818181872367859,0.7151514887809753,0.9424242377281189,0.9060605764389038,1.0,0.19090908765792847,0.0,0.19090908765792847,1.0,0.9060605764389038,0.9424242377281189,0.7151514887809753,0.6818181872367859,0.6818181872367859,0.5242424011230469,0.48787879943847656,0.5272727012634277,0.4575757682323456,0.4363636374473572,0.46666666865348816,0.4060606062412262,0.33030304312705994,0.28484848141670227,0.2969697117805481,0.27878788113594055,0.28484848141670227,0.21515151858329773,0.23030303418636322,0.23636363446712494,0.20000000298023224,0.17878787219524384,0.19090908765792847,0.1515151560306549,0.1878787875175476,0.1666666716337204,0.1666666716337204,0.16363635659217834,0.17272727191448212,0.11818181723356247,0.13636364042758942,0.11515151709318161,0.15757575631141663,0.17878787219524384,0.08181817829608917,0.1515151560306549,0.1515151560306549,0.12424242496490479,0.14848485589027405,0.11818181723356247,0.13636364042758942,0.13333334028720856,0.09696969389915466,0.12727272510528564,0.11212120950222015,0.1515151560306549,0.10606060922145844,0.10000000149011612,0.11515151709318161,0.07878787815570831,0.1090909093618393,0.10606060922145844,0.08787878602743149,0.10303030163049698,0.10303030163049698,0.08787878602743149,0.10000000149011612,0.09696969389915466,0.12121212482452393,0.06666667014360428,0.11818181723356247,0.10303030163049698,0.08787878602743149,0.072727270424366,0.10606060922145844,0.10000000149011612,0.072727270424366,0.11212120950222015,0.1090909093618393,0.10606060922145844,0.10000000149011612,0.1090909093618393,0.12424242496490479,0.14242424070835114,0.09090909361839294,0.08484848588705063,0.0939393937587738,0.11212120950222015,0.06969697028398514,0.11515151709318161,0.09090909361839294,0.10000000149011612,0.12727272510528564,0.1303030252456665,0.10303030163049698,0.10606060922145844,0.12424242496490479,0.12121212482452393,0.10606060922145844,0.11818181723356247,0.0939393937587738,0.08787878602743149,0.1090909093618393,0.11818181723356247,0.13333334028720856,0.09090909361839294,0.12727272510528564,0.03333333507180214
0.15458936989307404,0.19323670864105225,0.17874395847320557,0.21256038546562195,0.15942029654979706,0.2222222238779068,0.17874395847320557,0.18840579688549042,0.19323670864105225,0.17391304671764374,0.21739129722118378,0.19806763529777527,0.15942029654979706,0.17391304671764374,0.26570048928260803,0.27053138613700867,0.2222222238779068,0.2028985470533371,0.2028985470533371,0.22705313563346863,0.1835748851299286,0.20772947371006012,0.19323670864105225,0.2222222238779068,0.21256038546562195,0.21256038546562195,0.1835748851299286,0.21256038546562195,0.14009661972522736,0.1497584581375122,0.17391304671764374,0.1642512083053589,0.1835748851299286,0.1835748851299286,0.2028985470533371,0.1497584581375122,0.1835748851299286,0.19323670864105225,0.20772947371006012,0.15942029654979706,0.20772947371006012,0.16908212006092072,0.1497584581375122,0.21739129722118378,0.25120773911476135,0.25120773911476135,0.20772947371006012,0.17391304671764374,0.1497584581375122,0.20772947371006012,0.1497584581375122,0.2028985470533371,0.1835748851299286,0.20772947371006012,0.18840579688549042,0.23671497404575348,0.20772947371006012,0.19806763529777527,0.16908212006092072,0.28985506296157837,0.2415459007024765,0.15458936989307404,0.13526569306850433,0.21739129722118378,0.23671497404575348,0.24637681245803833,0.23188406229019165,0.21739129722118378,0.26570048928260803,0.27053138613700867,0.256038635969162,0.27053138613700867,0.38164252042770386,0.3526569902896881,0.256038635969162,0.26570048928260803,0.2801932394504547,0.2946859896183014,0.33816424012184143,0.38164252042770386,0.3478260934352875,0.25120773911476135,0.4299516975879669,0.38164252042770386,0.36231884360313416,0.3285024166107178,0.5748792290687561,0.4299516975879669,0.483091801404953,0.5024154782295227,0.5942028760910034,0.5314009785652161,0.695652186870575,0.5748792290687561,0.6570048332214355,0.739130437374115,0.966183602809906,0.8792270421981812,1.0,0.17391304671764374,0.0,0.17391304671764374,1.0,0.8792270421981812,0.966183602809906,0.739130437374115,0.6570048332214355,0.5748792290687561,0.695652186870575,0.5314009785652161,0.5942028760910034,0.5024154782295227,0.483091801404953,0.4299516975879669,0.5748792290687561,0.3285024166107178,0.36231884360313416,0.38164252042770386,0.4299516975879669,0.25120773911476135,0.3478260934352875,0.38164252042770386,0.33816424012184143,0.2946859896183014,0.2801932394504547,0.26570048928260803,0.256038635969162,0.3526569902896881,0.38164252042770386,0.27053138613700867,0.256038635969162,0.27053138613700867,0.26570048928260803,0.21739129722118378,0.23188406229019165,0.24637681245803833,0.23671497404575348,0.21739129722118378,0.13526569306850433,0.15458936989307404,0.2415459007024765,0.28985506296157837,0.16908212006092072,0.19806763529777527,0.20772947371006012,0.23671497404575348,0.18840579688549042,0.20772947371006012,0.1835748851299286,0.2028985470533371,0.1497584581375122,0.20772947371006012,0.1497584581375122,0.17391304671764374,0.20772947371006012,0.25120773911476135,0.25120773911476135,0.21739129722118378,0.1497584581375122,0.16908212006092072,0.20772947371006012,0.15942029654979706,0.20772947371006012,0.19323670864105225,0.1835748851299286,0.1497584581375122,0.2028985470533371,0.1835748851299286,0.1835748851299286,0.1642512083053589,0.17391304671764374,0.1497584581375122,0.14009661972522736,0.21256038546562195,0.1835748851299286,0.21256038546562195,0.21256038546562195,0.2222222238779068,0.19323670864105225,0.20772947371006012,0.1835748851299286,0.22705313563346863,0.2028985470533371,0.2028985470533371,0.2222222238779068,0.27053138613700867,0.26570048928260803,0.17391304671764374,0.15942029654979706,0.19806763529777527,0.21739129722118378,0.17391304671764374,0.19323670864105225,0.18840579688549042,0.17874395847320557,0.2222222238779068,0.15942029654979706,0.21256038546562195,0.17874395847320557,0.19323670864105225,0.15458936989307404
0.22448979318141937,0.3265306055545807,0.40816327929496765,0.3469387888908386,0.3265306055545807,0.40816327929496765,0.37755101919174194,0.29591837525367737,0.37755101919174194,0.29591837525367737,0.33673468232154846,0.5,0.3571428656578064,0.47959184646606445,0.4183673560619354,0.36734694242477417,0.40816327929496765,0.40816327929496765,0.3877550959587097,0.3877550959587097,0.3979591727256775,0.4183673560619354,0.27551019191741943,0.3265306055545807,0.3571428656578064,0.4693877696990967,0.44897958636283875,0.3469387888908386,0.36734694242477417,0.37755101919174194,0.37755101919174194,0.47959184646606445,0.3571428656578064,0.3163265287876129,0.3469387888908386,0.27551019191741943,0.3469387888908386,0.3877550959587097,0.40816327929496765,0.3877550959587097,0.5714285969734192,0.3877550959587097,0.37755101919174194,0.37755101919174194,0.3469387888908386,0.47959184646606445,0.47959184646606445,0.3979591727256775,0.36734694242477417,0.4183673560619354,0.43877550959587097,0.3571428656578064,0.37755101919174194,0.4591836631298065,0.43877550959587097,0.37755101919174194,0.4183673560619354,0.33673468232154846,0.36734694242477417,0.40816327929496765,0.30612245202064514,0.4693877696990967,0.4285714328289032,0.3877550959587097,0.47959184646606445,0.5204081535339355,0.5408163070678711,0.36734694242477417,0.3571428656578064,0.4285714328289032,0.3877550959587097,0.47959184646606445,0.4591836631298065,0.5102040767669678,0.4897959232330322,0.3571428656578064,0.4285714328289032,0.581632673740387,0.4693877696990967,0.5102040767669678,0.4897959232330322,0.6020408272743225,0.581632673740387,0.6122449040412903,0.5510203838348389,0.5306122303009033,0.6734693646430969,0.5714285969734192,0.8367347121238708,0.6836734414100647,0.6836734414100647,0.6530612111091614,0.6836734414100647,0.7755101919174194,0.7244898080825806,0.8673469424247742,0.9387755393981934,0.9591836929321289,1.0,0.15306122601032257,0.0,0.15306122601032257,1.0,0.9591836929321289,0.9387755393981934,0.8673469424247742,0.7244898080825806,0.7755101919174194,0.6836734414100647,0.6530612111091614,0.6836734414100647,0.6836734414100647,0.8367347121238708,0.5714285969734192,0.6734693646430969,0.5306122303009033,0.5510203838348389,0.6122449040412903,0.581632673740387,0.6020408272743225,0.4897959232330322,0.5102040767669678,0.4693877696990967,0.581632673740387,0.4285714328289032,0.3571428656578064,0.4897959232330322,0.5102040767669678,0.4591836631298065,0.47959184646606445,0.3877550959587097,0.4285714328289032,0.3571428656578064,0.36734694242477417,0.5408163070678711,0.5204081535339355,0.47959184646606445,0.3877550959587097,0.4285714328289032,0.4693877696990967,0.30612245202064514,0.40816327929496765,0.36734694242477417,0.33673468232154846,0.4183673560619354,0.37755101919174194,0.43877550959587097,0.4591836631298065,0.37755101919174194,0.3571428656578064,0.43877550959587097,0.4183673560619354,0.36734694242477417,0.3979591727256775,0.47959184646606445,0.47959184646606445,0.3469387888908386,0.37755101919174194,0.37755101919174194,0.3877550959587097,0.5714285969734192,0.3877550959587097,0.40816327929496765,0.3877550959587097,0.3469387888908386,0.27551019191741943,0.3469387888908386,0.3163265287876129,0.3571428656578064,0.47959184646606445,0.37755101919174194,0.37755101919174194,0.36734694242477417,0.3469387888908386,0.44897958636283875,0.4693877696990967,0.3571428656578064,0.3265306055545807,0.27551019191741943,0.4183673560619354,0.3979591727256775,0.3877550959587097,0.3877550959587097,0.40816327929496765,0.40816327929496765,0.36734694242477417,0.4183673560619354,0.47959184646606445,0.3571428656578064,0.5,0.33673468232154846,0.29591837525367737,0.37755101919174194,0.29591837525367737,0.37755101919174194,0.40816327929496765,0.3265306055545807,0.3469387888908386,0.40816327929496765,0.3265306055545807,0.22448979318141937
0.30000001192092896,0.5571428537368774,0.5428571701049805,0.44285714626312256,0.44285714626312256,0.4714285731315613,0.48571428656578064,0.4714285731315613,0.6285714507102966,0.4714285731315613,0.6428571343421936,0.6000000238418579,0.5857142806053162,0.5571428537368774,0.5857142806053162,0.48571428656578064,0.5142857432365417,0.4000000059604645,0.6285714507102966,0.6714285612106323,0.6285714507102966,0.48571428656578064,0.7428571581840515,0.5571428537368774,0.5571428537368774,0.5285714268684387,0.6142857074737549,0.5142857432365417,0.3857142925262451,0.5,0.6428571343421936,0.5857142806053162,0.6142857074737549,0.5571428537368774,0.6142857074737549,0.5428571701049805,0.48571428656578064,0.6428571343421936,0.44285714626312256,0.5857142806053162,0.5428571701049805,0.5142857432365417,0.44285714626312256,0.4285714328289032,0.5714285969734192,0.6142857074737549,0.6142857074737549,0.6428571343421936,0.6142857074737549,0.3857142925262451,0.5428571701049805,0.5857142806053162,0.6571428775787354,0.5,0.6428571343421936,0.5,0.4714285731315613,0.5714285969734192,0.4714285731315613,0.6714285612106323,0.5714285969734192,0.48571428656578064,0.6000000238418579,0.3857142925262451,0.6714285612106323,0.48571428656578064,0.5571428537368774,0.48571428656578064,0.8142856955528259,0.4285714328289032,0.5571428537368774,0.5714285969734192,0.5,0.5285714268684387,0.5428571701049805,0.44285714626312256,0.6571428775787354,0.5857142806053162,0.6000000238418579,0.5714285969734192,0.5857142806053162,0.6285714507102966,0.7571428418159485,0.5428571701049805,0.5285714268684387,0.800000011920929,0.699999988079071,0.5714285969734192,0.6285714507102966,0.5857142806053162,0.6571428775787354,0.6000000238418579,0.8428571224212646,0.9714285731315613,0.5857142806053162,0.699999988079071,0.8571428656578064,1.0,0.9571428298950195,0.0714285746216774,0.0,0.0714285746216774,0.9571428298950195,1.0,0.8571428656578064,0.699999988079071,0.5857142806053162,0.9714285731315613,0.8428571224212646,0.6000000238418579,0.6571428775787354,0.5857142806053162,0.6285714507102966,0.5714285969734192,0.699999988079071,0.800000011920929,0.5285714268684387,0.5428571701049805,0.7571428418159485,0.6285714507102966,0.5857142806053162,0.5714285969734192,0.6000000238418579,0.5857142806053162,0.6571428775787354,0.44285714626312256,0.5428571701049805,0.5285714268684387,0.5,0.5714285969734192,0.5571428537368774,0.4285714328289032,0.8142856955528259,0.48571428656578064,0.5571428537368774,0.48571428656578064,0.6714285612106323,0.3857142925262451,0.6000000238418579,0.48571428656578064,0.5714285969734192,0.6714285612106323,0.4714285731315613,0.5714285969734192,0.4714285731315613,0.5,0.6428571343421936,0.5,0.6571428775787354,0.5857142806053162,0.5428571701049805,0.3857142925262451,0.6142857074737549,0.6428571343421936,0.6142857074737549,0.6142857074737549,0.5714285969734192,0.4285714328289032,0.44285714626312256,0.5142857432365417,0.5428571701049805,0.5857142806053162,0.44285714626312256,0.6428571343421936,0.48571428656578064,0.5428571701049805,0.6142857074737549,0.5571428537368774,0.6142857074737549,0.5857142806053162,0.6428571343421936,0.5,0.3857142925262451,0.5142857432365417,0.6142857074737549,0.5285714268684387,0.5571428537368774,0.5571428537368774,0.7428571581840515,0.48571428656578064,0.6285714507102966,0.6714285612106323,0.6285714507102966,0.4000000059604645,0.5142857432365417,0.48571428656578064,0.5857142806053162,0.5571428537368774,0.5857142806053162,0.6000000238418579,0.6428571343421936,0.4714285731315613,0.6285714507102966,0.4714285731315613,0.48571428656578064,0.4714285731315613,0.44285714626312256,0.44285714626312256,0.5428571701049805,0.5571428537368774,0.30000001192092896
0.1428571492433548,0.3891625702381134,0.33990147709846497,0.35467979311943054,0.41871920228004456,0.3054187297821045,0.32019704580307007,0.3694581389427185,0.41871920228004456,0.35960590839385986,0.3497537076473236,0.39901477098464966,0.3251231610774994,0.3891625702381134,0.3300492465496063,0.3497537076473236,0.33497536182403564,0.3842364549636841,0.3645320236682892,0.32019704580307007,0.37931033968925476,0.3891625702381134,0.3054187297821045,0.3054187297821045,0.4088670015335083,0.3497537076473236,0.2807881832122803,0.3300492465496063,0.41871920228004456,0.39901477098464966,0.39901477098464966,0.403940886259079,0.41871920228004456,0.37438422441482544,0.3251231610774994,0.39901477098464966,0.31527093052864075,0.39901477098464966,0.32019704580307007,0.2857142984867096,0.403940886259079,0.4482758641242981,0.32019704580307007,0.43842363357543945,0.3891625702381134,0.33497536182403564,0.37438422441482544,0.3694581389427185,0.31527093052864075,0.39901477098464966,0.37438422441482544,0.35467979311943054,0.37931033968925476,0.3300492465496063,0.467980295419693,0.4285714328289032,0.3891625702381134,0.37438422441482544,0.48275861144065857,0.4433497488498688,0.4088670015335083,0.39901477098464966,0.39408865571022034,0.403940886259079,0.39408865571022034,0.43842363357543945,0.39901477098464966,0.3842364549636841,0.35467979311943054,0.5073891878128052,0.4334975481033325,0.43842363357543945,0.4137931168079376,0.403940886259079,0.43842363357543945,0.4482758641242981,0.4729064106941223,0.4334975481033325,0.467980295419693,0.4433497488498688,0.4482758641242981,0.5960590839385986,0.4532019793987274,0.4334975481033325,0.4926108419895172,0.5320196747779846,0.6551724076271057,0.6354680061340332,0.5763546824455261,0.6600984930992126,0.6847290396690369,0.6650246381759644,0.7192118167877197,0.6305418610572815,0.610837459564209,0.7044335007667542,0.6995074152946472,0.8522167205810547,1.0,0.12807881832122803,0.0,0.12807881832122803,1.0,0.8522167205810547,0.6995074152946472,0.7044335007667542,0.610837459564209,0.6305418610572815,0.7192118167877197,0.6650246381759644,0.6847290396690369,0.6600984930992126,0.5763546824455261,0.6354680061340332,0.6551724076271057,0.5320196747779846,0.4926108419895172,0.4334975481033325,0.4532019793987274,0.5960590839385986,0.4482758641242981,0.4433497488498688,0.467980295419693,0.4334975481033325,0.4729064106941223,0.4482758641242981,0.43842363357543945,0.403940886259079,0.4137931168079376,0.43842363357543945,0.4334975481033325,0.5073891878128052,0.35467979311943054,0.3842364549636841,0.39901477098464966,0.43842363357543945,0.39408865571022034,0.403940886259079,0.39408865571022034,0.39901477098464966,0.4088670015335083,0.4433497488498688,0.48275861144065857,0.37438422441482544,0.3891625702381134,0.4285714328289032,0.467980295419693,0.3300492465496063,0.37931033968925476,0.35467979311943054,0.37438422441482544,0.39901477098464966,0.31527093052864075,0.3694581389427185,0.37438422441482544,0.33497536182403564,0.3891625702381134,0.43842363357543945,0.32019704580307007,0.4482758641242981,0.403940886259079,0.2857142984867096,0.32019704580307007,0.39901477098464966,0.31527093052864075,0.39901477098464966,0.3251231610774994,0.37438422441482544,0.41871920228004456,0.403940886259079,0.39901477098464966,0.39901477098464966,0.41871920228004456,0.3300492465496063,0.2807881832122803,0.3497537076473236,0.4088670015335083,0.3054187297821045,0.3054187297821045,0.3891625702381134,0.37931033968925476,0.32019704580307007,0.3645320236682892,0.3842364549636841,0.33497536182403564,0.3497537076473236,0.3300492465496063,0.3891625702381134,0.3251231610774994,0.39901477098464966,0.3497537076473236,0.35960590839385986,0.41871920228004456,0.3694581389427185,0.32019704580307007,0.3054187297821045,0.41871920228004456,0.35467979311943054,0.33990147709846497,0.3891625702381134,0.1428571492433548
0.25,0.5,0.3333333432674408,0.0833333358168602,0.25,0.4166666567325592,0.5833333134651184,0.25,0.5,0.4166666567325592,0.4166666567325592,0.75,0.1666666716337204,0.4166666567325592,0.3333333432674408,0.0,0.0,0.3333333432674408,0.5833333134651184,0.25,0.25,0.0,0.4166666567325592,0.5,0.4166666567325592,0.3333333432674408,0.1666666716337204,0.1666666716337204,0.3333333432674408,0.5833333134651184,0.5,0.5833333134651184,0.4166666567325592,0.4166666567325592,0.25,0.25,0.1666666716337204,0.3333333432674408,0.75,0.5,0.5,0.4166666567325592,0.6666666865348816,0.4166666567325592,0.6666666865348816,0.5833333134651184,0.5,0.9166666865348816,0.5,0.3333333432674408,0.75,0.6666666865348816,0.3333333432674408,0.6666666865348816,0.1666666716337204,0.4166666567325592,0.5,0.5,0.6666666865348816,0.3333333432674408,0.1666666716337204,1.0,0.75,0.5833333134651184,0.5833333134651184,0.5,0.25,0.4166666567325592,0.25,0.5,0.3333333432674408,0.3333333432674408,0.75,0.25,0.0833333358168602,0.6666666865348816,0.8333333134651184,0.8333333134651184,0.5833333134651184,0.5,0.3333333432674408,0.5,0.5,0.3333333432674408,0.5833333134651184,0.4166666567325592,0.3333333432674408,0.25,0.6666666865348816,0.5,0.4166666567325592,0.1666666716337204,0.3333333432674408,0.4166666567325592,0.5833333134651184,0.9166666865348816,0.25,0.4166666567325592,0.6666666865348816,0.1666666716337204,0.0,0.1666666716337204,0.6666666865348816,0.4166666567325592,0.25,0.9166666865348816,0.5833333134651184,0.4166666567325592,0.3333333432674408,0.1666666716337204,0.4166666567325592,0.5,0.6666666865348816,0.25,0.3333333432674408,0.4166666567325592,0.5833333134651184,0.3333333432674408,0.5,0.5,0.3333333432674408,0.5,0.5833333134651184,0.8333333134651184,0.8333333134651184,0.6666666865348816,0.0833333358168602,0.25,0.75,0.3333333432674408,0.3333333432674408,0.5,0.25,0.4166666567325592,0.25,0.5,0.5833333134651184,0.5833333134651184,0.75,1.0,0.1666666716337204,0.3333333432674408,0.6666666865348816,0.5,0.5,0.4166666567325592,0.1666666716337204,0.6666666865348816,0.3333333432674408,0.6666666865348816,0.75,0.3333333432674408,0.5,0.9166666865348816,0.5,0.5833333134651184,0.6666666865348816,0.4166666567325592,0.6666666865348816,0.4166666567325592,0.5,0.5,0.75,0.3333333432674408,0.1666666716337204,0.25,0.25,0.4166666567325592,0.4166666567325592,0.5833333134651184,0.5,0.5833333134651184,0.3333333432674408,0.1666666716337204,0.1666666716337204,0.3333333432674408,0.4166666567325592,0.5,0.4166666567325592,0.0,0.25,0.25,0.5833333134651184,0.3333333432674408,0.0,0.0,0.3333333432674408,0.4166666567325592,0.1666666716337204,0.75,0.4166666567325592,0.4166666567325592,0.5,0.25,0.5833333134651184,0.4166666567325592,0.25,0.0833333358168602,0.3333333432674408,0.5,0.25
0.11940298229455948,0.27761194109916687,0.2238806039094925,0.27462685108184814,0.22089552879333496,0.28656715154647827,0.3014925420284271,0.2805970013141632,0.2328358143568039,0.2328358143568039,0.22686567902565002,0.2805970013141632,0.25671643018722534,0.2805970013141632,0.2149253785610199,0.22686567902565002,0.27761194109916687,0.20895522832870483,0.24477611482143402,0.28656715154647827,0.29552239179611206,0.22089552879333496,0.21791045367717743,0.24477611482143402,0.24776118993759155,0.23880596458911896,0.20298507809638977,0.2537313401699066,0.26865673065185547,0.21791045367717743,0.28656715154647827,0.25671643018722534,0.21194030344486237,0.26865673065185547,0.31343284249305725,0.24776118993759155,0.26567164063453674,0.2597014904022217,0.22089552879333496,0.26567164063453674,0.27761194109916687,0.22686567902565002,0.23880596458911896,0.23880596458911896,0.3283582031726837,0.26567164063453674,0.29552239179611206,0.2805970013141632,0.23582088947296143,0.30447760224342346,0.26865673065185547,0.20000000298023224,0.2597014904022217,0.2985074520111084,0.25671643018722534,0.28358209133148193,0.24776118993759155,0.29552239179611206,0.2328358143568039,0.24776118993759155,0.2417910397052765,0.2716417908668518,0.2597014904022217,0.30447760224342346,0.34328359365463257,0.2805970013141632,0.2417910397052765,0.3014925420284271,0.28656715154647827,0.26567164063453674,0.3194029927253723,0.36119404435157776,0.26567164063453674,0.31343284249305725,0.33134329319000244,0.3253731429576874,0.36119404435157776,0.4567164182662964,0.3940298557281494,0.4029850661754608,0.3731343150138855,0.41492536664009094,0.38805970549583435,0.4298507571220398,0.447761207818985,0.5134328603744507,0.5074626803398132,0.5701492428779602,0.5850746035575867,0.45373135805130005,0.6000000238418579,0.5582089424133301,0.5850746035575867,0.5761194229125977,0.7194029688835144,0.6597014665603638,0.7014925479888916,0.7283582091331482,1.0,0.09253731369972229,0.0,0.09253731369972229,1.0,0.7283582091331482,0.7014925479888916,0.6597014665603638,0.7194029688835144,0.5761194229125977,0.5850746035575867,0.5582089424133301,0.6000000238418579,0.45373135805130005,0.5850746035575867,0.5701492428779602,0.5074626803398132,0.5134328603744507,0.447761207818985,0.4298507571220398,0.38805970549583435,0.41492536664009094,0.3731343150138855,0.4029850661754608,0.3940298557281494,0.4567164182662964,0.36119404435157776,0.3253731429576874,0.33134329319000244,0.31343284249305725,0.26567164063453674,0.36119404435157776,0.3194029927253723,0.26567164063453674,0.28656715154647827,0.3014925420284271,0.2417910397052765,0.2805970013141632,0.34328359365463257,0.30447760224342346,0.2597014904022217,0.2716417908668518,0.2417910397052765,0.24776118993759155,0.2328358143568039,0.29552239179611206,0.24776118993759155,0.28358209133148193,0.25671643018722534,0.2985074520111084,0.2597014904022217,0.20000000298023224,0.26865673065185547,0.30447760224342346,0.23582088947296143,0.2805970013141632,0.29552239179611206,0.26567164063453674,0.3283582031726837,0.23880596458911896,0.23880596458911896,0.22686567902565002,0.27761194109916687,0.26567164063453674,0.22089552879333496,0.2597014904022217,0.26567164063453674,0.24776118993759155,0.31343284249305725,0.26865673065185547,0.21194030344486237,0.25671643018722534,0.28656715154647827,0.21791045367717743,0.26865673065185547,0.2537313401699066,0.20298507809638977,0.23880596458911896,0.24776118993759155,0.24477611482143402,0.21791045367717743,0.22089552879333496,0.29552239179611206,0.28656715154647827,0.24477611482143402,0.20895522832870483,0.27761194109916687,0.22686567902565002,0.2149253785610199,0.2805970013141632,0.25671643018722534,0.2805970013141632,0.22686567902565002,0.2328358143568039,0.2328358143568039,0.2805970013141632,0.3014925420284271,0.28656715154647827,0.22089552879333496,0.27462685108184814,0.2238806039094925,0.27761194109916687,0.11940298229455948
0.07870370149612427,0.19907407462596893,0.14351852238178253,0.18981482088565826,0.18981482088565826,0.16203702986240387,0.19907407462596893,0.18518517911434174,0.20370370149612427,0.18518517911434174,0.1805555522441864,0.18981482088565826,0.16203702986240387,0.1805555522441864,0.18518517911434174,0.2083333283662796,0.14814814925193787,0.17129629850387573,0.18518517911434174,0.17129629850387573,0.1805555522441864,0.125,0.1666666716337204,0.14814814925193787,0.20370370149612427,0.16203702986240387,0.2083333283662796,0.2222222238779068,0.17129629850387573,0.18981482088565826,0.27314814925193787,0.1944444477558136,0.1944444477558136,0.18981482088565826,0.1944444477558136,0.2083333283662796,0.23148147761821747,0.22685185074806213,0.1666666716337204,0.22685185074806213,0.1666666716337204,0.18518517911434174,0.1527777761220932,0.1944444477558136,0.20370370149612427,0.15740740299224854,0.18981482088565826,0.2083333283662796,0.21296297013759613,0.14351852238178253,0.12962962687015533,0.2083333283662796,0.16203702986240387,0.1944444477558136,0.2638888955116272,0.17129629850387573,0.22685185074806213,0.1944444477558136,0.12962962687015533,0.1666666716337204,0.21296297013759613,0.1527777761220932,0.1527777761220932,0.18981482088565826,0.1944444477558136,0.18981482088565826,0.1805555522441864,0.20370370149612427,0.2222222238779068,0.19907407462596893,0.1944444477558136,0.25462964177131653,0.22685185074806213,0.3472222089767456,0.25925925374031067,0.23148147761821747,0.28240740299224854,0.2361111044883728,0.3055555522441864,0.30092594027519226,0.28240740299224854,0.4166666567325592,0.3055555522441864,0.28240740299224854,0.4861111044883728,0.40740740299224854,0.5,0.5462962985038757,0.5324074029922485,0.5277777910232544,0.5462962985038757,0.6481481194496155,0.5972222089767456,0.5833333134651184,0.5879629850387573,0.5833333134651184,0.6759259104728699,0.7870370149612427,1.0,0.1388888955116272,0.0,0.1388888955116272,1.0,0.7870370149612427,0.6759259104728699,0.5833333134651184,0.5879629850387573,0.5833333134651184,0.5972222089767456,0.6481481194496155,0.5462962985038757,0.5277777910232544,0.5324074029922485,0.5462962985038757,0.5,0.40740740299224854,0.4861111044883728,0.28240740299224854,0.3055555522441864,0.4166666567325592,0.28240740299224854,0.30092594027519226,0.3055555522441864,0.2361111044883728,0.28240740299224854,0.23148147761821747,0.25925925374031067,0.3472222089767456,0.22685185074806213,0.25462964177131653,0.1944444477558136,0.19907407462596893,0.2222222238779068,0.20370370149612427,0.1805555522441864,0.18981482088565826,0.1944444477558136,0.18981482088565826,0.1527777761220932,0.1527777761220932,0.21296297013759613,0.1666666716337204,0.12962962687015533,0.1944444477558136,0.22685185074806213,0.17129629850387573,0.2638888955116272,0.1944444477558136,0.16203702986240387,0.2083333283662796,0.12962962687015533,0.14351852238178253,0.21296297013759613,0.2083333283662796,0.18981482088565826,0.15740740299224854,0.20370370149612427,0.1944444477558136,0.1527777761220932,0.18518517911434174,0.1666666716337204,0.22685185074806213,0.1666666716337204,0.22685185074806213,0.23148147761821747,0.2083333283662796,0.1944444477558136,0.18981482088565826,0.1944444477558136,0.1944444477558136,0.27314814925193787,0.18981482088565826,0.17129629850387573,0.2222222238779068,0.2083333283662796,0.16203702986240387,0.20370370149612427,0.14814814925193787,0.1666666716337204,0.125,0.1805555522441864,0.17129629850387573,0.18518517911434174,0.17129629850387573,0.14814814925193787,0.2083333283662796,0.18518517911434174,0.1805555522441864,0.16203702986240387,0.18981482088565826,0.1805555522441864,0.18518517911434174,0.20370370149612427,0.18518517911434174,0.19907407462596893,0.16203702986240387,0.18981482088565826,0.18981482088565826,0.14351852238178253,0.19907407462596893,0.07870370149612427
0.06976744532585144,0.151162788271904,0.19767442345619202,0.1744185984134674,0.19767442345619202,0.20930232107639313,0.27906978130340576,0.08139535039663315,0.20930232107639313,0.13953489065170288,0.13953489065170288,0.19767442345619202,0.1627907007932663,0.13953489065170288,0.13953489065170288,0.302325576543808,0.1627907007932663,0.20930232107639313,0.1627907007932663,0.22093023359775543,0.1744185984134674,0.151162788271904,0.26744186878204346,0.24418604373931885,0.1744185984134674,0.27906978130340576,0.1627907007932663,0.20930232107639313,0.1860465109348297,0.151162788271904,0.1744185984134674,0.23255814611911774,0.11627907305955887,0.1860465109348297,0.19767442345619202,0.1744185984134674,0.25581395626068115,0.1744185984134674,0.10465116053819656,0.19767442345619202,0.1627907007932663,0.11627907305955887,0.19767442345619202,0.058139536529779434,0.302325576543808,0.20930232107639313,0.1627907007932663,0.24418604373931885,0.12790697813034058,0.1860465109348297,0.1860465109348297,0.22093023359775543,0.1744185984134674,0.19767442345619202,0.23255814611911774,0.1627907007932663,0.1860465109348297,0.23255814611911774,0.1627907007932663,0.19767442345619202,0.19767442345619202,0.1860465109348297,0.24418604373931885,0.1627907007932663,0.151162788271904,0.1860465109348297,0.151162788271904,0.1744185984134674,0.25581395626068115,0.1627907007932663,0.22093023359775543,0.25581395626068115,0.10465116053819656,0.22093023359775543,0.1860465109348297,0.26744186878204346,0.302325576543808,0.27906978130340576,0.25581395626068115,0.3488371968269348,0.27906978130340576,0.302325576543808,0.27906978130340576,0.24418604373931885,0.3139534890651703,0.44186046719551086,0.5348837375640869,0.3488371968269348,0.40697672963142395,0.5,0.4651162922382355,0.5813953280448914,0.5116279125213623,0.604651153087616,0.5813953280448914,0.5,0.7441860437393188,0.5813953280448914,1.0,0.09302325546741486,0.0,0.09302325546741486,1.0,0.5813953280448914,0.7441860437393188,0.5,0.5813953280448914,0.604651153087616,0.5116279125213623,0.5813953280448914,0.4651162922382355,0.5,0.40697672963142395,0.3488371968269348,0.5348837375640869,0.44186046719551086,0.3139534890651703,0.24418604373931885,0.27906978130340576,0.302325576543808,0.27906978130340576,0.3488371968269348,0.25581395626068115,0.27906978130340576,0.302325576543808,0.26744186878204346,0.1860465109348297,0.22093023359775543,0.10465116053819656,0.25581395626068115,0.22093023359775543,0.1627907007932663,0.25581395626068115,0.1744185984134674,0.151162788271904,0.1860465109348297,0.151162788271904,0.1627907007932663,0.24418604373931885,0.1860465109348297,0.19767442345619202,0.19767442345619202,0.1627907007932663,0.23255814611911774,0.1860465109348297,0.1627907007932663,0.23255814611911774,0.19767442345619202,0.1744185984134674,0.22093023359775543,0.1860465109348297,0.1860465109348297,0.12790697813034058,0.24418604373931885,0.1627907007932663,0.20930232107639313,0.302325576543808,0.058139536529779434,0.19767442345619202,0.11627907305955887,0.1627907007932663,0.19767442345619202,0.10465116053819656,0.1744185984134674,0.25581395626068115,0.1744185984134674,0.19767442345619202,0.1860465109348297,0.11627907305955887,0.23255814611911774,0.1744185984134674,0.151162788271904,0.1860465109348297,0.20930232107639313,0.1627907007932663,0.27906978130340576,0.1744185984134674,0.24418604373931885,0.26744186878204346,0.151162788271904,0.1744185984134674,0.22093023359775543,0.1627907007932663,0.20930232107639313,0.1627907007932663,0.302325576543808,0.13953489065170288,0.13953489065170288,0.1627907007932663,0.19767442345619202,0.13953489065170288,0.13953489065170288,0.20930232107639313,0.08139535039663315,0.27906978130340576,0.20930232107639313,0.19767442345619202,0.1744185984134674,0.19767442345619202,0.151162788271904,0.06976744532585144
0.08074533939361572,0.24223601818084717,0.19254659116268158,0.1894409954547882,0.1801242232322693,0.2018633484840393,0.18633539974689484,0.1677018702030182,0.20496894419193268,0.24223601818084717,0.19875776767730713,0.24534161388874054,0.18633539974689484,0.21739129722118378,0.18322981894016266,0.19565217196941376,0.17391304671764374,0.22049689292907715,0.19875776767730713,0.2018633484840393,0.22049689292907715,0.14906832575798035,0.2018633484840393,0.1894409954547882,0.19565217196941376,0.18322981894016266,0.17701862752437592,0.16459627449512482,0.17391304671764374,0.19254659116268158,0.19875776767730713,0.18322981894016266,0.17080745100975037,0.22049689292907715,0.22981366515159607,0.2142857164144516,0.17701862752437592,0.21118012070655823,0.1801242232322693,0.19254659116268158,0.18633539974689484,0.19565217196941376,0.23602484166622162,0.1801242232322693,0.19875776767730713,0.19875776767730713,0.15838509798049927,0.20807453989982605,0.1894409954547882,0.1677018702030182,0.2267080694437027,0.1677018702030182,0.23602484166622162,0.19875776767730713,0.2515527904033661,0.19565217196941376,0.15838509798049927,0.1894409954547882,0.22981366515159607,0.26708075404167175,0.17701862752437592,0.2267080694437027,0.17080745100975037,0.27950310707092285,0.22049689292907715,0.24534161388874054,0.2018633484840393,0.22981366515159607,0.21739129722118378,0.2732919156551361,0.2950310707092285,0.2515527904033661,0.24534161388874054,0.29192546010017395,0.30434781312942505,0.3074534237384796,0.29192546010017395,0.26708075404167175,0.32608696818351746,0.3571428656578064,0.3354037404060364,0.3322981297969818,0.4037266969680786,0.3602484464645386,0.37577641010284424,0.3944099247455597,0.4875776469707489,0.48136645555496216,0.4627329111099243,0.47204968333244324,0.5869565010070801,0.5062111616134644,0.5527950525283813,0.5403726696968079,0.6024844646453857,0.5993788838386536,0.6925466060638428,0.7546584010124207,1.0,0.1304347813129425,0.0,0.1304347813129425,1.0,0.7546584010124207,0.6925466060638428,0.5993788838386536,0.6024844646453857,0.5403726696968079,0.5527950525283813,0.5062111616134644,0.5869565010070801,0.47204968333244324,0.4627329111099243,0.48136645555496216,0.4875776469707489,0.3944099247455597,0.37577641010284424,0.3602484464645386,0.4037266969680786,0.3322981297969818,0.3354037404060364,0.3571428656578064,0.32608696818351746,0.26708075404167175,0.29192546010017395,0.3074534237384796,0.30434781312942505,0.29192546010017395,0.24534161388874054,0.2515527904033661,0.2950310707092285,0.2732919156551361,0.21739129722118378,0.22981366515159607,0.2018633484840393,0.24534161388874054,0.22049689292907715,0.27950310707092285,0.17080745100975037,0.2267080694437027,0.17701862752437592,0.26708075404167175,0.22981366515159607,0.1894409954547882,0.15838509798049927,0.19565217196941376,0.2515527904033661,0.19875776767730713,0.23602484166622162,0.1677018702030182,0.2267080694437027,0.1677018702030182,0.1894409954547882,0.20807453989982605,0.15838509798049927,0.19875776767730713,0.19875776767730713,0.1801242232322693,0.23602484166622162,0.19565217196941376,0.18633539974689484,0.19254659116268158,0.1801242232322693,0.21118012070655823,0.17701862752437592,0.2142857164144516,0.22981366515159607,0.22049689292907715,0.17080745100975037,0.18322981894016266,0.19875776767730713,0.19254659116268158,0.17391304671764374,0.16459627449512482,0.17701862752437592,0.18322981894016266,0.19565217196941376,0.1894409954547882,0.2018633484840393,0.14906832575798035,0.22049689292907715,0.2018633484840393,0.19875776767730713,0.22049689292907715,0.17391304671764374,0.19565217196941376,0.18322981894016266,0.21739129722118378,0.18633539974689484,0.24534161388874054,0.19875776767730713,0.24223601818084717,0.20496894419193268,0.1677018702030182,0.18633539974689484,0.2018633484840393,0.1801242232322693,0.1894409954547882,0.19254659116268158,0.24223601818084717,0.08074533939361572
0.06818182021379471,0.125,0.12727272510528564,0.18636363744735718,0.11363636702299118,0.11818181723356247,0.14318181574344635,0.13863636553287506,0.1568181812763214,0.125,0.15909090638160706,0.1295454502105713,0.13181817531585693,0.11136363446712494,0.10000000149011612,0.17272727191448212,0.14318181574344635,0.14772726595401764,0.13863636553287506,0.11818181723356247,0.16590909659862518,0.14318181574344635,0.1295454502105713,0.15454545617103577,0.145454540848732,0.12045454233884811,0.125,0.13181817531585693,0.1295454502105713,0.13863636553287506,0.13181817531585693,0.11363636702299118,0.12272727489471436,0.1295454502105713,0.145454540848732,0.11136363446712494,0.13409091532230377,0.13181817531585693,0.13636364042758942,0.1090909093618393,0.13409091532230377,0.13409091532230377,0.15000000596046448,0.13181817531585693,0.11590909212827682,0.13409091532230377,0.1295454502105713,0.12272727489471436,0.15454545617103577,0.145454540848732,0.1295454502105713,0.11590909212827682,0.13181817531585693,0.13409091532230377,0.17045454680919647,0.15000000596046448,0.125,0.12727272510528564,0.15227273106575012,0.1772727221250534,0.13863636553287506,0.18409091234207153,0.13863636553287506,0.16590909659862518,0.15227273106575012,0.1818181872367859,0.15227273106575012,0.18863636255264282,0.14318181574344635,0.19545455276966095,0.18863636255264282,0.16818182170391083,0.20227272808551788,0.22727273404598236,0.22045454382896423,0.20454545319080353,0.22045454382896423,0.22045454382896423,0.20227272808551788,0.2590909004211426,0.24772727489471436,0.3113636374473572,0.25,0.26818183064460754,0.32045453786849976,0.3295454680919647,0.3386363685131073,0.3590908944606781,0.4022727310657501,0.42500001192092896,0.44545453786849976,0.42500001192092896,0.4909090995788574,0.4795454442501068,0.5363636612892151,0.5181818008422852,0.7454545497894287,0.5659090876579285,1.0,0.13863636553287506,0.0,0.13863636553287506,1.0,0.5659090876579285,0.7454545497894287,0.5181818008422852,0.5363636612892151,0.4795454442501068,0.4909090995788574,0.42500001192092896,0.44545453786849976,0.42500001192092896,0.4022727310657501,0.3590908944606781,0.3386363685131073,0.3295454680919647,0.32045453786849976,0.26818183064460754,0.25,0.3113636374473572,0.24772727489471436,0.2590909004211426,0.20227272808551788,0.22045454382896423,0.22045454382896423,0.20454545319080353,0.22045454382896423,0.22727273404598236,0.20227272808551788,0.16818182170391083,0.18863636255264282,0.19545455276966095,0.14318181574344635,0.18863636255264282,0.15227273106575012,0.1818181872367859,0.15227273106575012,0.16590909659862518,0.13863636553287506,0.18409091234207153,0.13863636553287506,0.1772727221250534,0.15227273106575012,0.12727272510528564,0.125,0.15000000596046448,0.17045454680919647,0.13409091532230377,0.13181817531585693,0.11590909212827682,0.1295454502105713,0.145454540848732,0.15454545617103577,0.12272727489471436,0.1295454502105713,0.13409091532230377,0.11590909212827682,0.13181817531585693,0.15000000596046448,0.13409091532230377,0.13409091532230377,0.1090909093618393,0.13636364042758942,0.13181817531585693,0.13409091532230377,0.11136363446712494,0.145454540848732,0.1295454502105713,0.12272727489471436,0.11363636702299118,0.13181817531585693,0.13863636553287506,0.1295454502105713,0.13181817531585693,0.125,0.12045454233884811,0.145454540848732,0.15454545617103577,0.1295454502105713,0.14318181574344635,0.16590909659862518,0.11818181723356247,0.13863636553287506,0.14772726595401764,0.14318181574344635,0.17272727191448212,0.10000000149011612,0.11136363446712494,0.13181817531585693,0.1295454502105713,0.15909090638160706,0.125,0.1568181812763214,0.13863636553287506,0.14318181574344635,0.11818181723356247,0.11363636702299118,0.18636363744735718,0.12727272510528564,0.125,0.06818182021379471
0.08510638028383255,0.27659574151039124,0.25,0.21808511018753052,0.22340425848960876,0.228723406791687,0.228723406791687,0.26595744490623474,0.2819148898124695,0.21276596188545227,0.2393617033958435,0.292553186416626,0.12765957415103912,0.26595744490623474,0.1702127605676651,0.21808511018753052,0.28723403811454773,0.21808511018753052,0.30319148302078247,0.22340425848960876,0.228723406791687,0.18617020547389984,0.16489361226558685,0.24468085169792175,0.23404255509376526,0.26595744490623474,0.2393617033958435,0.2393617033958435,0.23404255509376526,0.20212766528129578,0.23404255509376526,0.19148936867713928,0.2606382966041565,0.21276596188545227,0.23404255509376526,0.21808511018753052,0.271276593208313,0.23404255509376526,0.21808511018753052,0.19680851697921753,0.23404255509376526,0.20744681358337402,0.23404255509376526,0.21276596188545227,0.2393617033958435,0.1595744639635086,0.21808511018753052,0.228723406791687,0.228723406791687,0.1808510571718216,0.20744681358337402,0.2606382966041565,0.228723406791687,0.2393617033958435,0.30319148302078247,0.2393617033958435,0.24468085169792175,0.20212766528129578,0.23404255509376526,0.21808511018753052,0.2393617033958435,0.2819148898124695,0.20212766528129578,0.23404255509376526,0.28723403811454773,0.25,0.2393617033958435,0.25531914830207825,0.18617020547389984,0.2819148898124695,0.26595744490623474,0.3085106313228607,0.24468085169792175,0.3776595890522003,0.2978723347187042,0.22340425848960876,0.27659574151039124,0.21276596188545227,0.32446807622909546,0.26595744490623474,0.38297873735427856,0.31382977962493896,0.3510638177394867,0.35638296604156494,0.39361703395843506,0.42553192377090454,0.521276593208313,0.4202127754688263,0.6489361524581909,0.43617022037506104,0.5904255509376526,0.521276593208313,0.5585106611251831,0.7021276354789734,0.563829779624939,0.6329787373542786,0.9042553305625916,0.5957446694374084,1.0,0.11702127754688263,0.0,0.11702127754688263,1.0,0.5957446694374084,0.9042553305625916,0.6329787373542786,0.563829779624939,0.7021276354789734,0.5585106611251831,0.521276593208313,0.5904255509376526,0.43617022037506104,0.6489361524581909,0.4202127754688263,0.521276593208313,0.42553192377090454,0.39361703395843506,0.35638296604156494,0.3510638177394867,0.31382977962493896,0.38297873735427856,0.26595744490623474,0.32446807622909546,0.21276596188545227,0.27659574151039124,0.22340425848960876,0.2978723347187042,0.3776595890522003,0.24468085169792175,0.3085106313228607,0.26595744490623474,0.2819148898124695,0.18617020547389984,0.25531914830207825,0.2393617033958435,0.25,0.28723403811454773,0.23404255509376526,0.20212766528129578,0.2819148898124695,0.2393617033958435,0.21808511018753052,0.23404255509376526,0.20212766528129578,0.24468085169792175,0.2393617033958435,0.30319148302078247,0.2393617033958435,0.228723406791687,0.2606382966041565,0.20744681358337402,0.1808510571718216,0.228723406791687,0.228723406791687,0.21808511018753052,0.1595744639635086,0.2393617033958435,0.21276596188545227,0.23404255509376526,0.20744681358337402,0.23404255509376526,0.19680851697921753,0.21808511018753052,0.23404255509376526,0.271276593208313,0.21808511018753052,0.23404255509376526,0.21276596188545227,0.2606382966041565,0.19148936867713928,0.23404255509376526,0.20212766528129578,0.23404255509376526,0.2393617033958435,0.2393617033958435,0.26595744490623474,0.23404255509376526,0.24468085169792175,0.16489361226558685,0.18617020547389984,0.228723406791687,0.22340425848960876,0.30319148302078247,0.21808511018753052,0.28723403811454773,0.21808511018753052,0.1702127605676651,0.26595744490623474,0.12765957415103912,0.292553186416626,0.2393617033958435,0.21276596188545227,0.2819148898124695,0.26595744490623474,0.228723406791687,0.228723406791687,0.22340425848960876,0.21808511018753052,0.25,0.27659574151039124,0.08510638028383255
0.13483145833015442,0.3258427083492279,0.26404494047164917,0.3258427083492279,0.32022473216056824,0.28651684522628784,0.37078651785850525,0.3089887499809265,0.30337077379226685,0.33707866072654724,0.2808988690376282,0.31460675597190857,0.31460675597190857,0.3426966369152069,0.2752808928489685,0.32022473216056824,0.23033708333969116,0.3820224702358246,0.3258427083492279,0.3764044940471649,0.3483146131038666,0.3426966369152069,0.3483146131038666,0.31460675597190857,0.33707866072654724,0.30337077379226685,0.3426966369152069,0.2247191071510315,0.3426966369152069,0.31460675597190857,0.28651684522628784,0.32022473216056824,0.33707866072654724,0.33707866072654724,0.2977527976036072,0.32022473216056824,0.33707866072654724,0.26966291666030884,0.2921348214149475,0.28651684522628784,0.31460675597190857,0.23595505952835083,0.2921348214149475,0.33707866072654724,0.32022473216056824,0.3651685416698456,0.3651685416698456,0.3258427083492279,0.26966291666030884,0.32022473216056824,0.2584269642829895,0.33707866072654724,0.33707866072654724,0.33707866072654724,0.3988763988018036,0.3483146131038666,0.37078651785850525,0.3595505654811859,0.4606741666793823,0.2584269642829895,0.30337077379226685,0.2921348214149475,0.3764044940471649,0.31460675597190857,0.40449437499046326,0.40449437499046326,0.3314606845378876,0.33707866072654724,0.3651685416698456,0.3932584226131439,0.38764044642448425,0.38764044642448425,0.3932584226131439,0.3426966369152069,0.31460675597190857,0.48876404762268066,0.2808988690376282,0.3820224702358246,0.4325842559337616,0.449438214302063,0.40449437499046326,0.49438202381134033,0.47191011905670166,0.3932584226131439,0.4438202381134033,0.48876404762268066,0.5056179761886597,0.533707857131958,0.5786516666412354,0.5730336904525757,0.6235954761505127,0.6235954761505127,0.5955055952072144,0.5786516666412354,0.6404494643211365,0.7191011309623718,0.8426966071128845,0.7865168452262878,1.0,0.09550561755895615,0.0,0.09550561755895615,1.0,0.7865168452262878,0.8426966071128845,0.7191011309623718,0.6404494643211365,0.5786516666412354,0.5955055952072144,0.6235954761505127,0.6235954761505127,0.5730336904525757,0.5786516666412354,0.533707857131958,0.5056179761886597,0.48876404762268066,0.4438202381134033,0.3932584226131439,0.47191011905670166,0.49438202381134033,0.40449437499046326,0.449438214302063,0.4325842559337616,0.3820224702358246,0.2808988690376282,0.48876404762268066,0.31460675597190857,0.3426966369152069,0.3932584226131439,0.38764044642448425,0.38764044642448425,0.3932584226131439,0.3651685416698456,0.33707866072654724,0.3314606845378876,0.40449437499046326,0.40449437499046326,0.31460675597190857,0.3764044940471649,0.2921348214149475,0.30337077379226685,0.2584269642829895,0.4606741666793823,0.3595505654811859,0.37078651785850525,0.3483146131038666,0.3988763988018036,0.33707866072654724,0.33707866072654724,0.33707866072654724,0.2584269642829895,0.32022473216056824,0.26966291666030884,0.3258427083492279,0.3651685416698456,0.3651685416698456,0.32022473216056824,0.33707866072654724,0.2921348214149475,0.23595505952835083,0.31460675597190857,0.28651684522628784,0.2921348214149475,0.26966291666030884,0.33707866072654724,0.32022473216056824,0.2977527976036072,0.33707866072654724,0.33707866072654724,0.32022473216056824,0.28651684522628784,0.31460675597190857,0.3426966369152069,0.2247191071510315,0.3426966369152069,0.30337077379226685,0.33707866072654724,0.31460675597190857,0.3483146131038666,0.3426966369152069,0.3483146131038666,0.3764044940471649,0.3258427083492279,0.3820224702358246,0.23033708333969116,0.32022473216056824,0.2752808928489685,0.3426966369152069,0.31460675597190857,0.31460675597190857,0.2808988690376282,0.33707866072654724,0.30337077379226685,0.3089887499809265,0.37078651785850525,0.28651684522628784,0.32022473216056824,0.3258427083492279,0.26404494047164917,0.3258427083492279,0.13483145833015442
0.11949685215950012,0.2515723407268524,0.23270440101623535,0.22012577950954437,0.2641509473323822,0.2641509473323822,0.2641509473323822,0.276729553937912,0.2704402506351471,0.23270440101623535,0.21383647620677948,0.3459119498729706,0.2641509473323822,0.2515723407268524,0.23270440101623535,0.2515723407268524,0.2515723407268524,0.2578616440296173,0.23899370431900024,0.2515723407268524,0.2704402506351471,0.3207547068595886,0.21383647620677948,0.2578616440296173,0.28930819034576416,0.2075471729040146,0.22012577950954437,0.30817610025405884,0.3207547068595886,0.2704402506351471,0.29559749364852905,0.22012577950954437,0.2704402506351471,0.30188679695129395,0.23270440101623535,0.3207547068595886,0.2704402506351471,0.2075471729040146,0.2578616440296173,0.3207547068595886,0.31446540355682373,0.2704402506351471,0.1949685513973236,0.2830188572406769,0.2075471729040146,0.2641509473323822,0.276729553937912,0.276729553937912,0.21383647620677948,0.30817610025405884,0.24528302252292633,0.2830188572406769,0.30817610025405884,0.31446540355682373,0.2075471729040146,0.2641509473323822,0.2578616440296173,0.35849055647850037,0.2704402506351471,0.23899370431900024,0.30817610025405884,0.3459119498729706,0.2704402506351471,0.35849055647850037,0.276729553937912,0.30188679695129395,0.3207547068595886,0.2704402506351471,0.29559749364852905,0.276729553937912,0.24528302252292633,0.2704402506351471,0.3459119498729706,0.30188679695129395,0.3459119498729706,0.3522012531757355,0.4088050425052643,0.3899371027946472,0.42138364911079407,0.3333333432674408,0.37106919288635254,0.44025155901908875,0.3522012531757355,0.402515709400177,0.4088050425052643,0.4088050425052643,0.4716981053352356,0.4654088020324707,0.5283018946647644,0.5031446814537048,0.4716981053352356,0.49056604504585266,0.5283018946647644,0.597484290599823,0.6729559898376465,0.6037735939025879,0.7358490824699402,0.6855345964431763,1.0,0.10062892735004425,0.0,0.10062892735004425,1.0,0.6855345964431763,0.7358490824699402,0.6037735939025879,0.6729559898376465,0.597484290599823,0.5283018946647644,0.49056604504585266,0.4716981053352356,0.5031446814537048,0.5283018946647644,0.4654088020324707,0.4716981053352356,0.4088050425052643,0.4088050425052643,0.402515709400177,0.3522012531757355,0.44025155901908875,0.37106919288635254,0.3333333432674408,0.42138364911079407,0.3899371027946472,0.4088050425052643,0.3522012531757355,0.3459119498729706,0.30188679695129395,0.3459119498729706,0.2704402506351471,0.24528302252292633,0.276729553937912,0.29559749364852905,0.2704402506351471,0.3207547068595886,0.30188679695129395,0.276729553937912,0.35849055647850037,0.2704402506351471,0.3459119498729706,0.30817610025405884,0.23899370431900024,0.2704402506351471,0.35849055647850037,0.2578616440296173,0.2641509473323822,0.2075471729040146,0.31446540355682373,0.30817610025405884,0.2830188572406769,0.24528302252292633,0.30817610025405884,0.21383647620677948,0.276729553937912,0.276729553937912,0.2641509473323822,0.2075471729040146,0.2830188572406769,0.1949685513973236,0.2704402506351471,0.31446540355682373,0.3207547068595886,0.2578616440296173,0.2075471729040146,0.2704402506351471,0.3207547068595886,0.23270440101623535,0.30188679695129395,0.2704402506351471,0.22012577950954437,0.29559749364852905,0.2704402506351471,0.3207547068595886,0.30817610025405884,0.22012577950954437,0.2075471729040146,0.28930819034576416,0.2578616440296173,0.21383647620677948,0.3207547068595886,0.2704402506351471,0.2515723407268524,0.23899370431900024,0.2578616440296173,0.2515723407268524,0.2515723407268524,0.23270440101623535,0.2515723407268524,0.2641509473323822,0.3459119498729706,0.21383647620677948,0.23270440101623535,0.2704402506351471,0.276729553937912,0.2641509473323822,0.2641509473323822,0.2641509473323822,0.22012577950954437,0.23270440101623535,0.2515723407268524,0.11949685215950012
0.0714285746216774,0.1825396865606308,0.190476194024086,0.190476194024086,0.1269841343164444,0.1190476194024086,0.2460317462682724,0.1428571492433548,0.1587301641702652,0.1587301641702652,0.15079365670681,0.2063492089509964,0.230158731341362,0.1190476194024086,0.1587301641702652,0.1349206417798996,0.2142857164144516,0.1587301641702652,0.1825396865606308,0.1587301641702652,0.15079365670681,0.1746031790971756,0.1349206417798996,0.1825396865606308,0.1349206417798996,0.1746031790971756,0.1269841343164444,0.2222222238779068,0.1666666716337204,0.1190476194024086,0.261904776096344,0.190476194024086,0.1746031790971756,0.1746031790971756,0.15079365670681,0.1349206417798996,0.1984127014875412,0.2380952388048172,0.15079365670681,0.2063492089509964,0.1428571492433548,0.1428571492433548,0.1666666716337204,0.190476194024086,0.1587301641702652,0.1587301641702652,0.1428571492433548,0.1587301641702652,0.1825396865606308,0.1746031790971756,0.2460317462682724,0.261904776096344,0.1349206417798996,0.1746031790971756,0.1984127014875412,0.1587301641702652,0.1349206417798996,0.2142857164144516,0.1666666716337204,0.2222222238779068,0.2142857164144516,0.2857142984867096,0.261904776096344,0.3095238208770752,0.2142857164144516,0.2460317462682724,0.261904776096344,0.230158731341362,0.2460317462682724,0.230158731341362,0.2777777910232544,0.2380952388048172,0.2460317462682724,0.30158731341362,0.2777777910232544,0.2777777910232544,0.3571428656578064,0.3571428656578064,0.30158731341362,0.3492063581943512,0.3492063581943512,0.341269850730896,0.460317462682724,0.4682539701461792,0.4285714328289032,0.4444444477558136,0.4285714328289032,0.5079365372657776,0.5873016119003296,0.4761904776096344,0.5,0.6190476417541504,0.5634920597076416,0.7222222089767456,0.682539701461792,0.7936508059501648,1.0,0.7460317611694336,0.9841269850730896,0.1984127014875412,0.0,0.1984127014875412,0.9841269850730896,0.7460317611694336,1.0,0.7936508059501648,0.682539701461792,0.7222222089767456,0.5634920597076416,0.6190476417541504,0.5,0.4761904776096344,0.5873016119003296,0.5079365372657776,0.4285714328289032,0.4444444477558136,0.4285714328289032,0.4682539701461792,0.460317462682724,0.341269850730896,0.3492063581943512,0.3492063581943512,0.30158731341362,0.3571428656578064,0.3571428656578064,0.2777777910232544,0.2777777910232544,0.30158731341362,0.2460317462682724,0.2380952388048172,0.2777777910232544,0.230158731341362,0.2460317462682724,0.230158731341362,0.261904776096344,0.2460317462682724,0.2142857164144516,0.3095238208770752,0.261904776096344,0.2857142984867096,0.2142857164144516,0.2222222238779068,0.1666666716337204,0.2142857164144516,0.1349206417798996,0.1587301641702652,0.1984127014875412,0.1746031790971756,0.1349206417798996,0.261904776096344,0.2460317462682724,0.1746031790971756,0.1825396865606308,0.1587301641702652,0.1428571492433548,0.1587301641702652,0.1587301641702652,0.190476194024086,0.1666666716337204,0.1428571492433548,0.1428571492433548,0.2063492089509964,0.15079365670681,0.2380952388048172,0.1984127014875412,0.1349206417798996,0.15079365670681,0.1746031790971756,0.1746031790971756,0.190476194024086,0.261904776096344,0.1190476194024086,0.1666666716337204,0.2222222238779068,0.1269841343164444,0.1746031790971756,0.1349206417798996,0.1825396865606308,0.1349206417798996,0.1746031790971756,0.15079365670681,0.1587301641702652,0.1825396865606308,0.1587301641702652,0.2142857164144516,0.1349206417798996,0.1587301641702652,0.1190476194024086,0.230158731341362,0.2063492089509964,0.15079365670681,0.1587301641702652,0.1587301641702652,0.1428571492433548,0.2460317462682724,0.1190476194024086,0.1269841343164444,0.190476194024086,0.190476194024086,0.1825396865606308,0.0714285746216774
0.20512820780277252,0.5064102411270142,0.3333333432674408,0.3717948794364929,0.4166666567325592,0.3461538553237915,0.42307692766189575,0.3782051205635071,0.45512819290161133,0.35256409645080566,0.4423076808452606,0.4038461446762085,0.5448718070983887,0.43589743971824646,0.2884615361690521,0.4038461446762085,0.35256409645080566,0.35256409645080566,0.4038461446762085,0.3910256326198578,0.42307692766189575,0.41025641560554504,0.3333333432674408,0.5128205418586731,0.29487180709838867,0.3205128312110901,0.43589743971824646,0.3717948794364929,0.4423076808452606,0.29487180709838867,0.43589743971824646,0.49358972907066345,0.3717948794364929,0.4038461446762085,0.4294871687889099,0.4615384638309479,0.33974358439445496,0.4423076808452606,0.31410256028175354,0.4038461446762085,0.4038461446762085,0.43589743971824646,0.3333333432674408,0.44871795177459717,0.46794870495796204,0.4294871687889099,0.35256409645080566,0.42307692766189575,0.3717948794364929,0.42307692766189575,0.3717948794364929,0.4166666567325592,0.45512819290161133,0.4038461446762085,0.3910256326198578,0.43589743971824646,0.3910256326198578,0.5192307829856873,0.4038461446762085,0.3589743673801422,0.4038461446762085,0.4423076808452606,0.4423076808452606,0.4423076808452606,0.44871795177459717,0.43589743971824646,0.35256409645080566,0.5064102411270142,0.4615384638309479,0.5192307829856873,0.3910256326198578,0.41025641560554504,0.5128205418586731,0.45512819290161133,0.45512819290161133,0.44871795177459717,0.4423076808452606,0.5,0.43589743971824646,0.4743589758872986,0.5769230723381042,0.5256410241127014,0.5128205418586731,0.4871794879436493,0.5064102411270142,0.5,0.6025640964508057,0.6025640964508057,0.5128205418586731,0.6666666865348816,0.5897436141967773,0.6730769276618958,0.6794871687889099,0.7179487347602844,0.6153846383094788,0.6794871687889099,0.8589743375778198,0.6858974099159241,1.0,0.12179487198591232,0.0,0.12179487198591232,1.0,0.6858974099159241,0.8589743375778198,0.6794871687889099,0.6153846383094788,0.7179487347602844,0.6794871687889099,0.6730769276618958,0.5897436141967773,0.6666666865348816,0.5128205418586731,0.6025640964508057,0.6025640964508057,0.5,0.5064102411270142,0.4871794879436493,0.5128205418586731,0.5256410241127014,0.5769230723381042,0.4743589758872986,0.43589743971824646,0.5,0.4423076808452606,0.44871795177459717,0.45512819290161133,0.45512819290161133,0.5128205418586731,0.41025641560554504,0.3910256326198578,0.5192307829856873,0.4615384638309479,0.5064102411270142,0.35256409645080566,0.43589743971824646,0.44871795177459717,0.4423076808452606,0.4423076808452606,0.4423076808452606,0.4038461446762085,0.3589743673801422,0.4038461446762085,0.5192307829856873,0.3910256326198578,0.43589743971824646,0.3910256326198578,0.4038461446762085,0.45512819290161133,0.4166666567325592,0.3717948794364929,0.42307692766189575,0.3717948794364929,0.42307692766189575,0.35256409645080566,0.4294871687889099,0.46794870495796204,0.44871795177459717,0.3333333432674408,0.43589743971824646,0.4038461446762085,0.4038461446762085,0.31410256028175354,0.4423076808452606,0.33974358439445496,0.4615384638309479,0.4294871687889099,0.4038461446762085,0.3717948794364929,0.49358972907066345,0.43589743971824646,0.29487180709838867,0.4423076808452606,0.3717948794364929,0.43589743971824646,0.3205128312110901,0.29487180709838867,0.5128205418586731,0.3333333432674408,0.41025641560554504,0.42307692766189575,0.3910256326198578,0.4038461446762085,0.35256409645080566,0.35256409645080566,0.4038461446762085,0.2884615361690521,0.43589743971824646,0.5448718070983887,0.4038461446762085,0.4423076808452606,0.35256409645080566,0.45512819290161133,0.3782051205635071,0.42307692766189575,0.3461538553237915,0.4166666567325592,0.3717948794364929,0.3333333432674408,0.5064102411270142,0.20512820780277252
