0,1,2,3,4,5,6,7,8,9,10,11,12,13,14,15,16,17,18,19,20,21,22,23,24,25,26,27,28,29,label
-0.0007054098,-0.0046900734,0.0059826225,0.0023843348,-0.0008441508,-0.0029199906,0.0056945533,0.0030744895,0.0075470433,-0.0029981881,-0.002403874,0.008196965,0.0006045493,-0.00278987,0.0040680766,-0.0043581836,-0.0038333517,0.008016117,-0.0015393496,0.00058976,0.0036872062,-0.003956467,-0.0018251836,0.0029813126,0.0023515671,0.0061437786,-0.0042962916,-0.0028577214,0.0030788705,0.004777111,PkC_ss
-0.0001228787,-0.005321659,0.0050530285,0.0029147118,-1.3232231e-05,-0.0027648248,0.006218508,0.0017234758,0.0069464445,-0.004091829,-0.0032781698,0.008787349,0.0014831814,-0.0021383502,0.0055841655,-0.002396293,-0.0033194963,0.009341054,0.00058473647,-0.00045131613,0.0041034142,-0.0040280595,-0.0020538867,0.0031813532,0.0034158975,0.0059992373,-0.0043040887,-0.003436273,0.0020088404,0.0028104596,PkC_ss
0.0006632041,-0.003749922,0.01072824,0.0026752502,-5.3789467e-05,-0.0017198548,0.008721396,-0.0015678033,0.0058838576,-0.005879253,-0.0040283017,0.0058903918,0.00074757065,0.00062384456,0.0057488605,4.8205256e-06,7.587671e-05,0.006057903,0.0037963092,-0.002848043,-0.00010162266,-0.004085362,6.392598e-06,0.0021862537,0.007345721,0.01116275,-0.010234613,-0.003048256,0.0032161549,-0.0014920086,MLI
-0.0019812547,-0.0009518266,0.0021148324,-0.0026110262,0.0013111122,-0.0020294823,0.0032198876,0.003072448,0.0017916374,-0.0039289296,-0.0010045506,0.0046013594,-0.0041587483,0.0004936382,-0.0008144751,-0.0044809096,-0.001647098,0.0013891682,0.00026030838,0.0013392139,0.0030662897,-0.005217582,0.0002325736,-0.0015048757,0.0043569654,0.00628189,-0.0056724027,0.0015742127,0.005484894,0.0015254542,MFB
-0.0035044365,0.0007962361,0.010285363,-0.0016666949,-0.003189806,0.003301721,0.0005236417,0.0025948808,0.006094344,-0.006242439,-0.003173057,0.0011940524,0.0004608276,-0.005553402,0.008849986,0.001751434,0.0039009694,0.0075939596,-0.00019176304,-0.0040687295,0.0023054439,-0.00787653,-0.00053840503,-0.0025150552,0.003687106,0.005147323,-0.007265594,0.0045700613,0.00035914034,-0.001988072,MFB
-7.758662e-05,-0.0017915443,0.004770294,-0.0004900694,9.0483576e-05,-0.0018650554,0.004701227,0.002257578,0.0044919923,-0.004004061,-0.0031632073,0.0021746978,-0.00234407,-0.0006904304,0.0025639012,-0.0025456138,0.0007735733,0.0019502193,-0.00081688166,-0.0010902537,0.0005881707,-0.005491674,0.0010496303,-0.0038772896,0.0058083013,0.005258985,-0.0041880235,0.0028941818,0.005088985,0.0005428493,MLI
-0.00024956092,8.5271895e-05,0.0045699626,-0.0018327087,0.0008493997,-0.00082396343,0.004728377,0.002094619,0.0033736005,-0.004092917,-0.0008028485,0.0018184781,-0.0045421924,0.0009197518,0.0019190758,-0.0011244379,0.0017919112,0.0012699738,0.0014653802,-0.0022474108,0.00084898574,-0.0049924105,0.0003898032,-0.003125511,0.005109057,0.0054905266,-0.0061961003,0.0026807208,0.0058051944,-0.002993524,MLI
0.0005027838,-0.0029044673,0.005154446,0.0009085089,-8.308515e-05,-0.0030637793,0.004419759,0.0026466623,0.0048421323,-0.005266741,-0.0023411922,0.0053201467,-0.0033728983,0.00021411106,0.002027616,-0.00208335,0.0009384956,0.0034665018,0.00044725835,-0.00081149396,-0.00021912018,-0.0058703497,-0.00026043877,-0.0024445727,0.005669147,0.008266114,-0.004917793,0.0011186581,0.00548058,0.00053955615,PkC_ss
0.00047039427,-0.0019431338,0.00957942,0.0014774352,-0.0010084361,-0.0025694333,0.0077697337,-0.0005692765,0.006213136,-0.0060521513,-0.0037707537,0.0055944696,-0.0010098127,-6.331876e-05,0.004540801,-0.00020099804,0.0005202852,0.0043281466,0.0022953898,-0.0027552908,-0.0002467786,-0.0047173128,0.0017128177,-0.0027752668,0.0064203143,0.009867333,-0.0076812766,-0.00232488,0.0023808256,0.00082268566,PkC_ss
-0.00058655813,-0.0036919788,0.0070338696,-0.0017102957,-0.00016124919,-0.00064857304,0.005274251,0.0036897808,0.005347252,-0.009031594,-0.0016345792,0.006292224,0.0003273877,-0.0040952787,0.006890163,0.00035972893,0.0038143918,0.008300178,-0.0015032142,-0.0021589724,0.003307385,-0.0067662597,-0.0011039302,-0.001565136,0.004806794,0.0059204623,-0.006269168,0.0014353208,0.001841642,-0.0017525554,PkC_ss
-0.0015292503,0.013884626,-0.0043946058,-0.004411027,-0.0010695681,-0.004353497,-0.006807044,0.007134922,0.0023667328,-0.0031360537,0.0077815317,0.0054763705,-0.014054248,-0.004413627,-0.009805396,-0.006983727,0.0022833254,-0.016170636,-0.008351654,0.01372851,0.0016441322,-0.009199023,-0.001387164,-0.004656531,-0.0027931482,-0.0029828772,0.0024262182,0.00954639,-0.005690992,0.0050579533,PkC_cs
0.00044587255,0.004343815,-0.0065868497,-0.0044213533,-0.0009739548,-0.006645713,-0.0102804005,0.0030730292,-0.0028476715,-0.005567163,0.0066655986,0.0039330274,-0.012272781,0.0011011846,-0.006725911,0.0027321614,0.0047962386,-0.009343632,-0.0051005334,0.009974199,0.00492702,-0.0058924183,-0.0051268823,-0.0023939535,0.001799807,-0.0050277635,0.0045845024,0.007949276,-0.0045175552,0.0030045696,PkC_cs
0.00021465868,-0.0011332035,0.007293567,0.00047960877,0.00027998537,-0.003017962,0.005340904,0.0017685667,0.0027872957,-0.0032418072,-0.0022996552,0.0033724755,-0.003408676,0.0014611892,0.0021101907,6.9096684e-05,0.000853274,0.0017190799,0.0014063418,-0.0027922718,0.0006663515,-0.0044970065,0.00045630708,-0.0027680472,0.004348725,0.0067849606,-0.004587855,-0.00084972195,0.0037492737,-0.00051246956,MFB
-0.0005863942,-4.0709972e-05,0.003614992,-0.0001437515,0.0020548403,-0.003181029,0.0035960376,0.001533784,0.0022575445,-0.0036974102,-0.0024850518,0.0042778775,-0.003061479,0.00026290864,0.0021544993,-0.0003475584,0.00060174987,-3.2186508e-06,-0.00015339255,-0.00165381,-0.00010172324,-0.005739823,0.0008757487,-0.0039743856,0.0053450316,0.0061857626,-0.004732676,0.0020728838,0.0015823096,-0.0012646951,PkC_ss
-0.0002717413,-0.0016150549,0.0077435225,0.00039248168,0.00048056617,-0.0038829893,0.0054119527,0.0022626296,0.004457146,-0.00413318,-0.0019847564,0.0046591833,-0.00419659,0.0011872463,0.002350226,-0.00088680163,0.0020708013,0.0017602742,0.0019451082,-0.001292306,-5.8806036e-05,-0.0065001696,-0.0005744733,-0.003247641,0.0057766438,0.008556798,-0.0060555562,0.0014060233,0.004277192,-0.0005666241,PkC_ss
0.0008993745,-0.0023533925,0.0039655715,-3.822148e-05,0.000919126,-0.0012557842,0.005821064,0.0017204508,0.004379913,-0.0051091313,-0.0012745075,0.0048012435,-0.002255408,0.0005156249,0.0016611889,-0.00025934353,0.00032201782,0.0035136342,0.002818063,-0.0004381491,-2.0906795e-05,-0.0042817965,-0.00018449128,-0.003176093,0.0047457963,0.008556269,-0.0049557053,0.0008738544,0.004656352,-0.0013929233,PkC_ss
0.001329584,-0.0035321936,0.00766702,0.0017299801,-0.00048179552,-0.0021631345,0.006895855,0.0007175505,0.005434215,-0.0058398396,-0.0020748824,0.0053588077,-0.0014139843,0.0006533824,0.004094541,0.0009622164,0.0013955962,0.0045145154,0.002876982,-0.001229615,-0.0005749953,-0.004637368,3.5379082e-05,-0.0016838014,0.0066735297,0.010245092,-0.0069596954,-0.00019742362,0.0038708076,-0.0010628179,PkC_ss
-0.0021343976,0.00093173236,0.004129261,-0.0014052689,0.0011282414,-0.0021737814,0.0041142255,0.0050521344,0.0028610043,-0.005861789,-0.0019072108,0.0044590607,-0.0020215195,-0.0024353154,0.0021112263,-0.0021325722,0.0014142804,0.00083868206,-0.0029459745,-0.0009648567,0.0008928529,-0.007421024,0.0016159452,-0.0032544509,0.0056744367,0.0067873,-0.005772624,0.003374394,0.0023158118,0.0011824183,PkC_ss
0.013603719,0.015018143,-0.0020826608,0.0038286299,-0.0049293675,-0.002228029,-0.012478977,-0.004900418,-0.0074599087,0.021989375,0.0018261597,-0.020481214,0.0025457311,-0.010978162,-0.017568588,-0.00275727,-0.017245637,-0.027248606,-0.018475868,0.015291771,-0.0137656275,0.007918891,0.0043785833,0.0035192221,-0.0150612295,-0.014061101,0.026010927,-0.009932008,-0.028154537,0.009995259,PkC_cs
0.013892574,0.0149613395,-0.0022448152,0.0038716793,-0.0049499534,-0.0019962639,-0.012652755,-0.0048047975,-0.007520642,0.022149026,0.0021466538,-0.02056007,0.0024952907,-0.010928921,-0.017506592,-0.002587691,-0.017015452,-0.02730988,-0.018346779,0.015191494,-0.013709521,0.007982455,0.004478313,0.0034663528,-0.015288845,-0.014277317,0.02615555,-0.009861618,-0.02790653,0.009810332,PkC_cs
0.00075389445,-0.004039027,-0.0067044348,-0.0018607825,-0.0027643032,-0.0061265454,-0.008989558,-0.0006822422,-0.0061701834,0.008565307,-0.0015942231,-0.009264953,-0.005038658,-0.0066815764,-0.015573841,-0.0029379167,-0.008077843,-0.010681607,-0.015156269,0.013345559,-0.0011511915,-0.0006497912,-0.008222904,0.009181805,-0.003810078,-0.013395689,0.016787436,-0.0024316898,-0.00394699,-0.0008456148,PkC_cs
-0.00063511357,0.001024589,-0.010443792,-0.0034202933,-0.0026526786,-0.0067354254,-0.011717424,0.0013365671,-0.007300645,0.0043018013,-0.001414001,-0.008407041,-0.0039538685,-0.0047893897,-0.018276483,-0.0026333705,-0.007988153,-0.012827076,-0.021361947,0.014936625,-0.0040047434,-0.0013753399,-0.0064187944,0.009801894,0.0029766038,-0.013668627,0.014287833,0.0025293026,-0.012158655,0.0060600787,PkC_cs
0.0015101694,-0.0029433966,0.008083388,0.0033437163,-0.0008969158,-0.0018597543,0.0075579286,-0.00029913336,0.0062995404,-0.00422208,-0.001701206,0.006557435,0.00080792035,0.00036783144,0.0024342388,0.0009722039,-0.0011705365,0.0047282726,0.0051805377,-0.0009858804,0.0007048766,-0.0033762418,0.0010831542,-0.0009809658,0.0040989667,0.0110604465,-0.005335886,-0.003857769,0.0026881695,0.00071453303,MLI
-0.0031522177,-0.0045522973,-0.010148898,-0.0053709447,-0.0036157481,0.003231354,0.009860016,0.011391334,-0.0008684844,-0.014461383,-0.00617373,0.0076095685,0.00046016823,0.006689105,0.0033785775,0.0035024658,0.011811445,0.009997919,0.00013718009,0.008513111,0.0021429672,0.005450234,-0.0006338395,-0.0059043095,0.010521904,0.0021378323,-0.003145162,-0.006759856,0.0061256588,-0.0029606,PkC_ss
0.010481155,-0.0002579093,0.010586157,0.019364595,0.0020538531,-0.0043929406,-0.0014486462,-0.027854957,0.017193519,0.004967898,-0.0012637116,-0.0031619072,0.016834522,-0.0017159805,0.035364397,0.019886252,-0.000521807,0.010550313,0.014716968,-0.022772681,0.0031333487,0.0019340366,-0.0011872165,-0.007367149,-0.008669406,-0.011140503,0.0014054142,0.026513668,-0.018417075,-0.015891701,PkC_ss
0.0025711507,7.8991055e-05,-0.013123378,-0.01688622,0.0035528056,-0.0009890907,-0.0041400343,0.0081135705,-0.0056290925,0.0019263327,0.010210484,-0.0017848611,-0.0063112956,-0.0014228895,-0.0072508156,-0.006303314,-0.0009014718,-0.0049951226,-0.018687695,0.020362224,0.007796042,0.004757356,-0.00799321,0.004022397,-0.0042354465,-0.013546504,0.0045967884,0.0022743996,-0.0035620779,0.003847085,PkC_cs
0.004997894,0.007195048,-0.010051861,-0.0061695576,-0.0012657605,0.0035391413,-0.008272335,-0.0030458942,-0.0024362803,-0.0021450967,0.012379814,0.0040637553,-0.009607704,-0.0014209151,-0.007752657,-0.0020178892,0.0036750454,-0.010062031,-0.0074293464,0.011105118,-0.0017662286,-0.004274063,-0.0010704435,0.0008686185,-0.0050683767,-0.014079638,0.0060215816,0.01016859,-0.012900308,-0.0065173097,PkC_cs
-0.002202876,-0.0029132068,0.0019234419,-0.0007238984,0.0011239462,-0.0023480132,0.002776429,0.0019443482,0.0015684068,-0.005921006,-0.002190791,0.0056728944,-0.0044384953,0.0001969114,0.00094301254,-0.0027182288,0.0010917243,0.0013130158,-0.00093732774,-0.0006911298,-1.1582393e-05,-0.0073619857,-0.00011876598,-0.0017784983,0.007072136,0.005570665,-0.0055847727,0.005379388,0.004222788,-0.00062874705,MLI
-0.0003036894,0.00014070421,0.008856401,8.031726e-05,-0.00019754097,-0.002936989,0.0050784945,0.002268143,0.005110033,-0.003353238,-0.0004400611,0.004162103,-0.0060317274,0.0014485121,0.0013222545,0.00031292066,0.0021487456,0.00077501684,0.003986165,-0.0011844924,0.0006480492,-0.0065790564,-0.001223892,-0.003891252,0.0040382,0.008559622,-0.0060195625,0.0017031301,0.005351387,-0.0014706552,PkC_ss
-0.0027959645,0.0054231808,0.011247009,-0.0031809956,-0.0019625202,-3.5312027e-05,0.004252091,-0.0008699298,0.008288629,-0.009571582,-0.005610861,0.0042818487,0.0003991219,-0.0056870133,0.009539776,0.0042536296,0.0023731142,0.0027810708,0.006424561,0.0002698386,0.0045438963,-0.008976072,0.0003536865,-0.0062063187,0.0051292256,0.0082605705,-0.0094896145,0.0027811714,-0.0051375926,-0.0046498664,PkC_ss
-0.004700642,0.006110944,0.009887323,-0.0012873262,-0.0061449595,0.0007368177,0.005060822,-0.0032554641,0.0072635487,-0.011133999,-0.005379129,0.0075825304,0.0026979018,-0.0044856854,0.0062796324,0.006736193,0.0011732541,0.00026611984,0.010164037,0.00042300206,0.0022031455,-0.008906439,0.004243031,-0.00626171,0.0069918707,0.010986365,-0.009016186,0.0021905527,-0.009529717,-0.0065628737,PkC_ss
-0.0038458072,-0.0016322061,0.01254642,-0.003274724,-0.0076410584,0.000853844,0.0053047836,-0.0022325218,0.006775588,-0.014944747,-0.0065671317,0.009041563,0.006012583,-0.005864322,0.010603391,0.006157972,0.00072984025,0.009385295,0.00654383,-0.0019375114,0.003697555,-0.009324908,0.0032397285,-0.0034695864,0.010560796,0.013298936,-0.012534302,0.0018955749,-0.00705795,-0.004566498,MLI
-0.0024621151,-0.0017287806,0.0047623664,0.0010339767,0.00063908845,-0.0021026954,0.0066562146,0.0012149513,0.0032631084,-0.004683569,-0.004745476,0.0060693175,-0.0033734124,0.00052184984,0.003347233,-0.0021605901,-0.0023843404,0.002290316,0.0032956302,-0.0015773838,0.0011133025,-0.00532113,0.0011081286,-0.002698265,0.005111277,0.009363882,-0.006794922,0.0011435058,0.0046448186,0.0010232069,PkC_ss
-0.008691806,-0.012343757,-0.013020143,-0.0037381947,-0.005757708,-0.00036245957,0.01088883,0.016184658,-0.003524229,-0.0147741735,-0.007093448,0.01350192,-0.0024598893,0.010470163,0.0016971827,0.0047101565,0.016251871,0.0118955225,0.0004247874,0.012040042,0.0055505834,0.0067489296,-0.004818082,-0.0033613592,0.015904546,0.0048612133,-0.0016714185,-0.015294996,0.01349663,0.0012316741,MLI
0.0012926459,-0.00078213215,0.0007842332,0.0016175061,0.002235759,-0.0019373223,0.012325667,-0.00056836754,0.012454905,-0.009518504,-0.006876819,0.009301305,0.0036713947,-0.0029404163,0.0029758587,-0.009311102,-0.0034919828,0.008320883,0.0020625144,0.0009268569,0.001793386,-0.0012933612,-0.0023043193,0.0025663078,0.0039170086,0.00553941,-0.008713778,-0.0036378317,0.0030744001,-0.0024546161,MFB
-0.0014843754,-0.0011436194,0.006398037,0.0023982078,0.00077875704,-0.0005154833,0.007056102,0.00045909733,0.005520597,-0.0052496195,-0.0026560053,0.007858321,-0.0020976942,-0.00057421625,0.003532581,-0.0014971942,8.63336e-05,0.0024597049,0.00482215,-0.0018343879,0.0005686353,-0.004847616,0.001056727,-0.0012885928,0.0043083653,0.011784136,-0.007873725,-0.0029688813,0.004904054,-0.0018413737,MFB
0.0045056064,-5.8807433e-05,-0.0074274987,-0.008881882,0.00018751621,-0.00022170693,-0.0026501864,-0.0022581294,-0.0030785017,-0.0010142922,0.0072737224,0.00053432584,-0.005305579,-0.0026926324,-0.0029927567,-0.005900655,0.00080371834,-0.007941358,-0.015511334,0.014272446,0.0011937111,0.005241446,-0.004015323,0.0060180575,-0.006081894,-0.013875864,0.0038841665,0.0014983322,-0.009496339,-0.0018047988,PkC_cs
0.00031996146,-0.0059767067,-0.0010899454,-0.00020208955,0.001028154,-0.004518945,-0.000900805,0.0032720566,-0.0030169562,-0.001475811,-0.004304927,0.00016332418,-0.0007991699,0.0028498098,0.005758986,0.0015472248,-0.0030713696,0.0011186674,0.00029459596,-0.0015237285,0.0018102243,0.0001649037,0.00030152872,-0.0010797009,0.005495891,0.00791689,-0.0036421157,0.0018979888,0.004091911,0.002850268,PkC_cs
-0.0033764876,0.0020973906,0.007710919,0.0007403493,0.00025571138,-0.003382422,0.0043883473,0.0038663447,0.004640445,-0.002395749,-0.0038223304,0.0041746944,-0.0033831727,-0.0016289279,0.0026455969,-0.0033736266,-0.00013911724,6.700307e-05,-0.00026865304,-6.59721e-05,0.00036748452,-0.007071145,-0.00012487546,-0.002426602,0.0040929243,0.0075499043,-0.006378889,0.0014257822,0.0026543215,0.0019733086,PkC_ss
0.000779273,-0.002545558,0.0074448884,0.0047277063,-0.0010949224,-0.0013623275,0.0071553886,5.1997602e-05,0.007622525,-0.0025544763,-0.0016494766,0.0073888153,0.0015238988,-0.0010527447,0.0026187748,0.00018499047,-0.0009987596,0.005702451,0.0050813705,-0.00033556204,0.0011180523,-0.0039168596,0.0005581789,-0.0008913651,0.0022414476,0.008588381,-0.0027407967,-0.0048142476,0.0013356954,0.0014082268,PkC_ss
0.0005787965,-0.0050060675,0.0045115203,-0.0013767481,0.0006044395,-0.0020077974,0.006002158,0.0028323755,0.005260721,-0.0105653405,-0.0029472671,0.006743431,0.0019478666,-0.0041213334,0.007678494,0.0011204854,0.0027459897,0.008402169,-0.0012308061,-0.0018660678,0.0032247934,-0.005892664,0.00024412945,-0.0043572485,0.005579695,0.0063054785,-0.0046528615,0.0024712738,0.0013071,-0.0006745383,PkC_ss
-0.0023285486,0.0023205727,-0.012446478,-0.01020737,0.007034939,-0.0102996975,-0.001104638,0.0037852079,-0.0078123957,-0.0016060024,0.0046994276,-0.002077803,-0.0081106555,0.0013006255,-0.01002058,0.0023189448,0.0025252048,-0.00730972,-0.019182794,0.015886448,-0.000327528,0.0020526275,-0.0038571097,-0.0069568567,0.0008548051,-0.009891324,0.0085546635,0.0034034643,-0.010812484,-0.0010608919,PkC_cs
0.0010359101,-0.0053657666,0.008557752,0.0045856684,-0.00043716282,0.00028435513,0.010766856,-0.000718303,0.006597273,-0.0063284934,-0.0030415505,0.008786716,0.004470134,-0.0007500574,0.0056440607,0.00071394816,-0.0016715936,0.009334572,0.0037849247,-0.0031072637,-0.00047413306,-0.0027023032,0.0015585087,0.0036557168,0.006740637,0.013037518,-0.008902986,-0.006565078,0.0019034967,-0.0013181455,PkC_ss
0.0014319159,-0.00423038,0.00917159,0.00201644,0.0010258779,-0.001596354,0.010529682,-0.0011391863,0.0070343316,-0.00601691,-0.0019286238,0.0070648566,0.0018625128,-0.00064502284,0.0041929036,0.0019307695,-0.00082408823,0.0077900663,0.0041277558,-0.0004589865,0.002294864,-0.0022230484,-0.00088789687,-0.0001822114,0.004867919,0.010616817,-0.007311709,-0.0053896783,0.0038072094,-0.000509128,PkC_ss
-0.0005532615,-0.00059441477,-0.00398843,-0.012803867,0.0042150393,-0.005448073,-0.0014368743,0.0072642043,-0.00804884,0.010928959,0.002373565,-0.009418614,-0.00057992165,0.0013326928,-0.004816249,-0.004709024,-0.0054765176,-0.007006511,-0.01575002,0.0110380845,0.0071119084,0.0074428543,-0.0033603683,0.0041310117,-0.006118074,-0.008223526,0.003673453,-0.004333785,-0.0027380511,0.0067508444,PkC_cs
-0.0085805245,0.017836161,-0.0010089278,0.00032787025,-0.0018759333,-0.00700536,-0.008691534,0.0050285533,-0.004823912,0.013545483,0.007638857,-0.004941255,-0.008753477,0.0060077123,-0.014734555,0.0022322126,0.005530754,-0.015667155,-0.00354968,0.0059664324,-0.0001802533,-0.0072305053,0.0049464107,-0.0065679103,-0.0058004856,-0.007163234,0.012448002,-0.000829624,-0.015087277,0.008154348,PkC_cs
-0.0025656298,0.0012481213,-0.007191822,0.0016276538,-0.0039915033,-0.008182321,-0.012267619,0.00012692809,-0.0057859533,0.007953942,-0.0026482604,-0.006439626,-0.0047696102,-0.0061459467,-0.0147433095,-0.0046602525,-0.005772108,-0.014566362,-0.018621571,0.013842505,-0.0036602137,-0.0033111572,-0.006647624,0.009821318,-0.00083453953,-0.015271455,0.01623172,0.0019093603,-0.012210272,0.003598325,PkC_cs
0.00035686046,-0.0026448965,-0.0014389306,-0.0040506124,0.00029722974,-0.008459199,-0.004787773,0.004274614,-0.0016855523,-0.0042315423,0.002849292,0.0024303421,-0.0077563617,0.0007823035,-0.00019337982,0.0028515644,0.0018616822,-0.005318463,-0.0021648258,0.0074422574,0.005730323,-0.002327729,-0.0067209825,0.00029797107,0.0041664094,0.0035453364,-0.0029321648,0.004849866,0.0040788427,0.0024430007,PkC_cs
-0.0040894374,-0.002339974,-0.002995178,-0.0017281771,-0.0054099374,-0.010916397,0.0046536624,-0.0027863458,-0.00024593994,-0.021063432,-0.013549451,0.010976493,-1.43033685e-05,0.0033458471,0.00022160262,0.009894326,-0.0003895834,0.0016414225,0.012283459,-0.0009840401,0.0029918957,-0.006141588,0.0018629842,-0.010847084,0.010173902,0.008861996,-0.00017182156,0.0034459103,-0.0094255805,-0.008147582,PkC_ss
0.00040714256,-0.0040228963,0.0065653175,0.0024706423,-0.0007190965,-0.0019652322,0.005805999,0.0011919811,0.0059217885,-0.0038135946,-0.0012589656,0.006040074,-0.00017922197,2.2325665e-05,0.0022069141,0.00071497634,0.0007355623,0.00556951,0.0020216554,6.578956e-05,0.00062611094,-0.004473798,-0.00018316507,-0.0014484003,0.005429387,0.008174919,-0.0035283677,-0.0021084603,0.0030611083,0.001655966,MLI
-0.000116460025,-0.0020249411,0.0046016127,0.0009634048,-0.0007741302,-0.0030561164,0.0047439486,0.0029303804,0.0047307983,-0.001507014,-0.0011098906,0.00466381,-0.001142582,-0.0021721125,0.0017332137,-0.0040018074,-0.0017273035,0.0014633834,-0.0012800395,0.0007761074,0.0010573077,-0.0046881884,0.0010067374,-0.0023414418,0.0023404434,0.004954912,-0.0025969744,0.0014703404,0.0029411241,0.0014085993,MLI
-0.0007671602,-0.0009520203,0.0056603253,3.4943223e-05,4.897639e-05,-0.004306443,0.0042832047,0.002109155,0.0034656376,-0.0032176822,-0.004112277,0.004358582,-0.002441479,-0.0010469481,0.004015267,-0.0016167499,-0.0021429155,0.0012254938,-0.0006159395,-0.00016943645,0.0019570976,-0.0056239665,0.0010436736,-0.0040409043,0.004898198,0.0066389292,-0.0044770353,0.001627557,0.0011882558,0.002087567,MLI
-0.00245101,0.0021753758,-0.0005582422,-0.00054495037,0.003296014,-0.0017501973,0.0021262467,0.003452547,0.003305871,-0.0009730011,-0.00026882812,0.005297415,-0.0011598599,-0.0038415045,0.00085812807,-0.004822973,-0.0020058062,0.00077818334,0.00014899671,0.002419508,0.0026940568,-0.005564384,-0.0012245513,-0.00093860924,0.00035002828,0.0032425597,-0.002898585,0.0011637658,0.00036808103,-0.0020296872,MFB
0.00057521835,-0.0015111044,0.0052865744,0.000822857,2.656132e-05,-0.0012150109,0.0035752505,0.0003881082,0.0034897514,-0.004362479,-0.004178915,0.0035424232,-0.0007207078,0.00010024756,0.005126931,0.0012411363,-0.0015550572,0.0053258985,0.0035362095,-0.00261378,0.0017788629,-0.0046919584,0.0005024262,-0.0018575713,0.0050122514,0.007927842,-0.005199138,-0.00062253885,0.0016013905,-0.00067302585,MFB
0.0009512864,-0.0035248175,0.0058239102,0.0010865033,5.1964074e-05,-0.0020246245,0.0067071468,0.0008453801,0.0047400333,-0.004625514,-0.0036256798,0.0037217587,-0.0013838989,-0.0002294518,0.0038125291,-0.00073244795,-0.00076252036,0.00454589,0.002029702,-0.0018831575,0.0017179656,-0.005329475,0.0008531995,-0.0018730834,0.005167976,0.006848797,-0.0039532147,0.0002746638,0.003585644,-0.00037917495,MFB
0.00057514757,-0.002139248,-0.0077617913,0.0006748438,-0.004061226,-0.003951974,-0.0098825395,-0.00094622374,-0.006155949,0.008998081,-0.0050125048,-0.008760966,-0.0050605405,-0.00837642,-0.013645723,-0.0033040121,-0.013602814,-0.0143995285,-0.01312314,0.018144004,-0.0043044616,-7.02627e-05,-0.009763099,0.013320878,-0.0038190037,-0.009483308,0.015131753,-8.754991e-05,-0.007314801,0.0020205192,PkC_cs
-0.001072079,-0.0010154918,0.0018033832,-0.00044736266,0.00038930774,-0.0023620278,0.0023667514,0.0027877465,0.0027896427,-0.0032172948,-0.0020254068,0.004597895,-0.0026103687,-0.0014390126,0.0018524677,-0.003659416,-0.0014918055,0.001513049,0.0013069212,0.0014492357,0.0030519846,-0.006351024,0.00022399426,-0.0018673167,0.003482595,0.004981227,-0.003131006,0.0025296416,0.0023767352,0.0009328164,MFB
-5.531311e-05,-0.0011227354,0.0059816837,0.0009897798,0.0016662143,-0.0024300069,0.0059406906,0.000993453,0.00397937,-0.0030593574,-0.0024684593,0.0047035962,-0.0006360692,-0.00031191483,0.0029053986,0.00089458004,-0.00018804334,0.003774792,0.0016286522,-0.0020137643,0.0012127026,-0.005411431,0.001250159,-0.0037795454,0.004599847,0.007272981,-0.0038858093,-0.0015912969,0.0016931966,-0.0003214404,MFB
-4.9378723e-06,-0.0030806735,0.0038731396,-0.0004247725,0.00049032643,-0.0015843399,0.0045176446,0.00139869,0.0036916807,-0.0056259334,-0.0039211437,0.004420355,-0.0018439946,-1.4640391e-05,0.0037938803,-0.00082619116,-0.0013372023,0.005510673,0.0019086152,-0.002525718,0.0019687596,-0.0051522925,0.0010330193,-0.003227733,0.005509272,0.007828847,-0.0050572306,0.00042887963,0.0042142347,0.00041353703,MFB
0.00080733746,-0.0024488121,0.0053471476,0.0007790476,-0.00017434731,-0.002520185,0.0051881224,0.0017884746,0.004051782,-0.0036016107,-0.0027705766,0.0038188398,-0.00060573046,-0.00078606606,0.002754882,-0.0034046732,-0.0021362137,0.0035892874,0.0012862533,-0.0012261914,0.0016103382,-0.005189508,0.0015293099,-0.00041068345,0.0035591945,0.00674133,-0.004750382,0.0008492414,0.0030964315,0.0006044172,MFB
-8.455105e-05,-0.0011491403,0.0074120313,0.0027867258,0.00018703938,-0.0014798269,0.007408455,-0.00034180284,0.007025063,-0.002609998,-0.0026131868,0.0053379387,-0.0022761505,-0.00049957633,0.0039198175,0.00050133094,-0.0010671448,0.0043599904,0.0034133643,-0.0012565833,0.0004285681,-0.004684806,-0.0005845465,-0.0039170533,0.0027081966,0.0068069175,-0.0033993535,3.878586e-05,0.0025932714,-0.0003145896,PkC_ss
-0.0047520027,-0.011038549,-0.017008744,-0.0054312795,0.0020746998,-0.01561705,0.011509404,0.0144967735,-0.012497589,-0.014825329,-0.009402599,0.012289237,-0.0015511868,0.0147015415,-0.007642921,0.0042915307,0.008831678,0.0036534667,-0.0011202246,0.010278258,0.006622149,0.005888194,-0.0026852675,-0.00474485,0.013572313,0.0025271699,0.0033326,-0.014389385,0.0037227497,0.0030210614,PkC_ss
-0.006557934,0.012498498,-0.011620164,-0.0060669035,0.0034891888,-0.010330319,-0.0048321337,0.011688627,-0.0076071247,0.00991109,0.009498604,-0.0028998107,-0.009823581,0.0078354925,-0.014562558,0.0005964823,0.006153429,-0.01423879,-0.011550233,0.015500492,0.0033224276,-0.0021484084,-0.0024641305,-0.005046539,-0.001279667,-0.01090423,0.011480611,0.0029416624,-0.008618176,0.008430246,PkC_cs
-0.0029268228,0.0029387325,0.0070789903,0.0012962371,-0.00020196289,-0.0031931736,0.0035602897,0.0021445975,0.004445128,-0.0021842122,-0.0028785318,0.0035391003,-0.0058676507,0.00047822297,-0.00013989955,-0.0023439266,0.0005710516,-0.0018432289,7.2821975e-05,0.00014063995,-0.0015644622,-0.007895187,-0.0012041666,-0.0017760098,0.005286202,0.0057481453,-0.0054299794,0.0043951925,0.0023130253,-0.00038667768,PkC_ss
0.00024224445,-0.003357157,0.006192684,0.0023766756,0.0011858083,-0.0017047077,0.00839816,-0.001577191,0.0060461313,-0.0068197846,-0.0045388415,0.005943142,0.0015100258,-0.00094070286,0.0058918744,-0.00021657348,0.000109530985,0.008762777,0.0014826655,-0.0030274903,0.0009442563,-0.0035102814,-0.00087345764,0.0006750375,0.0059863254,0.0060980245,-0.0062320903,-0.002848615,0.0016482621,-0.0027999952,MFB
-0.0033921637,-0.0017669722,0.00042368472,-0.00020347536,0.0020835921,-0.004416488,-5.044043e-05,0.0034049451,-0.00275594,-0.0035101175,-0.005591873,0.0036913902,-0.0010616389,0.00010194257,0.0027979836,-0.0017165728,-0.003811853,-0.0013352334,-0.0011068434,-0.00081463624,0.0008243318,-0.004422933,0.00091440603,0.00010664016,0.0058939457,0.008816771,-0.0064060576,0.0033435766,0.0021922514,0.0034670532,PkC_cs
-0.00069301575,-0.0019273236,0.003992617,0.0020837933,0.0012092069,-0.0019225515,0.005801156,0.0016957298,0.004015997,-0.0037478507,-0.0023345947,0.0051636323,-0.00068718765,0.00020046532,0.003317453,0.0007133074,0.0007008631,0.00442636,0.0012050122,-0.0019667922,0.0006736829,-0.005486354,0.00078002736,-0.0026674494,0.005878553,0.006288372,-0.0030583516,0.00020824745,0.0016031563,-0.00051930547,MFB
-0.0020024218,0.0032537282,0.0012927204,-0.004864767,0.00031738356,-0.0012736917,-0.0013489276,0.006707251,0.0021595955,-0.0064513385,-0.0010367073,0.0040756315,-0.0013759864,-0.0057682395,0.002483189,-0.0026817918,0.0010699108,0.0021075457,-0.004724905,0.00083933864,0.0035581025,-0.010767326,0.0008889288,-0.0035596862,0.0041485056,0.0020545423,-0.0034880713,0.0068560317,-0.0028196648,0.00011444092,PkC_ss
0.0063660387,0.009886451,-0.0031768978,0.0032232553,-0.007708054,-0.0022214241,-0.015494809,-0.0013884678,-0.0062909797,0.016545802,-0.002904117,-0.014494762,9.081687e-05,-0.012767054,-0.014146913,-0.005869165,-0.017557686,-0.020826027,-0.015403286,0.014031901,-0.008329013,0.0038715377,-0.0002860166,0.007947311,-0.013686195,-0.010483593,0.02030572,-0.007533551,-0.018330537,0.008609008,PkC_cs
-0.0009868555,0.01026807,-0.0032357723,-0.003980398,0.002533473,-0.006642431,-0.0057099313,0.0059744045,1.4483929e-05,-0.0010602772,0.004944388,0.0033965185,-0.009493804,-0.0024812296,-0.0046742186,-0.0024024807,-0.00064498,-0.0112042725,-0.0043248087,0.0071337307,0.0035607792,-0.009018391,-0.0018161498,-0.004658729,-0.00089374185,-0.00012400001,-0.0005320199,0.01076558,-0.0031326935,0.0017735139,MFB
-0.0014693812,0.0012353882,0.005489111,-0.001981929,-0.00013480708,-0.0023300722,0.0048675537,0.0035418198,0.0044730306,-0.006041974,-0.0038403384,0.0048326626,-0.00023655419,-0.004488282,0.005822137,-0.002168931,-0.0010783263,0.0031872615,-0.0011806041,-0.0010903003,0.0034771091,-0.007400982,0.0011515841,-0.0032894164,0.0036191791,0.0051214397,-0.0061381124,0.003171431,-0.00019090623,0.00051444396,PkC_ss
0.00088181347,-0.00031066686,0.0012547374,-0.0021196604,0.0017029718,-0.0026757382,0.0031397045,0.0034711882,0.0028365962,-0.0058326423,0.000591103,0.0047786534,-0.0044518095,-0.0010473356,0.0023397729,-0.0011826754,0.0011533685,-0.0009391606,0.00040876865,0.0037119174,0.0026792805,-0.0049833506,-0.0015628003,-0.0017268658,0.004636094,0.0069502145,-0.0058119185,0.0036245566,0.0037404299,-0.0019573383,MLI
-0.0030474402,0.00027931482,-0.009661242,-0.0052101463,-0.0027982704,0.0046287887,0.0065751225,0.010364033,-0.0018331334,-0.010733888,-0.0047395863,0.005617723,0.000107021886,0.0059490576,0.0053837597,0.0068891756,0.011434669,0.007225819,0.0012120456,0.008411416,0.0029084082,0.0058991835,-0.00023011863,-0.00767662,0.0074902177,0.00026280433,-0.0026034303,-0.006411695,0.0017125383,-0.0038634539,PkC_ss
-0.0017415397,-0.00050573796,0.00412941,-0.0016303062,0.00017528236,-0.0026661642,0.0017095059,0.0030209795,0.0027666613,-0.004118085,0.00042105094,0.0043733194,-0.005910104,0.0005287193,-0.0009792298,-0.003002774,0.001822887,0.0002738908,-0.0004028529,-0.0004504891,0.0013588737,-0.006668389,2.5905669e-05,-0.0029541552,0.004363753,0.0053647757,-0.0046590827,0.003047498,0.0049749985,0.0006027445,PkC_ss
-0.0040340275,-0.002243884,0.001702249,-0.0018392801,0.00046261773,-0.006986141,-0.002451092,0.005597636,-0.0023723692,-0.003892213,-0.0052277,0.0018356144,-0.0025155302,-6.390363e-05,0.003038384,-0.0023789108,-0.0031539146,-0.001342833,-0.0038599223,0.00057776365,0.0025927513,-0.004005596,-0.0010920912,0.00022090226,0.0062549487,0.008265391,-0.006640345,0.004696442,0.0036048964,0.007881068,PkC_cs
0.00015193038,0.0012083575,-0.0057914555,-0.0034353435,-0.0029061735,-0.008581981,-0.010421455,-0.00052735955,-0.0072680563,0.0038004518,-0.00073483586,-0.008207992,-0.0041546505,-0.0054168254,-0.018889204,-0.003703829,-0.004400721,-0.011350393,-0.019570924,0.011920886,-0.0029061413,-0.004484467,-0.0030470565,0.0060718805,-0.00048717856,-0.015180491,0.016876187,-0.000896452,-0.013433449,0.0033863783,PkC_cs
-0.0089823045,0.006636426,-0.020496726,-0.008335963,0.0060576387,-0.009204973,-0.00012032688,0.0133828,-0.008274674,0.004781574,0.013324946,0.001874134,-0.011302607,0.007603608,-0.018466096,0.001386229,0.008504054,-0.014532641,-0.01804158,0.020948576,0.0009950879,0.0009552911,-0.007345993,-0.002986528,0.0033952445,-0.012487419,0.012260813,0.0069105867,-0.0062586814,0.0035806373,PkC_cs
0.0034001134,-0.0020956323,-0.0057944655,-0.002046153,-0.0010155998,-0.0040869378,-0.0074919164,-0.0035859123,-0.0072169974,-0.0021744221,0.0072980486,0.006646991,-0.0042053144,0.0028376058,0.0033242553,0.004193213,0.0030809622,-0.006362006,-0.005098775,0.0068887603,0.002423692,0.00016732886,-0.00035169348,0.0036908314,0.0012350753,-0.0073357895,0.00039988384,0.004611131,-0.014078297,0.0025563613,PkC_cs
-0.0033045039,0.0024988279,0.005696669,2.3588538e-05,0.0005768277,-0.0028197654,0.0014958233,0.001754947,0.0020903572,-0.0033545047,-0.003387209,0.0034114271,-0.0044033434,0.0003708899,0.00090432167,-0.0013567694,0.00014189631,-0.0015744418,0.0018397719,-0.0018520141,0.00010560034,-0.0073076785,0.00061490014,-0.0028525814,0.0054782555,0.008036651,-0.006611254,0.002836721,0.0027215406,-9.576976e-05,PkC_ss
-0.00026737154,-4.68567e-05,-0.00966078,-0.0048612207,0.0031628795,-0.007551823,-0.0030377656,-0.002582319,-0.0045594163,-0.0012520552,0.0020056926,-0.0010078996,-0.0035145115,-0.0036225878,-0.012296628,-0.0006730445,-0.008082883,-0.0075070634,-0.017188147,0.014221026,-0.0030091037,0.0012024008,-0.001029849,-0.0010944754,-0.002976641,-0.008767113,0.0083313845,0.007770976,-0.010734178,0.0011496171,PkC_cs
-0.00027612224,-0.002949573,0.006294906,0.0010410994,0.001469221,-0.0009690225,0.008975998,0.000102840364,0.00622382,-0.0062054247,-0.003616117,0.0055455267,4.0644663e-05,-0.0007507354,0.004369855,0.0011157356,0.0010991413,0.0059970617,0.0017755032,-0.0014223857,0.0013890392,-0.0050174445,-2.5555491e-05,-0.0016013086,0.007988468,0.008231513,-0.006250292,-0.002504495,0.0031185672,-0.0017419197,PkC_ss
-0.0022594668,0.0013279989,-0.018795528,-0.014414653,0.0031264983,-0.004814703,-0.0062927455,0.0099122375,-0.009664461,0.002360016,0.012867108,-0.0025795698,-0.009659508,0.007414922,-0.014741629,0.0014839806,0.009777708,-0.0072476715,-0.013658389,0.016082918,0.007779566,0.0002548732,-0.0059269257,-0.0029873028,0.0037834942,-0.0172394,0.012043327,0.004134616,-0.0018284097,0.0025175437,PkC_cs
-0.0032707863,0.0018871948,0.00637348,0.0002655238,-0.00026816502,-0.0028170533,0.0042953044,0.0036226735,0.003552124,-0.0039483905,-0.004915554,0.0038325936,-0.0024705436,-0.0016413145,0.001761578,-0.004422281,-0.0007847287,8.098781e-05,-0.0028793067,-0.0015910072,-0.00022101263,-0.0077042207,0.0018406548,-0.001489751,0.0062136874,0.0064011887,-0.006483715,0.00242736,0.002177395,0.002737023,PkC_ss
-0.0046743937,0.0012481287,0.0060005784,-0.00456433,-0.0012963451,-0.00042514876,-0.0004184693,0.00036837906,0.0036293268,-0.011063084,-0.007498719,0.00494761,0.001162784,-0.0069614276,0.0097256005,0.0008004159,-0.0001272764,0.0057915896,0.0032541603,-0.0015650252,0.0070003397,-0.010190055,-0.00051700324,-0.0020044893,0.005977936,0.0059055313,-0.009280056,0.004642943,-0.0027720705,-0.0023590177,PkC_ss
-0.0022076033,0.001637198,0.004549101,0.0005515963,0.00041872635,-0.0027006157,0.002880782,0.0016558543,0.0029792935,-0.0034167022,-0.0021902882,0.0033310652,-0.0054616537,0.0014765188,-0.0001526922,-0.0015580729,0.0010074824,-0.0012578592,0.0013910681,-0.0013822569,-0.0005435706,-0.0064310357,-0.00037108734,-0.002632983,0.004685633,0.005146697,-0.0044021197,0.004197903,0.002792947,-0.00059657544,PkC_ss
-0.0012387373,-0.003071867,0.0024869293,0.001381889,-0.00053332373,-0.0033816174,0.0024299175,0.0039794147,0.0046589486,-0.0020447075,-0.0024111494,0.0069066584,0.00041607942,-0.0032635257,0.0035581142,-0.005632505,-0.0044129323,0.005541377,-0.0036255866,0.00083302427,0.004060227,-0.0050927103,-0.0014984086,0.003601037,0.002195105,0.0023316517,-0.0028542727,0.00096669234,0.0008950755,0.0037894025,PkC_ss
-0.00080157444,-0.001886867,0.0067490935,0.001129821,0.00067221746,-0.0029707104,0.006463602,0.0001327917,0.004717432,-0.004978895,-0.0020014532,0.005760744,-0.0031430926,0.0011182725,0.0026672333,-0.0008883439,0.0014858972,0.0035412163,0.0013304353,-0.0015355675,-0.0004021381,-0.0051156804,-0.0005671568,-0.0020531937,0.0058693066,0.007149808,-0.006547231,0.00076748244,0.0033657625,-0.0012052581,PkC_ss
0.0015681311,-0.0035306886,0.0054377615,0.00035330653,-0.00024371967,-0.0016693659,0.0064274967,0.0021928921,0.0045731813,-0.0046913326,-0.0012216754,0.0050361305,9.156193e-05,-6.4089894e-05,0.0030615479,0.0014475323,-0.00063811615,0.0049676746,0.0029052198,0.00020311121,0.0022015213,-0.00342156,0.0004878305,-0.0029204637,0.0049293786,0.009318091,-0.0040360466,-0.0015400797,0.0032402426,0.0011865422,PkC_ss
0.015250262,0.027624764,-0.0011063069,0.0037224889,-0.005399827,-0.00013715774,-0.016563341,-0.0059250817,-0.0077827014,0.030523807,0.0037381202,-0.027778089,0.005793119,-0.012789339,-0.020397589,-0.0031555444,-0.019424642,-0.035622314,-0.021866374,0.0116505455,-0.01798879,0.0070478395,0.012262832,-0.00072252005,-0.016009018,-0.017440788,0.029920515,-0.0122587085,-0.040781967,0.01237924,PkC_cs
-1.4901161e-06,-0.0017995313,0.009690255,0.00091160834,-0.0001979731,-0.0026768595,0.006381646,-5.7905912e-05,0.0060222074,-0.0030595064,-0.002425719,0.0027920455,-0.0028071906,0.0005215816,0.0018916428,-0.0032691993,0.00043097138,0.0030222535,0.0024549216,-0.00097463187,0.0005781553,-0.0026299097,-0.00074134395,-0.0020999536,0.001740858,0.006899871,-0.006170038,-0.001162434,0.0068040937,0.000861112,MFB
0.00288634,0.001184389,0.0042762905,-0.0002655983,0.00080110505,-0.0018539876,0.006543651,0.0026089922,0.005054135,-0.0036665201,-0.0022100545,0.003938444,-0.0012789351,-0.001961898,0.0046112463,-0.0030133575,-0.002504032,0.00062690675,0.003138736,9.600911e-05,0.00310233,-0.0049846917,0.001488965,-0.00063972175,0.0027863234,0.007829346,-0.006028328,-0.00071070157,0.0022809505,-0.0034805275,MFB
0.0006793663,-0.0013670772,0.0054744035,0.0025663376,0.0011611618,-0.0010199025,0.0068172216,-0.00023023039,0.0054902807,-0.0033188462,-0.0019569062,0.0054851472,0.00074220623,-0.00017698482,0.0032972842,0.000772696,0.00037640147,0.0051340535,0.004007414,-0.0013428768,0.0017704363,-0.004497871,8.478388e-05,-0.00044563413,0.0045722574,0.006325297,-0.00403738,-0.0032055788,0.001368314,-0.002130419,MFB
9.169802e-05,0.0014098287,0.0054085404,0.0013284236,0.0022880398,-0.0006265119,0.007795587,-0.00075785816,0.004520327,-0.0056667626,-0.0015300326,0.0066963285,-0.002042232,0.00035201386,0.0024574995,-0.0014580041,-0.00043004192,0.00060869753,0.005881265,-0.0001491746,0.00013438007,-0.0029572323,-0.00052940473,0.0013396963,0.0032737479,0.01000458,-0.009685714,-0.002075904,0.0028574169,-0.004795231,PkC_ss
-0.0029904246,0.0030605718,0.004472971,-0.00065486133,0.0005349666,-0.0020863526,0.003079459,0.0037450343,0.0025613494,-0.0028641373,-0.00275762,0.0032578781,-0.001992723,-0.0022314936,-3.542751e-05,-0.0037184097,-0.0010027084,-0.0018599927,-0.0029747486,-0.0008670306,-0.00016600313,-0.0068223923,0.0021667704,-0.002894953,0.004437171,0.0059668496,-0.005420346,0.003293803,0.002209723,0.0013445392,PkC_ss
0.00047158264,0.006268382,-0.00314413,-0.003793195,3.080815e-05,-0.0058570914,-0.007937685,0.0059718043,2.1215528e-05,-0.0015398264,0.0035573654,0.0005623698,-0.008046815,-0.0028912053,-0.0032988638,-0.000745289,-0.00081895664,-0.009380043,-0.005970493,0.008265205,0.002940399,-0.0050149783,-0.0035762228,-0.0037241057,-0.0011111051,-0.0003265068,0.0010619536,0.010108942,-0.000596717,0.004527334,PkC_cs
-0.00057458505,-0.004130736,0.0026167184,0.0010393113,9.640679e-05,-0.0032845289,0.004095763,0.0035985485,0.004535429,-0.0026318133,-0.0028566122,0.006830156,0.00082279916,-0.0026633814,0.004419796,-0.004570503,-0.0050308276,0.0066915452,-0.0021231025,0.00014342088,0.00446213,-0.0041142404,-0.0011706129,0.0025663748,0.0021213517,0.0038501546,-0.003182415,7.02776e-06,0.0018061474,0.0034950562,PkC_ss
0.0026688054,-0.002006404,-0.007607162,-0.0071685463,-9.391457e-06,-0.005729679,-0.008039981,0.003578104,-0.0042638183,-0.0063017905,0.0055233724,0.0013339967,-0.006940959,0.0014611334,-0.0037101656,0.0018819608,0.0036765225,-0.00562948,-0.0044068247,0.0064997515,0.005024485,-0.0022328123,-0.004106082,0.0008026287,0.004532136,-0.0025985464,0.00063683465,0.005702948,-0.0006398037,0.00024173409,PkC_cs
-0.0028856248,0.012473926,-0.0052560717,-0.002252072,0.0023713,-0.0049312003,-0.007959023,0.0053087324,-0.0005939901,-0.00010986626,0.003286086,0.0034004152,-0.009484651,-0.0017553121,-0.0060982816,-0.0045872033,-0.00011143461,-0.012778603,-0.0019800812,0.008839519,0.0026928964,-0.009532854,-0.0024490245,-0.0025365278,-0.001145035,-0.002004929,3.30396e-05,0.011464765,-0.0038227215,0.001200851,MLI
-0.0033173747,9.328127e-06,0.008086085,0.0028429478,-0.00012243167,-0.0032486618,0.0070518106,0.001708813,0.006080307,-0.0046167225,-0.006222669,0.006909646,-0.0003182796,-0.0026013553,0.0042782277,-0.0038581565,-0.0008812547,0.0029870719,9.3102455e-05,-0.0018075919,0.00030273525,-0.0072907805,0.0011273511,-0.0013461336,0.0056052133,0.008564822,-0.006694641,-0.0010197256,0.0018520057,0.0019174218,PkC_ss
-0.0016377382,0.009885453,-0.00487867,0.0023500174,-0.0019847788,-0.0070588216,-0.01002273,-0.0031066015,-0.001333274,0.005377859,-0.0038052835,-0.0038309023,-0.0063230935,-0.0060976595,-0.0144181065,-0.005046591,-0.013433872,-0.014586903,-0.010443568,0.017442191,-0.006095365,-0.0067082793,-0.0025299862,0.0046288595,-0.0054969788,-0.008335471,0.010923494,0.009804895,-0.017678626,0.0050782748,PkC_cs
-0.0009935983,-0.001036793,0.004556343,-0.00010935962,0.0013102777,-0.0036872663,0.0033276528,0.0013758168,0.0033728331,-0.0048478544,-0.0028866492,0.006550804,-0.0030333009,-0.00034133717,0.0024549887,-0.001426816,-0.001041621,0.002183035,0.0025145859,-0.0003626002,0.0027410476,-0.0059321597,1.6003847e-05,-0.0018849298,0.0047925115,0.00863146,-0.006365467,-0.0014565345,0.0026097596,0.0010975823,PkC_ss
0.0008047018,-0.00063458085,0.0061582923,-0.0008111596,0.001837533,-0.0032471344,0.004111603,0.0017104223,0.004356794,-0.0052811056,-0.002090279,0.0039263517,-0.004198497,0.00058636814,0.0017182603,-0.00092513487,0.0014121272,0.0016005784,0.0020745248,-0.00030702446,0.0006688121,-0.0049335063,-0.0010958128,-0.0027119964,0.0045858324,0.008667298,-0.0069344044,-0.00015253574,0.0051546916,-0.0011112317,PkC_ss
-0.0051105954,-0.006694503,-0.009902939,-0.005861044,-0.0021145605,0.00080193207,0.0136958435,0.011690564,-0.0009088963,-0.013804138,-0.004328355,0.009835247,-0.001882909,0.008061536,0.0007083118,0.0017483495,0.013694527,0.008895874,-0.00091932714,0.010612487,0.0037699263,0.0068202503,-0.003823951,-0.004116051,0.010422565,0.0007788092,-0.0036699735,-0.0093849925,0.0102350935,-0.0040143393,PkC_ss
0.0049777348,-0.0054627433,-0.00816001,-0.012315914,0.0023550726,-0.0038524382,-0.009983674,0.000990048,-0.009371642,0.0031974614,0.008255508,-0.00027954578,-0.0018012096,-0.0006391071,0.0039717928,-0.0022969134,-0.0014622379,-0.005428031,-0.013580993,0.009967939,0.0077255866,0.007085342,-0.0044702105,0.0069947317,-0.005218908,-0.0115384385,0.00032247975,0.00091767125,-0.009373598,0.0026453137,PkC_cs
0.0067417882,-0.0012735799,-0.011538252,-0.011444971,0.0026163943,0.0015962198,-0.0027466863,0.0022433773,-0.0044485442,-0.0037674457,0.012138996,0.0018512383,-0.005427381,-0.0008536093,-0.0074499995,-0.0022428222,0.0023654532,-0.0062014237,-0.011541352,0.010200783,0.0014842167,0.0007144436,-0.00024291873,0.0004548058,-0.0012701601,-0.008430235,0.003959682,0.0045182593,-0.005447954,-0.0057708994,PkC_cs
-0.00041388348,-0.0002792552,0.008854464,-0.000564456,0.0010441355,-0.0026758537,0.007085204,0.0015184805,0.0061897635,-0.0040743947,-0.001792118,0.004162617,-0.0029498246,0.0001148656,0.0025425851,0.0006412789,0.00088215806,0.0031861663,0.0027776808,-0.0011251019,0.0012570019,-0.0045135617,-0.0008698851,-0.00407546,0.00488393,0.009842187,-0.007166732,-0.002140983,0.0048499852,-0.00059226155,PkC_ss
-0.0014097244,-0.00032818317,0.007357016,0.00037685037,0.00025127083,-0.0030588955,0.005280271,0.002953954,0.00554844,-0.0017422289,-0.0015512668,0.0036894828,-0.0052201357,0.00024083629,0.0025483146,-0.0009828731,0.00045960024,0.0015975237,0.001577735,-0.0008172495,0.0011426597,-0.0051993877,-0.0017102249,-0.00417345,0.0034449995,0.007130362,-0.005075462,0.0014375821,0.006270446,0.00023194775,PkC_ss
0.0065314732,-0.0058261156,-0.008139715,-0.013863608,0.0023830198,-0.0037807748,-0.0030326247,0.005411729,-0.006557651,0.002932936,0.009259243,-0.003331095,-0.0041493643,0.00044491515,0.001107268,-0.00069341063,-0.0019759443,-0.0017967895,-0.011801511,0.014892202,0.009971939,0.010405555,-0.0067339316,0.0024433956,-0.008001491,-0.008594684,0.0048209466,-0.0030765636,-0.0020330325,0.0030202381,PkC_cs
-0.0042694584,0.0050460845,0.007763386,-0.0026745647,-0.007898528,-0.00027871504,0.00097081065,-0.0045115724,0.005078286,-0.013612941,-0.004705321,0.0084784925,0.002763981,-0.004579298,0.007862091,0.009226702,0.001823781,0.0015775338,0.010916725,-0.00033254456,0.0035828366,-0.009304374,0.0032475926,-0.0071939006,0.006832026,0.007925853,-0.0072692707,0.0054589845,-0.013974048,-0.0076544583,PkC_ss
-0.0015464611,0.003700398,0.0074480027,-6.210804e-05,-0.0005844645,-0.0005017072,0.0026879162,0.004861556,0.005300775,-0.0035790503,0.0009787604,0.0039936453,-0.0026035663,-0.0031913407,0.0028130114,-2.9802322e-06,0.0038772486,0.0013529733,-0.00017537177,-0.0022646198,0.0012202072,-0.0071592033,0.00063863397,-0.005029857,0.0007735118,0.005275741,-0.0034096614,0.0020871144,0.00056424737,-0.00037777424,PkC_ss
0.0060038865,-0.004179336,-0.00056149065,0.0055436343,0.0024887882,-0.0035998374,0.00044102967,-0.010023065,0.00796397,-0.0064024925,-0.0001678653,0.004602127,0.009981966,-0.0008322075,0.02424296,0.013661768,0.0050276015,0.011636242,0.0036677718,-0.009511207,0.005570698,0.0025222749,-0.002608452,-0.0068604425,0.00047944486,-0.004895255,-0.0029900707,0.014120296,-0.008519568,-0.009820044,PkC_ss
0.006558437,0.0065592006,-0.0041677803,-0.0006866008,-0.0068651065,-0.0054691955,-0.017282873,-0.0015014485,-0.009090491,0.011657178,-0.0038159303,-0.015427977,0.00031973596,-0.010150075,-0.012280848,-0.002754338,-0.015088962,-0.020222574,-0.019316241,0.0148779135,-0.0063058888,0.0036762431,-0.0021809079,0.008968353,-0.006267652,-0.012065001,0.01755755,-0.002817409,-0.02042108,0.011777706,PkC_cs
-0.00095522776,-0.004699968,0.0022982955,-0.00077821314,0.00091585144,-0.0042893514,-6.5758824e-05,0.003799811,-0.0009932853,-0.0006992221,-0.0022978596,0.0014840513,-0.0020794254,0.0016003363,0.0032091886,0.0010924563,-0.0034684632,0.0022919476,-8.414686e-05,-0.0018089013,0.002252703,-0.0011175051,-0.0008488409,-0.0023556724,0.0033458173,0.0082708895,-0.0039148293,0.001343267,0.0067338273,0.0044240355,PkC_cs
-0.0008868389,0.0009554103,0.0070934743,-0.002234891,0.0024438053,-0.003334105,0.007689297,0.002173014,0.003727425,-0.0047191978,-0.002648931,0.004713297,-0.002748428,-0.0009949803,0.001384005,-0.0009854101,-0.0015645735,0.0011145398,-0.00044123828,-0.0016983924,0.0001959703,-0.005711779,0.0007578619,-0.0051425993,0.004816696,0.008981772,-0.007859733,0.0012003519,0.0037596524,-0.0009178072,PkC_ss
0.0052096806,-0.0030014366,-0.00015854836,0.0054436475,0.0028260536,-0.004234176,0.0010792017,-0.009717114,0.0076789483,-0.00588724,-0.0005663708,0.004743278,0.008948186,-0.00064769015,0.022762187,0.012780737,0.0046814065,0.00988543,0.00399068,-0.008825052,0.0053431145,0.0019859597,-0.0025002882,-0.007330492,-8.3215535e-05,-0.0047305003,-0.0028824918,0.0138729755,-0.00852368,-0.00956431,PkC_ss
-0.0035723858,-0.0066892356,-0.010181993,-0.00440003,-0.002595488,0.0019442886,0.010779813,0.01004374,-0.00021796674,-0.013388753,-0.004307639,0.008762032,0.0005281734,0.0071116537,0.0043717995,0.0042037405,0.013000058,0.010854043,0.00011669099,0.007917018,0.0034078998,0.0062303953,-0.0024183132,-0.004489161,0.010901131,0.00109943,-0.003401149,-0.007548549,0.0076659545,-0.003991924,PkC_ss
0.006010594,-0.00019087642,-0.006850913,-0.0018730164,-0.0021569766,-0.0026094913,-0.014812812,-0.008135982,-0.005018905,-0.00033403933,0.0071090944,0.0048508346,-0.0025320929,-0.0015261024,0.0015744343,-0.0020223334,0.0005475525,-0.007076055,-0.005241886,0.0051771803,0.001394683,-0.000517495,-0.0013180487,0.0069346204,-0.0066024065,-0.01358787,0.004120197,0.006055828,-0.016974255,-0.0020772256,PkC_cs
-0.0003345199,-0.002474539,0.00539878,0.001399383,0.0007963069,-0.0032829419,0.0061035156,0.0023434833,0.0043612346,-0.0022894293,-0.0011848174,0.00493709,-0.002205884,-4.4241548e-05,0.0013595968,-0.0012943894,-0.00034298934,0.002294317,0.00063465536,-0.00048897136,0.0010337285,-0.005071655,0.00012950227,-0.002155669,0.003832385,0.0063643977,-0.0034149177,0.0004506223,0.0042722076,0.00037170202,MFB
-0.000496652,-0.0017839298,0.0024121553,0.00032781065,-0.000729803,-0.0028882883,0.0015202612,0.002468191,0.0022290833,-0.0021418333,-0.0014216639,0.0050909147,-0.001292972,-0.0012050718,0.0014250278,-0.0038023703,-0.0025281645,0.00034733862,0.00073210895,0.0011242786,0.0025759614,-0.005680427,0.0012174957,2.6278198e-05,0.0035790727,0.0053806677,-0.0040323325,0.0022782031,0.0021290407,0.0019494705,MFB
-0.00040613487,-0.0029650256,0.0030948818,-0.0005778223,-0.0005857311,-0.0029525682,0.0038737208,0.0019052401,0.0024426281,-0.004665494,-0.001707051,0.005281076,-0.0029120203,-0.00044662878,0.00119441,-0.0031855889,-0.0023188852,0.0013406649,-0.0010236651,0.00046276767,0.0011126711,-0.0052159876,0.0019643642,-0.003374122,0.004509069,0.0064549968,-0.0045012273,0.004343692,0.0037652478,0.0024466813,MFB
0.001717547,0.0009026453,0.005006954,-0.0028802007,-0.00031017885,-0.0019484535,0.002425328,0.0028370693,0.004236959,-0.0018749237,1.1824071e-05,0.0019920394,-0.003924681,-0.00056480244,0.0007927492,-0.0022402443,-0.0031389538,0.0020101443,0.0043114424,0.0009126989,0.004421666,-0.0038422793,-0.0009933822,-0.003726177,-0.00071425736,0.005868487,-0.003947731,0.0012108684,0.0049967915,-0.0002563484,MFB
-0.05535673,0.0010647848,0.05129458,0.027867258,-0.018413808,0.025685761,-0.027165651,-0.03553108,-0.0009949803,0.03446807,-0.053721476,0.016566359,0.01572902,-0.021833211,0.062673524,-0.007374957,-0.00719486,0.019681454,-0.0003118068,-0.024983566,0.002066759,-0.005302787,-0.013836522,0.024147622,0.007909641,-0.008259334,-0.042971186,-0.02696419,-0.011918239,0.004310269,MFB
-0.0007201135,-0.0008935034,0.0040344,0.00058215857,0.0003974326,-0.0028574616,0.0044152886,0.0035190657,0.0030193478,-0.0023558885,-0.001483988,0.0057066455,-0.001874609,-0.0006256327,0.0019326732,-0.000548929,-0.0015206393,0.0025105923,0.0014324635,-0.001374173,0.0024635955,-0.0054541007,0.0012450069,-0.0037600324,0.0031231344,0.007298298,-0.002624195,-0.0009538848,0.0025145859,0.00096076727,MFB
0.0014961734,-0.0024447814,0.005945325,0.0020608902,0.000367105,-0.002023954,0.009048,0.0020007268,0.0068765804,-0.0058448613,-0.0017365478,0.008457258,0.002027059,-0.0034197122,0.0036837906,-0.0025781058,-0.0022275355,0.0054781735,0.001803413,-0.00021869224,0.0014194972,-0.0034559444,0.0008743629,-0.00018686801,0.0023247078,0.010560371,-0.006090965,-0.004133924,0.0025696978,-0.0016997233,MFB
-0.00075040385,-0.00033128262,0.0022971183,-0.0025010556,0.0016841404,-0.001788903,0.003570795,0.0033788607,0.002252549,-0.0037706196,-0.0019158944,0.002933666,-0.00444494,-0.00031694397,0.0022257492,-0.0014402196,-0.00028190203,0.001935862,-0.0007904023,-0.00012296345,0.0019776295,-0.0060394406,-0.0007012896,-0.003840655,0.0047642738,0.0041382685,-0.003839817,0.00399787,0.0033390224,-0.00095696,MFB
0.0006413646,-0.0017458722,0.005277112,0.0015097111,0.0012310408,-0.0019286983,0.0056719184,-0.000110417604,0.0048304275,-0.00447616,-0.0024099909,0.0048653185,-0.000276005,0.00044609606,0.0033046156,0.0007107891,0.0006258972,0.0044720843,0.0030762106,-0.0011417372,0.0013506259,-0.0042108223,0.000102926046,-0.0022547618,0.005216323,0.007275246,-0.0049326457,-0.0010771248,0.0025634468,-0.0012007132,MFB
0.00053962134,-0.0021749064,0.0053456128,0.0009010136,7.4181706e-05,-0.001759585,0.0055151135,0.0014491156,0.0050334036,-0.0030997992,-0.003095895,0.003453806,-0.00010501419,-0.0014117509,0.0029293746,-0.0027818568,-0.0016078968,0.003088221,0.0020424873,-0.0007687835,0.0014049686,-0.005194567,0.001495678,-0.0012108609,0.0039549023,0.0071395114,-0.004263658,-0.00021074153,0.0029179007,0.00046582147,MFB
0.00047984347,-0.0030849427,0.0066776127,0.000986442,0.00042192265,-0.002217088,0.0072450936,0.0021154284,0.0058039427,-0.0033394843,-0.0018727519,0.004630007,0.00065720256,-0.00222411,0.0019779056,-0.0020275675,-0.0008614082,0.0039665997,9.173155e-05,-3.6374666e-05,0.0019340045,-0.004258737,0.00093905255,-0.0016808435,0.003776744,0.007662691,-0.0039625987,-0.0024459912,0.0047237203,0.0013365448,MFB
-9.800121e-05,-0.0018436983,0.009246737,0.000881657,5.7902187e-05,-0.00293554,0.004474655,-0.0005151555,0.0049194098,-0.0047177374,-0.0018617623,0.0039836094,-0.0040686782,0.0011890978,0.0030323267,0.0005447529,0.002536118,0.0027523786,0.003716424,-0.0021149656,0.00049752137,-0.0050622895,-0.0011599325,-0.0032521859,0.004334122,0.008094475,-0.0062967017,0.00064232387,0.0048866495,-0.000957489,PkC_ss
0.0005723685,-0.000993304,0.0085888505,0.00092846155,-0.00020816177,-0.0027198866,0.0059108585,-0.0007733479,0.0055364147,-0.005224079,-0.0021176375,0.0041507185,-0.003368063,0.0012585074,0.0033515915,0.00013260916,0.001946643,0.0034460053,0.0043132305,-0.0030006403,0.00058013154,-0.00472036,-0.00056413934,-0.0025921017,0.004479423,0.007480599,-0.006698072,-0.00021893717,0.0040908456,-0.0021670908,PkC_ss
-0.0012925491,-0.0022122636,0.0074657947,-0.0008774549,0.0020166524,-0.002496872,0.009441629,0.003463082,0.0063745826,-0.007439241,-0.003923759,0.0069014505,-0.0016735179,-0.0023188293,0.0033367872,-0.0020754635,0.0006502364,0.0050667077,-0.0009806901,-7.792283e-05,0.0013562343,-0.005716108,-0.0006506033,-0.003008172,0.0065135583,0.010642432,-0.00819023,-0.002192798,0.005897112,0.00020121038,PkC_ss
-0.0014640056,-0.0035431534,0.0036498904,-0.0032796413,-0.0065524653,-0.002352003,0.004096821,-0.0031287596,0.004788615,-0.018714443,-0.008488219,0.011996124,0.00859707,-0.0046360344,0.0046007186,0.0046549253,-0.0015341584,0.009164587,0.007653147,0.0002764957,0.0027303505,-0.0081215575,0.0037577413,-0.00285054,0.010830045,0.010679789,-0.006473299,-0.0005323496,-0.011715747,-0.004424177,MFB
-0.0016331486,0.0009659454,0.0022992194,-0.0013782084,0.0016973689,-0.0019285008,0.0044984967,0.0038316473,0.0027955174,-0.002045244,-0.00084078684,0.0043131933,-0.0044235718,-0.00076043233,0.00087846816,-0.0042869113,-0.0014133547,0.0015393347,0.0007581562,0.00043349992,0.0021631843,-0.0055549517,-0.00014493987,-0.0036713555,0.0011146367,0.004572518,-0.003957495,0.0028831642,0.005181186,-0.0010632686,MFB
-0.0018317178,-0.0016319677,0.00815168,-0.00033573806,-0.0004842691,-0.00065838546,0.0045603514,0.004276544,0.0053996816,-0.0067239404,-0.0021888874,0.004912846,1.198228e-05,-0.004321702,0.005566165,-7.79815e-05,0.004075093,0.0048906505,-0.002366349,-0.0022496833,0.0012543271,-0.007849075,0.0004795976,-0.0026314557,0.0054592416,0.0070893466,-0.006111365,0.0018101167,0.002534084,-0.00022479147,PkC_ss
-0.00062801316,-0.003303595,0.0010046363,0.0010565519,0.0011962652,-0.0033605583,0.0016956776,0.0012963936,0.0024395287,-0.0036310256,-0.0022336803,0.005709842,-0.0014026222,-0.0015810393,0.0030424893,-0.0024167337,-0.00051587634,0.0026831552,-0.0006517023,-0.00094624143,0.0020964216,-0.006529078,0.00021026284,-0.0007695034,0.0049384534,0.0037856773,-0.0027036294,0.0022715721,0.0014621839,-0.0005051568,MFB
0.0061070845,-0.0026999637,-0.009427398,-0.004128635,-0.0017323308,0.0006606169,-0.010270402,-0.004387982,-0.005382113,-0.00090683997,0.007433798,0.0024977028,-0.0023615342,0.0004630275,-0.00038117915,-0.0018551312,0.0010744799,-0.005697772,-0.0054744333,0.0034656338,2.4646055e-05,-0.0016088486,0.00094696507,0.0069852695,-0.0007853359,-0.01129698,0.0034361184,0.007097617,-0.012322523,-0.0050870627,PkC_cs
-0.00014286861,0.0007410571,0.0026402324,0.00031459332,0.00042092055,-0.0027978383,0.0025758892,0.0040127784,0.0026407763,-0.0022711754,-0.0016063638,0.003888905,-0.0016702918,-0.0009278208,8.441508e-05,-0.002447337,-0.0010232851,0.0005413741,-0.0017382354,-0.00083417725,0.00033534272,-0.007389374,0.001679685,-0.0029028878,0.00415083,0.00438302,-0.0021741502,0.0039567593,0.00090069324,0.00037460774,PkC_ss
0.0015631691,-0.0025715232,-0.0074620396,-0.00097329915,0.0006923601,0.00015784055,0.00568147,0.001167424,0.0022199377,-0.009681821,-0.0042488426,0.005468942,0.006332742,0.0020662583,0.013709329,0.008248389,0.0060708765,0.009012297,0.0012551993,0.0011598943,0.0037395316,0.004770223,-0.0008425787,-0.0067134425,0.0047717392,-0.002082117,-0.0027685463,0.0038030911,-0.0036378503,-0.0065872334,PkC_ss
-0.00057147816,-0.0046668127,0.006023273,0.0024530292,-0.00072089955,-0.003089279,0.0056372285,0.0030392706,0.0075996444,-0.0028898418,-0.0025384165,0.008058123,0.0005765873,-0.0027203746,0.00413388,-0.0043878667,-0.00388786,0.007899024,-0.0014677495,0.0006602211,0.0037242635,-0.0038503855,-0.0020028464,0.0031082332,0.0023181885,0.0060686097,-0.004372347,-0.002868319,0.003217794,0.0047905,PkC_ss
-0.005281247,0.0077717677,0.010316774,-0.0011823326,-0.004841041,0.0025312342,-0.0019837022,-0.0019105375,0.005565606,-0.0064133406,-0.004843872,0.0005950704,0.000521982,-0.0061576515,0.0123391375,0.006302435,0.0031816363,0.0011942238,0.00571087,-0.0027747946,0.0040813084,-0.009247102,0.0009958111,-0.0054659992,0.003495425,0.0036436766,-0.0075392835,0.009037508,-0.007948481,-0.0050294697,PkC_ss
0.00015665777,-0.0014575347,-0.008586228,-0.010569945,0.002805341,-0.012343865,0.006674126,0.010246821,-0.0063679367,-0.0035542995,0.004810501,-0.0025456399,-0.0077142213,0.008390345,-0.0107142255,0.008492991,-0.00274444,-0.0077725425,-0.017406188,0.02164992,0.00086026033,-0.0021535233,-0.003430333,-0.0048058927,0.01274962,-0.002729617,0.0044448003,0.01791433,-0.0054247454,0.01963431,PkC_cs
0.0066751484,-0.0020764917,-0.015000127,-0.015105218,0.0031580217,-0.002231758,-0.00466232,0.002626337,-0.0062548295,-0.0020655543,0.012685057,0.0016741678,-0.00443835,-0.0030874722,-0.007046532,-0.00851813,-0.00021218136,-0.0076014623,-0.019020148,0.018867033,0.003907954,0.0033853576,-0.0047177486,0.005855471,-0.004364714,-0.016327493,0.0051173903,0.0066254195,-0.009932391,-0.0006532259,PkC_cs
0.0006567426,-0.00038686395,0.0067408383,-0.00089760125,0.00054135546,-0.0011288859,0.0026043653,-0.0005492121,0.0038992874,-0.005662799,-0.0011254065,0.0038881525,-0.0018990171,0.00024604425,0.004145436,0.0013216026,0.0014109686,0.003986843,0.0050181597,-0.0021087052,0.0020951233,-0.0041253343,0.00051818416,-0.0033514872,0.004041791,0.009061314,-0.0075228885,-0.0012818985,0.0024881512,-0.0010558218,PkC_ss
-0.00032142922,-0.0028185174,0.0041222274,-0.0024769902,0.0013900809,-0.002076529,0.0049823076,0.0031350628,0.0023353547,-0.0055039525,-0.00055878237,0.0044629276,-0.0044262838,-0.00040506944,0.0020241663,-0.00082287565,0.0016954932,0.0017988384,-0.0018454343,0.00055880845,0.000909762,-0.006641723,-0.0001844056,-0.004094459,0.006903127,0.006295599,-0.0058238767,0.004755022,0.0052158684,-0.0006329864,PkC_ss
0.00019264966,-0.0020428523,0.005680844,0.0009012222,0.0012140013,-0.0028577074,0.004506558,3.067404e-05,0.003288202,-0.005402088,-0.002360735,0.0049149394,-0.0031507518,0.00095425546,0.0031612217,0.00063313544,0.0013294518,0.0020497143,0.0030486137,-0.002559104,0.00040859496,-0.005580105,-9.571761e-05,-0.002904296,0.0052444115,0.007752545,-0.0058327504,0.0020928532,0.0038075373,-0.0018007308,PkC_ss
-0.0020163432,0.0012569651,-0.014372177,-0.008819252,0.0064189285,-0.009585187,0.00012306869,0.0017072335,-0.006395638,-0.0040273815,0.006501753,0.0019317046,-0.006718995,-0.0007449165,-0.014044277,0.0009954795,0.0032605156,-0.007926591,-0.01908543,0.016769104,-0.0012119957,0.0018109158,-0.005774822,-0.0031918362,0.00031097978,-0.012613051,0.010012455,0.0024217386,-0.011354446,-0.0038596392,PkC_cs
0.00027009286,-0.0022114292,-0.008193105,-0.0037332624,-0.001452554,-0.008805983,-0.0073396713,0.002378054,-0.0074427575,0.0045852065,-0.0036216564,-0.0077058375,-0.0065003987,-0.0056782365,-0.018578902,-0.0057050474,-0.012334922,-0.013996601,-0.02194734,0.019434232,-0.005326686,0.0005645007,-0.008986041,0.010707356,0.0008933395,-0.008662619,0.01295064,0.0002475027,-0.0072985813,0.009503797,PkC_cs
-1.9419938e-05,-0.0017884374,0.007301688,0.00051775575,-0.00061070174,-0.0033252314,0.0066974014,0.001186341,0.005451858,-0.0050481707,-0.0025939308,0.004756801,-0.003093442,-0.00043463334,0.0027396828,-0.0028029345,0.0008507669,0.0030422956,0.00042892992,-0.0023606038,0.00010590581,-0.0055800304,0.0004952289,-0.00323084,0.0047058016,0.006295033,-0.005387213,0.0010673311,0.004453473,7.938221e-05,PkC_ss
-6.257184e-05,-0.0008133054,0.007719472,0.0025456995,-0.0015230067,-0.0015675947,0.0041599125,0.0016902164,0.006032914,-0.0032651424,-0.0012902282,0.004425369,-0.0030535143,0.0010788925,0.0022080243,0.000270091,0.0018308666,0.002861783,0.0025458187,-0.0012945803,-0.0019680304,-0.004660353,0.0003772229,-0.0031233206,0.004686773,0.009615652,-0.0049149394,-0.0005161762,0.0031550527,0.00073255226,PkC_ss
-0.000103052706,-0.0017256141,0.00837028,0.0019645542,0.0010389611,-0.0014248677,0.008949503,-0.00046612322,0.0064460263,-0.008019686,-0.00294343,0.008180276,-0.00020693068,-0.0012329854,0.002941139,-0.0026045628,0.0011606477,0.0054209903,0.0030533224,-0.0024701199,-0.00011038454,-0.0051464736,0.0003212057,0.00082237273,0.0048657954,0.01035253,-0.009355675,-0.0036323117,0.0034338683,-0.0028335676,MFB
0.0073385797,0.0017755926,-0.005853012,-0.008926898,0.00068099424,-0.008753166,-0.011981085,0.0009966195,-0.005029656,-0.004704654,0.006948244,0.00013341755,-0.008349003,0.00018226728,-0.0011135712,0.0010867044,0.0049423296,-0.009361222,-0.0090851635,0.008835145,0.0067771967,-0.0022718832,-0.004913535,-0.002598457,-0.0014327317,-0.013048105,0.0045973994,0.010370249,-0.008032225,0.0028360188,PkC_cs
0.0017394181,0.005400412,-0.012603566,-0.007980496,0.00032168254,0.0030522123,-0.005933881,0.001615338,-0.002389986,0.002165407,0.011896312,0.0039461553,-0.004783811,-0.0036797635,-0.00548923,-0.008524597,-0.0009185523,-0.009111598,-0.013801277,0.015725318,-0.00065866346,0.0017159805,-0.0030818917,0.0070161372,-0.0066409707,-0.012793906,0.002841767,0.0067024846,-0.011913978,-0.002767831,PkC_cs
-0.0014354624,0.0004034415,0.0096591115,0.0015157461,0.0012923144,-0.003387101,0.006706193,0.0004531443,0.006803751,-0.005020097,-0.0038472302,0.0055942237,-0.004094934,-8.3372e-06,0.002292268,-0.0013038851,0.0021309797,0.0013412163,0.002333954,-7.1934424e-05,-0.0006601666,-0.006059818,-0.00064117834,-0.0040105507,0.0053391755,0.009953797,-0.007226333,-0.0014461549,0.0037754849,0.00026730448,MLI
-0.00060849264,0.0007307753,0.008837625,0.00064089894,-0.00037276372,-0.003294304,0.0042718053,0.0013336986,0.0048187673,-0.0026414394,-0.0022865348,0.003203556,-0.004002286,-0.00024703145,0.0019595325,-0.00017500296,0.00022043288,0.0007421747,0.00056765974,-0.0018115053,0.0002921461,-0.0055977553,-0.00011437759,-0.0048333183,0.0032647848,0.0068199635,-0.0047446303,0.0019267295,0.0036116093,0.00018859282,PkC_ss
-0.0038727336,-0.004380651,-0.0010050833,-0.0005605668,0.001253128,-0.0038765706,0.0010006577,0.002695419,-0.0006195605,-0.004016459,-0.003324736,0.0064461753,-0.0029500183,8.960441e-05,0.002446346,-0.0028648935,-0.0026211496,0.0012644678,-0.00051508844,-0.00010233652,0.0019484344,-0.0045994073,-0.00074146315,-0.0009371042,0.0058861077,0.007165991,-0.0052949674,0.0037719253,0.0047492012,0.0014641285,PkC_cs
-0.00039472803,-0.0022973716,0.008433759,-0.0005313307,0.00023774058,-0.0037257224,0.006133899,0.0006567165,0.0047325864,-0.0054688156,-0.0027554221,0.0048791915,-0.0033117365,4.6752393e-06,0.0016124621,-0.0029396415,0.000912996,0.0030077249,0.001026839,-0.0017411103,0.00044329232,-0.006112084,0.00019941851,-0.0025034472,0.005359076,0.0077267364,-0.006706387,-0.00022587366,0.004799545,0.00051826984,PkC_ss
0.0042683817,0.0048956275,-0.0023047477,-0.004518941,-0.0034667663,-0.0020639896,-0.008049354,0.0015300885,-0.00010862574,-0.0027575493,0.0072993003,0.000989005,-0.008835828,-0.0027128048,-0.004704036,-0.0007297136,0.0025348514,-0.0098281205,-0.005593598,0.009476545,0.0032170038,-0.0043276995,-0.0005130246,-0.0012906119,-0.002611205,-0.0049160793,0.0041133426,0.004633134,-0.0055384263,0.0024609081,PkC_cs
-0.0023164228,0.0014318898,0.0077168345,-0.0007979721,-0.0022970662,0.001764182,0.00052304566,0.004571408,0.005085036,-0.0054303855,-0.0028884672,0.0033157915,-0.0011172799,-0.004242815,0.0059798434,-0.00057278574,0.0017991699,0.0058204234,0.002190128,-0.0026167752,0.00263185,-0.008190006,0.00048726425,-0.0040248707,0.00065527856,0.0064675733,-0.0049446747,0.004224349,0.0022049397,-0.0012632981,MFB
-0.0016607232,-1.1853874e-05,0.008299202,0.0020839274,0.0009781905,-0.0033750944,0.006159395,0.0016668364,0.0058963746,-0.0037252605,-0.0024299026,0.0056371465,-0.0042326506,0.0004548505,0.0020654202,0.0016475655,0.0010807049,0.0025134683,0.0030422062,-0.00039889384,-0.00025546225,-0.0058541074,-0.0020476356,-0.0049294755,0.0041544884,0.009981215,-0.0051004775,0.000704648,0.0040029585,-0.0006468259,PkC_ss
-0.0016060509,0.00091774017,0.006465286,-0.00016570091,-0.00097069144,-0.0030564815,0.0029302388,0.0046632215,0.0054604486,-0.004760012,-0.0022043027,0.0039289743,-0.002341343,-0.002803523,0.003810212,-0.0025364645,0.002072269,0.0019619465,-0.0022768676,-1.9888394e-05,0.0016657053,-0.00836274,-0.0007557981,-0.0016769469,0.004521325,0.0036489144,-0.0045981295,0.0053460672,0.0009957701,0.0009880178,PkC_ss
0.0037465915,-0.0011341497,-0.0056860447,-0.0075517,-0.00078185275,-0.0061222166,-0.011314854,0.0012707114,-0.004726004,-0.00799574,0.0054421984,0.00082749873,-0.008951215,0.0011192709,-0.0026633292,0.0043831468,0.0057866257,-0.006383367,-0.004007444,0.0068801474,0.006588205,-0.004721999,-0.0037627257,-0.0007236153,0.0048447996,-0.004246369,0.0018473081,0.0063357484,-0.002887316,0.0024477653,PkC_cs
-0.0019195713,0.002380915,0.0037886351,0.00057801604,-0.00023990497,-0.0029493049,0.00065906346,0.0017013773,0.0020519607,-0.003763467,-0.0013605282,0.0031443536,-0.0048942473,0.00095684826,0.00046669692,-0.0017482936,0.0018049832,-0.002640769,0.0009331107,-0.0008613253,-0.00080975564,-0.006528631,0.00037795678,-0.002721101,0.004553914,0.004738234,-0.004547484,0.006133165,0.0012774989,-0.00085522607,PkC_ss
-0.002877716,0.0013826117,0.00855656,0.0012726039,0.0009460002,-0.0038660094,0.0072313547,0.0029410645,0.006930068,-0.0022042096,-0.004145898,0.005131975,-0.001456475,-0.003200341,0.003617458,-0.004098788,-0.0011335649,0.0010864139,-0.0020769835,1.3249926e-05,0.0011798586,-0.0051754564,-5.67846e-05,-0.0019097552,0.0036750361,0.007216729,-0.0069307648,-0.002062696,0.0032793358,0.0030815229,PkC_ss
0.0009020828,-0.00088071823,0.007458493,-9.171665e-05,0.0017588995,-0.0034950972,0.007297829,0.0012722388,0.0047903284,-0.0059351325,-0.0018400587,0.0044871196,-0.0036063325,0.0011239573,0.0016005784,-0.0016956404,0.0020327307,0.0017467588,0.002921611,-0.0011244817,3.280444e-05,-0.0051818565,-0.00013355166,-0.0023940206,0.004796028,0.00879059,-0.007090587,-0.00024764985,0.004338965,-0.0013537072,PkC_ss
0.00029683858,-0.0022063032,0.008910045,-0.00021722913,-0.0010056794,-0.0033909716,0.005373895,0.001972489,0.0052362904,-0.0045619905,-0.001127515,0.004386194,-0.0037924629,0.00075449795,0.002869457,0.0005639829,0.002423415,0.0026174635,0.00012879074,-4.91729e-05,0.00042239344,-0.0060361773,-0.0011359937,-0.0024999157,0.007226959,0.0077342615,-0.0067126267,0.0016556699,0.0035925433,0.0003872104,PkC_ss
-0.00021209568,-0.002201669,0.0016152859,-0.002510801,0.0011790507,-0.0030857548,0.0033068806,0.0026102439,0.0012409352,-0.005995065,0.0006672926,0.0052985325,-0.005571006,0.0016759448,0.00036224723,-0.0023177415,0.0014213081,0.0012415126,0.00046023726,0.00034639705,0.00148268,-0.0061003715,-0.00037818775,-0.002730064,0.0056550726,0.005039133,-0.005432561,0.005478816,0.0045692846,-0.0012244284,MFB
0.00035321526,-0.002911739,0.0070420057,0.0007315129,0.00015091524,-0.002063159,0.0062185377,0.00066602975,0.0048157126,-0.003971055,-0.004284367,0.00332167,-0.0011859295,-0.001028832,0.0036476254,-0.0010391362,-0.001210073,0.004743561,3.2171607e-05,-0.0012832889,0.00084730005,-0.00434494,8.652732e-05,-0.0030200407,0.0039877594,0.006183915,-0.0037825964,0.00016834773,0.0033818781,8.556619e-05,MFB
-0.004950516,0.0063730627,0.0101403445,-0.0019009858,-0.003054887,0.0021796413,-0.00026725233,-0.00042646378,0.0056992546,-0.005488619,-0.005956847,0.0017987341,-0.0018559304,-0.004944399,0.00967548,0.0049813986,0.00064971484,0.0016227737,0.0071602613,-0.0014606817,0.004168711,-0.009506717,-5.174428e-06,-0.0055027157,0.0031522661,0.007069491,-0.008206569,0.005862003,-0.0035014823,-0.004348688,MFB
-0.0015972368,0.0009958073,0.0038708746,-0.0006772429,0.0018797107,-0.00468453,0.0030576736,0.0013417453,0.0029213578,-0.005357817,-0.0026697032,0.0056046247,-0.0048343968,0.00045261905,0.000830546,-0.0030984804,0.00013486482,-0.0003137365,0.0013382733,0.0005821558,0.0016047466,-0.005366236,-0.0010897294,-0.002703935,0.0038964227,0.006261952,-0.0060153753,0.0016668495,0.002849631,0.00042085722,PkC_ss
-0.00019643456,-0.0005470887,0.006951496,0.000575006,9.0152025e-07,-0.0024287254,0.005498886,0.000536114,0.0057967603,-0.0015961677,-0.0026736073,0.0020573884,-0.001934318,-0.0003267154,0.0028037354,-0.003180813,-0.0024759453,0.0038981289,0.0027035773,-0.0007841466,0.0018195766,-0.0025319904,-0.0011385754,-0.0012576133,0.0008268431,0.005777709,-0.0053090975,-0.00022293068,0.005556628,-0.0006778687,MFB
-0.0012267604,-0.0010780022,0.003915742,-0.00031544268,0.0011383034,-0.0031916052,0.0032243282,0.0017079338,0.0033640899,-0.0033813417,-0.0015354417,0.0043860674,-0.0043537375,-0.00014919788,0.0013465434,-0.0027842335,0.00022974238,0.0014553741,-0.0012600869,-0.0011240849,0.0006328779,-0.006409511,0.00014230236,-0.0033744723,0.0043237507,0.004181199,-0.004107859,0.0038979296,0.003710568,-0.00012996048,MFB
0.0034534782,0.0025912672,-0.0054841787,-0.0059486926,-0.00090484694,-0.00581301,-0.006850049,0.0038537234,-0.0019175559,-0.0050955117,0.005593654,0.0023467243,-0.00948902,-0.00041874498,-0.0032234937,0.00027284026,0.0019864943,-0.008620203,-0.0059110373,0.009462666,0.004578586,-0.0041561425,-0.0038548447,-0.0007104054,0.0021351874,-0.0036555901,0.0012461208,0.007884288,-0.0033690482,0.0015429407,PkC_cs
0.00048539974,-0.004628174,0.008283243,0.0013307482,-0.00044454634,-0.0021681488,0.0073550493,-0.00054147094,0.0069553107,-0.0073028207,-0.002956044,0.005967185,-0.0013208968,-0.00087151304,0.00493218,0.00014470518,0.0019090734,0.005752504,0.0020837039,0.0007494902,0.00084146997,-0.0055190623,-0.0010739453,-0.0019432604,0.007454112,0.008749105,-0.0068983324,0.00083759613,0.003872797,0.00057446957,MLI
0.0014515631,0.0016615242,0.008729681,-0.0016722679,0.0031034313,-0.0040313676,0.0068083704,0.0012628511,0.004236389,-0.005420536,-0.00019581243,0.005755499,-0.0048037227,-0.00013842434,0.002114825,-7.236749e-05,-0.00014632009,0.000754714,0.0046499968,-0.0005342653,0.0023291945,-0.0060602874,-0.0015278198,-0.0024236739,0.0021286905,0.010639869,-0.009660516,-8.335337e-05,0.0044309422,-0.004329201,PkC_ss
-0.002800312,0.0036402717,0.005528167,-0.0017257929,-0.0014843307,-0.0020322576,-0.00071291625,0.006053023,0.0033439808,-0.0043391883,-0.00069836155,0.0024732947,-0.0020578634,-0.005242929,0.00300242,-0.0028944202,0.0028780345,-0.000858441,-0.0052886307,-0.0005738931,0.0014482993,-0.008954883,0.0012713932,-0.0039106384,0.0024654716,0.002607368,-0.003643863,0.007302936,-0.0007233545,0.0013559908,PkC_ss
-0.003469959,-0.0034414306,-0.009806797,-0.0020629168,-0.0021232925,0.0015088953,0.010608457,0.008669995,-0.00023772568,-0.010151699,-0.007135257,0.006398797,0.0025176872,0.006637484,0.004575357,0.0043089204,0.00970071,0.007940315,0.0020459592,0.008310671,0.0023530214,0.006979406,-0.0016914643,-0.0049309507,0.007745892,-5.106628e-05,-0.0010342859,-0.006543264,0.0037011504,-0.00412127,PkC_ss
-0.00052852184,-0.00015044212,0.008291677,0.001240313,0.0007341504,-0.0017728955,0.0068793595,0.0023726001,0.0067071468,-0.005192071,-0.0023446493,0.005767241,-0.0011429546,-0.0019655451,0.0063098,0.00042773038,0.0015686061,0.004415944,0.004562363,-0.0005018627,0.0031040865,-0.005593233,-0.00081987306,-0.0022791699,0.0035006404,0.009365812,-0.0069617704,-0.0014706124,0.0026028752,-0.00086423755,MLI
-0.0019802377,0.006847158,-0.0031395108,-0.0021297187,0.00054556876,-0.005538877,-0.006335661,0.006186992,0.00025639683,-0.00018712878,0.0057795383,0.0057587028,-0.0105258245,-0.0007992089,-0.004570067,-0.003319677,0.0003012903,-0.009734094,-0.0026062578,0.0097410325,0.0027398313,-0.0055329874,-0.003824871,-0.0020929053,-0.0018907785,0.0015117154,-0.0011776984,0.006872086,-0.00014283508,0.005191572,PkC_cs
0.0014311634,-0.00034412742,-0.007255271,-0.0061968714,-0.00059815124,-0.0055809915,-0.008043602,0.0051091462,-0.0023014843,-0.006688714,0.0056754835,0.0039581954,-0.010778347,0.00083106384,-0.0044468194,0.0008530542,0.0032507945,-0.0054210275,-0.0050617903,0.010229698,0.0050657387,-0.0049235,-0.0054397993,-0.0017439127,0.0039921403,-0.0022993758,0.0020618401,0.008367237,1.2375414e-05,0.0038842633,PkC_cs
0.011125855,0.0057224557,-0.0065507293,0.00018873811,-0.0025454983,-0.0035988763,-0.009727314,0.00035072118,-0.008241903,0.01615557,0.0032063127,-0.016689382,-0.00028652523,-0.008061856,-0.018573456,-0.0017368607,-0.0136087965,-0.02187021,-0.018786117,0.017507847,-0.008924117,0.0091788545,-0.0019542389,0.0064147115,-0.010805905,-0.011690736,0.022893365,-0.0089374175,-0.016664274,0.008249681,PkC_cs
0.00024212338,-0.0031757578,0.009385303,0.0023352653,0.0009752773,-0.0009982213,0.0073611885,-0.0018535778,0.0051372945,-0.005891472,-0.0028108396,0.0065924227,0.0020063836,0.00015480071,0.0045745745,0.0019037761,0.00010806322,0.007257387,0.0043400526,-0.0035080193,0.0013807374,-0.0037607849,0.0008359812,0.00116653,0.0065398216,0.01165992,-0.009237822,-0.006050148,0.0026176795,-0.0009665191,MFB
-0.0049629584,-0.0029178485,0.00058847666,2.7313828e-05,0.0008850321,-0.007664606,-0.0040486604,0.006200038,-0.00307253,-0.0014490783,-0.0064983256,0.0016344339,-0.0023648497,-0.0005540624,0.0028559417,-0.00030311942,-0.004070008,-0.002537176,-0.0047611296,0.0016215546,0.0027326695,-0.0037168115,-0.0022820532,-0.0008138791,0.005972877,0.008083649,-0.0037206449,0.0045601428,0.00436303,0.009030212,PkC_cs
-0.0028322637,0.00100784,0.00552167,0.0020017028,-0.00071755424,-0.003479991,0.0027559102,0.003654331,0.00417931,-0.0022884011,-0.0031539053,0.00480666,-0.0021414962,-0.0019706264,0.0029370785,-0.0031341761,-0.00024886616,0.00012309849,-0.0021134764,-0.0007438874,6.595766e-05,-0.0065808,0.0005826466,-0.0016078874,0.0043370277,0.005580984,-0.0045436993,0.002511166,0.0013671443,0.0027604736,PkC_ss
-0.0015733168,-0.0011198744,0.002114281,-0.0005674213,0.001640711,-0.0011593178,0.0037526637,0.0020197853,0.003948532,-0.0028682947,-0.000678841,0.0038953945,-0.0040439125,-0.00091423094,0.00032700598,-0.004687384,-0.00020804442,0.002892822,-0.00065495074,4.3385662e-05,0.00077860197,-0.0049283355,-0.0010072552,-0.00260102,0.0017629862,0.0026721358,-0.0032702684,0.003958687,0.0059232637,-0.0016004592,MFB
-0.00092433393,0.004175864,0.0023822933,-0.0037334561,0.0019027367,-0.004249476,-0.00018683076,0.0047075525,0.0024687685,-0.00096154213,0.0009241365,0.0014445037,-0.0061851647,-0.0011791736,-0.0018504038,-0.003819961,-0.00058166124,-0.002547413,-0.0019393563,0.0021807076,0.0018586325,-0.00619144,-0.0017235279,-0.0054613315,0.0003016144,0.0023451298,-0.0030456595,0.006347591,0.0039535984,-5.51939e-05,MFB
0.00060581043,-0.001221031,0.0061005354,-0.0006753504,0.00045667216,-0.0027811825,0.0047573894,0.0025326684,0.005138196,-0.0019094944,-0.00053891167,0.0031737909,-0.0019111243,-0.0012930408,0.0014376119,-0.002614513,-0.0012826901,0.0021761507,0.0014510304,0.0011123344,0.0034267302,-0.0036212727,-0.00086805597,-0.002379395,0.0013206303,0.005825825,-0.003976021,-3.8487837e-05,0.0054474846,0.0005829148,MFB
-0.0011159666,0.0009382963,0.0020677298,-0.0006981641,0.0013953596,-0.003209956,0.0036432892,0.0018989369,0.0021665394,-0.005212426,-0.0016992353,0.0049910173,-0.0036717337,-0.00038696453,0.0012542158,-0.0023299642,0.0002827514,-0.00045821816,0.00090132654,-0.0004090527,0.0011500916,-0.0064712167,0.00065090135,-0.002562046,0.004630178,0.005769603,-0.005262073,0.0033826139,0.0024339408,-0.0015304759,PkC_ss
0.0007850267,-0.0014998242,0.006333694,0.0020334274,-0.00088872015,-0.0017916709,0.005104378,0.00031041354,0.0050672516,-0.0017351508,-0.0015960522,0.0045820773,-0.0011915771,0.00018457323,0.0024889484,-0.0008448735,-0.0019474719,0.0028961748,0.003867045,-0.00055364985,0.0010287422,-0.003616199,0.00063487515,-0.001987502,0.0020681173,0.0069251284,-0.0037425235,-0.0005991962,0.0022590905,0.0007214844,MFB
-0.0024446212,0.0030507445,0.0048760623,1.1608005e-05,0.0020483173,-0.0034350716,0.001748696,0.0014864877,0.0024296604,-0.004116893,-0.0022776984,0.004862964,-0.005364461,0.000713028,0.0006640479,-0.0018908344,0.001648115,-0.0012912527,0.0023983717,0.0004030643,0.000114434864,-0.0075329915,-0.0012380369,-0.002179511,0.004663348,0.006862931,-0.006797556,0.0029403958,0.0014802292,-0.0015234277,PkC_ss
-0.0063665956,0.0054580197,-0.012149617,-0.010327801,0.005827777,-0.011403121,-0.0007112324,0.010155685,-0.009288013,0.0036946088,0.0063415654,-0.0022413135,-0.0108818095,0.00939478,-0.01667834,0.0014457554,0.0052284617,-0.011287004,-0.011727795,0.017095331,0.004052496,-0.0028068945,-0.005252678,-0.003366746,0.004311338,-0.008264616,0.009224001,0.0029280987,-0.005546622,0.008166682,PkC_cs
-0.001770284,-0.0076284334,-0.012479559,-0.008881733,0.0073539056,-0.014024161,0.004771605,0.01198452,-0.008418694,0.00184834,0.010848004,0.00068541616,-0.0068727676,0.010046892,-0.0071634725,0.008218121,0.0069733877,-0.002841629,-0.011333123,0.011494953,0.007815551,0.008168787,-0.006832164,-0.0055672526,0.0018823892,-0.0026347265,0.008335423,-0.0032224208,0.004617773,0.0051145107,PkC_cs
-0.0009841695,-0.002916433,0.0092321485,0.0014324784,-0.0006236471,-0.0027297959,0.0067195892,0.0018490404,0.0070436224,-0.0023251325,-0.0021484978,0.0035381392,-0.003760783,4.7251582e-05,0.0017523095,-0.0034663565,-0.0005366877,0.0042744875,0.00018049777,-0.0007670326,0.00029992266,-0.0034392849,-0.0011343323,-0.002331905,0.0024100095,0.007494472,-0.0055258237,-0.00017714687,0.008893885,0.0031025298,MFB
-0.025219467,0.013828889,0.0088416785,0.005963877,0.005665876,0.004044041,0.016224861,-0.0013164431,0.002709642,0.0018852353,-0.009045336,0.0096686,0.018291133,-0.002556853,0.0055154487,-6.046146e-06,-0.0028095748,-0.0026136339,0.0036501735,-0.00850384,0.00083529716,0.005350169,0.0069387667,0.0039918497,0.00035459548,0.018228628,-0.01659432,-0.014879754,-0.014657356,0.005061228,MFB
0.0018217284,-0.0016254112,0.011763364,0.0023535788,0.0010100864,-0.0015037023,0.011310555,-0.001972802,0.0073927343,-0.006525159,-0.0036152862,0.0060352758,0.0023324061,-0.0010597482,0.0049518645,-0.0007137358,-0.001012763,0.0073006973,0.0031782538,-0.0016648499,-0.00012184912,-0.002425313,-9.519979e-05,0.0013161451,0.004303962,0.011074267,-0.010122415,-0.0053900816,0.0020797104,-0.002297204,MFB
-0.0013153516,0.0014353171,0.006122008,-0.0023220927,0.0028179921,-0.004220523,0.0062304884,0.001589112,0.0032358617,-0.0037582517,-0.0026776828,0.0041677803,-0.003649665,-0.00064732134,0.00180047,-0.0014563538,-0.0015857313,0.00010033697,0.00025832653,-0.0009878026,0.00066263555,-0.00551226,-0.00025229156,-0.005117215,0.0042350665,0.0077113286,-0.007444445,0.0021284092,0.0031454116,-0.0015586056,PkC_ss
0.00015970506,-0.006532699,-0.002198413,0.0009062141,-0.0018622875,-0.006858643,-0.0072201043,0.0049309134,-0.0029479712,-0.0018419623,-0.00061663985,0.0020184517,-0.002472965,0.0017664544,0.0023207515,0.002390243,-0.00010355376,-0.0010049418,-0.002312854,0.0013341168,0.0027824338,-0.0019465163,-0.0023240596,0.0008389428,0.0048399866,0.0049223825,0.00034013763,0.00415642,0.0030848756,0.0061421096,PkC_cs
-0.0037869848,0.017863639,-0.007676229,-0.003252685,0.002398599,-0.0038062185,-0.010722607,0.0052960366,-0.0011927299,0.00046139956,0.005391687,0.003720224,-0.008130861,-0.004819721,-0.008210644,-0.005104199,-0.0008629672,-0.01682575,-0.005498901,0.009430679,0.0007227096,-0.01126802,-0.0009630956,-0.0010330006,-0.0011916757,-0.004272662,-0.00042581186,0.012951886,-0.011040099,0.0007855594,MFB
-0.0013894327,0.009666249,-0.0033207685,-0.003539741,0.0005453117,-0.005116448,-0.0072522014,0.0062370747,-9.8608434e-05,-0.0010473132,0.005279731,0.0032413304,-0.011590557,-0.0010605194,-0.0063144416,-0.003788393,0.0006466303,-0.010914899,-0.004124373,0.00972443,0.0022839229,-0.0071604103,-0.003058739,-0.0030901656,-0.0020676404,-0.0008104667,0.00029452518,0.009030659,-0.0018628016,0.004345417,PkC_cs
1.8648803e-05,-0.0034364536,0.0022384524,0.00027249753,0.0011106282,-0.0033201575,0.004015252,0.002554603,0.0021735132,-0.0041321814,-0.0013191104,0.0054121614,-0.0014171657,-0.00085949525,0.0017054752,-0.003650386,6.314367e-05,0.0018819347,-0.0030813962,-0.000771896,-0.0010064417,-0.005709283,0.0012555607,-0.0013665333,0.005179733,0.0047407523,-0.004143838,0.0036570523,0.0021431744,0.00078079477,MFB
-0.00056392327,-0.00063676387,0.007845566,-5.9455633e-06,-0.0005452037,-0.002030488,0.0057399124,0.0022551864,0.0053957477,-0.0037872493,-0.0015866235,0.0044298247,-0.004497057,0.0003986992,0.0019744784,-0.00014623627,0.00030123815,0.0035232604,0.0029933155,-0.0013454901,0.0018593776,-0.005890578,-0.00016106665,-0.004823655,0.0035603642,0.00792338,-0.004470274,0.00036969222,0.004833333,0.00055222213,PkC_ss
-0.0026874095,0.010875948,-0.004533276,0.0035393238,-0.0033983923,-0.004414603,-0.011813238,-0.005587764,-0.0042137876,0.009010404,-0.0016673096,-0.0037969947,-0.0025966298,-0.005903885,-0.014395181,-0.0023743622,-0.0060510654,-0.013729431,-0.011609286,0.010896196,-0.0053274804,-0.004043959,0.003754288,-0.0011130348,-0.008885041,-0.013312198,0.016142342,-0.0011906158,-0.021515861,-0.0017715469,PkC_cs
0.00041607395,-0.00027944893,0.005938679,0.0011650175,0.002363298,-0.0024255514,0.0063965768,0.000676319,0.005618058,-0.0035512447,-0.0042189583,0.0023821145,-0.0002623928,-0.0005578585,0.0033221394,-0.0030341,-0.00063291006,0.0056327134,0.0017305017,-0.0022863438,0.00013951724,-0.0038588047,0.0004217215,-0.0034667775,0.0020501688,0.0062901676,-0.0044469126,-0.00079111196,0.0039229393,-4.8857182e-05,MFB
0.00040058978,-0.0017570704,0.00704892,0.001868248,-0.0011361949,-0.0008944273,0.0053504556,-0.00074216723,0.0048591346,-0.0036172122,-0.004282914,0.003326714,-0.00022505049,0.00057402253,0.0038135946,-0.0030012503,-0.0027078912,0.0053480193,0.0033127367,-0.0015881909,1.7301645e-05,-0.002119109,-0.00017368421,0.00096428394,0.002434343,0.0066945255,-0.0066832006,-0.00031676888,0.0027292147,7.5399876e-06,MFB
-0.024884913,0.002778925,0.006876886,-0.0023363233,0.0032216385,0.012875386,0.018019177,0.0017913505,0.0066068843,-0.0043578297,-0.005375702,0.013338644,0.0024785567,-0.0031832904,0.0019521862,0.003267184,-0.004142193,-0.0008145869,-7.481873e-05,-0.0016526794,0.00011471799,0.00123154,-0.0036831312,0.0054342225,0.007807605,0.020625703,-0.021877501,-0.002822375,0.004593715,-0.0015769117,MFB
0.001058748,0.0030739233,-0.0033536851,0.00027629733,-0.0062246546,-0.007881276,-0.014042392,-0.00069273263,-0.006006703,0.005299926,-0.0023705289,-0.008486934,-0.0033283327,-0.0067610443,-0.015816197,-0.0051144697,-0.004701419,-0.012650847,-0.019032687,0.01001647,-0.0039337617,-0.005662501,0.0011342205,0.00425414,-0.0032051653,-0.015147172,0.0183081,0.0002976898,-0.016121961,0.006785579,PkC_cs
4.9766153e-05,-0.0011445135,0.0055174828,-0.0006877035,-0.0006350018,-0.0025688633,0.0035176724,0.0031016394,0.003491424,-0.0042926073,-0.001087036,0.0029273778,-0.0037862714,0.001043506,0.002828598,-0.00036812946,0.0018648189,0.0026274174,-0.00012856722,-0.0015516942,0.00067053875,-0.005815506,0.00056109205,-0.003630735,0.0062758923,0.0065016523,-0.004984025,0.0030350033,0.0036448315,0.0005128607,PkC_ss
0.0043057874,0.0031096265,-0.0057106763,-0.003661856,-0.0015129894,-0.005690366,-0.012650475,-0.005227618,-0.0037532486,-0.005924046,0.0055486932,0.0050776154,-0.009400284,0.000101637095,-7.891655e-05,-0.00036508963,0.0038581975,-0.010169499,-0.0048145354,0.008128783,0.00078176474,-0.0046869293,-0.0029275045,0.001787737,-0.0007573366,-0.009706579,0.0020816624,0.010052184,-0.014343172,0.00023206323,PkC_cs
0.00058669597,-0.0032858476,0.0059742033,0.0014128983,-0.0006947741,-0.003666591,0.0050130934,0.001570709,0.0037070885,-0.0051505566,-0.0017526485,0.0058048815,-0.0028471928,0.0010186583,0.0035624728,0.00061471015,0.0018918291,0.0034172833,0.0007650405,-0.00202741,0.00017317338,-0.006709188,0.0006672852,-0.0026854128,0.007138945,0.00691399,-0.0042813756,0.0018454473,0.0015822127,0.00049278885,PkC_ss
0.013310559,0.0026209652,0.0070839375,0.010225609,0.006479237,-0.011653796,0.003957346,-0.017407246,0.013039276,-0.00044438243,-0.003942203,-0.005647421,0.007538447,0.0018673018,0.024147853,0.018192787,-0.013118332,0.0003662631,0.010701939,-0.011571023,0.00022428995,0.0022449568,0.00041679665,-0.014687888,-0.0044189394,0.004195437,-0.0043755285,0.033630572,-0.010328934,-0.0032751039,PkC_cs
-0.000496801,-0.0041715056,0.0035045594,0.0013198406,-0.0001013428,-0.0034436435,0.0042229444,0.003492333,0.0051004216,-0.0025233328,-0.0027965084,0.006906554,0.0008967462,-0.002753064,0.004465349,-0.0046290495,-0.004763888,0.006900333,-0.002117321,-1.1253171e-05,0.00436349,-0.0041219294,-0.00120157,0.002673924,0.0021127313,0.0041676313,-0.0033438392,-0.00073307194,0.0019388273,0.003781177,PkC_ss
-0.0021422915,-0.0045975074,-0.003861025,-0.0016064197,0.0005110577,-0.0041333996,-0.00043703616,0.005317621,0.0008212477,-0.0018590242,-0.00063350424,0.0074372664,-0.0008324814,-0.0025014617,0.0019181222,-0.00645959,-0.0077928808,0.003959194,-0.00405626,0.0044116685,0.0064284983,-0.002060786,-0.003501989,0.0052364394,0.0010994151,0.0023947507,-0.0035578609,0.0027966034,0.0030567273,0.0050096065,PkC_cs
0.00013007037,-0.005637586,0.0043934286,0.0024938434,0.0002852343,-0.0022365488,0.0071070343,0.0019411966,0.006753601,-0.0045607835,-0.0037243105,0.008436397,0.002293298,-0.0023039728,0.005531296,-0.0026945285,-0.004570136,0.0098615065,0.00034214556,-0.00021744985,0.004421647,-0.003477186,-0.001791101,0.0039212033,0.0036888495,0.00661812,-0.0050226003,-0.0033151116,0.0028987303,0.002833154,PkC_ss
-0.030394886,0.0062791035,0.0227274,0.00025732815,-0.007106915,0.008289967,-0.0024410933,-0.0025142357,0.0073522553,0.0077511966,-0.009467196,0.018529866,0.00084527757,-0.0139173865,0.010671511,-0.008996401,-0.008751096,-0.0017703623,-0.0002911687,-0.0002465425,0.012039132,-0.0028710067,-0.012870338,0.01674965,-0.002248615,0.008985132,-0.027515654,-0.011637033,0.0044464692,0.0025709271,PkC_cs
-0.0007239394,-0.0033167377,0.0024189353,0.0010172278,-0.000229951,-0.0037458763,0.0025828183,0.004006855,0.004351847,-0.002428621,-0.0025963448,0.006589316,0.0006679314,-0.0034172572,0.003745541,-0.0054855347,-0.0047988873,0.005566366,-0.0036869347,0.000605938,0.004321234,-0.0047915652,-0.0012487732,0.0030360967,0.001775071,0.0025947243,-0.0026996844,0.0010682698,0.0010363534,0.0038913935,PkC_ss
-0.0033361837,-0.00606478,-0.0036613196,-0.0010266304,-0.0067202933,-0.010651533,0.003932461,-0.0035746172,9.1638416e-05,-0.02340737,-0.015224997,0.01075178,0.0023568291,0.0031800792,0.001763925,0.008856021,-0.00039166957,0.0055257306,0.013817713,-0.0023494633,0.0032721586,-0.0057204217,0.0015567802,-0.0075941645,0.011533253,0.009113483,-0.00045908615,0.002752941,-0.008280918,-0.008444622,PkC_ss
0.0043319725,-0.0038860962,-0.006705761,-0.0094996095,0.0012934692,-0.0061714128,-0.0072915107,0.0031445995,-0.005492553,-0.005494088,0.0050333925,-0.0011529475,-0.0058417004,0.0018323138,-0.0002380982,0.004006967,0.0020984802,-0.0051125884,-0.0028709918,0.004281235,0.007043311,-0.0007548407,-0.002431482,-0.0029881224,0.004624963,-0.00080458075,-0.00030732155,0.0062217843,0.0013318956,0.00043215975,PkC_cs
-0.00039484724,-0.005047992,0.005839467,0.003144607,-0.00047803298,-0.0026615933,0.00649713,0.0016779378,0.0078104585,-0.003367126,-0.0032320693,0.008465104,0.0014223921,-0.0023635626,0.0052203834,-0.003121864,-0.0038021263,0.009079017,0.00030700862,0.0001934683,0.004021521,-0.0035958663,-0.0022811033,0.0035815835,0.0029340386,0.0060482547,-0.0045352913,-0.003725743,0.0024631396,0.003471233,PkC_ss
-0.0018736161,0.00096072257,0.0068369955,-0.0014661849,0.0024029128,-0.0033948347,0.006962523,0.0020350367,0.003935352,-0.0048834532,-0.0027412474,0.004798785,-0.0049913656,3.8854778e-05,0.001169458,-0.0016360171,0.0002087839,-5.7518482e-05,0.0020153224,-0.00053561386,0.0005168482,-0.006913118,-0.00065502897,-0.003975801,0.005165845,0.008920334,-0.0077733807,0.0021366868,0.004542902,-0.0015636459,PkC_ss
-0.0015091784,7.69496e-05,0.0062517673,0.0009882599,0.00055942684,-0.0038355775,0.005382374,0.003045477,0.0048058257,-0.0038208067,-0.0035320893,0.0049370527,-0.003495453,0.00053881854,0.001228109,-0.002428759,0.0006228592,0.0015450716,0.0010109097,-0.00014260318,-5.910406e-05,-0.006796822,-0.00047543272,-0.0022616163,0.0061455667,0.007559888,-0.004986722,0.00046588108,0.002708234,0.0010864735,PkC_ss
-0.0023491643,-0.0016170964,0.002230391,-0.003586933,0.0014159717,-0.0028461218,0.0055303276,0.0074335784,0.001714319,-0.0064026117,-0.0018276311,0.004969664,-0.0030342992,-0.0028525405,0.0026763529,-0.0033188947,0.00019279309,0.0022952557,-0.0055051,0.0005009165,0.003381602,-0.0069174245,-0.0009610839,-0.0027926266,0.005210288,0.004050739,-0.0053431876,0.0065540876,0.0050794557,0.0009205118,PkC_ss
0.0015308596,0.009245388,-0.0031946301,0.0023907274,-0.0060623623,-0.0054269023,-0.01676485,-0.00058523566,-0.009002645,0.015448004,-0.0037731454,-0.012814708,-0.0010626969,-0.0113336295,-0.016086936,-0.008253023,-0.01432479,-0.024098545,-0.020129904,0.014989053,-0.0074244183,0.0030222312,-0.0021688305,0.011887476,-0.010185525,-0.01308655,0.017794114,-0.0071228696,-0.019358732,0.011301208,PkC_cs
-0.004116386,0.0057040974,-0.01512526,-0.004625678,0.0032689087,-0.00547741,-0.00067418814,0.0019159243,-0.005799666,-0.0003208667,0.01110981,0.0019206032,-0.0085988995,0.0028000697,-0.017245434,0.003031008,0.0061214585,-0.008753657,-0.01275751,0.014453718,-0.0016322196,-0.00029272586,-0.002135899,-0.004557088,-0.0023150593,-0.013182104,0.013640512,0.0038386825,-0.01039765,-0.004396312,PkC_cs
-0.00055197254,-0.0044182613,0.0056432784,0.0024712384,-0.0011324994,-0.0031237416,0.0047287643,0.0030578151,0.006866567,-0.002061993,-0.0027652793,0.0074320585,0.0007472652,-0.0027429685,0.004650809,-0.0047332235,-0.004252108,0.0074845776,-0.0016135573,0.0002662493,0.0039151586,-0.0037862733,-0.0017771833,0.0036357567,0.0021081567,0.0049728975,-0.004190989,-0.002466931,0.0028013438,0.004564699,PkC_ss
0.005814448,0.0023197383,-0.010751635,-0.008937731,0.0017551295,-0.003087245,-0.0064796656,-0.0012895539,-0.003885027,-0.0047619045,0.009146139,0.0038609877,-0.006781714,-0.0019916445,-0.005320467,-0.0060970597,0.0013890788,-0.009751312,-0.01166819,0.0152908,0.0011980641,0.00081293285,-0.005261313,0.0052730516,-0.0045137852,-0.0124098435,0.0026191808,0.007851228,-0.011625245,-0.0030841306,PkC_cs
0.004693426,0.0053175166,-0.009433493,-0.008726969,-0.0003508143,0.0013662204,-0.008492783,-0.00034632534,-0.0042956024,-0.0045856535,0.0074963532,-2.0503998e-05,-0.010200331,0.0013029985,-0.003722079,-0.0013786964,0.0057461914,-0.009260073,-0.0070266277,0.0064953994,0.0018677353,-0.00440187,0.0009492524,-0.0021061897,0.0015081912,-0.012317531,0.0027231686,0.009673165,-0.0075024143,-0.004291147,PkC_cs
-0.0019935034,0.00015646964,0.006259784,-0.00040711462,0.000754904,-0.0024407655,0.005200237,0.0026485324,0.0033905692,-0.006218761,-0.0071146563,0.0042237714,-0.00011649553,-0.0032963678,0.0049512237,-0.004006967,-0.0024724975,0.0041579753,-0.0024134666,-0.0028323373,0.0014403085,-0.0074695796,0.0016394779,-0.0015461221,0.0053227246,0.006312728,-0.0068965107,0.0022692624,0.0017384365,0.00082258135,PkC_ss
0.00039529428,-0.0015940368,0.003418848,-0.0020928532,0.0010248162,-0.0046230555,0.0032895803,0.0026640221,0.0010714978,-0.0049183667,-0.00032978877,0.0048068613,-0.0044891145,0.0006314367,0.001930967,0.00010530278,0.0006646011,4.9486756e-05,-0.00054870546,8.249935e-05,0.0019007693,-0.0065443516,-0.0005425699,-0.0036794394,0.005856648,0.0053102747,-0.0048316456,0.005469093,0.0019999072,-0.0010390207,PkC_ss
0.009159343,0.009348638,-0.0051944256,0.0025300533,-0.0055387802,-0.0020311102,-0.0141569525,-0.0018232241,-0.009551305,0.016871259,-0.00026101992,-0.016759038,0.00044820632,-0.009420708,-0.01687181,-0.004293572,-0.016810345,-0.025209278,-0.015736088,0.01676241,-0.009197578,0.0073391497,0.0010013729,0.008989841,-0.013369694,-0.0115522295,0.020476174,-0.0057787746,-0.019275188,0.0073968917,PkC_cs
-0.002780497,0.0076420233,-0.0077213496,-0.002808094,0.00212745,-0.006507911,-0.005437836,-0.004048206,-0.0038231313,0.001365453,0.0011463463,-0.0010223091,-0.003248008,-0.0054864436,-0.015766695,-0.002374936,-0.004518332,-0.008613482,-0.015943602,0.010859186,-0.0035095834,-0.002493687,0.00075264275,-0.003091842,-0.005961001,-0.0125615,0.012487803,0.0005369559,-0.016817398,-0.002067089,PkC_cs
-0.004888691,0.006053902,0.009962991,-0.00049096346,-0.006221872,0.0007386282,0.0022695512,-0.0035241917,0.0067062303,-0.0087548345,-0.004015673,0.005902894,0.0030337367,-0.005493358,0.009814754,0.0077221245,0.0021431502,-0.00037575513,0.009263858,0.0006709499,0.004586236,-0.008569397,0.002389621,-0.0041193515,0.006104097,0.007448457,-0.008808102,0.0049290527,-0.010061927,-0.0059977733,PkC_ss
-0.0006673746,0.00013641268,0.004663557,0.0014740825,0.00067130104,-0.0022625886,0.004062578,0.0019444823,0.004092928,-0.0028503537,-0.0014247373,0.0049968883,-0.0021818783,-0.0001258105,0.0022018328,0.00013944507,0.0004607085,0.0022173226,0.0018636137,-0.0020410186,0.00066084554,-0.0048688278,0.0011894964,-0.004446171,0.003427595,0.0068409517,-0.002907876,-0.00093229674,0.0018185377,0.00030437857,PkC_ss
0.0015013833,-0.0020540059,-0.0018760562,-0.00075264275,-0.001983393,-0.0068751276,-0.007738769,0.0051177964,-0.00063222274,0.0008416474,0.0019708984,0.00059099495,-0.0027265232,-0.00052319095,0.0003062412,0.00082432106,-0.004122885,-0.0003810674,0.0014998764,0.0034167534,0.005723301,-0.0012826174,-0.0038464703,-0.0009275004,-0.0030020773,0.0037320778,0.0024675839,0.0037896037,0.0024465546,0.0056536756,PkC_cs
-0.00025491044,-0.0044877753,0.0065084547,0.003349349,-0.00041314587,-0.0032606386,0.0060486943,0.0018226132,0.008048609,-0.0031876266,-0.0034573227,0.008235313,0.0016599017,-0.0028152838,0.0054456443,-0.003407333,-0.0037281793,0.008950859,0.00020362437,8.5708685e-05,0.0042989454,-0.0036653206,-0.002132289,0.0029280037,0.0019673035,0.006094359,-0.0040148795,-0.0040762946,0.002019167,0.003865175,PkC_ss
0.0009650476,-0.006769195,-0.00042445958,0.00273633,0.0008055046,-0.0058980696,0.004466191,0.004070081,0.004641831,-0.0059424937,-0.006847266,0.006622277,-0.00045578752,0.00066054985,0.008038081,-0.0024766363,-0.005543029,0.007649891,0.0034310073,-0.000583197,0.0055911816,-0.00279361,-0.0016934834,0.0007993877,0.004462756,0.008695729,-0.0026546605,0.00025019608,0.003206648,0.0037357807,PkC_cs
-0.0010813288,-0.00093420595,0.006446913,-0.0009332299,0.0006043203,-0.0028690696,0.006580487,0.0046168193,0.0038585663,-0.007051915,-0.0057671033,0.004495479,-0.0014416781,-0.0022255331,0.0044917166,-0.0028961785,-0.00024533086,0.002926901,-0.001311779,-0.0018620482,0.0014055665,-0.008266859,0.0018383227,-0.0026016831,0.006803766,0.008379243,-0.006787017,0.0024057757,0.0031937584,0.0013109595,PkC_ss
-0.0011973381,0.007556133,-0.005105272,-0.0038689822,0.0014955737,-0.006702222,-0.0086485,0.0057868287,-0.0019899867,-0.00019720197,0.005137451,0.0035129339,-0.008366583,-0.0022869706,-0.0051483884,-0.004317675,-0.0019040015,-0.011863746,-0.005570844,0.0096681705,0.0032011024,-0.0048661605,-0.0025316514,-0.0024461746,-0.0029217303,-0.00045932084,-0.0006919652,0.009835463,-0.0018550456,0.004577536,PkC_cs
-0.006228339,-0.010691807,-0.013195515,-0.0081003755,-0.00017350167,-0.00049126893,0.01583302,0.013209708,-0.004212577,-0.016168982,-0.0048348717,0.011466429,-0.0018029009,0.0087031275,-0.0021526814,-0.00043809786,0.013601949,0.009816229,-0.0044592023,0.012758794,0.0043754545,0.007479191,-0.0045795403,-0.0020912588,0.012649931,-0.00011192262,-0.0029711165,-0.010977321,0.011128657,-0.0031165183,PkC_ss
-0.00078690425,-0.0008797571,0.0050159246,-0.00074897707,-0.00062671304,-0.0013466664,0.0046532005,0.0025413856,0.0049136393,-0.003592044,-0.0017581768,0.0035963058,-0.0046491604,0.00032510608,0.0015634596,-0.0023799539,8.7019056e-05,0.003721118,0.0016858429,-0.0010212716,0.0015248018,-0.0058187544,-0.0007870905,-0.0030801445,0.0040251017,0.0052660257,-0.004358124,0.0020867512,0.0056245774,-0.00044742227,PkC_ss
-4.8266724e-05,-0.0034298599,0.0042031407,0.0016526282,-0.00027055666,-0.0026684888,0.005819708,0.0020656213,0.003786385,-0.0038309395,-0.002129022,0.0058810413,-0.0017899034,0.00071954355,0.0024096444,-0.0005152002,-3.099814e-05,0.003139548,0.0018414855,-0.0010959627,0.00013719453,-0.0052632987,0.00053231046,-0.0018561855,0.0059171915,0.0076330826,-0.0036365353,0.00022883527,0.0028228983,-2.7924776e-05,PkC_ss
0.0009611286,-0.0003279224,-0.0052508116,0.0013757199,-0.0039506443,-0.007919714,-0.012821779,-8.857995e-05,-0.0060036965,0.0062366277,0.00014949962,-0.0066295415,-0.0047371145,-0.0058646053,-0.01504482,-0.0020675398,-0.0035815556,-0.010431811,-0.014295787,0.011994726,-0.0019065519,-0.0041739494,-0.0044394694,0.0056515858,-0.00470151,-0.013683461,0.018213991,0.00019787066,-0.009691253,0.003459055,PkC_cs
-0.0031495653,0.0048467293,0.0042119324,-0.0028479844,0.0030295365,-0.00327944,0.0019985735,0.002235897,0.001615122,-0.0027356446,-0.00319352,0.002744481,-0.004114909,-0.0016589984,0.0005704835,-0.0037479661,-0.0023013726,-0.002664715,0.00085659325,0.00086631905,0.0017225216,-0.00640288,-0.0005675964,-0.0025634915,0.0028926209,0.006656803,-0.008000452,0.0028032716,0.0020121187,-0.001284495,PkC_ss
0.0041253697,0.0032804161,-0.0065244585,-0.011066005,0.0013426729,-0.004447084,-0.010700181,0.0026481673,-0.006979719,-0.005330682,0.008194778,0.00091421604,-0.00979103,0.00079731643,-0.002894722,-0.00093750283,0.005849423,-0.009123303,-0.009604737,0.010648545,0.004456054,-0.0025177225,-0.0029916614,-0.0010608211,0.0002747923,-0.0080100745,0.00057705864,0.0067478865,-0.008075334,0.002159752,PkC_cs
-0.000599917,0.0010742173,-0.002207771,-0.0008953512,0.0021034963,-0.0018474385,0.0033160746,0.002416648,0.003632363,-0.0037249029,-0.00025764108,0.0070856065,-0.0029175784,-0.0021656603,-0.00042900443,-0.005000096,-0.0023379494,0.0010968894,0.001295194,0.0032554576,0.0023969333,-0.0057570636,-0.0007904358,-0.0015218109,0.001162067,0.0029462427,-0.002724085,0.0026824344,0.0015679672,-0.0020429716,MFB
0.0010536574,-0.00047307462,0.004934743,-0.0002335161,-0.00017099828,-0.0024352856,0.003357187,0.0028849319,0.004080124,-0.0015920252,-0.00019110367,0.0024576783,-0.0033624377,-0.0005201772,0.0024860054,-0.00104611,0.00041498803,0.0012191534,0.0004017502,-0.00052576046,0.0012353207,-0.0046069175,0.000362169,-0.0047088787,0.0020777434,0.0046334863,-0.0022637807,0.0022131782,0.0034771115,0.00027032197,PkC_ss
-0.00091474876,-0.007514484,-0.002979353,0.0003118217,-0.00043657422,-0.010802496,-0.006635383,0.005969383,-0.0037860684,-0.0015175045,-0.0009516664,0.004790738,-0.0037104916,0.0018966198,0.0009049028,0.002231244,-0.0041513983,-0.0018352643,-0.0019363165,0.0047471663,0.0049456875,-0.0010157488,-0.0060502365,0.0027143806,0.0036444664,0.0075906217,-0.0011378936,0.00351532,0.004437372,0.007730849,PkC_cs
-0.0007456131,0.00045561045,0.007945314,-0.0011315793,0.0006320141,-0.003815662,0.0048163235,0.0026326403,0.004519038,-0.0032390505,-0.0018781833,0.0032960624,-0.0034531709,-0.0003647618,0.0017595291,-0.001695808,7.005967e-05,0.0011039004,4.349649e-05,-0.0011172378,0.00035337312,-0.0051478,-0.00047666952,-0.0028190315,0.004633546,0.00827802,-0.0074721463,0.00012631156,0.00443545,0.0004133433,PkC_ss
-0.0020731017,0.0037368909,0.0041905493,0.00013539195,0.0006807782,-0.0026902184,0.0015828758,0.001121819,0.0028696805,-0.0028242618,-0.0017372407,0.0030219853,-0.004278211,9.750575e-05,-0.0005173236,-0.001926206,0.00088063255,-0.0022449195,0.00092090666,-0.0010731677,0.0003206744,-0.0069676116,0.00014226139,-0.0029159412,0.003801778,0.0036614165,-0.004154641,0.0041742567,0.0012568757,-0.0008290671,PkC_ss
0.005431095,0.006629139,-0.0044471473,-0.00028650463,-0.0058839656,-0.0023564994,-0.0127581805,-0.000265494,-0.0063204467,0.015170127,-0.0013521835,-0.015023254,-0.0019998457,-0.011578694,-0.01746612,-0.0072034784,-0.016176553,-0.022399127,-0.017506897,0.017198958,-0.0072290436,0.0052660257,-0.0031417012,0.010510504,-0.011426434,-0.010849521,0.017730776,-0.006425418,-0.01286947,0.005738035,PkC_cs
-0.0022433512,-0.011011556,-0.010146081,-0.0012597293,0.0015608855,-0.0036138445,0.010724008,0.0034401417,-0.0007202625,-0.01224345,-0.0048562884,0.010094553,0.0045948643,0.0054308325,0.008059174,0.00417874,0.008714462,0.010917962,-0.001953289,0.0045208456,0.0049501597,0.0068947077,-0.0046822093,-0.0010856986,0.008959815,-0.0021578446,-0.002052024,-0.0030012429,0.002700597,-0.005356364,PkC_ss
-0.0016372465,0.0018725991,0.004774049,-0.0025413632,-0.00020375475,-0.0026391558,0.0010797828,0.0058651045,0.0028925985,-0.005580291,-0.0041490905,0.0024806857,-0.0019875448,-0.0034698136,0.0029942393,-0.004328016,0.0001475364,0.0020753443,-0.0032175034,-0.0007934561,0.0027643177,-0.008859992,0.00078393146,-0.002109103,0.004226133,0.0041219965,-0.004913371,0.0045018736,0.0015827045,0.0013066381,PkC_ss
0.0013973471,0.0048652664,-0.0044024438,-0.0048891157,-0.0003088005,-0.005066514,-0.006288275,0.005726002,-4.556775e-05,-0.0049728155,0.004524771,0.003295213,-0.009950647,-0.0016395822,-0.0033981204,-0.00037626177,0.0026427936,-0.007613428,-0.0063406974,0.010188576,0.003079021,-0.007070273,-0.0039879046,-0.0020760968,0.0028306246,-0.0010185689,0.0010172911,0.007893771,-0.004011385,0.0021365844,PkC_cs
-0.00049710646,0.0011047572,0.008133903,-0.00075277686,0.0005288273,-0.0026603006,0.004685536,0.001887694,0.0046922043,-0.002956003,-0.0014755204,0.0026168972,-0.004346853,-0.00014302135,0.0020611584,-0.0017012954,0.0005556196,0.00082559884,0.0014573783,-0.0007533496,0.000467218,-0.0050721765,-0.00058467314,-0.0031073838,0.003263697,0.007432252,-0.0068611503,0.001099566,0.0045915693,-0.00065959245,PkC_ss
-0.0003372021,0.0001462996,0.007518068,0.00033076108,0.0031703003,-0.00074163824,0.0116202235,-0.0011078939,0.007060945,-0.0075092316,-0.006439049,0.007022232,0.0010899621,-0.0013933927,0.0032132417,-0.0046344064,-0.0037980806,0.0044683367,0.0039511174,-0.0005362807,-0.0005167895,-0.0036451817,-0.0006706603,0.0030377358,0.00598529,0.012543425,-0.01339652,-0.003785192,0.0037464872,-0.0054307655,MLI
0.0028928258,-0.0017754659,-0.0073548406,-0.0055548847,-0.0005459748,-0.005324565,-0.0073002875,0.002881907,-0.002882678,-0.007492602,0.004484948,0.0022959262,-0.008290956,0.00079733133,-0.002980411,0.003086578,0.0042827893,-0.006219998,-0.0054060817,0.009366496,0.0046619433,-0.0035062432,-0.0056085065,0.0014078468,0.0064512193,-0.0028492063,0.0013622753,0.0067301225,-0.001239799,0.00052803755,PkC_cs
0.014575066,0.0062981993,-0.006841898,0.000894323,-0.0028909184,-0.0045542754,-0.008299261,-0.00028146058,-0.005874697,0.017706946,0.0047681667,-0.017174482,0.0028156657,-0.00980594,-0.0139243975,-0.0005383976,-0.012672575,-0.023395017,-0.02198255,0.01735348,-0.009236112,0.011056516,-0.0020560361,0.006924942,-0.00915578,-0.015260853,0.024671104,-0.0090346765,-0.023315758,0.0073250495,PkC_cs
0.0010121949,-0.00072231144,0.005324587,-0.0039024502,0.003141202,5.2049756e-05,0.0066411644,0.0039870963,0.0021468028,-0.005358726,0.0011122897,0.0036495775,-0.0009802413,-0.0018612668,0.0039231256,0.0017245524,0.0010170322,0.005230233,-0.00048080087,-0.0015827073,0.0034224703,-0.0035400465,-0.00018072501,-0.0038681775,0.0020627081,0.006953664,-0.0070483573,0.000209108,0.0046635345,-0.0029124506,PkC_ss
-0.002024617,0.00079711527,0.0030939728,0.001977697,0.00060575455,-0.002016332,0.0046741217,0.0019465461,0.003375426,-0.0033237785,-0.0031994022,0.0047030076,-0.0032687765,0.00064651296,0.0033157244,-5.1613897e-05,-1.4908612e-05,0.00065121055,0.00285919,-0.0008479981,6.1474275e-05,-0.0064921156,-0.00040213764,-0.0016961023,0.006204903,0.0067188963,-0.0046551563,0.0033743214,0.0013988465,-0.002131775,PkC_ss
0.00019419566,-0.0032046512,0.0067260116,0.0001000613,0.0008950345,-0.002174534,0.0073533207,-0.00047456473,0.005337335,-0.006805852,-0.004537318,0.0040117204,-0.0018336308,0.0011447221,0.004544705,0.00027805567,0.00038990006,0.005918443,0.0036135465,-0.0022329735,0.0021885629,-0.0039045066,-0.0010735467,-0.0014816448,0.0069631413,0.008301519,-0.0073230416,-0.001187861,0.005624987,-0.00092466176,PkC_ss
-0.0007788949,-0.005258031,0.0003913939,5.4374337e-05,-0.00015065819,-0.005178705,-0.0015106499,0.003980972,-0.0017425567,-0.002417773,-0.0022728406,0.0033775717,-0.0035610478,0.0015988238,0.001345396,-0.00042833388,-0.002739435,-0.0015324354,-0.0005098134,0.0012358567,0.0012740134,-0.0036648586,-0.0018402003,0.0024392307,0.005830303,0.008256815,-0.0047889687,0.0037823003,0.0055998787,0.0038940087,PkC_cs
-0.0017530881,0.0019984618,0.00441961,-0.002434954,0.0011854395,-0.0036152229,0.0019077659,0.0031953827,0.0028909184,-0.003754139,-0.0013764501,0.003958866,-0.0056771617,-0.00044900924,0.00025102496,-0.0035616495,-0.00058148056,-0.0010956004,0.002715215,0.0013614511,0.0029469314,-0.0059449375,-0.0016913302,-0.0028577447,0.0022090375,0.00713899,-0.0065262914,0.0025626086,0.004952289,-0.00053359196,PkC_ss
-0.0031056553,0.0023056492,0.0055476576,-0.0005942732,0.0011570342,-0.0038909763,0.0026473254,0.0044694766,0.0028949454,-0.0039465874,-0.0035462268,0.0045875832,-0.00325316,-0.0024554431,0.0011136234,-0.0044971295,-0.0003057029,-0.0010162145,-0.00170739,0.00013821665,0.0010349895,-0.0076148137,0.0006955713,-0.0028409436,0.003587149,0.00741791,-0.0060154684,0.0020887908,0.0028597936,0.0021353997,PkC_ss
-0.025823329,0.007493809,0.005677998,0.0021703392,0.0065463297,0.0060595386,0.015311018,0.0024367124,0.0012029335,0.00045345724,-0.0068601966,0.008316129,0.0077119414,0.0018334202,0.0028714165,0.006597776,-0.0013277996,-0.0016143471,-0.0012518764,-0.008938364,-0.0004242002,0.0012989566,0.0003827475,0.0028415918,0.008076124,0.016286753,-0.01618201,-0.0017721253,-0.004099004,-0.0002066195,MLI
0.006447373,-0.0014436021,-0.0048258305,-0.006174445,-0.00044911727,-0.004847016,-0.0104382485,-0.0053765103,-0.005277708,-0.0021824688,0.003268797,0.0001308471,-0.0035207178,-0.0016495287,0.003493026,-0.0033429414,-0.00027908199,-0.0075578317,-0.008000508,0.0075185383,0.0021449397,0.003051754,-0.003481429,0.004082404,-0.005678639,-0.011416443,0.0015375204,0.0063449983,-0.011021748,-0.001006566,PkC_cs
-0.00026778504,-0.0015139133,-0.0013463646,-0.0017764419,0.0005293898,-0.009972371,-0.0068650097,0.0065569878,-0.0019868724,-0.00087854266,-0.0017653182,0.0011805296,-0.0050066616,0.00017987937,-0.00011084974,-0.0016507693,-0.0015431847,-0.0056246966,-0.0045679063,0.0054658568,0.0044964305,-0.003575988,-0.004965529,0.0018484071,0.00380598,0.0034375414,-0.0017527826,0.004050417,0.0033295378,0.006668709,PkC_cs
-0.00013544038,0.0022818744,0.008694455,0.0004143119,0.00025558472,-0.002831556,0.0051398277,0.0009219274,0.00488127,-0.00322029,-0.00080462545,0.0037301779,-0.0054611545,0.001799155,0.0008976236,-0.0010936074,0.0017908458,-0.0012099892,0.003597185,-6.3802116e-05,-0.00022063078,-0.0055755824,-0.0005514771,-0.0021936372,0.0038428232,0.007646255,-0.007351894,0.0013302322,0.003033273,-0.0009139478,PkC_ss
-0.00019859895,-0.0008483976,0.006082371,-0.0001360774,-0.0011122487,-0.004148133,0.0042407513,0.0023554116,0.003773667,-0.0043739825,-0.0017538555,0.0039397106,-0.003627723,-0.0005227737,0.0016331598,-0.0029889196,0.00096878596,0.00013664365,-0.0031950325,-0.00151229,-0.00074213976,-0.005915463,0.0015300252,-0.0037876666,0.005457036,0.0050448403,-0.004698865,0.003552597,0.0028860867,0.0019175261,PkC_ss
-0.0011655018,-0.00021094829,0.006199643,-0.00037391484,-0.0007555187,-0.0035112016,0.0031930357,0.004892461,0.0040031523,-0.0049099624,-0.0042087995,0.003767103,-0.0016203058,-0.0029392056,0.0038378835,-0.0039413758,-0.00019552745,0.0019688383,-0.0031479597,-0.0012333123,0.0011887974,-0.0070864186,0.00091362,-0.002083443,0.0045760646,0.0057029054,-0.004900258,0.0028554406,0.0021260455,0.0021112636,PkC_ss
0.0013577864,-0.0018444583,0.0074900687,-0.00041086972,0.00042884052,-0.0033008717,0.005651459,0.0013485849,0.004929859,-0.0067502856,-0.0006527491,0.0055103526,-0.0031381454,0.0001648739,0.0017702729,-0.0017099604,0.002307482,0.0039554536,0.0023793727,-0.000618075,0.0004972066,-0.0052773654,-0.0010340698,-0.0019361377,0.0039882064,0.008496501,-0.007060427,0.00012181513,0.0048595965,-0.0019881725,PkC_ss
0.0071214978,-0.01072409,-0.005316362,-0.0074130744,-0.0019039474,-0.0013409778,-0.002664566,-0.000108495355,-0.00475375,0.00023296475,0.0098405965,0.0032004565,-0.0016093348,-0.00057598203,0.00055755675,-0.0034791045,-0.0009852257,-0.00047384202,-0.012087613,0.009822592,0.0037453282,0.007985458,-0.003110312,0.007953435,-0.006479904,-0.008219987,0.0034022816,-0.0022131214,-0.0044434518,0.0011614561,PkC_cs
0.0011138245,-0.002024375,0.0039025098,0.0017320365,-8.286163e-05,-0.0031713024,0.0031057447,0.0015219375,0.0050580837,-0.001391843,-0.00022235885,0.0056668073,-0.00039105688,-0.0016460232,0.00090406835,-0.003496416,-0.0030214246,0.0024848282,0.0017687827,0.00057243276,0.0009520757,-0.0035651028,-0.00028095022,-0.0012566522,-0.00046236813,0.005939916,-0.003169626,0.0010890644,0.0029982403,0.0013077222,MFB
1.3332814e-05,-0.0019236952,-0.00029864907,-0.0026327074,0.004803404,-0.004443392,0.012619175,0.0016146824,0.008901559,-0.013594136,-0.007402703,0.0102335885,0.0007732379,-0.0017631091,0.0035124347,-0.008303251,-0.0023754612,0.0079721585,-0.0011829734,0.00104097,0.002838477,-0.0023146905,-0.0028573833,0.0017407984,0.008635551,0.008187465,-0.012540542,-0.0033504106,0.004342206,-0.0012017041,MLI
0.0002926495,-0.0027755871,0.005859956,0.0031203032,-0.0002785772,-0.0010483079,0.006696418,-0.00018248707,0.006155148,-0.0049214363,-0.0022377297,0.0060805455,-0.0011707229,0.00019385666,0.0050203726,1.0814518e-05,0.0015764292,0.0049404204,0.00405778,-0.0015597763,-0.0005769809,-0.0029003583,-0.0005672835,-0.0020510927,0.0041406155,0.008151874,-0.0051504225,-0.0013249386,0.002702631,-0.0017688051,PkC_ss
0.0021402556,-0.003135696,0.008872345,0.0014377683,3.5487115e-05,-0.0038231201,0.0057958215,0.00040125847,0.0051912963,-0.0065989196,-0.0017031208,0.0051538274,-0.0027780589,0.0023652911,0.003462106,0.002215758,0.0036263708,0.0041872114,0.0053349584,-0.0023528235,0.0015779003,-0.005574733,-0.001156617,-0.0012999699,0.006637849,0.009394519,-0.006295141,-0.0015649842,0.0038956106,-0.0011412725,PkC_ss
-0.00036232546,-0.0023303553,0.0053377897,-5.120039e-05,0.0011236668,-0.0006717406,0.005562529,0.0004600063,0.0037187338,-0.0062770844,-0.0017682873,0.0052091926,-0.002189478,0.00094009563,0.0035737306,0.0016348809,0.0024568252,0.004481271,0.0031621903,-0.0024982141,0.0009319368,-0.005118087,0.0005824268,-0.0025120005,0.0071694106,0.008378632,-0.0067993477,-0.0009208303,0.0033917874,-0.001609303,PkC_ss
0.0019266233,0.00037574023,0.006675586,0.0011094064,-0.002221547,-0.00034084916,0.004300639,0.0013444498,0.0075506493,-0.002741754,-0.00019683316,0.0040408373,-0.00093497906,-0.0006164685,0.003828302,-0.000747215,-0.0011324137,0.006676443,0.005880609,-0.00097515807,0.0026135272,-0.0023638345,-0.000558611,-0.0028903484,5.8725476e-05,0.007091552,-0.0037983544,-0.002650776,0.0031225085,-0.0008877404,MLI
0.0002397541,-0.0043454766,0.0071035624,0.00126715,0.0015713423,-0.0024030805,0.009242386,-0.0014001355,0.0062750876,-0.0071254075,-0.0039844178,0.0062797144,-0.00029360328,-0.00056923553,0.0048495084,-0.00031721964,0.0004738979,0.005606331,0.0017146915,-0.0010207901,0.00075193075,-0.003412284,-0.0006756224,-0.0027149096,0.006382875,0.008302726,-0.0070663504,-0.0004751105,0.004364729,-0.00081194565,PkC_ss
0.00278092,0.007493645,-0.008445382,-0.009239361,0.0019853078,-0.0013000928,-0.007404864,0.001772739,-0.0044466183,-0.0015417784,0.008000243,0.0014570802,-0.008877674,-0.0009575002,-0.0061033145,-0.006063875,0.0017090887,-0.0119928345,-0.011487797,0.012659406,0.00042835204,-0.0021968521,-0.0018256493,0.0017727539,-0.00260365,-0.010330938,0.00096363947,0.0076175164,-0.010453254,-0.0007445179,PkC_cs
-0.0012504645,-0.0033225939,0.006477818,0.0010838509,-0.0009845644,-0.0024780035,0.004241362,0.00066456944,0.004080653,-0.0053207874,-0.0036096051,0.0051495433,-0.001916824,-0.00016941503,0.0038224682,-0.0018912442,0.0011091754,0.00438489,0.0006647408,-0.0023270724,0.0009284462,-0.00538601,0.0010112636,-0.0022049844,0.00623136,0.0070102885,-0.005516868,-0.00028801337,0.0037107319,0.001760982,PkC_ss
-0.0026530884,-0.0007754788,0.0066384375,0.00268431,0.00054269284,-0.003441628,0.0063976794,0.0021798238,0.005129747,-0.0026299506,-0.0055948757,0.005694829,-0.00071301137,-0.0016574226,0.002523616,-0.002540741,-0.0016160626,0.0024423972,-0.000905782,-0.00019608345,-0.0015874472,-0.005815834,0.00018798932,-0.002199769,0.005434826,0.008441828,-0.0050235093,-0.00078324415,0.0023322254,0.0014481321,PkC_ss
0.009261847,0.002800651,0.0029429644,0.0061003864,0.0043966845,-0.0033888556,-0.003944561,-0.014655851,0.009344608,-0.0026034564,0.00015018508,-5.246699e-05,0.01225237,-0.004693687,0.029770873,0.017005622,0.0002887156,0.008055225,0.0053709,-0.013702366,0.0054230574,0.0008945912,-0.00013596192,-0.011470519,-0.005498454,-0.006195836,-0.0028811134,0.021755742,-0.017013066,-0.011259928,PkC_ss
0.0007504076,-0.0043196604,0.008090273,0.00092981756,-0.0010736249,-0.0013524331,0.0062897652,0.00048342347,0.005331531,-0.0066172183,-0.001675535,0.004860662,-0.0024263915,0.0010256693,0.0036106557,0.00042211637,0.003034884,0.0047266707,0.0025683194,-0.0014126739,-0.0003281557,-0.0048032403,0.0005257465,-0.0024816468,0.007143043,0.009335645,-0.0068098903,0.00010175072,0.0048741177,0.0006233454,MLI
0.0011098068,-0.0034438297,0.006550148,0.0017669052,-0.00012733415,-0.0023659207,0.006232232,0.0011440292,0.0055832416,-0.005170673,-0.002174031,0.006261222,-0.0019153041,0.0007915646,0.0006848052,-0.0025115348,0.000389494,0.0048926026,0.0018124282,-0.0010171114,-0.0011212886,-0.0050211474,-0.0010478757,0.00043833256,0.0050717667,0.008432813,-0.006092947,-0.0007575024,0.005429007,-0.0013369992,PkC_ss
-0.0045891292,0.011448845,-0.013394676,-0.01041244,0.0017891489,-0.004222825,-0.008441225,0.006777309,-0.008971192,0.008694708,0.010733884,-0.0059035495,-0.009203887,0.008103754,-0.015007567,0.0009980947,0.0074050147,-0.013837472,-0.0066249967,0.011139984,0.0062233363,-0.0030093305,-0.0005107857,-0.0028856173,0.00041048974,-0.016222179,0.011236537,0.0024879817,-0.00950098,0.0026195198,PkC_cs
0.0042552147,0.006670743,-0.010446027,-0.00741978,0.0022593588,-0.0010189489,-0.007214904,-0.0022513866,-0.0052796416,-0.00019851327,0.010369498,0.0037383288,-0.005228402,-0.0021403953,-0.004354976,-0.006973602,0.00020985305,-0.011756726,-0.013927907,0.014533985,-5.153427e-05,0.0023580305,-0.0032909699,0.0060871467,-0.0077150017,-0.01612299,0.0025895797,0.00820368,-0.016331933,-0.0017263256,PkC_cs
-0.0017061122,-0.00022059679,0.0058748573,0.0012718886,0.0010911487,-0.0018358603,0.004853636,0.0012913048,0.0038161054,-0.0025860965,-0.0032239556,0.0041395575,-0.0026293006,-0.00035686046,0.0043169707,-8.3711e-05,5.16735e-05,0.0021666884,0.0016195923,-0.0009047678,-0.00023875991,-0.005192563,-0.00057940185,-0.0027936175,0.00469546,0.0073879585,-0.0056039356,0.0012496617,0.0021076053,-0.0015431792,MFB
-0.006971445,-0.010635391,-0.010675803,-0.0065487176,-0.0037628785,0.0014416091,0.014112033,0.014404304,-0.002003301,-0.015502587,-0.005358387,0.010843147,-0.0018821043,0.009194136,-0.0015631318,4.2282045e-06,0.016000422,0.0119936615,-0.001627788,0.011826212,0.003939844,0.0064145476,-0.004443232,-0.0021460429,0.013255104,0.001630418,-0.0029875152,-0.012600184,0.013774015,-0.0024304166,PkC_ss
0.004272675,-0.006058812,-0.0034299642,0.0020947456,0.0032165423,-0.0031382851,0.0031688362,-0.007152058,0.0056440607,-0.009124905,-0.00041809306,0.0054453537,0.008555444,0.0010284223,0.020086102,0.011805754,0.00723763,0.012246832,0.0015900433,-0.0060519194,0.005648538,0.0040212944,-0.0034688897,-0.0063073114,0.0034771413,-0.0049371347,-0.0035016723,0.010514153,-0.0055049956,-0.009931691,PkC_ss
0.0039542094,-0.005122356,-0.0052427948,0.0016195625,0.004753202,-0.0045206025,0.003961727,-0.0064316317,0.0043894313,-0.008299917,-0.00044783577,0.006106004,0.0081410725,0.0005362667,0.018354915,0.0097704865,0.0049751233,0.009308398,0.00083090365,-0.0048660403,0.00596971,0.004054155,-0.0028967746,-0.0062748343,0.0019168407,-0.005370654,-0.0028740205,0.0109633,-0.0061133504,-0.0090713315,PkC_ss
-0.002583675,-0.0009131655,0.005236551,-3.193319e-05,0.0010317415,-0.0038054585,0.005007997,0.0044913366,0.0029188842,-0.0050909817,-0.0028478615,0.006197974,-0.0037165787,-0.00047519803,0.0011254549,-0.001853101,0.0011911448,0.001139015,-0.0018078089,-0.0009423336,0.00015265075,-0.0074431,0.0003108047,-0.004423,0.0059857517,0.0076093227,-0.0045926906,0.0027258545,0.0035497993,0.0019339249,PkC_ss
0.000738075,-0.0020472258,0.007062122,0.0012157559,0.0005713217,-0.0020405576,0.006103456,0.0014633909,0.006238632,-0.00471133,-0.0015575625,0.0050159395,-0.0014089776,-3.3959746e-05,0.001017943,-0.0009436868,0.00035007857,0.005414188,0.0021763295,-0.0011061439,0.00067317067,-0.0041697696,7.724017e-05,-0.0034570694,0.003134489,0.008888476,-0.0044285096,-0.0019836463,0.005493127,0.0011122599,PkC_ss
1.6344711e-05,-0.00235603,0.005861625,0.00068321824,0.0011292659,-0.0012370348,0.0063705146,0.0013117641,0.0049107485,-0.00514856,-0.0031492524,0.0047871917,9.668793e-05,-0.0004319586,0.0036642626,0.0017546229,-0.00019427575,0.0069393814,0.0016292781,-0.0018779179,0.0019637994,-0.004574895,0.0002667047,-0.002426736,0.006371677,0.008760676,-0.005019475,-0.0032425262,0.0030901209,0.0002156645,PkC_ss
0.0011308081,-0.0020397902,0.0049897134,-0.0021359771,0.0021117628,-0.002849158,0.0060085803,0.0014286786,0.0028174818,-0.005571604,-0.0030159093,0.003462948,-0.003003275,0.000501927,0.0032595098,-0.0001497902,-0.0013144519,0.0031657815,0.0033832341,-0.0010794988,0.0028487663,-0.0051385015,-0.00034201518,-0.00303825,0.0049334913,0.008250929,-0.006476704,0.0010622982,0.004681349,-0.00081980973,PkC_ss
-0.0003648661,-0.00019014627,0.0049307197,-0.0022010207,0.0014220364,-0.0033772066,0.0032509416,0.0021969676,0.0024910271,-0.0045093596,-0.002426196,0.002206497,-0.0042226,0.0007337183,0.0030314475,-0.00036479533,0.00013053045,0.0020197034,0.001181379,-0.00224075,0.0022185924,-0.00543683,0.00023183599,-0.0047984123,0.0049676597,0.0068484917,-0.0057346337,0.0024634786,0.004139386,-3.962964e-05,PkC_ss
-0.0019652098,0.0011568666,0.0064965636,0.0014946163,-0.00067097694,-0.0036796108,0.0023135394,0.0012380034,0.0035197362,-0.003441751,-0.0016745552,0.004308589,-0.0049993824,0.0013728179,0.0019484013,-0.0016350374,0.0021522027,-0.0011764839,0.002415806,-0.0015110774,1.59177e-05,-0.0057615936,-0.00043875724,-0.0015818775,0.0045880675,0.0064054877,-0.006003868,0.0023370516,0.0023680106,-0.00015959889,PkC_ss
0.00210323,0.0086505115,-0.008528978,-0.007860109,0.0019497126,-0.0028954186,-0.007767737,0.002766572,-0.0025489815,-0.0031822324,0.0077133216,0.0015916675,-0.008843338,-0.0007943399,-0.0063433275,-0.0024888664,0.0032896623,-0.012518972,-0.009199962,0.010237507,0.0022838633,-0.0035167858,-0.0023503117,-0.00093791634,0.0005992651,-0.008702062,0.0010410585,0.0086805,-0.008280106,-0.00016091019,PkC_cs
-0.0019021928,0.0015549883,0.010828331,0.00080011785,-0.0017356128,0.0010148734,0.00394547,0.0045662597,0.0050084144,-0.006133899,-0.0011956431,0.006157905,-0.0011986328,-0.0038059503,0.0068525523,0.00025993958,0.0031175595,0.004873246,0.0015385896,-0.0047864774,0.0017018593,-0.007993035,0.0014104955,-0.0017180517,0.0022576153,0.009921618,-0.008491337,0.0003039129,0.0021286905,-0.0019634627,PkC_ss
0.0012557507,-0.002139829,0.0064784437,-0.000797838,0.0013693906,-0.00442658,0.005104661,0.00085448474,0.0033508837,-0.004915595,-0.002196122,0.0037779436,-0.0035932716,0.0011626706,0.0031014234,0.00023879856,0.0006358009,0.0020730197,0.002526909,-0.0017595654,0.0019580382,-0.005233243,-0.00056583807,-0.004008651,0.004907474,0.0069618598,-0.00536922,0.00190215,0.0041670203,-0.00070694834,PkC_ss
-0.0037032142,-0.007298015,0.00038690865,-0.005390346,-0.0076549016,-0.0038371272,0.0061315,0.00019587576,0.0034098364,-0.019911088,-0.0047802627,0.014845256,0.0033753458,-0.003526993,0.0018443614,0.005549751,-2.0805746e-05,0.0072921216,0.002981469,0.0017553801,0.0036822292,-0.007813066,0.0017157719,-0.004682131,0.012809128,0.009235367,-0.0057418123,0.0034660194,-0.005924754,-0.004407849,PkC_ss
-9.134412e-06,0.002492331,-0.0034036487,-0.0010264963,0.001002863,-0.0074738786,-0.007395372,0.004204996,-0.0021718256,-0.0031151623,0.0031618513,0.004724413,-0.00809245,-0.0002238378,-0.002872415,-0.00037653,0.0004870575,-0.0088021755,-0.004901424,0.008181534,0.0021333261,-0.0051245987,-0.0038959645,0.0005804524,0.0016758591,0.0018194392,-0.00091005117,0.007771371,-0.0017539337,0.0045191348,PkC_cs
0.0010724142,-0.004189484,-0.00830555,-0.0025152415,0.00029249862,-0.0109868385,-0.005914092,0.005271651,-0.0044595376,0.006745696,-0.0009926967,-0.006406799,-0.0054168086,-0.0065646097,-0.015847605,-0.006638311,-0.010209644,-0.012836993,-0.020000719,0.016404685,-0.0004651458,0.0024549998,-0.011055071,0.010950066,-0.0028924197,-0.01055342,0.014392216,-0.0019468088,-0.0033454597,0.005614616,PkC_cs
-0.001146283,0.0009029433,0.006779954,-0.0005682558,0.0019771867,-0.0030111931,0.00700818,0.00201983,0.0043541156,-0.004479289,-0.0026204921,0.0045324415,-0.0047119837,0.00071759894,0.00036782026,-0.001324378,0.00047694147,0.001630336,0.0012411028,-0.0015085666,-0.0006104526,-0.006474003,-0.0007104911,-0.0043182075,0.0049116164,0.0077778846,-0.0063128583,0.0017429311,0.0049178004,-0.0018595941,PkC_ss
-1.0859221e-05,0.00113675,-0.0021822602,-0.005072415,-0.001448866,-0.0073009357,-0.008239403,0.005236149,2.3968518e-05,-0.0069607496,0.0051250122,0.0045969114,-0.011736726,-0.0011928901,-0.005514443,-0.0014999136,0.00541758,-0.007232897,-0.006638542,0.009558819,0.0046857274,-0.005171612,-0.0061579756,-0.0015278831,0.0018021166,-0.0005805865,0.00059444085,0.0047315136,0.0022397712,0.004890714,PkC_cs
-0.00022847578,0.00010693818,0.0066741705,-0.001300618,0.0008449517,-0.0018050522,0.0057614148,0.0016208366,0.004423503,-0.0034531355,-0.002287183,0.0027706027,-0.0042437073,0.00026634708,0.0017627031,-0.0022710524,-7.775612e-05,0.0028394908,0.0011705011,-0.0009984942,0.0015887371,-0.00549376,-0.00046532974,-0.003328286,0.0036285669,0.0052809045,-0.0053320266,0.0014119521,0.005048625,-0.0010884404,MFB
-0.00029710308,0.003032349,0.0078075826,0.0004120171,0.0010123439,-0.0032056682,0.0030514747,0.00096998364,0.004206896,-0.0017096251,-0.001987446,0.0011054873,-0.0050919335,0.0009595603,0.001744017,-0.00011271611,0.0013521239,-0.0014924258,0.0008315891,-0.0012489734,-0.00033864425,-0.005163327,-0.00067486987,-0.0041486397,0.002936922,0.005020611,-0.0051788203,0.003125688,0.002643913,-0.00075630844,PkC_ss
0.00023469888,-0.002447553,0.0073256046,0.00085374713,-0.0010040738,0.00026319548,0.005692661,1.1481345e-05,0.0053621605,-0.0052480996,-0.0027009062,0.0040538087,-0.002645051,0.000692565,0.0034374446,-8.470565e-05,-4.215166e-05,0.0056913495,0.004287824,-0.0025107348,0.00053019216,-0.0043984056,0.00034321472,-0.0023023337,0.0042144656,0.008425228,-0.0061568953,5.1008537e-05,0.0052319914,7.318333e-05,MFB
-0.0005239509,0.003450714,0.008998513,0.0019084811,-0.0010363124,-0.00055603683,0.0018424839,0.004143141,0.0062236413,-0.0030265301,0.0010677613,0.0037336424,-0.002471378,-0.00185249,0.003675051,0.0024034344,0.0049243663,0.0020071343,0.0024476945,-0.0022165263,0.0003764811,-0.0065728873,6.376207e-05,-0.0049246475,0.0007645264,0.0069512352,-0.0032579526,0.0010926202,0.00017141551,-0.0007383898,PkC_ss
-0.004213456,0.005527474,-0.0044322163,0.0015296638,-0.003766682,-0.00678372,-0.0123184025,-0.0025092885,-0.0035197586,0.0070444345,-0.00083186105,-0.004108906,-0.0056414474,-0.007514745,-0.015535593,-0.004204802,-0.0041658487,-0.01403816,-0.01521264,0.012740658,-0.0030773752,-0.004754074,-0.003264442,0.0047109276,-0.0049729496,-0.013248876,0.015241209,-0.0009361524,-0.014321074,0.0019147471,PkC_cs
-0.0013629831,-0.0016156882,0.003169328,6.622076e-05,-0.0015739761,-0.0021148287,0.0001642406,0.0029339269,0.00343531,-0.0038547367,-0.0016806908,0.003247559,-0.004200598,-3.7502497e-05,0.0012038872,-0.0022792853,0.0015268661,0.0026973784,-0.002565518,-0.0014949339,-9.5295254e-05,-0.0066392273,0.0004724823,-0.0037586913,0.005587034,0.003174059,-0.0020760335,0.0049700495,0.0034392253,0.0020473823,PkC_ss
0.00052813813,-0.0010569468,0.006111428,-0.0010925382,0.0017530173,-0.0042362027,0.0059853643,0.0017883852,0.0043378286,-0.006507665,-0.002150029,0.005289182,-0.0022540968,-0.00040676072,0.0017412305,-0.0016492084,0.0006144028,0.0027218089,-0.00037120283,-0.0021181284,0.00084970286,-0.0053977966,0.0005126968,-0.003372617,0.0059366077,0.008596547,-0.007310692,-0.00019696169,0.004717417,-0.00015731528,PkC_ss
6.428361e-05,-0.0015404001,0.005217284,-0.0016217679,0.00060787424,-0.0038483702,0.002492115,0.0035249218,0.0033847168,-0.0056836307,-0.0001598373,0.0048883706,-0.0051686447,6.332621e-05,0.0002696514,-0.0023885556,0.0022314284,0.0013976321,0.00019083917,-0.0005021682,0.0014732829,-0.007067837,-0.0009109825,-0.0025087,0.0049605817,0.0073903203,-0.005823925,0.0023934804,0.00591252,0.00016178936,PkC_ss
0.008099705,-0.007941097,-0.011421442,-0.009648293,0.0010622777,-0.0028599016,-0.0036078691,0.0009909198,-0.0044214837,-0.008340567,0.009870704,0.0028247163,-0.003982542,0.0008775331,-0.005410239,0.0014818013,0.0037608258,-0.002691865,-0.008238554,0.0066468054,0.0045026573,3.060326e-05,-0.002843883,0.0036244914,0.0038405582,-0.007166393,0.0036825202,0.004496673,-0.0023564398,-0.004429832,PkC_cs
0.0013384931,-0.004089959,0.009934142,0.0016104281,0.00042578205,-0.000955306,0.010695353,-0.0010008737,0.0065879077,-0.0072498918,-0.003288392,0.0063550845,0.0005287173,0.00017924607,0.0057882667,0.0005867742,-0.00026541948,0.008367799,0.003966704,-0.0025212383,0.00096499687,-0.0031878129,-0.0009310208,0.001222983,0.006175369,0.011092283,-0.009888012,-0.0035108756,0.0044467077,-0.0022563264,MLI
-0.0015555732,-0.0043105036,0.0046756715,0.0038621873,-0.0003698729,-0.0006130263,0.0067653954,-0.001261808,0.0056426376,-0.004859239,-0.004816629,0.007814586,0.0012472885,-0.00090171397,0.005335763,-0.0002968274,-0.0017530937,0.0073120743,0.00397411,-0.0020193765,-0.000102654565,-0.004425317,-0.000104058534,0.0002206713,0.0057418942,0.008723579,-0.0058057755,-0.0016488777,0.0018192902,-0.0009592846,PkC_ss
0.0011892878,-0.010768242,-0.01492548,-0.0049661994,0.003071595,-0.019808952,0.008084103,0.001217708,-0.011877269,-0.022602491,-0.015808236,0.008146532,0.0037048403,0.010173816,-0.00022488832,0.0087036155,0.0003520809,0.0025129244,0.008274302,1.6697682e-05,0.00602835,0.0014432445,0.0025676303,-0.007788107,0.012700096,0.0045460016,0.00371892,-0.0037361514,-0.008899964,-0.0059464946,PkC_ss
-0.004759468,0.0060494617,-0.0030224025,0.0013653189,0.0004711561,-0.0073015243,-0.008307859,-0.0041504726,-0.0046659857,0.008453101,-0.0023779906,-0.0028511062,-0.0032753106,-0.005549863,-0.009584587,-0.0013054647,-0.005946709,-0.010664061,-0.013836235,0.00985951,-0.0034380076,-0.0017390102,0.00069636106,-0.0028489009,-0.008209944,-0.009850629,0.012016673,-0.0007535126,-0.015596382,-0.00036431104,PkC_cs
0.001245305,0.0013689399,-0.004010573,-0.0051465034,-0.0012510978,-0.007148627,-0.009173736,0.0043472648,-0.0019003227,-0.0057439506,0.006261114,0.0028908849,-0.0085034985,-0.0016249605,-0.003945723,-0.00043606013,0.0044598635,-0.009160541,-0.007018313,0.0087931985,0.0051261685,-0.0049046725,-0.003405191,-0.0013417229,0.002557695,-0.0017141923,0.0010649264,0.0074303355,-0.0011294708,0.0042871647,PkC_cs
-0.008624982,-0.009080842,-0.01883223,-0.0052032173,-0.0017567016,-0.00095644593,0.008463979,0.014882021,-0.009425718,-0.013013646,-0.0054511316,0.0130539015,-0.0033494066,0.011395987,-0.0014599226,0.0058904476,0.015330287,0.0058493465,-0.0017430037,0.013762032,0.006348983,0.008078061,-0.004036296,-0.004194781,0.013349533,-0.0012133345,0.0011990815,-0.013272362,0.007894613,-0.00021469593,PkC_ss
0.0017719045,-0.004730724,0.008281484,0.002548769,-0.00013577938,-0.0010772683,0.009235464,-0.0024798587,0.0059676394,-0.007337153,-0.0028396212,0.0058847815,0.0004556718,0.00080376863,0.0033988208,-0.00016156211,0.00057007745,0.0063825026,0.0047362894,-0.0030955346,3.7440564e-05,-0.002407074,0.00044857338,0.00015226752,0.0048231184,0.009210147,-0.007134132,-0.0029345294,0.004868798,-0.0020457357,MFB
0.0014376175,0.002566561,-0.0052927136,-0.0046528727,0.00044010952,-0.0063417405,-0.008304641,0.005001642,-0.0027112402,-0.0025962293,0.00667217,0.0029158667,-0.00990784,-0.0004422143,-0.0023867637,0.0023697726,0.002710048,-0.008676194,-0.003912315,0.00874393,0.0059453393,-0.0057583153,-0.0050486475,-0.0013906434,0.0017072335,-0.0023837984,0.0009708144,0.009276001,-0.00047781318,0.0008268431,PkC_cs
0.0022922177,0.0012705475,-0.0050928146,-2.4870038e-05,-0.002060514,-0.0055139214,-0.0075660497,0.0028071702,-0.0006711185,-0.0010368824,0.0032038614,0.0028924644,-0.006269915,-0.00065487623,-0.0016826242,0.0012982152,-0.0009167325,-0.007469356,-0.00066685677,0.0080640735,0.005313357,-0.0025860853,-0.0037699528,0.0004982501,-0.00095026195,-0.0018676743,0.0040549748,0.0052452963,-0.0014531761,0.00312623,PkC_cs
0.0032378715,-0.002718255,-0.0063524097,-0.00021450222,0.0031106211,-0.0020532236,0.0045007914,-0.002889879,0.0029922128,-0.009147391,-0.0030031689,0.0045324415,0.007678898,0.0012802035,0.015561588,0.009026963,0.0051535685,0.008502573,0.0009560734,-0.0016464097,0.004438929,0.0046028495,-0.0015698485,-0.0071888193,0.003014654,-0.0040541366,-0.002618689,0.008130971,-0.005983688,-0.008395635,PkC_ss
0.0013733581,-0.003323637,0.009035081,0.0037624985,0.0010513216,-0.0012626313,0.009778798,-0.0027093664,0.0062939525,-0.0074522793,-0.003250625,0.007426083,0.0016517433,0.00020945817,0.0041696876,-7.9602e-05,0.0005179234,0.007160619,0.004296407,-0.004058103,-0.00078523764,-0.0036598817,0.00045039505,0.0011091009,0.0053011924,0.010288186,-0.008590411,-0.0033623641,0.003134288,-0.003443431,MLI
-0.00084585324,0.00055885315,0.003991246,-0.00247325,0.0006500147,-0.003205441,0.0020935088,0.0033534244,0.0030744001,-0.0039317906,0.00031511486,0.0037822127,-0.0052675065,-0.00013136491,-0.000513047,-0.0024455674,0.0015463289,0.00068473816,-0.0011919141,-0.00050369557,0.0013646777,-0.007123098,-0.00078596175,-0.0034214705,0.004474923,0.0038531423,-0.0043507777,0.003962733,0.0038591847,-0.0006646104,PkC_ss
-0.0021844804,0.0022819713,0.004666522,-0.0012606829,0.0005029626,-0.0037119165,0.0018587857,0.002889745,0.0016256347,-0.0039141476,-0.002709791,0.0023006052,-0.004272839,-0.00053448975,-7.75978e-05,-0.0026237406,0.0003333427,-0.0016185567,-0.0032409877,-0.00069875736,-0.00088307494,-0.00706812,0.0003693886,-0.003920451,0.0051692277,0.004323408,-0.0047081895,0.0063233655,0.0017642528,0.00023842975,PkC_ss
-9.386614e-05,-0.0011652783,0.008555576,-0.0014545918,-8.253753e-05,-0.0028850809,0.0051415116,0.0019093528,0.005512148,-0.0039986074,-0.0011326894,0.0036366805,-0.003722271,0.00022482872,0.0018535554,-0.0006269552,0.0009592846,0.0031833947,0.00081564486,-0.00020119268,0.0015295665,-0.004861921,-0.00094375014,-0.0037805513,0.0050833523,0.0077576414,-0.006484039,-0.00010023825,0.0053860247,0.0013098493,PkC_ss
0.0039157085,-0.0020914823,-0.00735642,-0.0061736554,-0.0011717267,-0.00406269,-0.011435926,-0.0014545545,-0.0050335787,-0.0045481026,0.0037727058,0.00062170625,-0.0061155353,-5.216524e-05,-0.001988396,0.0015444718,0.0030705202,-0.00606966,-0.0043735057,0.005921171,0.004186423,-0.0044248924,-0.0027269088,-6.527454e-05,0.001980111,-0.008754142,0.0047696196,0.008551365,-0.0061653256,-0.0008827038,PkC_cs
0.0030989759,-0.0017397553,-0.005081311,-0.0054042935,-0.001565028,-0.008799866,-0.008027211,0.0058198124,-0.0027915537,-0.0057361573,0.0054898597,0.0022041202,-0.007968234,0.00058283657,-0.00320106,0.0020922497,0.0027387235,-0.0058766454,-0.0053290874,0.0071802717,0.0061109453,-0.0012040734,-0.0054173954,-0.0014094114,0.0015434623,-0.0014712587,0.0023999475,0.0053992067,0.0017001405,0.0045506507,PkC_cs
-0.045175295,0.009531654,0.031750724,0.014677182,-0.009683635,0.017637275,-0.008948445,-0.017991416,0.0038023628,0.019667357,-0.033663232,0.021997139,0.010539042,-0.018660434,0.042382896,-0.0077784546,-0.0046351794,0.006052524,-0.00019150972,-0.017310094,0.0086613335,-0.0045540184,-0.0108377375,0.021739744,0.008958206,-0.00011911243,-0.040053915,-0.026422577,-0.00957831,-1.0557473e-05,MLI
-0.001518663,-0.003490515,0.002465561,-0.0016065538,0.00096808746,-0.001989618,0.0037012845,0.0029550344,0.0020513795,-0.0057680607,-0.0016867071,0.0062602535,-0.0042406153,2.784282e-05,0.00066937506,-0.0037856437,-0.00031497888,0.0023411512,-0.00029560924,0.00039098505,0.00050520105,-0.005987704,-0.0005211793,-0.0011098832,0.0058157295,0.0074654147,-0.006741453,0.0031754132,0.00574629,0.0006608777,PkC_ss
-0.00086535513,-0.0018907264,0.0047291666,-0.00058591366,-0.0003203191,-0.004532207,0.0020811558,0.0029938072,0.0023824424,-0.0041316748,-0.00028547645,0.0055144355,-0.005029207,-0.00011348352,0.0019708872,-0.0011353046,0.0018960405,0.00069297105,-0.0018641055,-0.00017430354,0.0010282374,-0.00783965,-0.000694897,-0.0024152696,0.0063961446,0.0047364905,-0.004459981,0.0045307893,0.002047263,0.00018151104,PkC_ss
-0.0003845282,-0.0014416873,0.0045477897,-0.000761956,0.00017521903,-0.0030254312,0.0031359196,0.00324478,0.0026709698,-0.0039488077,-0.00064110756,0.0046293736,-0.004400147,0.000364393,0.002057515,-0.0018750355,0.0019422602,0.0012212694,-0.0009627044,-0.000860936,0.00072017265,-0.006178789,0.00039349124,-0.002361536,0.005668238,0.0056043193,-0.0050128363,0.0017778128,0.003054209,7.576868e-05,PkC_ss
0.0051481463,-0.010271043,-0.0082129985,-0.008152321,0.0008853674,-0.0053037405,-0.004163459,0.003271073,-0.0049805194,-0.006163031,0.0053537115,0.00040897727,-0.0043015573,0.0023821145,-7.8231096e-07,0.004778024,0.0017500706,-0.00041000545,-0.005146846,0.006087969,0.0061447113,0.0011207275,-0.0044550262,-0.00025980175,0.0066165775,-0.00063241273,0.00020033494,0.006238835,0.0045343414,0.00031656772,PkC_cs
0.0004999619,-0.001360409,-0.0051902384,-0.0009186417,-0.0034209304,-0.006329436,-0.012181476,0.0019711629,-0.006943628,0.009107515,-0.005082939,-0.010143355,-0.006310595,-0.008090936,-0.012440067,-0.004354965,-0.014628364,-0.015888892,-0.015150592,0.017779486,-0.0031133448,0.0023866035,-0.008764248,0.011084236,-0.004767224,-0.0046909824,0.0118630715,-0.0016416498,-0.0042940974,0.008344606,PkC_cs
-0.0038690306,0.006295368,-0.013874866,-0.0057978034,0.0055441707,-0.008441545,-0.0012165755,0.0015108511,-0.008298732,0.0019505024,0.0048899315,-0.0025167018,-0.0047053043,0.00023590773,-0.010966115,-0.00060917065,0.0024950095,-0.011876956,-0.019044898,0.012085041,-0.0023899167,0.0031268336,0.0014765002,-0.0049884617,-0.0027257502,-0.013173893,0.0109853335,0.0014656354,-0.014640294,-0.003241077,PkC_cs
-0.00052111223,-0.00027376413,0.00082598627,-0.001041308,0.0009988956,-0.0008073747,0.0012809038,0.002685286,0.0029528178,-0.0034155995,0.00091522187,0.005208954,-0.003310239,-0.0010901392,-9.968877e-06,-0.0017845295,-0.00024716184,0.0019896775,0.0011680573,0.0020516003,0.0024203337,-0.00557144,-0.00065179914,-0.002712004,0.0022810325,0.0048964694,-0.0030667,0.0027476866,0.0036329925,0.00086862594,MFB
-0.0022695214,0.0013713315,0.0053417385,-0.00079098344,0.0021639988,-0.0025262684,0.0050860792,0.0029221326,0.0028976128,-0.004281491,-0.0037515797,0.0040533617,-0.0027612802,-0.0004702136,0.0010480881,-0.0013746396,-0.00035074167,0.0018705055,0.0005273372,-0.0020044195,0.00015504239,-0.0068887398,0.00022705272,-0.0035315976,0.0052207336,0.008061327,-0.0060219057,0.0010023806,0.0031144768,-0.0010362118,PkC_ss
-0.00043241307,0.00036846846,0.0056777745,-0.0026134104,0.0021849982,-0.0031606443,0.0040739924,0.0029141828,0.0037587397,-0.0048153102,-0.001070939,0.004126847,-0.0052620526,0.00010249019,0.0007561892,-0.0012380965,0.0002941843,0.0025641546,0.0019104332,-0.0013714945,0.0019230074,-0.0058357045,-0.0015434958,-0.0046067387,0.0031843483,0.008322425,-0.0067192353,0.0010905284,0.0065200403,-0.001946494,PkC_ss
-0.0016581342,-0.0028794333,0.004212767,-0.0012967288,0.0011721626,-0.0012942404,0.003952801,0.0018134192,0.0017044321,-0.004965842,-0.004582919,0.0037765503,-0.0012119842,0.00037312508,0.0033144206,-0.0013219006,-0.0016490351,0.0053772107,0.0025894195,-0.0026323115,0.001593133,-0.005018875,0.00019494817,-0.001580745,0.005862735,0.009013616,-0.0071161576,9.421818e-05,0.004987262,-1.694262e-05,PkC_ss
-0.0009571649,-0.00101953,0.0058935583,-0.0024988651,0.0013429374,-0.0009656586,0.0058968067,0.004696876,0.0024303272,-0.00567618,-0.001137305,0.003784202,-0.001452787,-0.0026281253,0.0032354668,-0.0009351522,0.0009482447,0.0038495362,-0.0029926002,-0.0027179522,0.0015930342,-0.00540486,0.0008273795,-0.0035053045,0.0037519634,0.0068859234,-0.0064141713,0.001822507,0.0048599467,-0.00069556385,PkC_ss
0.0045348257,0.00081953406,-0.005858913,-0.00780268,0.0005488172,-0.0074981004,-0.007962957,0.003036201,-0.0033804923,-0.005977154,0.0059151053,0.0007205978,-0.0092737805,0.0016629063,-0.0024831034,0.0025888681,0.00428663,-0.008991286,-0.0056651384,0.007915844,0.005545979,-0.0022534207,-0.0044597015,-0.0014581829,0.0034839883,-0.0039170906,0.0006028898,0.0068949964,-0.002793692,0.00075640157,PkC_cs
0.0017946456,0.0023150966,-0.0038221478,-0.005011335,0.0002615489,-0.0072524063,-0.008505434,0.0040426627,-0.0028846674,-0.004751265,0.0061140917,0.0023850724,-0.009248128,0.00033370405,-0.0037070662,0.0006285794,0.004377885,-0.010307416,-0.0053788573,0.007343651,0.003136817,-0.00477051,-0.0029559508,-0.001651451,0.0024432987,-0.000565663,-0.00015095994,0.007910736,-0.0022508278,0.0021017492,PkC_cs
-0.00020487979,-0.0027649999,0.003154114,-4.027784e-05,-2.4300069e-05,-0.0034532323,0.0032698363,0.0026114509,0.0029177628,-0.0048574507,-0.0013280697,0.005207166,-0.003501108,0.00022644922,0.0005982667,-0.0025849827,0.0007838197,0.0009794831,-0.0009750724,0.0009433357,-7.3733274e-05,-0.0058535486,-0.0006688759,-0.0019322783,0.0056427717,0.005450718,-0.004110098,0.0045042895,0.003352277,6.708503e-05,MFB
-0.0011348203,-0.0014100373,0.007112026,-6.173551e-05,0.0013834797,-0.0020600595,0.0062169284,0.0019510612,0.0053876936,-0.0021394491,-0.004042607,0.0017803907,-0.0012139064,-0.0007362254,0.0033782497,-0.0035086907,-0.001946954,0.0053807944,-0.0003347844,-0.0014709672,0.00043661846,-0.0034358725,-0.00027779117,-0.0020139515,0.0030717999,0.0073183402,-0.006592773,-0.0005301777,0.0062379017,0.0015600286,MFB
0.0008183811,-0.0018013343,0.0074345022,0.0009571463,0.0008837916,-0.00316656,0.0050644726,0.00038387626,0.0045209676,-0.0066468716,-0.0034461506,0.004472509,-0.0026386064,0.0012923405,0.0040923953,0.00044251606,0.0019241273,0.003488101,0.0042691976,-0.0024123257,0.00036692573,-0.0048487335,5.023554e-05,-0.002683252,0.006041676,0.010479771,-0.007358972,-0.0011336748,0.004107222,-0.0007077679,PkC_ss
-0.002389256,0.00041683763,0.005771488,-0.0007022172,0.0014367066,-0.0028767064,0.0067035854,0.0035781264,0.0045104064,-0.006247923,-0.006758414,0.00531625,-0.00034487073,-0.003005311,0.0040420443,-0.0048205517,-0.0022263043,0.004491493,-0.0021528453,-0.0022317963,0.0011761743,-0.00803037,0.001130078,-0.0015025064,0.00614354,0.007184468,-0.007445924,0.0012524873,0.0021371022,0.0011005402,PkC_ss
-8.4646046e-05,0.001133889,0.005332738,-5.094707e-05,0.00037777424,-0.0024989918,0.0036890656,0.0024306253,0.0036363117,-0.002917558,-0.0011669658,0.0019922182,-0.004344566,0.0013396107,3.682077e-05,-0.0024708733,0.0011793636,0.0012632906,0.00094141066,-0.0019397205,3.785966e-05,-0.0049281046,-0.0006506629,-0.0022655874,0.0024971887,0.0041792467,-0.0036410503,0.0023897141,0.003975846,-0.0015677735,PkC_ss
-0.0007667802,0.0023516268,-0.005145937,-0.004685834,0.000262402,-0.0061845034,-0.0078096986,0.0061514676,-0.0030555613,-0.004388854,0.006888941,0.005161956,-0.0110180285,0.00042690337,-0.0048658997,-0.00078077987,0.004549755,-0.009894565,-0.0051945597,0.00892787,0.002707615,-0.006787345,-0.0033594072,-0.00085587054,0.0036583021,0.0010061264,-0.0011386164,0.008044178,-0.0010640472,0.0024821013,PkC_cs
-0.0076477863,0.011460476,-0.0064502805,-0.0037228614,0.00082692876,-0.0078848675,-0.0036816597,0.0065118,-0.006949991,0.007434219,0.010099936,-0.0009105429,-0.011484111,0.0072894283,-0.015897978,0.002656296,0.007630391,-0.016642533,-0.008244529,0.013939069,-0.0004830514,-0.0018196069,0.00017470494,-0.0051862523,-0.0026684403,-0.0070929155,0.010622274,7.3814765e-05,-0.01196707,0.0049100667,PkC_cs
-0.041403797,0.018739425,0.025500402,0.0078015476,-0.007253509,0.011245869,-0.004539788,-0.0054237917,0.008874543,0.01722017,-0.022082966,0.022449575,0.0045823622,-0.018070206,0.025480807,-0.017200802,-0.004621789,-0.0035507977,-0.0010575205,-0.0064377254,0.011926636,-0.0057025105,-0.010790776,0.018162794,0.0013212115,0.002503015,-0.034910858,-0.02396816,-0.005617082,0.0036248863,MLI
-0.00048454106,-0.000318408,0.0058977753,-0.002028659,0.0011509694,-0.0037720874,0.005505249,0.0014353022,0.0025408678,-0.0056739002,-0.0029165111,0.0033945143,-0.0035675894,0.00044638664,0.0024861842,-0.0011246689,-3.5911798e-06,0.0011518747,0.00028641522,-0.0021977695,0.0015070173,-0.005159445,0.0011601225,-0.004368633,0.0055528134,0.0070573017,-0.0064789765,0.0015502926,0.0033732876,0.0003992319,PkC_ss
-0.004318502,0.0052321926,0.0032057017,-0.0012207478,0.001991488,-0.0043858923,0.00037384033,0.004251115,0.0014816895,-0.002036646,-0.001860451,0.0036502331,-0.005757807,-0.0017138124,-0.00061198324,-0.004236374,0.00061422586,-0.005078122,-0.0021009296,0.001664062,0.0006395648,-0.008848198,-0.0005580485,-0.0030833036,0.0038705468,0.003973782,-0.0050459094,0.006064648,0.001203984,0.00021909922,PkC_ss
0.0027697086,0.0009403601,-0.0056544393,-0.004321471,-0.0008736737,-0.0073367953,-0.0058311075,0.0037760139,-0.00013392419,-0.0047264695,0.0062777624,0.004204534,-0.009692548,0.00039574876,-0.0037532002,0.0035594702,0.0019194242,-0.006892726,-0.004617527,0.010081616,0.0051307506,-0.0042886958,-0.005084578,-0.0041304007,0.0028057545,-0.0019636154,0.0037519783,0.008186661,-0.00206168,0.0031525344,PkC_cs
-0.0016661882,0.00023760647,0.0024767667,-0.0009801537,0.0021547563,-0.0048822947,0.004472509,0.004172139,0.0020029694,-0.004801035,-0.0036343448,0.005010277,-0.0042633917,8.353591e-05,-6.9856644e-05,-0.003140822,-0.0003958065,0.00011135638,-0.0024841577,0.0005794866,-8.596154e-05,-0.007993877,-0.00038097054,-0.0037256777,0.006551951,0.0055301264,-0.0040628724,0.004914975,0.0023870543,0.00066747144,PkC_ss
-0.0011562966,0.0024951845,0.004084632,-0.0020758659,0.0013085343,-0.0032983348,0.0019748658,0.0037464947,0.0016370192,-0.0030392706,0.0002882406,0.0038342476,-0.0071185436,0.0012836084,-0.0009869635,-0.0012371838,0.0009754207,-0.0019107312,0.0013991743,0.0005293498,0.0011427938,-0.0083452985,-0.0015566424,-0.002562724,0.0042535514,0.0050958768,-0.0051656403,0.0056690313,0.0025138184,-0.0022424906,PkC_ss
-0.0015961565,0.00295458,0.009063348,-0.004694462,0.00027653947,-0.0020851307,0.0021562427,0.0049962476,0.005133286,-0.0072991103,-0.005635228,0.0016264543,-0.0006081817,-0.005588472,0.006657757,-0.0027908273,3.5770237e-05,0.0053684413,-0.0015485734,-0.0016157767,0.0047430075,-0.010258898,-0.00027715042,-0.0031905472,0.004382372,0.006200157,-0.008531932,0.0042247307,0.0014618635,3.6016107e-05,PkC_ss
0.0038361624,-0.0077494234,-0.0041506886,-0.0045901537,0.0002583526,-0.0074165687,-0.0050340593,0.004490413,-0.0039599016,-0.003219217,0.0024206862,0.00036035478,-0.0031310227,0.0018580519,0.001568757,0.002354499,-0.0005599577,-0.0013296604,-0.002696082,0.00525353,0.006836507,0.00023171678,-0.0044911914,0.0020529255,0.0038618743,0.0019013286,-0.0009284876,0.0045315363,0.0047129914,0.004126355,PkC_cs
-0.004251566,0.00011818111,-0.015170239,-0.0031089336,0.0023184083,-0.0051589385,-0.0056536943,-0.0014680699,-0.0067596324,0.0030677617,0.0030316897,-0.0014103279,-0.0072456095,-0.00055490434,-0.01715554,0.001372192,-0.0010413006,-0.00941515,-0.01660055,0.015704522,-0.0028435108,0.00074215606,-0.0064873397,0.0026541427,0.0011924356,-0.014617935,0.014241394,0.00074649416,-0.010439448,-0.005607508,PkC_cs
-0.00022637472,-0.0010609105,0.005726531,0.00025556982,0.0010977238,-0.0021350756,0.006340623,0.0006781146,0.0042568594,-0.0043577403,-0.0014580823,0.00481081,-0.0030876007,0.0015551895,0.0017461777,-0.00060934573,0.00092350505,0.0030771643,0.0026645362,-0.0021906672,0.00046468293,-0.0048462674,0.00032294914,-0.0026073977,0.005262956,0.0072602406,-0.0061495267,-0.00013143383,0.004127227,-0.0015202761,MFB
0.0013753138,-0.0025680289,0.004451856,-0.0023833066,0.0009492971,-0.0026723035,0.0053948015,0.00179445,0.0030296594,-0.0059140623,-0.0021174103,0.0032643303,-0.0025830548,-0.00051703677,0.002894275,-0.0015226118,-0.00029020384,0.0037725568,8.9511275e-05,-0.00026366953,0.0024594585,-0.0052599907,0.0002716221,-0.0031010583,0.005317576,0.0060487986,-0.0052748136,0.0018827002,0.0044866726,-0.0005120747,PkC_ss
-0.0011285096,0.0014645457,0.0013456643,-0.002897337,0.0019499846,-0.0032156855,0.000754267,0.0026805475,0.0017112754,-0.004347861,0.0014147684,0.0042224377,-0.0051106866,2.2798777e-05,-0.0019397438,-0.0032324046,0.0008065514,-0.00090352446,-8.9854e-06,0.0013416735,0.0028997282,-0.0059144646,-0.00084326416,-0.0018455386,0.0033094883,0.0041973963,-0.0050586574,0.0031610932,0.003908336,-0.0006307736,MFB
0.0018108543,-0.007952251,-0.002121821,0.00018654764,-4.0199608e-05,-0.007949345,-0.004393056,0.0037508085,-0.0033427998,-0.0030410588,-0.0014266893,0.0023252144,-0.0017418993,0.0016170591,0.0028913617,0.0031735152,-0.0026394483,-0.00035910308,-0.0014122128,0.0007482404,0.003050405,-0.0008969754,-0.001793988,-0.0008522421,0.003345549,0.0064583495,-8.639321e-05,0.0046065245,0.0037793294,0.005712956,PkC_cs
-0.0030401833,-0.0011807159,0.002261877,-0.0016340166,0.00409621,-0.0019079559,0.01300969,0.0046261474,0.007899925,-0.0098024905,-0.0069965087,0.008779138,0.00029844965,-0.0019493401,0.0017740875,-0.00822771,-0.0037401747,0.0051436946,-0.002755627,0.001772563,0.0008175387,-0.0025016293,-0.0022714846,0.0017561316,0.008294992,0.011019476,-0.012610316,-0.0011538547,0.006695479,-0.00034208596,MLI
0.00041585788,0.0012535602,0.0022757202,-0.0013920218,0.0029706247,-0.0025363863,0.004177347,0.0020915046,0.0022747517,-0.0047761947,0.00033060834,0.004836768,-0.0040110927,0.0007479675,-0.001691062,-0.002338156,0.0005057268,0.00041598082,0.001061976,0.0001288196,0.001788612,-0.0056456625,-0.00038687512,-0.0015507415,0.0025246888,0.004327014,-0.004394658,0.0020533036,0.0029938444,-0.0024769083,MFB
-0.000121269375,-0.0033090562,-0.0059351474,0.00023636222,-0.0010131784,-0.0009694807,0.0066996515,0.0034329966,0.0035253018,-0.009093985,-0.007397484,0.0050863475,0.007335784,0.0018467009,0.012223542,0.005848851,0.0060420875,0.009871043,0.0025571436,0.0022214456,0.0036942079,0.0044736713,-0.0012439676,-0.006159596,0.0048243403,1.1101365e-06,-0.0014217906,-4.5724213e-05,-0.0012173876,-0.004660178,MLI
-0.00068223104,-0.000694938,0.009042248,0.0015419573,0.002451267,-0.0037213825,0.010183841,6.5900385e-05,0.0055117905,-0.0058876276,-0.004820466,0.0064504817,-0.0012423155,-4.6227127e-05,0.00406985,-0.0019936748,-0.0001013428,0.0032723323,0.0031275898,-0.0012024799,0.0009815819,-0.004943788,-2.335012e-05,-0.001669541,0.005657725,0.010526471,-0.008861717,-0.0027124938,0.0035365596,-0.0020610318,MFB
-0.00045876577,0.002052568,0.005810812,-0.0044807345,0.002870433,-0.0019263849,0.004613146,0.004048951,0.0030365027,-0.005578786,-9.994954e-06,0.0027661324,-0.0025048833,-0.003324557,0.003724292,-0.0011361502,0.0019212477,0.0035638362,-0.0025062114,-0.00076129567,0.004402175,-0.006499052,-0.0022982173,-0.003322661,0.0016266629,0.0014648214,-0.005938314,0.004913926,0.002108276,-0.0029472336,PkC_ss
-0.0004064776,0.0010137036,0.005310014,-0.00079354644,0.0014394112,-0.0042996146,0.0034102798,0.0018473268,0.0034384988,-0.004333183,-0.0024082214,0.0028774962,-0.004785953,-0.0005685501,-1.1898577e-05,-0.0033911094,0.00015409105,-0.00041330606,-0.0018796772,-1.4648773e-05,0.00036560697,-0.006092131,-0.00020609424,-0.0045900643,0.0029916465,0.0044521764,-0.003936723,0.0044914167,0.003968917,0.0003617294,PkC_ss
0.0010129828,-0.0013410673,0.0026185215,-0.0021851808,0.0009307377,-0.003514152,0.0018546283,0.004583873,0.0037165135,-0.003304392,0.0010357685,0.004032761,-0.0026678797,-0.002106987,-0.00023376942,-0.004393313,-1.41803175e-05,0.001673758,-0.00071284175,0.0025257021,0.0040979995,-0.0047138035,-0.0010575093,-0.0021443665,0.0010123551,0.0043891,-0.0022567846,0.0006470103,0.004759945,0.0009928457,MFB
0.006233044,0.0008549392,-0.0059595257,-0.007793173,-9.6440315e-05,-0.0012817718,-0.006224498,-0.002788879,-0.0029257387,-0.001779139,0.010789596,0.005090654,-0.0047309455,-0.003952682,-0.0029664114,-0.0069680773,-0.00029557943,-0.008322343,-0.011141539,0.013284273,0.0014831251,0.00045347586,-0.0027298667,0.0076277256,-0.007298559,-0.010839492,0.0012116507,0.0046013165,-0.012617037,-0.0015819706,PkC_cs
-0.0023610182,0.0043532103,0.0071062,-0.0010292381,0.0009854175,-0.0028491132,0.0021538585,0.0010151267,0.0033928342,-0.003489375,-0.0016359314,0.0030517727,-0.0064730626,0.00077165663,-0.00034102798,-0.0024719946,0.0023041312,-0.0034764856,0.0017621368,0.0012685703,-0.00019926066,-0.00738056,-0.0017357431,-0.0011767074,0.0048487484,0.0053255707,-0.0077627115,0.0037684701,0.0016071796,-0.0016605034,PkC_ss
-0.0012869686,-0.00013631582,0.0012994856,-0.0005773455,0.0015069507,-0.0013352223,-0.00041671097,0.0016735718,0.0017495453,-0.0019767731,-0.0009789839,0.0033961833,-0.0011255649,-0.0015881695,0.0017283708,-0.0018721856,-0.0008096639,0.0006024167,0.0012445897,-0.00038560946,0.0021208557,-0.0046009645,0.00010124594,-0.0015195087,0.0023664832,0.0046984926,-0.0038259327,0.0017737765,0.001617536,-0.00050810724,MFB
-0.0013401546,-9.237975e-05,0.0043136775,-4.670024e-05,0.0022647455,-0.0035615042,0.0031074882,0.0013968721,0.0024712756,-0.0016282201,-0.003534302,0.0026528686,-0.0015274939,-0.0006247647,0.00334993,-0.0019981302,-0.0014656167,0.0013377592,0.00069616735,-0.00074228924,0.0011532861,-0.0041003823,-0.00012508407,-0.003395386,0.0028743,0.005996838,-0.004658509,0.0011623893,0.002337873,-0.00021258742,MFB
-9.9074095e-05,-0.00018721074,0.0061793774,-0.0010891706,-6.240234e-05,-0.0029393435,0.0038059056,0.0018149391,0.0038534626,-0.0039859414,-0.0035283081,0.0016410053,-0.0035712477,0.0005526468,0.0033201352,-0.001582317,-0.0002208408,0.0022742525,0.00065355,-0.0026440537,0.001278372,-0.004708551,0.00072358176,-0.0042601973,0.0047171563,0.0064415857,-0.005554199,0.0017192978,0.0044818074,0.00042838603,PkC_ss
-0.000650391,-0.0016099811,0.0076021403,-0.00012680888,-0.00019505993,-0.0018262938,0.005670443,0.0002117604,0.0048091225,-0.0047134757,-0.0027249716,0.003881663,-0.0025843363,0.00021521375,0.003097251,-0.0016014688,0.00033048168,0.0037694052,0.0028240979,-0.0021527978,0.0013389732,-0.0047156215,0.0006642379,-0.0027127117,0.0046593696,0.007860832,-0.0066133067,-0.0006008148,0.004674904,-1.06580555e-05,MFB
-0.0013627522,0.0018730462,0.0025877357,-0.0009917915,0.0012942739,-0.004517887,0.0020035803,0.0045953915,0.002418343,-0.0029137135,0.00017964095,0.00422094,-0.0056943204,-0.00054255873,-0.002487734,-0.0036873184,0.0011855494,-0.0031851754,-0.003390208,0.001427792,0.0007539182,-0.007963717,-0.00015268847,-0.0036414936,0.0037789047,0.003369972,-0.0028083138,0.006030066,0.0036966205,0.0009702593,MFB
0.00028986298,-0.0028127506,0.00953348,0.0008687973,0.0014310442,-0.0033891052,0.007926971,-0.0012675971,0.004735101,-0.006590858,-0.0036441386,0.0051458627,0.00058278616,-0.00021408498,0.00487148,0.00027828664,0.0009835064,0.005334787,0.0012521297,-0.0037637847,0.0005494519,-0.0034627095,0.0012333132,-0.0023110285,0.006043762,0.009855099,-0.00856182,-0.003517245,0.0033300966,-5.4739416e-05,MFB
0.00044661574,0.00070795417,0.004700303,0.0018015057,0.0020848848,-0.0009376332,0.0100983605,-3.2491982e-05,0.0076020434,-0.0066960454,-0.0059534498,0.0054488108,0.00025726284,-0.0015946105,0.00507205,-0.003932886,-0.0028993096,0.003593251,0.0026714802,-0.0013867309,-6.473297e-05,-0.0011197068,6.317347e-05,-3.387779e-05,0.0035254955,0.01006148,-0.009388477,-0.0031742053,0.00423266,-0.0038235113,MLI
-0.001357656,-0.00023377687,0.009044856,0.0018301606,0.00085479766,-0.0007234551,0.00833948,0.00076884776,0.009151749,-0.0042354763,-0.0025964938,0.0058695525,-0.0011412856,-0.0029211491,0.00428351,-0.00069949776,0.00053347275,0.00619781,0.002847746,8.837227e-05,0.00050611934,-0.004464753,-0.0020358078,-0.0027675033,0.0030060187,0.009747125,-0.006919615,-0.003254651,0.00455077,-0.0013957396,MLI
-7.208809e-05,-0.0014097318,0.008055225,-0.000109523535,-0.00028892606,-0.002839718,0.0049684197,0.003027983,0.006030403,-0.00370197,-0.0020429157,0.0038011149,-0.0035901275,0.00016593188,0.003183186,-0.00080772117,0.001188634,0.003169611,0.0018163174,0.00018104073,0.0008496451,-0.004209012,-0.0010667667,-0.0041465834,0.004718542,0.0100796595,-0.006264802,-0.001009211,0.0063358173,0.0008934289,PkC_ss
-0.00022448972,-0.0015898198,0.0037210882,7.686019e-05,0.00090146065,-0.0014524646,0.0055152327,0.0006436184,0.0032925755,-0.004811853,-0.0006802641,0.0058174953,-0.0025874209,0.00036413223,0.00025075674,-0.0023905076,-0.0002899971,0.002336055,0.0022299439,-0.00014170166,0.0016724966,-0.0039103255,-0.00012385473,-0.001027152,0.0028228313,0.005596794,-0.0049844906,0.00061054155,0.004371293,-0.0015259013,MFB
0.0009927806,-2.8692186e-05,0.0017519146,-0.00077454746,0.0016163923,-0.0027835965,0.0020696074,0.0010134503,0.002187021,-0.005275443,0.00021949783,0.004752755,-0.0024013575,-0.00057772547,0.0009842217,-0.00268998,0.0006014183,-0.0003049001,0.0013574511,0.00016855169,0.0004286277,-0.0037178993,0.0005684383,-0.002657041,0.0012654066,0.005385123,-0.004513245,0.0029013064,0.0012822896,-0.00106024,PkC_ss
0.0018461663,-0.0074183345,-0.0010630488,-0.00063200295,-0.0006700866,-0.006321516,-0.006538078,0.0034254566,-0.0028024241,-0.0015334487,0.0023149587,0.0014637113,-0.00309035,0.002166219,0.0022832602,0.006476991,0.00014471076,-0.00033266097,0.00073097646,0.0007007625,0.0048820595,-0.0023762286,-0.00284848,-0.0013441816,0.0038405955,0.005332537,0.00059841946,0.0051319543,0.004417725,0.0052107945,PkC_cs
-0.00024112687,-0.004912421,0.006095037,0.001001522,0.00061378255,-0.0015374646,0.0075182617,-0.0011295751,0.0055981055,-0.006769657,-0.00391813,0.0060895234,0.0012062358,-0.00083291903,0.0044912994,-0.00024386868,-0.00019757077,0.0068304464,0.0018610209,-0.00176265,0.0010739709,-0.003704965,0.00041857734,-0.0010883063,0.0074009597,0.008746751,-0.0074430406,-0.0020197202,0.00443466,0.0006215386,MLI
-0.0025122203,0.0021003038,0.009642169,0.00012360513,-0.0027037077,-7.821247e-05,0.00070632994,0.0024058893,0.0065027922,-0.0053752214,-0.0034234747,0.0033002198,-0.0005245564,-0.005013503,0.008335613,0.0009837858,0.0034880843,0.004641652,0.0012070388,-0.0027978597,0.002159664,-0.008609198,0.0005101934,-0.0050139353,0.002457276,0.0052353963,-0.004777342,0.003792936,-0.0017933324,-0.0004958585,PkC_ss
-0.046411794,0.00175298,0.03841582,0.017692834,-0.011327121,0.019130945,-0.014659539,-0.023773514,0.0023281574,0.024595946,-0.038678903,0.019370373,0.014101023,-0.02061078,0.048966683,-0.006981466,-0.006787317,0.012977116,-0.0008213818,-0.01637299,0.006976932,-0.0017829463,-0.01380847,0.022464402,0.008078478,-2.3685396e-05,-0.041282497,-0.027887374,-0.0052796006,0.002748303,MFB
-0.001634907,-0.00069919974,-0.009200886,-0.00656195,0.0072606057,-0.0018858761,0.011318125,0.0059523806,0.005484447,-0.005439684,-0.00015101582,0.008537084,0.0075913835,-0.0015046746,-0.005061798,-0.007876288,-0.005998118,0.0124436915,-0.00945358,-0.003079011,0.0064910664,0.006110456,-0.0031079575,0.0056924447,0.0028065369,-0.00018057227,-0.009595916,-0.011864802,0.008095317,-0.005000353,MFB
-0.0023978986,0.009922951,-0.0035930723,-0.0039459616,0.004053112,-0.0057982802,-0.0054469854,0.005816132,-0.0009317361,-0.0009572506,0.0054480694,0.004609138,-0.009534007,-0.0020539425,-0.004243035,-0.0023753531,0.0010229833,-0.010298766,-0.0024506003,0.0059713097,0.0034160572,-0.008257128,-0.0020318516,-0.0054326765,-0.001785323,0.0007739365,-0.0010715388,0.0083294045,-0.002162911,0.0004760474,MFB
-0.03734185,0.0064197555,0.03862931,0.011404082,-0.0061565824,-0.0018538013,-0.011497796,-0.020508476,0.0039635897,0.0033190846,-0.020952579,0.02645721,0.0058555473,-0.012562424,0.035826452,0.010170737,0.000572253,0.0067174584,0.005103305,-0.0053712865,0.0193182,-0.012722582,-0.019578788,0.025151327,0.014262125,0.0026611313,-0.038607463,-0.012133146,-0.019891717,0.008003864,MLI
-0.00063496456,-0.0009836778,0.0049895495,-0.0008171946,0.0007161088,-0.0035365932,0.003931731,0.002683349,0.0028832592,-0.005207509,-0.0016866997,0.004640028,-0.0043809917,0.00020160526,0.00097100437,-0.0024760962,0.0010458846,0.0013692304,0.0005866885,-0.001762894,0.00069010584,-0.006921299,0.00013563037,-0.0026957914,0.0047314614,0.0069377646,-0.0055761524,0.00265898,0.0044420436,-0.00042971224,PkC_ss
0.00072065555,-0.0015348569,0.0058212727,0.00027616322,0.0018323176,-0.002840709,0.005116731,0.0010971725,0.003908679,-0.005352065,-0.002416052,0.004243791,-0.0035917517,0.0012832657,0.002872087,0.0008858815,0.002558738,0.0016674176,0.0015656352,-0.001835431,-0.000540758,-0.005818434,0.0004943721,-0.004467182,0.0064525306,0.008013584,-0.0054483786,0.0013463963,0.0029894412,-0.0010708645,PkC_ss
-0.0045192465,-0.00092455,-0.005316317,-0.0046376735,0.0023618154,-0.009115223,-0.0040909797,-0.0016947538,-0.0058096386,0.0005184412,-0.00051380694,-0.0009983182,-0.0056216735,-0.004025094,-0.012112197,-0.0016129911,-0.0027004536,-0.006151296,-0.019997165,0.010462959,-0.0027592578,0.00058844313,-0.001348529,-0.005157985,-0.0035515577,-0.008372255,0.010341454,-0.0011629835,-0.007551186,0.0016252771,PkC_cs
1.8237159e-05,-0.0030927882,0.0043174326,0.0019304752,0.00043914095,-0.0024494193,0.0041119456,0.0009294525,0.0032253861,-0.0026043952,-0.003162466,0.0038065612,-0.00015126739,6.5568835e-05,0.0031941235,-0.000119544566,-0.0016921964,0.0038139373,0.0021654218,-0.0012941929,0.0013626176,-0.0043117926,0.0005936697,-0.0012245551,0.004257351,0.007087238,-0.0036245286,0.00015715882,0.00276611,0.000456281,MFB
-0.0003499426,0.0011363849,0.0036923438,-0.0019191355,0.0009495355,-0.003799107,0.0027554035,0.0034241304,0.0030741766,-0.004572481,-0.0007949136,0.0037285388,-0.00501257,-0.00037595257,0.00040210038,-0.0018177442,0.0009034164,-5.182624e-05,-0.0012018085,0.0008682925,0.001473553,-0.0069870055,-0.0011532642,-0.0033776015,0.004820369,0.004051961,-0.004036907,0.004600087,0.001954496,-7.217005e-05,PkC_ss
-0.0019181035,-0.0058099404,0.0031175762,0.0012524277,0.0020997562,-0.0040786564,0.0043662935,0.00068778545,-0.0007504076,-0.0052214563,-0.006150365,0.0055589452,0.0010416674,0.0007462092,0.0049208775,0.00011778623,-0.0030737054,0.0034384131,0.00048549473,-0.0033655157,0.0005634553,-0.0034934282,0.00091784075,0.0009601265,0.008114591,0.010438055,-0.0073656514,-0.00053193234,0.0029471144,0.0014234558,PkC_cs
-0.0025740713,0.0049021468,0.0040463954,-0.00045007467,-0.0013725273,-0.0008235872,-0.002068296,0.0057168007,0.00344624,-0.0027117878,0.00067959353,0.0026976764,-0.0022820886,-0.0048248023,0.001474522,-0.00316035,0.003128063,-0.0009816885,-0.0036288202,-0.0010655308,0.0012095938,-0.008293927,0.0006922111,-0.003105186,-0.00040648133,0.0005099401,-0.001296971,0.006338887,-0.00143525,0.00023871288,PkC_ss
9.8215416e-05,-0.00134895,0.002941236,0.00028015673,5.9388578e-05,-0.0033028014,0.0039346367,0.003517218,0.0033108406,-0.0025751442,0.00070914626,0.0056897625,-0.0028856304,-0.00036273897,-4.7154725e-05,-0.0018179901,-0.0008354988,0.0003022179,0.0007057786,0.00039664377,0.0015951502,-0.005404353,0.00069563463,-0.0027214363,0.0028675795,0.0059534386,-0.0024485588,0.0020922627,0.0029263124,0.0008530244,PkC_ss
0.00045772642,0.008075915,-0.007862404,-0.008128926,0.0012814589,-0.0057538934,-0.009364352,0.0018471554,-0.0058463328,-0.0030873418,0.009167217,0.001977019,-0.012002343,0.0017321259,-0.006304655,0.0028362758,0.005912455,-0.015667453,-0.008268371,0.010321608,0.004531221,-0.006091982,-0.002181232,-0.0031045824,0.0043152273,-0.010291137,0.0016262792,0.011531118,-0.009060934,0.001243528,PkC_cs
-0.0018492602,0.0036707297,-0.0057289004,0.0014088005,-0.0010220334,-0.0075986795,-0.008564398,-0.0034427121,-0.0055371933,0.008305058,0.00043983385,-0.004272282,-0.00448565,-0.004578717,-0.017173856,-0.0039194897,-0.00464624,-0.014399968,-0.016268186,0.011936869,-0.004236423,-0.0016499385,-0.001534041,0.003436692,-0.0063450783,-0.014936455,0.015688982,-0.0007609837,-0.013490908,-0.0016286708,PkC_cs
-0.0022458136,0.00095329434,0.0063483715,0.001089707,0.0022718199,-0.0035631135,0.0052579045,0.0004708171,0.0044326,-0.0040986687,-0.0040095635,0.0055602416,-0.0029755738,-0.0002442822,0.00115069,-0.001348652,-0.00021682493,0.00062004477,0.0022843927,-0.000660005,-0.00037618214,-0.006881252,-0.0006294027,-0.0024959818,0.0054071546,0.008123569,-0.0061546937,0.00046012178,0.0019126311,-0.00054647774,PkC_ss
1.2202188e-05,0.001624696,-0.0023837239,-0.0029073805,-0.00022264943,-0.008520879,-0.007902116,0.0049557537,-0.00057338923,-0.002956599,0.0042996593,0.0045939684,-0.00885872,-0.0002794601,-0.0021777302,0.00095908716,0.0018110238,-0.0076619983,-0.0040296763,0.009628093,0.0060382816,-0.0042657554,-0.0065832846,-0.00052358955,0.0022267774,0.0006997362,-0.0003463067,0.005914718,8.024275e-05,0.005046703,PkC_cs
-0.0026602373,-7.726997e-05,0.0033249408,-0.0019495636,0.0007946938,-0.0033151135,0.0036512017,0.0056442916,0.0015785694,-0.004807785,-0.0033536628,0.0036100447,-0.0014710558,-0.0029362775,0.002733633,-0.0041326247,-0.00014312565,0.00024613738,-0.005230561,-0.0006731944,0.0015037428,-0.006422654,0.00145844,-0.0030744746,0.0049245507,0.0045879707,-0.0048721693,0.004579557,0.0023628399,0.002142761,MFB
-0.0008796565,-0.0025004745,0.010132447,0.002763167,0.0010126941,-0.0031827837,0.008676171,-9.151548e-05,0.00557933,-0.0052191317,-0.004344322,0.006121166,-0.002156211,0.0019179955,0.004271537,0.0010088272,0.00079366565,0.004096769,0.0060192794,-0.0027540484,0.00037286757,-0.005671181,-0.00022344291,-0.00087157637,0.007417187,0.012857832,-0.008875966,-0.0032124761,0.004451677,-0.0007848926,MFB
0.00215704,0.0004049465,0.008371696,0.0017973185,0.00058834255,-0.0012595691,0.011008002,-0.003465958,0.010060497,-0.006981194,-0.008449692,0.0035177246,0.0011293682,-0.0030491203,0.0065098554,-0.0054402314,-0.0031501893,0.0045358688,0.0044680536,-0.0011357693,0.0007974985,-0.002435878,0.00091719255,-0.0015922934,0.002342157,0.007380955,-0.007920828,-0.002850987,0.0027489886,-0.0040067732,MFB
0.00016258098,-0.004422024,0.008279756,0.00065107644,-0.00021186844,-0.0019689575,0.008608654,-0.0013967082,0.0062792525,-0.008309945,-0.0045486204,0.0057635903,-0.0014363808,0.0005952716,0.005097598,0.0012089126,0.00034974515,0.0069619864,0.003978029,-0.0015399745,0.0010420526,-0.0043089464,-0.00064026937,-0.0025809854,0.007878676,0.01043579,-0.007948771,-0.0009096768,0.0045082197,-0.00025567412,MLI
-6.728247e-05,-0.0064521655,-0.0008393675,-0.0010668784,-0.0007646084,-0.007572405,-0.0054747164,0.0047484785,-0.002324365,-0.0023552775,-0.0019152015,0.0017559901,-0.0021971297,0.0011448115,0.003556326,0.0018005818,-0.0019394662,-0.0003836453,-0.0012750477,0.0013970239,0.0044265273,-0.0009394735,-0.0018937327,-0.0015069321,0.0048350096,0.007894121,-0.0023424216,0.002276091,0.0052735507,0.007011924,PkC_cs
-0.00540369,-0.0027287826,-0.012894049,-0.005625412,-0.0019676983,0.004680898,0.010657378,0.012343936,-0.0051430613,-0.010966539,-0.0051996745,0.006982796,-0.0007488859,0.008996911,0.0018533021,0.005594343,0.013726363,0.0071737543,-0.00034241378,0.011579904,0.0030270373,0.008987043,-0.001622472,-0.0046173707,0.009378031,-0.0018391684,-0.0011835545,-0.011851549,0.0037512854,-0.004379876,PkC_ss
0.0012904368,-0.0035330504,0.00824672,-2.6747584e-05,0.0011091083,-0.001104258,0.010286227,-0.0009872839,0.0063554347,-0.007902563,-0.0031115748,0.0053558946,-0.00129289,0.00014863163,0.0042384192,0.0010788217,0.00016362965,0.0064525306,0.0042901486,-0.0010605259,0.0019687652,-0.0037013441,-0.0007571466,-0.0015093386,0.0063353106,0.010108538,-0.008266587,-0.0024024071,0.0054079667,-0.0014227182,MLI
0.015349913,0.013323642,-0.004774794,0.0025274903,0.00011901185,-0.0062285177,-0.010144904,-0.0013564155,-0.009843882,0.02139166,-0.00061437115,-0.023466244,0.0049759913,-0.008202329,-0.011522956,-7.9117715e-05,-0.024265172,-0.026733741,-0.020125732,0.016960744,-0.012654278,0.012569308,0.002222415,0.00504224,-0.011800215,-0.009182833,0.020103592,-0.001293039,-0.02597443,0.014758285,PkC_cs
0.000105727464,-0.0036647841,-0.009052947,-0.0011194199,0.0007283576,-0.00833974,-0.008536413,-0.0007446036,-0.0084828995,0.006369829,-0.00787662,-0.011508882,-0.0036678147,-0.003881652,-0.01063811,-0.0003096871,-0.01719764,-0.011105828,-0.014967233,0.016507778,-0.002801701,-0.0005385019,-0.009380404,0.01255887,0.001680769,-0.008435436,0.010465469,0.01034672,-0.0067604557,0.004765913,PkC_cs
-0.00036751106,-0.004986562,0.0057493895,0.0030187964,-0.00057741255,-0.0029760785,0.005901888,0.00197462,0.0074116737,-0.002955377,-0.003143642,0.008232892,0.0012733507,-0.002240587,0.005025044,-0.003332559,-0.0038398225,0.008773848,0.00013333559,0.000102777965,0.0039784773,-0.0037554651,-0.0021529756,0.0034000576,0.0027658492,0.0058555007,-0.004193116,-0.0035165548,0.0023817793,0.0037503578,PkC_ss
-0.0004778765,-0.0052397773,0.0040558726,0.001973629,-0.00030740723,-0.0021286346,0.005783394,0.0030355677,0.005740747,-0.0038039237,-0.0034991018,0.007956684,0.0016203689,-0.0025945902,0.0050714016,-0.0038183443,-0.0043440964,0.008520015,-0.0010579824,-0.00056855474,0.004213938,-0.0046045557,-0.000960391,0.003486991,0.0035122633,0.005489558,-0.00439623,-0.0015095295,0.002581574,0.0032878146,PkC_ss
0.0026917625,-0.0041284263,-0.007215664,-0.0047267526,-0.0015004389,-0.007246185,-0.010113612,0.001921393,-0.005038295,-0.004854262,0.007919665,0.0048774853,-0.007846216,0.003501825,-0.0044441,0.00485776,0.001505021,-0.0043996274,-0.0046164542,0.009559136,0.0068699024,-0.001674749,-0.005171187,0.0021004453,0.0038792714,-0.003752105,0.002781313,0.0064731967,-0.0034096912,0.0064721107,PkC_cs
-0.00036628172,-0.0054338276,0.005054325,0.002275899,-0.00010994449,-0.0026054718,0.00583829,0.0022399053,0.005880326,-0.0037479252,-0.0042917766,0.007475376,0.0020517427,-0.0024273098,0.0059307814,-0.0030875988,-0.0043944847,0.008791134,-0.0004478246,-0.0008140737,0.004253521,-0.0044519007,-0.0012732483,0.0037964433,0.003991753,0.0059673935,-0.004874211,-0.00211641,0.0019708574,0.0032561198,PkC_ss
-0.0015280284,0.007225059,-0.0060368627,-0.002739936,0.00013205409,-0.009037659,-0.0079841465,0.007164903,0.0014203936,-0.0031561702,0.010117337,0.009870242,-0.01300293,-0.0011120066,-0.008806601,-0.0017191283,0.00015095994,-0.010424674,-0.0080895275,0.0142099485,0.0057399995,-0.006898433,-0.007021431,0.00029845536,-0.0005990118,-0.0029947981,0.0023450293,0.009290345,-0.0053268746,0.009081382,PkC_cs
-0.0002100952,-0.005166076,0.0060976595,0.0036453605,-0.00015996397,-0.0026896931,0.006564811,0.0011409745,0.0078062713,-0.0035859048,-0.003916472,0.00875029,0.002194332,-0.0027949326,0.0062336028,-0.0027085282,-0.0038814228,0.009401478,0.0008492917,-0.00020166021,0.0041894144,-0.00354594,-0.002214361,0.0036912858,0.002624333,0.0063041225,-0.0045015253,-0.0043780208,0.0016777441,0.0030338801,PkC_ss
0.00034048967,-0.005035639,0.006078154,0.0027158707,4.2896718e-05,-0.0028279051,0.0073126405,0.0016362071,0.008531801,-0.004577741,-0.0029385388,0.00887844,0.0021092314,-0.0030083358,0.005131811,-0.0030692816,-0.0034006145,0.00999786,0.0004119575,0.0003052568,0.0048049125,-0.0033976063,-0.0024241768,0.0031518862,0.002289623,0.006284781,-0.004430674,-0.004662605,0.00256671,0.0027844757,PkC_ss
0.0013744943,0.006683223,-0.007420391,0.0022025555,-0.001368057,-0.0063301697,-0.010644063,-0.0029386356,-0.006415587,0.008521646,-0.007947002,-0.011212021,-0.004039174,-0.0064385906,-0.015550703,-0.00398957,-0.021426873,-0.018496037,-0.013499305,0.020042308,-0.008152524,-0.0004152879,-0.0071835034,0.013443284,-0.0035278052,-0.007448986,0.0113608055,0.008216029,-0.014648624,0.008443899,PkC_cs
0.0009678006,-0.0058770925,-0.000921607,-0.0014034212,-0.0016617551,-0.009414714,-0.0053965,0.0066573396,-0.0010215491,-0.0022087991,0.0019249506,0.0057305098,-0.0025915485,-0.0003298372,0.0012657717,-0.0004918687,-0.005382931,0.0017841682,-0.0031936914,0.0038386649,0.0077329553,-0.00021221861,-0.0052646585,0.0047071204,0.00045117736,0.0051577836,-0.0018408336,-0.00014677458,0.0032388791,0.010374434,PkC_cs
-0.00091657415,-0.0035400465,0.0012589395,0.00042127073,9.466708e-05,-0.0036174022,0.0030592382,0.004610054,0.003822852,-0.0027166903,-0.0020805337,0.0070879012,3.5697478e-05,-0.0031560436,0.003178522,-0.0054492764,-0.0050176363,0.0053593665,-0.0036019087,0.00039879698,0.0045716497,-0.0049765334,-0.0009409152,0.0022485927,0.0016793162,0.002772607,-0.0025164373,0.0017693806,0.0018038303,0.0037021898,PkC_ss
0.0064359754,-0.014471352,-0.016530037,-0.006412253,0.005795907,-0.00943955,0.0004054755,0.0023967102,-0.011276543,0.0009832084,-0.0011015199,-0.008438893,-0.0031786803,-0.0017430186,-0.016023442,0.0025021173,-0.0144599285,-0.010232903,-0.022593074,0.02385484,-0.0028443686,0.0092841685,-0.0151898,0.0142678395,0.0051283985,-0.008791842,0.01188368,0.0056839064,0.0013689324,0.004422214,PkC_cs
8.695945e-05,-0.0060765,0.0049485117,0.0027766228,9.3884766e-05,-0.0020495988,0.0074682385,0.0013179034,0.0071572736,-0.004560232,-0.003944073,0.00831233,0.0026639272,-0.0022628494,0.0058745146,-0.0024771504,-0.004579587,0.010237649,0.0007853657,-0.0001491541,0.004468744,-0.0030516833,-0.0020200945,0.004414022,0.0038899928,0.006829612,-0.005264029,-0.0038407175,0.0028880164,0.002689369,PkC_ss
0.0054203067,-0.0021481812,-0.008907676,-0.005540982,-0.00040000677,-0.0024993718,-0.0046883225,0.0003511533,-0.00157924,-0.0022820383,0.011926662,0.0070024356,-0.007248042,-0.0007427074,-0.0061700493,-0.0035068616,-0.0017728601,-0.0048900843,-0.009630889,0.015031214,0.0020578424,0.00095008314,-0.005439911,0.0069224164,-0.005412996,-0.008397765,0.0044737235,0.00569742,-0.008818477,0.00085235015,PkC_cs
0.00032185018,-0.006348923,0.005035639,0.0024096817,0.0009506643,-0.0016682632,0.010444656,-3.6247075e-05,0.0083564,-0.006162375,-0.0034380332,0.009705596,0.003132278,-0.0020020232,0.0054509416,-0.0036609955,-0.0045281965,0.011133909,0.00029206276,0.0004602885,0.0039806343,-0.0019855052,-0.0027614497,0.006251134,0.004922241,0.0066660494,-0.007762369,-0.0043230243,0.002925545,0.00022909045,PkC_ss
6.0105696e-05,0.0020304546,-0.0073973835,-0.0026919693,0.0015621446,-0.0075360015,-0.00470528,-0.0035117194,-0.004735671,-0.0005735606,0.002266448,-0.0007318929,-0.0012928528,-0.0040604956,-0.011090688,1.4845282e-05,-0.007881945,-0.0070186406,-0.014577702,0.009878634,-0.0030783569,-0.00027686357,0.0030525737,-0.0016988069,-0.004632205,-0.006593585,0.008208107,0.0053059757,-0.012921482,0.0027467608,PkC_cs
-0.00017317757,-0.005191572,0.0054780394,0.0032083988,-0.0003737919,-0.0027998276,0.005996391,0.0016472191,0.0069487244,-0.0032740384,-0.0035034493,0.008254431,0.0016716662,-0.0020905845,0.0057197437,-0.002825264,-0.003595924,0.008983932,0.00039219856,-0.0005707266,0.003896223,-0.0037841722,-0.0018863976,0.0034854338,0.0031493157,0.005586408,-0.004181307,-0.0034228656,0.0018521398,0.0031543002,PkC_ss
0.0022041462,0.0024462193,-0.009780526,-0.004531756,-0.00076296553,-0.004939221,-0.011735067,-0.0025909021,-0.0035312138,-0.0059387386,0.01170801,0.008022301,-0.0109846275,0.001182586,-0.0073722526,0.002130326,0.0035375413,-0.009670317,-0.0037698299,0.012608958,0.00532685,-0.004593022,-0.0063327514,0.004277751,-7.175654e-05,-0.010504745,0.0040476248,0.010100102,-0.011066906,0.00067511946,PkC_cs
-0.0007155463,-0.0048890784,0.0057998896,0.0024141818,-0.00072357804,-0.0030476823,0.0056937784,0.0029524192,0.007283494,-0.0027417243,-0.0023287646,0.008091591,0.00095477875,-0.0026927143,0.0039772987,-0.0041806214,-0.0039373618,0.007903263,-0.0019092411,0.00037752744,0.0034992057,-0.0038779527,-0.0016873069,0.003129609,0.002649136,0.00592608,-0.0042287447,-0.0026856232,0.0028008893,0.0045794994,PkC_ss
-0.005485311,0.0076746866,-0.013223872,-0.0045102835,0.0037505813,-0.009229746,-0.0032105297,0.0060261115,-0.006463375,0.003116712,0.010234494,0.0007305071,-0.010061154,0.008596595,-0.015175384,0.005906664,0.0019485634,-0.012805507,-0.0092693865,0.017166488,0.0006086691,-0.0010940433,-0.0043836124,-0.002173625,0.0023235828,-0.0074468628,0.009339303,0.010314722,-0.010790847,0.00902421,PkC_cs
-0.0008088164,-0.004440956,0.0058210343,0.0026391745,-0.0009248927,-0.002754964,0.0052369535,0.0027385578,0.0073122755,-0.0027370602,-0.0026758537,0.008062907,0.000766741,-0.0025837533,0.0042732656,-0.0042394027,-0.0037887823,0.008043043,-0.0010779202,0.00040041003,0.0036343127,-0.003974527,-0.0019109733,0.003413096,0.002502948,0.0057400167,-0.004417252,-0.0029165037,0.0027451143,0.004407596,PkC_ss
-0.00075124577,-0.004241191,0.0022583604,0.00095017254,0.00017915666,-0.0031652153,0.004201472,0.0036863163,0.0042042173,-0.002973318,-0.0029640198,0.007164374,0.0007427054,-0.0027885176,0.004383594,-0.004656989,-0.005041966,0.0066172034,-0.0021750778,-8.365605e-05,0.004564786,-0.0043749064,-0.0009244159,0.0024775416,0.0022428632,0.0039352253,-0.0032283962,9.0017915e-05,0.0019648075,0.0034367815,PkC_ss
-0.0007495433,-0.006903611,-0.0029869378,6.6921115e-05,-0.00017926842,-0.007877223,-0.0032233,0.0072822943,-0.0010979176,-0.001452446,-0.0015034862,0.0059408396,-0.00051837985,-0.000500679,0.0028612316,-0.0024225228,-0.007015897,0.0038070679,-0.004446298,0.0024111336,0.006154738,-0.0017311946,-0.003473375,0.0046698377,0.0025721788,0.0051483437,-0.0017120428,0.0017328337,0.0028321669,0.009288199,PkC_cs
-1.3098121e-05,-0.005486794,0.0046941787,0.0026991516,0.0006140545,-0.0027825683,0.0073919147,0.0009858385,0.0069069043,-0.0044068545,-0.0033170618,0.008677639,0.0021366943,-0.0021865927,0.006453693,-0.0024396963,-0.003548516,0.009412214,-6.3851476e-05,-0.00024028216,0.0045457273,-0.0037047192,-0.0021565296,0.0041891932,0.0043646246,0.005219914,-0.0051522255,-0.0028123306,0.00120157,0.0015428439,PkC_ss
-0.0010728464,-0.009676389,3.0830503e-05,0.002397105,-0.0011383444,-0.005830936,-0.0014781952,0.0052189007,0.0003651902,-0.0014542341,-0.00413125,0.0055215955,0.0028196666,-0.0008557774,0.0060464516,-0.0024090037,-0.0075170975,0.0077795535,-0.0027159005,-0.0013312595,0.005602473,-0.0009097606,-0.001729209,0.0051379725,0.0029436052,0.006872833,-0.0025034286,-9.231083e-05,0.0041769743,0.009185538,PkC_cs
0.0031658616,-0.01632256,-0.019083396,-0.011714935,0.009589467,-0.010422066,0.0068089515,0.00286562,-0.0085328445,-0.00802052,0.0063901097,0.0026697665,-0.0043068063,0.0026233122,-0.008246675,0.0052244924,-0.0024945084,0.0028254613,-0.021044008,0.014950838,0.0026167086,0.008515336,-0.0071015246,-0.0022488758,0.004755594,-0.008555971,0.0079359,0.005462339,0.0013115555,-0.0022312142,PkC_cs
0.00054616295,-0.0044964626,0.0055923015,0.0019137114,-1.5381724e-05,-0.0030949414,0.005483091,0.0025113747,0.0065340996,-0.0042324364,-0.0029745065,0.0080552995,0.0017980131,-0.0027598068,0.0048407465,-0.00343455,-0.0045748595,0.0090647265,0.00042064488,-0.00039035734,0.0045212614,-0.004000455,-0.0014230274,0.0029792488,0.0019774884,0.0071570054,-0.0051717125,-0.0031095194,0.0027509183,0.0031771176,PkC_ss
0.0026976224,0.0077214167,-0.00803262,0.0017627329,-0.0022254325,-0.004797913,-0.011407241,-0.004455395,-0.006391883,0.0064865053,-0.007364385,-0.011443913,-0.0047846828,-0.005072944,-0.016988967,-0.0029117651,-0.018999899,-0.016731918,-0.012565747,0.01894208,-0.008766832,-0.003560096,-0.005630683,0.012040898,-0.002081737,-0.010586388,0.012766678,0.010796661,-0.016536541,0.0063838847,PkC_cs
-0.00022963062,-0.0055853724,0.0044307113,0.0026463717,0.00023706257,-0.002332203,0.006386921,0.0018153414,0.00654348,-0.004342586,-0.0034476742,0.008597195,0.0018466729,-0.0020079762,0.0054568797,-0.0020836554,-0.0037937853,0.009652458,0.0005373806,-0.00065886136,0.004138117,-0.0038667768,-0.0018160306,0.0032802299,0.003844276,0.006371148,-0.004553873,-0.0031313477,0.0024372786,0.0027305596,PkC_ss
-0.0022839345,-0.00038105994,-0.010836646,-0.00399369,0.0040226765,-0.011011001,-0.0040587336,-0.0015768483,-0.0063407943,-0.0025390089,7.4442476e-05,-1.232326e-05,-0.007833427,-0.00028954074,-0.0151636,-0.00013823435,-0.0067192335,-0.00950668,-0.017878443,0.02021229,-0.0031499476,-0.0002009198,-0.008425444,0.004044153,0.0021671131,-0.0101398155,0.0077991597,0.009860413,-0.010119244,0.004454486,PkC_cs
0.007645486,0.015373893,-0.0021692812,0.0034361184,-0.0047427006,-0.0044712164,-0.017182365,-0.0032135323,-0.00908348,0.016794533,-0.0064106137,-0.019883156,0.002608182,-0.01151292,-0.014456615,-0.00602537,-0.026650934,-0.026662096,-0.01684001,0.018140193,-0.01027808,0.0059628114,0.0010570623,0.011447348,-0.013673693,-0.008312918,0.014498822,0.002563417,-0.02255518,0.015678901,PkC_cs
0.00046649575,-0.0054384246,0.004775539,0.0010263771,0.0003809668,-0.002522491,0.0059244484,0.0021911785,0.0057559833,-0.0048488975,-0.0030129552,0.008235589,0.0021794606,-0.002937846,0.0054830536,-0.0035126172,-0.0048083086,0.009542346,-6.8604946e-05,-0.00032802578,0.0047514956,-0.0037947372,-0.0014403984,0.0036369488,0.0027542412,0.006895654,-0.0059082545,-0.0027601682,0.0024508685,0.0022822544,PkC_ss
0.002311349,0.0007631406,-0.0064187795,-0.005369395,-0.00047651306,-0.0047331117,-0.008549586,0.0015551597,-0.004416585,-0.004045248,0.011390585,0.007891662,-0.01164352,0.0011110902,-0.008114271,-0.00065309927,0.0021351464,-0.007554725,-0.008266196,0.0141976625,0.0033017318,-0.003845565,-0.0050875917,0.0032257438,-0.0020382851,-0.0065280274,0.00330526,0.006862933,-0.0070513412,0.005318098,PkC_cs
0.0002555009,-0.0051065013,0.0031742007,0.0011895448,0.0003467314,-0.0024229959,0.0058274567,0.0036661997,0.00561893,-0.003976822,-0.0024629943,0.007987604,0.0014513823,-0.002471745,0.0041574314,-0.0038440526,-0.004524572,0.0086064935,-0.0013455153,8.486491e-05,0.004304975,-0.004191041,-0.0011880659,0.0030738264,0.0031960607,0.0057374164,-0.004192423,-0.0016548904,0.0030500293,0.002965793,PkC_ss
-0.0016912483,-0.00081171095,-0.0043322593,-0.0012285858,-0.00080948696,-0.0070585087,-0.008821234,0.004183218,-0.0020295605,-0.00060912967,0.0068756305,0.006981924,-0.008606905,0.002380047,-0.005447056,0.0038356446,-0.0016911495,-0.0056495965,-0.0014062077,0.007921798,0.0064371857,-0.0058397204,-0.0055047907,0.0029087812,0.0030840188,0.0012127161,0.0010202229,0.0069235135,-0.0020039454,0.0076555535,PkC_cs
-0.00014667585,-0.005011052,0.005267307,0.0029612035,-0.00018040463,-0.0028518029,0.0060256273,0.0017038956,0.0070359036,-0.0038118958,-0.0033564158,0.0085611865,0.0013187173,-0.002097901,0.0055348575,-0.0025946759,-0.0033345278,0.0090954825,0.0006816238,-0.00042455923,0.004056066,-0.0042215064,-0.0020427145,0.0031342208,0.0032960847,0.005769737,-0.0042265058,-0.0032092882,0.0018458962,0.002819147,PkC_ss
-0.0011896454,0.0042077973,0.0009663701,-0.0010370761,0.0012074225,-0.0032914877,0.00024554133,0.0030319989,0.0028341487,-0.00031600893,0.0010354482,0.0042261034,-0.00426439,-0.0031296313,-0.0009130165,-0.0044233613,-0.0026885848,-0.003605947,-0.0016859621,0.003893016,0.002456199,-0.0054834783,-0.00054141507,-0.004178129,-0.0014597028,0.0019185692,-0.0019065142,0.005787717,0.0014413744,0.00033273548,MFB
0.0026453845,0.004504457,-0.009289771,0.0019123405,-0.0027242042,-0.0043717176,-0.011661261,-0.0031580403,-0.0066794977,0.008869648,-0.0065962076,-0.012398496,-0.001808474,-0.0068602115,-0.016550522,-0.0005145483,-0.021036824,-0.017521739,-0.013787791,0.020779442,-0.0076904106,0.00018236414,-0.007085778,0.014165379,-0.0013244152,-0.007612221,0.013919294,0.006809054,-0.015452169,0.00832542,PkC_cs
-0.0003184043,-0.0053185597,0.005244136,0.003227681,5.0816685e-05,-0.0024019592,0.006414205,0.0012452304,0.006524645,-0.003944844,-0.003973786,0.008436009,0.0026595537,-0.0024548285,0.0064541698,-0.0022653043,-0.0034569483,0.009364903,5.492568e-05,-0.0009260224,0.0041697766,-0.004166104,-0.001446981,0.004071273,0.0041861087,0.005610019,-0.004668176,-0.0034928545,0.0008772388,0.0024757609,PkC_ss
0.0001981724,-0.0072037727,-0.003342837,-0.0023219734,-0.0004984848,-0.0103977695,-0.005279824,0.0072968677,-0.0018015169,-0.002858594,0.0026061945,0.0060410053,-0.0036380496,0.0010948032,0.0004188642,0.00056243315,-0.0047454853,0.0015006363,-0.0033625811,0.0050256234,0.008473115,-0.00092759356,-0.0060223937,0.0041495115,0.0030497909,0.005011648,-0.0015136041,0.0020864215,0.0034571514,0.010308709,PkC_cs
-0.00039733946,-0.0048049763,0.003407672,0.000751853,-0.00037574768,-0.0028916076,0.00328736,0.0041211694,0.004791409,-0.003098011,-0.0030900687,0.0066685155,0.001004571,-0.0029553473,0.00393945,-0.0052357353,-0.00475177,0.007680081,-0.002171129,0.00021025632,0.0048555653,-0.0046930388,-0.0013519116,0.003364034,0.0025285184,0.0046125576,-0.0037705041,-0.0006674025,0.0032312348,0.0038346238,PkC_ss
-0.00011648983,-0.003915094,-0.008566767,-0.0020510405,0.0014938563,-0.010168109,-0.007836431,0.0003548488,-0.010115102,0.005246818,-0.006967202,-0.009480104,-0.0040086154,-0.0017321855,-0.011236653,-0.00014710799,-0.015596455,-0.009687319,-0.016478255,0.016494198,-0.0027633295,0.0001093857,-0.008987885,0.011647351,0.0032152236,-0.0073577985,0.00920159,0.0075821932,-0.0075745657,0.008033685,PkC_cs
-0.00082713366,-0.004250057,0.0047608763,0.0025445074,-0.0008469336,-0.003989201,0.003922671,0.0034886822,0.0059442967,-0.0015892684,-0.0028125383,0.0071841255,0.0004923808,-0.0027355663,0.004754305,-0.0044865757,-0.0045318883,0.006310351,-0.0027802438,3.412459e-05,0.003740545,-0.004116386,-0.0017267317,0.0033926442,0.0022521392,0.0041981265,-0.0035460293,-0.0008429382,0.002093397,0.004733093,PkC_ss
-0.0007620938,-0.0044843554,0.005551636,0.003154382,-0.00051638857,-0.0029341877,0.0051274747,0.0020124763,0.0065607578,-0.0023988038,-0.0037011877,0.007802002,0.0017512607,-0.0028074495,0.0059387684,-0.003684122,-0.004383778,0.008052342,-0.00052441657,-0.00040072482,0.0041212956,-0.0039481744,-0.0015034042,0.00367786,0.002423957,0.0053804293,-0.0042229556,-0.002876332,0.0013738051,0.0036410466,PkC_ss
0.0043723304,0.0036139041,-0.009858981,-0.0067696422,0.00028091297,-0.001357317,-0.006480217,-0.00034164637,-0.0040613897,0.00070014596,0.010924529,0.0038789064,-0.0052427035,-0.0014109053,-0.007721767,-0.0047396123,-0.0067650173,-0.008835271,-0.0118753165,0.016332524,0.0012360173,0.0010988414,-0.0018677153,0.008100823,-0.0073732436,-0.009608217,0.0036220886,0.0076611917,-0.014954619,0.0043810047,PkC_cs
-0.0023772046,0.0069586784,0.004919067,-0.004258141,-0.00092872605,-0.00034284592,-0.000800401,0.0014714152,0.0048090257,-0.008606344,-0.005106438,0.0025562197,-0.001217371,-0.0060460567,0.0077460334,0.0005857162,0.0005870182,0.0029717386,0.0019349903,-0.0004380783,0.005477778,-0.0111314505,0.00051562116,-0.006314151,0.0032556206,0.0021347776,-0.0052202456,0.008807555,-0.0060581565,-0.0038637072,MFB
-0.00015829131,-0.0048850104,0.0037626177,0.0015047044,0.00020460412,-0.0027702674,0.005795911,0.0032105371,0.0056095496,-0.0036502033,-0.0034550317,0.00786908,0.0013309735,-0.0026903525,0.005206704,-0.0037127137,-0.0047660004,0.008220702,-0.0010147542,-0.00020630378,0.004390299,-0.0044297427,-0.0011260547,0.0026857257,0.003015548,0.0056341663,-0.00411072,-0.0016566617,0.0021201745,0.0032109804,PkC_ss
0.0040025245,0.00012387335,-0.0082004815,-0.005720392,-6.6533685e-06,-0.0021433905,-0.0036418587,-0.003010057,-0.0025931597,-0.0026028603,0.011275452,0.006887585,-0.008549737,-0.00041314214,-0.008211825,-0.0035806336,-0.0038046874,-0.006556347,-0.011042029,0.016585756,0.00037279492,0.001566533,-0.0058462694,0.0077705234,-0.0061294883,-0.009720989,0.0027405433,0.0074189734,-0.009857804,0.0006767884,PkC_cs
-0.00016202778,-0.005871594,0.005431235,0.0033111423,0.0001575537,-0.002133362,0.007134065,0.0008284375,0.0076456964,-0.005130142,-0.0038858578,0.009327829,0.0026891325,-0.0026533268,0.0062023774,-0.0018693954,-0.0036799703,0.0106781125,0.0012828857,-0.000542826,0.0044162287,-0.0034777522,-0.0021283068,0.0039557666,0.003653802,0.007155113,-0.0050800443,-0.0048524877,0.0019249395,0.0025552846,PkC_ss
0.001552172,-0.01659026,-0.020194389,-0.010929242,0.010035653,-0.010652162,0.005578339,0.0024161264,-0.007567536,-0.0092408955,0.0063856468,0.0036142617,-0.005913412,0.002337128,-0.00951406,0.005449876,-0.00092909485,0.0010345876,-0.022175252,0.018893741,0.0018301853,0.009597417,-0.010963019,-0.00086693466,0.005480811,-0.008850224,0.0076217465,0.00703595,0.0028869733,-0.0019120276,PkC_cs
-0.00081542507,-0.004376255,0.0058311373,0.0026897788,-0.0008193515,-0.0026196502,0.005550042,0.0026836619,0.0074313506,-0.0027387142,-0.0026151352,0.008133553,0.00070452865,-0.002503559,0.004106842,-0.0042263865,-0.003750762,0.008010238,-0.00088337064,0.00041372422,0.0036019306,-0.004061073,-0.0018645339,0.0033927932,0.0024854913,0.005763687,-0.004374262,-0.0029419465,0.002779752,0.0043193027,PkC_ss
0.00026367232,-0.0096782,-0.0038781315,-0.000992015,-0.0014402829,-0.010620102,-0.004705876,0.00716155,-0.0015216991,-0.002217263,0.0021284297,0.0073764846,-0.0027383957,0.0010141507,0.0018178821,0.0010524429,-0.005157886,0.0030450076,-0.004141405,0.005842502,0.008872269,0.001178164,-0.006810952,0.0044772923,0.0029158667,0.004388109,-4.370138e-05,8.117594e-05,0.0038509741,0.011171408,PkC_cs
-0.0004235655,-0.0041654035,0.0048318356,0.0021229833,-0.0006527491,-0.003141839,0.0046143085,0.003018178,0.006203018,-0.0021665692,-0.002626188,0.0072176233,0.0010477918,-0.002731841,0.0045710877,-0.0044461824,-0.004479805,0.007247716,-0.0016211867,-4.78616e-05,0.003909863,-0.003916569,-0.0013313107,0.00322821,0.0021073148,0.0047619417,-0.0038602725,-0.0018559536,0.0021528676,0.0039469227,PkC_ss
0.0018934347,0.007213399,-0.012273595,-0.007025078,0.0010147579,-0.0016765073,-0.013355464,-0.002544202,-0.007766396,0.004320428,0.008240726,-0.0015991479,-0.00266763,0.00039029494,-0.011000603,-0.00084722415,-0.008369429,-0.01216013,-0.006488934,0.013094684,0.0032008006,-0.0015857592,-0.001281444,0.008661695,-0.0059155375,-0.012463503,0.006213654,0.010383988,-0.018112324,0.003231559,PkC_cs
-5.939603e-05,-0.0063870177,0.0061036795,0.002793029,-6.207079e-05,-0.0020138063,0.008248463,0.0010338202,0.007288605,-0.0048126876,-0.0035008527,0.009136729,0.002881201,-0.0023270994,0.0061959177,-0.003200587,-0.003750626,0.010127351,-0.0010504127,-1.9817613e-05,0.00356093,-0.003059961,-0.0019062199,0.005149424,0.0047751665,0.006331779,-0.006441951,-0.0036035283,0.0017089918,0.002652958,PkC_ss
6.438419e-05,-0.0072417185,-0.003981352,-0.00020201504,-0.0013022535,-0.010012019,-0.0056017786,0.0064815283,-0.0014509037,-0.002210468,0.0031383,0.007733837,-0.0019603688,-0.00019841269,0.00022023916,1.6890466e-05,-0.004152382,0.0013891235,-0.005009815,0.005899065,0.008029932,-0.00053339824,-0.005973045,0.006320104,0.002492264,0.0028463379,-2.1010637e-05,0.00032461993,0.0011117384,0.010227598,PkC_cs
0.0036825817,3.0137599e-05,-0.0071944743,-0.00428313,-0.001798328,-0.004040204,-0.009650499,0.0006862283,-0.003917642,-0.003993362,0.011310328,0.006211832,-0.010966318,0.0019384883,-0.0060654096,0.00087762997,0.0033541974,-0.007388301,-0.0065799505,0.011374524,0.004100028,-0.0027985647,-0.0045477673,0.0037475228,-0.0010282248,-0.008620895,0.0043591745,0.007330859,-0.006570056,0.003162831,PkC_cs
7.53738e-05,-0.006458074,0.0024684817,0.0018596798,0.0010261275,-0.0015937425,0.008067876,0.0014670566,0.0062418655,-0.0061531067,-0.003216792,0.0093152225,0.0029918496,-0.0027646571,0.00570637,-0.0035721958,-0.00318457,0.01002194,-0.0016562343,5.937647e-05,0.004287924,-0.0037080348,-0.0015706196,0.004682921,0.0053512454,0.0044476166,-0.0051476955,-0.0020434847,0.001712516,0.00083617866,MLI
-0.0006931387,-0.00402198,0.002111137,0.00050775707,9.294972e-05,-0.0032102317,0.004142523,0.0038752258,0.0042227805,-0.0031926632,-0.0027807094,0.007187642,0.00026075717,-0.0029046424,0.0040862933,-0.0050638653,-0.005089985,0.0063102394,-0.0021761805,0.00029756594,0.0047869324,-0.0045882463,-0.0010743625,0.002473615,0.0020759702,0.0037441552,-0.0034296103,0.00049557723,0.002203457,0.0033226311,PkC_ss
-0.0011022463,-0.0033029243,-0.001530841,-8.742511e-05,-0.0012391582,-0.009660214,-0.006030664,0.0063638166,-0.00075414404,-0.0006482899,0.0010542497,0.00579077,-0.0031394344,-0.00049195066,0.0014079139,-0.0004848279,-0.00538628,-0.00014706701,-0.004206136,0.0039793914,0.0071792,-0.0016855076,-0.0047354773,0.0030137524,0.0007158965,0.0033751652,-0.00049065426,0.0022612978,0.0007472262,0.010885149,PkC_cs
-0.0013148151,-0.012413226,-0.00048050284,0.0009870529,-0.00042873994,-0.003830146,0.0011446029,0.0057814047,-0.00081213936,-0.003471315,-0.004335951,0.0058565587,0.0025063325,0.00014382601,0.0053116456,-0.0003204681,-0.0070360918,0.009631783,-0.003521502,-0.0021438329,0.0053817085,-0.0020024702,-0.0018462837,0.0055644736,0.006510347,0.007949516,-0.003724888,0.0014302377,0.0067536086,0.006731529,MLI
-3.7945807e-05,-0.0064952075,0.0042001605,0.0015531778,0.0009373538,-0.0018826537,0.008330151,0.0016700104,0.006064616,-0.006218761,-0.0026305988,0.010270916,0.0024802927,-0.0025747865,0.0063404366,-0.0028960556,-0.0048874747,0.010276422,-0.00018914044,-0.00031576585,0.0042772624,-0.0025822185,-0.0018167011,0.00518056,0.004371047,0.008515246,-0.008239556,-0.0035716183,0.0032017007,0.0013877973,PkC_ss
0.0020352416,-0.0027516782,0.0064911097,-0.00026598573,0.00081722066,-0.0024523288,0.0069264024,-0.0001495257,0.0050111264,-0.005767569,-0.0019971393,0.0037918687,-0.0023184847,0.0009942129,0.004735045,0.00084616244,0.0018301085,0.0046741217,0.0030091256,-0.00090033654,0.0024882886,-0.005063772,-0.00094749406,-0.0026936233,0.0061935484,0.0054910406,-0.0056102276,0.0019070823,0.0034517273,-0.0021802858,MFB
-0.00031923503,0.004160352,-0.004994184,-0.0044521987,-0.00013474748,-0.008702692,-0.007609874,0.006933354,0.0003490597,-0.0033653826,0.009769801,0.008057527,-0.011072701,-0.0010615289,-0.007822871,-0.0015645698,0.00017526373,-0.008648634,-0.0071650296,0.013630263,0.0072831116,-0.004909463,-0.0077843107,0.0021330863,-0.00024728477,-0.0030710846,0.00089484826,0.007465504,-0.002555482,0.0077561587,PkC_cs
-0.0065756887,-0.012743451,-0.0032856017,-0.00495328,0.008196857,-0.0004005432,0.01734361,-0.0010760054,-0.006162524,-0.0019020438,-0.0019927062,-0.0036925822,0.01560103,0.0049511045,-0.0005174354,0.0040669404,-0.008229887,0.009750694,-0.015561923,-0.01231359,0.00011962885,0.016927365,0.001737237,0.013755217,0.008015506,0.0030243918,-0.012715727,-0.006751557,0.007707067,-0.0068095326,MLI
-0.0029535852,2.168119e-06,-0.011522368,-0.007293433,0.0039956644,-0.0043966547,0.0021265596,0.004532777,-0.0072074495,0.0014632493,0.008193869,-0.0024287328,-0.006525615,0.005359493,-0.013929248,0.001878228,-0.0011043008,-0.0061636046,-0.015235707,0.013609376,-0.0019366075,0.0035355128,-7.0434064e-05,-0.0018362999,0.0008460283,-0.0062687844,0.007258747,0.005544426,-0.004048094,0.003629759,PkC_cs
-0.004105404,-0.0013656095,0.002539441,-0.00088475645,0.00047627464,-0.0041870065,0.002926156,0.0045392066,0.0026074797,-0.004058361,-0.004075084,0.005198285,-0.0053632017,-0.00043798238,0.0008495301,-0.005070243,-0.0009098556,0.0010869801,-0.0033510923,0.0010574805,0.00062437495,-0.0072757974,-0.0018629096,-0.0032647848,0.0057933703,0.0042819083,-0.0044470616,0.007232705,0.0051986724,0.0014600307,PkC_ss
0.00043298118,-0.0020079538,0.008830652,0.0019379109,-0.00078422576,-0.002227638,0.0043792427,0.0010427311,0.005369745,-0.0035880804,-0.0026062056,0.0034863427,-0.003506748,0.0014150888,0.0028066784,-0.0005549006,0.0021505505,0.002089329,0.0019530356,-0.0019950448,-0.0013796785,-0.004594177,0.0003978461,-0.0021985695,0.0051508993,0.009070404,-0.006228376,-0.0007917788,0.0045220032,0.0008346513,MFB
-0.00011438504,-0.0019708946,0.008397296,0.0022157878,0.0006906986,-0.0015542097,0.008489534,-0.0009166524,0.0064920634,-0.0069181025,-0.002109211,0.00617519,-0.00070997153,0.0010025725,0.0034610108,0.00012624264,0.0026386362,0.005952187,0.0030982941,-0.0014921604,0.0010638959,-0.003586106,-0.00039238855,-0.000246875,0.0066664815,0.008431181,-0.007781282,-0.003415593,0.003835313,-0.000203304,MFB
9.2398375e-05,-0.00040294975,0.0043018907,-0.0019542575,0.0012570918,-0.0028789341,0.004056886,0.0035689548,0.0032276064,-0.0038683414,-0.0021231435,0.0019406229,-0.0047846492,0.00076399,0.0010998324,-0.0024029203,0.0013045166,0.0008862093,0.00092847645,0.0003637122,0.0018035523,-0.005980648,-0.001502268,-0.0026706383,0.0049978048,0.00503359,-0.0045045055,0.0031102262,0.0054948553,-0.0016178638,MFB
0.0023584217,-0.0044277236,0.005434051,0.0010845512,0.00031754002,-0.0023115985,0.0066476613,0.00094313174,0.005537413,-0.0042043477,-0.003260661,0.0030961484,-0.0005378035,-0.0011586137,0.004255317,-0.0014802925,-0.0015407596,0.0037019402,0.0009685755,0.0002624793,0.0012078076,-0.0027430505,-5.895272e-05,-0.0020809919,0.0035699084,0.0064830408,-0.0033641905,0.0006431341,0.00421685,0.00063372776,MFB
0.0011227261,-0.0035043508,0.005453363,0.004150346,-0.0009882934,-0.0027332306,0.004942447,0.0006300509,0.0047568977,-0.0021935701,-0.00034013763,0.0058675185,-0.0010329542,0.0008596331,0.002437979,-0.00051405653,0.0012922995,0.001015149,0.0020928532,-0.00054100994,-0.0005547595,-0.004040718,0.0008475892,-0.00079046935,0.0038037524,0.0060036555,-0.0027293675,0.001071563,0.0017885566,0.0005211532,MLI
