0,1,2,3,4,5,6,7,8,9,10,11,12,13,14,15,16,17,18,19,20,21,22,23,24,25,26,27,28,29,label
-0.0054697394,0.0074189976,-0.0020859838,0.00557594,0.0010295808,0.0058750585,-0.014910728,-0.011607453,-0.0024658218,-0.0020468235,0.0033153407,0.00042286515,0.0017667403,-0.004556041,0.007316895,0.0013917163,0.0024495553,-0.006807193,3.4600496e-05,0.003863236,-0.01046892,-0.009398192,0.0002535656,0.01785694,0.007788554,-0.0035799816,-0.009393059,0.01559582,-0.021433108,-0.015532494,PkC_ss
-0.0038454793,0.008795641,-0.0009841621,0.004429385,0.00057434663,0.0059495606,-0.011787072,-0.009192914,0.00013747066,-0.0017597973,0.0024621822,-0.0003774017,0.0004045614,-0.004409883,0.0074263215,0.00081154704,0.0020375885,-0.0066142976,-0.00036367774,0.003936494,-0.009635602,-0.007403709,1.1198223e-05,0.014341153,0.006514825,-0.0028052256,-0.008942764,0.013835542,-0.018023074,-0.014699273,PkC_ss
-0.0028488785,0.0015759915,-0.005037546,0.0017917454,0.007287815,0.005867094,-0.009878054,-0.010795474,-0.0069965348,-0.0077121556,0.0009441227,0.0032402202,0.0027714306,-0.0058871023,0.004157737,0.002745539,2.7263537e-05,-0.0035990179,-0.003035754,0.002766721,-0.009537076,-0.011155836,0.00019616261,0.01734677,0.00955078,-0.00083159655,-0.009978648,0.012795936,-0.015365854,-0.014860004,MLI
0.00068647787,-0.0032324195,-0.0003401339,0.0024285764,0.0016137622,0.0008017346,0.0006287247,-0.0036048442,-0.0017712563,0.0022269785,0.00036431476,-0.0006085783,0.0008858186,0.0016741827,0.0047230944,0.006621808,-0.00262288,-0.0015489534,-0.0025282502,0.0012709647,-0.0049296618,0.002581548,-0.0006156564,0.0057783723,0.004165575,-0.0005289465,-0.0016676225,0.00318663,-0.0057227537,-0.007721428,MFB
0.0015485175,-0.0034729615,-0.0053952783,0.00069506466,0.007171668,0.00642249,-0.0061174333,-0.008998901,-0.0061591193,-0.009611651,0.0030203052,0.004408434,0.0006447104,-0.0055663325,0.0030543879,0.003419023,0.0012904163,-0.00078970194,-0.007583201,-0.00026047602,-0.010081709,-0.008830793,0.0013545528,0.01192154,0.0076726675,-0.0024906248,-0.006648235,0.012485802,-0.007399641,-0.01336151,MFB
0.0030844957,-0.003950104,-0.004640311,-0.00027754903,0.0032095872,0.0056391694,-0.0006354898,-0.0044716,-0.0030201375,-0.0032470375,0.002841007,0.0009848997,0.0017715665,-0.002185002,0.00427527,0.0042990632,-0.0037003253,0.00031956285,-0.0045094937,0.0011000596,-0.006084785,-0.00095737353,0.0013692677,0.008789308,0.004453078,-0.00078939646,-0.0044530146,0.008512897,-0.00440982,-0.012208268,MLI
0.0028075445,-0.0020770058,-0.0016556382,-0.00045506656,0.0025913008,0.0036905594,0.00027646124,-0.002917245,-0.0014646389,-0.0019238591,0.002213668,0.001029931,0.0017224257,-0.0031877123,0.004993446,0.003228452,-0.0034931097,-0.00077887625,-0.0062891245,0.0011040177,-0.006526348,-0.0012469105,0.0010568611,0.0074771643,0.004031107,-0.0003170073,-0.005161602,0.007728627,-0.005554728,-0.011022933,MLI
0.017517684,-0.026544668,-0.031719275,-0.021436974,0.019356668,-0.0041283444,0.016330183,0.0064772293,-0.0150481425,-0.031663887,0.010691494,0.0100743435,0.015263104,-0.0010613948,-0.0148926005,0.0072479397,-0.000898866,0.015391596,-0.020518467,0.00905072,-0.0027913926,0.006275736,-0.0035743192,0.013734676,0.01854749,-0.0052407533,-0.0044879243,0.0040296037,0.0038618222,-0.015583299,PkC_ss
-0.002336681,0.002605565,-0.0042405874,0.00077852607,0.0048842914,0.006392665,-0.009942338,-0.0094258785,-0.006098628,-0.007020265,0.0015378781,0.0026858598,0.0020346178,-0.0055410974,0.00523632,0.0007761568,-0.0004234314,-0.0030451268,-0.0031909049,0.0044407193,-0.008005927,-0.009571135,-0.00058809295,0.018374301,0.007820807,-0.002729945,-0.010163143,0.012951128,-0.016563997,-0.014832549,PkC_ss
-0.00144808,0.0010176674,-0.004098922,0.00029315054,0.006100852,0.004782364,-0.010180742,-0.009026706,-0.0053712465,-0.0070343167,0.00085522234,0.003056392,0.0044079702,-0.006508697,0.006541796,0.0017570071,-0.0007360056,-0.0009155497,-0.0053308457,0.0040779263,-0.0072341794,-0.009610698,-0.0019168742,0.017426059,0.008555166,-0.0041633397,-0.009524487,0.01401104,-0.017597146,-0.01332048,PkC_ss
0.013785044,-0.023924813,0.0029112995,0.0011498183,-0.010792099,0.0004965924,0.021466054,0.008987211,0.0110722035,0.013382256,0.008095674,-0.0034354553,-0.00023448002,0.013473384,0.005799353,0.019834412,0.004837282,0.008017786,0.0013792664,-0.002113456,0.0029363441,0.028087279,0.00329002,-0.022688475,-0.00014810264,0.003742218,0.015051123,-0.0183174,0.026365496,-0.0009624511,PkC_cs
0.0074834507,-0.019754663,-0.0051800013,-0.010787562,-0.009872623,-0.0022027008,0.026187018,0.0146277025,0.013851643,0.008279994,0.009196036,-0.0043853223,-0.0071643963,0.019754957,-0.008032694,0.00096550956,0.009384735,0.005869806,-0.0032241791,-0.017984124,0.009726102,0.028561227,0.004394453,-0.029652435,3.7685037e-05,-0.00570257,0.00659791,-0.013212157,0.054283462,0.0064386874,PkC_cs
0.00358719,-0.0033566356,-0.0038443059,-0.00145711,0.004296571,0.0050265044,-0.00031735003,-0.0046999454,-0.002470728,-0.0034430325,0.0019292682,0.0008074865,0.003474208,-0.0050599314,0.0052319095,0.0022152364,-0.004141979,0.00028478354,-0.007401198,0.00035999343,-0.006378199,-0.0013374649,0.0021291003,0.008452579,0.0038284063,-0.001865305,-0.0051427037,0.0075866207,-0.005203955,-0.012757137,MFB
0.002350822,-0.0012709722,-0.001966536,-0.0033813268,0.0017610192,0.0053486116,0.0033674687,0.0035420284,0.0018003583,0.0041822046,0.012506008,0.0027962774,0.0029672165,-0.0011747815,-0.0065623038,-0.005926404,0.003284011,-0.0005423054,-0.005282834,0.0042872,-0.0041647535,-0.001476869,0.005057458,0.0041319653,-0.0027162135,-0.008395217,0.0031272843,0.0015440453,-0.0037884787,-0.0019848272,PkC_ss
0.0007312037,0.0046702996,-0.0070154965,-0.0019269437,0.009393316,0.0048940703,-0.00045144558,-0.00587292,-0.0016073063,-0.0009550303,0.0064308196,0.0042303726,0.0043482576,-0.0054310597,0.00032503903,-0.0020193234,-0.0021183006,-0.0061757043,-0.004446119,0.0050603403,-0.0044791363,-0.0031955913,0.0030137785,0.008005373,-0.0010189861,-0.007666163,-0.0034809187,0.007755315,-0.013747662,-0.009319,PkC_ss
0.06537855,-0.06560032,-0.06453488,-0.038596153,0.055544265,-0.0046006367,0.007581815,0.019091882,-0.022084989,-0.025318787,-0.0082627535,-0.043389767,0.07341574,-0.0050950013,-0.036073443,-0.007294733,-0.061173744,0.055839818,0.0014981478,-0.0052730106,0.03588353,-0.05389925,0.01271072,0.04616937,0.049187236,-0.0006419271,0.054558177,0.030716572,-0.030351736,0.0070618615,PkC_ss
0.05383577,-0.05838519,-0.06169668,-0.038663745,0.049448725,-0.006073732,0.016034327,0.016309358,-0.023757804,-0.035177246,0.0016730353,-0.0224661,0.055655528,-0.0020811297,-0.037269935,-0.0038737878,-0.04111345,0.04408884,-0.008508474,0.0021342225,0.023605037,-0.03550174,0.006496325,0.040914424,0.04574816,-0.0018329397,0.033404183,0.021178111,-0.017692901,-0.004333835,PkC_ss
0.0016403161,-0.0012763962,-0.0026268214,-0.00014780462,0.0038979538,0.001904875,-0.002572775,-0.0044904053,-0.00198045,-0.0021307021,0.0017323382,0.0015136302,0.003193349,-0.002708841,0.006591879,0.0040359683,-0.0024373922,-0.00021778047,-0.004734695,0.00215712,-0.004472024,-0.0015552379,-0.0011505075,0.010087907,0.0057216734,-0.001752004,-0.006130602,0.006761996,-0.009917527,-0.010709126,PkC_ss
0.004637493,-0.005134575,0.0037403107,-0.0052052587,-0.013749592,-0.005570911,0.01899293,0.008882411,0.01539129,0.009789288,0.00038358942,-0.009536333,-0.005282133,0.021343928,-0.00794024,-0.0030850917,0.012252683,-0.0016641468,0.0068591237,-0.020747403,0.010768092,0.025666155,0.006240882,-0.0291581,-0.0047765225,-0.010033533,0.008272383,-0.01565519,0.041552152,0.011218652,PkC_cs
0.004869025,-0.0053576306,0.00390099,-0.0052585304,-0.0138423145,-0.005432334,0.019299097,0.009058408,0.015682347,0.00977461,0.00040680543,-0.009502329,-0.0053211814,0.021266393,-0.00768891,-0.0030715838,0.012266232,-0.0013365373,0.0065211356,-0.020903142,0.010588333,0.02579835,0.0063237995,-0.029441152,-0.004660204,-0.009791143,0.008175269,-0.015758583,0.04191351,0.011255834,PkC_cs
0.0034736078,-0.008309752,-0.008116692,-0.01227732,-0.007227674,-0.0020774826,0.023298189,0.010942742,0.013656825,0.0064574033,0.0011708029,-0.010448784,0.00032973615,0.021977443,-0.0071050674,0.002552282,0.0075843763,0.0052490234,0.006148666,-0.01661587,0.016575277,0.028164705,0.002712004,-0.023972176,0.003477186,-0.00941246,0.0047698617,-0.015515979,0.03945619,0.004670702,PkC_cs
0.0087851025,-0.016455479,0.0077533424,0.0020894408,-0.0137593895,0.0036716498,0.026368938,0.018477716,0.021458901,0.021399438,0.009203024,0.0033013597,-0.0076819733,0.01099734,0.0019618496,0.0020332113,-0.00033474527,0.0076113567,0.001533702,0.008761543,0.004189598,0.022281948,0.0019444972,-0.020466037,-0.006487474,0.006480217,0.010359019,-0.019796118,0.03616762,0.015207913,PkC_cs
-0.0031082146,0.0017905608,-0.00536637,0.0025544018,0.006486021,0.006509669,-0.010712057,-0.010525271,-0.0065433905,-0.0075535327,0.00081115216,0.002363652,0.003379019,-0.0049037226,0.002809383,0.002914209,0.00051646493,-0.002943322,-0.0024921596,0.0043488443,-0.009699061,-0.011075921,0.0004822053,0.017048344,0.010029569,-0.0017595515,-0.007858615,0.013410512,-0.016420975,-0.013109896,MLI
-0.0006406754,0.00074812025,-0.0044107586,0.00097061694,0.0050075687,0.004268151,-0.007510364,-0.008129448,-0.004141774,-0.005316913,0.0011558905,0.0025060922,0.004977884,-0.004617024,0.005550921,0.003634587,-0.0015604328,-0.0009780601,-0.0048625767,0.002744522,-0.006679655,-0.006345853,-0.00077323616,0.015287496,0.008680269,-0.0029544607,-0.008046091,0.010661427,-0.015726104,-0.012472391,PkC_ss
-0.0010118783,0.00040381402,-0.0068600327,0.00028803945,0.0065232553,0.006140448,-0.010677382,-0.008980632,-0.006750766,-0.008617774,0.0016333759,0.0027028397,0.0039837803,-0.005879108,0.0046928227,0.0016331598,-8.844212e-05,-0.00056316704,-0.0062151253,0.0030549206,-0.008241649,-0.00961259,-0.0003998354,0.01797001,0.010085605,-0.003667049,-0.00926118,0.013491675,-0.015005954,-0.013759293,PkC_ss
0.014574507,-0.022342801,0.008002624,-0.0026996732,-0.01154764,0.0028082505,0.029719926,0.013542458,0.0146388635,0.015602693,0.013406713,-0.0007655695,-0.003282085,0.015193127,-0.0010110959,0.01581681,0.0065330993,0.010228574,0.00016506016,-0.003416514,0.0029511852,0.027687196,0.0050266273,-0.02545984,-0.002282828,0.0043412745,0.013762865,-0.025344687,0.032542452,0.0049417466,PkC_cs
0.015803201,-0.033463806,-0.019331627,-0.021538183,0.00091682747,-0.0030824281,0.033178255,0.026609689,0.007458888,0.0057406574,0.010678355,-0.0029039308,-0.0009869114,0.01826303,-0.0054784194,0.009002827,-0.0007391162,0.022636138,-0.0033051223,0.0030575767,0.017950738,0.031988464,-0.0059820414,-0.018090941,0.0011716634,0.0016490296,0.011355329,-0.027107153,0.045524154,-0.0027961694,PkC_cs
0.004036825,-0.0015472919,-0.0017961562,0.0004015863,0.0012945347,0.0020768344,0.0010907203,-0.0031126738,-0.00097620115,0.0008521676,0.0020160973,0.000930503,0.0023607148,-0.0011965334,0.0034795627,0.0021782666,-0.0048103537,-0.00014201552,-0.004781872,0.0003574025,-0.00567207,0.0015156977,0.00017797202,0.008705407,0.0018831342,-0.0029343218,-0.0028277114,0.0031961165,-0.0074517652,-0.010310695,MLI
0.0009382777,-0.0019621775,-0.0019477606,3.20971e-05,0.0053543374,0.0042948164,-0.0009402782,-0.0053526014,-0.002589669,-0.005493611,0.0041241236,0.004838273,0.001470211,-0.004834939,0.002670668,0.0015929788,-0.00096751004,-0.0014160052,-0.0077189505,0.0026185736,-0.008925426,-0.0052208416,0.0013020486,0.0103494,0.005325362,0.00013926625,-0.0071434937,0.0086254515,-0.008757189,-0.009481359,PkC_ss
9.415299e-05,-0.0019183159,-0.008487821,-0.0020705312,0.008622572,0.0064933114,-0.008817539,-0.010211274,-0.008410972,-0.009483784,0.0016367435,0.00212501,0.0051472695,-0.007047627,0.0046953857,0.0017299056,-0.0029814877,-0.0010363162,-0.006414041,0.0025587305,-0.00727998,-0.007983901,0.0009896383,0.017898329,0.008893266,-0.0024838895,-0.010422897,0.013087712,-0.013556637,-0.015886292,PkC_ss
0.00023663044,-0.00067652017,-0.006744325,-0.002144754,0.0077672154,0.005737614,-0.008341581,-0.008728236,-0.0066121183,-0.0077578723,0.0017859712,0.0015820265,0.00410504,-0.00686514,0.005780481,0.0012384206,-0.0027153175,-0.0007972494,-0.006216228,0.0034373775,-0.0065385317,-0.007231511,-0.00064389035,0.017013237,0.0073558465,-0.003177859,-0.010129634,0.012777565,-0.013281502,-0.015377782,PkC_ss
-0.0032782704,-0.0007401109,-0.0077623427,0.00057831407,0.008609951,0.005356636,-0.01262334,-0.012123778,-0.009974487,-0.010171905,-0.00047592446,0.0033834204,0.0050171358,-0.0061591975,0.0051977113,0.003612332,-0.0011354815,-0.00028692186,-0.004679382,0.0027254,-0.0076911384,-0.012852505,-0.0011104606,0.01936806,0.011753768,-0.0041357726,-0.009746522,0.016534198,-0.018662058,-0.015000105,MLI
0.0011391602,-0.0023973659,-0.0028150529,-0.0003914386,0.0034924075,0.0026766323,-0.00087960064,-0.0026308,-0.0038822517,-0.0017699152,0.0029956251,0.0009258315,0.0018312908,-0.0008168854,0.0038665906,0.004397005,-0.0009305198,-0.00046440214,-0.0069422573,0.0007100981,-0.0061346255,-0.0022523068,0.00015122816,0.010384016,0.007584594,-0.0022719353,-0.0047434047,0.0067113955,-0.00867334,-0.0117413215,PkC_ss
-0.0038493685,-0.00055101514,-0.0073487163,0.0024983585,0.0071836263,0.0061306246,-0.012376159,-0.012258634,-0.008498538,-0.008683711,0.0016690232,0.0040006936,0.005735573,-0.00585616,0.0045575574,0.0043761544,-0.00026369654,-0.0017716214,-0.004925728,0.0024702176,-0.009879415,-0.012098908,0.00032327324,0.020239681,0.012825862,-0.0026863068,-0.009666834,0.015970308,-0.019670226,-0.015093915,MLI
-0.0043618977,0.003568478,-0.006073013,0.002606064,0.008204382,0.005710691,-0.012266815,-0.013240948,-0.008132938,-0.0067274123,-0.0013995841,0.002003096,0.005597704,-0.0049210526,0.006084092,0.004690606,-0.00095116347,-0.0033079684,-0.00080807507,0.0039428417,-0.008285451,-0.011142746,-0.0003074482,0.018171526,0.010663152,-0.0033783838,-0.009559222,0.014449734,-0.021601401,-0.014773294,MFB
-0.00025875494,-0.0021581873,-0.0037575066,-0.00014819205,0.0065957233,0.0041732974,-0.0049074143,-0.008559957,-0.0054956153,-0.005527243,-0.00019325688,0.000736326,0.0035847863,-0.0028353967,0.0033042952,0.0068807714,-0.00018960983,-0.0016240105,-0.0049952567,0.0007246807,-0.0066091223,-0.0062341765,0.0020091608,0.009200163,0.011031188,-0.0015676245,-0.0055666864,0.007849677,-0.009706825,-0.010147378,MFB
0.0029462166,-0.029759951,-0.022714466,-0.010988802,0.004535392,-0.011187267,0.03422594,0.019356593,0.016752303,0.0067509115,0.0040810667,0.002725169,-0.009700916,0.021665268,0.0002033785,-5.179271e-05,-0.012659213,0.017796844,-0.011315256,0.00044482574,0.011789179,0.02942906,-0.010493614,-0.025583174,0.0058772564,-0.0039003491,0.0056184605,0.009313315,0.050698247,0.013683714,PkC_cs
0.0004411377,-0.003760755,-0.0051365346,-0.00066921115,0.0072063655,0.0013040118,0.0064260215,-0.003265962,-0.004171051,0.0029647648,0.006383937,0.0039909407,0.002998738,0.0036997348,-0.0023773909,0.002984915,-0.0019218456,-0.0025521666,-0.0027267039,0.0016796514,-0.0033500735,0.0035252422,0.0018514693,0.007953778,0.004218474,-0.003357485,-0.0021812022,-0.0026908312,-0.0048063025,-0.0047646873,PkC_cs
-0.00084682927,-0.0016732067,-0.00460048,-2.1576881e-05,0.006052237,0.0054580085,-0.00313434,-0.005649358,-0.0049997233,-0.0038619488,0.005533617,0.005966343,0.0010638516,-0.0042305253,0.0030366778,0.0022594333,-0.0022546574,-0.0013386235,-0.006246358,0.0015397146,-0.0072851675,-0.0066220537,0.0014332756,0.011078626,0.004619375,-0.0012060702,-0.007153187,0.010781787,-0.009271748,-0.010252755,PkC_ss
-0.0021021813,0.004282482,-0.003686905,0.0019599795,0.004231237,0.0064865053,-0.009099066,-0.008963779,-0.0041059405,-0.0049998164,0.0018195994,0.0016443431,0.002396105,-0.0049417354,0.005351357,0.002456583,-0.00014503486,-0.0045327544,-0.0029839873,0.0041406676,-0.008360033,-0.008021414,-1.6707927e-05,0.016055219,0.008278765,-0.0023652315,-0.009283785,0.012713622,-0.015846178,-0.01394029,PkC_ss
0.027079752,-0.030771881,-0.03965053,-0.028049216,0.027410444,-0.00501547,0.012011401,0.009656012,-0.015709333,-0.031291127,0.008690469,0.0014146119,0.029197054,-0.0031794943,-0.021899607,0.0037890375,-0.011699348,0.024040245,-0.010930821,0.012364576,0.0061649196,-0.0066543743,-0.005698543,0.025806896,0.02431997,-0.004592873,0.0029401928,0.007032195,-0.0064819977,-0.017206468,PkC_ss
0.0043486264,-0.027691327,-0.00040395558,-0.039880686,0.011726383,0.01590198,0.012053311,0.05227907,-0.012266256,0.0041118264,0.022498026,-0.0102062225,-0.0016971142,0.039253138,0.011826746,0.026915014,0.0373915,0.032410935,-0.04985237,-0.017010374,0.0074182637,0.0669128,-0.017652605,-0.020540804,0.005897507,-0.007034488,-0.011928469,-0.027429746,0.036154464,0.031007115,PkC_cs
-0.004644204,0.004275039,-0.0051613003,0.0027790964,0.0059274063,0.0062853172,-0.012592956,-0.012390912,-0.007172581,-0.0061076134,0.00055036694,0.0017414242,0.004211315,-0.005184587,0.0054086745,0.0033589788,0.00016583502,-0.0047809705,-0.0013943613,0.00462004,-0.008407199,-0.011530414,-0.00033203885,0.020030238,0.011104479,-0.003898546,-0.009966321,0.01479039,-0.021030195,-0.01564011,PkC_ss
-0.0029415824,0.0024630278,-0.0039258003,0.0019732118,0.005937893,0.0062369555,-0.011339679,-0.010405123,-0.0069397986,-0.0070162416,0.0015235133,0.000994876,0.003098323,-0.005235765,0.0045831352,0.004112061,0.0011218973,-0.004800476,-0.002803281,0.003489131,-0.009087901,-0.011483178,0.0012762025,0.016898416,0.011123605,-0.0010635331,-0.009333804,0.014393896,-0.016619436,-0.013579141,PkC_ss
0.008636741,-0.014066778,0.0077685416,0.0032779425,-0.00506638,-0.0020542108,0.02175378,0.004254982,0.009539649,0.015346333,0.0088572875,0.0001476407,-8.1109814e-05,0.01509783,-0.00051093847,0.015514718,0.0007265974,0.004169598,0.0058098733,-0.004161559,0.0017764163,0.020963788,0.0021419711,-0.012591612,-0.0016738474,0.0038646162,0.008773673,-0.019438324,0.016220406,0.0062906966,PkC_cs
0.0033971164,-0.007928111,0.0065110624,-0.0059950054,-0.015007898,-0.012080364,0.018793792,0.015377276,0.0147852,0.010136738,0.0006291233,-0.011101842,-0.0063070795,0.023579545,-0.010061536,-0.004115194,0.015249526,-0.0046250895,0.005652949,-0.019124275,0.011714678,0.024948727,0.0046622828,-0.030854903,-0.0019676983,-0.0072626323,0.010248344,-0.01406128,0.04506519,0.018784778,PkC_cs
0.009227129,-0.010839455,-0.012813598,-0.0004287809,0.00063170865,-0.002592411,0.029551715,0.0067351237,0.01742778,-0.010466576,0.00053955615,0.009603806,-0.0019561118,0.007073745,-0.01441386,-0.009903669,-0.005955184,0.013768412,-0.013985112,0.002230689,0.010443488,0.027388548,-0.007953953,-0.006021764,-0.013625324,-0.012443058,0.0038749091,-0.008592468,0.044068232,0.0022254027,PkC_cs
0.004892206,-0.010592923,-0.009103164,-0.003010422,-0.0044407547,-0.0005096607,0.015940718,0.00628341,0.012605287,0.007025987,0.0035069734,-0.0019666702,-0.0046433946,0.01668303,-0.0032359138,0.008385908,-0.0027658325,0.00607156,0.008840352,-0.004718818,0.0066923276,0.01969567,0.0008632429,-0.01720341,-0.0040619075,0.0035720095,0.005926423,-0.009410402,0.023836587,0.0031821728,PkC_cs
0.0030645076,-0.0023952797,-0.002906233,-0.003756687,0.005028166,0.0030390248,0.0018156022,-0.0009983182,-0.0019468032,-0.00073833764,0.002950307,0.0009198338,0.0031760405,-0.0035086833,0.004662119,0.0029333755,-0.0053393915,0.0011138767,-0.007991865,0.0021687355,-0.0039028665,2.7909875e-05,-0.0006496459,0.009002291,0.0041573644,-0.0012993068,-0.00622252,0.0049569793,-0.006571859,-0.011337265,PkC_ss
-0.0018795729,0.0038786083,-0.000727579,0.0022566468,0.0031808726,0.005985271,-0.008340701,-0.008968994,-0.0032759123,-0.0026753843,0.0017111301,0.00088332593,0.0018617632,-0.004760783,0.005026065,0.00031096488,-0.00045374595,-0.0044550225,-0.0020262897,0.0041022636,-0.008787445,-0.007320076,2.82377e-05,0.016411379,0.006049663,-0.001884982,-0.009410296,0.010315122,-0.014264032,-0.013716612,MLI
0.003254868,0.0010904521,-0.0005195141,0.0009665787,0.00035627186,0.0049329363,0.00064623356,-0.0022838712,0.0010255165,-0.00020383298,0.0032454617,3.8191676e-05,-0.0009020767,-0.0023684464,0.00423526,0.002430763,-0.0010192282,-0.0040821806,-0.003931254,0.0019430257,-0.00843439,0.00014196709,0.0010286346,0.0069432035,0.0030491054,0.00017049909,-0.0046141185,0.0055154413,-0.0044220164,-0.011647422,MLI
0.0034315214,-0.00072684884,-0.00020034611,0.00017245114,0.001012776,0.004644878,0.0009842068,-0.0035894364,0.00048761442,-0.0014400184,0.0024367385,0.00059660524,-0.0014094091,-0.0024798475,0.0044573545,0.0006623678,-0.002515206,-0.000777781,-0.0038353205,0.001777783,-0.007920553,2.9340386e-05,-0.00028212368,0.008027211,0.0015459657,-0.000754267,-0.004922077,0.0053859353,-0.0040376484,-0.011978552,MLI
-6.287545e-05,-0.0011887625,-0.00078238547,0.0033053756,-0.0004290603,0.0024164915,0.0005196482,-0.0038361847,0.0006837733,0.0033379346,0.0020080544,0.00046884269,0.00026848447,0.0015460551,0.0062296316,0.006837383,-0.0025176723,-0.0026689544,-0.0007248521,0.0014078077,-0.005594001,0.004149925,-0.0005985014,0.005800061,0.0039336383,0.00045051426,-0.0032696538,0.0034196507,-0.0059201643,-0.009367224,MFB
0.0008585751,-0.0024337098,-0.0021242946,0.0007221103,0.004112307,0.0040146485,-0.0025916845,-0.005715683,-0.0034090728,-0.0035339296,0.00096674263,0.00045321882,0.0013057683,-0.0021917932,0.003095694,0.0031312779,-0.0011981558,-0.0006185323,-0.0038929284,0.00022499636,-0.007538614,-0.0034745187,0.0013879612,0.008657165,0.005915597,0.00017215312,-0.00516852,0.006735036,-0.0048982725,-0.010035709,MFB
0.00072237477,-0.0010266304,-0.002876252,0.0017975867,0.0028367639,0.005997028,-0.0028594732,-0.006259024,-0.0024439134,-0.0026554167,0.0016963743,0.00035449862,0.0006929836,-0.0022661462,0.004769519,0.0042217,-0.00058759004,-0.0021884143,-0.0020910352,0.00062961876,-0.008120648,-0.0028021336,0.0010934733,0.009468861,0.0055392087,-0.00062648207,-0.0050781965,0.008040385,-0.006354198,-0.013207205,MFB
0.003931202,-0.007194683,-0.008263156,-0.0056034923,-0.00392472,0.0022501387,0.022677906,0.010541506,0.01994314,0.0073779672,0.0050704293,0.001312457,-0.009516964,0.011576608,-0.003923565,0.0016946942,-0.0041444413,0.0033163205,0.011857539,-0.0013079401,0.00915326,0.020745315,-0.00086574256,-0.020776346,-0.010392949,0.0081934035,0.0020308048,-0.011582317,0.036357302,0.00046581402,PkC_cs
0.00063073635,-0.003919646,-0.0017298609,0.0031223893,0.0011379607,0.0023613647,0.0013417751,-0.0038879812,-0.0026663244,-0.00028038025,0.0015173927,0.0020810738,-0.00063316384,0.0029386282,0.0028710142,0.006316494,-0.0020649936,-0.000752531,-0.001342684,-7.789582e-05,-0.006022594,0.0011728853,0.0012343004,0.0061147884,0.005111009,0.001187101,-0.001693964,0.0027812067,-0.004477024,-0.007771559,MFB
-0.00080017373,0.0016473979,-0.0013627559,0.0015718788,0.0021728203,0.005867522,-0.0042058527,-0.006107509,-0.0020505562,-0.0025844127,0.0017248206,0.0006758347,0.0009616744,-0.0028436892,0.005257122,0.0036994927,-0.000776859,-0.0032353997,-0.0030457973,0.00227133,-0.007727132,-0.004221346,0.000999976,0.011153467,0.006888978,-3.5315752e-06,-0.0075473376,0.008876791,-0.009430975,-0.011937156,MFB
0.0017592497,-0.0038149059,-0.0029482245,0.0012347549,0.004860159,0.004380442,-0.0016792119,-0.0064906925,-0.005051408,-0.0051665306,0.0019397698,0.0009994879,0.0014206364,-0.0009459816,0.0029814169,0.004937496,0.00023977645,-0.0004698336,-0.003516689,-0.00020016171,-0.007718562,-0.003906969,0.0021082126,0.009948887,0.0071668103,-0.00051566213,-0.0043119714,0.007056635,-0.006520182,-0.011586487,MFB
0.002112124,-0.0008979663,-0.0009224117,0.0005196631,0.0027457774,0.0029204376,0.0014146566,-0.002879411,-0.001064986,-0.0020584017,0.0020203516,0.0010607466,-0.0016754768,-0.00031495094,0.0036880597,0.0046253987,-0.00051552616,-0.001407072,-0.0029659867,0.0016320609,-0.0068483325,-0.0014614835,-0.0010470785,0.006175354,0.005280271,-0.00016318262,-0.0045502745,0.006536385,-0.0031413808,-0.012182239,MFB
0.00025076047,0.0022866726,-0.00229007,0.001072377,0.0029513687,0.006196089,-0.005556509,-0.0068233907,-0.0024478734,-0.0033688098,0.0017664209,0.0007798299,0.00108174,-0.003704477,0.0065538883,0.0030407272,-0.0008863546,-0.0027125552,-0.0023699105,0.002232222,-0.00740745,-0.00489809,0.00017146394,0.012207292,0.006098345,-0.0011925399,-0.008472312,0.010379579,-0.009921908,-0.014538877,PkC_ss
0.0035754666,-0.0042825863,-0.00086185336,-0.00036545098,0.003297262,0.002191063,0.003623575,-0.0012525022,-0.00017638132,0.00051929057,0.0035072975,0.0032589063,0.0016868482,-0.0016492531,0.0027527884,0.0034683235,-0.0042395983,0.0009947941,-0.006607428,0.0009643156,-0.00610263,0.0015501045,0.00017185509,0.0056758076,0.0011195987,0.0001815781,-0.003001418,0.0025293846,-0.0041449443,-0.007846445,PkC_ss
0.012543064,-0.018915243,-0.0119018555,-0.013227835,-0.000981465,-0.0017784126,0.026753671,0.018157922,0.01249098,0.00954026,0.007896118,-0.0029175952,-0.0013017943,0.012806125,-0.0030172467,0.0030210912,-0.0029103477,0.012493007,0.002453357,0.0011799354,0.012320342,0.027333276,-0.0021998025,-0.016082074,-0.0077869147,0.0022950396,0.00760296,-0.022790369,0.035366412,-0.0021595657,PkC_cs
0.0027773716,0.00074426085,-0.0049915314,-0.00094878674,0.0069286563,0.004088279,0.0026778132,-0.0029223412,7.353723e-05,0.0024471283,0.008757476,0.0038120523,0.0027734695,-0.003975507,0.00016452372,-0.00050250813,-0.0013103392,-0.0063897893,-0.0068563223,0.0027657468,-0.005028451,0.00046921894,0.0036692359,0.00639455,-0.0017931014,-0.0061642304,-0.0014077239,0.003844669,-0.008099288,-0.009588528,PkC_ss
-0.0035328604,0.003679365,-0.0038107634,0.0012329221,0.0038817711,0.0053482316,-0.010939941,-0.007938579,-0.0043771155,-0.0046549886,0.0016045421,0.0021527037,0.0033984263,-0.0061835013,0.006908983,0.0017785914,-0.001659194,-0.0028049871,-0.003807336,0.0031850059,-0.0066736965,-0.008666918,-0.0002734661,0.015986815,0.0070375577,-0.002044201,-0.00986933,0.013689969,-0.016521208,-0.013132349,MFB
0.0036547985,-0.0076795146,-0.003031224,0.00095935166,0.004965905,-0.00018961728,0.0029741526,-0.005882263,-0.0043249577,0.0018102825,0.0029066764,0.0009477809,0.0026251408,0.004322402,0.0035963953,0.00815206,-0.0037032086,0.00077193975,-0.0019215792,0.0013540145,-0.004312047,0.0052696876,-0.0037377663,0.011560731,0.0062690526,-0.0032132044,-0.003724303,0.0018425975,-0.0052741617,-0.010223802,PkC_cs
0.0009798892,0.00012709945,-0.002958849,-7.2821975e-05,0.0030404776,0.0055407397,-0.0024529546,-0.0039880723,-0.0012647472,-0.0027394295,0.0025546737,0.0009449795,0.0009912387,-0.0027430616,0.0061383247,0.0040883385,-0.0016104765,0.00014837086,-0.0034935772,0.0017240066,-0.006123728,-0.0030509941,-0.0005356297,0.009395853,0.0054924637,-0.0011202097,-0.0064269677,0.009421097,-0.0070851967,-0.013864368,MFB
0.0044851843,-0.007967316,-0.0012849271,6.6280365e-05,0.00056816265,0.0014612228,0.003937289,-0.00022782385,-0.00011887774,0.00025725365,0.0025737882,-0.00043161213,0.0013842096,0.002554413,0.0027145073,0.006564196,-0.0016647428,0.0034150109,-0.0057317615,-0.0005843546,-0.0043904893,0.0034430437,0.0010945462,0.0034844875,0.0059103817,-0.00014754385,3.0700117e-05,0.0010826662,0.00024467707,-0.0058499984,PkC_ss
0.013661956,0.00507199,0.003621608,-0.01358065,-0.01410754,0.0028063543,0.035387628,0.012979142,0.021906033,0.020222336,-0.003892038,-0.021955714,-0.0015207431,0.02195675,-0.0031682253,-0.00758392,0.006305771,-0.0036332086,0.010638908,-0.010381969,0.015878666,0.039924756,0.010711942,-0.03961887,-0.008937746,-0.01847478,0.0091301575,-0.023606999,0.04749949,0.009857461,PkC_cs
0.0088808015,-0.01803296,0.0024809241,-0.001244098,-0.0064617246,-0.0028428882,0.013885163,0.007365063,0.0060324296,0.0093299,0.0029833727,-0.0031675994,0.0004339777,0.010031588,0.0063366443,0.011885155,-0.0028034728,0.0093252435,-0.00026154518,0.0011410788,0.004276858,0.020656738,-0.0022969134,-0.009005606,0.00011472404,0.003754355,0.0065129474,-0.012480964,0.016285703,-6.993115e-05,MFB
0.0022901315,-0.0044230744,-0.0035718083,-0.00021211803,0.001464963,0.0042749457,-0.00087448955,-0.0026442856,-0.0022710823,-0.0016677678,0.0022037514,-5.9843063e-05,0.0028818992,-0.0013997778,0.0046641678,0.004603166,-0.001635205,0.00093960017,-0.00622423,0.001078235,-0.0052023977,0.00010666251,0.000618089,0.009262338,0.0066240057,-0.0023443922,-0.0032196827,0.0054781977,-0.0060726553,-0.010485936,PkC_ss
0.012576606,-0.027657203,-0.026803479,-0.0147925615,0.014881842,-0.004585635,0.01967138,0.006256871,-0.012971319,-0.023580126,0.008158956,0.009728748,0.007997682,0.003314063,-0.008050151,0.013178736,-0.0018004049,0.011811115,-0.021882236,0.00870099,-0.0040460117,0.014991056,-0.0033645108,0.0030360818,0.01616636,-0.0023638085,-0.002653122,0.003154043,0.013747238,-0.0077678934,MLI
0.0015042722,-0.004089713,-0.0062598735,-0.0010998696,0.005830638,0.004065037,-0.0023852587,-0.0055063516,-0.004403442,-0.003705278,0.0011351332,0.0011569336,0.0041760476,-0.0024672486,0.004566595,0.0045771934,-0.0030660965,0.001183264,-0.0053980798,0.00035363622,-0.0049467767,-0.0015345216,0.0010690801,0.009234756,0.0067329407,-0.0017813593,-0.004910536,0.0064152814,-0.0073882267,-0.01115014,PkC_ss
0.003165964,-0.0032589212,2.3245811e-06,0.0006110221,-0.00014075264,0.0019972958,0.0025654882,-0.0013656467,0.0011691377,0.0009881258,0.0015736222,-0.0002310574,-0.0007261047,0.0012130216,0.005250722,0.0061130077,-0.0027740728,0.00082719326,-0.002601713,0.0016932264,-0.004102526,0.002389226,-0.0017254986,0.0053910986,0.0046781152,9.1575086e-05,-0.0028497763,0.0032948852,-0.0018149093,-0.009682495,PkC_ss
0.0031465571,-0.0077684745,-0.0009035766,0.00025518239,0.0037356615,-0.002399791,0.005083978,-0.004154995,-0.0032737702,0.0029392391,0.0006428212,0.00086756796,0.0024216971,0.0055105127,0.003216438,0.008737814,-0.003980309,-0.000102587044,-0.0019292533,0.0021513551,-0.0028009722,0.0068313405,-0.0028498992,0.007391207,0.0077939406,0.0005948916,-0.0038315766,-0.0029201126,-0.0033892244,-0.0067124628,PkC_cs
0.052428864,0.004951127,0.00063087046,-0.013183862,-0.023935646,0.022946663,0.037397385,-0.007022828,0.03254372,-0.0066799074,0.014159273,-0.012592442,-0.0048862863,0.012135576,-0.014546756,-0.0035247914,0.0032591093,-0.013554372,6.297231e-05,0.0040059034,0.005955239,0.033537228,0.021848701,-0.029525127,0.0002606213,-0.032706834,0.0006208606,0.0069178715,0.05129069,0.009839512,PkC_cs
0.016690701,-0.02659937,0.0033066422,-0.0014759898,-0.010195315,-0.0015027374,0.023014076,0.012441099,0.009946562,0.011925682,0.007131655,-0.004404068,0.0032983467,0.01357225,0.0037722215,0.017675096,0.0033864751,0.01168327,-0.00026486814,-0.0034796707,0.003469945,0.028171273,0.0032358356,-0.02079251,-0.00056415796,0.004681058,0.015632462,-0.021022627,0.02638935,0.002093304,PkC_cs
0.0052947737,-0.013741821,0.0008519441,0.0010937452,-0.0026067384,-0.002601169,0.009328991,0.0022372976,0.0018267669,0.009189278,0.0018111542,-0.0023844913,0.0012614953,0.009687848,0.004062161,0.010871138,-0.0029562004,0.003436625,-0.00033949316,-0.0014929958,0.00015134923,0.013183191,-0.00095179304,-0.0020778552,0.0041934103,0.00058044493,0.0040449016,-0.0068048593,0.006680593,7.707998e-05,PkC_cs
0.0013634525,-0.0029038414,-0.0010141879,-0.0005338192,0.0015419163,0.0017246939,0.00014472008,-0.0019272864,-0.0008409135,-9.521842e-06,0.0022490397,0.00079134107,0.0016992488,-0.0012145527,0.0056323856,0.0039744787,-0.0029088426,0.0006166324,-0.005701527,0.0015792102,-0.00486234,0.0007239729,-0.0012930743,0.008137658,0.005367875,-0.00070756674,-0.005385343,0.005433155,-0.005744502,-0.00961538,PkC_ss
-0.002637826,0.106918685,0.00025862455,0.017177358,0.016255666,0.00718401,0.0021436512,0.0050096586,0.0286538,0.042341784,-0.0133771375,-0.005907133,0.040054888,0.0068186335,0.030212559,0.01690802,-0.0037774649,-0.0717537,0.033566132,-0.027585926,0.02453024,0.06948455,0.029657144,-0.0410854,-0.048943356,0.006440006,-0.011575267,-0.057807006,-0.045295477,0.04663623,PkC_cs
-0.0024275891,0.0006699115,-0.0054065585,0.0010053962,0.0056605376,0.0074452385,-0.0095651,-0.010185614,-0.0073093697,-0.0073280334,0.001233168,0.0025133863,0.0035626455,-0.0059328787,0.004806295,0.000969328,-0.001999203,-0.0024426281,-0.0032079518,0.0031742062,-0.008392553,-0.009959154,0.0013602823,0.018866107,0.00816942,-0.0016128719,-0.010043271,0.013515256,-0.015219562,-0.01491639,PkC_ss
0.01979129,-0.014936119,0.014745295,-0.0012273043,-0.014964156,0.005946152,0.030061543,0.010350153,0.020527095,0.016564056,0.011077207,-0.0068423375,-0.0021884176,0.013285562,0.002755925,0.016759478,0.004837664,0.008320086,0.0069227368,-0.009772312,0.0022101398,0.025705684,0.0090823285,-0.027724326,-0.007068366,0.00483191,0.012808599,-0.022638936,0.03115372,0.0017248578,PkC_cs
0.002229331,-0.0015829504,-0.0043364465,-0.0024566501,0.006094765,0.004215099,-0.0037904233,-0.005917281,-0.0040912256,-0.006256774,0.0023816153,0.00069218874,0.0017667667,-0.004010301,0.0068259165,0.0033786371,-0.0013921857,0.00026777387,-0.0061511695,0.0020611305,-0.005301276,-0.004136514,-0.00076268986,0.011927962,0.0072390065,-0.0023430958,-0.008659922,0.010444615,-0.008963898,-0.014640298,PkC_ss
0.0011925586,-0.0055555627,-0.0032093376,0.00059093535,0.0029696822,0.0024323761,0.00020955503,-0.0031795353,-0.0029597878,-0.0014860332,0.0028329492,0.0013146773,0.0018972512,0.000868462,0.0016520992,0.006534785,-0.00039826706,0.0001957044,-0.0051986426,-0.00072070584,-0.005281586,0.00050435215,0.0016877018,0.0061414316,0.0074313655,-2.0712614e-06,-0.0020904802,0.0021218266,-0.0030988976,-0.0074954443,PkC_ss
0.003920179,-0.004591495,-0.0025820732,-0.0020554066,0.00285225,0.0020744912,0.0013261884,-0.0023845434,-0.0016071051,-0.0021189004,0.0030166656,1.28000975e-05,0.0012503339,-0.0012039319,0.0049215555,0.004343681,-0.002962172,0.000759162,-0.006173402,0.0020421986,-0.0044244723,0.001419954,-0.00045873225,0.0070758834,0.0050035715,-0.0010358542,-0.0047467537,0.006058272,-0.0037345737,-0.010946605,PkC_ss
-0.00039209053,0.00370007,0.0021131784,0.0039018542,-0.0030794293,0.0031315796,-0.0033887923,-0.0036449581,0.0033888817,0.0031293035,0.0029574893,-0.0017464533,-0.002022544,-0.00012779981,0.007527888,0.0031839795,0.0005276613,-0.0044688657,-0.00041897595,0.0016793907,-0.0079024015,0.00037939101,-2.4825335e-05,0.005918622,0.0032681823,-0.0005499646,-0.0045579895,0.008290732,-0.00816071,-0.011247847,PkC_ss
-0.000925038,-0.00055482984,-0.0026111752,0.002017185,0.0036002323,0.006318506,-0.004579112,-0.0050026774,-0.0026069805,-0.004331708,0.005230114,0.0044765323,0.0018894442,-0.0040615164,0.0034365878,0.0012107342,0.0005018115,-0.0011053011,-0.005678773,0.0016250014,-0.00862207,-0.0066939816,0.0019298382,0.012926698,0.0055892915,-0.00058635324,-0.006823048,0.0102075,-0.010240518,-0.009873658,PkC_ss
-0.002901841,0.0023413002,-0.0046340823,0.001857996,0.004861787,0.007428402,-0.009152681,-0.008219451,-0.0032991841,-0.0049479157,0.0028732643,0.003597483,0.00389534,-0.005878832,0.001658082,-5.0928444e-05,-0.00091571175,-0.0011238828,-0.004127115,0.0029276758,-0.008673954,-0.009324394,0.0015778206,0.014882639,0.006428018,-0.0023182184,-0.0068177916,0.010642385,-0.014190696,-0.009462114,PkC_ss
0.0062400196,-0.024864934,-0.013032779,-0.009097308,-0.008325078,-6.368011e-05,0.02553869,0.012826562,0.011670873,0.0053764284,0.009436633,-0.0009616837,-0.007668919,0.022901144,-0.0063662194,0.0069559067,0.010340961,0.014705077,-0.008050576,-0.018891493,0.008273037,0.028198266,0.0023408718,-0.027920522,0.0052065253,-0.0093364045,0.009546533,-0.012090077,0.047941715,0.00030250475,PkC_cs
0.00074932724,0.0014958531,-0.0025223792,0.00024290383,0.005251579,0.0037629046,-0.0061541647,-0.0054486543,-0.0023843572,-0.0024949908,0.0032114498,0.0012767762,0.0006998605,-0.004050363,0.00685592,0.001348529,-0.00012884103,-0.0011979267,-0.0034332722,0.0027228836,-0.0059259394,-0.0043479316,-0.0029922612,0.01380419,0.0034652054,-0.0033104941,-0.007645879,0.008805556,-0.010914944,-0.014564801,MFB
0.00048504397,-0.0038229302,-0.0020649135,0.0038785934,0.001160495,0.004277017,-5.762279e-05,-0.006816089,-0.0021317042,0.0008022636,0.0016822256,0.00015787035,0.00085881026,0.0032797754,0.003307633,0.008731719,-0.0011236146,-0.00059084594,0.0015576184,0.0007391181,-0.006982128,0.0018585697,0.00061192736,0.0062934235,0.0061891526,-2.8826296e-05,-0.0019311532,0.0043864567,-0.0046861097,-0.010053802,MFB
-0.001327265,0.004000008,-0.001954019,0.0009751171,0.0036475398,0.00584843,-0.007004395,-0.007236302,-0.0028813519,-0.002685368,0.0016596317,0.00011870265,0.0019528484,-0.00483397,0.0061923414,0.0029811673,-0.0017920956,-0.004710391,-0.0023322105,0.003316626,-0.0078059575,-0.006230511,0.0005556084,0.012681454,0.0064788386,-6.5252185e-05,-0.009538215,0.011876538,-0.011914194,-0.013412524,MFB
-7.8469515e-05,-0.0036950633,-0.0044740885,0.001916334,0.006474249,0.003919728,-0.004912868,-0.009392291,-0.005397942,-0.0038276613,0.00035548583,0.0020520762,0.0059278687,-0.0016336218,0.0037164018,0.008026056,-0.0009950716,-0.00022371113,-0.003378734,0.0007696133,-0.0065517845,-0.0027958192,0.0012163334,0.010423608,0.009185068,-0.0009756163,-0.0045869127,0.0049891677,-0.011164904,-0.009089567,PkC_ss
0.0027100537,-0.0043025166,-0.0010329634,-2.732873e-05,0.000903707,0.003592994,0.0005504936,-0.0025762022,0.00044323504,-0.0017209649,0.0028279573,0.0008058399,9.349082e-06,-0.0006062314,0.0049777776,0.0039970614,-0.0011602845,0.0020785183,-0.0034704208,0.0016061328,-0.0055706445,0.00073595345,-0.00096391514,0.0064468086,0.0047517866,0.00012002885,-0.004492063,0.0054598134,-0.0016507879,-0.009693865,PkC_ss
0.0061057266,-0.0066935346,-0.0003375113,0.003970191,-0.004228905,-0.0011527874,0.014244944,0.004363425,0.009593517,0.021271214,0.010472182,0.00033739954,0.00062880106,0.01168387,-0.000960052,0.009027369,0.0008138865,-0.006401986,0.0064590573,0.005524003,0.0038591088,0.022572193,0.0033285357,-0.011679135,-0.0055852532,-0.0021680295,0.010713354,-0.018740121,0.010955997,0.006013412,PkC_cs
-0.00031019747,0.0045059845,0.00064750016,0.0037819147,-0.0020104386,0.003257636,-0.0036095232,-0.0038740188,0.0033131316,0.0025492907,0.003419686,-0.0016215667,-0.0014148597,8.015707e-05,0.00743109,0.003892038,0.0009987298,-0.0043504387,-0.00010280311,0.0022563357,-0.0073525617,-6.585196e-05,-0.00025917217,0.0063981563,0.00455603,-0.0010752305,-0.0048273243,0.00885875,-0.009047516,-0.012131754,PkC_ss
0.005149467,-0.014861494,-0.0066393316,-0.009680241,-0.0060362145,-0.0067894943,0.020797871,0.010367565,0.010067888,0.0051371157,0.0022594929,-0.008059293,-0.0044239312,0.022845779,-0.008159421,0.0019874275,0.0057585184,0.0045721903,0.005451292,-0.013013786,0.01272198,0.027668977,-0.0020620972,-0.022156116,0.00089779496,-0.006704457,0.0039996095,-0.008284908,0.04671974,0.0072743185,PkC_cs
0.017611584,-0.020499423,-0.022674806,-0.012139559,0.022545572,-0.009925142,0.017561153,0.0083311945,-0.005945649,-0.0011821091,-0.0049846247,-0.010545641,0.012864586,0.007821824,-0.004229255,0.01437474,-0.027609361,0.012496918,0.001579389,0.019283075,0.0076866895,0.007036727,-0.01078463,0.0019876957,0.014747448,0.0059524253,0.008038506,0.011981981,0.005529493,0.0020262934,MLI
-0.0003047213,0.0005459115,-0.006355375,-0.00060993433,0.006771691,0.0068940744,-0.0075706095,-0.008543104,-0.0048957206,-0.008336246,0.0022931062,0.0028158352,0.0031953203,-0.0073266514,0.004061073,0.0009920821,-0.0013920385,-0.0022895858,-0.0065323412,0.0025363136,-0.008539944,-0.007877775,0.0014429651,0.014673196,0.0070778355,-0.0018494204,-0.008907475,0.012236986,-0.011981301,-0.014262266,PkC_ss
0.0044622924,-0.008722454,-0.0026647598,0.0031253546,-0.0135938,0.00081301853,0.013486907,0.0051490664,0.018916667,0.0097415,0.006857373,-0.0019611344,-0.009209073,0.018011816,0.0026676357,0.008074217,0.00905419,0.0072987005,0.0045307577,-0.018066196,0.0036019958,0.022975877,0.0026946217,-0.025105376,-0.0052052885,-0.00255578,0.006215006,-0.008816593,0.03516537,0.0001539886,PkC_cs
0.0010806881,-0.0026783198,-0.0019355565,0.00055137277,0.003104873,0.003982961,-0.0017518252,-0.0051823705,-0.0026048087,-0.0028395653,0.0011658594,0.0003202781,0.0017604057,-0.0017742738,0.0047757626,0.0054584593,-0.00090573914,-0.00072225183,-0.0045889914,-0.0002971813,-0.0061641727,-0.0024225935,0.0017233938,0.0072246715,0.0071518347,-0.00072976947,-0.004313752,0.006548146,-0.0060680807,-0.00992199,PkC_ss
-0.00013431534,-0.0004800558,-0.0044079125,0.0013640374,0.004158668,0.0056408606,-0.00042706728,-0.003803268,-0.0018328838,-0.0022044033,0.006481234,0.0037596375,0.0030931898,-0.0022093542,-0.00084071606,0.00046904013,0.0017392896,-0.0029202774,-0.0061009377,0.0009689126,-0.0062039215,-0.004262965,0.0056830943,0.008462369,0.0042609125,-0.004224077,-0.0010219328,0.004538318,-0.009772614,-0.0046118014,PkC_ss
0.00011635944,-0.00052562356,-0.0033121556,0.0012503117,0.003934782,0.0034705475,-0.004453987,-0.0067262053,-0.003815394,-0.0025260895,0.0017518252,0.00080309063,0.0032401774,-0.0020619035,0.0063095167,0.005466804,-0.0006656889,-0.0016970932,-0.0045377463,0.0015689377,-0.006466397,-0.002969835,-0.00044655055,0.01203534,0.008472607,-0.002531238,-0.0066949353,0.008618785,-0.011882916,-0.012579247,PkC_ss
0.0033393186,-0.0013252869,-4.8041344e-05,-0.004584193,-0.0064080134,0.0010984018,0.021062158,0.01076898,0.017624713,0.013920978,-0.0013297759,-0.0053718835,-0.0034061046,0.011850849,-3.361702e-05,-0.0060914047,-0.0071035977,0.0031582788,0.017704532,0.009621976,0.013381058,0.016629837,-0.00022064522,-0.007572457,-0.007275343,0.0024130866,0.0023917034,-0.017472312,0.022267327,0.009384513,PkC_cs
0.0017168373,-0.012795858,-0.004704699,-0.0073820204,-0.009244934,-0.0023763776,0.019263774,0.010894388,0.013647415,0.0059342533,0.00209276,-0.0064064413,-0.006727391,0.02094568,-0.005461797,0.00043774396,0.011544583,0.00469061,-0.0013410002,-0.019266745,0.009447824,0.022490483,0.0038992278,-0.025378726,0.0038999766,-0.008881509,0.006809924,-0.010152265,0.04000661,0.007970419,PkC_cs
-0.0015717559,0.0004480332,-0.0043485165,0.00094772875,0.0049626976,0.0051084533,-0.010346189,-0.009013817,-0.0060072616,-0.005213812,0.0030467361,0.0017864034,0.004122389,-0.005649071,0.006439626,0.0020973757,-0.00070302375,-0.0020330101,-0.0051583797,0.00418921,-0.008151994,-0.008980453,-0.00064486265,0.019222729,0.008992009,-0.003280118,-0.010043036,0.014085833,-0.016961679,-0.015226923,PkC_ss
0.00021929294,0.0031929687,-0.0032922179,0.0012095273,0.004302215,0.005675368,-0.0055145025,-0.008078396,-0.0029939264,-0.0036614835,0.0016832799,0.0006343201,0.0018198602,-0.004075337,0.006454982,0.0030846,-0.0013197996,-0.0041163117,-0.0026487708,0.0019105785,-0.007813538,-0.005051598,0.0009769015,0.012044132,0.005885139,-0.0020893663,-0.008528873,0.011490352,-0.011864364,-0.014076903,PkC_ss
0.0071824454,-0.016571224,-0.011415482,-0.0077805966,-0.00590948,0.0002708733,0.01572074,0.0028186813,0.00830818,0.000627175,0.009631034,-0.004157923,-0.005705636,0.02273424,-0.0017302185,0.014464794,0.011041889,0.009685613,0.0007390082,-0.01575576,0.008889656,0.025920102,-0.000108495355,-0.019109208,0.0073246732,-0.008764185,0.0020602196,-0.0069632223,0.034140304,-0.0031833686,PkC_cs
0.001107391,0.0008113235,-0.001925543,-0.00028641522,0.0036007427,0.004476052,-0.0027219802,-0.005760893,-0.0021202117,-0.0044078976,0.0023387223,0.0013135746,0.00017759297,-0.0027070902,0.007014312,0.003908731,-0.0008785054,-0.0019990653,-0.0038682222,0.0037165172,-0.0066212574,-0.0037325248,-0.001790069,0.012298085,0.007618621,-0.0010614693,-0.009571154,0.010837143,-0.009765901,-0.014427159,PkC_ss
0.0010710433,-0.00023921579,-0.003474608,0.0003721714,0.0032182075,0.005478382,-0.005503848,-0.006431788,-0.0023434162,-0.0043450147,0.002568148,0.0010604262,0.0023499692,-0.0039883964,0.0074393004,0.003969196,-0.0012108348,-0.0005238801,-0.0043988377,0.0026550684,-0.00649947,-0.0038385391,-0.0011122301,0.012925185,0.0070143268,-0.0021411926,-0.008270621,0.011429507,-0.010320075,-0.013808142,PkC_ss
-0.0017450638,-0.00015703589,-0.0045383275,0.0007118434,0.0056950785,0.0054408796,-0.009153962,-0.009009093,-0.005900629,-0.0077913553,0.0024981909,0.0029310137,0.0027693403,-0.004521031,0.0051102266,0.003255792,0.001162447,-0.001395598,-0.0042256415,0.0043170396,-0.0080580665,-0.0091758445,-0.0017113872,0.018547818,0.011089966,-0.0021997616,-0.010076843,0.0127449855,-0.015283659,-0.01478909,PkC_ss
0.0056867357,0.010654978,0.0012275279,-0.044196397,0.01202029,0.019293817,0.013933413,0.043606527,-0.0018387884,0.011657625,0.0059694536,-0.02659282,0.00497986,0.025351524,0.019206502,-0.0010480471,0.027467797,0.0127552,-0.0343733,-0.02010862,0.015312035,0.06949437,-0.0023938194,-0.025070831,-0.013254389,-0.013825774,-0.020516116,-0.042605985,0.030105885,0.025607517,PkC_cs
0.003421981,-0.008148104,0.00056150556,0.0031951666,5.5760145e-05,-0.0007905103,0.0018776357,-0.0047011077,-0.0013223104,0.0022678226,0.0024803095,0.00018191338,0.0014005543,0.0071132816,0.0036838204,0.011108771,-0.0014103185,0.001403287,0.0031891763,0.0031708833,-0.003912487,0.0053194724,-0.0031783842,0.0074018836,0.008965366,0.002885744,-0.0035931617,0.00058477186,-0.00060933083,-0.0053606965,PkC_cs
0.0011268966,0.00096120685,-0.0025969297,-0.00027163327,0.0031688176,0.0047644563,-0.004729897,-0.0063611865,-0.0030356124,-0.0037925094,0.0021776706,0.00047000498,0.0023458311,-0.0038320757,0.0074371397,0.0034208484,-0.0018238612,-0.0018591881,-0.0044148862,0.003066985,-0.006071561,-0.0034651272,-0.00075662136,0.0137544125,0.0070490465,-0.0019536614,-0.009262487,0.01002375,-0.011367843,-0.014136098,PkC_ss
0.0006387606,-0.00053777546,-0.00352256,-5.2407384e-05,0.0044464283,0.00570203,-0.004962027,-0.0071561635,-0.0035166033,-0.0056276172,0.002404973,0.001719214,0.002245634,-0.003724765,0.006140165,0.004101932,-0.00042220578,-0.0010377914,-0.0046447366,0.0031977464,-0.0070672585,-0.0048755184,-0.0012106784,0.014604315,0.008711934,-0.0019243136,-0.009043548,0.010656973,-0.011336088,-0.014863476,PkC_ss
-0.00065436587,-0.0010685101,-0.005966887,-0.0016269535,0.0062137097,0.005432371,-0.00730522,-0.008216068,-0.0067022517,-0.0067736655,0.0009398535,0.0017024875,0.004209635,-0.0050045587,0.0038764551,0.0010566413,-0.0015961751,-0.00029411912,-0.005975783,0.0033775754,-0.0071416507,-0.0068903863,-0.00032820925,0.016863808,0.009682834,-0.0031809956,-0.009479877,0.009824108,-0.012532383,-0.014008775,PkC_ss
0.0059717633,-0.013049729,-0.005783424,-0.010772437,-0.007906169,9.277463e-05,0.021068223,0.006530486,0.011306733,0.005167544,0.006909933,-0.0067121685,-0.0042029545,0.021686517,-0.007035058,0.005538419,0.008714737,0.008106582,0.0005850643,-0.019752739,0.010152295,0.026010983,0.0049113035,-0.024000071,0.0028621703,-0.008457623,0.0037980862,-0.013750698,0.03846498,0.0016598031,PkC_cs
0.0020379834,0.0016565844,-0.0011834204,0.0015993714,0.0017957389,0.005043898,-0.0011255741,-0.004374683,-0.00025342405,-9.377301e-05,0.0028840974,0.00026391447,-0.00063113496,-0.0018084496,0.005197607,0.003935758,-0.0015414376,-0.0038133413,-0.001270771,0.0017995946,-0.0077219782,-0.0012186803,0.00034701452,0.008162737,0.0036439449,0.00032890588,-0.0058208555,0.0070334505,-0.005626604,-0.013421774,MFB
0.00077054277,-0.001865603,0.00043059886,0.0022339374,0.0016333051,0.00036610663,0.001965493,-0.0028794557,-0.0013199858,0.0011084527,0.0016493201,0.001291506,-0.0015112641,0.0017961189,0.003457494,0.005439203,-0.00118112,-0.0029760376,-0.0006888211,0.0007772036,-0.0047448184,0.0016358197,-0.000672698,0.005014293,0.0032747388,0.00091984123,-0.0031285286,0.002150666,-0.0021260753,-0.0081005655,MFB
0.0020510517,-0.0021999106,-0.000360772,0.0013899058,0.00015327334,0.0024146438,0.0013744235,-0.002684012,-6.259978e-05,-4.9620867e-05,0.0011460409,0.00045113266,-0.00018510409,0.0009537749,0.0048212856,0.0045935735,-0.0017979164,-7.181615e-05,-0.0028186888,0.00075002015,-0.005368501,0.0017706677,-0.00045843422,0.006013289,0.0045225173,-0.00079646707,-0.0031420514,0.0037717074,-0.0038320273,-0.009086885,MFB
0.00058286265,-0.0027886704,0.0004566759,0.0034467578,5.793199e-05,0.0022644773,-0.00029458106,-0.0057107806,-0.00090608746,0.0012380034,0.0027518496,8.638948e-05,-0.0014781333,0.004508611,0.0055264756,0.008956123,0.0013290662,-0.00045758486,0.0015458167,0.00038442016,-0.0059725074,0.0019535422,-0.0014983788,0.005890988,0.007071659,-0.000797607,-0.003106553,0.004472645,-0.0053614676,-0.010162149,MFB
-0.00077601895,-0.0005920157,0.0008971989,0.0037809312,0.0015782155,0.003471665,-0.0035624355,-0.008591518,-0.0035202056,0.0013621151,-0.00045738742,-0.0020327866,0.0010792287,0.0029245876,0.0077829883,0.009288494,0.00030978583,-0.0011919141,0.0018268973,-0.0006037466,-0.006722844,-0.0015667938,-0.00028655678,0.008825339,0.008439794,-0.0020690933,-0.0049604625,0.0068889055,-0.009929612,-0.01214809,MFB
0.0012500286,-0.0020204857,-0.0017201304,0.00048974156,0.0018604882,0.0045020245,0.0010482669,-0.0029680878,-0.00094868615,7.164478e-05,0.0023054332,6.60643e-05,0.0006633247,-0.00078571215,0.004331045,0.0049758963,-0.0029477645,-0.0016022995,-0.0029937774,0.00234548,-0.0057176957,0.00032713264,0.00048583746,0.00744614,0.004926175,0.000782758,-0.0046483427,0.005794853,-0.0037962645,-0.010756142,MFB
-0.0030538552,0.0040779933,-0.0028684735,0.0021655262,0.0048796125,0.0060019195,-0.006843567,-0.009611487,-0.0043745004,-0.002885878,-0.00059936196,-0.00044182688,0.0031689266,-0.0033366792,0.006544031,0.005792875,-0.0009755995,-0.0050088093,-0.0013481677,0.0020577013,-0.008030978,-0.006511301,0.0018359646,0.011482723,0.009457909,-0.00076650083,-0.008276194,0.011047848,-0.014936097,-0.012843959,MFB
0.0026164018,-0.0031748638,-0.00160034,0.0013665855,0.0006264858,0.004058644,0.0010458082,-0.0021666288,0.0007853806,0.0007432699,0.002341576,0.0001174584,-2.3164786e-05,0.00026275218,0.004946813,0.004509758,-0.002912784,0.0007805005,-0.00088752806,0.0012690797,-0.0055159796,0.0020485334,-0.00027279183,0.0058607087,0.0023152381,0.0011719316,-0.0028494932,0.004293205,-0.0016945824,-0.0100711845,MFB
-0.0013121217,0.002154708,-0.0024341196,0.00048567355,0.00479291,0.004824329,-0.0055773407,-0.0067757666,-0.003046371,-0.0049856156,0.0010928586,0.001480855,0.002353704,-0.00385857,0.004699804,0.0034501217,-0.00065833144,-0.0021055937,-0.0028612018,0.0028419085,-0.006525426,-0.006208405,0.0002098456,0.012026064,0.007842898,0.000104017556,-0.008455474,0.008860992,-0.011056244,-0.01105386,MFB
-0.000109326094,0.0011513904,-0.0010761917,0.0011147857,0.0035914779,0.0048355795,-0.0012332499,-0.005700454,-0.0025910437,-0.0024230331,0.0016573146,0.0004451722,-0.00036398415,-0.0020222887,0.0046584904,0.0042073093,0.000148369,-0.0037557036,-0.0029967874,0.0010585822,-0.007612438,-0.003179945,0.0012356862,0.007935964,0.005493313,-0.00087516755,-0.005936891,0.007845711,-0.006922111,-0.013024643,MFB
-0.0003859736,0.002320543,-0.00336048,0.0016872734,0.003670197,0.0069002174,-0.0052782446,-0.0068826675,-0.0024952106,-0.0037044734,0.002727192,0.000254184,0.0016389086,-0.0032993741,0.0059871376,0.0058436133,0.00042594597,-0.0035973936,-0.0018166304,0.0012097973,-0.007815146,-0.005748324,0.0013674162,0.011201747,0.008240014,-0.00033063442,-0.0074948855,0.011283074,-0.010438994,-0.01469738,MFB
-0.0018440448,0.0024209768,-0.0018771142,0.0006477386,0.0055858977,0.004861485,-0.007235557,-0.0069790035,-0.0032247715,-0.0047038943,0.0029480383,0.003918238,0.00202691,-0.0075477846,0.0040906295,-0.000521332,-0.0024387073,-0.0025671795,-0.0054245144,0.0041609984,-0.008949199,-0.009067774,-0.0008313991,0.015998073,0.0044896603,-0.00017342716,-0.010085776,0.011506967,-0.013664708,-0.012796424,PkC_ss
-0.00063057244,0.0018984005,-0.0025385022,0.0009589344,0.004013393,0.0050634556,-0.0077610016,-0.00793086,-0.003707379,-0.0065339506,0.002355229,0.0033630356,0.0015555059,-0.005247157,0.0060991123,0.002058562,-0.00034894422,-0.0021390915,-0.0038092434,0.003946487,-0.007715623,-0.0076546893,-0.0016565956,0.016085744,0.0070689544,-0.0014952272,-0.010362975,0.012489269,-0.013717912,-0.014893234,PkC_ss
-0.0027878992,-0.0020392463,-0.008929625,-0.00087331235,0.007861342,0.006530542,-0.012638688,-0.010990471,-0.009229843,-0.01017715,0.0016602613,0.0026825294,0.005715869,-0.0064189173,0.005103849,0.0036666207,-0.0009779371,0.00093046576,-0.0069299787,0.0018397607,-0.0072701992,-0.011777766,0.0007691905,0.018826813,0.012151457,-0.004417017,-0.008985225,0.015830293,-0.01855316,-0.014843971,PkC_ss
-0.0016616024,0.0028583407,-0.00441961,0.002533868,0.0036938712,0.0056334697,-0.011147842,-0.009097621,-0.0042351596,-0.0048828274,0.0031767003,0.0014760196,0.0043549268,-0.0051481836,0.0049534217,0.0022944175,0.00027932413,-0.0037629306,-0.0040153116,0.004166104,-0.0091500385,-0.008675545,0.0003216155,0.017687418,0.0089652985,-0.0031614155,-0.008424554,0.014325768,-0.01811976,-0.014041714,MFB
0.0034607165,-0.0027433708,0.0012043715,0.0014410317,-2.5827438e-05,0.0009577051,0.0006701201,-0.001573056,0.00053615123,0.0022079349,0.0025915988,-0.001268819,0.001397541,0.0009984598,0.005179599,0.0053557083,-0.0007586684,-0.0014287457,-0.0032251626,0.0019351877,-0.0056609875,0.003073372,-0.00043700263,0.006744422,0.0046393126,0.00016943365,-0.0027661026,0.0018345993,-0.0052486286,-0.0072858,MFB
-0.0010906309,0.0014081374,-0.0049945414,-0.0007407665,0.0068874024,0.0050734654,-0.008316547,-0.008456409,-0.0056704953,-0.005403936,0.002490759,0.0036663786,0.004418232,-0.007223334,0.005138494,0.0005129464,-0.0042339414,-0.0011450276,-0.005880624,0.0045583807,-0.0071512638,-0.008597791,-0.0011879951,0.017618574,0.006439209,-0.0028290227,-0.010639712,0.01337133,-0.015762866,-0.013860196,PkC_ss
0.0006559193,-0.0020459965,-0.0012072623,0.0022799224,0.0018174909,0.0023148507,0.0005980432,-0.0031202137,-0.00060841814,0.001119718,0.0014097355,0.000826478,-0.0007422711,0.002016496,0.0035922304,0.0056058206,-0.0024978314,-0.0005773455,-0.0014537126,0.00090915896,-0.005957786,0.0011044517,-0.00045592338,0.0060563385,0.004780099,0.0012915209,-0.0031510182,0.003353024,-0.0036292523,-0.008256026,MFB
0.0014810599,0.016709857,0.016882896,-0.010334551,-0.008079663,0.004517354,0.015476875,0.021475948,0.022584066,0.017570525,0.003951434,-0.011091694,-0.022277389,0.011811055,-0.010690853,-0.009900425,-0.002417313,-0.0058537275,0.008042291,0.0148297,0.0022162665,0.00014312938,0.008593868,-0.028045908,-0.0052967668,0.009917513,0.0012639202,-0.0035038153,0.021478247,0.024038477,PkC_cs
0.0037686154,-0.005662866,0.00043967366,0.0002194941,-0.0003684461,0.0023930036,0.0026407838,-0.00086948276,-0.0005533062,0.0016841888,0.0022095963,-0.0012728795,0.00039600162,0.0017254241,0.004353337,0.0061612315,-0.0021301322,0.00038909912,-0.0033717155,0.0008823704,-0.0048910147,0.0032810569,0.0013524592,0.0041095912,0.004891053,0.0019994974,-0.0021822453,0.0010639261,-0.00010185689,-0.006721705,PkC_ss
-1.6979873e-05,0.0007365495,-0.0031249225,0.00037147105,0.0047231615,0.004187666,-0.0049444437,-0.0055332035,-0.0030981451,-0.0030774325,0.0017530434,0.0023185313,0.0037484542,-0.0048929937,0.0044589564,0.0018474683,-0.0028133392,-0.00055032223,-0.0057859123,0.001974348,-0.007032483,-0.0053022094,-0.00016615167,0.013219491,0.006033793,-0.0015349314,-0.007409472,0.0081503615,-0.01161062,-0.01133563,PkC_ss
-0.0049621537,0.007618949,-0.0018751919,0.0054189414,0.0009328984,0.005935099,-0.013908848,-0.011025369,-0.0018931665,-0.0018142313,0.0031517856,0.00032827258,0.0012869791,-0.0044883825,0.0075502843,0.0013852082,0.002221441,-0.0068731755,-0.000101938844,0.003925452,-0.010461048,-0.008734137,0.00016877428,0.016966,0.0073536336,-0.0033073649,-0.009246927,0.015197087,-0.020538904,-0.015590243,PkC_ss
0.0018689446,-0.0014344528,-0.00412561,-0.0006135702,0.0048969314,0.0052638054,-0.002710268,-0.0062194765,-0.0023701862,-0.0041052997,0.0029723346,0.0012901276,0.0022921239,-0.003970314,0.0066392794,0.004446525,-0.0025451276,-0.00012487173,-0.004816279,0.0012851711,-0.00655857,-0.0021797866,5.979091e-06,0.009904698,0.005907893,-0.00043495,-0.0083298385,0.0100705065,-0.006347902,-0.01432056,PkC_ss
0.008529678,-0.01577568,0.0025107116,-0.00989531,-0.015320197,-0.011590909,0.023307703,0.020053796,0.013438284,0.0052296966,0.0025484562,-0.011256874,-0.0035586702,0.022973206,-0.013280269,-0.00439734,0.01661489,-0.0034358352,0.00067956746,-0.018913975,0.013410687,0.027442072,0.0075602457,-0.032500654,0.00014860928,-0.007862166,0.014635488,-0.014820525,0.04934378,0.019986687,PkC_cs
0.0066960733,-0.03883627,-0.022424862,-0.014192104,-0.005367473,-0.0027069785,0.02676905,0.019005097,0.007412523,-0.0011286736,0.014889445,0.004323229,-0.00917382,0.025581252,-0.0051780865,0.012848904,0.013898419,0.023504272,-0.014202312,-0.015243383,0.011623937,0.028590333,-0.003488589,-0.027829006,0.014768653,-0.0080563575,0.010079958,-0.008763517,0.054443926,-0.0006514974,PkC_cs
-0.0009523332,0.00070702285,-0.0012204796,-2.3290515e-05,0.004071545,0.004124686,-0.0051668286,-0.0062193274,-0.0046743266,-0.0032052994,0.00038138032,0.000112079084,0.0019895006,-0.0032316558,0.004765354,0.002849348,-0.0012822673,-0.0024179518,-0.0044691116,0.0014170147,-0.0068332655,-0.0050584376,0.0013981946,0.011049546,0.0070445836,-0.00027929246,-0.007851936,0.0075844787,-0.009514056,-0.01068553,PkC_ss
0.03817041,-0.0478343,-0.045619845,-0.031310968,0.03618767,-0.01031258,0.021763436,0.019439057,-0.016394462,-0.02548799,0.000113960356,-0.013349161,0.03642208,0.0013385266,-0.024607643,0.0036093928,-0.032771494,0.0332954,-0.009441197,0.010400449,0.01910593,-0.016591713,-0.0034139715,0.023821034,0.03313847,0.0013457611,0.02282625,0.016053114,-0.0034993365,-0.0027857572,PkC_ss
-0.0006375648,0.0012352914,-0.0018706024,7.687509e-05,0.003203977,0.0060999542,-0.0015792102,-0.0032654405,-0.0018463358,-0.0032621175,0.0061101615,0.005135864,0.0016039661,-0.0043675043,0.0010836422,0.00013517961,-0.00093478337,-0.0016222522,-0.0072402507,0.0014179945,-0.008296405,-0.005690478,0.0033013783,0.010437734,0.004347563,-0.00019565225,-0.00681822,0.0071800556,-0.00958316,-0.0076587275,PkC_ss
0.0087248925,-0.009703122,-0.009410426,-0.0076037794,0.017014187,-0.008955631,0.020961545,0.0066114515,0.0008814484,0.012594104,-0.0049659945,-0.010204241,-0.0007351786,0.009509798,0.0045223013,0.017009046,-0.026609257,0.0027241558,0.0036272109,0.024742665,0.003843214,0.019981347,-0.013367604,-0.013155434,0.004617393,0.011756696,0.0007706806,0.005810082,0.017617926,0.0087724775,PkC_cs
0.020455875,-0.020848788,0.0077780187,-0.005601555,-0.012915358,0.0046439953,0.029276356,0.013542153,0.017298415,0.011105403,0.015620738,-0.006257683,0.00057360483,0.014412973,-0.00091430545,0.01873967,0.010399869,0.011301383,0.004697755,-0.006902382,0.0025942968,0.025196392,0.008086283,-0.026336458,0.00011137128,0.005167708,0.014461637,-0.021940269,0.02943508,-0.004074689,PkC_cs
0.0011354908,0.00033003837,-0.002750665,0.0014642626,0.0031489022,0.0049142614,-0.0035520643,-0.005709812,-0.0014418103,-0.004419893,0.002504468,0.0024805516,0.00047284365,-0.0026983134,0.0059582964,0.0038065761,-5.5219978e-05,-0.0012500435,-0.0021281987,0.0027271602,-0.006770176,-0.003981836,-0.0009819083,0.0109239295,0.0060279667,-0.0005671531,-0.007326115,0.0094786715,-0.008180559,-0.013375569,PkC_ss
0.019985072,-0.026153304,-0.034482747,-0.027063057,0.02205753,-0.0037407763,0.015293606,0.008039452,-0.01616503,-0.034876883,0.013258677,0.010173894,0.019040126,-0.0030140914,-0.02021636,0.0039486326,-0.0018035471,0.017758302,-0.020047091,0.011510652,-0.0008619372,0.0024341345,-0.003966987,0.020183228,0.02007693,-0.005220227,-0.0066427216,0.0015649572,-0.00048805773,-0.017879687,PkC_ss
-0.00441695,0.0063050613,-0.0032913387,0.0023403466,0.0050769374,0.005733706,-0.010743797,-0.009313852,-0.003889978,-0.0044626147,-0.0002467595,0.0011063367,0.0035641913,-0.005344812,0.005886823,0.0036004335,0.00033288263,-0.0044260174,-0.0014257133,0.0025999192,-0.008547925,-0.009965651,0.0009822287,0.01296708,0.009185933,-0.0010479242,-0.009023223,0.0123438,-0.017199226,-0.011858374,MFB
0.01163429,0.021141998,-0.0071330816,-0.0422159,0.015373912,0.01309514,0.015783831,0.043914363,0.0010418892,0.016155377,0.0028113686,-0.02591741,0.009779226,0.025500767,0.013580196,0.0057742,0.011910969,-0.0017438084,-0.01763194,-0.017956695,0.021361064,0.06960812,0.0017066151,-0.036021322,-0.019334152,-0.0077630132,-0.013931939,-0.037640482,0.025621887,0.031447276,PkC_cs
0.015065728,-0.018680893,0.005527228,0.0013145357,-0.009505868,-0.00298452,0.020029016,0.009699605,0.010313146,0.014952198,0.0044301413,-0.0071876347,0.0037878072,0.014467251,0.0060287267,0.018260024,-0.00057542324,0.00902231,0.0032966435,-0.005427381,0.0023589386,0.025960144,0.0028783903,-0.01793699,-0.0010430813,0.004949495,0.0131553225,-0.018277846,0.018830813,0.004536081,PkC_cs
-0.003917359,-0.003096521,-0.008551538,0.0023579597,0.0075463317,0.006792411,-0.011898503,-0.010512933,-0.008476689,-0.00793004,0.0039603263,0.005220115,0.0057161245,-0.0064014755,0.0023344755,0.0025129132,0.00021220371,-0.0019426122,-0.0060850233,0.0017797668,-0.008637932,-0.012134537,0.002372343,0.01889339,0.009927817,-0.0032764375,-0.0070601925,0.01482065,-0.016403705,-0.011572693,MLI
-0.0004552193,0.0032515079,-0.001273036,0.00034107268,0.0046378598,0.004796643,-0.0051115155,-0.007231578,-0.0022541024,-0.0033077449,0.001155261,0.0014927164,0.0015917963,-0.005996514,0.007165946,0.0016839281,-0.0030402876,-0.0035543665,-0.0040082335,0.0022590682,-0.0073829563,-0.005364895,-0.00047720224,0.012401886,0.0036901087,-0.0012098402,-0.009655967,0.011328651,-0.012460746,-0.013848402,PkC_ss
0.0019845255,-0.0067544356,-0.0018037856,0.00041262805,0.0033318996,-0.001279775,0.003330037,-0.0015069395,-0.002597265,0.0027648658,0.0012397878,0.00083369017,0.0018360075,0.002107706,0.0024111941,0.0043710694,-0.0056034364,0.0011402667,-0.0053748637,0.0017083809,-0.0031169206,0.0038292892,-0.0019310564,0.007867821,0.0032525212,-0.0014517307,-0.0009740181,0.0005568769,-0.004404038,-0.0055849403,PkC_cs
-8.239597e-05,0.002643682,-0.0025911927,0.0005161166,0.0059404112,0.0055381916,-0.0061306357,-0.006746456,-0.0017446093,-0.004393369,0.0027513728,0.00338649,0.0023576887,-0.0061328523,0.0057610497,0.0018418692,-0.00084172934,-0.0010517314,-0.0040041655,0.0032469798,-0.007350947,-0.006971635,-0.002001673,0.013664715,0.0044228733,-0.0025816485,-0.008571342,0.010716522,-0.013084784,-0.013187859,PkC_ss
-0.0027158968,0.0050226673,0.007519409,-0.006159872,-0.001902651,-0.011765514,0.019029267,0.01810085,0.010292612,-0.0064139217,-0.009699166,0.0052158013,0.00038137753,0.012121517,0.0061597005,-0.009742767,0.0008052178,0.016407415,-0.017445527,-0.012259027,0.0069950544,0.03401559,-0.0016683899,-0.018445134,-0.012953982,0.012043238,-0.008915603,-0.03318359,0.02743125,0.017731646,PkC_cs
0.00027458742,0.005131528,-0.0006093085,-0.0015509427,0.0022318475,0.0051382296,-0.0014119297,0.00034353137,0.00019707531,0.0026850402,0.00879363,0.0036022589,0.0013515106,-0.0018225871,-0.0051490366,-0.004583571,0.0024314784,-0.0025585443,-0.0037265122,0.0015498232,-0.006626523,-0.005309362,0.0039862543,0.006813742,-0.00066816807,-0.0063545182,-0.0014182813,0.0021859258,-0.008474402,-0.0048347972,MFB
-0.0025176927,0.0015202016,-0.002591297,0.0014947504,0.0062420815,0.0051018856,-0.0083210915,-0.009237796,-0.005426053,-0.0052158087,0.0025145188,0.004322402,0.003862867,-0.006401751,0.0027347058,0.0011277385,-0.0015919693,-0.0030162707,-0.005338475,0.0041885525,-0.009485123,-0.011008054,0.0005251914,0.01819586,0.007706277,-0.0014647618,-0.009427547,0.011402076,-0.017862678,-0.012270588,PkC_ss
0.0017441325,-0.0012986064,-0.002052024,-0.0009506792,0.0055327043,0.0032999925,-0.0013595074,-0.0042918026,-0.0017769933,-0.0025229603,0.0034212805,0.0030732974,0.0016173557,-0.00510991,0.006239608,0.0022310987,-0.0030464996,-0.0005186945,-0.0073593557,0.0020200573,-0.006478493,-0.0031910315,-0.0017902628,0.011864737,0.00417307,-0.0014934167,-0.008272979,0.008405868,-0.0088355765,-0.013372418,PkC_ss
0.0031707324,0.03600172,-0.0128227025,0.014248267,-0.002710361,-0.015967619,0.019574359,0.002298154,0.022196911,-0.007414326,-0.014347456,0.01364531,0.00907761,0.01251426,-0.004415758,0.007379364,-0.0064886343,-0.029190622,0.022692129,-0.021677138,0.017635548,0.029499725,0.032042533,-0.05762851,-0.008696556,0.020273067,0.01453485,-0.03145489,0.01736074,0.0379857,PkC_cs
0.001864966,-0.002684705,0.0004736334,1.6868114e-05,0.0012723245,0.0014502555,0.0020370483,-0.0004429072,0.00076491013,0.00081820786,0.0025392137,0.00267943,0.00020958297,-0.0018183962,0.0043195263,0.003271114,-0.0045345984,0.00034009665,-0.005707845,0.0022236072,-0.0060757976,0.0011374727,-0.001972694,0.00661058,0.0022499561,0.0018366352,-0.004999794,0.00434017,-0.0037805364,-0.008816674,PkC_ss
-0.001637619,0.0015119314,-0.0057234764,-0.0020532012,0.00697599,0.0057262257,-0.008637816,-0.008877963,-0.006323021,-0.0062102824,0.0015318841,0.0021350011,0.003487858,-0.006743651,0.006138511,0.00064642355,-0.0033360962,-0.0016271323,-0.0062068105,0.0031707995,-0.0064785713,-0.008150563,-0.00036334246,0.016810246,0.007469423,-0.003559649,-0.01083985,0.012884213,-0.015865192,-0.015016869,PkC_ss
-8.225441e-06,-0.0012954026,-0.0043630004,-0.00095301867,0.0064350553,0.00594683,-0.003355056,-0.0051294267,-0.0041562393,-0.0043135583,0.00332338,0.0021904558,0.0027957128,-0.0046157576,0.004493676,0.0026882663,-0.0016570799,-0.00049807876,-0.006836802,0.0009829849,-0.006839375,-0.0053685233,0.0014631227,0.0106821135,0.0056639016,-0.0021463484,-0.0060511716,0.010258667,-0.010137416,-0.011316627,PkC_ss
-0.00071592256,0.0019091815,-0.0013220757,0.0007389486,0.0046356656,0.0047687814,-0.005343914,-0.006789461,-0.0024728104,-0.0038000345,0.0040316246,0.0045480505,0.0027557474,-0.0066490658,0.0042124316,-0.00041844323,-0.0017296486,-0.0029950216,-0.005806491,0.003944095,-0.00834917,-0.006984383,0.00022455305,0.014894336,0.0040626526,-0.0014183819,-0.009334125,0.009828536,-0.014071584,-0.010532182,PkC_ss
0.0035386551,-0.00467404,0.0011901706,-0.0010055155,0.00033731386,0.0007997602,0.004997134,0.0008388907,0.000768207,0.002644971,0.0009367913,-0.00013709068,0.0004961849,0.0006891526,0.0037409142,0.0037949309,-0.0045775417,0.0017944053,-0.0045265704,0.0014040153,-0.003189371,0.0038232356,-0.0012591332,0.0045313016,0.0024662465,0.00026997924,-0.0020055957,-0.00044053234,2.9556453e-05,-0.0073698945,MFB
0.00097186863,0.0012235343,-0.002051711,7.779896e-05,0.0045627393,0.005675718,-0.0046207756,-0.0069021136,-0.0023425855,-0.0051392466,0.001151558,0.001366891,0.0020168496,-0.0052694045,0.005205445,0.0007862337,-0.001673149,-0.0006900728,-0.005232021,0.0013112724,-0.0075047696,-0.005510673,-0.00022855774,0.012867197,0.0044492185,-0.003042087,-0.007949412,0.010418279,-0.010197885,-0.013719197,MFB
0.00081755966,0.0010525808,-0.0039263517,-0.0019328296,0.00536732,0.003546644,0.0036058724,-0.0019418597,-0.0033141933,0.0012980998,0.007056605,0.0041838735,0.0025936584,-0.0017567687,-0.0011169612,-0.0015468709,-0.002336204,-0.0031922087,-0.0061169714,0.00054892525,-0.004456657,-0.000492353,0.003911298,0.008947387,0.00071786344,-0.004406847,-0.0040974803,0.00028006546,-0.0072570667,-0.006986592,MFB
0.0021330118,-0.0029592663,-0.0024747252,-0.00039552152,0.0033726022,0.0013339333,-0.0018823743,-0.00417082,-0.001991529,-0.00072067976,0.0024651848,-6.844103e-05,0.0035172564,-0.0007375181,0.0063271597,0.0060274266,-0.0019056089,0.0009443909,-0.004444137,0.0014342368,-0.00423022,0.000410486,-0.0009592138,0.008715622,0.006519489,-0.0017481372,-0.0049057566,0.005541213,-0.008874223,-0.011077613,PkC_ss
0.0009896457,0.0039941147,0.00054724514,0.0035744607,0.0014657676,0.0046598464,-0.0042075813,-0.006846547,-0.00095948204,-0.0007278472,0.0023814067,-0.00041516125,-0.0012079631,-0.0018641837,0.005423866,0.0017888732,0.00064172037,-0.00408376,-0.0016987026,0.00020395033,-0.009034053,-0.0032202192,0.000407584,0.010594271,0.0024522394,-0.0031411275,-0.005449012,0.008478776,-0.010117844,-0.014103297,MFB
0.0016765669,-0.00012217462,-0.00067676604,0.0013502985,0.0008869432,0.0030596144,-0.0021863878,-0.0016812533,0.0003621541,0.0003015548,0.0032483935,0.00073530525,-0.001653817,-0.0005660616,0.0043941736,0.0028769076,-0.00091097504,-0.0008605048,-0.0025066435,0.0013166033,-0.005912735,-0.0015308931,-0.001489684,0.0080477595,0.0031200051,-0.0004267618,-0.004401639,0.006378077,-0.003950618,-0.010801211,MFB
-0.0025675036,0.0010634884,0.032835037,0.011496514,0.0037830323,-0.021576941,0.016204327,0.0037107691,0.03671637,0.008628234,-0.008869529,-0.024924241,-0.042498317,0.032291595,-0.0045865253,0.008491628,-0.027126724,-0.0040081292,0.03515409,0.040012375,-0.0063045286,0.00028310716,-0.024570424,-0.015566055,0.010082595,0.04285461,-0.015713876,0.052854955,0.044480585,0.04297051,PkC_cs
0.045535803,-0.05180972,-0.055934176,-0.036467806,0.04296905,-0.007015303,0.0150793195,0.01648032,-0.021907821,-0.03489036,0.003107015,-0.015248083,0.04927164,-0.0032552145,-0.032602463,-0.0023235083,-0.03249373,0.03856881,-0.010592088,0.0059882915,0.019991655,-0.026891097,0.0018242374,0.03760343,0.03863114,-0.003991924,0.025485631,0.017718114,-0.015059426,-0.007735558,MLI
-0.0008100979,0.0018432885,-0.0019560456,-0.00060643256,0.0039679296,0.0033519343,0.0015727133,-0.00045882165,-0.00013269857,0.0012261719,0.007903777,0.0045475215,0.0028323208,-0.0013225526,-0.0014757365,0.00011620298,0.0016691182,-0.002845116,-0.0063032806,0.0026114956,-0.005260148,-0.002352029,0.0042565614,0.0059802383,0.003767237,-0.002512157,-0.0028848313,0.00081431866,-0.008988969,-0.0024037175,PkC_ss
0.0022516716,-0.0022761002,-0.0013145804,-0.0010037273,0.0020382851,0.0022210479,0.00024324656,-0.0016780198,-0.00048732758,3.1143427e-05,0.0017655641,0.0009672865,0.0008045393,-0.002208285,0.005954981,0.0025331713,-0.004409587,0.0003703907,-0.0054451823,0.002126865,-0.0053209607,0.0013296194,-0.0016066954,0.0073038116,0.0025089085,-8.73059e-05,-0.005635094,0.0056168493,-0.004532896,-0.010116067,PkC_ss
-0.0013618693,0.0021517724,-0.005230412,-0.00045242906,0.006829608,0.0054811835,-0.008551478,-0.007989243,-0.0046363287,-0.005257547,0.002511289,0.0032303631,0.003684031,-0.0073088743,0.00569991,0.00023625791,-0.0033300593,-0.0014134869,-0.0061766803,0.004207706,-0.00781227,-0.007989943,-0.0015649572,0.017469145,0.006253645,-0.0027820617,-0.010725059,0.013167996,-0.015256658,-0.014979966,PkC_ss
-0.0016244203,-0.0006467253,-0.006307602,0.00013335049,0.0074179135,0.0046169013,-0.0077812225,-0.008302048,-0.0073050857,-0.0066659898,0.0018071309,0.003195092,0.0038653412,-0.0054630674,0.0053460374,0.0037966035,-0.0016715843,-0.001134485,-0.0071248263,0.0012342166,-0.007962533,-0.008842662,-0.00025457516,0.015074164,0.009251967,-0.003501445,-0.008365713,0.014469627,-0.015145548,-0.014149733,MLI
0.008780405,-0.015405007,0.002971083,0.0040569454,-0.00812266,-0.00046727806,0.013168275,0.004611738,0.0073520914,0.010508731,0.004979294,-0.0009258613,-0.0008676443,0.010988865,0.0046868995,0.0128621515,0.0012357049,0.004236318,0.002121538,0.000114748254,-0.00019336306,0.018721804,-0.00011834875,-0.007733252,0.0008311868,0.0026065037,0.007922094,-0.011746673,0.013546467,-0.00089293346,PkC_cs
0.015392112,-0.011750042,0.014465511,0.0032280236,-0.014056742,0.005422283,0.025973149,0.0049873814,0.01563859,0.012374178,0.013751902,-0.0036477074,-0.0035147546,0.01571906,-0.00010009855,0.019083573,0.013401473,0.0023883954,0.009382099,-0.010658054,-0.0033894163,0.016547952,0.011582509,-0.020000324,0.0010948777,0.004332632,0.0118827075,-0.01989612,0.017455868,-0.0057420656,PkC_cs
0.003887821,-0.011498712,-0.006276667,-0.0068891644,-0.0071669593,-0.0005809702,0.020017855,0.0038688257,0.012201123,0.005343139,0.0038095564,-0.0052922145,-0.00561281,0.020127159,-0.0050740615,0.003966205,0.0061251167,0.0042617247,0.0022651404,-0.01890107,0.0071184533,0.02451948,0.0041564032,-0.022027034,0.0021581054,-0.0065502822,0.0021374524,-0.009806051,0.03810511,0.0010921396,PkC_cs
-0.00430445,0.002859287,-0.0042667687,0.002007559,0.0054281875,0.0061504804,-0.010981873,-0.010363668,-0.0067528076,-0.006806761,-7.664785e-05,0.0018092841,0.003194473,-0.004761737,0.0051763877,0.0035966672,0.00010742247,-0.0034558848,-0.0033220202,0.002209574,-0.008695462,-0.011277072,0.001028467,0.016037218,0.011175089,-0.0022156164,-0.0090466775,0.014661688,-0.017581083,-0.013371885,MFB
0.0025199,-0.008415639,-2.6673079e-05,0.0019957423,0.0030277632,-0.0029996298,0.0017913431,-0.0038962513,-0.003630802,0.0050086677,0.0022353083,-0.0004002601,0.0011845485,0.0076444894,0.006104812,0.011768045,-0.0017385576,0.0024700314,0.0015127063,-0.0019683223,-0.0012693908,0.0064732134,-0.0035280362,0.0056045502,0.005506411,-0.0007011518,-0.0014004782,-0.0019239448,-0.0024574026,-0.0068342686,PkC_cs
0.012389168,-0.027654625,-0.026733063,-0.008718833,0.008629251,-0.007851347,0.002856627,0.0057628155,-0.0122302435,-0.02234032,0.0077828504,0.012358278,0.014253099,0.0006045252,-0.011739433,0.01781644,0.0027852636,0.010187946,-0.016817741,0.0013106354,0.0002605468,0.0045806356,-0.005037695,0.009002082,0.015164062,-0.008426137,0.0050195605,0.004839126,0.00628864,-0.009221267,PkC_ss
0.0021646991,0.00011432171,0.0025796145,0.0018197447,-0.0006614737,0.002098769,7.329881e-05,-0.0012775958,0.0017443821,0.0028545558,0.0025867708,-0.00055231154,-0.0021609166,0.0007694997,0.005133033,0.0031487085,-0.0011208039,-0.0010051429,-0.0028869659,-0.00029999577,-0.006015055,0.0010374188,-0.00027302653,0.005292557,0.0016568899,-0.000207223,-0.0031277463,0.0031196643,-0.0038291812,-0.00901223,MFB
0.005916897,-0.0040683374,0.0018553883,0.0035574138,-0.0032750256,0.0016861036,0.003940642,-9.261072e-05,0.0036495477,0.005051732,0.0041315034,-0.0008991137,-0.001039099,0.003639549,0.0052240044,0.0079832375,-0.001204975,-0.0009703338,-0.00021903217,-4.262477e-05,-0.0063585853,0.0068293624,0.00088550895,7.176399e-05,0.0017537177,0.0025012642,0.00072575733,0.00029453821,0.0008354932,-0.0055724606,MFB
0.0010781996,-0.0015781,-0.0033171475,0.00078868866,0.0024978518,0.004358243,-0.0014998168,-0.0044276267,-0.0026755445,-0.002355352,0.0035627522,0.0011092499,0.00073031196,-0.0005765334,0.0043838844,0.005665347,-0.0007457286,-0.00096368045,-0.0037047863,0.00078092143,-0.0075735683,-0.0022795089,0.0006894842,0.009201884,0.008279927,6.4000487e-06,-0.0058045425,0.008097673,-0.006996408,-0.012831956,MFB
0.0027176216,-0.005085498,0.0001489222,0.0024016947,-8.1673265e-05,0.0016095527,0.0026717186,-0.0028188229,0.0005854964,5.143881e-05,0.0016095564,0.0010663271,0.0006429786,0.0032557175,0.0046763048,0.007935103,-0.0004068073,0.0013325661,-0.00071159005,0.0012983028,-0.0044850307,0.0034558475,-0.0006093867,0.0045374036,0.0059741586,0.001005806,-0.0020987801,0.0014939867,-0.0025924966,-0.007046148,PkC_ss
-0.0005957484,0.002953142,-0.0022735745,0.0020915717,0.0026639476,0.0055351704,-0.0047592074,-0.006930873,-0.0018666498,-0.0026917756,0.0027002878,0.00071272254,-2.3601577e-05,-0.0018607378,0.005253084,0.0038071722,-0.00028486364,-0.0031223074,-0.0015733689,0.0024024434,-0.0075490223,-0.0046403296,-0.00032039732,0.011637233,0.00646995,-0.0017841458,-0.0074091665,0.011180239,-0.01052694,-0.013817579,MFB
0.00097116455,-0.006346166,-0.0044087768,-0.00012618303,0.005666729,0.0023134686,0.00156492,-0.0034466982,-0.003030166,-0.0013704449,0.0017931461,0.0035547018,0.0042832415,-0.0019072592,0.0031771287,0.0046362095,-0.0037590638,0.0017162785,-0.006761566,0.0008564368,-0.0047338847,0.0003812015,-0.00013802946,0.008261025,0.0051085204,-0.0012387112,-0.0026693232,0.0029186606,-0.0065081343,-0.007875118,PkC_ss
0.017583251,-0.0102848485,0.01110597,-0.0016837865,-0.012384534,0.0042545013,0.02848345,0.013403274,0.025917023,0.016318634,0.013147235,-0.003557615,-0.004111978,0.009212282,0.0021945909,0.0051074848,0.0073550586,0.0059142485,0.009203404,-0.0033583231,0.0048678573,0.025837734,0.001988273,-0.018186487,-0.013112679,0.0048182905,0.007497318,-0.027274542,0.035462283,-0.002373416,PkC_cs
0.005706003,-0.00968954,0.0068175495,0.005124435,-0.005894758,-0.0025083683,0.0089764,0.00014939904,0.004353322,0.010449931,0.00310722,-0.0024058372,-0.0018882761,0.011741959,0.004067503,0.013354063,0.000106560066,-0.0006005317,0.0073626786,-0.0020024423,-0.0016800947,0.012742672,-0.00023215637,-0.004647173,0.0018297583,0.0042644516,0.003436353,-0.007180567,0.009095043,0.00071039423,PkC_cs
-0.00035625696,0.0041263774,-0.0014653355,0.0026908815,0.0029664412,0.0052337125,-0.011227787,-0.008730426,-0.003538303,-0.004088685,0.003996916,0.0015805215,0.0011117419,-0.005308721,0.0037374273,-0.0017371774,0.0010083336,-0.0029631183,-0.0031261742,0.0027491488,-0.009437113,-0.009650201,-0.0004691817,0.01832512,0.004208103,-0.0047057047,-0.0080816,0.012295196,-0.015560493,-0.014541406,MFB
-0.0049035475,0.0008381754,-0.0072773546,0.0018936694,0.007717412,0.0076194983,-0.012025952,-0.014007404,-0.008727372,-0.009252101,-9.350479e-05,0.0026961267,0.00441059,-0.0040040873,0.0047563165,0.0052406676,0.00059624016,-0.0015210733,-5.570054e-05,0.003918983,-0.008909418,-0.012255557,0.00020520389,0.018833123,0.013588905,-0.0023614839,-0.010013629,0.015087139,-0.019387946,-0.015910111,MFB
-0.0042935126,0.0028993413,-0.004554093,0.002081722,0.0044945925,0.005387794,-0.013419315,-0.009900048,-0.0052895024,-0.0064879805,0.00076527894,0.0036310256,0.005729973,-0.0074494444,0.005369216,0.00079042837,-0.0012191217,-0.001237072,-0.0048143864,0.0037895292,-0.00783817,-0.012836695,-0.00040256605,0.0202704,0.009824149,-0.003733918,-0.009583581,0.014448859,-0.021377392,-0.013686605,MFB
0.0022721682,-9.960681e-05,-0.0030518174,-0.00028464198,0.0030076392,0.003301967,-0.001244083,-0.0039073825,-0.0015982315,-0.0016441047,0.0025893562,0.00011584163,0.0019796232,-0.0022501834,0.0067825243,0.0038977377,-0.002294829,-0.0016017705,-0.004319921,0.00275198,-0.005415584,-0.00080044195,-0.00067907944,0.010264695,0.0059092343,-0.001615338,-0.0071026385,0.008388517,-0.007859364,-0.013608359,PkC_ss
0.0059488267,-0.0027600601,-0.014499038,-0.010732532,0.0137273595,-0.0028120168,0.005730048,-0.0028805137,-0.009072326,-0.011238292,-0.0011161901,-0.0004619807,0.0080366405,-0.0010864548,-0.0010261312,0.0059637874,-0.010738487,0.0028063357,-0.005844459,0.011270651,-0.005649238,0.011619441,-0.0027848594,0.004311338,0.0045687705,0.0004164055,-0.011333577,0.004751822,0.0001962781,-0.004939068,PkC_cs
0.009780154,-0.017478049,0.00038796663,0.0013308078,-0.009832129,-0.004234314,0.0127258375,0.009586632,0.0076450855,0.011941507,0.003053479,-0.003387019,0.0035946998,0.010468069,0.0055761784,0.011765117,-0.00450998,0.0090321,-0.00040195882,0.0005779192,0.0046100696,0.023962699,-0.0007450804,-0.011228494,-0.0022965372,0.0031943768,0.01052298,-0.0132502895,0.015885808,0.0050493665,MFB
-0.00088752434,-0.05204325,-0.004565254,-0.008665413,-0.0029198788,0.008150516,0.0043578595,0.021744445,-0.0011187121,-0.0022356957,0.016130205,-0.0045948625,-0.0010201973,0.020428903,0.016197503,0.023910852,0.019554956,0.03343437,-0.024921492,-0.0061187875,-0.0035205595,0.03254497,-0.008713316,-0.01348865,0.0137045905,0.0049630105,0.00602334,0.009830397,0.03173455,0.007808771,PkC_cs
0.0033801422,-0.0022028089,-0.00062428415,0.0013473183,-0.00040409714,0.0032771975,0.00019562244,-0.0018405914,0.00044755638,0.00029569864,0.002302479,-6.508827e-05,-0.00019039027,-0.0004611835,0.0045308024,0.0034072436,-0.0018466413,-0.0010674894,-0.0019479692,0.00073518045,-0.006170108,0.0015733428,0.00078042224,0.0050282925,0.0021281987,0.0008598417,-0.0030036904,0.004501786,-0.0011124685,-0.00953513,MFB
0.0006863214,0.0024300292,-0.0015517771,2.886355e-05,0.0025784597,0.005713206,-0.003298819,-0.0056848377,-0.0012552887,-0.0021173805,0.0027926862,-0.00019536912,0.00039067492,-0.0039676316,0.0074401647,0.002616711,-0.0019491427,-0.0026470423,-0.0038326085,0.0030257944,-0.007086276,-0.0035293065,-0.0005281046,0.0116570145,0.0055218637,-0.0017629117,-0.008587915,0.011029772,-0.00989496,-0.015017502,PkC_ss
-0.045586515,0.0048493147,0.078966275,0.018866539,0.014118861,-0.037455726,0.011986852,-0.01331827,0.009420708,0.059943184,-0.058527328,-0.06806823,-0.042743538,0.04425037,0.007920645,0.015652629,-0.08662988,-0.014840253,0.03847775,0.044529565,0.004465715,0.032047912,-0.03640123,-0.0016844049,-0.004917413,0.069742315,-0.031012328,0.022278886,0.051957145,0.08835515,PkC_cs
-0.0002857335,0.0019356236,-0.0031143725,0.0007182807,0.0031634867,0.0051635355,-0.007669091,-0.006098807,-0.0031012595,-0.003073737,0.0031048097,0.00037771463,0.0024615196,-0.0036573298,0.0064663813,0.004023727,-0.00021181814,-0.0018594638,-0.0034734607,0.002643384,-0.0065487335,-0.0056773126,6.89365e-05,0.012528971,0.00738509,-0.0019351393,-0.0076026656,0.011270294,-0.012556441,-0.013180725,MFB
0.00204904,0.0018922016,0.00035379827,0.001437366,0.0022046566,0.003268294,-0.0040379167,-0.0041902363,-0.0011072047,-0.0028036088,0.002805777,0.0023380145,0.00054426584,-0.004646022,0.004721932,2.1107495e-05,0.0003566686,-0.0026386678,-0.005756423,0.0018160008,-0.008122514,-0.0052446052,-0.00093662366,0.013203554,0.0041738898,-0.002355747,-0.0068042614,0.007053651,-0.010619707,-0.0122644305,MFB
0.044281323,-0.050157122,-0.052611046,-0.032311797,0.04192051,-0.0077317692,0.014978625,0.015148409,-0.019825444,-0.02702789,-0.0012188293,-0.02091311,0.0471309,0.00042871013,-0.027297135,0.002735652,-0.03613694,0.036993988,-0.004380092,0.005233201,0.021452457,-0.025216095,0.00096371025,0.03079144,0.03826043,-0.0024620667,0.029217843,0.021362312,-0.013145074,-0.004999988,MFB
0.007862132,-0.010327831,-0.0070795864,-0.0030593574,-0.009072959,0.0035093725,0.020245165,0.0005068928,0.015321769,0.0062533915,0.008676637,-0.002698578,-0.0050501646,0.018002894,-0.0031643882,0.0073624067,0.006123172,0.005803503,0.006993383,-0.017847223,0.0076509817,0.027109476,0.0033395514,-0.019168552,-0.0033896416,-0.007067278,0.002744902,-0.012992566,0.0382675,-0.005338829,PkC_cs
0.0020801798,-0.0014846325,-0.0012292415,2.0235777e-05,0.0024357997,0.0034621507,-0.0009331107,-0.0025811344,-0.00021272898,-0.0010945201,0.0033184774,0.002469629,0.0011292384,-0.0034178533,0.0057849735,0.0028159507,-0.0031407177,0.00011817366,-0.0055402666,0.0022689234,-0.0059727114,-0.0018280409,-0.0008488856,0.008779578,0.0037077665,-3.6247075e-05,-0.00630901,0.007592816,-0.006051272,-0.010756761,PkC_ss
9.4510615e-05,-0.006692946,-0.00088120997,-0.0038218498,-0.014215879,-0.003451068,0.0199188,0.011314377,0.016209848,0.009353876,-0.0010976121,-0.009192377,-0.007419126,0.022965819,-0.0061246194,-0.0020423718,0.01623069,-0.00246761,0.010745361,-0.018189752,0.012917596,0.023809928,0.0048729405,-0.029660754,0.0004823953,-0.010571532,0.010588154,-0.013302772,0.04430175,0.009979222,PkC_cs
0.0031642765,0.0009371042,-0.00056779385,-0.005935341,0.0024103522,0.0047099404,0.0013663173,0.0042995885,0.0034686476,-0.00014941394,0.013462253,0.0045631155,0.001097641,-0.0023022555,-0.004348077,-0.00698689,0.0049274247,0.0036344305,-0.006145209,0.004504268,-0.0033738157,-0.005415842,0.0014183968,0.0070186034,0.000121206045,-0.0075454414,-0.0027427264,0.0037579928,-0.003905654,-0.004548572,PkC_ss
0.0068164617,-0.015442483,-0.010784298,-0.0062181056,-0.003664825,-0.0017442107,0.018483423,0.009847872,0.012954466,0.0053590834,0.004622303,-0.00083477795,-0.0057058064,0.014891252,-0.00092735887,0.00633011,-0.0007315744,0.007835418,0.004587069,-0.002682723,0.007783535,0.021668814,-0.0021357946,-0.016268153,-0.003408298,0.0025342852,0.004962988,-0.0107896365,0.02986677,0.0003781654,PkC_cs
-0.0012582354,0.006326847,0.0002643317,0.004266143,-0.0007997118,0.0040447935,-0.006467253,-0.0059693903,0.0023402013,0.00073568523,0.0032489598,-0.0013034344,-0.0013858182,-0.0013609417,0.008297436,0.0032173283,0.0021748003,-0.005377017,-5.878508e-05,0.00235904,-0.008206298,-0.0028243735,-0.00037509575,0.008808672,0.0052327663,-0.002054952,-0.0064489506,0.011437792,-0.012095273,-0.013756115,PkC_ss
0.004834542,-0.00060050935,0.008568153,0.0068113655,-0.008423895,0.0015265606,0.007171735,-0.002859652,0.00848382,0.008357212,0.0038452335,-0.00316412,-0.003636307,0.007542338,0.005508177,0.0088179335,0.0035656076,-0.0050968304,0.0056286156,-0.0034072604,-0.005531287,0.007040832,0.0048773102,-0.004453454,0.001403153,0.00040770322,0.00370197,-0.0026789345,-0.0021974072,-0.005186446,PkC_cs
-0.004068356,0.008297421,-0.0015306473,0.004493654,0.000854969,0.005559027,-0.012575418,-0.009433046,-0.0011124201,-0.0028459877,0.0023369417,5.505979e-06,0.0012927623,-0.0040265583,0.0064031035,0.0012028068,0.0024554152,-0.006030254,-0.00076422095,0.0040463936,-0.009440658,-0.008470207,0.00021747127,0.015553303,0.008157164,-0.0032076016,-0.0085410625,0.013597485,-0.019533552,-0.013473637,PkC_ss
-0.0032419488,0.004852399,-0.0016465783,0.004658267,0.003334362,0.0035720356,-0.008774146,-0.011631891,-0.0036761798,0.0003014207,0.0006735325,-0.0017678812,0.0004760255,0.0012379214,0.009614468,0.0077732056,0.0018513892,-0.0056215376,0.0029081106,0.0004326366,-0.00906798,-0.0047091953,-0.00054783374,0.010874264,0.010007173,-0.0032343194,-0.008218225,0.013542816,-0.016128689,-0.016007192,PkC_cs
-0.00032752007,0.004120961,0.0017959923,0.003647551,-0.003095746,0.0030249842,-0.0032928884,-0.0032985955,0.003538493,0.003031537,0.0029385574,-0.0018748343,-0.0021327203,0.00027869642,0.007257834,0.0031750798,0.0004685428,-0.0046075657,-0.00011757016,0.00252836,-0.0074563073,0.001030717,-0.00043105334,0.0058760718,0.0033657402,-0.00030948222,-0.004775882,0.0079236645,-0.007905386,-0.010782495,PkC_ss
3.604591e-05,-0.00047825277,-0.005828798,-0.00018113852,0.0076720864,0.0044137873,-0.005414918,-0.007712111,-0.005694039,-0.006367713,0.0019763745,0.0039020255,0.0052154204,-0.0058994703,0.0037797615,0.0023954734,-0.0029258206,-0.00057676435,-0.0073233545,0.0023883004,-0.0071003055,-0.00713674,-0.00015825033,0.015450202,0.0075770617,-0.0035063624,-0.0076768138,0.010940427,-0.014630325,-0.012286447,PkC_ss
0.01403911,-0.01219824,0.010596871,-0.0016359389,-0.007929474,0.000795763,0.023171552,0.0045188367,0.013312966,0.009623602,0.011405632,-0.0051354095,0.0003514653,0.013481811,-0.002255544,0.013996895,0.0074921492,0.004621923,0.008590832,-0.005534444,0.00031257514,0.018354926,0.006439682,-0.015525848,-0.0012210011,0.005312927,0.008407623,-0.019776138,0.01745914,-0.001960881,PkC_cs
-0.0049401037,0.008339293,-0.0011503994,0.0051430166,0.00065468624,0.0055013113,-0.014290184,-0.010082021,-0.0019182861,-0.0018279105,0.0026977547,-0.00020094216,0.00060741603,-0.0045445003,0.0073766336,0.0009846203,0.0023196153,-0.0073944703,-0.00039857626,0.0042872857,-0.010002033,-0.00941699,0.00015090406,0.01634676,0.007239729,-0.0030614808,-0.009055443,0.015445981,-0.020228237,-0.014259249,PkC_ss
0.0021150336,-0.0029286817,-0.0048185736,-0.0010744631,0.0060333125,0.005248323,-0.0024759471,-0.006246567,-0.005637884,-0.005517021,0.0018012486,0.0013617501,0.0042913184,-0.0039393194,0.0045251995,0.0046596117,-0.002642477,-0.0007573813,-0.006850645,-0.00013062544,-0.006442995,-0.002711501,0.0026626922,0.010149449,0.0064316094,-0.0009871721,-0.006609097,0.0083323475,-0.007969581,-0.012037408,PkC_ss
0.001390554,-0.0010919049,-0.0052129477,-0.0028854907,0.0075059384,0.004385881,-0.0047896802,-0.007415846,-0.0050479732,-0.0076787174,0.0018168315,0.0015205294,0.0034982897,-0.005579073,0.0063813627,0.0025112852,-0.0024774577,0.0005804002,-0.0070366114,0.002027562,-0.005671285,-0.005455978,-0.0005708188,0.014007032,0.0078013465,-0.0025897622,-0.009802233,0.010771632,-0.01173576,-0.014636986,PkC_ss
0.0016904399,-0.0022230595,-0.0036675483,-0.0010551214,0.0032194667,0.0041796044,-0.0006779283,-0.0037074685,-0.002467636,-0.0030155182,0.002324447,0.0010249317,0.0018536339,-0.0020620264,0.0056403205,0.003704477,-0.0016371533,3.5241246e-06,-0.0052551776,0.002736196,-0.0056969654,-0.0011983663,-0.000870008,0.010648221,0.0070828125,-0.0021291524,-0.0060292855,0.007335428,-0.008311145,-0.012750559,PkC_ss
0.0058313385,0.010573171,-0.009525701,-0.021220535,0.0062297545,0.004584845,0.021828905,0.030457042,0.008518651,-0.0004723072,-0.002879683,-0.008035734,0.0036241817,0.021194853,0.010831699,-0.0014848411,0.016078023,0.0044397116,-0.01910194,-0.0142325815,0.0139888,0.054737736,0.006654028,-0.035521448,-0.008180097,-0.0033156276,-0.0028856061,-0.037298374,0.028872848,0.02748423,PkC_cs
-0.001938615,-0.0118122175,0.007703081,-0.011658609,-0.0021730773,-0.013386231,0.02400294,0.025932118,0.011457302,-0.009949565,-0.0009904355,0.013292119,-0.0032313522,0.011565123,0.0055546984,-0.0070116557,0.003146613,0.028148606,-0.025615096,-0.008116158,0.006452637,0.03609629,-0.012230892,-0.013792023,-0.010183081,0.017320514,-0.013312034,-0.03346521,0.037326217,0.014616039,PkC_cs
-0.0034385622,0.007895045,-0.0001437962,0.004118398,0.00021858513,0.0053837337,-0.010819659,-0.008662716,-0.0001301989,-0.0010726303,0.0027132295,-0.00049921125,-0.0006404943,-0.0042431243,0.009114996,0.001434017,0.0019548722,-0.007156238,-0.0008074939,0.0028951578,-0.009434524,-0.006080374,-0.00015249103,0.01319506,0.0057794154,-0.0022692531,-0.009605691,0.013920877,-0.016228534,-0.015235126,PkC_ss
0.0149121545,-0.015764728,0.013155416,0.004281342,-0.015253976,0.007027492,0.029944323,0.01083342,0.021777853,0.016991615,0.011820875,-0.0019027293,-0.0046581114,0.013637774,-0.0008187592,0.013388861,0.0072049107,0.006445639,0.006570339,-0.004518889,-0.0011612298,0.024301939,0.0065920725,-0.02459111,-0.006645873,0.0054111183,0.013546426,-0.020543512,0.034512762,0.0053079017,PkC_cs
0.016874371,-0.01602327,0.010747492,-0.00017641485,-0.011170745,0.002331622,0.027552307,0.0072569177,0.013208099,0.012714893,0.010865871,-0.0042168275,-0.0005393396,0.014407326,-0.0003952086,0.017814398,0.0077586006,0.0054250956,0.00381428,-0.008737454,-8.3482824e-05,0.020935487,0.009662133,-0.021106746,0.00020495057,0.0025981218,0.013623413,-0.022464413,0.01949478,-0.0023084767,PkC_cs
0.0012751669,-0.0009311661,-0.0028885454,0.0010320842,0.002071958,0.0041428693,-0.005485043,-0.0057424754,-0.0032328926,-0.0028866678,0.002523154,-0.0001379922,0.0033152187,-0.0021682493,0.0058203563,0.0038725473,-0.00078696944,-0.00017414987,-0.0043519437,0.00017706864,-0.0057900725,-0.0030651353,0.0011483431,0.012128152,0.0064988732,-0.0027916953,-0.0053167045,0.008076511,-0.010969557,-0.011799734,PkC_ss
0.003277585,-0.004330918,0.0002901107,0.00012376904,0.00011150539,0.002025161,0.004998356,0.001448065,0.0022922158,0.0017767698,0.00523429,0.003447011,0.0010058377,0.00027645752,0.001958117,0.0033716373,-0.0036920402,0.0023696125,-0.005335927,0.002283262,-0.0053561563,0.002242729,0.00036993995,0.004494868,0.002413407,0.001904197,-0.0022650473,0.0016810764,-0.0023720786,-0.0045578815,PkC_ss
0.005138684,-0.00555557,0.0030454844,-0.0014825165,-0.011345133,-0.0059828125,0.016821876,0.005722098,0.017598838,0.008901626,0.0034267977,-0.007083744,-0.007839583,0.01653475,-0.004158765,-0.005571671,0.009225102,-0.0076870546,0.004005432,-0.01463248,0.00579271,0.021851148,0.007445425,-0.023528416,-0.0033818334,-0.0060469434,0.0049739815,-0.00798337,0.037174974,0.012441061,PkC_cs
0.019769173,-0.017124176,0.009661242,-0.0007147193,-0.013558283,0.0033678487,0.026287116,0.011585675,0.015964061,0.013611153,0.011787187,-0.0074555054,0.0015234579,0.014249142,0.0034626126,0.019187307,0.008011894,0.008170076,0.004622206,-0.010037033,0.0018481528,0.025159448,0.010031402,-0.023817595,-0.0013465881,0.00494916,0.014371049,-0.022640726,0.024528299,-0.00024394691,PkC_cs
-0.0014134608,-0.0017674416,-0.008121818,-0.0015053302,0.0077672154,0.005628608,-0.009668604,-0.009133652,-0.007610142,-0.0078080744,0.0023098588,0.002984725,0.0045927274,-0.0067332275,0.005226031,0.001654692,-0.0030324534,6.298721e-05,-0.006402448,0.0034145266,-0.0063003507,-0.008007251,-0.0006341785,0.01755774,0.008279607,-0.0027764365,-0.009994838,0.013225071,-0.013406061,-0.014744952,PkC_ss
0.0009059794,-0.00049669296,-0.0030433685,-0.00076055527,0.0030100532,0.005522698,-0.0039193034,-0.0056755394,-0.001606293,-0.0040445924,0.0028162934,0.00065580755,0.00074435584,-0.003541749,0.0066201687,0.002809357,-0.0013637058,0.00023719668,-0.0033647418,0.0023331977,-0.0060425224,-0.0025813319,-0.00048528984,0.010055266,0.005522892,-0.0004678592,-0.008242827,0.00926354,-0.0059826896,-0.013937227,PkC_ss
0.009986311,0.016542219,0.0021033287,-0.06469445,0.02168724,0.03114797,-0.015692487,0.06029872,-0.018285077,0.027196765,0.014107633,-0.057734855,0.0031721098,0.04312817,0.028988354,0.023620255,0.038216747,0.011906721,-0.03891272,-0.042050414,0.020421777,0.084921286,-0.012858804,-0.027901314,-0.01994881,-0.03208358,-0.024023319,-0.02090004,0.021970015,0.025503872,PkC_cs
-0.0051911734,0.008700721,-0.0014154166,0.005131483,0.0012130179,0.005427271,-0.014621988,-0.010437086,-0.0019208826,-0.0022869557,0.0030050278,8.768588e-05,0.00054328516,-0.004981812,0.0074496567,0.00096040964,0.0027253106,-0.007456258,-0.0006134659,0.0041310135,-0.010288757,-0.010139026,0.00019446015,0.016374573,0.0075669736,-0.0030234382,-0.009352069,0.015823565,-0.020626485,-0.014948301,PkC_ss
-0.0022386499,0.003141567,-0.00093251467,0.005267352,0.0029749423,0.0014369488,-0.006420344,-0.010654211,-0.0017283149,0.0019698143,0.00044145435,-0.0019410104,0.0018406648,0.0041628256,0.008826904,0.009807207,0.0011821799,-0.003046684,0.0034429133,0.0005916506,-0.007476921,-0.0013157539,-0.0020943396,0.009364665,0.010333449,-0.003512524,-0.006126102,0.010695118,-0.015349574,-0.012700148,PkC_cs
0.001759395,-0.0019351095,-0.0030962229,-0.0009382814,0.00595608,0.004398711,-0.002991289,-0.006783575,-0.0037641674,-0.00582397,0.0019521601,0.0027571023,0.0040756455,-0.005102124,0.004156396,0.003538791,-0.0017780848,-0.0013457388,-0.0074884444,0.001318628,-0.007357995,-0.003962621,0.0017003678,0.011152759,0.0071580485,-0.00041098148,-0.007667724,0.0071103163,-0.010148443,-0.011608493,PkC_ss
0.0116666425,-0.015243754,0.0067129433,0.002110511,-0.009319551,-0.00015847012,0.01765988,0.006752521,0.009843759,0.013390973,0.0023008622,-0.004056379,0.00021261163,0.011646166,0.006175302,0.013720116,-0.0014339183,0.00677824,0.0013881773,-0.003185913,0.00036076456,0.02099498,0.0014677495,-0.012701627,-0.00025694072,0.0036131665,0.008391023,-0.015140019,0.017191872,0.0018895753,PkC_cs
0.0030317828,-0.0045543537,-0.0038206875,-0.00078985095,0.0022538565,0.002758287,0.0012540221,-0.0019460917,-0.0018879324,-0.00062543154,0.0024942458,-0.00011499971,0.002434419,0.00040185824,0.004323259,0.005891241,-0.0032396987,0.0015414283,-0.0062071234,0.001480177,-0.0048782574,0.0016336031,-0.00012169778,0.00757806,0.006931953,-0.0017623529,-0.0030001998,0.0054622777,-0.005787559,-0.010054901,PkC_ss
0.0019020475,-0.001185596,-0.00068822503,0.00095902383,0.0011032857,0.004090097,-5.4851174e-05,-0.0039384663,-0.0014346503,-0.0013641864,0.0018594414,0.00068510324,-0.000116227195,-0.0005413741,0.003548108,0.0044382103,-0.0019362662,-0.0012574941,-0.003216043,0.0016139541,-0.007465177,-0.0009881258,0.00072674826,0.006960809,0.0046469867,-4.3831766e-05,-0.0040658005,0.006230844,-0.006189525,-0.010166947,PkC_ss
0.020722982,-0.030951813,-0.03627272,-0.028754435,0.02360851,-0.0062409453,0.021626204,0.012417607,-0.015885346,-0.034267828,0.011078205,0.010409094,0.01584389,0.00011985004,-0.019308254,0.005107891,-0.005793877,0.020347774,-0.020497873,0.015218077,0.0022825892,0.0038786866,-0.007111933,0.01679916,0.02354592,-0.0013777688,-0.0052090026,0.0017751232,0.005438395,-0.0149904415,PkC_ss
0.003487816,-0.0121267885,-0.010481894,-0.0056304783,-0.0029509254,-0.0022665001,0.0185204,0.010491267,0.012873039,0.0043962,0.0047170855,0.00033667684,-0.010117979,0.016803876,-0.0032122359,0.0072102025,0.00043381937,0.004567899,0.0053735375,-0.0042154193,0.0052882014,0.020093322,-0.00094646215,-0.02146465,-0.001646474,0.007503681,0.0030388609,-0.008432053,0.03218663,0.001816947,PkC_cs
-0.0013389438,-0.003183119,-0.0031092763,-0.0011918843,0.0060113147,0.0042761825,0.0038942099,-0.0028357804,-0.0029817708,0.001041919,0.005881127,0.004745677,-0.0003312761,0.00012829527,0.0006644353,0.004445929,-0.00215799,-0.0002720058,-0.0040541887,7.6498836e-05,-0.004310271,-0.00048735738,0.0012253933,0.005028896,0.0026698858,-0.00086518377,-0.0035000294,0.002265554,-0.003581643,-0.008279126,PkC_ss
0.010535935,-0.006589234,0.015734166,0.004196644,-0.015511818,0.0059628114,0.025790922,0.007329099,0.019506752,0.01798895,0.011563167,-0.0018290654,-0.0068828277,0.01323222,0.00034728646,0.010373637,0.009704975,0.0018759817,0.010308564,-0.007903768,-0.0019175718,0.016047515,0.010069806,-0.022492386,-0.007415518,0.0023921207,0.012366977,-0.02002789,0.019950598,-0.0012650266,PkC_cs
0.0020302534,-0.0048879534,0.00042045116,0.0038553476,-0.0015960932,0.0017499924,0.0012083054,-0.0028537214,0.0013028383,0.0041787922,0.0017604381,-0.000121586025,0.0020204773,0.003215447,0.004121959,0.008665036,-0.0006190762,0.00058532506,0.00011777878,0.0007195063,-0.004771067,0.0057246834,0.0002601631,0.0020462126,0.0038759261,0.001098074,0.00046540052,-0.0013759993,-0.0017321482,-0.005561292,MFB
0.0032140668,-0.00220076,-0.0014193207,0.0005963743,0.00016413629,0.0045632645,0.0010638237,-0.003687188,0.0007702708,-0.0011832714,0.0035130791,1.2733042e-05,-0.0011039288,0.0006198175,0.0043014213,0.0051719807,-0.0014892984,0.00055892766,-0.00067061186,0.0012295395,-0.006090829,0.0018918589,0.00014747679,0.0051110685,0.0032361746,0.0004678741,-0.003652349,0.005168883,-0.0023034066,-0.011730343,PkC_ss
0.043334574,-0.040383764,-0.043581247,-0.02230385,0.0426456,-0.005456172,0.009954572,0.007760398,-0.015599839,-0.010232478,-0.010813139,-0.032777026,0.045244537,0.0018171743,-0.021997567,-0.00041316077,-0.05249545,0.03201156,0.00702101,0.003996156,0.02108013,-0.030483201,0.005442951,0.028611563,0.03318928,0.0035548434,0.03363571,0.026053797,-0.017851062,0.007280387,PkC_cs
0.00014594942,0.0010102838,-0.0023282021,-8.131564e-05,0.00410676,0.0041002594,-0.0055318326,-0.0065556765,-0.0038298965,-0.003424406,0.0021186955,0.0011387914,0.0020154314,-0.00455242,0.007872425,0.0028840154,-0.0016318075,-0.0030000582,-0.0051902384,0.0030154083,-0.006854416,-0.0042240694,-0.00079393387,0.0138501,0.0065347105,-0.001484029,-0.009972002,0.010611087,-0.0121565685,-0.014352236,PkC_ss
0.0029796343,-0.0030607954,-0.0013380945,0.0003490597,0.00048244745,0.0034030005,0.0020605624,-0.0016215742,-0.00021878257,-0.00023974478,0.0031525157,0.00040325522,8.540042e-05,0.0003907606,0.0043157265,0.006293673,-0.0026618447,-0.00014899671,-0.004431814,0.0009014942,-0.0054549994,0.0014064051,0.0011966862,0.0049559176,0.004819542,0.00068588555,-0.0030827187,0.0051116925,-0.0034102425,-0.009624448,PkC_ss
0.0027568769,-0.010498896,-0.002286896,-0.0025036335,-0.012304671,-0.0080575645,0.014193028,0.008224972,0.013059445,0.0050141662,-0.00075174123,-0.008377023,-0.0067301067,0.021328308,-0.004635431,-0.0022169985,0.010595715,-0.003047645,0.004268214,-0.01451602,0.0072691953,0.022476334,0.0033248588,-0.022774477,0.0019106418,-0.007798299,0.0074732937,-0.0036691483,0.03722564,0.011166513,PkC_cs
0.002105523,-0.0031498075,-0.0016309023,0.001819253,0.0017670542,0.0023858063,0.00013054907,-0.0037552863,-0.001620505,-0.00033195317,0.0017901883,0.0002091527,0.0015850738,0.00047426298,0.0043220147,0.006452713,-0.0025942232,-0.00050130486,-0.0046230108,0.00071915984,-0.0071298564,0.000245329,0.0003966242,0.0065701082,0.0057444125,-0.0008085817,-0.0027490705,0.0075173266,-0.0069222674,-0.009075955,PkC_ss
0.00090212375,-0.0045443103,-0.0020222515,0.0010885894,0.0023369454,0.0036176816,0.003414765,-0.0015042424,-0.0011473,0.0009833723,0.005396981,0.0033460855,0.0034996858,-0.00070263445,-0.00021789223,0.0032983422,-0.001292808,-0.0014716089,-0.0064463764,-4.6290457e-05,-0.0068409825,0.0011307485,0.004435178,0.0059629977,0.0046496093,0.0011611283,-0.0022701323,0.00034831278,-0.0035033077,-0.003920786,PkC_ss
0.00559582,-0.0016195178,0.006432131,-0.005613953,-0.001919657,-0.0068502426,0.017837755,0.024185888,0.022026658,0.0042513907,0.0006418377,0.006714903,-0.023652438,0.011416562,-0.0055691004,-8.995086e-05,0.0004974883,0.0040840805,0.0016562641,0.034556672,0.0019824458,0.003987942,-0.009749852,-0.029459119,0.00084885955,0.012871526,0.008844808,-0.0048716413,0.023106612,0.03425559,PkC_cs
0.00051217526,-0.0008493513,-0.0019478202,0.00085042417,0.00377566,0.0060279593,-0.0023258924,-0.004775539,-0.0027282313,-0.004518047,0.0062383823,0.004158832,0.0009538969,-0.0037582256,0.0035112277,0.0018527173,0.00053952076,-0.00076591223,-0.0076057166,-0.00017842278,-0.009183816,-0.005399093,0.0037316084,0.008749716,0.004136443,-0.001013957,-0.006216582,0.010110751,-0.0087014735,-0.007976133,PkC_ss
-0.0049616136,-0.0009661615,-0.009257227,0.00043696165,0.010260101,0.0063990243,-0.012385741,-0.013304919,-0.0100434795,-0.010637641,-0.00041684508,0.0044848025,0.0060419766,-0.0065369643,0.004911378,0.005152885,-0.0027200766,0.0010866448,-0.003924027,0.0011222754,-0.0072661126,-0.0141914785,-0.0003385283,0.019004144,0.012761466,-0.0032825172,-0.009852387,0.017227333,-0.019898131,-0.015339538,MLI
0.0021064468,0.0021659955,0.013243839,0.010250032,-0.01493331,0.0072687548,0.021005377,0.0070881546,0.025244944,0.02261801,0.0027798153,-0.00055870414,-0.009645478,0.009128641,0.004357949,-0.0047503933,0.0045147464,-0.00020420551,0.015625894,-0.0028802957,0.000101946294,0.013377517,0.00572107,-0.014709402,-0.015685841,0.0008243844,0.009773169,-0.020665081,0.023039654,0.0018736608,PkC_cs
0.0013907664,-0.011189118,0.0024037957,-0.009241492,-0.014939308,-0.013593134,0.021332338,0.01889722,0.013019294,0.005700201,-0.008055374,-0.01646895,0.0016350022,0.026963327,-0.00936481,-0.0037999712,0.018321766,-0.0037528053,0.0115632415,-0.012998691,0.022721566,0.029793521,0.0011411272,-0.029028479,0.0036833286,-0.01030495,0.012078952,-0.015881246,0.04725878,0.02284423,PkC_cs
0.00025076047,0.0016940981,-0.0014770031,0.0012499988,0.0035101697,0.0032304302,-0.0050100684,-0.006445393,-0.0023191608,-0.002992943,0.0012538955,0.00087899715,0.0028226406,-0.0025494583,0.0052550063,0.0035797544,-0.0007632077,-0.0008119345,-0.0025172085,0.0030812025,-0.0061281305,-0.005164694,-0.0011086427,0.012869537,0.007472396,-0.0020123348,-0.0069217198,0.007842848,-0.012799151,-0.0114073865,PkC_ss
0.0027658977,-0.0009953827,-0.0012849271,-0.0023223013,0.0034915693,0.0027068518,0.00036139786,-0.0026648194,-0.00013617054,-0.00047798455,0.0024479032,0.00021057576,0.0024206308,-0.0032225437,0.0070181265,0.002795402,-0.0031970441,0.00051694363,-0.005172059,0.002622269,-0.0034557935,0.0001551956,-0.0019628517,0.009691782,0.0038361996,-0.0027187318,-0.0063194707,0.0051153526,-0.008506067,-0.0124476105,PkC_ss
-0.0021046028,0.0018459707,-0.005586013,0.0014359951,0.0056548454,0.0070463493,-0.009878978,-0.009060055,-0.0056858063,-0.0083597,0.0018136874,0.0027832687,0.0035293426,-0.0054246597,0.0038675815,0.002224747,0.00046983734,-0.0017071217,-0.003525287,0.0035765693,-0.008293339,-0.0099956915,0.00021285564,0.017456077,0.009058319,-0.0023026168,-0.008799888,0.0132639855,-0.015546508,-0.013571642,PkC_ss
0.0029398352,-0.010523036,0.00022999942,0.005053088,0.0017135516,-0.0033734739,0.0047567934,-0.0064645708,-0.0012391992,0.002656281,0.0024684034,0.0025730655,0.003401305,0.009331312,0.001368694,0.013657818,-0.0006927587,0.0009153411,0.003706053,0.00084471144,-0.0034101577,0.006943494,-0.002409272,0.0061755553,0.009589016,0.0016337857,-0.00028161332,-0.0028324416,-0.003530629,-0.0035706498,PkC_cs
0.0007630214,-0.0050446913,-0.0029363781,0.0003054738,0.0054944977,0.0009895898,0.003509149,-0.0037609786,-0.002695907,0.00085662305,0.0022059642,0.0033736601,0.0035907016,0.0001918897,0.002532199,0.0062818117,-0.005514303,0.0024585202,-0.005403176,0.00044598244,-0.004232784,0.0016956516,-0.0009954087,0.0068949983,0.0037892163,-0.0017025322,-0.0021288618,0.0026010983,-0.0076528043,-0.007413417,PkC_ss
0.0013842769,-0.0041968003,-0.005218938,-0.00040499866,0.0068783164,0.0015530847,-0.00041529536,-0.006057352,-0.0039089546,-0.0031332672,0.0013423301,0.002607815,0.0043548164,-0.0017934293,0.003819123,0.004960891,-0.0042576715,0.0010789558,-0.0059928894,0.0014723372,-0.004714571,-0.0016070604,-0.00054588914,0.008812703,0.0062824637,-0.0032829046,-0.0040411726,0.008242346,-0.009708598,-0.0095541775,PkC_ss
0.0011652894,-0.0066353753,-0.0034027845,8.763373e-05,0.0061518103,0.0019679628,0.0006094575,-0.007662773,-0.005722031,0.0002962798,5.0738454e-05,0.0008024499,0.0043663336,0.00069420785,0.006230004,0.007631123,-0.0049022045,0.0014106557,-0.0046204925,-2.4598092e-05,-0.005325934,0.0017705783,-0.0011755824,0.010935642,0.0078532845,-0.0023714826,-0.005871054,0.00405444,-0.008262567,-0.011433795,MLI
-0.0011194535,0.007224597,-0.0014891326,0.00065506995,-0.0026366264,-0.0029125325,0.014033981,0.0064895153,0.026528582,0.00938049,-0.0071022436,-0.007617846,-0.014945809,0.012848832,-0.0008727312,-0.0107763,-0.01954395,-0.007665612,0.015877083,0.013246178,-0.00038869027,0.008312304,-0.00043783337,-0.017437164,-0.0058018416,0.009856783,-0.0021121725,0.022440124,0.019590653,0.019348983,PkC_cs
-0.0027143732,-0.026214913,-0.013503224,0.009714797,0.00043551624,-0.0109038465,0.0070775896,0.0015546829,-0.010442451,-0.01288344,-0.007005036,0.014346037,-0.009128458,0.012060303,0.0014152527,0.021432066,-0.0029454045,-0.0014210045,-0.018798396,-0.0007893201,-0.0073183244,0.011629425,0.0022839047,-0.012169518,0.017718688,0.009056121,0.004764449,0.004641084,0.022645753,0.021429967,PkC_cs
0.00054877624,-7.560104e-05,-0.0019167513,0.0011155456,0.003652662,0.004412666,-0.0054002553,-0.0074014068,-0.003444288,-0.0048392713,0.0015447363,0.0016604513,0.0014586716,-0.0036825873,0.0069784746,0.0041853115,-0.0008947961,-0.0017698929,-0.0041300505,0.0013913531,-0.007618238,-0.004632879,-0.00044065714,0.012136489,0.0060495436,-0.0012365952,-0.008103672,0.010973478,-0.011347055,-0.014029279,PkC_ss
0.0024798103,-0.0018966794,0.00029481947,-0.000279814,0.00040430203,0.0035296828,0.0008403957,-0.002084434,0.0004438199,9.685755e-07,0.0029380359,0.00037198514,-0.0012097205,-0.00047805533,0.005953364,0.0040027536,-0.0012641046,-0.00043230504,-0.0024303794,0.0026302207,-0.0056289835,0.0012217239,-0.0012933239,0.006639987,0.0036629736,0.00074853003,-0.005751174,0.0047412124,-0.0028355718,-0.011410277,PkC_ss
-0.0003091842,-0.0010552034,-0.003781557,0.00088867545,0.004544191,0.0050724708,0.0010228008,-0.0024836808,-0.0019209348,-5.6922436e-06,0.006772816,0.00420893,0.0018076897,-0.0029486455,0.0019450113,0.002352085,-0.0008847695,-0.003995925,-0.0074733496,0.0007157326,-0.008304511,-0.001567509,0.0032582246,0.008217283,0.003953293,-0.0002117306,-0.0051313043,0.0061449856,-0.006387338,-0.008793741,PkC_ss
-0.00028176606,0.0011207238,-0.0026649386,0.00035190582,0.0037765466,0.0044020712,-0.0056221783,-0.00633806,-0.0025511272,-0.003657639,0.0016801655,0.0011240765,0.002835904,-0.0037138946,0.005682245,0.0030798651,-0.0016422942,-0.0016032234,-0.0042896867,0.0032024328,-0.0064749876,-0.004741695,-0.00062198937,0.013351239,0.007824548,-0.0013248995,-0.008543681,0.009632107,-0.011973456,-0.0117019005,PkC_ss
0.012080185,-0.00023474544,-0.014444143,-0.012858003,-0.0028038137,0.011974759,0.02893082,0.00436002,0.018865742,0.004886329,0.0003851652,-0.010117494,-0.0058244346,0.022148866,-0.0004124567,0.004030168,0.0019118357,0.011765391,0.006030977,-0.0011981502,0.012629006,0.033636432,-0.0032963268,-0.019855943,0.0031846464,-0.01631713,-0.0039963163,-0.009818276,0.039139487,-0.008346681,PkC_cs
0.001706507,-0.00013976544,-0.0018064082,0.0030536652,0.0029775053,0.0032300055,-0.003937945,-0.008264527,-0.0029177107,-0.00026610494,0.00230385,4.7519803e-05,0.0013928462,7.569045e-05,0.0067637116,0.0052909404,3.477931e-05,-0.0030262172,0.00030446053,0.001451632,-0.0068026325,-0.00016764924,-0.0005124733,0.01038523,0.0044906884,-0.0027028099,-0.005121801,0.006613802,-0.009889014,-0.013401866,MFB
-0.0049704015,0.004165381,-0.0062722564,0.0019812882,0.007208895,0.005253069,-0.012977332,-0.011313394,-0.0075099207,-0.005257547,-0.0008200556,0.0024921298,0.0059571676,-0.0057581626,0.005984284,0.003626965,-0.0018685088,-0.0020928532,-0.0024451464,0.003181193,-0.007614442,-0.01174593,-0.0008173473,0.017990418,0.010248184,-0.00424549,-0.009230539,0.014461324,-0.021850154,-0.014204871,MLI
-0.0014304183,0.0024722293,-0.005105868,0.00091947615,0.0063763596,0.0073929317,-0.005893156,-0.0069789886,-0.0025838017,-0.003504932,0.00569332,0.004536003,0.0029706515,-0.00694995,0.0023154393,-0.0005677268,0.0012014844,-0.006005585,-0.004881412,0.0037399754,-0.007254771,-0.007681355,0.002674777,0.012298442,0.0035909712,-0.004642822,-0.0056030974,0.010381933,-0.01241295,-0.010236055,PkC_ss
-0.0009825937,0.0018520206,-0.0031447709,-0.0006467104,0.005059827,0.005663473,-0.0068415403,-0.0071047544,-0.0041157827,-0.0064174086,0.0018382035,0.0025225282,0.0027920606,-0.006188061,0.0053952187,0.0010609962,-0.0011715963,-0.0021510646,-0.005342528,0.0036610104,-0.0071174325,-0.0072304383,-0.00046207383,0.01574611,0.006986797,-0.0018272772,-0.009985488,0.010947028,-0.013956904,-0.013750955,PkC_ss
0.02892823,-0.032381944,-0.03922279,-0.028241366,0.027891092,-0.0057096668,0.011752747,0.011464536,-0.014909137,-0.029083595,0.0065798834,-0.0016137064,0.03074274,-0.0040638857,-0.020913448,0.003163319,-0.015319828,0.025531724,-0.010366455,0.011831317,0.009007132,-0.009428337,-0.00564079,0.024860814,0.024025947,-0.0047251806,0.007293731,0.0091328155,-0.007325791,-0.014770851,PkC_ss
-0.0028272755,0.0035244003,-0.00281398,0.0022297949,0.0028552786,0.0061344802,-0.008184731,-0.0083942115,-0.0036679097,-0.0029153973,0.0010847785,0.00062610954,0.0014670745,-0.0033706836,0.0056327134,0.0029205494,-0.00043412857,-0.0038494542,-0.0021187365,0.0024204515,-0.008242761,-0.006570123,0.0010262318,0.012525581,0.00773333,-0.0017092898,-0.007825844,0.011245938,-0.013628274,-0.012254845,MLI
-0.0028852373,0.003136985,-0.004318103,0.0020542294,0.005034771,0.0056364127,-0.013188899,-0.009327352,-0.0052731372,-0.006067112,0.0015134551,0.0025522038,0.004021951,-0.007260781,0.0053269565,0.00054422766,-0.0017220844,-0.002737105,-0.0040743947,0.0034340024,-0.008505755,-0.011004135,0.00065419823,0.01737827,0.006774865,-0.0014487207,-0.009412941,0.014447413,-0.017221317,-0.011797801,PkC_ss
0.011870638,-0.021550417,0.0018962175,0.001510337,-0.008253738,-0.0019123778,0.020787187,0.009539887,0.008225009,0.014505774,0.005893968,-0.0018641502,0.0017166191,0.014632914,0.002666302,0.01704049,-0.00069474615,0.009380259,0.000706777,-0.004323775,0.0038254182,0.025152963,0.002420824,-0.016311102,-0.000930652,0.0026706532,0.014819954,-0.02036001,0.019244395,0.004805822,PkC_cs
0.001382038,0.00085158646,-0.0015295148,0.0009702146,0.0032936968,0.0040494613,-0.0022262633,-0.004514113,-0.0011380501,-0.002134353,0.0026216358,0.00047851354,-0.00021094689,-0.0022159182,0.0063818544,0.0035299398,0.00019283034,-0.002505511,-0.002259776,0.0025693309,-0.006610266,-0.0025635846,-0.0005133599,0.008593023,0.0044638216,-0.0009520054,-0.006123498,0.00853798,-0.0071123093,-0.012539968,PkC_ss
-0.002384629,-3.8169324e-05,-0.0047795326,0.0005237013,0.006008569,0.005534414,-0.009281918,-0.0077979714,-0.005459763,-0.0056823045,0.0033732615,0.0040110126,0.003137718,-0.0063087083,0.0048338696,0.001359038,-0.001533987,-0.0012082458,-0.005723074,0.0017815977,-0.007234608,-0.009274922,-3.789738e-05,0.01633139,0.006516449,-0.002474539,-0.0087459795,0.013098087,-0.014375456,-0.013050158,PkC_ss
0.003030436,-0.006195888,-0.004509583,-0.00052057207,0.0023436993,0.0043144934,0.00081150234,-0.0031970888,-0.0020899512,-0.002963245,0.002505429,0.0012847707,0.0026204593,-0.0005428679,0.004201077,0.0053889193,-0.0019463301,0.0030010492,-0.0051857233,0.00083387457,-0.004937118,0.0009889901,0.00054889545,0.0077845827,0.0066869333,-0.0011542812,-0.0032411516,0.004414253,-0.0036941916,-0.010423075,PkC_ss
0.045689255,-0.051846348,-0.054220915,-0.035471,0.04217481,-0.0071330257,0.014654003,0.015513226,-0.020555101,-0.032655,0.002810195,-0.0158787,0.049816318,-0.0034652017,-0.03148945,-0.0010888651,-0.033636905,0.03905884,-0.0084706545,0.0061199423,0.020585775,-0.026651412,0.00056578964,0.038074307,0.03757734,-0.004327148,0.026131738,0.017554462,-0.015527457,-0.008446306,MLI
-0.0030878,-0.0012567416,-0.0053232014,0.0017926097,0.0050776973,0.005930137,-0.009402826,-0.0068320036,-0.0053317323,-0.006510079,0.005168274,0.0051954836,0.0031452635,-0.005296115,0.0017336607,0.00090767443,0.0017886609,-0.0016640723,-0.005642697,0.0013947096,-0.007805257,-0.011187382,0.002594985,0.01567199,0.008623309,-0.0018252432,-0.006334968,0.011197489,-0.013075665,-0.009057663,PkC_ss
0.007451223,-0.016080365,-0.008413866,-0.007714331,-0.008827113,0.0052133575,0.02270364,0.005468793,0.015924685,0.006001413,0.010393254,-0.0005093217,-0.010336917,0.01991693,-0.0008147061,0.0075074583,0.010292953,0.013094604,-0.0013685226,-0.022489613,0.008172786,0.022793442,0.0056735687,-0.027278945,0.0028568953,-0.009828448,0.0047266185,-0.012002816,0.04137273,-0.0051508136,PkC_cs
0.014768634,-0.0167083,0.009494871,-0.0017093271,-0.012039095,0.006656587,0.027445413,0.010790631,0.018805087,0.014161646,0.0127615705,-0.0069718435,-0.0042246953,0.013650134,-0.0022954717,0.014689976,0.010805393,0.0066118687,0.010253623,-0.0044034664,0.0030904785,0.019912146,0.007032562,-0.02399185,-0.0036973655,0.0038507953,0.014719762,-0.020330496,0.032974668,-0.003166236,PkC_cs
0.03430338,-0.043100588,-0.04204209,-0.03299798,0.032271117,-0.008227523,0.024536483,0.018080212,-0.01618025,-0.030068547,0.0069841705,-0.00426431,0.028847877,0.0008166097,-0.025980283,0.0034891553,-0.022177469,0.029758349,-0.015805274,0.0120834615,0.011290343,-0.009156384,-0.0038704723,0.021810003,0.030801453,0.0016572922,0.011297222,0.008615896,0.0016741008,-0.008633044,MFB
0.0013281032,-0.0012431294,-0.0067388415,0.0006532669,0.006783083,0.0055306815,-0.0064978153,-0.008979037,-0.007361248,-0.00782761,0.0018767007,0.0014615208,0.0048283613,-0.0038465448,0.003570646,0.005275164,-0.0004616324,-0.0016754866,-0.006288424,0.0009870492,-0.008215272,-0.006876603,0.00256164,0.0137017965,0.009671308,-0.0033150017,-0.0059015267,0.011717539,-0.014250368,-0.013348687,PkC_ss
-0.00013423339,-0.0005513951,-0.006104067,0.00020459294,0.005998403,0.0060454644,-0.00949344,-0.009283841,-0.0060873292,-0.007927701,0.0015953071,0.0022533536,0.004769895,-0.0059517957,0.0045238435,0.0023740493,-0.0009058751,-0.00067003816,-0.006162241,0.0020027924,-0.008230959,-0.008534603,0.001450032,0.015801363,0.009490214,-0.002462171,-0.008436464,0.0119600445,-0.014191598,-0.012836985,PkC_ss
0.0022748373,-0.00405889,-0.0049028397,0.00023412704,0.0029720515,0.0054143146,-0.0022105575,-0.0042827725,-0.0027791113,-0.002830103,0.0035104714,0.000797309,0.0028273112,-0.0018328466,0.0051345825,0.0057682805,-0.0013663471,0.00071544945,-0.006331265,0.0015107896,-0.0061606644,-0.0014057383,0.00044922158,0.010640383,0.007926494,-0.002319336,-0.0047198124,0.008548068,-0.0068338886,-0.012296133,PkC_ss
0.0024907887,-0.002273634,-0.0053093135,-0.0022077858,0.006601054,0.0045420863,-0.0030151755,-0.0055761784,-0.004564654,-0.006510034,0.002634488,0.0013241619,0.0040385905,-0.004418697,0.004833378,0.0034043044,-0.0015861299,-0.00025255978,-0.007027045,0.0011339393,-0.00559011,-0.003978707,0.0016896874,0.011526994,0.0076544434,-0.0017154589,-0.007054925,0.008189574,-0.009618245,-0.012095772,PkC_ss
-0.00047630444,0.0018985271,-0.0023600906,0.0009263605,0.0033094585,0.004449729,-0.007306844,-0.0073724985,-0.0029805973,-0.0054725856,0.00052952766,0.0013772547,0.0035004355,-0.0046202354,0.0054660365,0.0026400238,-0.00044829957,-0.0016732141,-0.004558414,0.0019910987,-0.0072013317,-0.007009968,0.00044411793,0.01299952,0.008534968,-0.0022610128,-0.0076492503,0.010620765,-0.013828412,-0.011777889,PkC_ss
-0.0017138459,0.0034103245,-0.0038915128,-0.0008138865,0.006857712,0.0056921393,-0.0077376217,-0.00833568,-0.0043101907,-0.0062555373,0.00074887276,0.0016433224,0.003066911,-0.00621159,0.0053124875,0.00026457384,-0.0016804375,-0.002268754,-0.004132122,0.003894519,-0.0071679195,-0.0081412345,-0.0010754168,0.016814262,0.007808633,-0.0020519271,-0.011065159,0.01106699,-0.01442498,-0.0139919445,PkC_ss
0.013827439,-0.008203752,-0.023974635,-0.016178042,0.01690207,-0.0036208816,0.0012503713,0.0029231831,-0.008905642,-0.015163213,0.0030481406,0.00028012693,0.020066187,-0.0054573305,-0.007835187,0.0051130094,-0.008580947,0.01062426,-0.0029977262,0.014119893,0.0015121237,0.0014059953,-0.0080433,0.014042728,0.00701911,-0.0077328235,-0.002356097,0.007745104,-0.01042176,-0.0153622255,PkC_ss
0.0021575838,-0.00096371025,0.00052024424,-0.0006041825,0.00078005344,0.0019588172,0.0030225962,-0.0007289946,0.0016379766,0.00073969364,0.0024165064,0.0006250888,0.00020984141,-0.0013798848,0.0045251027,0.0021662898,-0.0038285162,-0.00011893362,-0.0053876936,0.002789665,-0.005494508,0.0014054738,-0.0009703599,0.0066650733,0.0032412559,0.0004569739,-0.005120907,0.004226314,-0.004686564,-0.009289596,PkC_ss
0.0012734719,-0.00033269823,-0.0023467392,-0.001151368,0.0047750063,0.0024064556,-0.0033157319,-0.0055684447,-0.0026657395,-0.003596291,0.0024680197,0.0018225908,0.0014093758,-0.0031109415,0.00831075,0.0040735453,-0.0014900342,-0.001167871,-0.0043618977,0.002790628,-0.0049482686,-0.0024563,-0.0029700398,0.012383878,0.006376803,-0.0018719733,-0.00946147,0.009397583,-0.010805398,-0.015145585,PkC_ss
0.016516332,-0.020619676,0.0040612817,-0.0013362914,-0.008136518,0.0016035847,0.02331236,0.005668193,0.00958658,0.010253713,0.011194382,-0.0037963688,0.0023749557,0.014444668,0.0011450723,0.021221329,0.0069881026,0.0065900907,0.0038085282,-0.007802166,0.0035844273,0.021437973,0.0077796876,-0.018017508,0.0033386052,0.0004885644,0.014374692,-0.019723454,0.016946152,-0.0028126948,PkC_cs
-0.0020156093,-0.002659969,-0.0048865974,0.0018017292,0.0071263127,0.0048901364,-0.004918769,-0.00812763,-0.00636011,-0.00655815,0.0014903992,0.006117016,0.0020600432,-0.004231561,0.001873292,0.0033946931,-0.0015168414,0.0003632605,-0.0057104826,-0.00081035495,-0.008817294,-0.008568004,0.0009865575,0.012174644,0.0073355734,-0.00087762624,-0.006349884,0.00904304,-0.009218909,-0.010163378,PkC_ss
0.0015259981,0.0025287122,-0.003182605,-0.0040442944,0.0045573227,0.0043751784,0.0028933883,0.0024517253,0.0017991327,0.0003437698,0.010198854,0.004884295,0.0021756021,-0.004668135,-0.0021574497,-0.0048376247,-0.0013637748,-0.00012347847,-0.009425357,0.004670512,-0.0048752483,-0.00395057,0.002816286,0.006777808,0.00019399822,-0.0042379275,-0.0038825348,0.0049942583,-0.0067077354,-0.0046292953,PkC_ss
0.00020033494,0.003490381,9.530783e-05,-0.0029171258,0.0020176098,0.004823312,-0.0048137605,-5.6952238e-05,0.0013298579,3.8936734e-05,0.011765111,0.004642211,0.00010042731,-0.002239462,-0.0035234094,-0.004895024,0.005283596,-5.759299e-06,-0.00402236,0.0039366893,-0.0054158727,-0.008750014,0.0009342842,0.0077246726,0.0006712526,-0.008840084,-0.0030774847,0.009820271,-0.008955076,-0.004292451,PkC_ss
0.0078080297,-0.013947494,0.0008637756,-6.0886145e-05,-0.0006365143,-0.00010005012,0.022202663,0.006087035,0.0072903335,0.014937848,0.013842072,0.0012149066,-0.003619845,0.015097979,-0.004289575,0.013923202,0.003698241,-0.0012811646,0.0015551001,0.0030243266,0.002132133,0.020876389,0.0019935071,-0.010858979,0.0013644993,0.00065003335,0.009022865,-0.018395768,0.015921548,0.0033474378,PkC_cs
0.004800016,-0.01926785,-0.010861114,-0.0099451095,-0.005142942,-0.00023978204,0.020835444,0.0053285733,0.00958389,0.0026417822,0.00810241,-0.0019764379,-0.00611974,0.022752613,-0.004699908,0.009257175,0.010032872,0.010109693,-0.0010769814,-0.017247962,0.010380346,0.024355844,0.0015316382,-0.02108584,0.008245103,-0.008772135,0.0031489804,-0.010768695,0.037585277,-0.0013769232,PkC_cs
0.001187902,0.0020758435,-0.0029494315,-0.00025866926,0.004130665,0.0057791546,-0.0053552836,-0.0068143904,-0.0032248683,-0.004614994,0.0017065741,0.0012790486,0.0029812348,-0.005300414,0.006099336,0.0022002347,-0.0018935595,-0.0026214048,-0.004582599,0.002125524,-0.0068310862,-0.0049046464,0.00083676726,0.013278872,0.0057569593,-0.0018120259,-0.008828152,0.009367174,-0.011826552,-0.013901304,PkC_ss
0.009090757,-0.019342028,0.0068051666,0.005714461,-0.0085773915,-0.0019373782,0.01587937,0.0053885877,0.007005483,0.0138487965,0.005188655,-0.0009626746,4.9131922e-06,0.013436478,0.0052190647,0.016188037,0.0024663992,0.0043150634,0.0012691766,-0.0025657248,-0.0013184743,0.019952547,0.0015671961,-0.010360394,0.0017352104,0.0043177903,0.00953741,-0.014235057,0.015115783,0.002716992,PkC_cs
0.0019154698,-0.0022268519,-0.001257047,0.00029470026,0.0021898076,0.0047146715,-0.0023785532,-0.004007578,-0.0011339001,-0.0014882535,0.0013378039,-0.00031098723,0.0013962663,-0.0030470155,0.0046056956,0.0032071918,-0.001669541,0.00069957227,-0.0045640767,0.00031756423,-0.0059688482,-0.0019669794,-0.00011140853,0.00815133,0.003348276,-0.002291441,-0.0034747943,0.0062773954,-0.0046628714,-0.011256658,MFB
0.0026710592,-0.0015281588,-0.0010071099,-0.0010538101,0.0027902722,0.0032391958,-0.00013257563,-0.0037255585,-0.001166299,-0.0019317716,0.0028729327,0.0012031943,-0.00026629772,-0.0021786205,0.007430412,0.004219353,-0.001250783,-0.00088813156,-0.004867211,0.001683116,-0.0055511883,-0.00065980107,-0.0016499646,0.009338878,0.005469173,-0.0012594312,-0.0076518096,0.006890623,-0.0060691833,-0.014735155,PkC_ss
0.0006191321,0.0015676767,-0.002388537,0.0012873411,0.0043893754,0.0061183423,-0.0067925304,-0.009181812,-0.0044318885,-0.005326614,0.0012750588,0.00040841103,0.002020548,-0.0041831173,0.0047422647,0.0024794005,4.3034554e-05,-0.0017815456,-0.002629295,0.0010580439,-0.008155079,-0.006457381,0.0007028729,0.013772823,0.005550146,-0.0034804195,-0.006778609,0.009833856,-0.012474678,-0.01499822,MFB
-0.0011576749,0.00037885457,-0.004841864,0.00084500015,0.0058457516,0.0057717636,-0.009201869,-0.008592024,-0.0052264147,-0.0059458017,0.002606079,0.0033112392,0.0034067389,-0.00654326,0.0061859563,0.0018116422,-0.0021653492,-0.00092769414,-0.005571842,0.002214333,-0.0083806375,-0.007480085,-0.0005839467,0.01617232,0.005720824,-0.00219208,-0.009320732,0.01315175,-0.01437439,-0.013953194,PkC_ss
0.016601032,-0.0121435225,0.014713556,0.003197521,-0.013214648,0.0015447289,0.026999697,0.0073502734,0.019313768,0.014792576,0.009917878,-0.0044334903,-0.00060605956,0.01181186,0.0036443844,0.014408557,0.0066713076,0.0039351285,0.007896662,-0.0053280555,-0.00093166437,0.023457196,0.0067246296,-0.021486953,-0.005918324,0.0055355877,0.011017647,-0.020431703,0.022086449,0.00040461496,PkC_cs
0.0036027692,-0.0060690567,-0.0022420585,-0.0015477985,0.0013620518,0.0047435686,-0.00029449165,-0.0013737679,-0.0017477944,-0.0016274154,0.0028812923,0.00027155876,1.1586584e-05,-0.0021353774,0.003968045,0.002976887,-0.002939025,0.00049801916,-0.0053765774,0.00086362474,-0.0062785326,0.0013390183,0.0016675442,0.0050180927,0.002675876,0.0022339597,-0.0040384047,0.004795218,0.0017599389,-0.009180814,PkC_ss
0.001130186,0.0004678592,-0.0019503087,0.0003644973,0.0026133135,0.0037914403,-0.0040810704,-0.005424306,-0.0019989945,-0.004308626,0.0021515675,0.0014900267,0.0017070945,-0.0023047961,0.005235322,0.0029460378,6.3104555e-05,-0.00034397095,-0.002604112,0.0027613845,-0.0057092384,-0.004039619,-0.00045085326,0.011556216,0.006920412,-0.0013675466,-0.007157646,0.0073990636,-0.00970275,-0.011602931,PkC_ss
0.0016485751,-0.0012747645,-0.00037808716,0.00063091516,0.0024398677,0.0018912293,0.00013118982,-0.0020637065,0.00026810542,3.1381845e-05,0.0027139112,0.0013573915,0.0019656408,-0.0014707781,0.004731536,0.0039466955,-0.0015304908,0.00049093366,-0.0056559592,0.0015606266,-0.0058228346,-0.00078129023,-0.00022345409,0.0058802366,0.0044770837,-0.0013332292,-0.0036477149,0.0060168207,-0.0071047023,-0.0075701177,PkC_ss
0.013668163,-0.005434856,0.016809061,0.004324436,-0.013471372,0.0065245107,0.026480637,0.005443692,0.023826174,0.016530752,0.01150915,-0.0047672465,-0.0058588265,0.010881059,0.0020605847,0.010099396,0.010439387,0.0010219589,0.011037797,-0.009595098,-0.0012298645,0.016160782,0.008282717,-0.019722797,-0.008388251,0.0013555735,0.010110263,-0.018240705,0.023615908,-0.005262006,PkC_cs
-0.0041715614,0.0032883808,-0.0044789314,0.002846703,0.0068344213,0.005798023,-0.010183349,-0.010712966,-0.00596473,-0.0060501844,0.0013213828,0.004711181,0.0042569595,-0.006508898,0.0031655654,0.0025447495,-0.0016009789,-0.0025318936,-0.0026084334,0.0037696268,-0.009990851,-0.012651853,-0.00050427765,0.018695824,0.00890252,-0.0012981743,-0.009357784,0.013045605,-0.01946818,-0.014496647,MLI
-0.0027502887,0.0009926036,-0.0032851845,0.005971387,0.0034462176,0.0064889677,-0.006985143,-0.0073875487,-0.0039567873,-0.0049803555,0.0044457763,0.0049771294,0.0018623797,-0.0024801902,0.0025018677,0.004349701,0.0032770261,-0.003992811,-0.0026316643,-0.00024324842,-0.010608218,-0.009497307,0.003418889,0.012820326,0.008096635,-0.00033725798,-0.0050526783,0.012148907,-0.013548985,-0.009811774,PkC_ss
0.0024702176,-0.003532961,-0.0037769526,-0.00088845193,0.0026722178,0.0042728037,-0.0011432767,-0.0034951717,-0.0016908981,-0.0015668273,0.002899047,0.0006503388,0.0009615412,-0.0015543438,0.0063300207,0.005199127,-0.0030038096,0.001507245,-0.005027592,0.0011417121,-0.0050466387,0.00016248599,-0.0010175407,0.008144245,0.004968524,-0.0016043112,-0.0051481873,0.00772522,-0.0051290393,-0.012928318,PkC_ss
0.01777202,-0.009648591,-0.024796076,-0.010185301,0.0058159865,0.003350217,0.032583527,0.013519034,0.026053183,0.0017984807,-0.0017209984,0.0034593865,-0.003127764,0.011207577,0.003084883,-0.01231863,-0.020141855,0.024025984,-0.013711691,0.018856758,0.010074131,0.02836948,-0.012579162,-0.011863466,-0.0006248206,-0.013970673,-0.002661176,0.0067701004,0.037454568,0.007512551,PkC_cs
0.0048816632,-0.0072323307,0.012166992,0.00077450275,-0.013948403,0.0032512695,0.024553016,0.013264671,0.018922366,0.019642904,0.009468306,-0.0004101768,-0.008975735,0.013909057,-0.0016768053,0.003530968,0.005740108,0.005977735,0.0077761263,-0.0007773768,0.0022708676,0.016172469,0.004990019,-0.021899775,-0.0064746737,0.0029630065,0.010354582,-0.020386491,0.02622658,0.0074722953,PkC_cs
0.0034839623,-0.0055617914,-0.0013910681,0.00042523444,0.00023801252,0.0033402517,0.0010572374,-0.002548188,-0.00058427826,-0.0018371344,0.0019461624,0.000705421,0.0006593042,-0.00036086142,0.0053457543,0.0050526895,-0.003119111,0.0015205815,-0.0042134523,-8.629076e-05,-0.0059055155,0.0017441623,0.000325419,0.0059445947,0.0041390806,0.0010453463,-0.004156973,0.0062817223,-0.0010787249,-0.009353314,PkC_ss
-0.0026938505,0.0010303184,-0.0059546977,0.00050880015,0.0063023306,0.0057971478,-0.012342811,-0.010598838,-0.0072814673,-0.00707829,0.002102647,0.0020305514,0.0059121815,-0.0066284053,0.00435178,0.000659287,-0.00078807585,-0.0013991669,-0.0044668317,0.0041201245,-0.0073508723,-0.01059138,-4.183501e-05,0.02095057,0.009289578,-0.0043685287,-0.009479918,0.01308896,-0.018956952,-0.01475805,MFB
0.0018130876,-0.010858618,-0.0034227073,-0.0061712116,-0.010388754,-0.002015669,0.020135812,0.009248309,0.012899756,0.0074359924,0.0013365597,-0.007527493,-0.0063654818,0.022831198,-0.007901806,-0.0010342821,0.011919299,0.0033175647,0.0012123883,-0.018996352,0.008024881,0.023631271,0.004834309,-0.024207834,0.002955079,-0.009896755,0.0066997446,-0.012279039,0.0400134,0.0067606904,PkC_cs
0.01057972,-0.01994516,0.0042226613,0.0024141818,-0.00850033,9.861216e-05,0.016890287,0.005704716,0.0076060817,0.010082975,0.0050092153,-0.0021709949,-0.0019126404,0.0135529,0.0022829697,0.014995104,4.562922e-05,0.007194996,0.00390999,-0.0011678599,-0.00019204151,0.018795684,0.0010012165,-0.011449259,0.0019976497,0.005311623,0.009016674,-0.011433613,0.020358272,0.00173489,PkC_cs
0.0034508146,-0.0054747313,-0.0053923875,-0.0013584793,0.0046684965,0.004254177,-0.0017689466,-0.0043670386,-0.003869839,-0.0050861835,0.0025639571,0.00091448426,0.0033780276,-0.0026101135,0.0022017062,0.004029751,-0.001706589,0.0013873354,-0.007246807,-4.932098e-05,-0.005872884,-0.0020141602,0.0030122623,0.00781294,0.0069195405,-0.00077020377,-0.0036133677,0.005313685,-0.0036917552,-0.009366367,PkC_ss
-0.0052247196,0.0027339011,-0.0055856705,0.0021785647,0.0057022013,0.0063802153,-0.013968736,-0.01155901,-0.007465966,-0.0073698163,0.00069986284,0.0030225143,0.0051469705,-0.006059643,0.0047146752,0.0024831556,-0.0005493779,-0.0022149086,-0.0024941862,0.0038331933,-0.008011366,-0.013133109,0.0001890473,0.020219564,0.010968588,-0.0028557107,-0.009969756,0.015083391,-0.020848066,-0.013860609,MLI
0.0029471628,-0.0016055778,0.00079879165,6.1288476e-05,-0.0005520806,0.0013584942,0.003975019,0.0011115968,0.0032217577,0.0032907426,0.0023712367,0.00018946081,-0.0010802252,0.00027482212,0.0048676357,0.0034227967,-0.0045480207,0.0006574467,-0.0031602234,0.0029790867,-0.004805306,0.003716331,-0.0020003766,0.0035425723,0.0011296868,0.0014594197,-0.0032330677,0.002887398,-0.0012149215,-0.007953901,PkC_ss
0.0020398758,-0.003047578,-0.00017228723,-0.00011359155,0.001646556,0.003240835,0.0011083484,-0.0021245629,-0.00022137538,-0.0009023994,0.0032676682,0.0027447715,0.0005149483,-0.0016995855,0.0051988736,0.0043144673,-0.002918832,0.0014379472,-0.005738616,0.00072062947,-0.006377098,0.0002242513,-0.00038043037,0.0055218935,0.0028742105,0.0004073307,-0.0048916265,0.006329011,-0.0049020797,-0.008580498,PkC_ss
-0.001919549,0.004998289,-0.0021249205,0.0007070005,0.0056914575,0.005845342,-0.007123992,-0.008039579,-0.0025018565,-0.002676472,0.002507832,0.0025059208,0.002319377,-0.00644869,0.005998194,0.000936158,-0.0022943672,-0.0026855841,-0.0038399547,0.003158033,-0.0077713514,-0.0071831644,-0.0012887008,0.015232369,0.0036110878,-0.0030490533,-0.009786714,0.010797285,-0.01600606,-0.013908334,PkC_ss
0.0030629989,-0.0050013885,-0.013490856,-0.010531798,-0.0021953732,-0.005635012,0.026173927,0.015995376,0.015733153,0.012953013,-0.0071484,-0.012959488,0.0004564072,0.023088455,0.00255277,-0.0057818666,-0.002115436,0.0051135644,-0.0009918511,-0.0032431427,0.01435864,0.031855386,0.0017552339,-0.028772295,0.0050961375,-0.0126576945,0.0068406053,-0.0059504136,0.03365398,0.019147353,PkC_cs
0.0019265972,-0.022089362,-0.01553975,-0.011704698,-0.004797451,-0.0019294806,0.017272018,0.009874426,0.0061599463,-0.0006199628,0.0068907887,-0.003964223,-0.005722219,0.024952576,-0.007140383,0.010470279,0.010216178,0.0121982545,-0.0014025271,-0.014623342,0.011209697,0.023636587,-0.0010366216,-0.021332059,0.0120983645,-0.006063752,0.0041359104,-0.005253547,0.040824648,0.0017342865,PkC_cs
0.0283639,-0.031342484,-0.040914804,-0.025141716,0.029206505,-0.004904706,0.010134451,0.0066304803,-0.016396973,-0.026837789,0.004416175,-0.0042598248,0.03040045,-0.00039574504,-0.01836273,0.0075377375,-0.016792998,0.024470732,-0.0063457936,0.01103091,0.0065236697,-0.007450618,-0.004522931,0.022655055,0.02766981,-0.003130734,0.0066879094,0.01135649,-0.0076532066,-0.0149356425,MLI
0.0016677193,-0.0012488514,-0.00023658574,0.0018609613,0.00020784512,0.002300702,-0.00044728816,-0.0027523935,0.00029149652,0.0007121265,0.0013980009,0.0008825362,0.0009755874,0.0004615113,0.004114583,0.004544314,-0.0013110917,-0.000432916,-0.0021749139,0.0017681401,-0.005992216,0.00032607466,-0.0007421188,0.007071644,0.0051805377,-0.00020390749,-0.0032991655,0.0033656135,-0.0064335167,-0.008368056,PkC_ss
0.0037032645,0.0015304163,-0.00043788552,-0.0012544096,0.0011307187,0.0029962584,0.009426028,0.0047694817,0.0046792254,0.007189408,0.008060515,0.0022604093,0.0004251739,-0.00018555671,-0.002528742,-0.003269665,-0.0038624592,-0.0035116374,-0.005742088,0.0025220457,-0.0049575716,0.004335556,0.0043243505,0.0015676096,-0.004395798,-0.001769796,8.3025545e-05,-0.0017446093,-0.00031941384,-0.0028644577,PkC_ss
0.027540652,-0.032011934,-0.035076894,-0.027572677,0.026223011,-0.00818076,0.018094733,0.014294408,-0.012947176,-0.02446425,0.0053234063,-0.0022242218,0.024481917,-0.0002734959,-0.018788483,0.0068767816,-0.018165538,0.023184478,-0.0108303875,0.013883529,0.008859886,-0.0036469176,-0.007189758,0.017049447,0.022825785,-0.0003088042,0.0064868107,0.008227494,-0.00040907413,-0.010717794,PkC_ss
0.032662675,-0.029401578,-0.035015523,-0.014809281,0.038616743,-0.007881481,0.007459402,0.004699111,-0.011632759,0.0010890663,-0.016500294,-0.03322486,0.036202215,0.00466945,-0.010710619,0.0059658103,-0.05382684,0.021996893,0.014135107,0.009214156,0.02130229,-0.020922013,-0.0004571937,0.01922451,0.025606878,0.005484909,0.029096615,0.027417846,-0.015220523,0.011394497,PkC_cs
0.011287557,-0.005981736,0.016618818,0.0061998367,-0.013952933,0.0077153053,0.020928636,0.0013482422,0.017774254,0.014667273,0.012070604,-0.00440567,-0.0027038106,0.011532981,0.0009913817,0.015939416,0.011135144,-0.0011648387,0.012612253,-0.010248469,-0.0038572615,0.013041578,0.0107471645,-0.016587593,-0.0026275069,0.0045301244,0.008873165,-0.015641289,0.017136365,-0.005125072,PkC_cs
0.0015636012,-0.0123430565,-0.008851841,-0.0018562227,-0.0028061569,-0.0016433932,0.02125439,0.008744232,0.015388995,0.009163782,0.002284065,0.0015700534,-0.0111108795,0.014832143,-0.0033839867,0.001511436,-0.0041246787,0.0033926293,0.0054930598,-0.00066172145,0.0034892964,0.019181322,-0.0013322048,-0.018650103,-0.00551188,0.0045952722,0.005605042,-0.008162645,0.0317131,0.0036609396,PkC_cs
0.0038600806,-0.008016296,-0.00062440336,0.0044079125,0.0002085343,0.0007191561,0.0031719804,-0.004907429,-0.0004788339,0.004564032,0.0015153661,-0.0010093972,0.0028585116,0.0070812963,0.005564794,0.012835437,-0.00030997023,0.0014379993,0.0026699007,-0.00035743602,-0.00427898,0.008028224,0.00015810132,0.0020201951,0.006550744,0.0007782802,0.00085958466,-0.0019203201,-0.0016556606,-0.0069360845,MFB
0.00075197965,0.00073491037,-0.00030823052,3.8549304e-05,0.003731858,0.004691776,-0.0028797537,-0.0052312464,-0.0022790618,-0.0039350986,0.0018265583,0.0025383458,0.0013583219,-0.0054752566,0.0061995536,0.0014638454,-0.0018337313,-0.0011244491,-0.006477222,0.0018471684,-0.007632724,-0.0055190325,-9.0349466e-05,0.011936583,0.004999116,-0.0010961369,-0.008558139,0.009181399,-0.010060228,-0.012482692,PkC_ss
-0.00011393055,0.00017344207,-0.0012274384,0.00057050586,0.0044978037,0.0038212202,-0.001273647,-0.005098015,-0.0023162328,-0.0022134036,0.0018215664,0.002953522,0.0019291029,-0.0032695122,0.003831841,0.0018553212,-0.0016117357,-0.000740692,-0.0059827715,0.0016424414,-0.0074623646,-0.004019778,0.00055004284,0.0098314285,0.004946798,-0.0017497838,-0.0062607564,0.006441701,-0.009967782,-0.009869017,PkC_ss
0.0003989078,0.00068719685,-0.0006492734,0.0012631714,0.0033823512,0.0041016378,0.0003284663,-0.0041929334,-0.0017055944,1.513958e-05,0.0013883598,0.0013206378,0.0011407877,-0.0022575632,0.0036264136,0.0030756667,-0.001878459,-0.001554288,-0.0049085915,0.00054223277,-0.0080742175,-0.002247747,0.00029426813,0.008239828,0.0040364712,-0.0021867007,-0.004215773,0.0055128783,-0.008503981,-0.01124265,PkC_ss
0.00019976869,0.0017053708,-0.002938807,1.3649464e-05,0.0040171854,0.004376337,-0.005305186,-0.006481439,-0.0037153102,-0.0054879785,0.0015162341,0.0016705915,0.00263894,-0.0045507066,0.005999118,0.0026106983,-0.0012930036,-0.002173312,-0.0057813525,0.0030134935,-0.0070622107,-0.006122157,-0.0005524978,0.014468849,0.008078545,-0.0026134327,-0.009008583,0.011571843,-0.013630487,-0.013884217,PkC_ss
0.0059542935,-0.0070714727,0.016573802,0.00706546,-0.012548566,0.0051162913,0.021319106,0.0037358776,0.016519755,0.015430719,0.0092349835,-0.0005865842,-0.007807211,0.013818674,-0.0005862862,0.0126797315,0.011342486,0.0008397177,0.012354374,-0.008215575,-0.0029153684,0.011140496,0.007835999,-0.017343923,-0.0037157089,0.005005963,0.010367069,-0.019122515,0.018144071,-0.0007122122,PkC_cs
0.006526772,-0.01097507,0.013837904,0.0052927136,-0.01172848,0.004597094,0.023570396,0.0057148114,0.014648266,0.014677167,0.00944645,-0.00042641908,-0.0068728747,0.015505005,-0.001960218,0.014507672,0.009886673,0.0028627962,0.008850098,-0.006146943,-0.0035306606,0.014249999,0.007443428,-0.019109577,-0.0014152974,0.005856976,0.011511315,-0.018800514,0.018863574,0.0013339221,PkC_cs
0.074447535,-0.06743652,-0.0658878,-0.039769106,0.060694728,-0.0044747926,0.0035785139,0.021288149,-0.021515321,-0.018201992,-0.015020847,-0.060579695,0.084655985,-0.005266603,-0.037738822,-0.0088979155,-0.07558891,0.060176626,0.008870289,-0.010992277,0.043407094,-0.065095246,0.018533174,0.047130376,0.050662167,-7.1667135e-05,0.06887975,0.03917365,-0.039047755,0.015160538,MFB
0.0010575429,0.00027520955,-0.002402708,0.002372846,0.0032010376,0.0039898716,-0.0058707595,-0.0055812746,-0.0031934232,-0.0029254556,0.0037379302,0.00135988,-8.845329e-05,-0.001959376,0.0041256845,0.0033021532,0.0007523969,-0.003076002,-0.003083557,0.0017465781,-0.008519693,-0.005351685,-0.00038726628,0.012234747,0.006118402,-0.0014446825,-0.006003082,0.010673163,-0.009406179,-0.012396172,MFB
-0.00027478114,-0.003387116,-0.0051396936,0.0011778772,0.0055089034,0.0042277053,-0.007681206,-0.008394584,-0.005839806,-0.007404715,0.0009876452,0.0026939288,0.0046107112,-0.004358817,0.0032591373,0.0040215217,-0.0003307052,-0.0011828616,-0.006497681,0.002159996,-0.008183171,-0.0073324144,0.0020910725,0.012888603,0.010515682,-0.00067313015,-0.0062112473,0.010093618,-0.011902615,-0.009225432,PkC_ss
0.0018165037,-0.0008400306,-0.0037093908,0.0011372119,0.0025437623,0.0052370615,-0.005796522,-0.005996257,-0.0030336082,-0.0046212673,0.002601456,0.0008376911,0.0037665847,-0.0038036443,0.004995264,0.0035824329,-0.0012413524,-0.000695087,-0.0054819733,0.0017764438,-0.0069962842,-0.0042281486,0.0007334165,0.013369165,0.006841153,-0.0026701018,-0.00595019,0.010437429,-0.010978341,-0.0122698955,PkC_ss
0.0019542687,-0.0018536672,-0.0020958036,-0.00042238832,0.0014346875,0.0026940554,-0.00057430565,-0.0023001432,-0.0008450784,-0.0003093779,0.0025062077,0.00050040334,0.0014080275,-0.0014234744,0.006056495,0.0041793883,-0.003477158,0.00040583313,-0.00470832,0.0013332665,-0.004598194,0.0007565133,-0.00065677613,0.0078388825,0.0042197555,-0.00073530525,-0.0050029717,0.006190438,-0.0062473565,-0.011427108,PkC_ss
-0.00268941,-0.0017431304,-0.0016514957,0.00047668815,0.0023085698,-0.0104114525,0.0029397458,0.002540715,-0.002958741,0.0081537515,-0.008433968,-0.0021431372,-0.0024005994,0.002273932,0.009266309,0.011917377,-0.016263122,-0.005290635,-0.0054155737,0.014000952,-0.0012928341,0.02198232,-0.0063953474,-0.0118714385,-0.0048683435,0.008126415,-0.0055126846,-0.0017722119,0.014860973,0.01658118,PkC_cs
0.010837657,-0.010883242,0.009939268,0.006741479,-0.012740269,0.0051669553,0.02376064,0.0074393526,0.019166522,0.019373193,0.008043483,-0.0014188737,-0.006558203,0.012024142,0.0026972145,0.011865931,0.003351871,-0.00019519031,0.008278355,-0.001174558,0.0023940504,0.022859238,0.005321175,-0.020984005,-0.008405432,0.0028630942,0.012691528,-0.01898073,0.029048096,0.0054641776,PkC_cs
-0.002711311,-0.0033284277,-0.008947596,0.0009482205,0.011199303,0.005863428,-0.007372096,-0.01271385,-0.0086817555,-0.009376064,-0.00065439567,0.004866332,0.005124495,-0.004274171,0.004048094,0.0065991096,-0.0019744914,0.0019238517,-0.004730448,-0.0005439017,-0.007992708,-0.01065138,0.00059526786,0.013458461,0.011919737,-0.0032986626,-0.007413503,0.013743486,-0.013875045,-0.013170823,MLI
0.0020071194,-0.002335593,-0.0018438846,-0.00024673343,0.0009140186,0.005008176,0.00022549927,-0.002248004,-0.0006262027,-0.0010775477,0.0033247098,0.00044924766,0.0005617691,-0.00048724562,0.0050885305,0.004815653,-0.0015396159,0.0008755848,-0.00334014,0.002264956,-0.0053688996,7.408485e-05,-0.00044232234,0.008607455,0.005484849,-0.0003472641,-0.0050166175,0.0058721844,-0.005056925,-0.011851169,PkC_ss
0.0037202407,-0.008383803,-0.0013573766,-0.0002232492,0.004020937,-0.00015439838,0.009576917,0.0012139678,0.0004282929,0.0027219355,0.00582169,0.004859604,-0.0007295334,0.002100069,0.00014246255,0.00478106,-0.0056928843,0.001598455,-0.00564678,0.0022885501,-0.004082077,0.0042786747,-0.00078365207,0.0028901324,0.00067698956,0.0021414235,-0.0008937344,0.00055071525,0.0022265688,-0.0038384348,PkC_ss
0.010590596,-0.01703199,0.0051412284,0.0039633214,-0.009510063,-9.295344e-05,0.015651755,0.0041440427,0.0077907443,0.012174994,0.005739972,-0.0033812523,-0.001072546,0.013644047,0.0031593516,0.016240124,0.00247108,0.005396001,0.00480254,-0.004493978,0.00018108822,0.019452173,0.004015621,-0.014023751,9.854138e-05,0.0036369264,0.011345748,-0.0151713705,0.017357096,0.0013003647,PkC_cs
0.003979232,-0.0069788173,-0.0026645511,-0.0013022274,0.0031594709,0.0032459982,0.003737539,-0.0021079779,-0.00093177333,-0.00067935884,0.0034102947,0.0016127303,0.0022597846,-0.00067554414,0.0025362968,0.0044293962,-0.005494613,0.0043689534,-0.006387159,0.00022814795,-0.0046503907,0.001974944,0.0012039617,0.0051823556,0.0028343052,-0.00027089566,-0.0017193295,0.0029186513,-0.0020085424,-0.007274978,PkC_ss
0.0029805172,0.0020304471,0.0018879324,-0.0040149987,-0.0011157505,0.0034776777,0.008877039,0.006787367,0.006704785,0.008758068,0.009982996,0.0013412684,0.0002697548,0.0013998821,-0.007353626,-0.007061675,-0.000513494,-0.0012664571,-0.005087137,0.00504288,-0.0035992395,0.002885092,0.0036878437,0.0010894015,-0.0032153726,-0.0052652285,0.0016873069,-0.003914361,9.961426e-06,9.500235e-05,PkC_ss
0.000355497,-0.0018548518,-0.0033393055,4.4703484e-05,0.0062532797,0.0026799254,-0.0027996302,-0.0048582703,-0.002835542,-0.0028942972,0.0022787377,0.0036560297,0.0046781283,-0.0043169,0.004152827,0.0039462745,-0.0023348723,-0.0002675429,-0.00762634,0.0017107651,-0.006372844,-0.0036047883,-0.00038855523,0.010752037,0.006481804,-0.0014559552,-0.006074149,0.0068295766,-0.011440545,-0.008821119,PkC_ss
0.004407592,-0.008259408,0.0030947626,0.0028098226,0.00021489337,-0.0019726157,0.0077259988,-0.0024190694,0.0015965365,0.006702721,0.0044810325,0.0021706,-0.0012827157,0.0085604265,-4.5105815e-05,0.008950658,-0.002972601,0.0014195293,0.0032742769,0.0009818524,-0.00370513,0.009862315,-0.0034353845,0.004198402,0.0021738857,0.0031694174,-0.0009406209,-0.007980344,0.0030433238,-0.0032043867,PkC_cs
0.0011417866,-0.013621204,-0.007814318,-0.009116754,-0.009069711,-0.0010427386,0.019825168,0.009432182,0.011990413,0.004343763,0.003269378,-0.0052227825,-0.0068310965,0.02170873,-0.007165596,0.0003842786,0.013328252,0.005457133,-0.0007253587,-0.019724151,0.010995651,0.023821093,0.0035499446,-0.024855468,0.0040142685,-0.012504712,0.007096458,-0.011939017,0.040839672,0.0045481026,PkC_cs
0.0012317486,0.00053687394,-0.002150625,-1.0624528e-05,0.0021793917,0.0048192367,-0.004121706,-0.004237011,-0.0019316263,-0.003174752,0.002292011,-0.00020914525,0.0024784617,-0.00329059,0.005738981,0.0037435852,-0.0007875357,-0.0018780157,-0.005002469,0.0020868666,-0.0064545544,-0.004287921,0.0009060055,0.010758646,0.007699877,-0.001603134,-0.0066303946,0.010316951,-0.00970985,-0.01194923,MFB
0.0012848526,-0.00078080595,0.00013539195,0.0011740923,0.0019828454,0.0042939633,0.0020989627,-0.0021331757,0.0015500635,0.0017278641,0.0027469993,0.0019844323,0.0011056988,-0.0016112067,0.001426354,0.0021747723,-0.004046198,0.0014634281,-0.00348413,0.0013772305,-0.0072002793,-0.0008834079,0.0007717125,0.0054499954,0.0013662279,0.00046563148,-0.0022740923,0.0029763374,-0.0047078133,-0.0069084167,PkC_ss
0.0019865595,-0.0051915646,0.0019827783,0.0018818527,-0.001922369,-6.67423e-05,0.0029397756,-0.0003286004,0.0015350915,0.0032615364,0.001760032,0.00020423532,3.641052e-05,0.0032612719,0.005114451,0.0074228384,-0.0020631105,0.0010664463,-0.00218077,0.0005943831,-0.0032428876,0.0044065453,-0.00054422393,0.0027442127,0.004933074,0.0019310713,-0.0015545264,0.000362996,-0.0009223968,-0.0048011355,MFB
0.0016163327,-0.009240828,-0.00044804811,0.0027020872,0.0038771927,0.00029277056,0.006289929,-0.0049552023,-0.0029697232,0.003014475,0.0034790374,0.0009328574,0.001341711,0.008041345,0.0012174696,0.010183524,6.357953e-05,0.0010074228,-0.0010568202,-0.0024045948,-0.005240973,0.0068104006,0.0006616749,0.003994897,0.0068772137,-0.0002515763,-0.00022661313,-0.0025936048,-0.0010706335,-0.0037900433,PkC_cs
-0.0037883297,-0.0026747957,-0.012775481,-0.0013299286,0.012443334,0.0060313046,-0.013696805,-0.014175475,-0.011670489,-0.012859628,-0.00046093762,0.002919808,0.008820567,-0.0072705857,0.004385799,0.005863551,-0.0017866399,0.0010978132,-0.0065937936,0.0016173366,-0.007184199,-0.013846241,0.0016428195,0.018518835,0.01593794,-0.0040586516,-0.00959523,0.017212193,-0.020198561,-0.015158109,MLI
0.0030563548,-0.0053617805,-0.0015439987,0.0013751835,0.0012153797,0.00032797456,0.00010755658,-0.0011971593,-0.00013734028,0.00069624186,0.0024713092,0.00046530366,0.0028119122,0.0021983348,0.005562529,0.007915098,-0.00044326112,0.001977563,-0.0024942607,0.0009184908,-0.0035456736,0.0026986226,-0.00086210296,0.0049133897,0.006705798,0.00048145652,-0.0018506758,0.0026179478,-0.0040151402,-0.006550852,MFB
-0.003147442,0.00028233975,-0.008582756,0.0006557256,0.008133594,0.0061738975,-0.011839747,-0.011838108,-0.008143403,-0.0069912523,0.001603704,0.0034523532,0.006864715,-0.0071744286,0.0050692484,0.0013465956,-0.0028934926,-0.001655519,-0.0056946576,0.004045751,-0.008051154,-0.010341868,-0.00024516508,0.021441646,0.0099273175,-0.0047516897,-0.010356549,0.015004519,-0.019923218,-0.01592245,MLI
0.041718155,-0.051780634,-0.052865744,-0.034191184,0.039095126,-0.008891918,0.01990059,0.016786642,-0.020860143,-0.033134885,0.0036630072,-0.010986455,0.041413855,0.0010433272,-0.027121946,0.0048898496,-0.028282676,0.036322646,-0.011800587,0.008179666,0.017698072,-0.017859437,-0.0016563088,0.029550962,0.039370738,-0.0016599,0.021482173,0.015125569,-0.007962242,-0.00866149,MFB
0.00082038715,0.001393877,-0.002069518,0.0016709566,0.002191767,0.005064741,-0.004216954,-0.005672127,-0.0013633743,-0.002928108,0.0022333078,0.0018756017,0.0003003315,-0.0025070123,0.0069151744,0.0037507862,-0.0009797849,-0.0012757406,-0.001538232,0.0027462486,-0.0066365907,-0.0038315281,-0.00146899,0.011627741,0.0053661317,-0.00095849484,-0.0078131035,0.009806357,-0.009135596,-0.013639867,PkC_ss
0.0026567075,-0.0035517514,0.00022318959,0.0011595935,-0.0020333976,0.002939105,0.0025333613,-0.00045840442,0.0020535998,0.0021674335,0.0032139644,-0.00087213516,-0.00038525416,0.002171237,0.0037877858,0.005379133,-0.0019421317,0.00096957386,-0.0027454644,0.00092519633,-0.005489042,0.0030909404,0.0007555261,0.0035241172,0.00474222,0.0011351183,-0.0020210631,0.0035195537,-0.00043388456,-0.0075724125,PkC_ss
0.0022861138,-0.003942974,-0.00021392107,0.0027890205,-0.00057543814,0.0024651326,0.0022973865,-0.003106892,0.0006885007,0.00258179,0.0026298165,-0.00040732324,0.0005908753,0.0022773668,0.005640678,0.008017119,-0.0018952526,-0.00079057366,-0.001358062,0.00012443773,-0.0056040883,0.0033485033,0.0010652989,0.0037323758,0.005384937,0.0007694736,-0.0019761585,0.0041776616,-0.002806589,-0.008735672,MFB
0.01513562,-0.016591236,0.007513225,-0.010736197,0.03354635,-0.0064588673,0.0029922277,0.0042426363,0.0025479272,0.030170754,-0.033195555,-0.07004825,0.010633079,0.022975158,-0.008456495,0.015052799,-0.07160336,0.016280599,0.04466617,0.015702333,0.024947416,-0.026965283,-0.005197469,-0.0044917874,0.025849462,0.035840705,0.02690113,0.04552938,0.0071647763,0.04219235,PkC_cs
0.0031743422,-0.006294295,-0.0024515092,-0.0011844188,0.002692517,0.003134787,0.0012786984,-0.002866611,-0.0019648075,-0.0029690862,0.0026102774,0.0016161725,0.0008931742,-0.0016036592,0.0043671057,0.004847165,-0.0020451732,0.0009591654,-0.0064011514,0.0007494241,-0.006101894,0.0011232086,-0.00030748174,0.0072490126,0.005449727,0.00037236512,-0.004769668,0.004824184,-0.0020384863,-0.011641204,PkC_ss
0.0021375045,-0.0025312006,0.0004492998,0.0018984228,-0.0007070862,0.0027964525,0.0018695295,-0.001483798,0.0012257174,0.0024763495,0.0014982745,-0.00030248612,-0.00088089006,0.001476083,0.003371358,0.004199099,-0.0023460053,-0.0004594922,-0.0021909326,0.00088333525,-0.006411121,0.0026080757,9.717047e-05,0.003465712,0.0029816926,0.0006181747,-0.0017553158,0.0032480825,-0.00051286817,-0.007411752,MFB
0.001566302,-2.5905669e-05,0.0005221218,0.00041280687,0.00043036044,0.003112726,-0.0013860464,-0.0036389679,-0.00081048906,0.0008710176,0.0030140579,-0.0009163618,-0.00043327967,-0.0005358197,0.0056695193,0.0029403046,-0.00190611,-0.00094056875,-0.0032783747,-6.122328e-05,-0.0058488334,0.00014232472,0.0004896298,0.008567028,0.0034703016,-0.0008466989,-0.0054927804,0.004454676,-0.005830571,-0.011851881,MFB
0.0013588294,-0.0016968101,-0.0010296255,-0.00015895069,0.0020971633,0.0038156249,-0.0020837635,-0.003972888,-0.0020634644,-0.0026191026,0.0024435818,0.0015109181,-0.00030142302,-0.0014745034,0.0069010407,0.0042311475,-0.00088915974,2.2999942e-05,-0.0034661144,0.0016549304,-0.0056848433,-0.0017884411,-0.0015175641,0.009848744,0.005304858,-0.0006890148,-0.0070437007,0.0076335985,-0.0071138516,-0.012918405,PkC_ss
0.0019606464,-0.0011160746,-0.0012290627,0.0005374253,0.0026058406,0.003284905,-0.003390655,-0.005183786,-0.0024796687,-0.0033479035,0.0013459958,0.00050474703,0.0020216268,-0.0020512156,0.0054656044,0.0039134026,-0.0012443252,-5.9232116e-06,-0.004756838,0.0001993142,-0.00587748,-0.0038291551,7.330254e-05,0.010833062,0.0066872314,-0.0026713684,-0.0055450834,0.008493047,-0.009222411,-0.0114724785,MFB
0.0031600706,-0.0047245547,-0.0010733902,0.0014638454,0.000256408,0.0027986355,0.0008970201,-0.0024809092,0.0006179288,0.0013982803,0.0021930076,0.00022175163,-0.0008330266,0.00128996,0.004897952,0.0039364137,-0.0026623718,0.00203792,-0.001248166,0.00094447285,-0.0040254146,0.002992753,-0.0010374151,0.0062229484,0.0020212233,-2.901256e-05,-0.002330158,0.0018197354,-4.9188733e-05,-0.009347945,MFB
-0.002965089,0.0005108118,-0.0053297877,0.0015852302,0.005457148,0.006261252,-0.011523813,-0.010178536,-0.0067909993,-0.0065645576,0.0019054674,0.0023828,0.0038453285,-0.0047407486,0.004888788,0.0024127513,0.00037333742,-0.0012798384,-0.0034431666,0.0018621199,-0.007974095,-0.0112504065,0.0009447709,0.018164784,0.010526918,-0.003094472,-0.009091131,0.013544798,-0.01602333,-0.01451968,MFB
-0.003986422,-0.0022042915,-0.006490469,0.0026198477,0.008229341,0.0056686997,-0.009050816,-0.011822566,-0.008585542,-0.0056943446,0.0007173903,0.0034669712,0.0053508305,-0.004986558,0.0014214963,0.004420776,-0.000276912,-0.0044263303,-0.005251497,0.0008956194,-0.008811711,-0.008491345,0.002777923,0.014497019,0.009722985,-0.0026169717,-0.00626589,0.010073682,-0.012976855,-0.010184202,MLI
0.026578907,-0.040443093,-0.046874084,-0.03475211,0.031846255,-0.008069392,0.023157679,0.013372339,-0.021320272,-0.04258071,0.014629886,0.011775821,0.023444762,6.3013285e-05,-0.027326472,0.0036592968,-0.0060168803,0.025358155,-0.024052314,0.016029552,0.0041104956,-0.0007617958,-0.0071383566,0.02597443,0.03248339,-0.002290085,-0.0038098805,0.0016943701,0.002746977,-0.018183224,MLI
-0.00058096275,0.0002776608,-0.0065421313,0.00066047907,0.006800309,0.0056432486,-0.0031327456,-0.007631406,-0.0032510906,-0.0040613264,0.0056433342,0.0040065646,0.00422349,-0.003787499,-0.00042970479,0.001324702,0.0005583614,-0.0044783577,-0.005088657,0.0031136293,-0.006724459,-0.005049292,0.004535027,0.00986255,0.0054784715,-0.0043963194,-0.0031940937,0.0074663386,-0.012933187,-0.0073841996,PkC_ss
0.00010237098,-0.0010267198,-0.00023600459,0.0029107928,0.0005644262,0.0027250722,-0.0029295683,-0.004027128,-4.0438026e-05,0.00041513145,0.0013626404,0.00017429143,0.0010035415,0.00047150627,0.00598713,0.006290395,-0.00030928105,-0.0004363358,-0.0008882135,0.0012918431,-0.0049824547,-0.00012624636,-0.0007526353,0.006577827,0.005054176,-0.0004222542,-0.0032719113,0.0055809673,-0.0067413747,-0.00820246,MFB
0.00087007135,-0.0010143742,-0.0010532886,0.0033988506,0.0006566234,0.0029093698,-0.0016896725,-0.0044304878,0.00024593994,0.0017308891,0.0021940023,-6.605685e-05,0.0018862367,3.2924116e-05,0.0051378757,0.007610202,-0.0012908354,-0.0023633093,-0.00069744885,0.0015112385,-0.006110348,0.0014081933,0.0008000396,0.004443258,0.004394993,0.0011176541,-0.0026984066,0.0051479954,-0.0054257885,-0.008692101,PkC_ss
0.03575146,-0.03708528,-0.039743446,-0.023075327,0.036487117,-0.0064138174,0.010669336,0.009864509,-0.014447767,-0.01150912,-0.0076637566,-0.025639959,0.037404425,0.003621757,-0.016022567,0.007180225,-0.041821517,0.028322607,0.004451379,0.008969801,0.019041304,-0.018033653,-0.0010189041,0.022028439,0.030266985,0.0027690008,0.024387311,0.022221778,-0.010963485,0.003160607,PkC_cs
-0.0023444183,0.0016016439,-0.004960522,0.0009140223,0.005903069,0.0065828077,-0.01094754,-0.009387121,-0.005897969,-0.007395357,0.0010200404,0.0022868589,0.0030336375,-0.0064324625,0.0042976364,0.00091150403,-0.001038054,-0.002075106,-0.0042838603,0.0030041225,-0.008837306,-0.010262892,0.00083880126,0.016433723,0.008128561,-0.0011449605,-0.009322286,0.012991011,-0.014116123,-0.012954626,MLI
-0.0011148751,0.0015322566,-0.004546091,-0.0002542585,0.0041469,0.0067113154,-0.0036751628,-0.0025210083,-0.0020360276,-0.0032132417,0.007817671,0.0071521774,0.0012547255,-0.005058285,0.00066685677,-0.0028220303,-0.0006170012,-2.2597611e-05,-0.007191658,0.0015879944,-0.008439018,-0.0074180216,0.0031394511,0.009824596,0.0019935071,-0.0022885203,-0.0060652494,0.009690367,-0.008798502,-0.0075215288,PkC_ss
-0.0029566512,0.000969328,-0.003642127,0.0037034452,0.006630428,0.0062407367,-0.006922394,-0.011792541,-0.005633667,-0.001535669,-0.0010306165,-0.00031935424,0.0024590234,0.00064773485,0.007626556,0.01195156,0.000102996826,-0.0021517947,0.0029625148,-0.0008895509,-0.008589339,-0.0076857954,0.00045852736,0.009584263,0.012685098,-0.00044665486,-0.0073753074,0.012593016,-0.012554914,-0.016146094,MFB
-0.0034906976,0.004971914,-0.00206922,0.00043700635,0.0041430444,0.005558513,-0.010029778,-0.008824989,-0.0027974173,-0.0038449764,-4.824996e-05,0.00021324307,0.004349719,-0.008040551,0.009314604,0.002925776,-0.0018369444,-0.0023885295,-0.0049581975,0.0012493487,-0.006877818,-0.008286007,0.0006209798,0.013322294,0.007529579,-0.001962036,-0.010171905,0.012059597,-0.017334282,-0.014675312,MFB
0.0067563932,-0.014451355,0.003650114,0.00070920587,-0.0065871626,-0.0031604283,0.010803565,0.00723397,0.006739162,0.011390954,0.0018286258,-0.0030872151,0.00036644703,0.008289818,0.006205432,0.010882333,-0.004301168,0.0071454197,-0.0004235655,0.00014425069,0.0037417286,0.018222112,-0.0015482083,-0.009322543,-0.0019244105,0.0042358115,0.0069237724,-0.011520803,0.014329046,0.0023970157,MFB
-0.0068794377,-0.00037661195,-0.008067578,0.0040555596,0.007292222,0.0076491255,-0.010880083,-0.01069127,-0.008441851,-0.00806807,0.0019205324,0.0067929924,0.0046808873,-0.004790429,0.0031475946,0.004902724,0.0009470135,-0.00024167448,-0.006345257,0.00021744147,-0.011695518,-0.014375523,0.0027933493,0.01547309,0.013438106,-0.0022109002,-0.0077683814,0.016792048,-0.017780304,-0.010384351,MLI
0.0033440907,-0.005145535,-0.0013223737,-0.0012260824,0.002992697,0.0020358972,0.0026034117,-0.002311647,-0.0022853464,-0.0012372285,0.0025055557,0.0009158924,0.0016941377,0.00054558367,0.0039724857,0.0062120855,-0.0016635489,0.00081598014,-0.0045920312,0.001789039,-0.0044391854,0.0016325191,4.542619e-05,0.0056504384,0.0057753623,-0.00013391674,-0.0035684817,0.0031816848,-0.0039760023,-0.008793853,PkC_ss
0.0004910454,0.0009358004,-0.003426373,-0.00012482703,0.003248416,0.0064933337,-0.000780195,-0.0013444424,-0.000612095,-0.00049839914,0.008543104,0.0029211864,0.0034211972,-0.002689872,-0.0015153736,-0.0028741509,0.002555972,-0.0017021969,-0.0051670223,0.00251567,-0.005954097,-0.0050342605,0.0052710846,0.008199364,0.0010887086,-0.0065498427,-0.00068086386,0.0068463627,-0.009231016,-0.0048114397,PkC_ss
0.006831985,0.019267254,0.0030300915,-0.04976452,0.017251655,0.021085797,0.009126693,0.044237003,-0.0071297847,0.019321099,0.005642958,-0.033937864,0.008126712,0.02786756,0.021599665,0.00083037093,0.024749795,0.004845135,-0.03209868,-0.021320658,0.016433151,0.076645784,-0.0034597032,-0.023265086,-0.02019836,-0.01739689,-0.025825037,-0.042033814,0.021483123,0.027268268,PkC_cs
0.0013380386,0.0009476915,-0.0017515123,0.002642721,0.0034186803,0.0042010024,-0.0020708442,-0.005820647,-0.0013884455,-0.0016561747,0.0031600073,0.0015206188,-3.801938e-05,-0.0018955246,0.0034660622,0.002925966,-8.707866e-06,-0.0033422485,-0.0020884126,0.0012436267,-0.008342409,-0.0025473908,0.0004977137,0.0098371655,0.0039842725,-0.0007888377,-0.004914686,0.0059663802,-0.007210411,-0.0121643655,MFB
0.023995664,-0.022335082,-0.028127573,-0.02098523,0.020909045,-0.00474092,0.011092767,0.010930434,-0.009653136,-0.016837418,0.0023577996,-0.0073921457,0.022955595,0.00046914443,-0.012460552,0.008324273,-0.01588888,0.019308448,-0.004878551,0.012403526,0.005752039,-0.0021433793,-0.0048506446,0.012509555,0.017431058,-0.0012035146,0.007007502,0.009650635,-0.0047687218,-0.008178223,PkC_ss
0.00082200393,-0.0032096356,-0.004128337,0.0006147027,0.0069226325,0.0019457191,-0.0014079809,-0.007106915,-0.0050662197,-0.0007696897,0.0021179914,0.0021114424,0.0037798993,-0.0002551973,0.004637003,0.0068628006,-0.0031128526,-0.0010221303,-0.0039829314,0.0020437706,-0.0049780393,-0.00068616867,-0.0023864955,0.013613984,0.0075979605,-0.00315132,-0.0057553947,0.0051498525,-0.012271285,-0.011975449,PkC_cs
0.0027254894,0.0026617795,-7.912517e-06,-0.003116846,0.00033688173,0.004164435,0.004711762,0.004243046,0.003228344,0.0058544725,0.010261461,0.0027646646,-8.760998e-05,0.00024598092,-0.0051447824,-0.004866421,-0.00080532394,-0.0008538738,-0.004180953,0.0029221382,-0.0050602155,0.0008833669,0.0030340813,0.003198117,-0.003970951,-0.0044947267,-0.00039909407,-4.8307702e-05,-0.0022380948,-0.004192438,PkC_ss
0.0027003996,-0.002417624,-0.000802964,0.0011095554,-0.00041062385,0.00279494,0.0018865019,-0.00157848,0.0015935004,0.0016561896,0.002644848,-0.00044649094,-0.0001782556,0.0010713227,0.0045912936,0.0056785196,-0.0032495689,-0.0004233867,-0.0016976893,0.003142871,-0.0051010456,0.0025070421,-0.000933595,0.005149789,0.0041573793,0.00081831217,-0.003130149,0.005608598,-0.0022446215,-0.009336948,PkC_ss
0.012313634,-0.015530273,0.0050339997,0.00096796453,-0.00887052,-0.0020744838,0.018709056,0.007895544,0.009954736,0.014895394,0.0026367754,-0.0049803033,0.0003923392,0.013480682,0.0065692365,0.015157744,-0.0025138427,0.009075709,0.0031097382,-0.0031534526,0.0035559307,0.023864627,-0.00019742921,-0.0145464465,-0.001728639,0.0022676513,0.010176133,-0.01778551,0.01754871,0.0028841756,PkC_cs
-0.00046768412,-0.007907659,-0.0022530705,0.0019683838,-0.010097466,-0.013317168,0.014784522,0.011603467,0.01640644,0.009284541,-0.0022994503,-0.00714723,-0.0045205625,0.02203061,-0.0037910864,-0.0065309703,0.009750025,-0.006016515,0.002703324,-0.00953613,0.007762135,0.021607209,0.0022627749,-0.023448333,0.0017517507,-0.0090691745,0.011635356,-0.00054450706,0.030989353,0.023013487,PkC_cs
-0.0006556697,0.0026998892,-0.004094854,-0.0013151467,0.006298311,0.0050661005,-0.0064847767,-0.0072012395,-0.0038972907,-0.004012838,0.0024593957,0.0009419024,0.0033574665,-0.005650189,0.0063107237,0.0022537448,-0.002730405,-0.0015994012,-0.0050170273,0.0031216424,-0.005783613,-0.005720049,-0.0013957024,0.015155122,0.0058872104,-0.0034916103,-0.009541463,0.011257779,-0.014790058,-0.014953107,PkC_ss
0.015206344,-0.011314429,0.009688884,0.001242578,-0.010581657,0.0044755824,0.023253962,0.003685668,0.012321219,0.011653841,0.012260191,-0.0035700426,-0.0022114124,0.013014272,-0.0020048544,0.017322147,0.007531589,-0.00042056292,0.0071267188,-0.008208519,-0.0007285988,0.016189676,0.0106427,-0.015370086,0.0011746436,0.0026781857,0.010766834,-0.019280314,0.016026132,-0.005052734,PkC_cs
0.002365226,-0.002198182,-0.0039637685,-0.0021560788,0.0036733113,0.0036137402,-0.00064331293,-0.002251044,-0.0015422069,-0.0026792437,0.0025671385,0.0010588393,0.0018219596,-0.0028912537,0.006065473,0.0026000887,-0.002662411,0.0014493912,-0.0059651732,0.003109213,-0.004479537,-0.0005180612,-0.0020042919,0.010006785,0.0052258223,-0.0022500828,-0.0061756484,0.0070576165,-0.0065735653,-0.012923032,MFB
-0.0017106049,-0.00086160004,-0.006121233,-0.0013077557,0.008387983,0.004825644,-0.009748191,-0.009964913,-0.008156933,-0.009374753,0.0013539866,0.0030195788,0.0044419854,-0.00541598,0.005546294,0.0033236742,-5.7386234e-05,-4.6931207e-05,-0.006036535,0.002833452,-0.006565719,-0.0107662305,-0.001137305,0.018724866,0.011962265,-0.0041494146,-0.010251604,0.013680514,-0.01801794,-0.015282363,MFB
-0.0036641546,0.0047120377,-0.00226897,0.0015909076,0.005371295,0.005752392,-0.010526165,-0.010496452,-0.005208995,-0.0047495067,-0.00019802526,0.00040487945,0.003319949,-0.005212147,0.006606661,0.0027398318,-0.0008400511,-0.0034843385,-0.0030507743,0.0009771418,-0.008398701,-0.0101799965,0.0020478107,0.015074991,0.00908529,-0.0015125945,-0.010221567,0.012249809,-0.017598785,-0.013357881,MFB
-0.0034031235,0.00093179196,-0.007640332,0.00093753636,0.007901542,0.008039478,-0.01251094,-0.011868134,-0.008946244,-0.008269548,0.0011812635,0.001976721,0.0059615,-0.006648097,0.001995705,0.002725795,-2.4009496e-06,-0.003017582,-0.004648596,0.0030620694,-0.009220644,-0.011578321,0.0025754087,0.018135317,0.010496549,-0.0032324865,-0.00832849,0.013025485,-0.017143175,-0.013084438,MLI
0.004111707,-0.009950399,0.0008427948,0.0021836907,0.0011290908,-0.003717158,0.0054508597,-0.0031931996,-0.00042407587,0.0040259957,0.0016129203,-0.00034201145,0.0002266625,0.009353414,0.0044265985,0.010619473,-0.0019688718,0.003352873,0.00039225817,0.0009856094,-0.0034387698,0.009412281,-0.004474554,0.0042862743,0.0078271255,0.0010228604,-0.0018211752,-0.0025682822,0.0008389726,-0.0037594438,PkC_cs
0.0030864216,-0.004423097,-0.0050952286,-0.0029682517,0.004872475,0.0043441094,-0.0008021295,-0.003926888,-0.0040034316,-0.0036165714,0.0021705814,0.00013219565,0.002140071,-0.0027742423,0.004339732,0.0031403452,-0.003991043,0.0011367574,-0.0068942457,0.00095997006,-0.005316316,-0.0004920438,0.0011131167,0.008091107,0.0052948296,-0.0011314079,-0.005575035,0.006906664,-0.0041404814,-0.0115321465,PkC_ss
0.016043318,-0.026408292,-0.035936132,-0.015589401,0.01718194,-0.0044747666,0.0013215095,0.0030334517,-0.01467219,-0.028101765,0.012900349,0.013571821,0.022817118,-0.0049196742,-0.014498096,0.010328043,0.0019170325,0.014125012,-0.017160885,0.009219106,-0.00042573828,0.0033525229,-0.006724011,0.021547206,0.015888266,-0.011859223,-0.0010377355,0.004952019,-0.0035247728,-0.017992325,MLI
0.0014137588,-0.008388519,-0.0005892664,0.0015373826,-0.017331026,-0.0051508322,0.01595468,0.006566584,0.014201172,0.008989975,-0.0032024086,-0.011394061,-0.0025046198,0.024486985,-0.0033489242,-0.00019804388,0.016761763,-0.003753677,0.008305237,-0.019122856,0.008598253,0.027678287,0.005213145,-0.025113922,0.0007266551,-0.013673164,0.011669308,-0.009178058,0.03715644,0.009471592,PkC_cs
-0.004648391,0.024045236,-0.011305451,-0.0077746958,0.003352493,-0.005620487,0.012795523,0.022994742,0.015454464,-0.0061900467,-0.0142863095,0.004625961,0.003979993,0.018716265,0.009946518,0.0006271079,0.004056081,-0.0071719587,-0.0039734393,-0.0054967254,0.017221745,0.043692097,0.0028590225,-0.033699073,-0.0004104823,0.013584912,-0.008014027,-0.030599859,0.019381978,0.04262827,PkC_cs
-0.0043124035,0.00843031,-0.0012616664,0.0045006275,0.00090719014,0.0054111816,-0.013477147,-0.009842217,-0.0011950135,-0.0022644699,0.0028495342,-3.1374395e-05,0.0002419576,-0.004560288,0.0076416284,0.0006311983,0.0021611378,-0.006708622,-0.0002758205,0.004130846,-0.00972098,-0.008470416,-0.00040380657,0.015729189,0.0066540837,-0.0029574782,-0.009517044,0.015002098,-0.019034833,-0.0148862,PkC_ss
-0.0026703998,0.007950239,0.00046131015,0.0046178848,-0.00064592436,0.0053492077,-0.010074124,-0.008101523,9.6771866e-05,-0.0014618188,0.002116073,-0.0007831529,-7.396052e-05,-0.0034854375,0.007430434,0.0016381405,0.0025967415,-0.00654456,-0.00037322938,0.0023109205,-0.009271492,-0.006562382,0.0008437447,0.012551308,0.006472543,-0.0023243427,-0.007834412,0.011985961,-0.015868768,-0.013317686,PkC_ss
-0.0003346838,-0.010571085,-0.0125207305,0.00027997792,-0.009523019,0.0003145337,0.009771183,0.0074446276,0.015679143,0.0048828125,0.0062593184,-0.0016847998,-0.0074799806,0.020997003,0.0030255094,0.013308195,0.011418434,0.010273643,0.0065692216,-0.0154193025,0.010384757,0.021304887,-0.0008763857,-0.022969507,0.0031017512,-0.0032898635,0.0071719885,-0.0064671934,0.030353662,0.0004784949,PkC_cs
-0.0027888305,0.007959217,0.0007844269,0.0048529804,-0.00032625347,0.0051541664,-0.010037631,-0.008254662,0.000137005,-0.0012361854,0.0018825606,-0.0007675588,-0.0007356149,-0.0031741,0.008195363,0.0019198097,0.003017025,-0.0065117404,-0.0003989339,0.001765877,-0.0094339205,-0.0067321956,0.0004277937,0.012255982,0.0064526945,-0.002706252,-0.00792728,0.012474174,-0.015825078,-0.014012244,PkC_ss
0.015863761,-0.018311374,0.009598136,0.0045953095,-0.016774453,0.00038316846,0.020602055,0.01034911,0.017596386,0.015881956,0.0073089153,-0.008652493,0.0017547726,0.014575437,0.009585567,0.018556427,0.008233616,0.007952504,0.0059484243,-0.0058493596,5.5202283e-05,0.026345398,0.005971834,-0.024547487,-0.00084644556,0.003912814,0.016015008,-0.014766223,0.021500926,0.00017255917,PkC_cs
-0.0048278756,0.008571424,-0.00195691,0.004731208,0.0012041368,0.0059213154,-0.014070034,-0.010166034,-0.0016749576,-0.0024129897,0.0029322505,0.00013823807,0.00047734473,-0.0050592385,0.007395193,0.00036036223,0.0020175148,-0.0070724115,-0.00058327615,0.0042762943,-0.010069276,-0.009614065,7.202849e-05,0.016473658,0.0070704445,-0.003171496,-0.009460174,0.01591333,-0.019814678,-0.015248209,PkC_ss
-0.0062047876,0.007577695,-0.0027318448,0.0052692443,0.0019037873,0.005848203,-0.016030774,-0.011618048,-0.0032763742,-0.0033603609,0.0034108236,0.000806801,0.0017299757,-0.004971627,0.0069317594,0.0014126115,0.00315517,-0.0065986887,-0.0011393875,0.004117785,-0.010739443,-0.01163397,0.00022994354,0.018545754,0.00953982,-0.0037689433,-0.009741504,0.017201051,-0.022668809,-0.015472643,PkC_ss
0.007930353,0.07439145,-0.019402266,0.006122723,0.0034633651,-0.0022386573,0.012128934,0.008381732,0.029212937,0.01922211,-0.016436927,-0.009597622,0.022051193,0.0079637505,0.012313768,0.005783569,-0.009668291,-0.055375583,0.029672071,-0.031971358,0.025509581,0.0507714,0.03884566,-0.06680348,-0.032067806,0.00010821223,0.011500459,-0.030850057,-0.0016683191,0.03230507,PkC_cs
-0.021537539,-0.04566609,0.0073595196,0.003773883,-0.013898358,0.005849723,-0.009035736,0.022682577,0.0020569116,-0.0032396913,0.0073113665,0.001991585,-0.0072927233,0.015057318,0.01872757,0.015600761,0.023175193,0.028968714,-0.03548643,-0.018591268,-0.017961826,0.028221294,-0.010694567,-0.015249494,0.007506378,0.01500801,0.00012123212,0.017868087,0.033802602,0.019575939,PkC_cs
0.0007332489,0.0036297366,0.0020654947,0.0042301416,-0.0036524571,0.0023162626,-0.0016352236,-0.0024871528,0.0047486946,0.004086092,0.0032756627,-0.0020430014,-0.0020594164,0.00148255,0.0066310465,0.0043054223,0.00011571124,-0.003631793,0.0007878691,0.0022077914,-0.006696717,0.0020286404,-0.0005067624,0.004644662,0.0029476285,-0.0003152266,-0.0030316822,0.0064318273,-0.0067675784,-0.010051977,PkC_ss
0.0073077045,-0.006233506,-0.003850609,-0.0052482784,-0.007533163,-0.0050631203,0.014205091,0.016133018,0.012755923,0.014649302,0.007126242,-0.0067507178,0.0012528268,0.012418613,0.0032233968,0.003295768,0.0060679205,0.0055506304,0.0072856992,0.0029518902,0.010190731,0.022948839,-0.0008615218,-0.012029242,-0.005962491,0.0018300563,0.008365132,-0.025866866,0.016959079,0.001840923,PkC_cs
-0.004993882,0.007529773,-0.002846539,0.0048733503,0.0019962601,0.0055259764,-0.014445841,-0.010817558,-0.002445884,-0.0035412312,0.0026843362,0.0004227236,0.0019779645,-0.0041682906,0.0060882717,0.0010706,0.0028419811,-0.005796768,-0.00069892406,0.0045986697,-0.009848963,-0.010451324,-0.00017399341,0.017765403,0.009345628,-0.0044258833,-0.008586168,0.015845608,-0.021694966,-0.01425435,PkC_ss
0.00039099902,-0.007926963,-0.0033780485,0.00092981756,-0.013089277,0.0019274764,0.018772088,0.0016681775,0.018238157,0.009972915,0.003354326,-0.0039792433,-0.009652818,0.02213699,-0.00079024583,0.004414331,0.011781035,0.0029197633,0.0056520402,-0.019924326,0.0049410267,0.022872243,0.0034228116,-0.024474896,0.0019525439,-0.011159115,0.0050496385,-0.0060167573,0.036531538,-0.0018239282,PkC_cs
-0.006327033,0.008754499,-0.0011573583,0.0054352432,0.0017882958,0.005080454,-0.015070662,-0.011048019,-0.002438426,-0.003209412,0.0012088493,0.00024051964,0.0015780169,-0.0045185126,0.0069038495,0.0020555817,0.0028216913,-0.006666787,-0.0006169379,0.0037111435,-0.010447252,-0.011406511,0.0003179945,0.016498595,0.009882934,-0.0025096163,-0.009300582,0.015357155,-0.022558965,-0.013422765,PkC_ss
-0.0004160069,0.02278062,-0.0031952113,0.023725018,-0.014112368,-0.0086779,0.006357178,-0.0042577535,0.026254572,-0.017338365,-0.005163282,0.015622199,0.0017759821,0.006230194,-0.015843783,-0.005540073,0.0019896012,-0.005117096,0.0073936433,0.00058739074,0.0020698844,0.020652749,-0.0020681396,-0.004687894,-0.018424705,0.0020939782,0.006712787,-0.013084745,0.010736294,0.014522146,PkC_cs
-0.003625799,0.008784361,-0.0008710474,0.0045161247,0.0007250458,0.0058036894,-0.0121682435,-0.009048358,0.00013673306,-0.0019759983,0.0029673092,-1.0758638e-05,-0.00020399643,-0.004707832,0.008000687,0.0006567128,0.002178805,-0.0066323057,-0.00056123734,0.003868822,-0.009849056,-0.007824406,-0.0004946627,0.014649279,0.0061211884,-0.002808109,-0.009391904,0.014901053,-0.017742768,-0.015152156,PkC_ss
0.005372882,-0.013302654,-0.008330777,-0.0015543699,-0.01137764,0.0033828206,0.022058591,0.005038291,0.019693084,0.008723855,0.008720484,-0.0017997846,-0.0090291435,0.020340428,0.00340157,0.008730069,0.011561694,0.009148814,0.0027928054,-0.021477716,0.008041424,0.026822936,0.001970984,-0.025964502,0.00056029856,-0.010466792,0.005418703,-0.008308219,0.04223148,-0.006679632,PkC_cs
-0.0049752034,0.00744728,-0.0017282069,0.00553146,0.00082870945,0.0059449673,-0.014446244,-0.011155456,-0.0022571236,-0.0020805448,0.0034736209,0.00036991388,0.0013435329,-0.0046427585,0.007597372,0.00127469,0.002577806,-0.00714007,9.389222e-05,0.0039757937,-0.010242148,-0.009144045,0.00022837892,0.017838754,0.0072912425,-0.0034350306,-0.009441104,0.015384719,-0.020850271,-0.015403964,PkC_ss
0.0018099435,-0.0146475285,-0.007926002,-2.4437904e-06,-0.012321301,0.0010933243,0.022506662,0.0069222897,0.017025739,0.009845659,0.0053066276,-0.0009885505,-0.009193394,0.021970347,-0.0020225272,0.0046178214,0.010764921,0.006412342,0.0004387349,-0.02022987,0.0048816353,0.02637123,0.0030858964,-0.02725413,0.0018540621,-0.009303413,0.0077089034,-0.0081613595,0.044179857,-0.0006933436,PkC_cs
-0.0048316196,0.008478515,-0.000985682,0.0049262494,0.00064935535,0.005539652,-0.013352454,-0.010195032,-0.001332853,-0.001726836,0.0028309785,-0.0001611337,0.0005368199,-0.0047419257,0.0080874115,0.0013185628,0.0020701345,-0.0074170977,-0.0004119873,0.0036048014,-0.009963705,-0.008048803,0.00011068955,0.015757129,0.0066667497,-0.0026244372,-0.009682845,0.014632903,-0.019546531,-0.014934614,PkC_ss
-0.00013646111,0.004344806,0.0008597672,0.0037715882,-0.002487298,0.0034507215,-0.0032317787,-0.0033966452,0.0033710897,0.003135264,0.003592547,-0.0017514303,-0.0011431756,3.125891e-05,0.007008843,0.0037187636,0.0006467514,-0.0042516515,-0.0005131811,0.0020785853,-0.00724936,0.00044846535,0.00014163181,0.0063941255,0.004004821,-0.0011971891,-0.004188791,0.007853694,-0.008928776,-0.011678744,PkC_ss
0.0026022308,-0.0013302863,0.002333045,0.006425798,-0.0027087554,-0.001581192,0.0007549226,-0.005853817,0.0033013597,0.005801767,0.003356237,-0.0026610196,-0.0008050706,0.0075596236,0.0064723864,0.008402355,0.0016520098,-0.0037484244,0.005087942,0.0013295673,-0.0058656456,0.008153886,-0.0020187944,0.0045504794,0.004772395,-0.0009887815,-0.0015740506,0.0021995697,-0.005105242,-0.007611528,PkC_cs
-0.0033925287,0.008853011,0.0006620735,0.00444372,0.0004100874,0.0051844902,-0.010986671,-0.008326456,5.711615e-05,-0.0011565834,0.0019773617,-0.00082392246,-0.0002587731,-0.00423019,0.008936778,0.001853209,0.0022836123,-0.006893091,-0.0010149032,0.0021296423,-0.009491011,-0.007510692,0.000346791,0.012621313,0.0064270794,-0.0022438094,-0.009066917,0.013914,-0.016969234,-0.014412895,PkC_ss
0.00052764267,-0.0008060038,0.0021576434,0.007112786,-0.00018823147,-0.001827661,-0.0020100325,-0.007806778,0.00061095133,0.005997032,0.002117794,-0.0017897189,-0.00020885654,0.007572118,0.0076040626,0.0101996735,0.0011170749,-0.0036268234,0.0055517405,0.0006027315,-0.0062187305,0.005117744,-0.0023043565,0.0056053475,0.0064356774,-4.041195e-05,-0.0028678626,0.003499968,-0.007963106,-0.0081937425,PkC_cs
0.010905296,-0.005233906,0.009602785,0.0057376176,-0.014746018,0.0019177459,0.013400674,0.0015076846,0.014272168,0.013553187,0.0064139925,-0.007654175,0.0024315498,0.012875874,0.007016614,0.015663816,0.005166063,0.0010012239,0.013796508,-0.008957675,0.0013891757,0.017370712,0.0095427185,-0.01655332,-0.002079919,0.0021958798,0.010238331,-0.011956608,0.008323006,2.4650246e-05,PkC_cs
-0.003446132,0.007948324,-0.00030089915,0.0049491525,0.00021156669,0.004822701,-0.010872602,-0.008904517,-0.00043728203,-0.0016990453,0.0017220192,-0.0004054159,0.00062837265,-0.0029815324,0.006636873,0.0018542074,0.002785474,-0.0063092485,-0.00054727495,0.0026917215,-0.009618136,-0.007095501,0.0006268583,0.013088308,0.007823303,-0.002732955,-0.0077386796,0.012046613,-0.017532215,-0.012522362,PkC_ss
0.00573376,-0.019582026,-0.015508413,0.0003350079,-0.007533349,-0.0037334524,0.020928577,0.015549295,0.017904818,0.008371934,0.004414752,0.001223743,-0.005952321,0.016904887,0.002335526,0.0062959343,0.0029951464,0.011752121,0.0034860522,-0.00449555,0.0078112865,0.025159195,-0.0040279925,-0.02041493,-0.003981337,0.00043947995,0.012847569,-0.01025604,0.03526624,-0.0021728165,PkC_cs
-0.0039705224,0.00877323,-0.0010311902,0.0043930113,0.0006078258,0.006041888,-0.012293935,-0.009409681,-0.00045602024,-0.0021951199,0.002297528,-0.0005151704,0.00058373157,-0.0045690723,0.0070779175,0.0006518401,0.0022220444,-0.006757885,-0.00053304434,0.0038212426,-0.009642699,-0.008099362,0.000318598,0.01491636,0.0069218427,-0.0030648336,-0.008901034,0.013974763,-0.0184182,-0.014436938,PkC_ss
0.0041305292,-0.02174297,-0.015467189,0.001139462,-0.0073284283,-0.0046842247,0.019292422,0.015290499,0.017037459,0.008532047,0.0046172775,0.0031400174,-0.006869874,0.01771348,0.0043288246,0.009506594,0.0013826713,0.013659716,0.0050363094,-0.0033599772,0.009229279,0.02600469,-0.0072008073,-0.021748941,-0.0037457496,0.0033855513,0.010852419,-0.0076655885,0.039190575,0.00088976696,PkC_cs
0.0010330379,-0.0048692822,0.0062695444,0.0026662499,-0.023816943,-0.007784497,0.017659754,0.01378677,0.019133516,0.010347143,-0.0042898543,-0.013692901,-0.005139529,0.026729207,-0.0063316226,-0.003933236,0.02457164,-0.009032913,0.011111915,-0.020421552,0.009440624,0.02654307,0.0086823255,-0.03399982,0.0008134246,-0.012237661,0.017260134,-0.011849042,0.041572496,0.018191256,PkC_cs
-0.0027506612,0.0068315566,-8.3476305e-05,0.00489974,-4.708767e-05,0.0037408248,-0.009307295,-0.00779593,9.740144e-05,-0.00027504563,0.0017291568,-0.0013009086,0.0003671348,-0.0014984533,0.006952338,0.0030737147,0.0025687385,-0.005523257,-0.00014141202,0.0018697344,-0.008842026,-0.004985165,0.0004387088,0.010578476,0.0071069,-0.0025300235,-0.0063941255,0.011033487,-0.015261203,-0.011856869,PkC_ss
0.013912119,-0.009390004,0.017544135,0.0115688,-0.020149685,0.0071883313,0.02154535,0.006121412,0.025966056,0.0173738,0.01151799,-0.0067370087,-0.0014288593,0.011899658,0.0077806637,0.018291587,0.014469771,0.0014064908,0.013067901,-0.008960115,-0.0039152466,0.022444438,0.009659547,-0.025389794,-0.0064607263,0.006689802,0.015251756,-0.015366557,0.022981301,-0.0021038353,PkC_cs
-0.0019520707,0.0070077106,0.00063730776,0.0043699145,-0.0012037866,0.004019916,-0.008306161,-0.00670363,0.0016204007,9.006262e-05,0.0024273545,-0.0012979284,3.581494e-05,-0.00191563,0.0070110336,0.00208411,0.0020992346,-0.0052697584,8.653104e-05,0.0022232402,-0.008028022,-0.004314676,0.0005288571,0.010625809,0.006010473,-0.0020535737,-0.0064939335,0.0098640155,-0.0141638145,-0.011805095,PkC_ss
0.007949747,-0.00028431416,0.013203621,0.0058058053,-0.01544185,0.0020853765,0.016611882,0.005881943,0.021045193,0.017104328,0.008383542,-0.008671202,-0.0010977956,0.0108680725,0.0048747137,0.0072350316,0.011228094,-0.0012063459,0.014450818,-0.0038875174,-0.00031062402,0.016341485,0.0072877035,-0.015081629,-0.005917579,0.0039303973,0.008638129,-0.018129073,0.013429187,-0.0033789948,PkC_cs
-0.0036618933,0.008862011,-0.0006649494,0.004474297,0.0004981272,0.005662024,-0.011688873,-0.009030849,0.0003236495,-0.0016373098,0.0025031902,-0.00040177256,0.00019864971,-0.0043293573,0.0077048466,0.0010208078,0.0020400845,-0.006576419,-0.0003542304,0.0037805177,-0.009592048,-0.007229455,-0.00017709285,0.013941832,0.0063373297,-0.0026421994,-0.0090116,0.013932869,-0.017701596,-0.014632337,PkC_ss
0.0030479878,-0.0054828525,0.0025232136,0.0029659867,-0.0033477396,8.2053244e-05,0.0045995414,-0.00055140257,0.0033050254,0.0063197464,0.0028322525,-0.0009270087,-0.0023584054,0.0057998225,0.005697407,0.008712415,-0.0016837567,0.0005434528,0.0018080026,0.001107635,-0.0029450702,0.008474991,-0.001397837,3.8035214e-05,0.0021194965,0.002364494,-0.000112663954,-0.0019822866,0.0027704388,-0.0058237277,MFB
0.004674405,-0.011858813,-0.002828002,0.0004849434,-0.010408953,-0.0028116666,0.016384587,0.01024732,0.019856758,0.009092733,0.009286612,0.0010721982,-0.011510024,0.016455945,1.5370548e-05,0.0061455294,0.0069556814,0.0070637986,0.0017851591,-0.011346715,0.0041645137,0.022006415,-0.0015255474,-0.025039867,-0.0066238344,0.0015987903,0.005274147,-0.0067917164,0.038245294,0.0023593307,PkC_cs
-0.003636852,0.009130724,0.00025853515,0.0044092536,-0.00014711916,0.005766347,-0.011660278,-0.008315146,1.6208738e-05,-0.0014472157,0.0018323772,-0.00047267228,-0.0002917382,-0.0049516894,0.008430764,0.00026501715,0.0019870494,-0.0070534945,-0.0009686798,0.0030785818,-0.009632221,-0.007773295,0.00022528693,0.013853706,0.005970344,-0.00248985,-0.009338684,0.0137257315,-0.016923927,-0.014238071,PkC_ss
0.004350161,-0.0034898072,0.0075724125,0.008919105,-0.008601479,-0.003867291,0.0029610246,-0.00037918985,0.0077918917,0.0108496845,0.0014155544,-0.0037733987,0.001709461,0.009280842,0.0067534745,0.010462068,0.0005803667,-0.00021568686,0.0069274902,-0.0012837369,-0.0032933764,0.009026911,0.00031078234,-0.0016480312,0.0031055212,0.0026750416,0.0036481395,-0.003111721,-0.0011198148,0.00047067553,PkC_cs
-0.0008175075,0.004203595,0.0010954589,0.004186973,-0.0022120364,0.0031961463,-0.004769534,-0.00422135,0.0025253668,0.0023729354,0.002863232,-0.001495935,-0.0014540283,5.036965e-05,0.006585814,0.0028766356,0.0017554872,-0.003925249,-0.0005005449,0.00084050186,-0.007846794,-0.0011860393,0.0003135614,0.006748475,0.004680574,-0.0016966835,-0.0042073466,0.007906403,-0.008941479,-0.010965843,PkC_ss
-0.0027616285,0.042050935,-0.007386461,0.029621497,-0.016937144,-0.010725733,0.0019777268,-0.003856957,0.034956187,-0.019179545,-0.010876812,0.013538081,-0.0012326371,0.0069430694,-0.015485328,-0.0076952763,0.005443856,-0.013032287,0.013640001,-0.0021726284,0.0032703327,0.016310696,0.004421223,-0.019418865,-0.018008724,-0.0016107783,0.01623287,-0.01036193,0.0020753741,0.022952808,PkC_cs
-0.0015988983,0.007112846,0.00050263107,0.0043590963,-0.0007105246,0.0044527166,-0.007797241,-0.007073626,0.0018610246,0.00085897744,0.0031959452,-0.0010167137,-0.0012502898,-0.002372589,0.009218007,0.002899684,0.0016093217,-0.0059982315,3.7387013e-05,0.0019049756,-0.008453795,-0.0033075288,-0.00018173084,0.009913996,0.0045189112,-0.0020537972,-0.0075594895,0.011561833,-0.013518423,-0.014432531,PkC_ss
-0.0029439554,0.008606382,-0.00038847327,0.0043877363,0.00042079017,0.0050918944,-0.010656983,-0.008218572,0.00053373724,-0.0015150756,0.00302412,-0.00022155792,-0.00075511914,-0.0041627623,0.009008229,0.0017563812,0.0023075752,-0.0067292824,-0.000696674,0.0027249064,-0.009273912,-0.0066867173,-0.00017243996,0.012652881,0.006074816,-0.002162218,-0.009215679,0.014044043,-0.016231276,-0.015130661,PkC_ss
0.014395598,-0.012550101,0.011621684,0.0021281987,-0.018076025,0.0027237125,0.022276275,0.014674559,0.022870578,0.017920613,0.012586992,-0.008369595,-0.0015185764,0.012341168,0.003713712,0.0087035,0.011514345,0.0058262274,0.007983163,-0.0029835217,0.0005237097,0.025693323,0.006464161,-0.022590712,-0.008017272,0.0064489767,0.0131975,-0.02170452,0.028528951,-0.00025863945,PkC_cs
0.0037261639,-0.010149673,-0.004045248,-0.00022211671,0.003133282,9.247288e-05,0.0025944412,-0.0035482794,-0.0036059506,-2.245605e-05,0.0006591603,9.551644e-06,0.004541946,0.0018849187,0.0030862167,0.009057868,-0.0039691925,0.0018377751,-0.006792575,-0.00033439882,-0.0032902444,0.0060183816,0.0018964969,0.003005363,0.006992899,0.00013519078,-0.00013012439,-0.0004982278,-0.0012153089,-0.005822871,MFB
-0.0019071326,0.0071838945,0.0007162839,0.004287243,-0.0009752475,0.0045510903,-0.007837936,-0.006888628,0.0014802366,9.5531344e-05,0.0026281923,-0.0014603585,-0.0005764337,-0.0020087548,0.0076693594,0.0026406758,0.0022152811,-0.0059064254,-0.00032043457,0.0021598134,-0.008488827,-0.0041279197,0.00048231333,0.010286115,0.005830586,-0.002353683,-0.0068506934,0.011137491,-0.014074907,-0.013114162,PkC_ss
-4.901737e-05,-0.004703082,0.0075319707,0.001041308,-0.022514813,-0.0050137155,0.019419648,0.013905458,0.021945812,0.013398245,-0.0013184212,-0.010402814,-0.009298202,0.022945303,-0.0037893727,-0.0062555894,0.021144843,-0.0054354593,0.008751139,-0.0252229,0.008478539,0.024260063,0.009353861,-0.035678558,-0.0027222037,-0.009477951,0.013453193,-0.014157173,0.046883248,0.013471182,PkC_cs
-0.005766183,0.008162953,-0.0024899691,0.0052535236,0.0014612079,0.0060446598,-0.015526637,-0.011245713,-0.002651237,-0.003090486,0.0024587698,0.00072446465,0.0019191108,-0.0051773526,0.0064587146,1.9740313e-05,0.0024458002,-0.006779149,-0.0004044026,0.0048030904,-0.010172839,-0.011207081,0.00041810423,0.018353745,0.008416474,-0.0038697496,-0.009215582,0.015992533,-0.022232957,-0.014437433,PkC_ss
0.004975375,-0.010887332,-0.011928424,-0.0006184727,-0.0048854873,-0.0058440156,0.011647113,0.008797653,0.0125718415,0.007216811,0.0038347505,-0.0023784935,-0.0017889054,0.016772483,0.00042989105,0.0075171925,0.0017531328,0.007033117,0.007905394,-0.0038301125,0.0074467272,0.022857867,-0.0029302724,-0.01509935,-0.0042043924,0.0012864098,0.008121721,-0.010330655,0.021919552,8.109212e-05,PkC_cs
-0.0046476685,0.0086032525,-0.0011693835,0.004939288,0.00076180696,0.0057742707,-0.013318583,-0.0104512125,-0.0012195185,-0.0020067245,0.0028633773,-7.6144934e-05,0.0006524478,-0.0048702173,0.008019343,0.0010969862,0.0020759627,-0.00727427,-0.00034439564,0.0034981184,-0.010163032,-0.00817173,0.0002098158,0.015957572,0.0065460503,-0.0028804615,-0.009666249,0.014780231,-0.019800037,-0.0153580755,PkC_ss
0.0034278464,-0.004363619,0.0036028624,0.0069589317,-0.0047174394,-0.0033716746,0.0011389256,-0.002306357,0.0040882677,0.009589776,0.0014216565,-0.003110081,0.0014280281,0.009248048,0.007848404,0.0097178295,-0.0010429937,0.00018910319,0.005037695,-0.00088251196,-0.0035105934,0.011347417,-0.0019999556,0.00089069456,0.0025854707,0.00088926405,0.0013970882,-0.001990877,-0.0016714409,-0.0015842952,PkC_cs
-0.0025291815,0.008479528,0.00043141842,0.0043841153,0.000101257116,0.0047947727,-0.009703457,-0.008100927,0.0008926913,-0.00093080103,0.0027881078,-0.00080195814,-0.0011362811,-0.0032053106,0.008894041,0.0021915995,0.0023080688,-0.00664448,0.00015692413,0.002661951,-0.009101213,-0.005591564,-0.00046720356,0.01190909,0.005637154,-0.0019453987,-0.009034738,0.013253797,-0.015289813,-0.0149259195,PkC_ss
0.009683199,-0.0062284917,0.015421987,0.008074656,-0.018615238,0.004865043,0.021476425,0.008435115,0.025156513,0.018658116,0.008293748,-0.007870495,-0.0019693677,0.011381816,0.0050506815,0.011260223,0.0101937,0.0024980307,0.012877777,-0.0056462903,-0.0020514708,0.020401169,0.008364007,-0.0239846,-0.0075785667,0.006868221,0.01362811,-0.016939683,0.022085976,-0.00058623776,PkC_cs
-0.004117038,0.0083840415,-3.9830804e-05,0.004649982,0.0008298382,0.005852282,-0.013315618,-0.009670392,-0.0014631674,-0.0020932108,0.0019108169,-0.00012462586,-0.0002342728,-0.0049046613,0.007952027,-0.0003923662,0.0027819797,-0.0069036335,-0.0014648736,0.0032805074,-0.0106087765,-0.009161003,-0.00019639358,0.015838094,0.006629765,-0.0035384744,-0.0097237155,0.014748171,-0.018231511,-0.014505137,PkC_ss
0.007871587,-0.0039334297,0.010880306,0.0030020475,-0.012261093,-0.0004193522,0.016634323,0.0066360757,0.01819884,0.0131111,0.009761151,-0.0071618035,-0.0011043991,0.012987003,0.0024146885,0.010130484,0.010724885,0.0020645335,0.015331134,-0.003921816,0.0011597853,0.014989469,0.0052822754,-0.015196767,-0.002865091,0.006375782,0.008417614,-0.016397951,0.013361871,-0.003374312,PkC_cs
-0.005400613,0.006697431,0.0080946535,-0.0071135163,-0.0014975294,-0.011407211,0.016466469,0.020266987,0.009768158,-0.0066853613,-0.009041436,0.0038587302,0.0008968287,0.012518775,0.008254282,-0.009784915,0.00494243,0.01799059,-0.022658579,-0.013068447,0.005726778,0.035488352,-0.00464385,-0.014715269,-0.011510193,0.0099661425,-0.011610303,-0.032883905,0.023522504,0.015876275,PkC_cs
-0.0034180917,0.008606173,0.002493292,0.0042739064,-0.00091728196,0.0047934577,-0.010620609,-0.007573575,0.00044809654,5.3331256e-05,0.0008774623,-0.0015578568,-0.00019499613,-0.0038558058,0.008834116,0.001669053,0.0018833317,-0.0062061846,-0.00057704747,0.0015963577,-0.009115695,-0.0068613663,0.0006755516,0.011211619,0.0055224,-0.0017224401,-0.008407634,0.011972638,-0.015948407,-0.012887154,MLI
4.0929765e-05,0.0041546,0.001662612,0.003995031,-0.0031326748,0.0030808449,-0.0023093373,-0.0029879361,0.0037704036,0.0036014318,0.0031283386,-0.0019934773,-0.0013473085,0.0006285161,0.0063159093,0.0036079474,0.0003610719,-0.004237585,-0.00033669174,0.0019781739,-0.0072566597,0.0008941144,0.0003691949,0.005616978,0.0035723448,-0.000969328,-0.0033540353,0.006974308,-0.008365221,-0.010514904,PkC_ss
0.0004864335,-0.007435091,-0.00015757978,0.0028662384,-0.0037761182,0.00023395196,-0.0029500425,0.0043277815,0.007692367,0.011229768,0.005001258,-0.0054363236,0.0026695621,0.0114981495,0.012272075,0.015921017,0.003531104,0.009037919,0.0013805628,0.0014078356,0.00036394503,0.016474128,-0.005633455,-0.0063912645,0.0033732653,-0.0014613718,0.006264396,0.00019856542,-0.0040763766,0.0013823919,PkC_cs
-0.0021330155,-0.0014983416,0.0022755712,0.007022232,-0.0017349832,-0.0013576373,-0.0018367916,-0.0066539347,0.0003906153,0.0061604977,-0.0018019304,-0.002895251,3.9396808e-05,0.008064594,0.009562761,0.011607228,0.0008333251,-0.002178304,0.0054606646,-0.001215592,-0.005011975,0.0029892586,-0.0016023107,0.0037331507,0.009066455,-0.0006477162,-0.0021484569,0.005397031,-0.008148581,-0.0078085177,MLI
-0.0046313964,0.0072408617,-0.0016895831,0.0047800243,0.001222387,0.00470658,-0.012506008,-0.00986971,-0.002086062,-0.0011946559,0.0010045432,-0.0008737594,0.0021987276,-0.0030685924,0.006381586,0.0020389669,0.0018360056,-0.0056792647,-0.00026839972,0.0029335748,-0.009126677,-0.0071777105,0.00075131655,0.014158025,0.008154765,-0.0030221492,-0.007477276,0.011361698,-0.018815726,-0.012228478,PkC_ss
-0.00081571937,0.0011195764,-0.0005211085,0.00034099817,0.0037345067,0.005533185,-0.0029428303,-0.0039658695,-0.0013436675,-0.0019191206,0.0039134994,0.0033794567,0.0012858396,-0.00514796,0.003930278,0.0006732531,-0.0015132893,-0.0007671863,-0.00672476,0.0014823843,-0.008624711,-0.00635916,0.0007697046,0.011522472,0.0044959486,-0.00059230626,-0.0074234568,0.008292045,-0.0103151575,-0.011053171,MFB
0.0140879415,-0.010895528,0.010530323,0.004673362,-0.01667241,0.002695039,0.019971065,0.008219168,0.015755631,0.0144550055,0.008272301,-0.00814122,0.00012887176,0.015249208,0.0033611879,0.016640387,0.0076101776,0.004553482,0.008022845,-0.008196386,-0.0018775044,0.021144073,0.009757984,-0.019799698,-0.00030079484,0.005125962,0.01394897,-0.017933773,0.015531331,0.00013798103,PkC_cs
-0.0010604039,0.0022260472,0.0013809949,0.008600354,-0.0011425391,0.0023454651,-0.0034704655,-0.009613737,0.00047848374,0.005006522,0.00065524504,-0.0010853857,-0.00094936276,0.0044492707,0.0076953545,0.007750295,0.0016850997,-0.0057657585,0.003970936,0.00024179742,-0.009020624,0.00077850744,5.8930367e-05,0.008183852,0.007049799,-0.0022907779,-0.0032295398,0.0057246275,-0.011314027,-0.01130164,MLI
0.00098354,-0.0103860125,-0.011008233,0.0011358559,-0.010357238,0.0026211962,0.011968121,0.0010413975,0.014063515,0.0037101656,0.006239187,-0.0028526634,-0.008762915,0.0240972,0.0022441,0.012994636,0.014521966,0.008670308,0.0036726743,-0.01977328,0.0048886994,0.021866247,0.0020636544,-0.021540008,0.0076178685,-0.009428024,0.0053098015,-0.0040810807,0.02869996,-0.0035751425,PkC_cs
0.003805194,-0.0054984465,-0.0047147125,-0.0014340729,0.0051051825,0.0028577521,0.001881823,-0.004915446,-0.0033197775,-0.004226655,0.00045008957,0.0019970015,0.0031249544,-0.0014198162,0.0025888756,0.003604032,-0.0057007447,0.003052801,-0.00548625,7.888861e-05,-0.0053432863,0.00016032904,-0.00018400326,0.008580811,0.0043064505,-0.0019883662,-0.0036232062,0.0053044967,-0.0056092143,-0.01001418,PkC_ss
0.014493311,-0.033777244,-0.031610012,-0.00035570562,0.008131079,-0.009298306,0.0036724508,0.0022202954,-0.012198757,-0.029715516,0.0060772263,0.019284282,0.012725536,0.0048158877,-0.01776231,0.018207964,0.0084399525,0.009544574,-0.020163164,-0.002867451,-0.003244767,-0.0025917366,-0.0010905489,0.013520829,0.023862883,-0.011906736,0.011825025,0.004683109,0.0044095963,-0.0067009777,MFB
-0.0031360574,0.0039933994,-0.002110064,0.0010195374,0.0033151843,0.004771691,-0.0092526525,-0.0064592212,-0.004081767,-0.004269764,0.0014815032,0.0023220405,0.0025277033,-0.0055322386,0.0064812675,0.002547875,-0.0008766204,-0.0029086173,-0.004632637,0.0024359059,-0.007053883,-0.009390555,0.0002828203,0.01528319,0.008204997,-0.0009258315,-0.010014616,0.011655552,-0.015981935,-0.013275843,MFB
0.038829047,-0.04883562,-0.04709573,-0.029933132,0.035492335,-0.009640876,0.021415673,0.018635869,-0.016981483,-0.025752105,0.0012793094,-0.012043767,0.037213232,0.0013613999,-0.023970969,0.004306499,-0.032057427,0.033828422,-0.00961338,0.009047703,0.018550668,-0.016521074,-0.0026012026,0.025498353,0.03352157,0.00068190694,0.02343126,0.01512073,-0.004879266,-0.0041791797,MFB
0.0011463203,0.002638884,-0.00080516934,0.0011559874,0.0020295568,0.006218374,-0.0040693283,-0.00592649,-0.0013537034,-0.0011000186,0.0025126003,-0.00042797625,-0.0009383606,-0.002343148,0.006946303,0.003040202,0.00019714423,-0.0034565479,-0.0019019544,0.0009938255,-0.00802751,-0.0031038374,0.00023877248,0.009896308,0.0046852827,-0.001953043,-0.0073827095,0.009173809,-0.008182198,-0.014432605,MFB
0.0016851984,0.0028395578,0.00024038553,0.0022274405,0.0019818507,0.0031236447,-0.0028782487,-0.003549561,0.0009809025,0.0011303127,0.0020811372,0.0005459562,0.00023609446,-0.0021513477,0.0059084743,0.0018319413,-0.0013487954,-0.001957491,-0.001647234,0.0016113669,-0.006915343,-0.0019328855,-0.0015470088,0.009092428,0.0014003664,-0.001860477,-0.0047933385,0.0064489506,-0.0086833015,-0.011845592,MLI
