0,1,2,3,4,5,6,7,8,9,10,11,12,13,14,15,16,17,18,19,20,21,22,23,24,25,26,27,28,29,30,31,32,33,34,35,36,37,38,39,40,41,42,43,44,45,46,47,48,49,50,51,52,53,54,55,56,57,58,59,60,61,62,63,64,65,66,67,68,69,70,71,72,73,74,75,76,77,78,79,80,81,82,83,84,85,86,87,88,89,90,91,92,93,94,95,96,97,98,99
0.0,0.00041356493602506816,0.0,0.008271298371255398,0.020678246393799782,0.01819685660302639,0.01364764291793108,0.016129031777381897,0.016129031777381897,0.017369726672768593,0.014061207883059978,0.011166253127157688,0.020264681428670883,0.01364764291793108,0.011579818092286587,0.010339123196899891,0.010339123196899891,0.01364764291793108,0.008271298371255398,0.014888337813317776,0.011579818092286587,0.011993383057415485,0.011579818092286587,0.01075268816202879,0.01075268816202879,0.012406948022544384,0.01075268816202879,0.010339123196899891,0.009925558231770992,0.011579818092286587,0.015301902778446674,0.01075268816202879,0.011166253127157688,0.011579818092286587,0.011166253127157688,0.0078577334061265,0.01075268816202879,0.013234077952802181,0.009098428301513195,0.007030603941529989,0.011166253127157688,0.009098428301513195,0.01364764291793108,0.007030603941529989,0.006203474011272192,0.011166253127157688,0.009098428301513195,0.0078577334061265,0.011993383057415485,0.01075268816202879,0.009098428301513195,0.009925558231770992,0.007030603941529989,0.007030603941529989,0.012820512987673283,0.007030603941529989,0.0078577334061265,0.01075268816202879,0.009925558231770992,0.01075268816202879,0.0078577334061265,0.008271298371255398,0.006617038976401091,0.009511993266642094,0.009098428301513195,0.009511993266642094,0.011166253127157688,0.007444168906658888,0.007444168906658888,0.008684863336384296,0.01075268816202879,0.013234077952802181,0.009511993266642094,0.011166253127157688,0.007030603941529989,0.010339123196899891,0.01075268816202879,0.011579818092286587,0.005789909046143293,0.009925558231770992,0.0078577334061265,0.008684863336384296,0.008684863336384296,0.005376344081014395,0.007444168906658888,0.006203474011272192,0.01075268816202879,0.005789909046143293,0.009098428301513195,0.009511993266642094,0.009511993266642094,0.010339123196899891,0.006203474011272192,0.006617038976401091,0.011579818092286587,0.006617038976401091,0.007030603941529989,0.006617038976401091,0.009511993266642094,0.011993383057415485
0.0,0.0015432098880410194,0.0007716049440205097,0.00848765391856432,0.022376542910933495,0.020061727613210678,0.02391975373029709,0.021604938432574272,0.0069444444961845875,0.020061727613210678,0.011574073694646358,0.016203703358769417,0.013888888992369175,0.01774691417813301,0.010802469216287136,0.015432098880410194,0.016203703358769417,0.011574073694646358,0.010802469216287136,0.016203703358769417,0.01697530783712864,0.009259259328246117,0.015432098880410194,0.012345679104328156,0.009259259328246117,0.00848765391856432,0.007716049440205097,0.010030863806605339,0.010802469216287136,0.014660493470728397,0.016203703358769417,0.014660493470728397,0.010030863806605339,0.009259259328246117,0.010802469216287136,0.012345679104328156,0.013117283582687378,0.007716049440205097,0.007716049440205097,0.00848765391856432,0.012345679104328156,0.009259259328246117,0.00848765391856432,0.010802469216287136,0.00848765391856432,0.00848765391856432,0.011574073694646358,0.010030863806605339,0.006172839552164078,0.013117283582687378,0.00848765391856432,0.014660493470728397,0.005401234608143568,0.007716049440205097,0.006172839552164078,0.0069444444961845875,0.0069444444961845875,0.010030863806605339,0.011574073694646358,0.00848765391856432,0.013888888992369175,0.004629629664123058,0.00848765391856432,0.011574073694646358,0.009259259328246117,0.011574073694646358,0.005401234608143568,0.009259259328246117,0.006172839552164078,0.006172839552164078,0.011574073694646358,0.010802469216287136,0.006172839552164078,0.009259259328246117,0.007716049440205097,0.005401234608143568,0.004629629664123058,0.005401234608143568,0.007716049440205097,0.006172839552164078,0.0069444444961845875,0.0069444444961845875,0.010030863806605339,0.00848765391856432,0.009259259328246117,0.010030863806605339,0.007716049440205097,0.006172839552164078,0.0069444444961845875,0.006172839552164078,0.010030863806605339,0.013888888992369175,0.0038580247201025486,0.0069444444961845875,0.00848765391856432,0.010802469216287136,0.00848765391856432,0.009259259328246117,0.004629629664123058,0.0069444444961845875
0.0,0.0,0.000895656063221395,0.009404388256371021,0.02642185427248478,0.013882668688893318,0.012987012974917889,0.015673981979489326,0.017913121730089188,0.013882668688893318,0.012091357260942459,0.01433049701154232,0.014778325334191322,0.01343484129756689,0.01522615272551775,0.012539184652268887,0.01522615272551775,0.017017465084791183,0.011195700615644455,0.011195700615644455,0.011195700615644455,0.018808776512742043,0.007613076362758875,0.008956560865044594,0.010300044901669025,0.008956560865044594,0.010747873224318027,0.011195700615644455,0.008956560865044594,0.011643528938293457,0.007613076362758875,0.01343484129756689,0.010747873224318027,0.01522615272551775,0.006269592326134443,0.01522615272551775,0.01433049701154232,0.011643528938293457,0.00806090421974659,0.00806090421974659,0.01433049701154232,0.012539184652268887,0.011643528938293457,0.010747873224318027,0.009852216579020023,0.011643528938293457,0.009852216579020023,0.007613076362758875,0.01343484129756689,0.006717420648783445,0.008508732542395592,0.008956560865044594,0.00806090421974659,0.00806090421974659,0.009852216579020023,0.00806090421974659,0.006269592326134443,0.011643528938293457,0.007613076362758875,0.01433049701154232,0.013882668688893318,0.011195700615644455,0.008508732542395592,0.00806090421974659,0.004030452109873295,0.01522615272551775,0.011195700615644455,0.00716524850577116,0.008956560865044594,0.008956560865044594,0.012091357260942459,0.006269592326134443,0.010747873224318027,0.00806090421974659,0.009852216579020023,0.007613076362758875,0.00806090421974659,0.010747873224318027,0.006717420648783445,0.006269592326134443,0.00716524850577116,0.00806090421974659,0.006717420648783445,0.010300044901669025,0.006269592326134443,0.010300044901669025,0.009404388256371021,0.006269592326134443,0.006717420648783445,0.008956560865044594,0.006717420648783445,0.00716524850577116,0.00806090421974659,0.007613076362758875,0.005373936612159014,0.006717420648783445,0.004030452109873295,0.008956560865044594,0.004926108289510012,0.009852216579020023
0.0,0.011472275480628014,0.019120458513498306,0.07839388400316238,0.08795411139726639,0.06500955671072006,0.05544932931661606,0.049713194370269775,0.03059273399412632,0.043977055698633194,0.03632887080311775,0.024856597185134888,0.03059273399412632,0.01529636699706316,0.024856597185134888,0.02868068777024746,0.017208412289619446,0.019120458513498306,0.0133843207731843,0.011472275480628014,0.017208412289619446,0.0133843207731843,0.009560229256749153,0.0133843207731843,0.00382409174926579,0.005736137740314007,0.0133843207731843,0.00382409174926579,0.001912045874632895,0.009560229256749153,0.00764818349853158,0.005736137740314007,0.00382409174926579,0.005736137740314007,0.001912045874632895,0.011472275480628014,0.005736137740314007,0.00382409174926579,0.005736137740314007,0.005736137740314007,0.00382409174926579,0.00382409174926579,0.001912045874632895,0.0,0.005736137740314007,0.001912045874632895,0.0,0.00382409174926579,0.001912045874632895,0.00382409174926579,0.00382409174926579,0.009560229256749153,0.001912045874632895,0.005736137740314007,0.0,0.00382409174926579,0.005736137740314007,0.00382409174926579,0.00382409174926579,0.0,0.001912045874632895,0.005736137740314007,0.001912045874632895,0.00382409174926579,0.001912045874632895,0.005736137740314007,0.0,0.00764818349853158,0.00382409174926579,0.00382409174926579,0.001912045874632895,0.00382409174926579,0.001912045874632895,0.00382409174926579,0.0,0.00382409174926579,0.005736137740314007,0.001912045874632895,0.001912045874632895,0.001912045874632895,0.005736137740314007,0.00382409174926579,0.00382409174926579,0.001912045874632895,0.001912045874632895,0.00382409174926579,0.00382409174926579,0.00382409174926579,0.00382409174926579,0.001912045874632895,0.00382409174926579,0.00382409174926579,0.0,0.001912045874632895,0.001912045874632895,0.0,0.00764818349853158,0.001912045874632895,0.001912045874632895,0.001912045874632895
0.0,0.0065645514987409115,0.014223194681107998,0.02735229767858982,0.09846827387809753,0.05361050367355347,0.05251641198992729,0.05361050367355347,0.03610503301024437,0.03172866627573967,0.032822757959365845,0.035010941326618195,0.017505470663309097,0.017505470663309097,0.012035011313855648,0.020787745714187622,0.020787745714187622,0.016411378979682922,0.018599562346935272,0.016411378979682922,0.016411378979682922,0.010940918698906898,0.010940918698906898,0.007658643182367086,0.016411378979682922,0.012035011313855648,0.004376367665827274,0.007658643182367086,0.0065645514987409115,0.008752735331654549,0.012035011313855648,0.005470459349453449,0.013129102997481823,0.007658643182367086,0.005470459349453449,0.0065645514987409115,0.004376367665827274,0.007658643182367086,0.0065645514987409115,0.0032822757493704557,0.004376367665827274,0.002188183832913637,0.009846827015280724,0.0065645514987409115,0.004376367665827274,0.008752735331654549,0.0010940919164568186,0.0065645514987409115,0.0032822757493704557,0.002188183832913637,0.0065645514987409115,0.0065645514987409115,0.0065645514987409115,0.0,0.002188183832913637,0.0032822757493704557,0.004376367665827274,0.005470459349453449,0.0032822757493704557,0.007658643182367086,0.0010940919164568186,0.002188183832913637,0.004376367665827274,0.004376367665827274,0.002188183832913637,0.004376367665827274,0.004376367665827274,0.004376367665827274,0.0032822757493704557,0.004376367665827274,0.002188183832913637,0.004376367665827274,0.004376367665827274,0.0032822757493704557,0.002188183832913637,0.005470459349453449,0.004376367665827274,0.005470459349453449,0.0032822757493704557,0.0032822757493704557,0.0065645514987409115,0.0032822757493704557,0.002188183832913637,0.005470459349453449,0.002188183832913637,0.004376367665827274,0.002188183832913637,0.004376367665827274,0.004376367665827274,0.0010940919164568186,0.002188183832913637,0.004376367665827274,0.0032822757493704557,0.004376367665827274,0.005470459349453449,0.0032822757493704557,0.002188183832913637,0.005470459349453449,0.0032822757493704557,0.005470459349453449
0.0,0.0,0.001282873679883778,0.012828736566007137,0.021167414262890816,0.02052597887814045,0.017960231751203537,0.01924310438334942,0.014753046445548534,0.021167414262890816,0.012828736566007137,0.012828736566007137,0.016677357256412506,0.017960231751203537,0.013470172882080078,0.018601667135953903,0.012187299318611622,0.012187299318611622,0.010904425755143166,0.014111610129475594,0.014753046445548534,0.013470172882080078,0.008338678628206253,0.007055805064737797,0.012187299318611622,0.01731879450380802,0.010262989439070225,0.006414368283003569,0.012187299318611622,0.010262989439070225,0.008338678628206253,0.008980115875601768,0.012187299318611622,0.012828736566007137,0.012187299318611622,0.013470172882080078,0.014111610129475594,0.012828736566007137,0.006414368283003569,0.010904425755143166,0.010904425755143166,0.010262989439070225,0.008980115875601768,0.01539448369294405,0.00962155219167471,0.010262989439070225,0.007055805064737797,0.014111610129475594,0.007697241846472025,0.00962155219167471,0.010262989439070225,0.007055805064737797,0.0057729315012693405,0.011545863002538681,0.00962155219167471,0.00962155219167471,0.007055805064737797,0.005131494719535112,0.00962155219167471,0.008338678628206253,0.007697241846472025,0.007697241846472025,0.006414368283003569,0.00962155219167471,0.00962155219167471,0.010904425755143166,0.008980115875601768,0.007055805064737797,0.006414368283003569,0.007055805064737797,0.010262989439070225,0.012187299318611622,0.0032071841415017843,0.008338678628206253,0.007055805064737797,0.004490057937800884,0.010904425755143166,0.007697241846472025,0.008338678628206253,0.010904425755143166,0.007055805064737797,0.006414368283003569,0.007697241846472025,0.0038486209232360125,0.010262989439070225,0.007697241846472025,0.006414368283003569,0.006414368283003569,0.005131494719535112,0.008338678628206253,0.007055805064737797,0.007697241846472025,0.0057729315012693405,0.010262989439070225,0.007697241846472025,0.00962155219167471,0.012187299318611622,0.008338678628206253,0.008338678628206253,0.0057729315012693405
0.0,0.00047573738265782595,0.00047573738265782595,0.012369172647595406,0.02521408163011074,0.021408183500170708,0.02093244530260563,0.014747858978807926,0.014747858978807926,0.014747858978807926,0.018078021705150604,0.011417697183787823,0.014747858978807926,0.014747858978807926,0.01617507077753544,0.011417697183787823,0.014272121712565422,0.01569933444261551,0.01617507077753544,0.014272121712565422,0.010941959917545319,0.013320647180080414,0.013320647180080414,0.01569933444261551,0.01284490991383791,0.01569933444261551,0.012369172647595406,0.009514748118817806,0.013320647180080414,0.009039010852575302,0.013320647180080414,0.017602283507585526,0.012369172647595406,0.009514748118817806,0.009039010852575302,0.007611798122525215,0.01284490991383791,0.010941959917545319,0.011417697183787823,0.005708848591893911,0.009514748118817806,0.014747858978807926,0.011417697183787823,0.006184586323797703,0.006660323590040207,0.010941959917545319,0.00999048538506031,0.013796384446322918,0.01284490991383791,0.011417697183787823,0.007136060856282711,0.006184586323797703,0.010466222651302814,0.006184586323797703,0.00808753538876772,0.005233111325651407,0.009514748118817806,0.00808753538876772,0.007136060856282711,0.009514748118817806,0.00808753538876772,0.00808753538876772,0.011417697183787823,0.005233111325651407,0.007611798122525215,0.012369172647595406,0.008563272655010223,0.006184586323797703,0.00999048538506031,0.009514748118817806,0.010941959917545319,0.007611798122525215,0.008563272655010223,0.007611798122525215,0.008563272655010223,0.009039010852575302,0.007136060856282711,0.008563272655010223,0.009514748118817806,0.006184586323797703,0.005708848591893911,0.00808753538876772,0.010466222651302814,0.010941959917545319,0.004757374059408903,0.007611798122525215,0.007611798122525215,0.005233111325651407,0.0033301617950201035,0.009039010852575302,0.007136060856282711,0.006660323590040207,0.009514748118817806,0.008563272655010223,0.0028544242959469557,0.006184586323797703,0.006660323590040207,0.006660323590040207,0.004757374059408903,0.0038058990612626076
0.0,0.0017551557393744588,0.0010969723807647824,0.010750329121947289,0.024572180584073067,0.020842473953962326,0.018648529425263405,0.021720051765441895,0.02128126285970211,0.016893373802304268,0.01820974051952362,0.015577007085084915,0.018429135903716087,0.013821851462125778,0.014918823726475239,0.015357612632215023,0.01294427365064621,0.013163668103516102,0.014260640367865562,0.015138218179345131,0.009653356857597828,0.015138218179345131,0.01294427365064621,0.013383062556385994,0.012724879197776318,0.013163668103516102,0.012066695839166641,0.012505484744906425,0.011627906933426857,0.010530934669077396,0.011408512480556965,0.012286090292036533,0.00877577904611826,0.009653356857597828,0.008556384593248367,0.012724879197776318,0.009653356857597828,0.010311540216207504,0.009653356857597828,0.008995173498988152,0.007898201234638691,0.009653356857597828,0.014260640367865562,0.012505484744906425,0.008995173498988152,0.011408512480556965,0.00987275131046772,0.013383062556385994,0.008336990140378475,0.00987275131046772,0.007898201234638691,0.008117595687508583,0.007240017410367727,0.00877577904611826,0.008336990140378475,0.00987275131046772,0.0059236506931483746,0.008117595687508583,0.008556384593248367,0.007020622957497835,0.012505484744906425,0.008336990140378475,0.007459411863237619,0.008556384593248367,0.0076788063161075115,0.007240017410367727,0.007020622957497835,0.008336990140378475,0.00987275131046772,0.008336990140378475,0.008995173498988152,0.008556384593248367,0.007898201234638691,0.0076788063161075115,0.00987275131046772,0.006143045146018267,0.006801228504627943,0.006362439598888159,0.010092145763337612,0.00877577904611826,0.0059236506931483746,0.006362439598888159,0.006581834051758051,0.007020622957497835,0.006143045146018267,0.006362439598888159,0.00438788952305913,0.006143045146018267,0.006143045146018267,0.006801228504627943,0.006581834051758051,0.007459411863237619,0.004826678428798914,0.007459411863237619,0.006801228504627943,0.00548486178740859,0.008336990140378475,0.007898201234638691,0.007898201234638691,0.0076788063161075115
0.0,0.0028673834167420864,0.005017921328544617,0.017204301431775093,0.03082437254488468,0.027240144088864326,0.027956988662481308,0.02222222276031971,0.02150537632405758,0.023655913770198822,0.018637992441654205,0.026523297652602196,0.023655913770198822,0.025089606642723083,0.017204301431775093,0.019354838877916336,0.015053763054311275,0.012186380103230476,0.012186380103230476,0.01577060855925083,0.01075268816202879,0.01433691754937172,0.010035842657089233,0.015053763054311275,0.019354838877916336,0.012186380103230476,0.013620072044432163,0.009318996220827103,0.015053763054311275,0.010035842657089233,0.009318996220827103,0.006451612804085016,0.006451612804085016,0.00716845877468586,0.006451612804085016,0.01075268816202879,0.006451612804085016,0.010035842657089233,0.010035842657089233,0.006451612804085016,0.009318996220827103,0.011469533666968346,0.005734766833484173,0.009318996220827103,0.005734766833484173,0.012903225608170033,0.006451612804085016,0.007885304279625416,0.008602150715887547,0.006451612804085016,0.010035842657089233,0.006451612804085016,0.009318996220827103,0.00716845877468586,0.00716845877468586,0.005017921328544617,0.008602150715887547,0.005017921328544617,0.00716845877468586,0.004301075357943773,0.012903225608170033,0.006451612804085016,0.005017921328544617,0.009318996220827103,0.009318996220827103,0.007885304279625416,0.011469533666968346,0.005734766833484173,0.007885304279625416,0.004301075357943773,0.005734766833484173,0.005734766833484173,0.004301075357943773,0.0028673834167420864,0.005734766833484173,0.01075268816202879,0.005017921328544617,0.005734766833484173,0.004301075357943773,0.005734766833484173,0.006451612804085016,0.009318996220827103,0.00358422938734293,0.009318996220827103,0.0028673834167420864,0.004301075357943773,0.005017921328544617,0.012903225608170033,0.009318996220827103,0.005017921328544617,0.005734766833484173,0.0028673834167420864,0.007885304279625416,0.00716845877468586,0.010035842657089233,0.006451612804085016,0.005734766833484173,0.007885304279625416,0.00358422938734293,0.01075268816202879
0.0,0.0,0.000798722030594945,0.017571885138750076,0.027955271303653717,0.018370607867836952,0.0167731624096632,0.01916932873427868,0.017571885138750076,0.02076677232980728,0.0167731624096632,0.02555910497903824,0.013578275218605995,0.015175718814134598,0.01916932873427868,0.015974441543221474,0.0167731624096632,0.0167731624096632,0.011182108893990517,0.013578275218605995,0.00958466436713934,0.015175718814134598,0.013578275218605995,0.00638977624475956,0.01277955248951912,0.00638977624475956,0.007188498508185148,0.007188498508185148,0.011980830691754818,0.00958466436713934,0.00958466436713934,0.019968051463365555,0.00958466436713934,0.00638977624475956,0.008785942569375038,0.011980830691754818,0.008785942569375038,0.00958466436713934,0.00958466436713934,0.015974441543221474,0.007188498508185148,0.011980830691754818,0.00958466436713934,0.011980830691754818,0.00638977624475956,0.01038338616490364,0.011182108893990517,0.007188498508185148,0.01277955248951912,0.011182108893990517,0.00958466436713934,0.007987220771610737,0.008785942569375038,0.011182108893990517,0.00958466436713934,0.00958466436713934,0.011980830691754818,0.002396166091784835,0.00479233218356967,0.007987220771610737,0.00638977624475956,0.007987220771610737,0.005591054446995258,0.007987220771610737,0.007987220771610737,0.00958466436713934,0.008785942569375038,0.005591054446995258,0.00638977624475956,0.007987220771610737,0.00638977624475956,0.007987220771610737,0.01277955248951912,0.008785942569375038,0.00958466436713934,0.007188498508185148,0.007987220771610737,0.00958466436713934,0.007188498508185148,0.01277955248951912,0.008785942569375038,0.005591054446995258,0.007987220771610737,0.007987220771610737,0.003993610385805368,0.005591054446995258,0.011182108893990517,0.01038338616490364,0.00638977624475956,0.005591054446995258,0.00638977624475956,0.007188498508185148,0.00638977624475956,0.00479233218356967,0.007188498508185148,0.007987220771610737,0.00479233218356967,0.007188498508185148,0.007987220771610737,0.00479233218356967
0.0,0.0007283321465365589,0.005826657172292471,0.017479971051216125,0.03714493662118912,0.021849963814020157,0.0254916250705719,0.028404952958226204,0.027676621451973915,0.026948288083076477,0.023306628689169884,0.026948288083076477,0.021121632307767868,0.02039329893887043,0.017479971051216125,0.013109978288412094,0.0160233061760664,0.0160233061760664,0.01238164585083723,0.013838310725986958,0.014566642232239246,0.013838310725986958,0.0080116530880332,0.008739985525608063,0.013109978288412094,0.011653314344584942,0.013838310725986958,0.011653314344584942,0.010924981907010078,0.010196649469435215,0.010924981907010078,0.014566642232239246,0.0080116530880332,0.005826657172292471,0.009468317963182926,0.016751639544963837,0.010196649469435215,0.008739985525608063,0.0080116530880332,0.006554989144206047,0.0050983247347176075,0.011653314344584942,0.007283321116119623,0.007283321116119623,0.010924981907010078,0.007283321116119623,0.0080116530880332,0.004369992762804031,0.007283321116119623,0.0080116530880332,0.004369992762804031,0.007283321116119623,0.008739985525608063,0.01238164585083723,0.010196649469435215,0.006554989144206047,0.004369992762804031,0.007283321116119623,0.0050983247347176075,0.006554989144206047,0.007283321116119623,0.0080116530880332,0.0050983247347176075,0.008739985525608063,0.005826657172292471,0.0080116530880332,0.005826657172292471,0.008739985525608063,0.0021849963814020157,0.0080116530880332,0.0050983247347176075,0.0050983247347176075,0.0036416605580598116,0.007283321116119623,0.007283321116119623,0.008739985525608063,0.0080116530880332,0.004369992762804031,0.0029133285861462355,0.0080116530880332,0.010196649469435215,0.004369992762804031,0.0029133285861462355,0.004369992762804031,0.005826657172292471,0.0080116530880332,0.006554989144206047,0.0050983247347176075,0.004369992762804031,0.0036416605580598116,0.008739985525608063,0.011653314344584942,0.006554989144206047,0.0080116530880332,0.009468317963182926,0.005826657172292471,0.0029133285861462355,0.0050983247347176075,0.0080116530880332,0.01238164585083723
0.0,0.0017069701571017504,0.003982930444180965,0.013086770661175251,0.029871977865695953,0.01820768229663372,0.01849217712879181,0.017069701105356216,0.013940256088972092,0.01536273118108511,0.013086770661175251,0.011095305904746056,0.014793741516768932,0.011095305904746056,0.009957325644791126,0.011664295569062233,0.01820768229663372,0.02418207749724388,0.019914651289582253,0.02418207749724388,0.017923185601830482,0.01650071144104004,0.013655761256814003,0.013371266424655914,0.015078236348927021,0.011095305904746056,0.01536273118108511,0.015647226944565773,0.013655761256814003,0.011948791332542896,0.012233286164700985,0.01650071144104004,0.013940256088972092,0.011664295569062233,0.011379800736904144,0.013371266424655914,0.011095305904746056,0.01536273118108511,0.012233286164700985,0.011095305904746056,0.013655761256814003,0.010526316240429878,0.0068278806284070015,0.011095305904746056,0.010526316240429878,0.00910384114831686,0.00711237546056509,0.00711237546056509,0.009672830812633038,0.010526316240429878,0.00910384114831686,0.00910384114831686,0.00910384114831686,0.00796586088836193,0.011664295569062233,0.005974395666271448,0.009957325644791126,0.007681365590542555,0.011379800736904144,0.008819345384836197,0.00796586088836193,0.008534850552678108,0.008819345384836197,0.006258890498429537,0.0054054055362939835,0.006258890498429537,0.006258890498429537,0.003982930444180965,0.005974395666271448,0.00711237546056509,0.007681365590542555,0.0051209102384746075,0.00796586088836193,0.006258890498429537,0.0068278806284070015,0.0051209102384746075,0.004836415406316519,0.0054054055362939835,0.0068278806284070015,0.005974395666271448,0.007396870758384466,0.0051209102384746075,0.00711237546056509,0.0068278806284070015,0.0054054055362939835,0.0065433853305876255,0.00711237546056509,0.009388335980474949,0.0054054055362939835,0.005689900368452072,0.0065433853305876255,0.00455192057415843,0.0051209102384746075,0.003698435379192233,0.003982930444180965,0.0054054055362939835,0.0065433853305876255,0.007396870758384466,0.0068278806284070015,0.0054054055362939835
0.0,0.00016186467837542295,0.0006474587135016918,0.004370346199721098,0.01343476865440607,0.013920363038778305,0.015053415670990944,0.01343476865440607,0.011977986432611942,0.011330527253448963,0.011492392048239708,0.011330527253448963,0.012787309475243092,0.010197474621236324,0.010683069005608559,0.010521204210817814,0.00987374596297741,0.00987374596297741,0.008255098946392536,0.011168663389980793,0.00922628678381443,0.011168663389980793,0.008416963741183281,0.0074457754381000996,0.008093234151601791,0.007283910643309355,0.008578828535974026,0.006474587135016918,0.007283910643309355,0.007769504562020302,0.006636451929807663,0.009711881168186665,0.01003560982644558,0.00922628678381443,0.00987374596297741,0.00987374596297741,0.008255098946392536,0.008740692399442196,0.013272903859615326,0.011977986432611942,0.01003560982644558,0.011816121637821198,0.00922628678381443,0.011816121637821198,0.011654256843030453,0.012139851227402687,0.013596633449196815,0.011492392048239708,0.012625444680452347,0.013920363038778305,0.012463580816984177,0.01343476865440607,0.013596633449196815,0.011654256843030453,0.013920363038778305,0.013272903859615326,0.012787309475243092,0.01424409169703722,0.011816121637821198,0.011492392048239708,0.013111039064824581,0.012301716022193432,0.010521204210817814,0.010683069005608559,0.011330527253448963,0.010197474621236324,0.011168663389980793,0.011654256843030453,0.008740692399442196,0.007769504562020302,0.010683069005608559,0.007769504562020302,0.011977986432611942,0.007283910643309355,0.011654256843030453,0.010521204210817814,0.008578828535974026,0.011816121637821198,0.011168663389980793,0.009388151578605175,0.00987374596297741,0.007769504562020302,0.00922628678381443,0.008740692399442196,0.010844933800399303,0.00955001637339592,0.007931369356811047,0.008255098946392536,0.009064421989023685,0.00890255719423294,0.008578828535974026,0.0074457754381000996,0.008093234151601791,0.00955001637339592,0.008255098946392536,0.008416963741183281,0.007931369356811047,0.008578828535974026,0.008093234151601791,0.009711881168186665
0.0,0.00010240655683446676,0.0006144393119029701,0.012596006505191326,0.022734254598617554,0.017818739637732506,0.019969278946518898,0.020378904417157173,0.017101895064115524,0.020276498049497604,0.01740911416709423,0.01577060855925083,0.018535586073994637,0.019559651613235474,0.020071685314178467,0.014541730284690857,0.014439323917031288,0.014951356686651707,0.016180235892534256,0.013415258377790451,0.012800819240510464,0.013415258377790451,0.015360983088612556,0.013108039274811745,0.012800819240510464,0.01587301678955555,0.012288786470890045,0.012903225608170033,0.012186380103230476,0.012800819240510464,0.013415258377790451,0.0138248847797513,0.01351766474545002,0.01075268816202879,0.012186380103230476,0.01116231456398964,0.011469533666968346,0.009831028990447521,0.011367127299308777,0.011264720931649208,0.010138249024748802,0.010035842657089233,0.01105990819633007,0.009626216255128384,0.009831028990447521,0.009728622622787952,0.009728622622787952,0.009626216255128384,0.01116231456398964,0.009114183485507965,0.008806963451206684,0.008397337049245834,0.009728622622787952,0.008909369818866253,0.00675883237272501,0.009114183485507965,0.009626216255128384,0.01034306176006794,0.009318996220827103,0.008090117946267128,0.008806963451206684,0.0072708651423454285,0.007885304279625416,0.008909369818866253,0.006554019637405872,0.00716845877468586,0.005427547264844179,0.008806963451206684,0.008397337049245834,0.007680491544306278,0.00675883237272501,0.0073732719756662846,0.008294930681586266,0.006861239206045866,0.006554019637405872,0.006144393235445023,0.007475678343325853,0.006246799603104591,0.005632360465824604,0.007680491544306278,0.006554019637405872,0.006656426005065441,0.007066052407026291,0.006451612804085016,0.0075780851766467094,0.004608294926583767,0.005427547264844179,0.0072708651423454285,0.005632360465824604,0.005939580034464598,0.0051203276962041855,0.004813108127564192,0.00675883237272501,0.006041986867785454,0.004608294926583767,0.005632360465824604,0.004301075357943773,0.005529954098165035,0.0051203276962041855,0.005017921328544617
0.0,0.0,0.0016411378746852279,0.010940918698906898,0.024070022627711296,0.020240699872374535,0.01695842482149601,0.01695842482149601,0.018052516505122185,0.018599562346935272,0.015317286364734173,0.012582057155668736,0.016411378979682922,0.014223194681107998,0.018052516505122185,0.012582057155668736,0.014223194681107998,0.01367614883929491,0.012035011313855648,0.006017505656927824,0.012582057155668736,0.01367614883929491,0.012035011313855648,0.009299781173467636,0.0065645514987409115,0.008752735331654549,0.008752735331654549,0.008752735331654549,0.014223194681107998,0.010393872857093811,0.012582057155668736,0.013129102997481823,0.008752735331654549,0.012035011313855648,0.009846827015280724,0.012582057155668736,0.008205689489841461,0.009299781173467636,0.008205689489841461,0.012035011313855648,0.014223194681107998,0.010940918698906898,0.009846827015280724,0.012035011313855648,0.009299781173467636,0.007658643182367086,0.009299781173467636,0.007111597340553999,0.010393872857093811,0.010940918698906898,0.0065645514987409115,0.010940918698906898,0.007111597340553999,0.007111597340553999,0.007658643182367086,0.013129102997481823,0.011487964540719986,0.009846827015280724,0.007658643182367086,0.008752735331654549,0.009846827015280724,0.008752735331654549,0.009846827015280724,0.010940918698906898,0.009846827015280724,0.007658643182367086,0.005470459349453449,0.010940918698906898,0.010940918698906898,0.007111597340553999,0.009846827015280724,0.007658643182367086,0.009846827015280724,0.004376367665827274,0.007111597340553999,0.008752735331654549,0.010940918698906898,0.008752735331654549,0.007658643182367086,0.006017505656927824,0.007658643182367086,0.010940918698906898,0.008205689489841461,0.006017505656927824,0.008205689489841461,0.003829321591183543,0.011487964540719986,0.004923413507640362,0.007658643182367086,0.012035011313855648,0.008752735331654549,0.010393872857093811,0.0065645514987409115,0.0065645514987409115,0.010393872857093811,0.007111597340553999,0.007658643182367086,0.007111597340553999,0.007111597340553999,0.008752735331654549
0.0,0.0006075334385968745,0.001215066877193749,0.0066828676499426365,0.020048603415489197,0.017618469893932343,0.0145808020606637,0.0145808020606637,0.013365735299885273,0.010935601778328419,0.01275820191949606,0.012150668539106846,0.018226003274321556,0.012150668539106846,0.0145808020606637,0.010935601778328419,0.012150668539106846,0.013365735299885273,0.011543135158717632,0.015188335441052914,0.011543135158717632,0.011543135158717632,0.01275820191949606,0.010328068397939205,0.01275820191949606,0.00729040103033185,0.013973268680274487,0.009720535017549992,0.010328068397939205,0.009720535017549992,0.010328068397939205,0.01275820191949606,0.008505468256771564,0.007897933945059776,0.009720535017549992,0.013973268680274487,0.010328068397939205,0.013365735299885273,0.00729040103033185,0.009720535017549992,0.013973268680274487,0.01275820191949606,0.007897933945059776,0.008505468256771564,0.008505468256771564,0.013973268680274487,0.013365735299885273,0.0066828676499426365,0.013973268680274487,0.009720535017549992,0.010328068397939205,0.011543135158717632,0.009720535017549992,0.009113001637160778,0.010328068397939205,0.0145808020606637,0.006075334269553423,0.010328068397939205,0.010328068397939205,0.011543135158717632,0.007897933945059776,0.006075334269553423,0.012150668539106846,0.012150668539106846,0.006075334269553423,0.00729040103033185,0.0066828676499426365,0.007897933945059776,0.009720535017549992,0.012150668539106846,0.009720535017549992,0.00729040103033185,0.008505468256771564,0.009720535017549992,0.00729040103033185,0.005467800889164209,0.010328068397939205,0.008505468256771564,0.010328068397939205,0.011543135158717632,0.006075334269553423,0.009113001637160778,0.009113001637160778,0.012150668539106846,0.007897933945059776,0.00729040103033185,0.00729040103033185,0.010328068397939205,0.010935601778328419,0.010328068397939205,0.007897933945059776,0.00729040103033185,0.002430133754387498,0.010328068397939205,0.007897933945059776,0.005467800889164209,0.011543135158717632,0.00729040103033185,0.0066828676499426365,0.006075334269553423
0.0,0.0003691399178933352,0.0007382798357866704,0.010335917584598064,0.027316352352499962,0.016980435699224472,0.016980435699224472,0.018087854608893394,0.01550387591123581,0.017718715593218803,0.011443337425589561,0.011074197478592396,0.011074197478592396,0.014027316123247147,0.012550756335258484,0.01550387591123581,0.013658176176249981,0.012181616388261318,0.01587301678955555,0.01587301678955555,0.009597637690603733,0.010335917584598064,0.011443337425589561,0.011443337425589561,0.015134735964238644,0.012181616388261318,0.018826134502887726,0.010335917584598064,0.01587301678955555,0.01070505753159523,0.007013658061623573,0.01070505753159523,0.009966777637600899,0.009597637690603733,0.011443337425589561,0.008490217849612236,0.011074197478592396,0.012550756335258484,0.007382798008620739,0.009228497743606567,0.009597637690603733,0.011074197478592396,0.009228497743606567,0.010335917584598064,0.010335917584598064,0.008490217849612236,0.006644518114626408,0.006275378167629242,0.014765596017241478,0.007382798008620739,0.01070505753159523,0.009966777637600899,0.012181616388261318,0.009597637690603733,0.009228497743606567,0.01070505753159523,0.013658176176249981,0.01070505753159523,0.009597637690603733,0.006644518114626408,0.007013658061623573,0.012181616388261318,0.01070505753159523,0.007382798008620739,0.008490217849612236,0.008859357796609402,0.005167958792299032,0.009966777637600899,0.005906238686293364,0.00812107790261507,0.010335917584598064,0.007751937955617905,0.007382798008620739,0.011074197478592396,0.008490217849612236,0.007382798008620739,0.006644518114626408,0.008859357796609402,0.007013658061623573,0.007751937955617905,0.0047988188453018665,0.007382798008620739,0.0047988188453018665,0.00812107790261507,0.009228497743606567,0.007382798008620739,0.008490217849612236,0.00812107790261507,0.011812477372586727,0.007751937955617905,0.007013658061623573,0.011443337425589561,0.007751937955617905,0.00812107790261507,0.006275378167629242,0.00812107790261507,0.00812107790261507,0.007013658061623573,0.007751937955617905,0.006275378167629242
0.0,0.005614473018795252,0.010605115443468094,0.015595758333802223,0.016843417659401894,0.009357455186545849,0.014971927739679813,0.013100436888635159,0.011852775700390339,0.00810979399830103,0.013100436888635159,0.013100436888635159,0.005614473018795252,0.018091078847646713,0.014348097145557404,0.008733624592423439,0.013724266551434994,0.009981284849345684,0.018714910373091698,0.011852775700390339,0.014348097145557404,0.010605115443468094,0.011852775700390339,0.008733624592423439,0.014348097145557404,0.013100436888635159,0.013724266551434994,0.008733624592423439,0.010605115443468094,0.008733624592423439,0.014971927739679813,0.00810979399830103,0.008733624592423439,0.016843417659401894,0.012476606294512749,0.009981284849345684,0.018091078847646713,0.006238303147256374,0.013724266551434994,0.007485963869839907,0.013724266551434994,0.012476606294512749,0.00810979399830103,0.012476606294512749,0.011228946037590504,0.007485963869839907,0.010605115443468094,0.014348097145557404,0.015595758333802223,0.009357455186545849,0.006238303147256374,0.009357455186545849,0.010605115443468094,0.011852775700390339,0.013100436888635159,0.008733624592423439,0.012476606294512749,0.00810979399830103,0.006862133275717497,0.008733624592423439,0.00810979399830103,0.013100436888635159,0.010605115443468094,0.004990642424672842,0.004990642424672842,0.009357455186545849,0.007485963869839907,0.007485963869839907,0.008733624592423439,0.00810979399830103,0.004990642424672842,0.006238303147256374,0.013724266551434994,0.006238303147256374,0.005614473018795252,0.00810979399830103,0.005614473018795252,0.006862133275717497,0.006238303147256374,0.009357455186545849,0.006238303147256374,0.008733624592423439,0.011852775700390339,0.010605115443468094,0.009981284849345684,0.005614473018795252,0.011228946037590504,0.006238303147256374,0.006238303147256374,0.010605115443468094,0.005614473018795252,0.004990642424672842,0.00810979399830103,0.00810979399830103,0.008733624592423439,0.013100436888635159,0.009357455186545849,0.004990642424672842,0.007485963869839907,0.009981284849345684
0.0,0.005125919356942177,0.018052151426672935,0.013817695900797844,0.015600623562932014,0.01448629330843687,0.013149097561836243,0.013594829477369785,0.011589035391807556,0.01470915973186493,0.01470915973186493,0.016269221901893616,0.013594829477369785,0.0127033656463027,0.0127033656463027,0.01181190088391304,0.012257632799446583,0.010028972290456295,0.013149097561836243,0.013149097561836243,0.012034767307341099,0.012926231138408184,0.010251838713884354,0.009806106798350811,0.012034767307341099,0.01470915973186493,0.00913750845938921,0.0127033656463027,0.01181190088391304,0.011589035391807556,0.014040561392903328,0.01470915973186493,0.012034767307341099,0.009806106798350811,0.010028972290456295,0.01448629330843687,0.009583240374922752,0.010697570629417896,0.011589035391807556,0.010920437052845955,0.011366168968379498,0.010920437052845955,0.011366168968379498,0.010474705137312412,0.00824604369699955,0.007131713908165693,0.012034767307341099,0.009806106798350811,0.008468910120427608,0.011366168968379498,0.011589035391807556,0.009583240374922752,0.007577445823699236,0.010251838713884354,0.008914642035961151,0.010474705137312412,0.009360373951494694,0.009806106798350811,0.010474705137312412,0.010697570629417896,0.009360373951494694,0.006017383653670549,0.008023178204894066,0.008914642035961151,0.009583240374922752,0.011143302544951439,0.006908847950398922,0.006685981526970863,0.010028972290456295,0.007131713908165693,0.00913750845938921,0.006685981526970863,0.00913750845938921,0.006685981526970863,0.006017383653670549,0.010028972290456295,0.008468910120427608,0.009360373951494694,0.008023178204894066,0.00824604369699955,0.007800311781466007,0.006017383653670549,0.008914642035961151,0.008691776543855667,0.007131713908165693,0.006908847950398922,0.008914642035961151,0.006240249611437321,0.008914642035961151,0.007800311781466007,0.007800311781466007,0.007354579865932465,0.007577445823699236,0.007577445823699236,0.008023178204894066,0.006463115569204092,0.007131713908165693,0.006017383653670549,0.005794517695903778,0.008023178204894066
0.0,0.006785411387681961,0.013570822775363922,0.01229855790734291,0.01781170442700386,0.011874469928443432,0.013146734796464443,0.01060220506042242,0.013570822775363922,0.010178117081522942,0.0110262930393219,0.016115352511405945,0.009754029102623463,0.01229855790734291,0.014843087643384933,0.0110262930393219,0.016963528469204903,0.011450381949543953,0.01060220506042242,0.013994910754263401,0.009754029102623463,0.008481764234602451,0.013146734796464443,0.011450381949543953,0.015267175622284412,0.0110262930393219,0.011450381949543953,0.006785411387681961,0.011450381949543953,0.013570822775363922,0.0110262930393219,0.008481764234602451,0.008057676255702972,0.013570822775363922,0.009754029102623463,0.007633587811142206,0.0110262930393219,0.005937234964221716,0.01272264588624239,0.011874469928443432,0.0110262930393219,0.009754029102623463,0.00932994019240141,0.0110262930393219,0.00890585221350193,0.01272264588624239,0.00932994019240141,0.006361322943121195,0.008057676255702972,0.0110262930393219,0.005937234964221716,0.0110262930393219,0.00932994019240141,0.01229855790734291,0.00932994019240141,0.006361322943121195,0.009754029102623463,0.01272264588624239,0.008057676255702972,0.00890585221350193,0.007633587811142206,0.01060220506042242,0.00932994019240141,0.011450381949543953,0.00720949936658144,0.00890585221350193,0.011450381949543953,0.014843087643384933,0.009754029102623463,0.008481764234602451,0.0110262930393219,0.008057676255702972,0.0110262930393219,0.00720949936658144,0.010178117081522942,0.010178117081522942,0.011874469928443432,0.00890585221350193,0.003816793905571103,0.00932994019240141,0.009754029102623463,0.005937234964221716,0.00890585221350193,0.0110262930393219,0.010178117081522942,0.00551314651966095,0.010178117081522942,0.006361322943121195,0.004664970096200705,0.006785411387681961,0.007633587811142206,0.0110262930393219,0.006361322943121195,0.009754029102623463,0.007633587811142206,0.00932994019240141,0.00932994019240141,0.00890585221350193,0.010178117081522942,0.007633587811142206
0.0,0.010398613288998604,0.01603119634091854,0.015164644457399845,0.017764298245310783,0.012564991600811481,0.012564991600811481,0.013648180291056633,0.01191507838666439,0.01191507838666439,0.012348353862762451,0.013648180291056633,0.013648180291056633,0.011265164241194725,0.014081455767154694,0.00801559817045927,0.013864818029105663,0.011048526503145695,0.012348353862762451,0.014298093505203724,0.014081455767154694,0.014298093505203724,0.01169844064861536,0.012348353862762451,0.013864818029105663,0.011265164241194725,0.012564991600811481,0.010398613288998604,0.012131716124713421,0.010831888765096664,0.012998267076909542,0.013214904814958572,0.008882149122655392,0.012348353862762451,0.01169844064861536,0.010181975550949574,0.0075823222286999226,0.01191507838666439,0.011265164241194725,0.011265164241194725,0.01191507838666439,0.010181975550949574,0.012564991600811481,0.009532062336802483,0.008665511384606361,0.010615251027047634,0.010831888765096664,0.010181975550949574,0.010615251027047634,0.012348353862762451,0.012781629338860512,0.0082322359085083,0.008665511384606361,0.007365684490650892,0.0075823222286999226,0.009748700074851513,0.008665511384606361,0.012131716124713421,0.00801559817045927,0.008665511384606361,0.007365684490650892,0.010398613288998604,0.010831888765096664,0.011265164241194725,0.00801559817045927,0.008882149122655392,0.0056325821205973625,0.008665511384606361,0.010181975550949574,0.010398613288998604,0.009748700074851513,0.006499133538454771,0.008882149122655392,0.008448873646557331,0.00801559817045927,0.006499133538454771,0.009315424598753452,0.0075823222286999226,0.004766031168401241,0.006715771276503801,0.00801559817045927,0.010615251027047634,0.008448873646557331,0.007365684490650892,0.006932409014552832,0.0075823222286999226,0.007149046752601862,0.007798959966748953,0.0075823222286999226,0.0082322359085083,0.0082322359085083,0.005199306644499302,0.006932409014552832,0.0075823222286999226,0.006499133538454771,0.006715771276503801,0.0075823222286999226,0.007365684490650892,0.006715771276503801,0.008665511384606361
0.0,0.008823110722005367,0.015369289554655552,0.016650063917040825,0.01679237186908722,0.014088516123592854,0.016650063917040825,0.016223140060901642,0.012380816973745823,0.014230824075639248,0.0160808302462101,0.0160808302462101,0.01579621434211731,0.01309235766530037,0.012950049713253975,0.014942364767193794,0.01380389928817749,0.012380816973745823,0.014230824075639248,0.011526967398822308,0.012238509021699429,0.01380389928817749,0.013946207240223885,0.012523124925792217,0.011526967398822308,0.013946207240223885,0.011811584234237671,0.00939234346151352,0.014230824075639248,0.00910772755742073,0.01209620013833046,0.011953892186284065,0.011669275350868702,0.010673117823898792,0.010815425775945187,0.011242350563406944,0.011669275350868702,0.01309235766530037,0.011811584234237671,0.008538494817912579,0.012523124925792217,0.010673117823898792,0.01110004261136055,0.010673117823898792,0.010673117823898792,0.010815425775945187,0.008823110722005367,0.00839618593454361,0.009676960296928883,0.009676960296928883,0.010957734659314156,0.007684644777327776,0.009676960296928883,0.009250035509467125,0.01010388508439064,0.010673117823898792,0.010530809871852398,0.011384659446775913,0.008253877982497215,0.0074000284075737,0.007969261147081852,0.00910772755742073,0.009961577132344246,0.007969261147081852,0.008965418674051762,0.009961577132344246,0.007257719989866018,0.009676960296928883,0.007257719989866018,0.008823110722005367,0.008111570030450821,0.008111570030450821,0.007542336825281382,0.008253877982497215,0.007826953195035458,0.007115412037819624,0.006973103620111942,0.009961577132344246,0.005834637675434351,0.007826953195035458,0.007257719989866018,0.006688487250357866,0.0074000284075737,0.006119254510849714,0.007826953195035458,0.006119254510849714,0.00640387088060379,0.006973103620111942,0.005407712887972593,0.005834637675434351,0.006546178832650185,0.005123096518218517,0.006973103620111942,0.005692329723387957,0.005407712887972593,0.007115412037819624,0.006546178832650185,0.006688487250357866,0.005976946093142033,0.006261562462896109
0.0,0.010782199911773205,0.020388159900903702,0.015095079317688942,0.017447559162974358,0.013918839395046234,0.01587923988699913,0.01685944013297558,0.01607527956366539,0.017839638516306877,0.012938639149069786,0.011370319873094559,0.012546559795737267,0.014310919679701328,0.015095079317688942,0.014506959356367588,0.014310919679701328,0.013722799718379974,0.012938639149069786,0.014899039641022682,0.01058615930378437,0.011370319873094559,0.01352675911039114,0.011958439834415913,0.013918839395046234,0.012742599472403526,0.01333071943372488,0.008037639781832695,0.009017840027809143,0.012350519187748432,0.009801999665796757,0.007645559497177601,0.012742599472403526,0.012546559795737267,0.01039011962711811,0.010194079950451851,0.012350519187748432,0.011958439834415913,0.010978239588439465,0.011566359549760818,0.011566359549760818,0.01058615930378437,0.009213879704475403,0.007841600105166435,0.010194079950451851,0.01058615930378437,0.008821799419820309,0.008821799419820309,0.007841600105166435,0.009017840027809143,0.010782199911773205,0.009605959989130497,0.007841600105166435,0.011958439834415913,0.009213879704475403,0.009605959989130497,0.010978239588439465,0.009998039342463017,0.007449519820511341,0.007057439535856247,0.010194079950451851,0.008233679458498955,0.007449519820511341,0.008821799419820309,0.009605959989130497,0.01039011962711811,0.007645559497177601,0.009605959989130497,0.007645559497177601,0.007841600105166435,0.005685159936547279,0.008233679458498955,0.010194079950451851,0.007645559497177601,0.008233679458498955,0.008821799419820309,0.007841600105166435,0.00842972006648779,0.005881199613213539,0.009605959989130497,0.005685159936547279,0.008625759743154049,0.007253479678183794,0.006273279897868633,0.006469319574534893,0.009605959989130497,0.004900999832898378,0.006273279897868633,0.009017840027809143,0.006273279897868633,0.006469319574534893,0.007841600105166435,0.006469319574534893,0.00666535971686244,0.007253479678183794,0.0050970399752259254,0.005685159936547279,0.006861399859189987,0.004704959690570831,0.007645559497177601
0.0,0.011922754347324371,0.019647354260087013,0.01628883369266987,0.016624685376882553,0.016456758603453636,0.015785055235028267,0.01528127584606409,0.014945424161851406,0.013266162946820259,0.015449202619493008,0.01561712846159935,0.015785055235028267,0.012090680189430714,0.014609571546316147,0.013434088788926601,0.012762384489178658,0.01376994140446186,0.009907640516757965,0.014105793088674545,0.010075566358864307,0.014441645704209805,0.012258606031537056,0.011754827573895454,0.012930310331285,0.012762384489178658,0.014105793088674545,0.012258606031537056,0.010915197432041168,0.010411418974399567,0.009403862059116364,0.014777498319745064,0.009907640516757965,0.012930310331285,0.010411418974399567,0.00957178883254528,0.012090680189430714,0.012090680189430714,0.010915197432041168,0.010243493132293224,0.010243493132293224,0.010243493132293224,0.013434088788926601,0.010411418974399567,0.00957178883254528,0.007556675001978874,0.008396306075155735,0.01141897588968277,0.011586901731789112,0.011922754347324371,0.007892527617514133,0.011251049116253853,0.008900083601474762,0.008060453459620476,0.009068010374903679,0.01108312327414751,0.009907640516757965,0.009739714674651623,0.007556675001978874,0.008060453459620476,0.00957178883254528,0.008900083601474762,0.011251049116253853,0.00873215775936842,0.009403862059116364,0.007556675001978874,0.004869857337325811,0.008060453459620476,0.007388749159872532,0.009235936217010021,0.007556675001978874,0.006549118552356958,0.007724601309746504,0.00688497070223093,0.007220822852104902,0.007724601309746504,0.006717044394463301,0.00873215775936842,0.005709487944841385,0.005709487944841385,0.008228379301726818,0.007724601309746504,0.007556675001978874,0.007220822852104902,0.00688497070223093,0.008060453459620476,0.007556675001978874,0.007388749159872532,0.007724601309746504,0.00688497070223093,0.006381192244589329,0.00688497070223093,0.004030226729810238,0.005373635794967413,0.005877413786947727,0.006213265936821699,0.00688497070223093,0.006045340094715357,0.006045340094715357,0.007220822852104902
0.0,0.014026402495801449,0.028052804991602898,0.024339934810996056,0.018564356490969658,0.013820132240653038,0.016707921400666237,0.01608910970389843,0.014232673682272434,0.019801979884505272,0.015057755634188652,0.016295379027724266,0.01608910970389843,0.012376237660646439,0.016707921400666237,0.012169967405498028,0.015264026820659637,0.013613861054182053,0.012995049357414246,0.013820132240653038,0.013613861054182053,0.011138614267110825,0.012169967405498028,0.01794554479420185,0.01093234308063984,0.01258250791579485,0.011344884522259235,0.00948844850063324,0.012169967405498028,0.009900989942252636,0.009900989942252636,0.009900989942252636,0.009282178245484829,0.010107261128723621,0.01093234308063984,0.01093234308063984,0.009282178245484829,0.010519801639020443,0.012376237660646439,0.008869636803865433,0.009900989942252636,0.010519801639020443,0.008044554851949215,0.007632013410329819,0.008457095362246037,0.013201320543885231,0.008250825107097626,0.00783828366547823,0.008457095362246037,0.008457095362246037,0.00783828366547823,0.009694719687104225,0.010107261128723621,0.008869636803865433,0.00948844850063324,0.007425742689520121,0.008044554851949215,0.01093234308063984,0.008250825107097626,0.00948844850063324,0.006188118830323219,0.007632013410329819,0.008250825107097626,0.008869636803865433,0.008044554851949215,0.007425742689520121,0.00783828366547823,0.008044554851949215,0.008869636803865433,0.00948844850063324,0.008457095362246037,0.008869636803865433,0.008663366548717022,0.005775577388703823,0.006394389551132917,0.00948844850063324,0.006188118830323219,0.008250825107097626,0.008457095362246037,0.006806930527091026,0.005156765691936016,0.004950494971126318,0.007425742689520121,0.0066006602719426155,0.008663366548717022,0.0072194719687104225,0.008250825107097626,0.0072194719687104225,0.005775577388703823,0.0037128713447600603,0.0037128713447600603,0.005569307133555412,0.006188118830323219,0.009282178245484829,0.008044554851949215,0.0066006602719426155,0.006806930527091026,0.005156765691936016,0.006394389551132917,0.004950494971126318
0.0,0.007550644688308239,0.017311234027147293,0.013627992942929268,0.013812154531478882,0.01565377600491047,0.016390424221754074,0.015837937593460083,0.010681400075554848,0.013075506314635277,0.013259668834507465,0.014548802748322487,0.01104972418397665,0.012707182206213474,0.012707182206213474,0.014364641159772873,0.012891344726085663,0.012707182206213474,0.012338858097791672,0.01104972418397665,0.011233885772526264,0.011602209880948067,0.01252302061766386,0.011418048292398453,0.01104972418397665,0.011418048292398453,0.014548802748322487,0.01399631705135107,0.01197053398936987,0.010681400075554848,0.01252302061766386,0.013812154531478882,0.011786372400820255,0.011233885772526264,0.0071823205798864365,0.011786372400820255,0.010681400075554848,0.009392265230417252,0.012707182206213474,0.010128913447260857,0.008287292905151844,0.010128913447260857,0.012338858097791672,0.009208102710545063,0.009944750927388668,0.009208102710545063,0.01049723755568266,0.010865561664104462,0.011602209880948067,0.010128913447260857,0.010681400075554848,0.009576426818966866,0.01049723755568266,0.011233885772526264,0.012338858097791672,0.00883977860212326,0.00773480674251914,0.008655617013573647,0.010681400075554848,0.008103130385279655,0.007918968796730042,0.009023941121995449,0.009944750927388668,0.010313075967133045,0.009760589338839054,0.008655617013573647,0.006445672363042831,0.009392265230417252,0.008471454493701458,0.010128913447260857,0.010128913447260857,0.009576426818966866,0.006813996471464634,0.009760589338839054,0.008103130385279655,0.00883977860212326,0.007366482634097338,0.006998158525675535,0.01049723755568266,0.006445672363042831,0.006629834417253733,0.008655617013573647,0.006077348254621029,0.006077348254621029,0.009392265230417252,0.00773480674251914,0.00626151030883193,0.00626151030883193,0.006629834417253733,0.008103130385279655,0.008103130385279655,0.006629834417253733,0.006629834417253733,0.006998158525675535,0.008287292905151844,0.008103130385279655,0.004972375463694334,0.008655617013573647,0.0046040513552725315,0.006813996471464634
0.0,0.03012181632220745,0.048947952687740326,0.036323364824056625,0.03100775182247162,0.024363232776522636,0.028349945321679115,0.023698782548308372,0.022369878366589546,0.022369878366589546,0.01860465109348297,0.01860465109348297,0.02104097418487072,0.016168328002095222,0.016168328002095222,0.012846068479120731,0.012403100728988647,0.013289036229252815,0.014617940410971642,0.01129568088799715,0.010409745387732983,0.012181616388261318,0.01151716522872448,0.00974529329687357,0.014839423820376396,0.009523809887468815,0.009966777637600899,0.009966777637600899,0.009080841206014156,0.009302325546741486,0.008637873455882072,0.009302325546741486,0.010188261047005653,0.007087486330419779,0.009966777637600899,0.009966777637600899,0.008637873455882072,0.009302325546741486,0.008637873455882072,0.009302325546741486,0.009080841206014156,0.007308970205485821,0.00974529329687357,0.006644518114626408,0.00686600198969245,0.008859357796609402,0.007087486330419779,0.007530454080551863,0.006423034239560366,0.00686600198969245,0.008194905705749989,0.007087486330419779,0.006423034239560366,0.005094130523502827,0.008194905705749989,0.007308970205485821,0.005537098739296198,0.005537098739296198,0.006201550364494324,0.006644518114626408,0.006423034239560366,0.007751937955617905,0.007308970205485821,0.007087486330419779,0.006644518114626408,0.007530454080551863,0.006201550364494324,0.007087486330419779,0.005315614398568869,0.005094130523502827,0.008194905705749989,0.00686600198969245,0.006644518114626408,0.007973422296345234,0.006201550364494324,0.00575858261436224,0.005315614398568869,0.005094130523502827,0.004429678898304701,0.00686600198969245,0.005980066489428282,0.00575858261436224,0.005315614398568869,0.004651162773370743,0.006201550364494324,0.007973422296345234,0.005315614398568869,0.00575858261436224,0.004208195023238659,0.006423034239560366,0.003100775182247162,0.005315614398568869,0.006201550364494324,0.005315614398568869,0.005980066489428282,0.004208195023238659,0.0037652270402759314,0.005980066489428282,0.005094130523502827,0.004872646648436785
0.0,0.011205846443772316,0.018757613375782967,0.020706456154584885,0.021071864292025566,0.015225335024297237,0.016565164551138878,0.01705237478017807,0.01461632177233696,0.01741778291761875,0.016077954322099686,0.015225335024297237,0.015103532001376152,0.013885505497455597,0.015590743161737919,0.014372716657817364,0.013763702474534512,0.014250913634896278,0.016443362459540367,0.014372716657817364,0.014494518749415874,0.014372716657817364,0.014981729909777641,0.013520097360014915,0.014129110611975193,0.012911084108054638,0.014129110611975193,0.01096224132925272,0.011205846443772316,0.010231425054371357,0.01108404342085123,0.01108404342085123,0.011449451558291912,0.01230207085609436,0.012789281085133553,0.00962241180241108,0.010718636214733124,0.01096224132925272,0.011693057604134083,0.010353228077292442,0.009744214825332165,0.01096224132925272,0.008891595527529716,0.009866016916930676,0.013154689222574234,0.009500608779489994,0.007795371580868959,0.008404385298490524,0.00998781993985176,0.00962241180241108,0.009866016916930676,0.010840438306331635,0.008526187390089035,0.009257003664970398,0.007186358328908682,0.010353228077292442,0.007795371580868959,0.009744214825332165,0.008282582275569439,0.007551766000688076,0.008769792504608631,0.006455542054027319,0.008038977161049843,0.007917174138128757,0.007917174138128757,0.008769792504608631,0.007551766000688076,0.007551766000688076,0.007429963443428278,0.0062119364738464355,0.0070645553059875965,0.008526187390089035,0.00864799041301012,0.0070645553059875965,0.0069427527487277985,0.007673569023609161,0.005602923221886158,0.007186358328908682,0.0051157125271856785,0.006333739496767521,0.006455542054027319,0.008282582275569439,0.0070645553059875965,0.0069427527487277985,0.0062119364738464355,0.0070645553059875965,0.0069427527487277985,0.006577344611287117,0.005602923221886158,0.006699147168546915,0.007186358328908682,0.0052375150844454765,0.004384896252304316,0.004872107412666082,0.005602923221886158,0.004628501832485199,0.005602923221886158,0.00548112066462636,0.0052375150844454765,0.0051157125271856785
0.0,0.02865329571068287,0.06237601861357689,0.04584527388215065,0.03967379406094551,0.02953493408858776,0.024685915559530258,0.024685915559530258,0.02865329571068287,0.02137976698577404,0.0202777162194252,0.022040996700525284,0.020718537271022797,0.015869516879320145,0.016089927405118942,0.012342957779765129,0.014106237329542637,0.013885827735066414,0.01278377790004015,0.014106237329542637,0.01278377790004015,0.01278377790004015,0.012122548185288906,0.009036808274686337,0.011902137659490108,0.009477628394961357,0.0101388581097126,0.007934758439660072,0.009477628394961357,0.00815516896545887,0.008375578559935093,0.006612299010157585,0.008375578559935093,0.008816398680210114,0.0070531186647713184,0.009036808274686337,0.008595988154411316,0.005951068829745054,0.008375578559935093,0.007934758439660072,0.0068327090702950954,0.009257218800485134,0.0061714788898825645,0.007934758439660072,0.007273528724908829,0.008816398680210114,0.0070531186647713184,0.006391888950020075,0.007934758439660072,0.0061714788898825645,0.007273528724908829,0.0050694290548563,0.007934758439660072,0.00484901899471879,0.008595988154411316,0.005951068829745054,0.008375578559935093,0.006612299010157585,0.006391888950020075,0.0050694290548563,0.0061714788898825645,0.0061714788898825645,0.004408199340105057,0.007493938785046339,0.0068327090702950954,0.00484901899471879,0.0061714788898825645,0.009257218800485134,0.0035265593323856592,0.0068327090702950954,0.0041877892799675465,0.0061714788898825645,0.005951068829745054,0.0068327090702950954,0.00484901899471879,0.006391888950020075,0.0041877892799675465,0.007273528724908829,0.004408199340105057,0.006391888950020075,0.0050694290548563,0.0035265593323856592,0.005951068829745054,0.004408199340105057,0.0028653296176344156,0.005289839114993811,0.005510249175131321,0.0041877892799675465,0.005510249175131321,0.0035265593323856592,0.005510249175131321,0.0050694290548563,0.004408199340105057,0.0041877892799675465,0.005730659235268831,0.0033061495050787926,0.003967379219830036,0.0037469693925231695,0.004628609400242567,0.004628609400242567
0.0,0.01488404255360365,0.020306911319494247,0.021922234445810318,0.020076150074601173,0.019499249756336212,0.01788392663002014,0.019153108820319176,0.015922464430332184,0.01892234943807125,0.01488404255360365,0.01626860536634922,0.013730240985751152,0.017076266929507256,0.01626860536634922,0.015460943803191185,0.01315334066748619,0.012345679104328156,0.013961001299321651,0.01315334066748619,0.012576439417898655,0.014076381921768188,0.013499480672180653,0.013037960045039654,0.012691819109022617,0.010268835350871086,0.01153801754117012,0.010961117222905159,0.01338410098105669,0.010038075037300587,0.01153801754117012,0.011884158477187157,0.01176877785474062,0.010845736600458622,0.008768893778324127,0.009576554410159588,0.01153801754117012,0.010614976286888123,0.009115033783018589,0.009691935032606125,0.009922695346176624,0.012230298481881618,0.01130725722759962,0.01049959659576416,0.009691935032606125,0.00865351315587759,0.010268835350871086,0.009461174719035625,0.009922695346176624,0.010038075037300587,0.009691935032606125,0.008768893778324127,0.01073035690933466,0.009230414405465126,0.008191992528736591,0.008538133464753628,0.00888427346944809,0.007384331431239843,0.00842275284230709,0.009461174719035625,0.008999654091894627,0.00865351315587759,0.0059997690841555595,0.009115033783018589,0.006345909554511309,0.007499711588025093,0.006115149240940809,0.006576670333743095,0.008076612837612629,0.00865351315587759,0.006692050490528345,0.006692050490528345,0.007961232215166092,0.00565362861379981,0.007499711588025093,0.006692050490528345,0.006807430647313595,0.007961232215166092,0.007384331431239843,0.007615091744810343,0.00588438892737031,0.006345909554511309,0.008191992528736591,0.005422868300229311,0.0059997690841555595,0.005538248457014561,0.006115149240940809,0.00565362861379981,0.005076727829873562,0.0069228108040988445,0.004730587359517813,0.007268951274454594,0.00576900877058506,0.004615207202732563,0.006115149240940809,0.006461290176957846,0.005192107986658812,0.00588438892737031,0.006461290176957846,0.00576900877058506
0.0,0.058311574161052704,0.08326080441474915,0.06324339658021927,0.05163910612463951,0.03336234390735626,0.031621698290109634,0.03481288254261017,0.03104148618876934,0.02494923211634159,0.025819553062319756,0.015375688672065735,0.019147085025906563,0.01653611846268177,0.020017405971884727,0.0121845081448555,0.014215259812772274,0.010733971372246742,0.013054830022156239,0.014505366794764996,0.010733971372246742,0.008413112722337246,0.009283434599637985,0.008703220635652542,0.008703220635652542,0.011024079285562038,0.009573542512953281,0.005802146624773741,0.007542790845036507,0.0063823615200817585,0.00609225407242775,0.008993327617645264,0.006962575949728489,0.0063823615200817585,0.005802146624773741,0.0049318247474730015,0.004641717299818993,0.00609225407242775,0.005512039642781019,0.007832897827029228,0.007252683397382498,0.006962575949728489,0.005802146624773741,0.006672468967735767,0.0029010733123868704,0.006672468967735767,0.008123005740344524,0.006672468967735767,0.0034812879748642445,0.0029010733123868704,0.004351610317826271,0.004061502870172262,0.005802146624773741,0.005802146624773741,0.005512039642781019,0.004061502870172262,0.004061502870172262,0.0063823615200817585,0.0063823615200817585,0.004641717299818993,0.0031911807600408792,0.0063823615200817585,0.0049318247474730015,0.004061502870172262,0.0037713954225182533,0.00522193219512701,0.007832897827029228,0.005512039642781019,0.0049318247474730015,0.0034812879748642445,0.004061502870172262,0.0034812879748642445,0.0049318247474730015,0.006962575949728489,0.005512039642781019,0.0049318247474730015,0.0037713954225182533,0.004061502870172262,0.005512039642781019,0.00609225407242775,0.0037713954225182533,0.0037713954225182533,0.0023208586499094963,0.0034812879748642445,0.004641717299818993,0.0029010733123868704,0.0031911807600408792,0.0037713954225182533,0.002030751435086131,0.0023208586499094963,0.0031911807600408792,0.004061502870172262,0.0029010733123868704,0.004061502870172262,0.004061502870172262,0.0037713954225182533,0.004061502870172262,0.0037713954225182533,0.004351610317826271,0.0031911807600408792
0.0,0.018941672518849373,0.02585688605904579,0.022850271314382553,0.022098617628216743,0.01939266361296177,0.018039686605334282,0.021196631714701653,0.018039686605334282,0.018490679562091827,0.017739025875926018,0.01443174947053194,0.0162357185035944,0.01322910375893116,0.017288032919168472,0.013830427080392838,0.013529765419661999,0.011876127682626247,0.012627781368792057,0.014582080766558647,0.013529765419661999,0.012928443029522896,0.011876127682626247,0.01368009578436613,0.010974142700433731,0.01172579638659954,0.010372820310294628,0.012176789343357086,0.009921828284859657,0.010823812335729599,0.009921828284859657,0.010673481971025467,0.009621166624128819,0.011425135657191277,0.010673481971025467,0.010372820310294628,0.00977149698883295,0.01007215864956379,0.008719182573258877,0.009470836259424686,0.010372820310294628,0.01172579638659954,0.008719182573258877,0.01052315067499876,0.01127480436116457,0.009170174598693848,0.0081178592517972,0.009921828284859657,0.00661455187946558,0.00721587473526597,0.008268189616501331,0.007666867226362228,0.007065544370561838,0.00781719759106636,0.010974142700433731,0.006464221514761448,0.00781719759106636,0.00721587473526597,0.008869512937963009,0.007967528887093067,0.008719182573258877,0.007967528887093067,0.00736620556563139,0.007967528887093067,0.007516536395996809,0.009170174598693848,0.0081178592517972,0.0081178592517972,0.00781719759106636,0.0063138906843960285,0.006915213540196419,0.0063138906843960285,0.007516536395996809,0.00721587473526597,0.007516536395996809,0.004359591286629438,0.00856885127723217,0.009170174598693848,0.009019843302667141,0.008418520912528038,0.00736620556563139,0.0054119061678647995,0.007065544370561838,0.0063138906843960285,0.00586289819329977,0.00661455187946558,0.0081178592517972,0.006464221514761448,0.006464221514761448,0.00586289819329977,0.0054119061678647995,0.0045099216513335705,0.0054119061678647995,0.0054119061678647995,0.006464221514761448,0.00526157533749938,0.006163559854030609,0.00526157533749938,0.006464221514761448,0.00721587473526597
0.0,0.007480449043214321,0.013940836302936077,0.013940836302936077,0.011220673099160194,0.01326079573482275,0.011900713667273521,0.013940836302936077,0.015980958938598633,0.01224073488265276,0.011560693383216858,0.011220673099160194,0.015980958938598633,0.01224073488265276,0.01428085658699274,0.011560693383216858,0.017001019790768623,0.011560693383216858,0.011560693383216858,0.011560693383216858,0.008840530179440975,0.008840530179440975,0.010200612246990204,0.011560693383216858,0.010540632531046867,0.009520571678876877,0.011220673099160194,0.00714042829349637,0.011220673099160194,0.012580755166709423,0.012920775450766087,0.010540632531046867,0.01428085658699274,0.012920775450766087,0.01326079573482275,0.006460387725383043,0.008840530179440975,0.007820469327270985,0.010880652815103531,0.01224073488265276,0.008500509895384312,0.010880652815103531,0.009180550463497639,0.00986059196293354,0.010540632531046867,0.010880652815103531,0.008500509895384312,0.010540632531046867,0.01326079573482275,0.007820469327270985,0.007820469327270985,0.010880652815103531,0.01224073488265276,0.012580755166709423,0.008500509895384312,0.011900713667273521,0.010540632531046867,0.008840530179440975,0.007820469327270985,0.008500509895384312,0.010540632531046867,0.005780346691608429,0.008500509895384312,0.00612036744132638,0.009180550463497639,0.011900713667273521,0.00714042829349637,0.010200612246990204,0.00714042829349637,0.010880652815103531,0.00986059196293354,0.008500509895384312,0.008840530179440975,0.00986059196293354,0.007820469327270985,0.008160489611327648,0.014960898086428642,0.008840530179440975,0.009520571678876877,0.00986059196293354,0.00612036744132638,0.010540632531046867,0.008160489611327648,0.007480449043214321,0.010200612246990204,0.00612036744132638,0.007480449043214321,0.008160489611327648,0.0054403264075517654,0.00714042829349637,0.009520571678876877,0.008160489611327648,0.007820469327270985,0.006800408009439707,0.008500509895384312,0.010200612246990204,0.008160489611327648,0.008840530179440975,0.008840530179440975,0.008840530179440975
0.0,0.02069169469177723,0.0271947979927063,0.022169671952724457,0.028672775253653526,0.016553355380892754,0.015962162986397743,0.015075377188622952,0.01359739899635315,0.016553355380892754,0.018918119370937347,0.01684894971549511,0.01684894971549511,0.012415016070008278,0.01803133264183998,0.01005025114864111,0.017144545912742615,0.011823824606835842,0.012415016070008278,0.009459059685468674,0.009459059685468674,0.01625775918364525,0.010345847345888615,0.011232634074985981,0.009754655882716179,0.010937037877738476,0.012415016070008278,0.012415016070008278,0.009754655882716179,0.009754655882716179,0.008276677690446377,0.009459059685468674,0.009163464419543743,0.007685486227273941,0.010641442611813545,0.009459059685468674,0.008867869153618813,0.010345847345888615,0.011232634074985981,0.011823824606835842,0.008276677690446377,0.011528229340910912,0.008276677690446377,0.007389890495687723,0.010641442611813545,0.006798699498176575,0.009163464419543743,0.009459059685468674,0.009459059685468674,0.007981081493198872,0.009754655882716179,0.009459059685468674,0.007981081493198872,0.011232634074985981,0.005025125574320555,0.009163464419543743,0.006207508035004139,0.008867869153618813,0.009754655882716179,0.006207508035004139,0.008276677690446377,0.010937037877738476,0.005320721305906773,0.006207508035004139,0.008276677690446377,0.006503103766590357,0.009163464419543743,0.006798699498176575,0.010641442611813545,0.006798699498176575,0.007981081493198872,0.007685486227273941,0.007389890495687723,0.010641442611813545,0.009163464419543743,0.008572272956371307,0.008276677690446377,0.008276677690446377,0.007094295229762793,0.009459059685468674,0.008867869153618813,0.004433934576809406,0.007389890495687723,0.008276677690446377,0.0056163170374929905,0.005320721305906773,0.006503103766590357,0.006207508035004139,0.006798699498176575,0.007685486227273941,0.007094295229762793,0.006207508035004139,0.005025125574320555,0.006798699498176575,0.009163464419543743,0.005025125574320555,0.006207508035004139,0.008276677690446377,0.007981081493198872,0.005320721305906773
0.0,0.0092852134257555,0.01804484985768795,0.015942536294460297,0.01576734334230423,0.01226348988711834,0.015942536294460297,0.017694463953375816,0.015592151321470737,0.01576734334230423,0.01681850105524063,0.012964260764420033,0.01541695836931467,0.010511563159525394,0.013665031641721725,0.010511563159525394,0.016117729246616364,0.013314645737409592,0.015592151321470737,0.015066573396325111,0.0131394537165761,0.010686755180358887,0.014015416614711285,0.010861948132514954,0.007182901259511709,0.008759635500609875,0.009635599330067635,0.0131394537165761,0.010861948132514954,0.009810792282223701,0.014190609566867352,0.012613874860107899,0.011562719009816647,0.008759635500609875,0.009460406377911568,0.008058864623308182,0.0131394537165761,0.01016117725521326,0.010511563159525394,0.010861948132514954,0.01138752605766058,0.008058864623308182,0.01138752605766058,0.010511563159525394,0.0092852134257555,0.012438682839274406,0.008584442548453808,0.006832515820860863,0.008759635500609875,0.010686755180358887,0.011913103982806206,0.010336370207369328,0.012438682839274406,0.01103714108467102,0.010686755180358887,0.009460406377911568,0.00613174494355917,0.012438682839274406,0.0092852134257555,0.009810792282223701,0.01103714108467102,0.009110021404922009,0.008759635500609875,0.008234057575464249,0.009985984303057194,0.009810792282223701,0.008934828452765942,0.008759635500609875,0.008058864623308182,0.0092852134257555,0.008759635500609875,0.00613174494355917,0.007182901259511709,0.007708479184657335,0.007883671671152115,0.006657322868704796,0.008058864623308182,0.008934828452765942,0.007883671671152115,0.005255781579762697,0.008584442548453808,0.007708479184657335,0.008409250527620316,0.009110021404922009,0.007358093746006489,0.006832515820860863,0.007007708307355642,0.007533286698162556,0.006306937430053949,0.005781359504908323,0.004905396141111851,0.004555010702461004,0.006657322868704796,0.00613174494355917,0.006306937430053949,0.007182901259511709,0.007358093746006489,0.007708479184657335,0.006657322868704796,0.006306937430053949
0.0,0.007929356768727303,0.01315552368760109,0.015318075194954872,0.01459722500294447,0.012614885345101357,0.015858713537454605,0.014957649633288383,0.013876373879611492,0.015318075194954872,0.0127950981259346,0.01423679944127798,0.012434672564268112,0.01315552368760109,0.010992971248924732,0.015137862414121628,0.012614885345101357,0.014777437783777714,0.013335736468434334,0.012614885345101357,0.009731482714414597,0.01135339681059122,0.009551270864903927,0.010091908276081085,0.010992971248924732,0.010452333837747574,0.01027212105691433,0.009731482714414597,0.014056586660444736,0.013696161098778248,0.010452333837747574,0.011894035153090954,0.010632546618580818,0.012614885345101357,0.010992971248924732,0.01027212105691433,0.0127950981259346,0.012434672564268112,0.009551270864903927,0.009731482714414597,0.010091908276081085,0.009190845303237438,0.008289782330393791,0.0127950981259346,0.008650206960737705,0.010091908276081085,0.0072085061110556126,0.008469994179904461,0.0072085061110556126,0.01135339681059122,0.00883041974157095,0.009190845303237438,0.009010632522404194,0.010812759399414062,0.009911695495247841,0.012614885345101357,0.009371058084070683,0.01027212105691433,0.008650206960737705,0.01027212105691433,0.010812759399414062,0.00883041974157095,0.009551270864903927,0.008469994179904461,0.00883041974157095,0.008289782330393791,0.008289782330393791,0.010091908276081085,0.007388718891888857,0.009010632522404194,0.00883041974157095,0.007929356768727303,0.010632546618580818,0.010091908276081085,0.00883041974157095,0.008109569549560547,0.009371058084070683,0.007568931207060814,0.007388718891888857,0.009731482714414597,0.010992971248924732,0.007568931207060814,0.008289782330393791,0.008469994179904461,0.008650206960737705,0.006127230357378721,0.009190845303237438,0.007749143987894058,0.007929356768727303,0.007929356768727303,0.008289782330393791,0.006848080549389124,0.005406379699707031,0.005226166918873787,0.007388718891888857,0.006307442672550678,0.009010632522404194,0.006667868234217167,0.005947017576545477,0.008650206960737705
0.0,0.008066141977906227,0.01976204849779606,0.012099213898181915,0.012704174034297466,0.012704174034297466,0.015325670130550861,0.01673724502325058,0.011897560209035873,0.016132283955812454,0.00846944935619831,0.014519056305289268,0.014317402616143227,0.010485985316336155,0.011897560209035873,0.012502520345151424,0.013309135101735592,0.011695906519889832,0.010082677938044071,0.01310748141258955,0.01149425283074379,0.014115748926997185,0.013510788790881634,0.012099213898181915,0.01310748141258955,0.01310748141258955,0.012905827723443508,0.014115748926997185,0.012502520345151424,0.01149425283074379,0.010284331627190113,0.012905827723443508,0.010284331627190113,0.015930630266666412,0.01149425283074379,0.010284331627190113,0.011090945452451706,0.010687639005482197,0.013309135101735592,0.010284331627190113,0.010889291763305664,0.010889291763305664,0.008066141977906227,0.010687639005482197,0.009276064112782478,0.010082677938044071,0.009074410423636436,0.008267795667052269,0.011897560209035873,0.011090945452451706,0.011292599141597748,0.009679370559751987,0.009074410423636436,0.010284331627190113,0.009679370559751987,0.009276064112782478,0.008066141977906227,0.006856221240013838,0.00786448922008276,0.00988102424889803,0.009074410423636436,0.008066141977906227,0.008872756734490395,0.005847953259944916,0.00786448922008276,0.008066141977906227,0.009276064112782478,0.010485985316336155,0.008872756734490395,0.006856221240013838,0.008872756734490395,0.009276064112782478,0.009679370559751987,0.009276064112782478,0.011090945452451706,0.007259528152644634,0.009679370559751987,0.006049606949090958,0.008872756734490395,0.009074410423636436,0.00786448922008276,0.006856221240013838,0.008671103045344353,0.00786448922008276,0.008066141977906227,0.006452913861721754,0.007057874463498592,0.007662835065275431,0.007461181841790676,0.007461181841790676,0.008267795667052269,0.008671103045344353,0.008671103045344353,0.007461181841790676,0.007057874463498592,0.006452913861721754,0.006856221240013838,0.005041338969022036,0.005847953259944916,0.004839685279875994
0.0,0.007194244768470526,0.017471736297011375,0.016032887622714043,0.017471736297011375,0.013360739685595036,0.012127441354095936,0.013771839439868927,0.014388489536941051,0.010894142091274261,0.013771839439868927,0.014799589291214943,0.012127441354095936,0.013360739685595036,0.015621787868440151,0.013771839439868927,0.012949639931321144,0.009044193662703037,0.013566290028393269,0.01726618781685829,0.012127441354095936,0.010688591748476028,0.012538540177047253,0.01048304233700037,0.010688591748476028,0.013360739685595036,0.010277491994202137,0.009249743074178696,0.013360739685595036,0.009866392239928246,0.01048304233700037,0.015210689045488834,0.01048304233700037,0.01109969150274992,0.009660842828452587,0.011510791257023811,0.011305241845548153,0.012127441354095936,0.011716341599822044,0.009249743074178696,0.012127441354095936,0.008633093908429146,0.011921891011297703,0.012538540177047253,0.009866392239928246,0.011510791257023811,0.009249743074178696,0.009660842828452587,0.010277491994202137,0.011305241845548153,0.009660842828452587,0.011716341599822044,0.006783145014196634,0.008633093908429146,0.010071942582726479,0.008016443811357021,0.008427543565630913,0.009660842828452587,0.009249743074178696,0.00698869489133358,0.00698869489133358,0.010277491994202137,0.010688591748476028,0.010894142091274261,0.008427543565630913,0.009660842828452587,0.010277491994202137,0.010688591748476028,0.007194244768470526,0.008016443811357021,0.008838643319904804,0.007810893934220076,0.009249743074178696,0.007605344522744417,0.008633093908429146,0.004110997077077627,0.008016443811357021,0.009044193662703037,0.008633093908429146,0.009455292485654354,0.008838643319904804,0.008221994154155254,0.007605344522744417,0.007605344522744417,0.008016443811357021,0.009660842828452587,0.0073997946456074715,0.00698869489133358,0.006166495382785797,0.008016443811357021,0.005755395628511906,0.007810893934220076,0.0073997946456074715,0.00698869489133358,0.006372045259922743,0.005344295874238014,0.0073997946456074715,0.004933196119964123,0.006166495382785797,0.008016443811357021
0.0,0.010445299558341503,0.019791094586253166,0.016492579132318497,0.014293568208813667,0.014843320474028587,0.012644310481846333,0.013194062747061253,0.007696536369621754,0.010995051823556423,0.009345794096589088,0.013743815012276173,0.013194062747061253,0.011544805020093918,0.014293568208813667,0.009895547293126583,0.013194062747061253,0.013194062747061253,0.012644310481846333,0.008796041831374168,0.007146784104406834,0.014843320474028587,0.010995051823556423,0.009345794096589088,0.016492579132318497,0.014843320474028587,0.013194062747061253,0.009345794096589088,0.013743815012276173,0.009895547293126583,0.008796041831374168,0.012094557285308838,0.010445299558341503,0.008246289566159248,0.012094557285308838,0.012644310481846333,0.012644310481846333,0.010995051823556423,0.014843320474028587,0.010995051823556423,0.010445299558341503,0.012644310481846333,0.009895547293126583,0.007696536369621754,0.009345794096589088,0.012644310481846333,0.010445299558341503,0.014293568208813667,0.009345794096589088,0.009895547293126583,0.007146784104406834,0.008246289566159248,0.009895547293126583,0.008246289566159248,0.010445299558341503,0.013194062747061253,0.010445299558341503,0.006047278642654419,0.009345794096589088,0.007146784104406834,0.009345794096589088,0.009895547293126583,0.012094557285308838,0.006597031373530626,0.007146784104406834,0.010445299558341503,0.010995051823556423,0.007696536369621754,0.010445299558341503,0.007146784104406834,0.007146784104406834,0.009895547293126583,0.006597031373530626,0.009345794096589088,0.008796041831374168,0.008246289566159248,0.005497525911778212,0.006047278642654419,0.006597031373530626,0.005497525911778212,0.007696536369621754,0.010445299558341503,0.007146784104406834,0.007146784104406834,0.008246289566159248,0.008796041831374168,0.008246289566159248,0.010445299558341503,0.010445299558341503,0.005497525911778212,0.008246289566159248,0.007696536369621754,0.005497525911778212,0.009895547293126583,0.007146784104406834,0.006047278642654419,0.009895547293126583,0.005497525911778212,0.011544805020093918,0.008246289566159248
0.0,0.005498821847140789,0.010212097316980362,0.014139827340841293,0.01178318914026022,0.010997643694281578,0.012568735517561436,0.015710918232798576,0.012961508706212044,0.012568735517561436,0.013747054152190685,0.01178318914026022,0.01178318914026022,0.009819324128329754,0.01728201098740101,0.013747054152190685,0.012175962328910828,0.010997643694281578,0.011390415951609612,0.013747054152190685,0.014139827340841293,0.013354280963540077,0.01178318914026022,0.009819324128329754,0.012175962328910828,0.009819324128329754,0.010997643694281578,0.01060487050563097,0.012568735517561436,0.011390415951609612,0.01178318914026022,0.010997643694281578,0.010212097316980362,0.011390415951609612,0.005106048658490181,0.009033778682351112,0.009033778682351112,0.007855459116399288,0.013747054152190685,0.00942655187100172,0.01060487050563097,0.00942655187100172,0.009819324128329754,0.01060487050563097,0.009819324128329754,0.00942655187100172,0.014532600529491901,0.012175962328910828,0.007462686393409967,0.007855459116399288,0.010212097316980362,0.011390415951609612,0.006284367758780718,0.013354280963540077,0.009033778682351112,0.007855459116399288,0.009819324128329754,0.00942655187100172,0.012961508706212044,0.010997643694281578,0.007462686393409967,0.009819324128329754,0.010212097316980362,0.013747054152190685,0.010997643694281578,0.008248232305049896,0.008641005493700504,0.008248232305049896,0.010212097316980362,0.008641005493700504,0.007855459116399288,0.006677140481770039,0.010997643694281578,0.006284367758780718,0.008641005493700504,0.007462686393409967,0.008248232305049896,0.009033778682351112,0.007462686393409967,0.008248232305049896,0.005106048658490181,0.006284367758780718,0.009033778682351112,0.009819324128329754,0.010212097316980362,0.006677140481770039,0.006677140481770039,0.006677140481770039,0.008641005493700504,0.01060487050563097,0.011390415951609612,0.011390415951609612,0.00589159457013011,0.012175962328910828,0.009033778682351112,0.00942655187100172,0.009819324128329754,0.006284367758780718,0.006677140481770039,0.009819324128329754
0.0,0.006253908853977919,0.011569730937480927,0.015634771436452866,0.014071294106543064,0.008130080997943878,0.015009380877017975,0.015009380877017975,0.010006253607571125,0.011257035657763481,0.016260161995887756,0.01532207615673542,0.012195121496915817,0.01532207615673542,0.013445903547108173,0.012820512987673283,0.013133208267390728,0.012507817707955837,0.011257035657763481,0.011257035657763481,0.009380863048136234,0.012820512987673283,0.011882426217198372,0.00969355832785368,0.012507817707955837,0.01031894888728857,0.01469668559730053,0.010006253607571125,0.00969355832785368,0.011569730937480927,0.011257035657763481,0.010944340378046036,0.009068167768418789,0.00969355832785368,0.010006253607571125,0.00969355832785368,0.011257035657763481,0.009380863048136234,0.01063164509832859,0.010006253607571125,0.011882426217198372,0.012820512987673283,0.011569730937480927,0.011257035657763481,0.008442776277661324,0.009068167768418789,0.00969355832785368,0.008755472488701344,0.009380863048136234,0.011569730937480927,0.00969355832785368,0.008442776277661324,0.007817385718226433,0.011257035657763481,0.009068167768418789,0.011257035657763481,0.013133208267390728,0.009380863048136234,0.009380863048136234,0.010006253607571125,0.008755472488701344,0.011569730937480927,0.01031894888728857,0.01031894888728857,0.00969355832785368,0.009380863048136234,0.01031894888728857,0.006879299413412809,0.009068167768418789,0.007817385718226433,0.010006253607571125,0.01031894888728857,0.007191995158791542,0.00969355832785368,0.01063164509832859,0.009380863048136234,0.007504690438508987,0.010944340378046036,0.007817385718226433,0.008130080997943878,0.005941213108599186,0.007504690438508987,0.007191995158791542,0.011569730937480927,0.006253908853977919,0.008130080997943878,0.010006253607571125,0.008442776277661324,0.005315822549164295,0.008442776277661324,0.007817385718226433,0.005941213108599186,0.006566604133695364,0.005941213108599186,0.009068167768418789,0.008442776277661324,0.009380863048136234,0.007191995158791542,0.007817385718226433,0.008442776277661324
0.0,0.007554560899734497,0.014829322695732117,0.014549524523317814,0.014829322695732117,0.013989927247166634,0.012870732694864273,0.016228316351771355,0.01371012907475233,0.014829322695732117,0.014829322695732117,0.00895355362445116,0.010352546349167824,0.009792949073016644,0.013989927247166634,0.010912143625319004,0.014269725419580936,0.010352546349167824,0.00951315090060234,0.013430329971015453,0.009792949073016644,0.011751539073884487,0.01315053179860115,0.01203133724629879,0.016508113592863083,0.01203133724629879,0.01147173997014761,0.014269725419580936,0.010072747245430946,0.010072747245430946,0.01259093452244997,0.010352546349167824,0.01147173997014761,0.013989927247166634,0.009233351796865463,0.01259093452244997,0.00951315090060234,0.01147173997014761,0.011751539073884487,0.010632344521582127,0.009233351796865463,0.010632344521582127,0.010632344521582127,0.014549524523317814,0.008114158175885677,0.00839395634829998,0.00951315090060234,0.010632344521582127,0.010632344521582127,0.007554560899734497,0.012311136350035667,0.010072747245430946,0.010352546349167824,0.0078343590721488,0.008673754520714283,0.010632344521582127,0.007554560899734497,0.00951315090060234,0.00839395634829998,0.0078343590721488,0.009792949073016644,0.010072747245430946,0.01371012907475233,0.010912143625319004,0.00839395634829998,0.01259093452244997,0.010912143625319004,0.0078343590721488,0.006715164985507727,0.008673754520714283,0.007274762261658907,0.006715164985507727,0.008673754520714283,0.00895355362445116,0.007274762261658907,0.009233351796865463,0.009233351796865463,0.008673754520714283,0.010632344521582127,0.00895355362445116,0.0078343590721488,0.009233351796865463,0.00839395634829998,0.00447677681222558,0.006715164985507727,0.008114158175885677,0.006994963623583317,0.006994963623583317,0.007554560899734497,0.007554560899734497,0.00895355362445116,0.00839395634829998,0.0064353663474321365,0.00447677681222558,0.0078343590721488,0.008673754520714283,0.008673754520714283,0.007554560899734497,0.005875769536942244,0.0064353663474321365
0.0,0.008160042576491833,0.014214267022907734,0.011845222674310207,0.013161358423531055,0.015267175622284412,0.015267175622284412,0.017636220902204514,0.013687812723219395,0.017109766602516174,0.011845222674310207,0.011318768374621868,0.014214267022907734,0.011581995524466038,0.012898131273686886,0.01052908692508936,0.011055541224777699,0.011055541224777699,0.011581995524466038,0.012634904123842716,0.012371676973998547,0.014740721322596073,0.013951039873063564,0.010792314074933529,0.011055541224777699,0.01000263262540102,0.008949724026024342,0.012371676973998547,0.012108449824154377,0.008949724026024342,0.011055541224777699,0.013687812723219395,0.011055541224777699,0.008160042576491833,0.008686496876180172,0.012371676973998547,0.008949724026024342,0.010792314074933529,0.010792314074933529,0.01026585977524519,0.011318768374621868,0.008423269726336002,0.008949724026024342,0.012108449824154377,0.011318768374621868,0.016583312302827835,0.01026585977524519,0.00973940547555685,0.010792314074933529,0.012371676973998547,0.009212951175868511,0.010792314074933529,0.00947617832571268,0.00973940547555685,0.01052908692508936,0.009212951175868511,0.010792314074933529,0.009212951175868511,0.007633587811142206,0.008686496876180172,0.00973940547555685,0.008949724026024342,0.011055541224777699,0.008949724026024342,0.008949724026024342,0.0060542249120771885,0.007633587811142206,0.0060542249120771885,0.008686496876180172,0.00947617832571268,0.007896814495325089,0.006580679211765528,0.00973940547555685,0.011318768374621868,0.008423269726336002,0.00947617832571268,0.006843906361609697,0.009212951175868511,0.00947617832571268,0.010792314074933529,0.00526454346254468,0.006843906361609697,0.007633587811142206,0.005527770612388849,0.006843906361609697,0.007896814495325089,0.007107133511453867,0.007633587811142206,0.007107133511453867,0.008949724026024342,0.006843906361609697,0.01052908692508936,0.007633587811142206,0.008686496876180172,0.006580679211765528,0.01026585977524519,0.008423269726336002,0.007896814495325089,0.006580679211765528,0.007107133511453867
0.0,0.008998342789709568,0.015865499153733253,0.013734311796724796,0.01444470789283514,0.013971110805869102,0.014681505970656872,0.015865499153733253,0.01444470789283514,0.015628699213266373,0.01255031954497099,0.015628699213266373,0.013497513718903065,0.013260714709758759,0.015391901135444641,0.011603125371038914,0.012787118554115295,0.012313521467149258,0.012787118554115295,0.010655932128429413,0.014207908883690834,0.01183992438018322,0.010655932128429413,0.008761543780565262,0.01112952921539545,0.011366327293217182,0.010419133119285107,0.012076722458004951,0.010655932128429413,0.010655932128429413,0.008998342789709568,0.012787118554115295,0.008051148615777493,0.011603125371038914,0.008051148615777493,0.010655932128429413,0.010655932128429413,0.012313521467149258,0.009708737954497337,0.007577551528811455,0.010892730206251144,0.008287946693599224,0.009945536032319069,0.008051148615777493,0.01112952921539545,0.011366327293217182,0.010655932128429413,0.010655932128429413,0.00852474570274353,0.011366327293217182,0.013734311796724796,0.01255031954497099,0.010419133119285107,0.010655932128429413,0.00852474570274353,0.009945536032319069,0.009471938945353031,0.008287946693599224,0.008998342789709568,0.007814349606633186,0.010892730206251144,0.010182335041463375,0.010182335041463375,0.009471938945353031,0.008051148615777493,0.007577551528811455,0.0092351408675313,0.007814349606633186,0.009471938945353031,0.009945536032319069,0.009708737954497337,0.009471938945353031,0.009945536032319069,0.007814349606633186,0.009471938945353031,0.007577551528811455,0.009708737954497337,0.009708737954497337,0.00591996219009161,0.005683163646608591,0.007814349606633186,0.007577551528811455,0.009471938945353031,0.008051148615777493,0.008287946693599224,0.006156760733574629,0.006867155898362398,0.010182335041463375,0.006630357354879379,0.007814349606633186,0.009945536032319069,0.006393559277057648,0.00591996219009161,0.007103954441845417,0.007340752985328436,0.007577551528811455,0.007340752985328436,0.008051148615777493,0.00591996219009161,0.006156760733574629
0.0,0.009997222572565079,0.01666203886270523,0.016106637194752693,0.012218828313052654,0.014440433122217655,0.013607331551611423,0.02082754857838154,0.018328242003917694,0.014162732288241386,0.015273534692823887,0.013329630717635155,0.012496529147028923,0.016106637194752693,0.014162732288241386,0.014440433122217655,0.010552624240517616,0.011385725811123848,0.013329630717635155,0.011663426645100117,0.009719522669911385,0.012496529147028923,0.012774229049682617,0.010552624240517616,0.012774229049682617,0.014440433122217655,0.012496529147028923,0.012218828313052654,0.009997222572565079,0.010830325074493885,0.011663426645100117,0.013607331551611423,0.008886420167982578,0.008886420167982578,0.008608720265328884,0.009997222572565079,0.011108025908470154,0.012218828313052654,0.011385725811123848,0.010830325074493885,0.008331019431352615,0.010830325074493885,0.007775617763400078,0.011663426645100117,0.009441821835935116,0.007775617763400078,0.010830325074493885,0.009441821835935116,0.009164121001958847,0.007220216561108828,0.007220216561108828,0.008053318597376347,0.012218828313052654,0.009164121001958847,0.009441821835935116,0.012218828313052654,0.009719522669911385,0.009719522669911385,0.008886420167982578,0.013329630717635155,0.009164121001958847,0.007497917395085096,0.007220216561108828,0.008331019431352615,0.008331019431352615,0.008608720265328884,0.009441821835935116,0.012218828313052654,0.008886420167982578,0.004998611286282539,0.011663426645100117,0.009164121001958847,0.008608720265328884,0.008886420167982578,0.008886420167982578,0.008053318597376347,0.007220216561108828,0.006942516192793846,0.009719522669911385,0.008053318597376347,0.010274923406541348,0.006942516192793846,0.005276312120258808,0.008331019431352615,0.005554012954235077,0.006109414156526327,0.006387114524841309,0.007220216561108828,0.007220216561108828,0.006664815358817577,0.007220216561108828,0.007775617763400078,0.004720910917967558,0.007220216561108828,0.007497917395085096,0.006942516192793846,0.007775617763400078,0.008053318597376347,0.005831713322550058,0.008053318597376347
0.0,0.02803564816713333,0.04084663838148117,0.03379131108522415,0.030449312180280685,0.02153731882572174,0.021908652037382126,0.02227998524904251,0.017452655360102654,0.0200519859790802,0.01930931955575943,0.019866319373250008,0.016338655725121498,0.015038990415632725,0.015595989301800728,0.01076865941286087,0.01392499078065157,0.01076865941286087,0.013553657568991184,0.01076865941286087,0.011696992442011833,0.011325659230351448,0.009097660891711712,0.010211659595370293,0.011139992624521255,0.0100259929895401,0.012439657934010029,0.010954326018691063,0.008726327680051327,0.014296323992311954,0.008540661074221134,0.011139992624521255,0.0072409952990710735,0.012068325653672218,0.007612328045070171,0.008540661074221134,0.011325659230351448,0.009468994103372097,0.007983661256730556,0.008726327680051327,0.0100259929895401,0.007612328045070171,0.008726327680051327,0.007797994650900364,0.00891199428588152,0.009097660891711712,0.009840326383709908,0.0100259929895401,0.0061269961297512054,0.009468994103372097,0.005941329523921013,0.007612328045070171,0.008169327862560749,0.007983661256730556,0.008169327862560749,0.00891199428588152,0.008354994468390942,0.008354994468390942,0.007426661904901266,0.005384329706430435,0.005941329523921013,0.006869662087410688,0.008726327680051327,0.00891199428588152,0.009097660891711712,0.00891199428588152,0.009283327497541904,0.005569996312260628,0.006869662087410688,0.0072409952990710735,0.004641663748770952,0.008354994468390942,0.005198663100600243,0.006869662087410688,0.00575566291809082,0.006498328875750303,0.006498328875750303,0.007055328693240881,0.005384329706430435,0.0072409952990710735,0.004270330537110567,0.006312662269920111,0.006683995481580496,0.003898997325450182,0.005941329523921013,0.005569996312260628,0.007055328693240881,0.005384329706430435,0.005569996312260628,0.004641663748770952,0.005198663100600243,0.00501299649477005,0.0061269961297512054,0.005384329706430435,0.005569996312260628,0.004641663748770952,0.007426661904901266,0.00501299649477005,0.004641663748770952,0.005941329523921013
0.0,0.010047846473753452,0.01846889965236187,0.01808612421154976,0.015693780034780502,0.017033493146300316,0.016746411100029945,0.017894737422466278,0.017033493146300316,0.01779904216527939,0.014354066923260689,0.01483253575861454,0.01808612421154976,0.014162679202854633,0.014258373528718948,0.011866028420627117,0.016746411100029945,0.0147368423640728,0.015693780034780502,0.01483253575861454,0.014258373528718948,0.012535884976387024,0.012440191581845284,0.01282296609133482,0.013397129252552986,0.012057416141033173,0.01444976031780243,0.011483253911137581,0.012153110466897488,0.011578947305679321,0.012631579302251339,0.012535884976387024,0.011866028420627117,0.01311004813760519,0.012344497255980968,0.00947368424385786,0.012535884976387024,0.010813397355377674,0.010813397355377674,0.009760765358805656,0.010047846473753452,0.009952153079211712,0.010047846473753452,0.011387559585273266,0.00909090880304575,0.009665071964263916,0.010430621914565563,0.009760765358805656,0.010334928520023823,0.009569377638399601,0.009856459684669971,0.010143540799617767,0.0077511961571872234,0.009569377638399601,0.008421052247285843,0.006794258486479521,0.010334928520023823,0.008803827688097954,0.009569377638399601,0.008133971132338047,0.007272727321833372,0.008803827688097954,0.008612439967691898,0.006985645741224289,0.007081339601427317,0.007942583411931992,0.007846890017390251,0.008899521082639694,0.008229665458202362,0.008612439967691898,0.0077511961571872234,0.006220095790922642,0.0068899523466825485,0.005837320350110531,0.007655502296984196,0.007942583411931992,0.006602870766073465,0.007272727321833372,0.007177033461630344,0.006698564626276493,0.00641148304566741,0.005933014210313559,0.007272727321833372,0.006220095790922642,0.007942583411931992,0.006028708070516586,0.005071770399808884,0.005933014210313559,0.007081339601427317,0.006028708070516586,0.00641148304566741,0.005645933095365763,0.004306219983845949,0.004976076539605856,0.006220095790922642,0.006220095790922642,0.005071770399808884,0.005454545374959707,0.005550239235162735,0.0047846888191998005
0.0,0.015431164763867855,0.02223903127014637,0.01966717094182968,0.016944024711847305,0.017397882416844368,0.015279878862202168,0.021180029958486557,0.015582450665533543,0.017095310613512993,0.014826021157205105,0.016490167006850243,0.01452344935387373,0.016187595203518867,0.01391830574721098,0.01452344935387373,0.014826021157205105,0.012859304435551167,0.01512859296053648,0.012859304435551167,0.009077155962586403,0.012102873995900154,0.012254159897565842,0.011951588094234467,0.014372163452208042,0.012405446730554104,0.012405446730554104,0.012556732632219791,0.011346444487571716,0.010741300880908966,0.011649016290903091,0.010287443175911903,0.012254159897565842,0.012405446730554104,0.007866868749260902,0.010590014979243279,0.011800302192568779,0.009531013667583466,0.010892586782574654,0.009379727765917778,0.011043872684240341,0.010287443175911903,0.00922844186425209,0.011195158585906029,0.008472012355923653,0.010892586782574654,0.012102873995900154,0.010136157274246216,0.008472012355923653,0.008320726454257965,0.010136157274246216,0.010287443175911903,0.00922844186425209,0.00983358547091484,0.00862329825758934,0.008925870060920715,0.009984871372580528,0.009077155962586403,0.006202723365277052,0.007413010578602552,0.007866868749260902,0.007866868749260902,0.008169440552592278,0.008774584159255028,0.0077155823819339275,0.008925870060920715,0.00756429648026824,0.007261724676936865,0.008774584159255028,0.00756429648026824,0.0077155823819339275,0.006505295168608427,0.008320726454257965,0.007413010578602552,0.00756429648026824,0.006656581070274115,0.00695915287360549,0.00922844186425209,0.004841149784624577,0.008774584159255028,0.007866868749260902,0.006202723365277052,0.006202723365277052,0.008169440552592278,0.006505295168608427,0.005748865194618702,0.005748865194618702,0.005597579292953014,0.006051436997950077,0.006505295168608427,0.005748865194618702,0.005597579292953014,0.004841149784624577,0.005143721587955952,0.005446293391287327,0.006807866971939802,0.008925870060920715,0.004689863882958889,0.004992435686290264,0.006051436997950077
0.0,0.012176030315458775,0.02139502577483654,0.02313445881009102,0.018437989056110382,0.017220385372638702,0.014089406467974186,0.01774221658706665,0.014785179868340492,0.015654897317290306,0.013915463350713253,0.01461123675107956,0.013045746833086014,0.015480953268706799,0.01461123675107956,0.015307010151445866,0.013393633998930454,0.013915463350713253,0.012002087198197842,0.014089406467974186,0.012349974364042282,0.011828144080936909,0.009392937645316124,0.011306313797831535,0.013219689950346947,0.011480257846415043,0.010784484446048737,0.010610541328787804,0.011132370680570602,0.012523917481303215,0.012002087198197842,0.01461123675107956,0.008523221127688885,0.01095842756330967,0.010262654162943363,0.010262654162943363,0.012002087198197842,0.0064359018579125404,0.010436597280204296,0.010610541328787804,0.009566880762577057,0.012523917481303215,0.010436597280204296,0.011654200963675976,0.009218994528055191,0.010610541328787804,0.011480257846415043,0.007653505075722933,0.009392937645316124,0.00730561837553978,0.010436597280204296,0.009045051410794258,0.0069577316753566265,0.011132370680570602,0.007131675258278847,0.007827448658645153,0.008001391775906086,0.010784484446048737,0.008523221127688885,0.008523221127688885,0.009914767928421497,0.008697165176272392,0.008349278010427952,0.00730561837553978,0.007479561492800713,0.008175334893167019,0.009740824811160564,0.005914072040468454,0.007653505075722933,0.007827448658645153,0.006783788558095694,0.006609844975173473,0.007653505075722933,0.008697165176272392,0.008871108293533325,0.009392937645316124,0.00730561837553978,0.007653505075722933,0.0064359018579125404,0.007479561492800713,0.0064359018579125404,0.006783788558095694,0.005044355522841215,0.007131675258278847,0.0069577316753566265,0.0057401289232075214,0.006088015157729387,0.007131675258278847,0.0062619587406516075,0.008001391775906086,0.0064359018579125404,0.007653505075722933,0.007479561492800713,0.0069577316753566265,0.005914072040468454,0.005914072040468454,0.008001391775906086,0.009218994528055191,0.008001391775906086,0.0069577316753566265
0.0,0.07429906725883484,0.10654205828905106,0.0677570104598999,0.052336446940898895,0.041588783264160156,0.038785047829151154,0.038317758589982986,0.028037382289767265,0.021962616592645645,0.03130841255187988,0.02289719693362713,0.015420560725033283,0.018691588193178177,0.016355140134692192,0.017289720475673676,0.012616822496056557,0.011682243086397648,0.00981308426707983,0.008878504857420921,0.010280373506247997,0.00981308426707983,0.007009345572441816,0.006542055867612362,0.006542055867612362,0.00841121468693018,0.007009345572441816,0.00981308426707983,0.006542055867612362,0.003738317871466279,0.005140186753123999,0.005607476457953453,0.005607476457953453,0.007009345572441816,0.0028037382289767265,0.003738317871466279,0.008878504857420921,0.004672897048294544,0.005607476457953453,0.00841121468693018,0.00420560734346509,0.005140186753123999,0.006542055867612362,0.003738317871466279,0.005140186753123999,0.003271027933806181,0.005140186753123999,0.007943925447762012,0.003738317871466279,0.003738317871466279,0.006542055867612362,0.004672897048294544,0.003738317871466279,0.003738317871466279,0.004672897048294544,0.005140186753123999,0.002336448524147272,0.004672897048294544,0.0014018691144883633,0.0028037382289767265,0.003738317871466279,0.00420560734346509,0.003738317871466279,0.005607476457953453,0.002336448524147272,0.003271027933806181,0.003738317871466279,0.003271027933806181,0.005140186753123999,0.003738317871466279,0.004672897048294544,0.003738317871466279,0.004672897048294544,0.005140186753123999,0.00420560734346509,0.0028037382289767265,0.003271027933806181,0.006542055867612362,0.003271027933806181,0.002336448524147272,0.005140186753123999,0.0028037382289767265,0.00420560734346509,0.003738317871466279,0.0018691589357331395,0.003738317871466279,0.003738317871466279,0.0018691589357331395,0.003738317871466279,0.0028037382289767265,0.00420560734346509,0.003271027933806181,0.003738317871466279,0.0018691589357331395,0.003738317871466279,0.0018691589357331395,0.003738317871466279,0.004672897048294544,0.002336448524147272,0.0014018691144883633
0.0,0.01778542809188366,0.02857142873108387,0.02937464229762554,0.02604704536497593,0.0207687895745039,0.019850831478834152,0.0203098114579916,0.01881812885403633,0.018932875245809555,0.01904761977493763,0.015720022842288017,0.015375789254903793,0.015490533784031868,0.017900172621011734,0.01239242684096098,0.015031554736196995,0.01090074609965086,0.012048192322254181,0.012621915899217129,0.012277682311832905,0.01216293778270483,0.011933447793126106,0.014113597571849823,0.012048192322254181,0.012851405888795853,0.011244979687035084,0.011244979687035084,0.010671256110072136,0.010441767051815987,0.011244979687035084,0.013195639476180077,0.010786001570522785,0.01239242684096098,0.009982788003981113,0.011359724216163158,0.011818703263998032,0.010441767051815987,0.009179575368762016,0.010097532533109188,0.008835341781377792,0.008950086310505867,0.009064830839633942,0.008720596320927143,0.008491107262670994,0.008720596320927143,0.010097532533109188,0.007917383685708046,0.009064830839633942,0.009409064427018166,0.008261618204414845,0.008146872743964195,0.009982788003981113,0.007802639156579971,0.008835341781377792,0.007687894627451897,0.0058519793674349785,0.00745840510353446,0.008720596320927143,0.007573149632662535,0.00745840510353446,0.007114171050488949,0.008146872743964195,0.00837636273354292,0.008146872743964195,0.006655192002654076,0.005393000785261393,0.006999426055699587,0.005507745314389467,0.00803212821483612,0.006769936997443438,0.005966723896563053,0.007573149632662535,0.006999426055699587,0.006425702944397926,0.006884681526571512,0.007573149632662535,0.005393000785261393,0.006655192002654076,0.006999426055699587,0.007343660574406385,0.007687894627451897,0.007343660574406385,0.00619621342048049,0.006081468891352415,0.004819277208298445,0.005278255790472031,0.0044750431552529335,0.006310957949608564,0.0058519793674349785,0.006081468891352415,0.006310957949608564,0.005048766266554594,0.005966723896563053,0.004245553631335497,0.005278255790472031,0.005507745314389467,0.004819277208298445,0.004245553631335497,0.005966723896563053
0.0,0.07481853663921356,0.09743160009384155,0.0720268040895462,0.06700167804956436,0.04187604784965515,0.03880513831973076,0.03880513831973076,0.029313232749700546,0.022333892062306404,0.020379675552248955,0.017587939277291298,0.019542155787348747,0.01256281416863203,0.013679509051144123,0.010887771844863892,0.011725293472409248,0.01032942533493042,0.01005025114864111,0.0069793411530554295,0.007816862314939499,0.008375209756195545,0.008654383011162281,0.004745951853692532,0.005583473015576601,0.01005025114864111,0.005304299294948578,0.009212730452418327,0.005304299294948578,0.00614181999117136,0.006700167432427406,0.006700167432427406,0.005862646736204624,0.008654383011162281,0.005025125574320555,0.0044667781330645084,0.005025125574320555,0.005025125574320555,0.005583473015576601,0.004745951853692532,0.004745951853692532,0.00614181999117136,0.005025125574320555,0.0044667781330645084,0.005583473015576601,0.005025125574320555,0.005862646736204624,0.0044667781330645084,0.003350083716213703,0.005583473015576601,0.007258514873683453,0.00614181999117136,0.006420993711799383,0.00307090999558568,0.0039084311574697495,0.004745951853692532,0.005304299294948578,0.005583473015576601,0.005304299294948578,0.004187604878097773,0.0039084311574697495,0.004745951853692532,0.0044667781330645084,0.0036292574368417263,0.005304299294948578,0.0019542155787348747,0.0039084311574697495,0.0039084311574697495,0.0036292574368417263,0.005583473015576601,0.005862646736204624,0.004745951853692532,0.00614181999117136,0.0044667781330645084,0.0039084311574697495,0.005025125574320555,0.0039084311574697495,0.0027917365077883005,0.0027917365077883005,0.003350083716213703,0.0036292574368417263,0.004187604878097773,0.0039084311574697495,0.0027917365077883005,0.0039084311574697495,0.0039084311574697495,0.004745951853692532,0.0039084311574697495,0.004187604878097773,0.0016750418581068516,0.0036292574368417263,0.0019542155787348747,0.004187604878097773,0.0025125627871602774,0.0039084311574697495,0.0011166945332661271,0.0022333890665322542,0.004745951853692532,0.0044667781330645084,0.00307090999558568
0.0,0.03846153989434242,0.05128205195069313,0.025641025975346565,0.08974359184503555,0.05128205195069313,0.03846153989434242,0.07692307978868484,0.025641025975346565,0.03846153989434242,0.0,0.025641025975346565,0.025641025975346565,0.0,0.012820512987673283,0.025641025975346565,0.0,0.012820512987673283,0.0,0.012820512987673283,0.012820512987673283,0.025641025975346565,0.0,0.0,0.012820512987673283,0.0,0.0,0.025641025975346565,0.0,0.0,0.0,0.0,0.012820512987673283,0.0,0.012820512987673283,0.0,0.012820512987673283,0.025641025975346565,0.012820512987673283,0.0,0.0,0.012820512987673283,0.0,0.0,0.025641025975346565,0.012820512987673283,0.012820512987673283,0.012820512987673283,0.025641025975346565,0.0,0.0,0.0,0.012820512987673283,0.0,0.0,0.0,0.0,0.0,0.025641025975346565,0.0,0.0,0.0,0.0,0.012820512987673283,0.0,0.0,0.0,0.012820512987673283,0.0,0.0,0.025641025975346565,0.0,0.0,0.012820512987673283,0.0,0.0,0.012820512987673283,0.0,0.0,0.0,0.0,0.0,0.0,0.012820512987673283,0.012820512987673283,0.0,0.0,0.0,0.012820512987673283,0.012820512987673283,0.0,0.0,0.0,0.0,0.0,0.0,0.012820512987673283,0.012820512987673283,0.0,0.0
0.0,0.02566174976527691,0.041826631873846054,0.031925641000270844,0.030915336683392525,0.02626793272793293,0.022024651989340782,0.020004041492938995,0.021216407418251038,0.016569003462791443,0.016771065071225166,0.016771065071225166,0.014346332289278507,0.01475045457482338,0.014952515251934528,0.011719539761543274,0.010305112227797508,0.01091129519045353,0.010305112227797508,0.006263891700655222,0.01010305155068636,0.009698929265141487,0.010305112227797508,0.01010305155068636,0.01070923451334238,0.007274196948856115,0.009496867656707764,0.00788037944585085,0.008284501731395721,0.011315417475998402,0.007476257625967264,0.007476257625967264,0.008890684694051743,0.008486563339829445,0.009698929265141487,0.008284501731395721,0.009092746302485466,0.012729844078421593,0.008688624016940594,0.008890684694051743,0.008688624016940594,0.011719539761543274,0.009496867656707764,0.008688624016940594,0.01151747815310955,0.009496867656707764,0.005657708737999201,0.011719539761543274,0.008284501731395721,0.007274196948856115,0.00788037944585085,0.007476257625967264,0.008688624016940594,0.011315417475998402,0.008890684694051743,0.009294806979596615,0.009092746302485466,0.009092746302485466,0.0076783187687397,0.008890684694051743,0.006465952843427658,0.008284501731395721,0.007274196948856115,0.00788037944585085,0.008284501731395721,0.008284501731395721,0.0076783187687397,0.009092746302485466,0.009092746302485466,0.006668013520538807,0.009294806979596615,0.00788037944585085,0.007274196948856115,0.006870074663311243,0.006465952843427658,0.005455647595226765,0.006061830557882786,0.0052535864524543285,0.005859769880771637,0.006061830557882786,0.004041220527142286,0.006061830557882786,0.007274196948856115,0.00788037944585085,0.007476257625967264,0.006061830557882786,0.008082441054284573,0.006870074663311243,0.005657708737999201,0.007274196948856115,0.004647403489798307,0.007476257625967264,0.004445342347025871,0.005657708737999201,0.005859769880771637,0.006668013520538807,0.0052535864524543285,0.007274196948856115,0.0052535864524543285,0.006061830557882786
0.0,0.013222742825746536,0.027647553011775017,0.024041350930929184,0.02295949123799801,0.02091597579419613,0.017790600657463074,0.01682894490659237,0.020194735378026962,0.01863204687833786,0.017069358378648758,0.018031014129519463,0.015146051533520222,0.014905638061463833,0.015266258269548416,0.011539848521351814,0.013823776505887508,0.014064189977943897,0.01358336303383112,0.01358336303383112,0.013102536089718342,0.011780261993408203,0.01538646500557661,0.01226108893752098,0.01226108893752098,0.011299435049295425,0.014064189977943897,0.012621709145605564,0.01141964178532362,0.010578194633126259,0.010818608105182648,0.01226108893752098,0.012020675465464592,0.008775093592703342,0.00925592053681612,0.009376127272844315,0.010938814841210842,0.011059021577239037,0.009736747480928898,0.008534679189324379,0.008414472453296185,0.00925592053681612,0.00925592053681612,0.010217574425041676,0.011179228313267231,0.01141964178532362,0.009616540744900703,0.009135713800787926,0.010217574425041676,0.008414472453296185,0.011299435049295425,0.010097367689013481,0.009135713800787926,0.007452819030731916,0.009616540744900703,0.009015507064759731,0.009135713800787926,0.008775093592703342,0.007693232502788305,0.008895300328731537,0.007813438773155212,0.009015507064759731,0.009376127272844315,0.006370957940816879,0.006491164676845074,0.007212405558675528,0.006250751204788685,0.007813438773155212,0.007813438773155212,0.006250751204788685,0.007693232502788305,0.008534679189324379,0.007212405558675528,0.006971991620957851,0.007332612294703722,0.005529510788619518,0.006851784884929657,0.007332612294703722,0.005048683844506741,0.007212405558675528,0.006491164676845074,0.0058901309967041016,0.00613054446876049,0.006971991620957851,0.006250751204788685,0.005529510788619518,0.005048683844506741,0.006851784884929657,0.004567856900393963,0.004087029490619898,0.005168890580534935,0.00613054446876049,0.00613054446876049,0.005048683844506741,0.004447650164365768,0.005769924260675907,0.006370957940816879,0.003726409515365958,0.005409304052591324,0.004808270372450352
0.0,0.01082279346883297,0.0166905727237463,0.017472943291068077,0.013952275738120079,0.01486504077911377,0.015517016872763634,0.015386621467769146,0.01486504077911377,0.015125831589102745,0.016168992966413498,0.014082670211791992,0.015256226062774658,0.018385708332061768,0.01447385549545288,0.015125831589102745,0.013430695049464703,0.012778719887137413,0.013430695049464703,0.010040422901511192,0.01356109045445919,0.015517016872763634,0.011605164036154747,0.011213978752493858,0.01082279346883297,0.012126743793487549,0.015386621467769146,0.010692398063838482,0.012778719887137413,0.013039509765803814,0.011213978752493858,0.013821880333125591,0.010170817375183105,0.01173555850982666,0.011344373226165771,0.011344373226165771,0.010170817375183105,0.009518842212855816,0.010953187942504883,0.008084496483206749,0.011213978752493858,0.011605164036154747,0.008084496483206749,0.010170817375183105,0.01147476863116026,0.008736471645534039,0.010692398063838482,0.00834528636187315,0.009388446807861328,0.00860607624053955,0.010431608185172081,0.008475681766867638,0.010040422901511192,0.007432520389556885,0.010301212780177593,0.01082279346883297,0.009127656929194927,0.008866867050528526,0.006910940166562796,0.007954101078212261,0.010170817375183105,0.007823705673217773,0.009518842212855816,0.009388446807861328,0.006519754882901907,0.005998174659907818,0.007693310733884573,0.010301212780177593,0.006780545227229595,0.0063893599435687065,0.009127656929194927,0.008084496483206749,0.00860607624053955,0.008736471645534039,0.009649237617850304,0.007954101078212261,0.008084496483206749,0.007302125450223684,0.007041335105895996,0.007302125450223684,0.0075629157945513725,0.006519754882901907,0.006128569599241018,0.00899726152420044,0.008214890956878662,0.007954101078212261,0.006650149822235107,0.007432520389556885,0.004824618808925152,0.007041335105895996,0.007171730510890484,0.007171730510890484,0.007693310733884573,0.00573738431558013,0.007171730510890484,0.0075629157945513725,0.0063893599435687065,0.004824618808925152,0.004172643180936575,0.006650149822235107
0.0,0.038262370973825455,0.05609896406531334,0.04401611164212227,0.033947065472602844,0.025891829282045364,0.025028768926858902,0.018699655309319496,0.022727273404598236,0.02445339411497116,0.01639815792441368,0.018124280497431755,0.01611047238111496,0.012945914641022682,0.014096662402153015,0.014096662402153015,0.012658228166401386,0.014672037214040756,0.014096662402153015,0.008630610071122646,0.010356731712818146,0.012658228166401386,0.010932105593383312,0.007767548784613609,0.008630610071122646,0.00805523619055748,0.013521288521587849,0.008918296545743942,0.008342922665178776,0.009205983951687813,0.005178365856409073,0.007767548784613609,0.00978135783225298,0.010356731712818146,0.00604142714291811,0.008630610071122646,0.009205983951687813,0.008342922665178776,0.008342922665178776,0.006616801023483276,0.009493670426309109,0.006616801023483276,0.006329114083200693,0.006616801023483276,0.00690448796376586,0.00402761809527874,0.00805523619055748,0.00690448796376586,0.00978135783225298,0.00805523619055748,0.008630610071122646,0.007767548784613609,0.005753739736974239,0.00489067891612649,0.007479861844331026,0.008342922665178776,0.00690448796376586,0.007479861844331026,0.007479861844331026,0.005466052796691656,0.007192174904048443,0.005466052796691656,0.009493670426309109,0.00402761809527874,0.005178365856409073,0.008918296545743942,0.007192174904048443,0.00604142714291811,0.00690448796376586,0.010356731712818146,0.008630610071122646,0.00604142714291811,0.00690448796376586,0.006329114083200693,0.007192174904048443,0.0028768698684871197,0.00604142714291811,0.00690448796376586,0.005753739736974239,0.007192174904048443,0.007479861844331026,0.00604142714291811,0.006616801023483276,0.00489067891612649,0.007767548784613609,0.00604142714291811,0.006329114083200693,0.006616801023483276,0.007767548784613609,0.00489067891612649,0.004315305035561323,0.004315305035561323,0.005466052796691656,0.00402761809527874,0.00345224398188293,0.00489067891612649,0.00604142714291811,0.00489067891612649,0.005753739736974239,0.005178365856409073
0.0,0.025205157697200775,0.03341148793697357,0.027549823746085167,0.030773740261793137,0.019636576995253563,0.017584994435310364,0.02051582559943199,0.019050410017371178,0.015826495364308357,0.01729191094636917,0.01494724489748478,0.01699882745742798,0.013774911873042583,0.014361078850924969,0.01230949629098177,0.01230949629098177,0.009085580706596375,0.011723329313099384,0.011430245824158192,0.014654161408543587,0.014067995361983776,0.01230949629098177,0.009378663264214993,0.008792497217655182,0.009378663264214993,0.011430245824158192,0.011137163266539574,0.007620164193212986,0.010550996288657188,0.009964830242097378,0.007327080704271793,0.009085580706596375,0.012016412802040577,0.007913247682154179,0.008792497217655182,0.008792497217655182,0.011723329313099384,0.009085580706596375,0.010257912799715996,0.009378663264214993,0.008792497217655182,0.010257912799715996,0.01230949629098177,0.010550996288657188,0.009671746753156185,0.008206330239772797,0.009378663264214993,0.007327080704271793,0.005861664656549692,0.00849941372871399,0.007620164193212986,0.008792497217655182,0.008206330239772797,0.007913247682154179,0.008792497217655182,0.00849941372871399,0.007327080704271793,0.005861664656549692,0.010550996288657188,0.008206330239772797,0.007033997680991888,0.007620164193212986,0.008792497217655182,0.005568581633269787,0.006154748145490885,0.007913247682154179,0.007913247682154179,0.007620164193212986,0.007033997680991888,0.006740914192050695,0.004689331632107496,0.007033997680991888,0.004689331632107496,0.008206330239772797,0.007620164193212986,0.009378663264214993,0.006740914192050695,0.006154748145490885,0.007033997680991888,0.008792497217655182,0.00644783116877079,0.009378663264214993,0.00849941372871399,0.006154748145490885,0.004689331632107496,0.003810082096606493,0.007033997680991888,0.010550996288657188,0.00849941372871399,0.008792497217655182,0.006740914192050695,0.007327080704271793,0.004396248608827591,0.004982415121048689,0.005275498144328594,0.006154748145490885,0.005275498144328594,0.006740914192050695,0.00644783116877079
0.0,0.008238157257437706,0.016850776970386505,0.0172252394258976,0.01703800819814205,0.014042314141988754,0.01591462269425392,0.018723085522651672,0.011795544065535069,0.015540161170065403,0.012731698341667652,0.012357236817479134,0.012731698341667652,0.013855082914233208,0.013667852617800236,0.00917431153357029,0.014416775666177273,0.015165699645876884,0.015352929942309856,0.01460400689393282,0.014416775666177273,0.012918928638100624,0.010859389789402485,0.012170005589723587,0.010672158561646938,0.011046620085835457,0.012918928638100624,0.009548773989081383,0.012918928638100624,0.011795544065535069,0.009361542761325836,0.012357236817479134,0.012731698341667652,0.008799850009381771,0.01029769703745842,0.01029769703745842,0.01029769703745842,0.008987081237137318,0.011233851313591003,0.01029769703745842,0.0086126197129488,0.008238157257437706,0.009923235513269901,0.008425388485193253,0.010484928265213966,0.010110465809702873,0.01198277436196804,0.013293391093611717,0.009923235513269901,0.00917431153357029,0.008799850009381771,0.01029769703745842,0.010484928265213966,0.008425388485193253,0.010672158561646938,0.010110465809702873,0.0086126197129488,0.011046620085835457,0.008238157257437706,0.009736004285514355,0.010859389789402485,0.009736004285514355,0.0086126197129488,0.007863695733249187,0.010484928265213966,0.008987081237137318,0.008799850009381771,0.008425388485193253,0.006740310695022345,0.006178618408739567,0.00730200344696641,0.007676464971154928,0.0086126197129488,0.008425388485193253,0.009548773989081383,0.006178618408739567,0.00917431153357029,0.007863695733249187,0.007676464971154928,0.008238157257437706,0.00730200344696641,0.0086126197129488,0.0086126197129488,0.007676464971154928,0.006927541457116604,0.0086126197129488,0.006927541457116604,0.006927541457116604,0.00730200344696641,0.006927541457116604,0.008425388485193253,0.006365849170833826,0.005616925656795502,0.006553079932928085,0.006740310695022345,0.0054296948947012424,0.009923235513269901,0.005055232904851437,0.006927541457116604,0.005804156418889761
0.0,0.011596180498600006,0.020463846623897552,0.020463846623897552,0.019099591299891472,0.018417462706565857,0.012619372457265854,0.019099591299891472,0.013642564415931702,0.011596180498600006,0.011255116201937199,0.015006821602582932,0.015006821602582932,0.015347884967923164,0.017053205519914627,0.012619372457265854,0.011255116201937199,0.012619372457265854,0.011937243863940239,0.012619372457265854,0.013301501050591469,0.01739427074790001,0.008526602759957314,0.010231923311948776,0.009890859946608543,0.013301501050591469,0.011255116201937199,0.007844475097954273,0.008185538463294506,0.014324693009257317,0.008526602759957314,0.012619372457265854,0.010231923311948776,0.011255116201937199,0.008867667056620121,0.009890859946608543,0.014324693009257317,0.011937243863940239,0.009549795649945736,0.006821282207965851,0.007844475097954273,0.010914051905274391,0.005115961655974388,0.007844475097954273,0.008867667056620121,0.010231923311948776,0.010572987608611584,0.010572987608611584,0.009208731353282928,0.008867667056620121,0.008867667056620121,0.010231923311948776,0.007844475097954273,0.011255116201937199,0.008185538463294506,0.008526602759957314,0.010231923311948776,0.008526602759957314,0.010231923311948776,0.009208731353282928,0.006480218376964331,0.005798090249300003,0.008185538463294506,0.006480218376964331,0.007503410801291466,0.009549795649945736,0.010231923311948776,0.010572987608611584,0.012278308160603046,0.007844475097954273,0.007844475097954273,0.008526602759957314,0.007844475097954273,0.006480218376964331,0.010572987608611584,0.008867667056620121,0.006480218376964331,0.008526602759957314,0.006821282207965851,0.009549795649945736,0.006480218376964331,0.009549795649945736,0.006480218376964331,0.005798090249300003,0.009208731353282928,0.007162346504628658,0.008185538463294506,0.007162346504628658,0.008526602759957314,0.006480218376964331,0.007162346504628658,0.006821282207965851,0.007503410801291466,0.007844475097954273,0.006821282207965851,0.007844475097954273,0.006139154080301523,0.009549795649945736,0.007503410801291466,0.008185538463294506
0.0,0.008298755623400211,0.016597511246800423,0.013086498714983463,0.01787424273788929,0.012767315842211246,0.012767315842211246,0.016278328374028206,0.012128950096666813,0.012128950096666813,0.013086498714983463,0.014044047333300114,0.01149058435112238,0.013724864460527897,0.011809767223894596,0.01340568158775568,0.013086498714983463,0.010213852860033512,0.01149058435112238,0.010852218605577946,0.014044047333300114,0.012128950096666813,0.012128950096666813,0.011171401478350163,0.01149058435112238,0.008617938496172428,0.01244813296943903,0.011171401478350163,0.015639962628483772,0.011171401478350163,0.013724864460527897,0.012767315842211246,0.010213852860033512,0.013724864460527897,0.012128950096666813,0.00766038941219449,0.011171401478350163,0.011809767223894596,0.010533035732805729,0.008937121368944645,0.010852218605577946,0.009256304241716862,0.008937121368944645,0.013086498714983463,0.009256304241716862,0.01149058435112238,0.008937121368944645,0.008617938496172428,0.008298755623400211,0.008617938496172428,0.009256304241716862,0.01149058435112238,0.011171401478350163,0.01149058435112238,0.00670284079387784,0.010533035732805729,0.01149058435112238,0.008937121368944645,0.009256304241716862,0.010533035732805729,0.010213852860033512,0.008617938496172428,0.010533035732805729,0.009575487114489079,0.01244813296943903,0.007979572750627995,0.00574529217556119,0.009894669987261295,0.007979572750627995,0.008937121368944645,0.008937121368944645,0.009894669987261295,0.008617938496172428,0.00766038941219449,0.010533035732805729,0.00574529217556119,0.0060644750483334064,0.007341206539422274,0.009575487114489079,0.010533035732805729,0.00574529217556119,0.008617938496172428,0.008298755623400211,0.010213852860033512,0.009256304241716862,0.007341206539422274,0.007979572750627995,0.008298755623400211,0.007979572750627995,0.00670284079387784,0.011171401478350163,0.00670284079387784,0.00574529217556119,0.005106926430016756,0.00574529217556119,0.00766038941219449,0.005106926430016756,0.005106926430016756,0.005426109302788973,0.008937121368944645
0.0,0.007363505661487579,0.017061781138181686,0.013110632076859474,0.013110632076859474,0.012212643399834633,0.014367816038429737,0.012212643399834633,0.014367816038429737,0.017061781138181686,0.013110632076859474,0.014008620753884315,0.014727011322975159,0.014008620753884315,0.01203304622322321,0.014367816038429737,0.014188217930495739,0.013469827361404896,0.013829022645950317,0.010775862261652946,0.01293103490024805,0.014008620753884315,0.014547414146363735,0.012392241507768631,0.01203304622322321,0.012751436792314053,0.011673850938677788,0.009339080192148685,0.01293103490024805,0.011673850938677788,0.011314654722809792,0.010237068869173527,0.011135057546198368,0.01095545943826437,0.009877873584628105,0.011314654722809792,0.01149425283074379,0.011135057546198368,0.010057471692562103,0.013290230184793472,0.011314654722809792,0.01293103490024805,0.010596264153718948,0.009339080192148685,0.013110632076859474,0.009339080192148685,0.0071839080192148685,0.010775862261652946,0.008441091515123844,0.009339080192148685,0.010416666977107525,0.009698275476694107,0.010775862261652946,0.009159483015537262,0.007722700946033001,0.009159483015537262,0.008081896230578423,0.009159483015537262,0.01095545943826437,0.009518678300082684,0.009518678300082684,0.008979884907603264,0.01095545943826437,0.009518678300082684,0.0061063216999173164,0.010775862261652946,0.009698275476694107,0.006824712734669447,0.009339080192148685,0.010237068869173527,0.009159483015537262,0.006285919342190027,0.009159483015537262,0.005747126415371895,0.005926724057644606,0.009518678300082684,0.007722700946033001,0.007363505661487579,0.006285919342190027,0.007722700946033001,0.009698275476694107,0.008441091515123844,0.009518678300082684,0.007004310376942158,0.00754310330376029,0.007363505661487579,0.007722700946033001,0.005567528773099184,0.007004310376942158,0.00880028773099184,0.006285919342190027,0.008979884907603264,0.005747126415371895,0.006645115092396736,0.0071839080192148685,0.004489942453801632,0.006824712734669447,0.0071839080192148685,0.006285919342190027,0.007363505661487579
0.0,0.008185053244233131,0.017615659162402153,0.02028469741344452,0.016014235094189644,0.012455515563488007,0.013167260214686394,0.015302491374313831,0.014590747654438019,0.014946619048714638,0.015302491374313831,0.012277579866349697,0.014946619048714638,0.01708185113966465,0.014056939631700516,0.012277579866349697,0.013701067306101322,0.013345195911824703,0.014412811025977135,0.0128113878890872,0.014768683351576328,0.013167260214686394,0.015124554745852947,0.011565836146473885,0.013879003934562206,0.011209964752197266,0.012277579866349697,0.011565836146473885,0.011209964752197266,0.010854092426598072,0.012455515563488007,0.012277579866349697,0.010498221032321453,0.008007117547094822,0.010854092426598072,0.00996441300958395,0.01014234870672226,0.010320284403860569,0.012099644169211388,0.010320284403860569,0.011209964752197266,0.009074732661247253,0.009608540683984756,0.008896796964108944,0.013523131608963013,0.009074732661247253,0.009430604986846447,0.010854092426598072,0.00978647731244564,0.008718861266970634,0.008896796964108944,0.008896796964108944,0.008540925569832325,0.00978647731244564,0.011032028123736382,0.007829181849956512,0.008540925569832325,0.007829181849956512,0.010676156729459763,0.008185053244233131,0.01014234870672226,0.00978647731244564,0.008896796964108944,0.007829181849956512,0.007473309524357319,0.010676156729459763,0.006761565804481506,0.00996441300958395,0.007295373827219009,0.010320284403860569,0.009608540683984756,0.006761565804481506,0.009430604986846447,0.0064056939445436,0.007651245687156916,0.006227757781744003,0.009608540683984756,0.007117437664419413,0.006049822084605694,0.006583630107343197,0.0064056939445436,0.006227757781744003,0.006761565804481506,0.007473309524357319,0.008185053244233131,0.0064056939445436,0.0064056939445436,0.008007117547094822,0.008718861266970634,0.006583630107343197,0.006583630107343197,0.007651245687156916,0.007295373827219009,0.0051601422019302845,0.007473309524357319,0.006049822084605694,0.007295373827219009,0.006583630107343197,0.006049822084605694,0.008362988941371441
0.0,0.011104256846010685,0.017119063064455986,0.013417643494904041,0.012800740078091621,0.017581740394234657,0.016193708404898643,0.014651449397206306,0.014188772067427635,0.012183837592601776,0.013263417407870293,0.012183837592601776,0.014034546911716461,0.015114126726984978,0.015114126726984978,0.013880320824682713,0.013263417407870293,0.011258482001721859,0.010950030758976936,0.01295496616512537,0.013726094737648964,0.012029611505568027,0.013880320824682713,0.013726094737648964,0.01233806274831295,0.011566934175789356,0.012800740078091621,0.010641579516232014,0.010333127342164516,0.012800740078091621,0.011566934175789356,0.010333127342164516,0.009561998769640923,0.013109192252159119,0.01172115933150053,0.01172115933150053,0.013417643494904041,0.010950030758976936,0.011104256846010685,0.010795804671943188,0.010178902186453342,0.009561998769640923,0.010795804671943188,0.011875385418534279,0.010641579516232014,0.010795804671943188,0.010178902186453342,0.009716224856674671,0.009870450012385845,0.009716224856674671,0.009716224856674671,0.007865515537559986,0.009716224856674671,0.010487353429198265,0.009099321439862251,0.00801974069327116,0.008482418023049831,0.010641579516232014,0.011412708088755608,0.008173966780304909,0.008945095352828503,0.0074028377421200275,0.012183837592601776,0.009870450012385845,0.008790870197117329,0.008173966780304909,0.0077112894505262375,0.008173966780304909,0.006323257461190224,0.008945095352828503,0.009253547526896,0.009870450012385845,0.009407772682607174,0.007865515537559986,0.005089451093226671,0.008173966780304909,0.0077112894505262375,0.0077112894505262375,0.006477483082562685,0.006785934790968895,0.007557063363492489,0.0077112894505262375,0.006785934790968895,0.006940160412341356,0.008173966780304909,0.006940160412341356,0.006940160412341356,0.0052436767145991325,0.006323257461190224,0.0077112894505262375,0.007248612120747566,0.007865515537559986,0.0077112894505262375,0.007248612120747566,0.007865515537559986,0.006014805752784014,0.0052436767145991325,0.006169031374156475,0.006169031374156475,0.006940160412341356
0.0,0.0053458609618246555,0.021383443847298622,0.015227603726089,0.015713591128587723,0.013607646338641644,0.016685565933585167,0.01619957946240902,0.016361573711037636,0.01733354851603508,0.012473675422370434,0.013769642449915409,0.012797667644917965,0.016037583351135254,0.014093633741140366,0.013445650227367878,0.01150170061737299,0.011663696728646755,0.011987688019871712,0.014255628921091557,0.011339705437421799,0.011339705437421799,0.013121658936142921,0.012149684131145477,0.012311680242419243,0.0126356715336442,0.010529725812375546,0.011015713214874268,0.009881743229925632,0.014417625032365322,0.010367730632424355,0.010691721923649311,0.00939575582742691,0.011663696728646755,0.01182569283992052,0.010529725812375546,0.01150170061737299,0.0126356715336442,0.0082617849111557,0.009557751938700676,0.010529725812375546,0.010853718034923077,0.008423781022429466,0.01182569283992052,0.011177709326148033,0.010043738409876823,0.0082617849111557,0.008909768424928188,0.009719747118651867,0.009557751938700676,0.010205734521150589,0.009881743229925632,0.011015713214874268,0.0076138018630445,0.009719747118651867,0.011177709326148033,0.0082617849111557,0.011015713214874268,0.00939575582742691,0.0066418275237083435,0.00939575582742691,0.009071764536201954,0.010043738409876823,0.0066418275237083435,0.008909768424928188,0.010043738409876823,0.0076138018630445,0.0082617849111557,0.00809978973120451,0.010691721923649311,0.007775797974318266,0.0082617849111557,0.00809978973120451,0.008909768424928188,0.0082617849111557,0.007451806217432022,0.007127814460545778,0.009719747118651867,0.0063178357668221,0.007775797974318266,0.008423781022429466,0.0069658188149333,0.006155840121209621,0.006803823169320822,0.007289810571819544,0.006479831412434578,0.00809978973120451,0.0066418275237083435,0.005831848364323378,0.007937793619930744,0.007127814460545778,0.0076138018630445,0.0063178357668221,0.010205734521150589,0.007775797974318266,0.005831848364323378,0.006479831412434578,0.005021869204938412,0.007775797974318266,0.007451806217432022
0.0,0.008518161252140999,0.017518483102321625,0.01976856403052807,0.014464802108705044,0.013821922242641449,0.015429122373461723,0.01719704270362854,0.013982642441987991,0.0191256832331419,0.01285760197788477,0.012696881778538227,0.015589842572808266,0.01092896144837141,0.014946962706744671,0.01591128297150135,0.012214722111821175,0.012214722111821175,0.011089681647717953,0.013179042376577854,0.012054001912474632,0.013018322177231312,0.012214722111821175,0.011250401847064495,0.013179042376577854,0.011411122046411037,0.012054001912474632,0.012214722111821175,0.012696881778538227,0.011089681647717953,0.01092896144837141,0.011732561513781548,0.00996464118361473,0.00996464118361473,0.009482481516897678,0.012375442311167717,0.014464802108705044,0.01157184224575758,0.013339762575924397,0.009803921915590763,0.0106075219810009,0.012696881778538227,0.009000321850180626,0.009803921915590763,0.012375442311167717,0.011089681647717953,0.01189328171312809,0.007875281386077404,0.011089681647717953,0.011089681647717953,0.008678881451487541,0.009321761317551136,0.009161041118204594,0.009161041118204594,0.007875281386077404,0.00996464118361473,0.00964320171624422,0.011250401847064495,0.008518161252140999,0.007071681320667267,0.009803921915590763,0.008357441052794456,0.008518161252140999,0.007232401054352522,0.009000321850180626,0.008196720853447914,0.006268080789595842,0.009161041118204594,0.00964320171624422,0.007232401054352522,0.008357441052794456,0.008036001585423946,0.007553840987384319,0.006107361055910587,0.0069109611213207245,0.008036001585423946,0.006268080789595842,0.009161041118204594,0.008196720853447914,0.006750240921974182,0.006268080789595842,0.006428800988942385,0.006268080789595842,0.007553840987384319,0.007232401054352522,0.007232401054352522,0.006107361055910587,0.007071681320667267,0.0069109611213207245,0.009000321850180626,0.008839601650834084,0.0069109611213207245,0.007553840987384319,0.006107361055910587,0.006589521188288927,0.0069109611213207245,0.007393121253699064,0.005946640856564045,0.006268080789595842,0.004178720526397228
0.0,0.007382442709058523,0.01685122773051262,0.017011715099215508,0.016209276393055916,0.013160006143152714,0.013801958411931992,0.019098058342933655,0.015085861086845398,0.012678543105721474,0.014764885418117046,0.0157278124243021,0.012357567436993122,0.012678543105721474,0.016048789024353027,0.013320494443178177,0.014443909749388695,0.013641470111906528,0.011555127799510956,0.013160006143152714,0.013641470111906528,0.013160006143152714,0.014122934080660343,0.012197079136967659,0.011715615168213844,0.012197079136967659,0.013320494443178177,0.012357567436993122,0.012678543105721474,0.012197079136967659,0.011715615168213844,0.00930829718708992,0.009629272855818272,0.008826833218336105,0.012839030474424362,0.012036590836942196,0.012357567436993122,0.012678543105721474,0.01075268816202879,0.009147808887064457,0.012839030474424362,0.009147808887064457,0.009789761155843735,0.01075268816202879,0.008987321518361568,0.009629272855818272,0.008505857549607754,0.009629272855818272,0.012357567436993122,0.008666345849633217,0.00930829718708992,0.009789761155843735,0.008505857549607754,0.008345370180904865,0.008184881880879402,0.008826833218336105,0.009789761155843735,0.009789761155843735,0.008826833218336105,0.008024394512176514,0.008666345849633217,0.010431712493300438,0.008826833218336105,0.008024394512176514,0.009629272855818272,0.008184881880879402,0.007542930543422699,0.007542930543422699,0.007061467040330172,0.008826833218336105,0.00930829718708992,0.007703418377786875,0.009629272855818272,0.008666345849633217,0.00930829718708992,0.008024394512176514,0.010110736824572086,0.009629272855818272,0.006419515237212181,0.006580003071576357,0.005296099931001663,0.005617076065391302,0.006900979205965996,0.007703418377786875,0.00786390621215105,0.008505857549607754,0.006419515237212181,0.006900979205965996,0.005296099931001663,0.006419515237212181,0.006580003071576357,0.008826833218336105,0.007382442709058523,0.005296099931001663,0.006740490905940533,0.005938051734119654,0.006740490905940533,0.00786390621215105,0.006419515237212181,0.005617076065391302
0.0,0.009044959209859371,0.012769353576004505,0.020218143239617348,0.01197126880288124,0.015163606964051723,0.011705241166055202,0.014897579327225685,0.013301409780979156,0.01356743834912777,0.011173184029757977,0.014897579327225685,0.012769353576004505,0.0074487896636128426,0.012237297371029854,0.010375100187957287,0.012503325007855892,0.006384676788002253,0.013301409780979156,0.01143921259790659,0.014365523122251034,0.012503325007855892,0.009577015414834023,0.01143921259790659,0.011705241166055202,0.012503325007855892,0.00931098684668541,0.00931098684668541,0.012503325007855892,0.014365523122251034,0.010907156392931938,0.012237297371029854,0.010907156392931938,0.010641127824783325,0.00931098684668541,0.01197126880288124,0.01356743834912777,0.01143921259790659,0.013035382144153118,0.008246874436736107,0.010641127824783325,0.012503325007855892,0.010907156392931938,0.011705241166055202,0.011173184029757977,0.011173184029757977,0.010375100187957287,0.007714817766100168,0.012503325007855892,0.007980845868587494,0.006118648685514927,0.006916732992976904,0.01197126880288124,0.009044959209859371,0.009577015414834023,0.010375100187957287,0.01197126880288124,0.008246874436736107,0.009843043051660061,0.010641127824783325,0.009044959209859371,0.010375100187957287,0.008246874436736107,0.007182761561125517,0.00931098684668541,0.012503325007855892,0.00931098684668541,0.013833465985953808,0.009843043051660061,0.008246874436736107,0.008246874436736107,0.0074487896636128426,0.00931098684668541,0.008778930641710758,0.007182761561125517,0.008246874436736107,0.005320563912391663,0.007182761561125517,0.009577015414834023,0.007980845868587494,0.008246874436736107,0.008246874436736107,0.010907156392931938,0.008246874436736107,0.006384676788002253,0.0074487896636128426,0.008778930641710758,0.005852620583027601,0.006916732992976904,0.009044959209859371,0.006916732992976904,0.010109071619808674,0.007980845868587494,0.00931098684668541,0.006384676788002253,0.007714817766100168,0.007714817766100168,0.005852620583027601,0.006916732992976904,0.0074487896636128426
0.0,0.008822787553071976,0.015881018713116646,0.016133097931742668,0.015628939494490623,0.01285606250166893,0.011847743764519691,0.014872699975967407,0.011595664545893669,0.01058734580874443,0.01109150517731905,0.013108141720294952,0.014872699975967407,0.014116460457444191,0.012099823914468288,0.010839425027370453,0.012099823914468288,0.01235190313309431,0.01235190313309431,0.012603983283042908,0.008318629115819931,0.010083186440169811,0.01235190313309431,0.01235190313309431,0.011595664545893669,0.011847743764519691,0.011343584395945072,0.010083186440169811,0.013108141720294952,0.008822787553071976,0.010335265658795834,0.009831106290221214,0.01058734580874443,0.013612301088869572,0.008822787553071976,0.009074867703020573,0.011343584395945072,0.01058734580874443,0.010839425027370453,0.009579027071595192,0.010335265658795834,0.01109150517731905,0.008318629115819931,0.010335265658795834,0.01235190313309431,0.010839425027370453,0.014116460457444191,0.008570708334445953,0.008570708334445953,0.011343584395945072,0.006806150544434786,0.010839425027370453,0.010335265658795834,0.009831106290221214,0.008066548965871334,0.009579027071595192,0.01058734580874443,0.009326946921646595,0.008570708334445953,0.008066548965871334,0.012099823914468288,0.008318629115819931,0.01109150517731905,0.0070582302287220955,0.007562389597296715,0.01058734580874443,0.01336022187024355,0.008066548965871334,0.009074867703020573,0.006301991641521454,0.01058734580874443,0.009074867703020573,0.007310309913009405,0.006301991641521454,0.008066548965871334,0.006554070860147476,0.01058734580874443,0.013108141720294952,0.0070582302287220955,0.006049911957234144,0.009831106290221214,0.010083186440169811,0.006049911957234144,0.009831106290221214,0.011343584395945072,0.007814469747245312,0.007562389597296715,0.007814469747245312,0.007310309913009405,0.008066548965871334,0.006806150544434786,0.008570708334445953,0.0070582302287220955,0.009326946921646595,0.009326946921646595,0.009074867703020573,0.007814469747245312,0.007562389597296715,0.0070582302287220955,0.007310309913009405
0.0,0.009112287312746048,0.017636684700846672,0.01601998880505562,0.014697236940264702,0.01381540298461914,0.013668430037796497,0.015579070895910263,0.01484420895576477,0.016166960820555687,0.013668430037796497,0.014550264924764633,0.01440329197794199,0.017048794776201248,0.01396237500011921,0.011610817164182663,0.013668430037796497,0.01396237500011921,0.011904762126505375,0.012933568097651005,0.011169900186359882,0.009700176306068897,0.01381540298461914,0.014109347015619278,0.011316872201859951,0.014550264924764633,0.010288066230714321,0.011904762126505375,0.012933568097651005,0.011463845148682594,0.00999412126839161,0.012786596082150936,0.012198707088828087,0.010582010261714458,0.011316872201859951,0.010288066230714321,0.008818342350423336,0.011169900186359882,0.012492651119828224,0.008965314365923405,0.013227513059973717,0.012786596082150936,0.008377425372600555,0.009700176306068897,0.009700176306068897,0.011463845148682594,0.009700176306068897,0.009259259328246117,0.010728983208537102,0.008965314365923405,0.008965314365923405,0.01087595522403717,0.010582010261714458,0.01087595522403717,0.009700176306068897,0.008671369403600693,0.009406231343746185,0.010141093283891678,0.009700176306068897,0.007201645988970995,0.009406231343746185,0.0077895354479551315,0.011022927239537239,0.00690770149230957,0.009700176306068897,0.008377425372600555,0.0076425629667937756,0.008524397388100624,0.008377425372600555,0.007495590951293707,0.009406231343746185,0.006025867071002722,0.005878894589841366,0.008965314365923405,0.006760729011148214,0.0076425629667937756,0.010288066230714321,0.008818342350423336,0.007348618470132351,0.007054673507809639,0.0076425629667937756,0.008671369403600693,0.008377425372600555,0.006025867071002722,0.0077895354479551315,0.007348618470132351,0.008524397388100624,0.006613756529986858,0.0077895354479551315,0.005584950093179941,0.00690770149230957,0.007495590951293707,0.006613756529986858,0.006319812033325434,0.007495590951293707,0.006025867071002722,0.005437977612018585,0.004703115671873093,0.005584950093179941,0.006466784048825502
0.0,0.007092198356986046,0.020220311358571053,0.01780594512820244,0.012222724966704845,0.01161913387477398,0.012071827426552773,0.01840953715145588,0.013429908081889153,0.012675418518483639,0.014486192725598812,0.016598762944340706,0.014184396713972092,0.015089783817529678,0.012524520978331566,0.010864644311368465,0.012071827426552773,0.012524520978331566,0.013128112070262432,0.014787988737225533,0.01161913387477398,0.011468236334621906,0.0119209298864007,0.010411950759589672,0.013128112070262432,0.014637090265750885,0.012675418518483639,0.009959257207810879,0.014938886277377605,0.012222724966704845,0.011317337863147259,0.013580805622041225,0.011770031414926052,0.01297721453011036,0.013128112070262432,0.00890297256410122,0.011770031414926052,0.010713746771216393,0.008450279012322426,0.009506563656032085,0.011468236334621906,0.015089783817529678,0.010713746771216393,0.0119209298864007,0.012373623438179493,0.012071827426552773,0.009657462127506733,0.009355666115880013,0.009355666115880013,0.010864644311368465,0.010713746771216393,0.009657462127506733,0.009506563656032085,0.007997585460543633,0.008601176552474499,0.009808359667658806,0.007997585460543633,0.010110155679285526,0.010713746771216393,0.00814848393201828,0.00890297256410122,0.007997585460543633,0.007997585460543633,0.00814848393201828,0.008450279012322426,0.00784668792039156,0.007243096362799406,0.006337709259241819,0.00663950527086854,0.007997585460543633,0.011468236334621906,0.007997585460543633,0.006790402811020613,0.008601176552474499,0.007997585460543633,0.006337709259241819,0.00814848393201828,0.008450279012322426,0.008601176552474499,0.007393994368612766,0.005583220161497593,0.008450279012322426,0.00890297256410122,0.00663950527086854,0.0048287310637533665,0.007393994368612766,0.00528142461553216,0.0061868117190897465,0.007695789914578199,0.00663950527086854,0.007092198356986046,0.005885015707463026,0.00814848393201828,0.006790402811020613,0.00663950527086854,0.00663950527086854,0.007695789914578199,0.007544891908764839,0.00528142461553216,0.008299381472170353
0.0,0.04088050499558449,0.03494060039520264,0.03004891611635685,0.029350105673074722,0.03179594874382019,0.034591194242239,0.026904262602329254,0.026904262602329254,0.028301887214183807,0.022711390629410744,0.018169112503528595,0.016422081738710403,0.019916143268346786,0.020964359864592552,0.014325646683573723,0.013277428224682808,0.012229210697114468,0.016422081738710403,0.01747030019760132,0.018518518656492233,0.018169112503528595,0.014325646683573723,0.013976240530610085,0.006638714112341404,0.011180992238223553,0.00873515009880066,0.008385743945837021,0.012229210697114468,0.008385743945837021,0.00873515009880066,0.007337526418268681,0.005939902272075415,0.007337526418268681,0.008385743945837021,0.006638714112341404,0.005939902272075415,0.009783368557691574,0.009433962404727936,0.010482179932296276,0.007686932105571032,0.008036337792873383,0.005590496119111776,0.008385743945837021,0.006638714112341404,0.012229210697114468,0.00873515009880066,0.006289307959377766,0.008385743945837021,0.005590496119111776,0.004542278125882149,0.005241089966148138,0.006638714112341404,0.007337526418268681,0.006988120265305042,0.005939902272075415,0.007686932105571032,0.006289307959377766,0.005939902272075415,0.0041928719729185104,0.006638714112341404,0.004891684278845787,0.008385743945837021,0.0041928719729185104,0.005590496119111776,0.007337526418268681,0.005241089966148138,0.008385743945837021,0.004542278125882149,0.0041928719729185104,0.006988120265305042,0.004891684278845787,0.005590496119111776,0.003144653979688883,0.003144653979688883,0.004542278125882149,0.0041928719729185104,0.005241089966148138,0.006988120265305042,0.005241089966148138,0.005241089966148138,0.003843466052785516,0.005241089966148138,0.004891684278845787,0.006638714112341404,0.005939902272075415,0.0024458421394228935,0.0041928719729185104,0.006638714112341404,0.004891684278845787,0.003144653979688883,0.005590496119111776,0.002795248059555888,0.003144653979688883,0.002795248059555888,0.005241089966148138,0.005939902272075415,0.007686932105571032,0.004891684278845787,0.004891684278845787
0.0,0.04280756041407585,0.06729656457901001,0.05225607380270958,0.049942150712013245,0.03567296639084816,0.03663710132241249,0.03104512207210064,0.028345545753836632,0.028345545753836632,0.02429618127644062,0.024489009752869606,0.025645969435572624,0.01908985711634159,0.017354415729641914,0.01600462757050991,0.013883532956242561,0.016197454184293747,0.014269186183810234,0.013305052183568478,0.012340918183326721,0.011569610796868801,0.008677207864820957,0.007520246785134077,0.01214809063822031,0.009641341865062714,0.007520246785134077,0.008870034478604794,0.007327420171350241,0.007520246785134077,0.00848438125103712,0.007713073864579201,0.00983416847884655,0.006363285705447197,0.0057848053984344006,0.00848438125103712,0.005206324625760317,0.0050134980119764805,0.007134593091905117,0.007134593091905117,0.005591978318989277,0.005206324625760317,0.008098727092146873,0.006363285705447197,0.0057848053984344006,0.0053991517052054405,0.0053991517052054405,0.004820670932531357,0.006748939398676157,0.007327420171350241,0.007327420171350241,0.0038565369322896004,0.006170459091663361,0.004049363546073437,0.0053991517052054405,0.005591978318989277,0.005206324625760317,0.005591978318989277,0.005591978318989277,0.0034708832390606403,0.006556112784892321,0.0057848053984344006,0.0050134980119764805,0.004820670932531357,0.0046278443187475204,0.0053991517052054405,0.0032780563924461603,0.00424219062551856,0.005977632012218237,0.0050134980119764805,0.00424219062551856,0.0053991517052054405,0.0036637100856751204,0.005206324625760317,0.0032780563924461603,0.004820670932531357,0.0046278443187475204,0.0050134980119764805,0.0034708832390606403,0.0030852295458316803,0.0038565369322896004,0.0034708832390606403,0.0038565369322896004,0.004820670932531357,0.0028924026992172003,0.0046278443187475204,0.0053991517052054405,0.0032780563924461603,0.004049363546073437,0.0038565369322896004,0.0030852295458316803,0.0038565369322896004,0.0026995758526027203,0.0038565369322896004,0.0025067490059882402,0.0038565369322896004,0.0032780563924461603,0.0025067490059882402,0.0038565369322896004,0.0026995758526027203
0.0,0.019363583996891975,0.0386626236140728,0.03704898804426193,0.03349899873137474,0.028012650087475777,0.02910992130637169,0.028141740709543228,0.022978119552135468,0.025301748886704445,0.02233266644179821,0.019040856510400772,0.022590847685933113,0.018653584644198418,0.01710449904203415,0.016523592174053192,0.014909959398210049,0.015878139063715935,0.016846317797899246,0.016071774065494537,0.014651778154075146,0.016523592174053192,0.012586329132318497,0.011618150398135185,0.012457238510251045,0.010391789488494396,0.011295423842966557,0.011618150398135185,0.0128445103764534,0.011489059776067734,0.012263602577149868,0.010714516043663025,0.010069063864648342,0.009875427931547165,0.008068160153925419,0.009100884199142456,0.009294520132243633,0.008971793577075005,0.009681791998445988,0.007680888287723064,0.009165429510176182,0.008519976399838924,0.007809978909790516,0.008132705464959145,0.00729361642152071,0.00774543359875679,0.008455431088805199,0.00729361642152071,0.007874524220824242,0.00774543359875679,0.007616342976689339,0.006777254398912191,0.00619634659960866,0.006712709087878466,0.007551797665655613,0.00664816377684474,0.007099980488419533,0.0074227070435881615,0.006970889866352081,0.005744529888033867,0.0065190731547772884,0.007035435177385807,0.005615439265966415,0.007099980488419533,0.005228167399764061,0.006777254398912191,0.004711805377155542,0.005679984577000141,0.006325437221676111,0.004582714755088091,0.004840895999222994,0.005421803332865238,0.004776350688189268,0.004066352732479572,0.004969986621290445,0.004840895999222994,0.004389078821986914,0.004711805377155542,0.005228167399764061,0.004259988199919462,0.004324533510953188,0.003937262110412121,0.004840895999222994,0.004389078821986914,0.004647260066121817,0.004130898043513298,0.0037436261773109436,0.0041954428888857365,0.00490544131025672,0.004647260066121817,0.00490544131025672,0.0041954428888857365,0.0028399922885000706,0.0034208998549729586,0.004840895999222994,0.003033627988770604,0.003679080866277218,0.003291809232905507,0.003356354543939233,0.0035499902442097664
0.0,0.05005843564867973,0.07732761651277542,0.06232956796884537,0.049863655120134354,0.05005843564867973,0.04479937627911568,0.04187767952680588,0.03369692340493202,0.029022205621004105,0.025516167283058167,0.024542266502976418,0.022594468668103218,0.02220490761101246,0.02045188844203949,0.01928321085870266,0.01928321085870266,0.01753019168972969,0.013050253503024578,0.014998052269220352,0.01012855488806963,0.013245033100247383,0.010323334485292435,0.00895987544208765,0.007985975593328476,0.01071289461106062,0.007985975593328476,0.008765095844864845,0.00895987544208765,0.006038176827132702,0.006232956890016794,0.007401636335998774,0.005453837104141712,0.006232956890016794,0.0058433967642486095,0.005453837104141712,0.00525905704125762,0.004090378060936928,0.0038955979980528355,0.0066225165501236916,0.0056486171670258045,0.0048694973811507225,0.0048694973811507225,0.005064277444034815,0.0033112582750618458,0.004285157658159733,0.003700818167999387,0.004479937721043825,0.002726918552070856,0.003116478445008397,0.0048694973811507225,0.0035060381051152945,0.0046747177839279175,0.0033112582750618458,0.004090378060936928,0.0038955979980528355,0.004090378060936928,0.0038955979980528355,0.0046747177839279175,0.0025321387220174074,0.004090378060936928,0.0048694973811507225,0.003116478445008397,0.004090378060936928,0.0035060381051152945,0.003116478445008397,0.0048694973811507225,0.0035060381051152945,0.0033112582750618458,0.004285157658159733,0.004285157658159733,0.003700818167999387,0.0035060381051152945,0.003116478445008397,0.004285157658159733,0.0029216983821243048,0.0046747177839279175,0.0038955979980528355,0.0035060381051152945,0.0025321387220174074,0.0025321387220174074,0.004090378060936928,0.003700818167999387,0.004090378060936928,0.0021425788290798664,0.0025321387220174074,0.004285157658159733,0.003116478445008397,0.0017530190525576472,0.0021425788290798664,0.0015582392225041986,0.003116478445008397,0.003116478445008397,0.002726918552070856,0.0029216983821243048,0.002726918552070856,0.0019477989990264177,0.0033112582750618458,0.0015582392225041986,0.0017530190525576472
0.0,0.018074821680784225,0.029634300619363785,0.027112232521176338,0.020596889778971672,0.020596889778971672,0.019335854798555374,0.020596889778971672,0.020386716350913048,0.0182849932461977,0.01492223609238863,0.016393441706895828,0.0182849932461977,0.0178646482527256,0.016393441706895828,0.017023960128426552,0.014081547036767006,0.01450189109891653,0.013661202043294907,0.014291719533503056,0.011769651435315609,0.01155947893857956,0.011979823000729084,0.01071878895163536,0.013871374540030956,0.009667927399277687,0.01134930644184351,0.011769651435315609,0.012189995497465134,0.01113913394510746,0.01155947893857956,0.008196720853447914,0.007145859766751528,0.010088272392749786,0.008827238343656063,0.006935687270015478,0.009037410840392113,0.009037410840392113,0.009667927399277687,0.01071878895163536,0.00735603179782629,0.008827238343656063,0.00756620429456234,0.008406893350183964,0.009247583337128162,0.009037410840392113,0.008617065846920013,0.009457754902541637,0.01071878895163536,0.006935687270015478,0.008406893350183964,0.007145859766751528,0.0067255147732794285,0.009457754902541637,0.0067255147732794285,0.01071878895163536,0.00756620429456234,0.009037410840392113,0.009457754902541637,0.01071878895163536,0.0067255147732794285,0.007986549288034439,0.006515342742204666,0.007986549288034439,0.005674653220921755,0.008196720853447914,0.007145859766751528,0.00756620429456234,0.010088272392749786,0.008617065846920013,0.006515342742204666,0.0048339636996388435,0.007986549288034439,0.00735603179782629,0.005464480724185705,0.0077763767912983894,0.006094997748732567,0.0063051702454686165,0.008827238343656063,0.009037410840392113,0.005254308693110943,0.0048339636996388435,0.004623791668564081,0.004203446675091982,0.0067255147732794285,0.005674653220921755,0.0067255147732794285,0.007986549288034439,0.005674653220921755,0.0039932746440172195,0.0077763767912983894,0.007145859766751528,0.00735603179782629,0.0067255147732794285,0.006515342742204666,0.0063051702454686165,0.0063051702454686165,0.005044136196374893,0.005674653220921755,0.00735603179782629
0.0,0.010676156729459763,0.013760379515588284,0.01542111486196518,0.016370106488466263,0.013048635795712471,0.014234875328838825,0.011625148355960846,0.014472123235464096,0.01542111486196518,0.014234875328838825,0.013760379515588284,0.008778173476457596,0.011625148355960846,0.0128113878890872,0.012099644169211388,0.014709371142089367,0.01257413998246193,0.011862396262586117,0.011625148355960846,0.014472123235464096,0.012336892075836658,0.009252669289708138,0.0128113878890872,0.014946619048714638,0.010913404636085033,0.010676156729459763,0.014709371142089367,0.012336892075836658,0.013048635795712471,0.010676156729459763,0.012099644169211388,0.00996441300958395,0.010676156729459763,0.013048635795712471,0.011150652542710304,0.008303677663207054,0.009489917196333408,0.00996441300958395,0.010201660916209221,0.010438908822834492,0.009015421383082867,0.008066429756581783,0.012336892075836658,0.011150652542710304,0.010676156729459763,0.008540925569832325,0.009252669289708138,0.009489917196333408,0.00972716510295868,0.009252669289708138,0.008303677663207054,0.00972716510295868,0.00972716510295868,0.008066429756581783,0.008303677663207054,0.00972716510295868,0.010676156729459763,0.009252669289708138,0.007591933477669954,0.011387900449335575,0.009252669289708138,0.011150652542710304,0.008778173476457596,0.008778173476457596,0.009489917196333408,0.008540925569832325,0.010201660916209221,0.008303677663207054,0.008066429756581783,0.011150652542710304,0.007829181849956512,0.007591933477669954,0.008778173476457596,0.008303677663207054,0.009252669289708138,0.008303677663207054,0.00996441300958395,0.007117437664419413,0.007829181849956512,0.007829181849956512,0.004744958598166704,0.00972716510295868,0.010201660916209221,0.008066429756581783,0.0056939502246677876,0.005931198131293058,0.007117437664419413,0.006880189757794142,0.010438908822834492,0.007117437664419413,0.0064056939445436,0.005456702318042517,0.0056939502246677876,0.010201660916209221,0.005931198131293058,0.008778173476457596,0.007829181849956512,0.009252669289708138,0.007117437664419413
0.0,0.04623878374695778,0.04554865509271622,0.04140786826610565,0.0317460335791111,0.028640441596508026,0.03243616223335266,0.03347136080265045,0.02277432754635811,0.02277432754635811,0.02346445806324482,0.01656314730644226,0.01621808111667633,0.01552795059978962,0.014837819151580334,0.018288474529981613,0.012767425738275051,0.017598344013094902,0.018288474529981613,0.018288474529981613,0.020358867943286896,0.019668737426400185,0.01690821163356304,0.014492753893136978,0.014492753893136978,0.013457557186484337,0.014492753893136978,0.009661835618317127,0.00828157365322113,0.009661835618317127,0.009661835618317127,0.005521048791706562,0.009661835618317127,0.007591442205011845,0.011387163773179054,0.008971704170107841,0.005866114515811205,0.011042097583413124,0.008626638911664486,0.00828157365322113,0.008971704170107841,0.008626638911664486,0.006556245498359203,0.009316770359873772,0.0051759835332632065,0.00828157365322113,0.008971704170107841,0.005866114515811205,0.006556245498359203,0.005521048791706562,0.006556245498359203,0.003105590119957924,0.004140786826610565,0.005521048791706562,0.005866114515811205,0.006901311222463846,0.004485852085053921,0.004140786826610565,0.004140786826610565,0.0051759835332632065,0.005866114515811205,0.003450655611231923,0.004485852085053921,0.002760524395853281,0.004830917809158564,0.004140786826610565,0.005521048791706562,0.003450655611231923,0.002760524395853281,0.004830917809158564,0.008626638911664486,0.004140786826610565,0.004830917809158564,0.0051759835332632065,0.006556245498359203,0.003450655611231923,0.003450655611231923,0.003105590119957924,0.003450655611231923,0.003105590119957924,0.004830917809158564,0.004830917809158564,0.0051759835332632065,0.003450655611231923,0.004140786826610565,0.003105590119957924,0.004140786826610565,0.004830917809158564,0.004140786826610565,0.003450655611231923,0.0020703934133052826,0.004830917809158564,0.0020703934133052826,0.004485852085053921,0.004485852085053921,0.003450655611231923,0.004830917809158564,0.004485852085053921,0.004140786826610565,0.006211180239915848
0.0,0.04491205886006355,0.08793970197439194,0.08762563019990921,0.06564070284366608,0.04554020240902901,0.03486181050539017,0.03768844157457352,0.03611809015274048,0.03172110393643379,0.024811558425426483,0.02920854277908802,0.028266331180930138,0.02261306531727314,0.0210427138954401,0.014447236433625221,0.015075377188622952,0.01130653265863657,0.007851758971810341,0.01005025114864111,0.0119346734136343,0.010364321991801262,0.009736181236803532,0.007851758971810341,0.00942211039364338,0.00471105519682169,0.0069095478393137455,0.00596733670681715,0.00942211039364338,0.0043969848193228245,0.005653266329318285,0.005653266329318285,0.00471105519682169,0.0034547739196568727,0.0034547739196568727,0.00471105519682169,0.00471105519682169,0.00471105519682169,0.0043969848193228245,0.00596733670681715,0.00533919595181942,0.00533919595181942,0.00659547746181488,0.004082914441823959,0.005025125574320555,0.0025125627871602774,0.0043969848193228245,0.0028266331646591425,0.005653266329318285,0.0034547739196568727,0.005653266329318285,0.0028266331646591425,0.0043969848193228245,0.005653266329318285,0.0031407035421580076,0.005025125574320555,0.004082914441823959,0.0034547739196568727,0.004082914441823959,0.0043969848193228245,0.0031407035421580076,0.0031407035421580076,0.00471105519682169,0.005025125574320555,0.0009422110742889345,0.0034547739196568727,0.0028266331646591425,0.0028266331646591425,0.004082914441823959,0.0031407035421580076,0.005025125574320555,0.0021984924096614122,0.00471105519682169,0.0034547739196568727,0.004082914441823959,0.004082914441823959,0.0028266331646591425,0.004082914441823959,0.0021984924096614122,0.0015703517710790038,0.0012562813935801387,0.0015703517710790038,0.005025125574320555,0.004082914441823959,0.0021984924096614122,0.0028266331646591425,0.004082914441823959,0.0028266331646591425,0.0021984924096614122,0.00471105519682169,0.0015703517710790038,0.0031407035421580076,0.0031407035421580076,0.0025125627871602774,0.001884422148577869,0.0034547739196568727,0.0025125627871602774,0.0031407035421580076,0.0034547739196568727,0.004082914441823959
0.0,0.04741158336400986,0.06535109877586365,0.13198359310626984,0.06330087035894394,0.04894925653934479,0.05330599844455719,0.04561763256788254,0.034597642719745636,0.031778573989868164,0.025371603667736053,0.022039979696273804,0.02280881628394127,0.017426960170269012,0.015633009374141693,0.01460789330303669,0.016658123582601547,0.01307022012770176,0.011019989848136902,0.00896975863724947,0.009738595224916935,0.007432085927575827,0.008457201533019543,0.007175807375460863,0.009738595224916935,0.006406970787793398,0.006919528357684612,0.005638134200125933,0.007175807375460863,0.006150691770017147,0.0076883649453520775,0.0035879036877304316,0.005125576630234718,0.0035879036877304316,0.0076883649453520775,0.004356740042567253,0.004356740042567253,0.002306509530171752,0.004356740042567253,0.005638134200125933,0.0033316249027848244,0.0035879036877304316,0.002306509530171752,0.0028190671000629663,0.00410046149045229,0.00410046149045229,0.0048692976124584675,0.004613019060343504,0.0033316249027848244,0.0028190671000629663,0.002050230745226145,0.002050230745226145,0.0028190671000629663,0.0033316249027848244,0.00410046149045229,0.0035879036877304316,0.0035879036877304316,0.0038441824726760387,0.0035879036877304316,0.002306509530171752,0.002050230745226145,0.0028190671000629663,0.0038441824726760387,0.004613019060343504,0.0030753458850085735,0.0033316249027848244,0.002562788315117359,0.0038441824726760387,0.002562788315117359,0.0035879036877304316,0.004356740042567253,0.0035879036877304316,0.0012813941575586796,0.002562788315117359,0.00410046149045229,0.0033316249027848244,0.002050230745226145,0.0035879036877304316,0.002050230745226145,0.002306509530171752,0.0028190671000629663,0.002306509530171752,0.0033316249027848244,0.0030753458850085735,0.0028190671000629663,0.0028190671000629663,0.0017939518438652158,0.004356740042567253,0.0038441824726760387,0.0017939518438652158,0.005125576630234718,0.002562788315117359,0.0028190671000629663,0.002306509530171752,0.0033316249027848244,0.0017939518438652158,0.0035879036877304316,0.0017939518438652158,0.0033316249027848244,0.002306509530171752
0.0,0.10326488316059113,0.10503767430782318,0.10385581105947495,0.0712069720029831,0.06426355242729187,0.05185404047369957,0.04875166341662407,0.03634214773774147,0.030876053497195244,0.02703501284122467,0.02703501284122467,0.02363716997206211,0.016102822497487068,0.014773230999708176,0.01196631696075201,0.016398286446928978,0.010636726394295692,0.008863938972353935,0.007682079914957285,0.007091150619089603,0.007238883059471846,0.007386615499854088,0.004284237045794725,0.0057615600526332855,0.004136504605412483,0.004136504605412483,0.004284237045794725,0.003988772165030241,0.004875166341662407,0.004284237045794725,0.002659181598573923,0.002659181598573923,0.0028069138061255217,0.0028069138061255217,0.002954646246507764,0.004431969486176968,0.004875166341662407,0.0031023784540593624,0.0032501108944416046,0.003693307749927044,0.002511449158191681,0.0017727876547724009,0.002215984743088484,0.0019205199787393212,0.002511449158191681,0.0023637169506400824,0.003397843101993203,0.002954646246507764,0.002659181598573923,0.0032501108944416046,0.0017727876547724009,0.0031023784540593624,0.0016250554472208023,0.002511449158191681,0.0031023784540593624,0.0019205199787393212,0.002215984743088484,0.0023637169506400824,0.003397843101993203,0.0023637169506400824,0.0023637169506400824,0.0017727876547724009,0.002954646246507764,0.0023637169506400824,0.0013295907992869616,0.0032501108944416046,0.0031023784540593624,0.0011818584753200412,0.0023637169506400824,0.0028069138061255217,0.0019205199787393212,0.002511449158191681,0.002215984743088484,0.0023637169506400824,0.001477323123253882,0.0023637169506400824,0.002954646246507764,0.0028069138061255217,0.002215984743088484,0.002215984743088484,0.0023637169506400824,0.0017727876547724009,0.002511449158191681,0.0016250554472208023,0.0023637169506400824,0.0023637169506400824,0.0017727876547724009,0.0019205199787393212,0.0019205199787393212,0.0017727876547724009,0.001477323123253882,0.0016250554472208023,0.0011818584753200412,0.0017727876547724009,0.0010341261513531208,0.0017727876547724009,0.0013295907992869616,0.0016250554472208023,0.0010341261513531208
0.0,0.06478291004896164,0.08390764892101288,0.10561681538820267,0.06426602602005005,0.045313578099012375,0.04341833293437958,0.04186767712235451,0.03428670018911362,0.03032391518354416,0.022053755819797516,0.020847691223025322,0.0192970372736454,0.018435562029480934,0.01619572751224041,0.014128187671303749,0.014989661984145641,0.013094417750835419,0.011543762870132923,0.0096485186368227,0.008097863756120205,0.010682287625968456,0.007925568148493767,0.006202619057148695,0.0063749137334525585,0.006547208875417709,0.004651964176446199,0.005341143812984228,0.005858028773218393,0.006030323915183544,0.005341143812984228,0.00379048939794302,0.005513438954949379,0.00568573409691453,0.004996553994715214,0.005513438954949379,0.00482425931841135,0.005341143812984228,0.004651964176446199,0.004996553994715214,0.0027567194774746895,0.00482425931841135,0.00379048939794302,0.005168849136680365,0.005168849136680365,0.00482425931841135,0.00379048939794302,0.00379048939794302,0.0022398345172405243,0.004307374358177185,0.004996553994715214,0.003445899346843362,0.004135079216212034,0.004135079216212034,0.0029290143866091967,0.00379048939794302,0.003618194255977869,0.004307374358177185,0.004135079216212034,0.003618194255977869,0.0025844245683401823,0.0022398345172405243,0.0031013095285743475,0.003618194255977869,0.004479669034481049,0.004651964176446199,0.004135079216212034,0.003962784074246883,0.0022398345172405243,0.0032736044377088547,0.003445899346843362,0.002412129659205675,0.00379048939794302,0.0031013095285743475,0.004651964176446199,0.003618194255977869,0.003618194255977869,0.003445899346843362,0.003445899346843362,0.0022398345172405243,0.003618194255977869,0.0032736044377088547,0.0031013095285743475,0.003445899346843362,0.0029290143866091967,0.0025844245683401823,0.00379048939794302,0.0025844245683401823,0.0029290143866091967,0.003445899346843362,0.003445899346843362,0.0027567194774746895,0.003618194255977869,0.0027567194774746895,0.0027567194774746895,0.002412129659205675,0.0031013095285743475,0.002067539608106017,0.0022398345172405243,0.0029290143866091967
0.0,0.037739578634500504,0.059079233556985855,0.05532503500580788,0.0416913665831089,0.034775737673044205,0.034380558878183365,0.032404664903879166,0.026279391720891,0.02687215991318226,0.0252914447337389,0.02469867654144764,0.02054929919540882,0.017980637028813362,0.016795100644230843,0.017585458233952522,0.016004743054509163,0.01205295417457819,0.01304090116173029,0.01086741778999567,0.01066982839256525,0.01185536477714777,0.01165777537971735,0.01007706020027399,0.00987947080284357,0.00948429200798273,0.007310808170586824,0.006718039978295565,0.008101166225969791,0.01047223899513483,0.007508397568017244,0.008496345020830631,0.0071132187731564045,0.006915629375725985,0.006915629375725985,0.005532503593713045,0.008496345020830631,0.008298755623400211,0.007705986965447664,0.008891523815691471,0.005730092991143465,0.0071132187731564045,0.005927682388573885,0.005927682388573885,0.004939735401421785,0.005532503593713045,0.005927682388573885,0.004742146003991365,0.006322861183434725,0.005137324798852205,0.004939735401421785,0.0033590199891477823,0.005137324798852205,0.006125271786004305,0.004742146003991365,0.005927682388573885,0.006125271786004305,0.005532503593713045,0.006125271786004305,0.004742146003991365,0.006125271786004305,0.005532503593713045,0.005334914196282625,0.005137324798852205,0.005334914196282625,0.006322861183434725,0.005927682388573885,0.005927682388573885,0.005532503593713045,0.005532503593713045,0.005532503593713045,0.004742146003991365,0.004346967209130526,0.005532503593713045,0.005532503593713045,0.004939735401421785,0.005730092991143465,0.0045445566065609455,0.005334914196282625,0.005334914196282625,0.004742146003991365,0.004939735401421785,0.004149377811700106,0.003951788414269686,0.005927682388573885,0.005532503593713045,0.004346967209130526,0.003754198784008622,0.005730092991143465,0.004939735401421785,0.0035566093865782022,0.004939735401421785,0.0027662517968565226,0.0045445566065609455,0.0045445566065609455,0.003754198784008622,0.003754198784008622,0.004346967209130526,0.0025686623994261026,0.0033590199891477823
0.0,0.019100580364465714,0.033123791217803955,0.03384913131594658,0.025145066902041435,0.022243713960051537,0.024177949875593185,0.023210830986499786,0.01934235915541649,0.019825918599963188,0.022243713960051537,0.01692456565797329,0.01885880157351494,0.017166344448924065,0.020067697390913963,0.013297872617840767,0.011605415493249893,0.012088974937796593,0.012088974937796593,0.012814313173294067,0.00918762106448412,0.011121856980025768,0.014264990575611591,0.010396518744528294,0.010396518744528294,0.010154739022254944,0.009671179577708244,0.00942940078675747,0.009912959299981594,0.013781431131064892,0.009912959299981594,0.007253384683281183,0.008462282828986645,0.00918762106448412,0.00870406161993742,0.010396518744528294,0.007736944127827883,0.009671179577708244,0.008220503106713295,0.010638297535479069,0.006528046447783709,0.009912959299981594,0.007253384683281183,0.00894584134221077,0.00870406161993742,0.00942940078675747,0.00894584134221077,0.008462282828986645,0.009912959299981594,0.00942940078675747,0.007011605426669121,0.007978723384439945,0.009671179577708244,0.007253384683281183,0.006044487468898296,0.00870406161993742,0.007253384683281183,0.00870406161993742,0.008220503106713295,0.007978723384439945,0.006286266725510359,0.00894584134221077,0.007978723384439945,0.007495164405554533,0.009912959299981594,0.007011605426669121,0.007011605426669121,0.008220503106713295,0.007495164405554533,0.004835589788854122,0.007011605426669121,0.005802707746624947,0.00942940078675747,0.006528046447783709,0.006769825704395771,0.007011605426669121,0.007011605426669121,0.005802707746624947,0.008220503106713295,0.005319148767739534,0.007011605426669121,0.007495164405554533,0.00459381053224206,0.006769825704395771,0.006044487468898296,0.006528046447783709,0.006286266725510359,0.006528046447783709,0.006528046447783709,0.0038684720639139414,0.005077369511127472,0.006528046447783709,0.004835589788854122,0.006286266725510359,0.0041102515533566475,0.00435203080996871,0.005077369511127472,0.005560928490012884,0.005319148767739534,0.005077369511127472
0.0,0.006275212857872248,0.017032720148563385,0.014791573397815228,0.0132227698341012,0.015239803120493889,0.014791573397815228,0.014343343675136566,0.012774540111422539,0.012774540111422539,0.010981622152030468,0.01142985187470913,0.010981622152030468,0.013670999556779861,0.014119229279458523,0.014567459002137184,0.012102195993065834,0.011205737479031086,0.012102195993065834,0.014567459002137184,0.009861049242317677,0.015015687793493271,0.010757507756352425,0.011653967201709747,0.010981622152030468,0.012326311320066452,0.0132227698341012,0.009861049242317677,0.013670999556779861,0.00874047540128231,0.015015687793493271,0.012102195993065834,0.00829224567860365,0.012774540111422539,0.010757507756352425,0.010309278033673763,0.008516360074281693,0.010757507756352425,0.01008516363799572,0.009861049242317677,0.010981622152030468,0.01142985187470913,0.009188704192638397,0.010533393360674381,0.01008516363799572,0.010757507756352425,0.007844015955924988,0.01142985187470913,0.009188704192638397,0.01187808159738779,0.010757507756352425,0.009412819519639015,0.008516360074281693,0.009412819519639015,0.010757507756352425,0.010757507756352425,0.01187808159738779,0.010757507756352425,0.010757507756352425,0.010533393360674381,0.009412819519639015,0.008516360074281693,0.011653967201709747,0.009188704192638397,0.008068131282925606,0.01008516363799572,0.009188704192638397,0.01008516363799572,0.010309278033673763,0.00829224567860365,0.00829224567860365,0.00874047540128231,0.009188704192638397,0.007395786698907614,0.00829224567860365,0.009188704192638397,0.007844015955924988,0.008964589796960354,0.00874047540128231,0.007619901560246944,0.007619901560246944,0.006723442580550909,0.007619901560246944,0.009636933915317059,0.006499327719211578,0.007844015955924988,0.006499327719211578,0.006275212857872248,0.009861049242317677,0.007395786698907614,0.007171671837568283,0.007844015955924988,0.005826983600854874,0.007395786698907614,0.006723442580550909,0.006499327719211578,0.006499327719211578,0.006051097996532917,0.005826983600854874,0.006723442580550909
0.0,0.010615329258143902,0.016912559047341347,0.015113350003957748,0.011514933779835701,0.010255487635731697,0.01295430026948452,0.015833033248782158,0.012594458647072315,0.016732636839151382,0.01223461702466011,0.011514933779835701,0.010975170880556107,0.01223461702466011,0.015293271280825138,0.012414537370204926,0.011874775402247906,0.01205469574779272,0.016192875802516937,0.01223461702466011,0.012414537370204926,0.01205469574779272,0.011155092157423496,0.01349406223744154,0.01295430026948452,0.014753508381545544,0.01367398351430893,0.009175962768495083,0.010615329258143902,0.01205469574779272,0.008996041491627693,0.01205469574779272,0.013134220615029335,0.012414537370204926,0.011155092157423496,0.009715724736452103,0.010615329258143902,0.010435407981276512,0.011155092157423496,0.010075566358864307,0.008816121146082878,0.010435407981276512,0.010615329258143902,0.009175962768495083,0.011514933779835701,0.010615329258143902,0.012414537370204926,0.010435407981276512,0.008996041491627693,0.012414537370204926,0.010075566358864307,0.009895646013319492,0.009175962768495083,0.007376754190772772,0.008996041491627693,0.010975170880556107,0.011335012502968311,0.008996041491627693,0.009715724736452103,0.010075566358864307,0.008456279523670673,0.008276358246803284,0.011155092157423496,0.007736595813184977,0.008276358246803284,0.009175962768495083,0.007916516624391079,0.010615329258143902,0.006657070945948362,0.009355883114039898,0.009895646013319492,0.006117308512330055,0.010435407981276512,0.007016912568360567,0.008276358246803284,0.008636199869215488,0.006297229323536158,0.008636199869215488,0.006836991757154465,0.007916516624391079,0.007736595813184977,0.006117308512330055,0.009535804390907288,0.009535804390907288,0.008816121146082878,0.007556675001978874,0.00647715013474226,0.00647715013474226,0.007736595813184977,0.005937387701123953,0.006297229323536158,0.008996041491627693,0.005577546078711748,0.006836991757154465,0.007916516624391079,0.009175962768495083,0.005217703990638256,0.006657070945948362,0.008456279523670673,0.007556675001978874
0.0,0.006388804409652948,0.019774870947003365,0.019774870947003365,0.017341040074825287,0.014907210133969784,0.015515667386353016,0.013690294697880745,0.01247338019311428,0.014298752881586552,0.011256464757025242,0.012777608819305897,0.015819896012544632,0.014602981507778168,0.013994524255394936,0.0152114387601614,0.013690294697880745,0.014298752881586552,0.010343778878450394,0.010952236130833626,0.011560693383216858,0.010952236130833626,0.010952236130833626,0.016732582822442055,0.011560693383216858,0.010343778878450394,0.013690294697880745,0.009735320694744587,0.009126863442361355,0.009431092068552971,0.012169151566922665,0.01247338019311428,0.008518406189978123,0.01064800750464201,0.01064800750464201,0.008518406189978123,0.008518406189978123,0.01064800750464201,0.010952236130833626,0.009126863442361355,0.01064800750464201,0.009431092068552971,0.01064800750464201,0.010039549320936203,0.0076057193800807,0.008518406189978123,0.010039549320936203,0.008518406189978123,0.012169151566922665,0.012777608819305897,0.009126863442361355,0.01064800750464201,0.008214176632463932,0.010343778878450394,0.010039549320936203,0.011560693383216858,0.008518406189978123,0.009735320694744587,0.011256464757025242,0.010343778878450394,0.011560693383216858,0.010343778878450394,0.007909948006272316,0.007301490753889084,0.007301490753889084,0.009126863442361355,0.009431092068552971,0.010039549320936203,0.007909948006272316,0.006997262127697468,0.006997262127697468,0.008822634816169739,0.008214176632463932,0.009126863442361355,0.008214176632463932,0.006388804409652948,0.008518406189978123,0.0066930330358445644,0.006997262127697468,0.008518406189978123,0.006388804409652948,0.006084575783461332,0.007909948006272316,0.009431092068552971,0.006388804409652948,0.0066930330358445644,0.009431092068552971,0.006084575783461332,0.0066930330358445644,0.008214176632463932,0.009735320694744587,0.0066930330358445644,0.006997262127697468,0.008518406189978123,0.008214176632463932,0.007301490753889084,0.009126863442361355,0.003954974003136158,0.009126863442361355,0.006997262127697468
0.0,0.0094953877851367,0.01627780869603157,0.016006510704755783,0.01139446534216404,0.01329354289919138,0.015463917516171932,0.014650027267634869,0.016820400953292847,0.013836137019097805,0.012750949710607529,0.01329354289919138,0.012750949710607529,0.011665762402117252,0.013022246770560741,0.012479652650654316,0.013022246770560741,0.01139446534216404,0.014107433147728443,0.011937059462070465,0.01329354289919138,0.010851872153580189,0.014650027267634869,0.009766684845089912,0.010580575093626976,0.011665762402117252,0.013022246770560741,0.010580575093626976,0.01329354289919138,0.015735214576125145,0.010037981905043125,0.013564839959144592,0.009224090725183487,0.010851872153580189,0.013022246770560741,0.008952794596552849,0.016006510704755783,0.010851872153580189,0.010580575093626976,0.010851872153580189,0.009766684845089912,0.010851872153580189,0.009224090725183487,0.010580575093626976,0.010309278033673763,0.008410200476646423,0.010851872153580189,0.011937059462070465,0.009224090725183487,0.007867607288062572,0.012208355590701103,0.009224090725183487,0.010037981905043125,0.011123168282210827,0.010309278033673763,0.008681497536599636,0.010037981905043125,0.008681497536599636,0.00759631022810936,0.008138904348015785,0.007053716573864222,0.008952794596552849,0.010580575093626976,0.008138904348015785,0.00759631022810936,0.007053716573864222,0.008138904348015785,0.006511123385280371,0.007325013633817434,0.00569723267108202,0.009766684845089912,0.009224090725183487,0.006239826325327158,0.009224090725183487,0.009224090725183487,0.008138904348015785,0.0059685297310352325,0.008138904348015785,0.006239826325327158,0.00759631022810936,0.007325013633817434,0.008138904348015785,0.010851872153580189,0.008138904348015785,0.008952794596552849,0.010851872153580189,0.008138904348015785,0.007325013633817434,0.007325013633817434,0.007867607288062572,0.00759631022810936,0.007325013633817434,0.008410200476646423,0.0059685297310352325,0.006782419979572296,0.00759631022810936,0.008138904348015785,0.007325013633817434,0.007053716573864222,0.0059685297310352325
0.0,0.014079549349844456,0.03167898580431938,0.024991199374198914,0.023231256753206253,0.015135515481233597,0.016543470323085785,0.017951425164937973,0.01478352677077055,0.016895459964871407,0.013727560639381409,0.014431538060307503,0.015135515481233597,0.012671594507992268,0.01126363966614008,0.010911650955677032,0.0175994373857975,0.010207673534750938,0.013375571928918362,0.015487504191696644,0.01231960579752922,0.009503696113824844,0.00879971869289875,0.010207673534750938,0.01126363966614008,0.010911650955677032,0.013375571928918362,0.009503696113824844,0.009855684824287891,0.010207673534750938,0.00879971869289875,0.007743752095848322,0.008095741271972656,0.008095741271972656,0.00879971869289875,0.009151707403361797,0.010559662245213985,0.008447729982435703,0.007391763385385275,0.009503696113824844,0.012671594507992268,0.009151707403361797,0.009855684824287891,0.005279831122606993,0.007743752095848322,0.010207673534750938,0.009503696113824844,0.012671594507992268,0.007391763385385275,0.01478352677077055,0.007039774674922228,0.009151707403361797,0.008095741271972656,0.009855684824287891,0.007391763385385275,0.009151707403361797,0.007391763385385275,0.009151707403361797,0.007743752095848322,0.010911650955677032,0.009503696113824844,0.008447729982435703,0.009855684824287891,0.012671594507992268,0.009503696113824844,0.008095741271972656,0.006687785964459181,0.009503696113824844,0.006687785964459181,0.009503696113824844,0.01126363966614008,0.010911650955677032,0.009503696113824844,0.007039774674922228,0.005983808543533087,0.009855684824287891,0.006335797253996134,0.00879971869289875,0.006687785964459181,0.007743752095848322,0.004927842412143946,0.007391763385385275,0.008447729982435703,0.007743752095848322,0.007039774674922228,0.00563181983307004,0.009855684824287891,0.006687785964459181,0.006687785964459181,0.006687785964459181,0.003871876047924161,0.005279831122606993,0.005279831122606993,0.010911650955677032,0.009503696113824844,0.00879971869289875,0.005279831122606993,0.004927842412143946,0.00563181983307004,0.007039774674922228
0.0,0.014433391392230988,0.025551004335284233,0.02008972130715847,0.01813926361501217,0.01677394099533558,0.01618880406022072,0.0169689878821373,0.015408621169626713,0.0169689878821373,0.011897795833647251,0.0169689878821373,0.013848254457116127,0.013653208501636982,0.014238346368074417,0.012287887744605541,0.012287887744605541,0.009752292186021805,0.013848254457116127,0.014238346368074417,0.009947337210178375,0.013068070635199547,0.013068070635199547,0.013848254457116127,0.01053247507661581,0.013653208501636982,0.014238346368074417,0.012092841789126396,0.01014238316565752,0.011507703922688961,0.012873025611042976,0.010337429121136665,0.007996879518032074,0.01131265889853239,0.01014238316565752,0.009752292186021805,0.01131265889853239,0.012287887744605541,0.0109225669875741,0.01053247507661581,0.010337429121136665,0.011702749878168106,0.007801833562552929,0.009947337210178375,0.008972108364105225,0.0109225669875741,0.010337429121136665,0.010727521032094955,0.009752292186021805,0.007996879518032074,0.008972108364105225,0.007216695696115494,0.01053247507661581,0.00877706240862608,0.007411741651594639,0.009362200275063515,0.007411741651594639,0.010337429121136665,0.007021650206297636,0.007606787607073784,0.008972108364105225,0.007216695696115494,0.0109225669875741,0.00838697049766779,0.007801833562552929,0.007801833562552929,0.00955724623054266,0.007996879518032074,0.00838697049766779,0.00877706240862608,0.006241466850042343,0.006826604250818491,0.007606787607073784,0.005656329449266195,0.007996879518032074,0.00838697049766779,0.006436512805521488,0.006241466850042343,0.007996879518032074,0.007021650206297636,0.006046420894563198,0.007411741651594639,0.007216695696115494,0.006436512805521488,0.006826604250818491,0.007216695696115494,0.008191925473511219,0.009752292186021805,0.00877706240862608,0.005656329449266195,0.007606787607073784,0.006631558295339346,0.006631558295339346,0.005266237538307905,0.007216695696115494,0.006241466850042343,0.005656329449266195,0.007216695696115494,0.004876146093010902,0.006631558295339346
0.0,0.030988534912467003,0.03656646981835365,0.030678648501634598,0.028819337487220764,0.02912922203540802,0.026650140061974525,0.028199566528201103,0.026030369102954865,0.018283234909176826,0.015184381976723671,0.015494267456233501,0.017663463950157166,0.021072203293442726,0.015494267456233501,0.010845987126231194,0.011155872605741024,0.011155872605741024,0.01487449649721384,0.008676789700984955,0.009916330687701702,0.009916330687701702,0.01208552811294794,0.009296560660004616,0.011465758085250854,0.011465758085250854,0.011155872605741024,0.012395413592457771,0.010536101646721363,0.009916330687701702,0.011465758085250854,0.009916330687701702,0.006817477755248547,0.009606445208191872,0.009606445208191872,0.008366904221475124,0.009916330687701702,0.004958165343850851,0.009296560660004616,0.009606445208191872,0.009606445208191872,0.011465758085250854,0.006817477755248547,0.009296560660004616,0.008366904221475124,0.0052680508233606815,0.00743724824860692,0.00743724824860692,0.006817477755248547,0.00712736276909709,0.0052680508233606815,0.004958165343850851,0.00743724824860692,0.009916330687701702,0.006817477755248547,0.00743724824860692,0.010536101646721363,0.008366904221475124,0.00743724824860692,0.006197706796228886,0.006817477755248547,0.008057018741965294,0.008676789700984955,0.006197706796228886,0.006817477755248547,0.006197706796228886,0.0052680508233606815,0.006817477755248547,0.005887821316719055,0.005887821316719055,0.004958165343850851,0.00743724824860692,0.008986675180494785,0.006197706796228886,0.005887821316719055,0.005887821316719055,0.005577936302870512,0.009606445208191872,0.006507592275738716,0.008986675180494785,0.006507592275738716,0.0034087388776242733,0.004028509370982647,0.006817477755248547,0.004338394850492477,0.004338394850492477,0.006197706796228886,0.006507592275738716,0.00712736276909709,0.005887821316719055,0.005887821316719055,0.0052680508233606815,0.004648280330002308,0.003098853398114443,0.007747133728116751,0.008057018741965294,0.006507592275738716,0.005887821316719055,0.00712736276909709,0.0052680508233606815
0.0,0.038489602506160736,0.05782561004161835,0.04615103825926781,0.036483034491539,0.029733674600720406,0.029733674600720406,0.02663261629641056,0.024990878999233246,0.023896388709545135,0.019153593108057976,0.01860634796321392,0.018059102818369865,0.023166727274656296,0.017329441383481026,0.015870120376348495,0.016964610666036606,0.016234951093792915,0.01514045987278223,0.013863553293049335,0.014045968651771545,0.010032834485173225,0.01130974106490612,0.01149215642362833,0.01076249498873949,0.010397665202617645,0.010397665202617645,0.00912075862288475,0.00966800469905138,0.00912075862288475,0.00948558934032917,0.0072966068983078,0.008208682760596275,0.008391098119318485,0.008208682760596275,0.009850419126451015,0.010215249843895435,0.006749361753463745,0.00784385297447443,0.006566946394741535,0.00930317398160696,0.006749361753463745,0.00747902225703001,0.006384531036019325,0.004742794670164585,0.006749361753463745,0.008026267401874065,0.004560379311442375,0.00747902225703001,0.006931776646524668,0.008208682760596275,0.004560379311442375,0.005290040280669928,0.006384531036019325,0.005290040280669928,0.004925209563225508,0.00583728589117527,0.00565487053245306,0.005107624921947718,0.006749361753463745,0.006202116142958403,0.0072966068983078,0.006202116142958403,0.006384531036019325,0.00565487053245306,0.00583728589117527,0.00583728589117527,0.00565487053245306,0.006019700784236193,0.004742794670164585,0.006019700784236193,0.004925209563225508,0.004195549059659243,0.00583728589117527,0.005107624921947718,0.004742794670164585,0.00565487053245306,0.004560379311442375,0.004742794670164585,0.00547245517373085,0.004742794670164585,0.0031010580714792013,0.004013133700937033,0.0023713973350822926,0.004925209563225508,0.004013133700937033,0.003465888323262334,0.005107624921947718,0.00547245517373085,0.004195549059659243,0.0036483034491539,0.004742794670164585,0.004013133700937033,0.004742794670164585,0.003465888323262334,0.004742794670164585,0.005107624921947718,0.003465888323262334,0.006202116142958403,0.003465888323262334
0.0,0.06754475086927414,0.07902735471725464,0.07261060178279877,0.046943601220846176,0.044579535722732544,0.050658561289310455,0.044241808354854584,0.03411009907722473,0.03377237543463707,0.030395137146115303,0.031070584431290627,0.02195204235613346,0.01958797685801983,0.019250253215432167,0.016548464074730873,0.012158054858446121,0.014184396713972092,0.012833502143621445,0.009118541143834591,0.01182033121585846,0.011144883930683136,0.00878081750124693,0.007429922465234995,0.008443093858659267,0.009118541143834591,0.007429922465234995,0.007429922465234995,0.006416751071810722,0.006079027429223061,0.004052685108035803,0.007767646107822657,0.004728132393211126,0.005065856035798788,0.004728132393211126,0.004728132393211126,0.006754474714398384,0.005065856035798788,0.006416751071810722,0.005741303786635399,0.005065856035798788,0.003377237357199192,0.005065856035798788,0.006754474714398384,0.002364066196605563,0.004052685108035803,0.001688618678599596,0.0030395137146115303,0.004728132393211126,0.006079027429223061,0.004728132393211126,0.004728132393211126,0.002701789839193225,0.0030395137146115303,0.003377237357199192,0.0020263425540179014,0.0037149612326174974,0.004728132393211126,0.0030395137146115303,0.002701789839193225,0.005065856035798788,0.005065856035798788,0.003377237357199192,0.0030395137146115303,0.004052685108035803,0.004052685108035803,0.001688618678599596,0.0037149612326174974,0.004390408750623465,0.0037149612326174974,0.003377237357199192,0.004052685108035803,0.004728132393211126,0.002364066196605563,0.002364066196605563,0.003377237357199192,0.0037149612326174974,0.002701789839193225,0.002701789839193225,0.004052685108035803,0.002701789839193225,0.0030395137146115303,0.0037149612326174974,0.0006754474597983062,0.0030395137146115303,0.0020263425540179014,0.0030395137146115303,0.0037149612326174974,0.003377237357199192,0.0020263425540179014,0.0020263425540179014,0.001688618678599596,0.002364066196605563,0.002364066196605563,0.0037149612326174974,0.002364066196605563,0.0037149612326174974,0.002701789839193225,0.0013508949195966125,0.0020263425540179014
0.0,0.020633751526474953,0.03291574493050575,0.03463522344827652,0.03217882663011551,0.024072708562016487,0.024318348616361618,0.02751166746020317,0.02235323004424572,0.017931712791323662,0.015475313179194927,0.021370669826865196,0.015229673124849796,0.015475313179194927,0.014247113838791847,0.015966592356562614,0.015229673124849796,0.013755833730101585,0.012773274444043636,0.015229673124849796,0.016212232410907745,0.014492753893136978,0.012281994335353374,0.012527634389698505,0.008597396314144135,0.013510193675756454,0.010316875763237476,0.010562515817582607,0.009825595654547215,0.009825595654547215,0.0073691969737410545,0.012036354281008244,0.008351756259799004,0.008106116205453873,0.009579955600202084,0.009825595654547215,0.006877916865050793,0.007860476151108742,0.007123556919395924,0.009579955600202084,0.008843036368489265,0.009825595654547215,0.004912797827273607,0.0073691969737410545,0.008351756259799004,0.008351756259799004,0.010316875763237476,0.010808154940605164,0.008597396314144135,0.007614836562424898,0.009088676422834396,0.007614836562424898,0.006386637222021818,0.010316875763237476,0.006877916865050793,0.008351756259799004,0.007860476151108742,0.006140997167676687,0.005649717524647713,0.006632277276366949,0.002947678789496422,0.006140997167676687,0.006877916865050793,0.006632277276366949,0.008597396314144135,0.008106116205453873,0.005158437881618738,0.005895357578992844,0.005158437881618738,0.0073691969737410545,0.006386637222021818,0.006877916865050793,0.006632277276366949,0.006632277276366949,0.004421518184244633,0.008351756259799004,0.006386637222021818,0.006386637222021818,0.005649717524647713,0.007860476151108742,0.006632277276366949,0.005895357578992844,0.006632277276366949,0.005404077470302582,0.006877916865050793,0.004667157772928476,0.005158437881618738,0.004912797827273607,0.004667157772928476,0.007860476151108742,0.005649717524647713,0.007123556919395924,0.006877916865050793,0.004667157772928476,0.004667157772928476,0.006140997167676687,0.005158437881618738,0.006140997167676687,0.005404077470302582,0.004912797827273607
0.0,0.018583523109555244,0.0270493496209383,0.031385503709316254,0.020648358389735222,0.02002890780568123,0.01982242427766323,0.0225067101418972,0.01445385068655014,0.019409457221627235,0.020648358389735222,0.01817055605351925,0.019202973693609238,0.017551105469465256,0.015692751854658127,0.011976048350334167,0.014866817742586136,0.011563080362975597,0.011976048350334167,0.015279784798622131,0.010117695666849613,0.011976048350334167,0.01259549893438816,0.010943629778921604,0.010324179194867611,0.012801982462406158,0.014866817742586136,0.010117695666849613,0.012182531878352165,0.009291761554777622,0.008878794498741627,0.0113565968349576,0.00949824508279562,0.010737146250903606,0.009085278026759624,0.008672310970723629,0.011976048350334167,0.00949824508279562,0.009291761554777622,0.011150113306939602,0.009704728610813618,0.008465826511383057,0.006607474759221077,0.00949824508279562,0.0070204418152570724,0.009085278026759624,0.008672310970723629,0.0061945077031850815,0.008259342983365059,0.008259342983365059,0.008465826511383057,0.009085278026759624,0.008259342983365059,0.007846375927329063,0.008052859455347061,0.010943629778921604,0.009911212138831615,0.009704728610813618,0.009085278026759624,0.00722692534327507,0.006813958287239075,0.007846375927329063,0.006813958287239075,0.00722692534327507,0.008052859455347061,0.008259342983365059,0.006400991231203079,0.0070204418152570724,0.008878794498741627,0.007433408871293068,0.006607474759221077,0.00474912254139781,0.00722692534327507,0.005781540181487799,0.0061945077031850815,0.010324179194867611,0.003716704435646534,0.0070204418152570724,0.00474912254139781,0.008052859455347061,0.006607474759221077,0.006607474759221077,0.005988024175167084,0.006400991231203079,0.005368573125451803,0.005781540181487799,0.007639892399311066,0.0061945077031850815,0.006813958287239075,0.005988024175167084,0.008672310970723629,0.00474912254139781,0.005575056653469801,0.005368573125451803,0.008259342983365059,0.005988024175167084,0.006607474759221077,0.006607474759221077,0.0035102209076285362,0.005575056653469801
0.0,0.00954653974622488,0.01909307949244976,0.015342652797698975,0.016706444323062897,0.014660757035017014,0.016024548560380936,0.016365496441721916,0.015001704916357994,0.020115923136472702,0.016706444323062897,0.013637913390994072,0.012956017628312111,0.01875213161110878,0.015342652797698975,0.012956017628312111,0.016365496441721916,0.01227412186563015,0.014660757035017014,0.01261506974697113,0.01227412186563015,0.013978861272335052,0.01261506974697113,0.010228435508906841,0.013978861272335052,0.01227412186563015,0.00954653974622488,0.013978861272335052,0.013637913390994072,0.010569382458925247,0.010910330340266228,0.010569382458925247,0.007500852458178997,0.00988748762756586,0.010910330340266228,0.007841800339519978,0.00886464398354292,0.011251278221607208,0.008182748220860958,0.007841800339519978,0.0064780088141560555,0.00954653974622488,0.0092055918648839,0.012956017628312111,0.00954653974622488,0.008523696102201939,0.007841800339519978,0.010910330340266228,0.00886464398354292,0.008523696102201939,0.00886464398354292,0.005455165170133114,0.011592226102948189,0.010228435508906841,0.007841800339519978,0.007500852458178997,0.007500852458178997,0.007500852458178997,0.00988748762756586,0.007500852458178997,0.010910330340266228,0.007500852458178997,0.010569382458925247,0.0064780088141560555,0.00886464398354292,0.010569382458925247,0.006818956695497036,0.008182748220860958,0.008523696102201939,0.007841800339519978,0.007500852458178997,0.012956017628312111,0.0071599045768380165,0.0037504262290894985,0.006818956695497036,0.0064780088141560555,0.008523696102201939,0.01227412186563015,0.008523696102201939,0.0064780088141560555,0.007500852458178997,0.00954653974622488,0.007500852458178997,0.007841800339519978,0.00988748762756586,0.010228435508906841,0.00886464398354292,0.005455165170133114,0.010910330340266228,0.007841800339519978,0.007841800339519978,0.008182748220860958,0.004091374110430479,0.005796113051474094,0.007500852458178997,0.00477326987311244,0.006818956695497036,0.008523696102201939,0.005796113051474094,0.006137060932815075
0.0,0.03873239457607269,0.03838028013706207,0.04084507003426552,0.042957745492458344,0.03697182983160019,0.03450704365968704,0.02852112613618374,0.02500000037252903,0.028169013559818268,0.022183097898960114,0.019718309864401817,0.019366197288036346,0.01690140925347805,0.019718309864401817,0.01619718223810196,0.01690140925347805,0.015140845440328121,0.013028169050812721,0.010915492661297321,0.011267605237662792,0.01056338008493185,0.008450704626739025,0.010915492661297321,0.011619718745350838,0.009154929779469967,0.007042253389954567,0.007394365966320038,0.008802817203104496,0.009507042355835438,0.008450704626739025,0.006690140813589096,0.008450704626739025,0.009154929779469967,0.008802817203104496,0.00809859111905098,0.007042253389954567,0.005633802618831396,0.008802817203104496,0.007394365966320038,0.007394365966320038,0.00809859111905098,0.005281690042465925,0.004929577466100454,0.007394365966320038,0.007394365966320038,0.006338028237223625,0.005633802618831396,0.005985915660858154,0.004929577466100454,0.006338028237223625,0.005633802618831396,0.006690140813589096,0.009859154932200909,0.00809859111905098,0.006338028237223625,0.007394365966320038,0.00809859111905098,0.006338028237223625,0.0045774648897349834,0.005281690042465925,0.006690140813589096,0.004929577466100454,0.006690140813589096,0.006338028237223625,0.0031690141186118126,0.005985915660858154,0.007746479008346796,0.004929577466100454,0.006338028237223625,0.006690140813589096,0.003873239504173398,0.007042253389954567,0.0035211266949772835,0.005633802618831396,0.005281690042465925,0.003873239504173398,0.0042253523133695126,0.003873239504173398,0.0042253523133695126,0.004929577466100454,0.005281690042465925,0.005633802618831396,0.005985915660858154,0.0031690141186118126,0.003873239504173398,0.005281690042465925,0.0042253523133695126,0.0045774648897349834,0.006338028237223625,0.005281690042465925,0.0042253523133695126,0.008450704626739025,0.003873239504173398,0.00809859111905098,0.007746479008346796,0.0035211266949772835,0.0031690141186118126,0.0042253523133695126,0.005633802618831396
0.0,0.05168869346380234,0.06519823521375656,0.16417033970355988,0.08046989887952805,0.045521292835474014,0.04904552176594734,0.04787077754735947,0.038766518235206604,0.033773861825466156,0.02731277607381344,0.021145373582839966,0.020264316350221634,0.015859030187129974,0.012628487311303616,0.012628487311303616,0.01145374495536089,0.009691629558801651,0.009397944435477257,0.008223201148211956,0.008223201148211956,0.007635829504579306,0.010572686791419983,0.007342143915593624,0.006167401093989611,0.007048458326607943,0.002936857519671321,0.0035242291633039713,0.0044052861630916595,0.005873715039342642,0.00558002945035696,0.005873715039342642,0.003817914752289653,0.004111600574105978,0.0026431716978549957,0.0044052861630916595,0.002936857519671321,0.00558002945035696,0.003817914752289653,0.0035242291633039713,0.0017621145816519856,0.0035242291633039713,0.0035242291633039713,0.003817914752289653,0.002055800287052989,0.002349486108869314,0.004111600574105978,0.0017621145816519856,0.002349486108869314,0.002936857519671321,0.003230543341487646,0.0035242291633039713,0.004111600574105978,0.0044052861630916595,0.002936857519671321,0.002936857519671321,0.004111600574105978,0.0035242291633039713,0.0044052861630916595,0.0035242291633039713,0.002936857519671321,0.003817914752289653,0.002936857519671321,0.0017621145816519856,0.00499265780672431,0.0026431716978549957,0.004698972217738628,0.0008810572908259928,0.0017621145816519856,0.001174743054434657,0.0026431716978549957,0.002349486108869314,0.0035242291633039713,0.0026431716978549957,0.0035242291633039713,0.003230543341487646,0.0017621145816519856,0.003230543341487646,0.0017621145816519856,0.0035242291633039713,0.002349486108869314,0.003817914752289653,0.002349486108869314,0.0014684287598356605,0.0035242291633039713,0.0014684287598356605,0.003230543341487646,0.0014684287598356605,0.0014684287598356605,0.004698972217738628,0.0035242291633039713,0.0026431716978549957,0.0026431716978549957,0.0017621145816519856,0.0026431716978549957,0.0017621145816519856,0.0026431716978549957,0.0014684287598356605,0.002349486108869314,0.0008810572908259928
0.0,0.08274193853139877,0.09935484081506729,0.0949999988079071,0.06645161658525467,0.05854838714003563,0.05048387125134468,0.04935484007000923,0.03516129031777382,0.030967742204666138,0.02451612986624241,0.024193547666072845,0.02290322631597519,0.02129032276570797,0.01758064515888691,0.012741935439407825,0.011451613157987595,0.008709677495062351,0.011290322989225388,0.010806451551616192,0.007741935551166534,0.007741935551166534,0.008064515888690948,0.007419354747980833,0.007741935551166534,0.004838709719479084,0.006129032466560602,0.0054838708601891994,0.005806451663374901,0.005645161494612694,0.004999999888241291,0.005161290522664785,0.004193548578768969,0.004838709719479084,0.004677419550716877,0.005161290522664785,0.005161290522664785,0.003387096803635359,0.003064516233280301,0.0020967742893844843,0.002419354859739542,0.0020967742893844843,0.0025806452613323927,0.0019354838877916336,0.0037096773739904165,0.0029032258316874504,0.004193548578768969,0.003225806402042508,0.0025806452613323927,0.0035483872052282095,0.003387096803635359,0.003064516233280301,0.0027419354300945997,0.003870967775583267,0.004838709719479084,0.002419354859739542,0.003387096803635359,0.003387096803635359,0.003870967775583267,0.001612903201021254,0.0025806452613323927,0.0029032258316874504,0.002419354859739542,0.0025806452613323927,0.0027419354300945997,0.002419354859739542,0.0025806452613323927,0.0027419354300945997,0.0019354838877916336,0.0027419354300945997,0.0017741936026141047,0.0019354838877916336,0.0025806452613323927,0.001612903201021254,0.001612903201021254,0.003387096803635359,0.0029032258316874504,0.0009677419438958168,0.0022580644581466913,0.0020967742893844843,0.0025806452613323927,0.002419354859739542,0.0020967742893844843,0.002419354859739542,0.0025806452613323927,0.003225806402042508,0.001612903201021254,0.002419354859739542,0.002419354859739542,0.0029032258316874504,0.002419354859739542,0.0025806452613323927,0.0019354838877916336,0.0014516129158437252,0.0019354838877916336,0.0027419354300945997,0.002419354859739542,0.0035483872052282095,0.002419354859739542,0.002419354859739542
0.0,0.024955932050943375,0.04230448231101036,0.042675573378801346,0.03497541695833206,0.028759624809026718,0.025234252214431763,0.026811392977833748,0.02384265698492527,0.02430652268230915,0.019111234694719315,0.020873920992016792,0.017163002863526344,0.01846182346343994,0.015864180400967598,0.014936450868844986,0.01577140763401985,0.012709898874163628,0.015400315634906292,0.014194266870617867,0.012060487642884254,0.012802671641111374,0.012709898874163628,0.012617126107215881,0.012060487642884254,0.01094721257686615,0.012617126107215881,0.01094721257686615,0.01057612057775259,0.00983393657952547,0.011039985343813896,0.009462844580411911,0.01011225488036871,0.008442341350018978,0.008627887815237045,0.007885703817009926,0.009184525348246098,0.009555617347359657,0.008627887815237045,0.008813433349132538,0.0074218385852873325,0.008627887815237045,0.007514611817896366,0.007792930584400892,0.007700157817453146,0.008256795816123486,0.007143519818782806,0.008071249350905418,0.005380833055824041,0.006308563053607941,0.00816402304917574,0.006772427819669247,0.007236292585730553,0.0069579738192260265,0.005751925054937601,0.00686520105227828,0.008442341350018978,0.0066796550527215,0.006030243821442127,0.00816402304917574,0.005288060288876295,0.00686520105227828,0.007236292585730553,0.006308563053607941,0.005009741056710482,0.0064941090531647205,0.004545876290649176,0.005380833055824041,0.0064941090531647205,0.006030243821442127,0.005566379055380821,0.0047314222902059555,0.005751925054937601,0.005009741056710482,0.005751925054937601,0.005288060288876295,0.003896465292200446,0.006586881820112467,0.0064941090531647205,0.005102514289319515,0.005288060288876295,0.005009741056710482,0.0047314222902059555,0.005380833055824041,0.0047314222902059555,0.00408201152458787,0.0047314222902059555,0.005380833055824041,0.005844697821885347,0.0047314222902059555,0.004638649057596922,0.005380833055824041,0.00352537352591753,0.003803692292422056,0.004824195057153702,0.004638649057596922,0.003989238291978836,0.00408201152458787,0.004453103058040142,0.004360330291092396
0.0,0.0548735111951828,0.0708705335855484,0.0801711305975914,0.0533854179084301,0.0427827388048172,0.0379464291036129,0.037574402987957,0.0280877985060215,0.02790178544819355,0.0204613097012043,0.02176339365541935,0.0236235111951828,0.02101934514939785,0.01711309514939785,0.01116071455180645,0.0137648805975914,0.012462797574698925,0.010602678172290325,0.010416666977107525,0.01134672574698925,0.010044642724096775,0.008556547574698925,0.0087425597012043,0.010416666977107525,0.00930059514939785,0.008928571827709675,0.007626487873494625,0.0078125,0.0078125,0.0074404762126505375,0.0065104165114462376,0.004650297574698925,0.007998512126505375,0.0042782737873494625,0.0052083334885537624,0.0059523810632526875,0.0035342262126505375,0.0066964286379516125,0.0057663689367473125,0.0065104165114462376,0.006138392724096775,0.0029761905316263437,0.0057663689367473125,0.0029761905316263437,0.004650297574698925,0.0065104165114462376,0.0065104165114462376,0.0035342262126505375,0.003162202425301075,0.0050223213620483875,0.0042782737873494625,0.0050223213620483875,0.0048363097012043,0.0050223213620483875,0.0033482143189758062,0.004092262126505375,0.0050223213620483875,0.0050223213620483875,0.0052083334885537624,0.006138392724096775,0.004650297574698925,0.004464285913854837,0.0042782737873494625,0.0042782737873494625,0.004464285913854837,0.004092262126505375,0.004092262126505375,0.004650297574698925,0.00390625,0.0050223213620483875,0.0048363097012043,0.00390625,0.003162202425301075,0.0042782737873494625,0.0042782737873494625,0.004650297574698925,0.0050223213620483875,0.0029761905316263437,0.0050223213620483875,0.004650297574698925,0.00241815485060215,0.0035342262126505375,0.0020461310632526875,0.004650297574698925,0.004092262126505375,0.0033482143189758062,0.004650297574698925,0.0035342262126505375,0.0035342262126505375,0.0029761905316263437,0.0029761905316263437,0.004464285913854837,0.003162202425301075,0.004464285913854837,0.0037202381063252687,0.0016741071594879031,0.00390625,0.00390625,0.00390625
0.0,0.015969006344676018,0.028630822896957397,0.02796938456594944,0.024284228682518005,0.02088254690170288,0.020693564787507057,0.02031560055911541,0.0200321264564991,0.019370688125491142,0.016913918778300285,0.017480865120887756,0.01644146256148815,0.016346972435712814,0.018425777554512024,0.014929603785276413,0.016252480447292328,0.014929603785276413,0.014079183340072632,0.015780024230480194,0.012000378221273422,0.014173674397170544,0.01351223699748516,0.013417745009064674,0.012472833506762981,0.013134271837770939,0.01190588716417551,0.0116224130615592,0.013039780780673027,0.011244448833167553,0.009071151725947857,0.011433430947363377,0.010205046273767948,0.010205046273767948,0.010583010502159595,0.011716904118657112,0.008031749166548252,0.00926013384014368,0.008598696440458298,0.010866483673453331,0.009165642783045769,0.010488519445061684,0.009449116885662079,0.00869318749755621,0.01029953733086586,0.008976660668849945,0.009165642783045769,0.009165642783045769,0.00699234614148736,0.008504204452037811,0.008126240223646164,0.007086837198585272,0.007086837198585272,0.008882169611752033,0.009449116885662079,0.008315222337841988,0.0074648018926382065,0.007842767052352428,0.008598696440458298,0.008031749166548252,0.009071151725947857,0.007842767052352428,0.009071151725947857,0.007086837198585272,0.008598696440458298,0.005669469945132732,0.008126240223646164,0.006425399333238602,0.00633090827614069,0.0065198903903365135,0.007086837198585272,0.007370310835540295,0.006614381447434425,0.00699234614148736,0.006708872504532337,0.006708872504532337,0.006047434639185667,0.006047434639185667,0.006425399333238602,0.006141925696283579,0.004063120111823082,0.004724558442831039,0.00463006692007184,0.004913540557026863,0.00538599630817771,0.005008031614124775,0.005480487365275621,0.005197014193981886,0.005480487365275621,0.006141925696283579,0.005669469945132732,0.004819049499928951,0.005763961002230644,0.005102523136883974,0.006708872504532337,0.005102523136883974,0.004157611168920994,0.0024567702785134315,0.004157611168920994,0.006141925696283579
0.0,0.029067419469356537,0.05006055533885956,0.04723455756902695,0.04037141799926758,0.03916027396917343,0.0306822769343853,0.0383528470993042,0.02785627730190754,0.02785627730190754,0.020589422434568405,0.02503027766942978,0.023415422067046165,0.018570851534605026,0.014533709734678268,0.01897456683218479,0.016552280634641647,0.011707711033523083,0.01534113846719265,0.011707711033523083,0.01493742410093546,0.010092854499816895,0.009285425767302513,0.011707711033523083,0.005248284433037043,0.00645942660048604,0.007670569233596325,0.007670569233596325,0.011303996667265892,0.008881711401045322,0.00645942660048604,0.007266854867339134,0.007266854867339134,0.006055712699890137,0.006863140966743231,0.006863140966743231,0.010092854499816895,0.007266854867339134,0.008881711401045322,0.007670569233596325,0.008477997966110706,0.008477997966110706,0.008881711401045322,0.004440855700522661,0.004440855700522661,0.004440855700522661,0.006055712699890137,0.003633427433669567,0.008074283599853516,0.006055712699890137,0.008477997966110706,0.00645942660048604,0.005651998333632946,0.007670569233596325,0.004844570066779852,0.006055712699890137,0.008074283599853516,0.007670569233596325,0.007266854867339134,0.00322971330024302,0.004844570066779852,0.005651998333632946,0.002422285033389926,0.006863140966743231,0.008074283599853516,0.004037141799926758,0.005651998333632946,0.004037141799926758,0.007266854867339134,0.005651998333632946,0.004037141799926758,0.004440855700522661,0.00645942660048604,0.005651998333632946,0.004037141799926758,0.004037141799926758,0.005651998333632946,0.005248284433037043,0.00322971330024302,0.006863140966743231,0.006055712699890137,0.004844570066779852,0.003633427433669567,0.00161485665012151,0.004844570066779852,0.005248284433037043,0.003633427433669567,0.005651998333632946,0.00322971330024302,0.005248284433037043,0.004037141799926758,0.005651998333632946,0.004037141799926758,0.005651998333632946,0.004037141799926758,0.004440855700522661,0.004440855700522661,0.007266854867339134,0.00322971330024302,0.005651998333632946
0.0,0.02107558213174343,0.035610463470220566,0.02592054195702076,0.02616279013454914,0.018410852178931236,0.01744186133146286,0.02107558213174343,0.01937984488904476,0.01744186133146286,0.01550387591123581,0.018410852178931236,0.018168604001402855,0.016957364976406097,0.015261627733707428,0.014292635954916477,0.016230620443820953,0.013565891422331333,0.012839146889746189,0.012839146889746189,0.014777131378650665,0.012839146889746189,0.011143410578370094,0.013808139599859715,0.013323643244802952,0.010901162400841713,0.01211240328848362,0.010416666977107525,0.010174418799579144,0.010658915154635906,0.011870155110955238,0.00968992244452238,0.009205426089465618,0.009205426089465618,0.010901162400841713,0.011143410578370094,0.00968992244452238,0.011627906933426857,0.00872093066573143,0.010174418799579144,0.008478682488203049,0.007509689778089523,0.00968992244452238,0.006782945711165667,0.009447674266994,0.009932170622050762,0.007267442066222429,0.007994186133146286,0.011385658755898476,0.007994186133146286,0.007994186133146286,0.005571705289185047,0.00872093066573143,0.009932170622050762,0.008478682488203049,0.007751937955617905,0.005571705289185047,0.009932170622050762,0.006298449821770191,0.008236434310674667,0.00872093066573143,0.007994186133146286,0.006540697533637285,0.006782945711165667,0.006540697533637285,0.007509689778089523,0.007025193888694048,0.00484496122226119,0.007267442066222429,0.007267442066222429,0.00484496122226119,0.007267442066222429,0.006540697533637285,0.004360465332865715,0.006540697533637285,0.008236434310674667,0.006298449821770191,0.005329457577317953,0.007025193888694048,0.004602713044732809,0.004602713044732809,0.005329457577317953,0.006298449821770191,0.005571705289185047,0.00605620164424181,0.006298449821770191,0.00484496122226119,0.005087209399789572,0.007751937955617905,0.00605620164424181,0.007267442066222429,0.005087209399789572,0.007509689778089523,0.004602713044732809,0.007267442066222429,0.0058139534667134285,0.007025193888694048,0.007509689778089523,0.006298449821770191,0.008236434310674667
0.0,0.005844355560839176,0.013534297235310078,0.013534297235310078,0.014149492606520653,0.012919101864099503,0.012611503712832928,0.011688711121678352,0.014764687977731228,0.013534297235310078,0.012303906492888927,0.011996309272944927,0.016610274091362953,0.010458320379257202,0.014149492606520653,0.011688711121678352,0.011073515750467777,0.011381113901734352,0.011996309272944927,0.013226699084043503,0.016917871311306953,0.012611503712832928,0.009535527788102627,0.012919101864099503,0.014149492606520653,0.010458320379257202,0.014764687977731228,0.011996309272944927,0.009843125008046627,0.011996309272944927,0.011996309272944927,0.010765918530523777,0.010765918530523777,0.009843125008046627,0.010458320379257202,0.0076899416744709015,0.010458320379257202,0.012611503712832928,0.011996309272944927,0.008305137045681477,0.010458320379257202,0.009535527788102627,0.010458320379257202,0.007074746303260326,0.009227929636836052,0.010150723159313202,0.010150723159313202,0.013534297235310078,0.009843125008046627,0.008920332416892052,0.010458320379257202,0.009843125008046627,0.011688711121678352,0.011688711121678352,0.009227929636836052,0.013226699084043503,0.010458320379257202,0.009227929636836052,0.008920332416892052,0.009227929636836052,0.008612734265625477,0.007997538894414902,0.009843125008046627,0.008920332416892052,0.011073515750467777,0.009535527788102627,0.008920332416892052,0.009535527788102627,0.008612734265625477,0.010150723159313202,0.006767148617655039,0.008612734265625477,0.011381113901734352,0.008305137045681477,0.009535527788102627,0.008612734265625477,0.009535527788102627,0.007074746303260326,0.006459550932049751,0.009843125008046627,0.008612734265625477,0.005844355560839176,0.007997538894414902,0.007074746303260326,0.005844355560839176,0.010458320379257202,0.009535527788102627,0.007382343988865614,0.008612734265625477,0.005844355560839176,0.005844355560839176,0.0076899416744709015,0.006767148617655039,0.008612734265625477,0.007074746303260326,0.010150723159313202,0.006459550932049751,0.006767148617655039,0.006459550932049751,0.006767148617655039
0.0,0.03413772955536842,0.05944673344492912,0.03590347245335579,0.04296645149588585,0.03472631052136421,0.030606238171458244,0.025897586718201637,0.015303119085729122,0.020011771470308304,0.015303119085729122,0.01412595622241497,0.02825191244482994,0.013537375256419182,0.010005885735154152,0.012948793359100819,0.0052972338162362576,0.013537375256419182,0.011183048598468304,0.009417303837835789,0.00882872287184,0.008240140974521637,0.014714538119733334,0.011183048598468304,0.011183048598468304,0.0029429076239466667,0.010594467632472515,0.011771630495786667,0.00882872287184,0.007651559542864561,0.004708651918917894,0.0058858152478933334,0.008240140974521637,0.008240140974521637,0.010594467632472515,0.012948793359100819,0.00882872287184,0.007651559542864561,0.012948793359100819,0.007651559542864561,0.006474396679550409,0.0035314890556037426,0.007651559542864561,0.009417303837835789,0.008240140974521637,0.007062978111207485,0.0052972338162362576,0.0052972338162362576,0.00882872287184,0.007651559542864561,0.008240140974521637,0.008240140974521637,0.0052972338162362576,0.0058858152478933334,0.00882872287184,0.007062978111207485,0.008240140974521637,0.006474396679550409,0.006474396679550409,0.009417303837835789,0.00882872287184,0.004708651918917894,0.006474396679550409,0.010594467632472515,0.004708651918917894,0.007651559542864561,0.0052972338162362576,0.007062978111207485,0.007651559542864561,0.0052972338162362576,0.006474396679550409,0.008240140974521637,0.0029429076239466667,0.0052972338162362576,0.0041200704872608185,0.007062978111207485,0.006474396679550409,0.00882872287184,0.006474396679550409,0.006474396679550409,0.006474396679550409,0.007651559542864561,0.006474396679550409,0.0041200704872608185,0.0041200704872608185,0.0011771629797294736,0.006474396679550409,0.004708651918917894,0.0041200704872608185,0.007651559542864561,0.008240140974521637,0.0029429076239466667,0.008240140974521637,0.006474396679550409,0.004708651918917894,0.0029429076239466667,0.007062978111207485,0.0058858152478933334,0.004708651918917894,0.0052972338162362576
0.0,0.056013744324445724,0.07628866285085678,0.04673539474606514,0.04810996726155281,0.032646048814058304,0.028865979984402657,0.02646048180758953,0.019587628543376923,0.020618556067347527,0.012027491815388203,0.017525773495435715,0.0182130578905344,0.01340206153690815,0.010996563360095024,0.014432989992201328,0.012371134012937546,0.00927835050970316,0.008591065183281898,0.011683848686516285,0.011340206488966942,0.010996563360095024,0.0075601376593112946,0.009621992707252502,0.006529209669679403,0.007903779856860638,0.00996563583612442,0.006872852332890034,0.011340206488966942,0.008247422985732555,0.006872852332890034,0.00927835050970316,0.0075601376593112946,0.008934708312153816,0.0075601376593112946,0.007216494996100664,0.0075601376593112946,0.006529209669679403,0.007903779856860638,0.006185567006468773,0.006185567006468773,0.0058419243432581425,0.004810996353626251,0.00996563583612442,0.0075601376593112946,0.006185567006468773,0.003436426166445017,0.004467354156076908,0.006872852332890034,0.007216494996100664,0.006872852332890034,0.006529209669679403,0.0037800688296556473,0.0030927835032343864,0.0075601376593112946,0.006529209669679403,0.004467354156076908,0.006529209669679403,0.006872852332890034,0.00996563583612442,0.006185567006468773,0.0030927835032343864,0.006529209669679403,0.007216494996100664,0.006185567006468773,0.008934708312153816,0.004810996353626251,0.003436426166445017,0.0058419243432581425,0.004123711492866278,0.008591065183281898,0.005498281680047512,0.005154639016836882,0.005498281680047512,0.006872852332890034,0.007216494996100664,0.007216494996100664,0.004123711492866278,0.005154639016836882,0.005498281680047512,0.006872852332890034,0.0058419243432581425,0.0037800688296556473,0.005498281680047512,0.0058419243432581425,0.006872852332890034,0.0058419243432581425,0.004467354156076908,0.004467354156076908,0.004123711492866278,0.0037800688296556473,0.0058419243432581425,0.0058419243432581425,0.0075601376593112946,0.002749140840023756,0.004810996353626251,0.006529209669679403,0.006529209669679403,0.004123711492866278,0.006872852332890034
0.0,0.02505827508866787,0.03729603812098503,0.0279720276594162,0.035256411880254745,0.022435897961258888,0.020104894414544106,0.023018648847937584,0.01689976640045643,0.015442890115082264,0.017482517287135124,0.016025641933083534,0.011655011214315891,0.015734266489744186,0.009906759485602379,0.012820512987673283,0.01311188843101263,0.010489510372281075,0.009906759485602379,0.010198134928941727,0.009324009530246258,0.012820512987673283,0.011363636702299118,0.012820512987673283,0.015734266489744186,0.00903263408690691,0.010198134928941727,0.007867133244872093,0.010489510372281075,0.01107226125895977,0.0072843823581933975,0.010198134928941727,0.011655011214315891,0.00903263408690691,0.009615384973585606,0.007867133244872093,0.011946386657655239,0.007575757801532745,0.00699300691485405,0.008449883200228214,0.01107226125895977,0.010198134928941727,0.008449883200228214,0.008741258643567562,0.00903263408690691,0.00699300691485405,0.008449883200228214,0.007575757801532745,0.007575757801532745,0.00699300691485405,0.007867133244872093,0.006701631471514702,0.005536130629479885,0.009906759485602379,0.007867133244872093,0.0061188810504972935,0.005244755186140537,0.0072843823581933975,0.009906759485602379,0.007867133244872093,0.00903263408690691,0.0072843823581933975,0.0072843823581933975,0.005827505607157946,0.0072843823581933975,0.009615384973585606,0.004953379742801189,0.009324009530246258,0.008741258643567562,0.006701631471514702,0.006701631471514702,0.005827505607157946,0.00903263408690691,0.008449883200228214,0.005244755186140537,0.009324009530246258,0.009906759485602379,0.0061188810504972935,0.006410256493836641,0.00903263408690691,0.010489510372281075,0.007867133244872093,0.007867133244872093,0.007867133244872093,0.007575757801532745,0.006410256493836641,0.005827505607157946,0.006410256493836641,0.007575757801532745,0.00699300691485405,0.005536130629479885,0.005827505607157946,0.007575757801532745,0.004662004765123129,0.004953379742801189,0.006410256493836641,0.008449883200228214,0.007867133244872093,0.004662004765123129,0.005536130629479885
0.0,0.008272059261798859,0.012867647223174572,0.014246323145925999,0.014246323145925999,0.014246323145925999,0.012408087961375713,0.016773896291851997,0.01539522036910057,0.012408087961375713,0.012637867592275143,0.012178309261798859,0.011259190738201141,0.013097426854074001,0.014705882407724857,0.013556985184550285,0.012867647223174572,0.013786764815449715,0.013786764815449715,0.013556985184550285,0.014705882407724857,0.009880514815449715,0.010569852776825428,0.01194852963089943,0.01148897036910057,0.010110294446349144,0.012408087961375713,0.014016544446349144,0.01171875,0.01194852963089943,0.010110294446349144,0.01194852963089943,0.010110294446349144,0.012178309261798859,0.009420955553650856,0.010569852776825428,0.006663602776825428,0.010799632407724857,0.01171875,0.01148897036910057,0.009420955553650856,0.008731617592275143,0.014476102776825428,0.011029412038624287,0.010340073145925999,0.009191176854074001,0.012408087961375713,0.009191176854074001,0.009420955553650856,0.008272059261798859,0.012637867592275143,0.009880514815449715,0.011029412038624287,0.01148897036910057,0.007352941203862429,0.007582720369100571,0.010110294446349144,0.009650735184550285,0.008272059261798859,0.009880514815449715,0.009880514815449715,0.010569852776825428,0.009420955553650856,0.011029412038624287,0.008961397223174572,0.008731617592275143,0.00804227963089943,0.008501837961375713,0.009191176854074001,0.008961397223174572,0.009191176854074001,0.009420955553650856,0.010110294446349144,0.008731617592275143,0.008961397223174572,0.008272059261798859,0.008501837961375713,0.008272059261798859,0.007123161572962999,0.008501837961375713,0.008272059261798859,0.00804227963089943,0.00804227963089943,0.006433823611587286,0.006893382407724857,0.009880514815449715,0.006893382407724857,0.006893382407724857,0.006204043980687857,0.006433823611587286,0.0078125,0.009191176854074001,0.009880514815449715,0.00390625,0.005744485184550285,0.007352941203862429,0.005974264815449715,0.005055147223174572,0.006663602776825428,0.007582720369100571
0.0,0.012162490747869015,0.015811238437891006,0.012648990377783775,0.016054488718509674,0.014108489267528057,0.012892240658402443,0.015324738807976246,0.014838239178061485,0.013621989637613297,0.018000487238168716,0.013621989637613297,0.016297737136483192,0.011432741768658161,0.014594988897442818,0.011675991117954254,0.010216492228209972,0.014351739548146725,0.011919241398572922,0.011189491488039494,0.013135490007698536,0.014838239178061485,0.011189491488039494,0.015081488527357578,0.011675991117954254,0.010216492228209972,0.012648990377783775,0.00997324287891388,0.011675991117954254,0.014351739548146725,0.012648990377783775,0.011432741768658161,0.012648990377783775,0.011919241398572922,0.013378740288317204,0.011432741768658161,0.010216492228209972,0.01045974250882864,0.008027244359254837,0.01045974250882864,0.007540744263678789,0.00997324287891388,0.009486743248999119,0.01045974250882864,0.007297494448721409,0.00997324287891388,0.009243492968380451,0.012405741028487682,0.013621989637613297,0.007783994078636169,0.009486743248999119,0.007783994078636169,0.006324495188891888,0.00997324287891388,0.00997324287891388,0.00997324287891388,0.008513743989169598,0.013135490007698536,0.009729992598295212,0.011432741768658161,0.00875699333846569,0.005837995558977127,0.007540744263678789,0.009000243619084358,0.007783994078636169,0.009243492968380451,0.008027244359254837,0.00875699333846569,0.009729992598295212,0.006810994818806648,0.0070542446337640285,0.008027244359254837,0.007783994078636169,0.009486743248999119,0.008513743989169598,0.006324495188891888,0.006567745003849268,0.009243492968380451,0.00827049370855093,0.009243492968380451,0.005837995558977127,0.00875699333846569,0.007783994078636169,0.006324495188891888,0.009486743248999119,0.00827049370855093,0.0070542446337640285,0.009243492968380451,0.007297494448721409,0.009000243619084358,0.008027244359254837,0.0070542446337640285,0.007297494448721409,0.005837995558977127,0.006081245373934507,0.005108246114104986,0.00827049370855093,0.0053514959290623665,0.006324495188891888,0.007297494448721409
0.0,0.04619164764881134,0.05061424896121025,0.03538083657622337,0.03488943353295326,0.03980344161391258,0.022113021463155746,0.028501229360699654,0.02063881978392601,0.026044225320219994,0.017199017107486725,0.0181818176060915,0.021621622145175934,0.015233415178954601,0.014250614680349827,0.011302211321890354,0.015233415178954601,0.013267813250422478,0.011302211321890354,0.013759213499724865,0.007862407714128494,0.011793611571192741,0.008353807963430882,0.012285011820495129,0.008353807963430882,0.010810811072587967,0.011302211321890354,0.007862407714128494,0.008845209144055843,0.011793611571192741,0.006388206500560045,0.009828009642660618,0.008353807963430882,0.004914004821330309,0.00933660939335823,0.006388206500560045,0.007862407714128494,0.008845209144055843,0.003931203857064247,0.006388206500560045,0.004422604572027922,0.010319409891963005,0.0068796067498624325,0.004914004821330309,0.007862407714128494,0.007862407714128494,0.0068796067498624325,0.006388206500560045,0.0034398033749312162,0.0068796067498624325,0.006388206500560045,0.011302211321890354,0.006388206500560045,0.004914004821330309,0.007371007464826107,0.006388206500560045,0.006388206500560045,0.008353807963430882,0.005896805785596371,0.006388206500560045,0.0068796067498624325,0.0068796067498624325,0.009828009642660618,0.0068796067498624325,0.008845209144055843,0.004422604572027922,0.004422604572027922,0.008845209144055843,0.008353807963430882,0.006388206500560045,0.005896805785596371,0.005896805785596371,0.006388206500560045,0.0068796067498624325,0.004914004821330309,0.0054054055362939835,0.004914004821330309,0.005896805785596371,0.007862407714128494,0.006388206500560045,0.004422604572027922,0.006388206500560045,0.0068796067498624325,0.007862407714128494,0.007371007464826107,0.005896805785596371,0.0054054055362939835,0.0054054055362939835,0.0029484028927981853,0.0068796067498624325,0.004914004821330309,0.003931203857064247,0.0029484028927981853,0.00933660939335823,0.005896805785596371,0.0029484028927981853,0.0054054055362939835,0.004914004821330309,0.0024570024106651545,0.0029484028927981853
0.0,0.04059829190373421,0.05982905998826027,0.048076923936605453,0.04237891733646393,0.039529915899038315,0.03632478788495064,0.043803419917821884,0.032407406717538834,0.029202278703451157,0.027065526694059372,0.022435897961258888,0.019586894661188126,0.015313390642404556,0.01638176664710045,0.013176638633012772,0.01923076994717121,0.012108261696994305,0.012108261696994305,0.011039885692298412,0.008190883323550224,0.01175213698297739,0.010683760978281498,0.009259259328246117,0.008547008968889713,0.012820512987673283,0.007122507318854332,0.01175213698297739,0.010327635332942009,0.008903133682906628,0.007122507318854332,0.007122507318854332,0.004629629664123058,0.006410256493836641,0.005698005668818951,0.008190883323550224,0.003917378839105368,0.008547008968889713,0.006054130848497152,0.00498575484380126,0.006410256493836641,0.005341880489140749,0.00498575484380126,0.006054130848497152,0.005341880489140749,0.00498575484380126,0.005341880489140749,0.004273504484444857,0.004273504484444857,0.007122507318854332,0.00498575484380126,0.005698005668818951,0.006766381673514843,0.007122507318854332,0.00498575484380126,0.00498575484380126,0.006410256493836641,0.003917378839105368,0.004273504484444857,0.006766381673514843,0.0032051282469183207,0.00249287742190063,0.004273504484444857,0.0032051282469183207,0.006766381673514843,0.0028490028344094753,0.0021367522422224283,0.007122507318854332,0.005341880489140749,0.006054130848497152,0.00498575484380126,0.004273504484444857,0.003561253659427166,0.004629629664123058,0.006054130848497152,0.005341880489140749,0.00498575484380126,0.007122507318854332,0.004629629664123058,0.005341880489140749,0.003561253659427166,0.005341880489140749,0.006410256493836641,0.00498575484380126,0.004273504484444857,0.00249287742190063,0.007122507318854332,0.004273504484444857,0.003561253659427166,0.005341880489140749,0.003561253659427166,0.006766381673514843,0.003917378839105368,0.005341880489140749,0.006766381673514843,0.004273504484444857,0.004629629664123058,0.00498575484380126,0.001780626829713583,0.003561253659427166
0.0,0.08575154840946198,0.10449951142072678,0.08591457456350327,0.06341701745986938,0.05493967980146408,0.048907727003097534,0.04140854254364967,0.03162699565291405,0.030322790145874023,0.029018584638834,0.024616889655590057,0.023475708439946175,0.019237039610743523,0.01825888454914093,0.014835343696177006,0.014183240942656994,0.008151288144290447,0.012389957904815674,0.009618519805371761,0.008640364743769169,0.007010107394307852,0.010270622558891773,0.00635800464078784,0.008314313367009163,0.007336159236729145,0.00635800464078784,0.007173133548349142,0.005216824356466532,0.005542875733226538,0.003912618383765221,0.005053798668086529,0.003749592462554574,0.0045647211372852325,0.0045647211372852325,0.003749592462554574,0.0047277468256652355,0.0047277468256652355,0.0048907725140452385,0.0034235408529639244,0.003749592462554574,0.0034235408529639244,0.0019563091918826103,0.0030974894762039185,0.002934463554993272,0.0047277468256652355,0.0034235408529639244,0.0030974894762039185,0.003912618383765221,0.00440169544890523,0.00440169544890523,0.002771437866613269,0.002608412178233266,0.0034235408529639244,0.0017932833870872855,0.0032605151645839214,0.0022823605686426163,0.0022823605686426163,0.0024453862570226192,0.002771437866613269,0.003749592462554574,0.002608412178233266,0.0047277468256652355,0.004238669760525227,0.0024453862570226192,0.0024453862570226192,0.0019563091918826103,0.0022823605686426163,0.0021193348802626133,0.004075644072145224,0.003749592462554574,0.002934463554993272,0.002771437866613269,0.002608412178233266,0.0021193348802626133,0.0024453862570226192,0.002934463554993272,0.0011411802843213081,0.0017932833870872855,0.002608412178233266,0.002934463554993272,0.002608412178233266,0.002608412178233266,0.0017932833870872855,0.002608412178233266,0.002608412178233266,0.002608412178233266,0.0016302575822919607,0.0022823605686426163,0.001467231777496636,0.0024453862570226192,0.0022823605686426163,0.0022823605686426163,0.0017932833870872855,0.001467231777496636,0.0032605151645839214,0.0019563091918826103,0.0024453862570226192,0.002608412178233266,0.0016302575822919607
0.0,0.015688950195908546,0.032742153853178024,0.019099591299891472,0.015347884967923164,0.019440654665231705,0.016712142154574394,0.013642564415931702,0.019099591299891472,0.013642564415931702,0.01603001356124878,0.01603001356124878,0.02012278325855732,0.013642564415931702,0.011596180498600006,0.012278308160603046,0.015347884967923164,0.016371076926589012,0.011596180498600006,0.013983628712594509,0.009890859946608543,0.013301501050591469,0.012619372457265854,0.012278308160603046,0.009890859946608543,0.012278308160603046,0.009549795649945736,0.013301501050591469,0.009890859946608543,0.013642564415931702,0.011596180498600006,0.009549795649945736,0.010914051905274391,0.009549795649945736,0.009208731353282928,0.007844475097954273,0.012278308160603046,0.011596180498600006,0.009890859946608543,0.010231923311948776,0.010572987608611584,0.012619372457265854,0.011255116201937199,0.006821282207965851,0.009549795649945736,0.010572987608611584,0.009208731353282928,0.011596180498600006,0.007503410801291466,0.010231923311948776,0.008185538463294506,0.009208731353282928,0.008185538463294506,0.008526602759957314,0.009208731353282928,0.008526602759957314,0.006480218376964331,0.006480218376964331,0.009208731353282928,0.007503410801291466,0.010231923311948776,0.008185538463294506,0.011937243863940239,0.005798090249300003,0.007844475097954273,0.008526602759957314,0.007503410801291466,0.007844475097954273,0.008185538463294506,0.005798090249300003,0.007844475097954273,0.008185538463294506,0.010231923311948776,0.005115961655974388,0.009549795649945736,0.0044338335283100605,0.007503410801291466,0.006821282207965851,0.005457025952637196,0.007503410801291466,0.006480218376964331,0.007503410801291466,0.008185538463294506,0.005457025952637196,0.006821282207965851,0.008867667056620121,0.005798090249300003,0.007162346504628658,0.010914051905274391,0.005115961655974388,0.006139154080301523,0.0030695770401507616,0.005457025952637196,0.004774897824972868,0.007162346504628658,0.007503410801291466,0.005457025952637196,0.007162346504628658,0.009549795649945736,0.003751705400645733
0.0,0.017450682818889618,0.044006068259477615,0.043247345834970474,0.029590288177132607,0.020485583692789078,0.01669195666909218,0.022003034129738808,0.018209408968687057,0.023520486429333687,0.01669195666909218,0.013657055795192719,0.018968133255839348,0.013657055795192719,0.015933232381939888,0.012139605358242989,0.014415781944990158,0.009863429702818394,0.015174507163465023,0.009863429702818394,0.005311077460646629,0.013657055795192719,0.012139605358242989,0.012139605358242989,0.0075872535817325115,0.012139605358242989,0.005311077460646629,0.003034901339560747,0.019726859405636787,0.006069802679121494,0.006828527897596359,0.009104704484343529,0.00834597833454609,0.0075872535817325115,0.006069802679121494,0.009104704484343529,0.009104704484343529,0.011380880139768124,0.00834597833454609,0.010622154921293259,0.0037936267908662558,0.0037936267908662558,0.0075872535817325115,0.009104704484343529,0.012139605358242989,0.009863429702818394,0.0037936267908662558,0.00834597833454609,0.0075872535817325115,0.006069802679121494,0.0075872535817325115,0.005311077460646629,0.00834597833454609,0.009104704484343529,0.006828527897596359,0.006828527897596359,0.0075872535817325115,0.005311077460646629,0.002276176121085882,0.006069802679121494,0.006828527897596359,0.009863429702818394,0.006069802679121494,0.005311077460646629,0.006828527897596359,0.006828527897596359,0.006069802679121494,0.011380880139768124,0.0037936267908662558,0.006828527897596359,0.010622154921293259,0.0075872535817325115,0.0075872535817325115,0.004552352242171764,0.0075872535817325115,0.009863429702818394,0.006069802679121494,0.012139605358242989,0.00834597833454609,0.006069802679121494,0.009104704484343529,0.0075872535817325115,0.009104704484343529,0.0037936267908662558,0.0037936267908662558,0.009104704484343529,0.006828527897596359,0.009863429702818394,0.0075872535817325115,0.009863429702818394,0.010622154921293259,0.004552352242171764,0.00834597833454609,0.006069802679121494,0.005311077460646629,0.00834597833454609,0.010622154921293259,0.0037936267908662558,0.009104704484343529,0.009863429702818394
0.0,0.0,0.00909090880304575,0.00909090880304575,0.145454540848732,0.1090909093618393,0.08181817829608917,0.06363636255264282,0.027272727340459824,0.04545454680919647,0.0181818176060915,0.036363635212183,0.027272727340459824,0.0181818176060915,0.00909090880304575,0.0,0.00909090880304575,0.00909090880304575,0.0,0.00909090880304575,0.00909090880304575,0.00909090880304575,0.0181818176060915,0.00909090880304575,0.00909090880304575,0.0181818176060915,0.0,0.00909090880304575,0.036363635212183,0.0,0.00909090880304575,0.0181818176060915,0.0,0.00909090880304575,0.0,0.00909090880304575,0.0,0.00909090880304575,0.00909090880304575,0.0,0.0,0.027272727340459824,0.00909090880304575,0.0,0.0,0.00909090880304575,0.0,0.0,0.0,0.0,0.00909090880304575,0.0,0.0,0.00909090880304575,0.0,0.0,0.0,0.0,0.0,0.00909090880304575,0.00909090880304575,0.0,0.00909090880304575,0.0,0.0181818176060915,0.0,0.0,0.0,0.00909090880304575,0.0,0.0,0.0,0.0,0.0,0.0,0.0,0.00909090880304575,0.0,0.00909090880304575,0.00909090880304575,0.00909090880304575,0.0,0.0,0.0,0.0,0.00909090880304575,0.0,0.0,0.0,0.0,0.0,0.0,0.0,0.0,0.00909090880304575,0.0,0.0,0.0,0.00909090880304575,0.00909090880304575
0.0,0.04097924381494522,0.054816391319036484,0.18094731867313385,0.08195848762989044,0.03831825405359268,0.04523682966828346,0.04364023357629776,0.030867483466863632,0.0313996821641922,0.020755721256136894,0.020755721256136894,0.020223522558808327,0.02182011678814888,0.012772751040756702,0.01330494973808527,0.01224055327475071,0.011176157742738724,0.00957956351339817,0.007982969284057617,0.007982969284057617,0.005854177754372358,0.01064395997673273,0.005854177754372358,0.006918573752045631,0.006386375520378351,0.006386375520378351,0.01064395997673273,0.003725385759025812,0.006918573752045631,0.005321979988366365,0.0026609899941831827,0.005321979988366365,0.002128791995346546,0.005854177754372358,0.005321979988366365,0.0031931877601891756,0.0026609899941831827,0.008515167981386185,0.0026609899941831827,0.0031931877601891756,0.004257583990693092,0.0031931877601891756,0.0026609899941831827,0.004257583990693092,0.0015965938800945878,0.003725385759025812,0.005321979988366365,0.004789781756699085,0.001064395997673273,0.0026609899941831827,0.005321979988366365,0.0031931877601891756,0.003725385759025812,0.0026609899941831827,0.005854177754372358,0.003725385759025812,0.004257583990693092,0.0026609899941831827,0.002128791995346546,0.0026609899941831827,0.003725385759025812,0.0015965938800945878,0.0005321979988366365,0.004257583990693092,0.0031931877601891756,0.0026609899941831827,0.003725385759025812,0.002128791995346546,0.003725385759025812,0.003725385759025812,0.003725385759025812,0.003725385759025812,0.003725385759025812,0.0026609899941831827,0.0026609899941831827,0.0031931877601891756,0.0026609899941831827,0.001064395997673273,0.0031931877601891756,0.002128791995346546,0.0031931877601891756,0.004257583990693092,0.004257583990693092,0.004257583990693092,0.0031931877601891756,0.002128791995346546,0.002128791995346546,0.004789781756699085,0.0015965938800945878,0.0015965938800945878,0.002128791995346546,0.004257583990693092,0.0031931877601891756,0.002128791995346546,0.0015965938800945878,0.0026609899941831827,0.0026609899941831827,0.0026609899941831827,0.0026609899941831827
0.0,0.09507524222135544,0.12494300305843353,0.09895120561122894,0.08139535039663315,0.05608754977583885,0.04765161871910095,0.041267670691013336,0.034655723720788956,0.036479707807302475,0.02918376587331295,0.021887825801968575,0.019607843831181526,0.018467852845788002,0.013907888904213905,0.012083902955055237,0.011399908922612667,0.010031919926404953,0.008435932919383049,0.009575922973453999,0.008207933977246284,0.006839945446699858,0.0059279524721205235,0.006155950948596001,0.0043319654650986195,0.0056999544613063335,0.0036479707341641188,0.0043319654650986195,0.0066119469702243805,0.005243957974016666,0.0025079799816012383,0.003419972723349929,0.004787961486726999,0.0022799817379564047,0.0025079799816012383,0.002735978225246072,0.0038759689778089523,0.0031919744797050953,0.004103966988623142,0.0025079799816012383,0.0029639762360602617,0.0038759689778089523,0.002051983494311571,0.004103966988623142,0.001367989112623036,0.0018239853670820594,0.0022799817379564047,0.001367989112623036,0.0025079799816012383,0.0015959872398525476,0.0029639762360602617,0.0022799817379564047,0.002735978225246072,0.003419972723349929,0.001367989112623036,0.0018239853670820594,0.0036479707341641188,0.002051983494311571,0.002051983494311571,0.0036479707341641188,0.0029639762360602617,0.0031919744797050953,0.002735978225246072,0.0029639762360602617,0.0029639762360602617,0.0025079799816012383,0.002735978225246072,0.0015959872398525476,0.0022799817379564047,0.0022799817379564047,0.0022799817379564047,0.0031919744797050953,0.003419972723349929,0.002051983494311571,0.0031919744797050953,0.0031919744797050953,0.0018239853670820594,0.002735978225246072,0.0025079799816012383,0.0022799817379564047,0.0018239853670820594,0.0009119926835410297,0.002735978225246072,0.002051983494311571,0.002735978225246072,0.0022799817379564047,0.0018239853670820594,0.0009119926835410297,0.002735978225246072,0.002051983494311571,0.0018239853670820594,0.0025079799816012383,0.0015959872398525476,0.0009119926835410297,0.002735978225246072,0.00045599634177051485,0.0015959872398525476,0.0022799817379564047,0.0018239853670820594,0.001367989112623036
0.0,0.0654711052775383,0.0825505256652832,0.09393680840730667,0.05920865386724472,0.04469114542007446,0.04241389036178589,0.0412752628326416,0.027327070012688637,0.02960432693362236,0.02476515807211399,0.02134927362203598,0.02277255989611149,0.020779959857463837,0.01793339103460312,0.01224025059491396,0.011386279948055744,0.01480216346681118,0.011955593712627888,0.010532308369874954,0.00996299460530281,0.010816965252161026,0.010247651487588882,0.006831767503172159,0.008824367076158524,0.008255052380263805,0.006831767503172159,0.005977796856313944,0.005123825743794441,0.007685738615691662,0.005123825743794441,0.004554511979222298,0.005977796856313944,0.003985197748988867,0.0048391688615083694,0.003131226869300008,0.006262453738600016,0.007116424851119518,0.0048391688615083694,0.004554511979222298,0.005408482626080513,0.005123825743794441,0.005693139974027872,0.003131226869300008,0.004269854631274939,0.003131226869300008,0.005693139974027872,0.003700540866702795,0.005123825743794441,0.0019925988744944334,0.003700540866702795,0.005693139974027872,0.003700540866702795,0.0034158837515860796,0.0034158837515860796,0.002846569987013936,0.0025619128718972206,0.004554511979222298,0.003700540866702795,0.003131226869300008,0.003700540866702795,0.002277255989611149,0.001423284993506968,0.003985197748988867,0.004554511979222298,0.002277255989611149,0.003985197748988867,0.003700540866702795,0.002846569987013936,0.0025619128718972206,0.0034158837515860796,0.005693139974027872,0.0034158837515860796,0.0034158837515860796,0.004269854631274939,0.005123825743794441,0.002846569987013936,0.0025619128718972206,0.0025619128718972206,0.004269854631274939,0.0011386279948055744,0.003131226869300008,0.003700540866702795,0.0025619128718972206,0.003700540866702795,0.0019925988744944334,0.0048391688615083694,0.003131226869300008,0.0034158837515860796,0.0034158837515860796,0.0017079418757930398,0.0034158837515860796,0.006262453738600016,0.0025619128718972206,0.003700540866702795,0.0034158837515860796,0.003985197748988867,0.003131226869300008,0.0025619128718972206,0.0034158837515860796
0.0,0.040652818977832794,0.05430267006158829,0.06023738905787468,0.04510385915637016,0.03293768689036369,0.027893174439668655,0.029376855120062828,0.026706231757998466,0.026409495621919632,0.019584570080041885,0.022848663851618767,0.01661721058189869,0.018694361671805382,0.018100889399647713,0.013056379742920399,0.015727002173662186,0.013649852015078068,0.011869436129927635,0.011869436129927635,0.011869436129927635,0.01216617226600647,0.013353115878999233,0.00860534142702818,0.00801186915487051,0.010682492516934872,0.010682492516934872,0.01216617226600647,0.010089021176099777,0.009792285040020943,0.008902077563107014,0.007715133484452963,0.008902077563107014,0.005934718064963818,0.008902077563107014,0.007418397814035416,0.005934718064963818,0.004747774451971054,0.004154302645474672,0.004747774451971054,0.006231454201042652,0.006528189871460199,0.006528189871460199,0.005341246258467436,0.00860534142702818,0.006231454201042652,0.005341246258467436,0.00563798239454627,0.0035608308389782906,0.0038575667422264814,0.0035608308389782906,0.004747774451971054,0.005934718064963818,0.006824926007539034,0.006824926007539034,0.009198812767863274,0.007715133484452963,0.005934718064963818,0.002967359032481909,0.005934718064963818,0.004154302645474672,0.006824926007539034,0.005934718064963818,0.004747774451971054,0.006231454201042652,0.0038575667422264814,0.007418397814035416,0.0035608308389782906,0.005044510588049889,0.006528189871460199,0.005044510588049889,0.0035608308389782906,0.004747774451971054,0.006528189871460199,0.005044510588049889,0.006231454201042652,0.005934718064963818,0.005341246258467436,0.007121661677956581,0.005341246258467436,0.006231454201042652,0.004154302645474672,0.0038575667422264814,0.004747774451971054,0.005934718064963818,0.009495548903942108,0.005044510588049889,0.002373887225985527,0.0035608308389782906,0.005341246258467436,0.002967359032481909,0.004451038781553507,0.004451038781553507,0.005044510588049889,0.004747774451971054,0.004451038781553507,0.0035608308389782906,0.002670623129233718,0.004747774451971054,0.005044510588049889
0.0,0.01867353543639183,0.03219575062394142,0.030585963279008865,0.028332259505987167,0.019961364567279816,0.022858982905745506,0.018029620870947838,0.01867353543639183,0.018995491787791252,0.015453959815204144,0.02092723734676838,0.016741789877414703,0.017707662656903267,0.017707662656903267,0.011590469628572464,0.012556342408061028,0.013200257904827595,0.012556342408061028,0.013200257904827595,0.009980682283639908,0.009980682283639908,0.011912427842617035,0.010302640497684479,0.009336767718195915,0.009014810435473919,0.009980682283639908,0.011268512345850468,0.012878299690783024,0.007726979907602072,0.007083064876496792,0.010624597780406475,0.007083064876496792,0.012556342408061028,0.011590469628572464,0.007726979907602072,0.009336767718195915,0.008692852221429348,0.009336767718195915,0.008692852221429348,0.008048937655985355,0.011268512345850468,0.004829362500458956,0.0067611075937747955,0.011268512345850468,0.008692852221429348,0.009336767718195915,0.008370894938707352,0.005473277531564236,0.011912427842617035,0.008692852221429348,0.010302640497684479,0.0045074052177369595,0.010302640497684479,0.009980682283639908,0.010302640497684479,0.0067611075937747955,0.009658725000917912,0.008370894938707352,0.007726979907602072,0.008370894938707352,0.0074050226248800755,0.009980682283639908,0.006439149845391512,0.005795234814286232,0.004829362500458956,0.005473277531564236,0.007726979907602072,0.009014810435473919,0.006439149845391512,0.007083064876496792,0.008370894938707352,0.008370894938707352,0.008370894938707352,0.010302640497684479,0.003541532438248396,0.007726979907602072,0.005795234814286232,0.0067611075937747955,0.0067611075937747955,0.005473277531564236,0.006439149845391512,0.005795234814286232,0.008370894938707352,0.0067611075937747955,0.006117192562669516,0.009336767718195915,0.005151320248842239,0.007083064876496792,0.0067611075937747955,0.004829362500458956,0.005795234814286232,0.004185447469353676,0.004829362500458956,0.008370894938707352,0.0067611075937747955,0.003863489953801036,0.005795234814286232,0.007083064876496792,0.009014810435473919
0.0,0.011836320161819458,0.024687182158231735,0.020290834829211235,0.01995265483856201,0.014541765674948692,0.01657084934413433,0.01961447484791279,0.015218126587569714,0.015218126587569714,0.012174501083791256,0.010145417414605618,0.012850861996412277,0.014203584752976894,0.014203584752976894,0.013865403831005096,0.010821779258549213,0.013527223840355873,0.012512682005763054,0.013865403831005096,0.010821779258549213,0.010145417414605618,0.012850861996412277,0.015218126587569714,0.012174501083791256,0.008454514667391777,0.009130875580012798,0.009469056501984596,0.011159959249198437,0.010483598336577415,0.008116333745419979,0.011159959249198437,0.013189042918384075,0.009469056501984596,0.011498140171170235,0.008116333745419979,0.008454514667391777,0.009130875580012798,0.011159959249198437,0.008454514667391777,0.013189042918384075,0.010145417414605618,0.010145417414605618,0.008454514667391777,0.010483598336577415,0.008792695589363575,0.010145417414605618,0.007101792376488447,0.011159959249198437,0.009807237423956394,0.008792695589363575,0.009807237423956394,0.010821779258549213,0.010483598336577415,0.009130875580012798,0.009130875580012798,0.008454514667391777,0.007101792376488447,0.009130875580012798,0.008454514667391777,0.007439972832798958,0.007778153754770756,0.008454514667391777,0.009469056501984596,0.0067636119201779366,0.0067636119201779366,0.008792695589363575,0.008116333745419979,0.007439972832798958,0.009130875580012798,0.007439972832798958,0.007778153754770756,0.006425430998206139,0.008454514667391777,0.010483598336577415,0.007101792376488447,0.008116333745419979,0.012174501083791256,0.011159959249198437,0.008454514667391777,0.010145417414605618,0.008792695589363575,0.009130875580012798,0.005072708707302809,0.008792695589363575,0.007439972832798958,0.005072708707302809,0.007101792376488447,0.007778153754770756,0.009807237423956394,0.0067636119201779366,0.005749070085585117,0.010145417414605618,0.0040581668727099895,0.007778153754770756,0.005072708707302809,0.006087250541895628,0.008454514667391777,0.006425430998206139,0.007101792376488447
0.0,0.025915613397955894,0.04133647307753563,0.03491111472249031,0.025273077189922333,0.022274576127529144,0.02420218475162983,0.023345470428466797,0.022060398012399673,0.022274576127529144,0.0207753274589777,0.01692011207342148,0.015849217772483826,0.019490255042910576,0.016705932095646858,0.01413578912615776,0.01413578912615776,0.01199400331825018,0.015635039657354355,0.012636538594961166,0.01220818143337965,0.014349968172609806,0.012850717641413212,0.011137288063764572,0.013064895756542683,0.013493252918124199,0.010923109948635101,0.00899550225585699,0.008138787932693958,0.010494752787053585,0.010708930902183056,0.010494752787053585,0.0072820731438696384,0.01028057374060154,0.009209681302309036,0.008352966047823429,0.01028057374060154,0.0072820731438696384,0.009423859417438507,0.008567145094275475,0.008567145094275475,0.012636538594961166,0.010066395625472069,0.007710430305451155,0.007924608886241913,0.011137288063764572,0.007924608886241913,0.005568644031882286,0.008138787932693958,0.0072820731438696384,0.0072820731438696384,0.006211180239915848,0.00706789456307888,0.006639537401497364,0.007496251724660397,0.006425358820706606,0.006853715982288122,0.007710430305451155,0.007496251724660397,0.00599700165912509,0.007924608886241913,0.0057828230783343315,0.005354465451091528,0.006853715982288122,0.006211180239915848,0.006211180239915848,0.00706789456307888,0.006425358820706606,0.0057828230783343315,0.0057828230783343315,0.006639537401497364,0.0057828230783343315,0.008138787932693958,0.002998500829562545,0.006425358820706606,0.007924608886241913,0.006639537401497364,0.003426857991144061,0.006211180239915848,0.00599700165912509,0.006211180239915848,0.005354465451091528,0.00706789456307888,0.005568644031882286,0.004926108289510012,0.00514028687030077,0.005354465451091528,0.006853715982288122,0.005568644031882286,0.006639537401497364,0.006425358820706606,0.007710430305451155,0.006425358820706606,0.0047119297087192535,0.004283572547137737,0.006853715982288122,0.0036410365719348192,0.005354465451091528,0.005354465451091528,0.003426857991144061
0.0,0.01508620660752058,0.010775862261652946,0.006465517450124025,0.017241379246115685,0.021551724523305893,0.01293103490024805,0.01293103490024805,0.004310344811528921,0.0021551724057644606,0.010775862261652946,0.01508620660752058,0.01508620660752058,0.0021551724057644606,0.010775862261652946,0.01508620660752058,0.01293103490024805,0.004310344811528921,0.01508620660752058,0.010775862261652946,0.01293103490024805,0.017241379246115685,0.01508620660752058,0.021551724523305893,0.010775862261652946,0.01293103490024805,0.0021551724057644606,0.01293103490024805,0.01508620660752058,0.006465517450124025,0.010775862261652946,0.01293103490024805,0.006465517450124025,0.006465517450124025,0.008620689623057842,0.010775862261652946,0.01293103490024805,0.01293103490024805,0.023706896230578423,0.017241379246115685,0.006465517450124025,0.008620689623057842,0.017241379246115685,0.010775862261652946,0.01508620660752058,0.004310344811528921,0.01508620660752058,0.004310344811528921,0.017241379246115685,0.019396550953388214,0.008620689623057842,0.004310344811528921,0.017241379246115685,0.021551724523305893,0.0021551724057644606,0.017241379246115685,0.01508620660752058,0.01508620660752058,0.006465517450124025,0.01293103490024805,0.006465517450124025,0.021551724523305893,0.006465517450124025,0.006465517450124025,0.0,0.006465517450124025,0.008620689623057842,0.006465517450124025,0.01293103490024805,0.010775862261652946,0.010775862261652946,0.008620689623057842,0.006465517450124025,0.0021551724057644606,0.004310344811528921,0.008620689623057842,0.008620689623057842,0.01293103490024805,0.004310344811528921,0.004310344811528921,0.004310344811528921,0.008620689623057842,0.008620689623057842,0.006465517450124025,0.0,0.004310344811528921,0.006465517450124025,0.006465517450124025,0.01293103490024805,0.01293103490024805,0.004310344811528921,0.006465517450124025,0.010775862261652946,0.006465517450124025,0.006465517450124025,0.010775862261652946,0.0,0.004310344811528921,0.01293103490024805,0.004310344811528921
0.0,0.035684648901224136,0.06556016951799393,0.04356846585869789,0.037966806441545486,0.03423236683011055,0.03443983569741249,0.0296680498868227,0.026556016877293587,0.02489626593887806,0.02489626593887806,0.021161826327443123,0.0205394197255373,0.019087137654423714,0.01804979331791401,0.017012448981404305,0.013692946173250675,0.011203319765627384,0.014107883907854557,0.013900415040552616,0.009543568827211857,0.013070539571344852,0.013485477305948734,0.013278008438646793,0.008921162225306034,0.01037344429641962,0.01016597542911768,0.006639004219323397,0.006639004219323397,0.008921162225306034,0.008506224490702152,0.006846473086625338,0.0072614108212292194,0.008921162225306034,0.006639004219323397,0.00746887968853116,0.010580913163721561,0.006846473086625338,0.009958506561815739,0.0072614108212292194,0.00746887968853116,0.006224066484719515,0.006639004219323397,0.00788381788879633,0.006431535352021456,0.0070539419539272785,0.0072614108212292194,0.0072614108212292194,0.004979253280907869,0.0033195021096616983,0.008921162225306034,0.005809128750115633,0.00746887968853116,0.006639004219323397,0.005601659882813692,0.0070539419539272785,0.004771784413605928,0.0045643155463039875,0.004979253280907869,0.006224066484719515,0.006224066484719515,0.004356846679002047,0.005394191015511751,0.004979253280907869,0.005809128750115633,0.005809128750115633,0.005601659882813692,0.00518672214820981,0.004979253280907869,0.004356846679002047,0.004356846679002047,0.0029045643750578165,0.006639004219323397,0.006016597617417574,0.003941908944398165,0.004149377811700106,0.004771784413605928,0.003941908944398165,0.00518672214820981,0.006224066484719515,0.0033195021096616983,0.003941908944398165,0.004771784413605928,0.003941908944398165,0.00373443984426558,0.0033195021096616983,0.006431535352021456,0.00373443984426558,0.004149377811700106,0.0035269709769636393,0.004356846679002047,0.00518672214820981,0.004149377811700106,0.005601659882813692,0.003941908944398165,0.004356846679002047,0.0033195021096616983,0.004149377811700106,0.00373443984426558,0.005394191015511751
0.0,0.04577464610338211,0.08607199043035507,0.056338027119636536,0.046557120978832245,0.036776211112737656,0.03482003137469292,0.03403756022453308,0.03638497740030289,0.02934272214770317,0.025821596384048462,0.023474179208278656,0.026604069396853447,0.0211267601698637,0.01956181600689888,0.01799686998128891,0.013693270273506641,0.01056338008493185,0.01643192395567894,0.012519561685621738,0.00978090800344944,0.011345853097736835,0.005086071789264679,0.009389671497046947,0.01056338008493185,0.008998434990644455,0.009389671497046947,0.01056338008493185,0.006651017349213362,0.006259780842810869,0.006259780842810869,0.007042253389954567,0.008607198484241962,0.0054773082956671715,0.004694835748523474,0.006259780842810869,0.004694835748523474,0.003912363201379776,0.005868544802069664,0.004694835748523474,0.006259780842810869,0.0035211266949772835,0.0054773082956671715,0.007042253389954567,0.003912363201379776,0.005086071789264679,0.007042253389954567,0.004694835748523474,0.003912363201379776,0.004694835748523474,0.0027386541478335857,0.0054773082956671715,0.0074334898963570595,0.0031298904214054346,0.005868544802069664,0.0035211266949772835,0.005868544802069664,0.0035211266949772835,0.0054773082956671715,0.004694835748523474,0.005086071789264679,0.004694835748523474,0.0027386541478335857,0.004303599242120981,0.005086071789264679,0.0074334898963570595,0.004303599242120981,0.003912363201379776,0.005086071789264679,0.0054773082956671715,0.007824726402759552,0.0035211266949772835,0.0031298904214054346,0.0035211266949772835,0.004694835748523474,0.0035211266949772835,0.004303599242120981,0.005086071789264679,0.001956181600689888,0.0035211266949772835,0.002347417874261737,0.005086071789264679,0.0035211266949772835,0.004694835748523474,0.001956181600689888,0.0054773082956671715,0.004303599242120981,0.0054773082956671715,0.0035211266949772835,0.0031298904214054346,0.005868544802069664,0.0031298904214054346,0.0035211266949772835,0.002347417874261737,0.002347417874261737,0.0035211266949772835,0.0031298904214054346,0.0031298904214054346,0.0027386541478335857,0.0027386541478335857
0.0,0.03360116854310036,0.055514972656965256,0.03579254820942879,0.03360116854310036,0.027027027681469917,0.027757486328482628,0.027027027681469917,0.032870709896087646,0.02045288495719433,0.021913805976510048,0.023374726995825768,0.01753104478120804,0.01972242444753647,0.01972242444753647,0.013878743164241314,0.011687363497912884,0.012417823076248169,0.013148283585906029,0.013148283585906029,0.009495982900261879,0.013878743164241314,0.011687363497912884,0.010226442478597164,0.013148283585906029,0.006574141792953014,0.006574141792953014,0.007304601836949587,0.005843681748956442,0.009495982900261879,0.007304601836949587,0.011687363497912884,0.005843681748956442,0.002191380597651005,0.00876552239060402,0.0036523009184747934,0.005843681748956442,0.005843681748956442,0.006574141792953014,0.00803506188094616,0.00803506188094616,0.00438276119530201,0.00876552239060402,0.00876552239060402,0.005843681748956442,0.005113221239298582,0.010956902988255024,0.002191380597651005,0.009495982900261879,0.007304601836949587,0.006574141792953014,0.005113221239298582,0.006574141792953014,0.009495982900261879,0.00803506188094616,0.007304601836949587,0.006574141792953014,0.005843681748956442,0.002191380597651005,0.00438276119530201,0.00803506188094616,0.006574141792953014,0.005843681748956442,0.00803506188094616,0.005113221239298582,0.007304601836949587,0.006574141792953014,0.00803506188094616,0.0036523009184747934,0.00803506188094616,0.0036523009184747934,0.005113221239298582,0.00803506188094616,0.005843681748956442,0.007304601836949587,0.007304601836949587,0.005113221239298582,0.00803506188094616,0.00876552239060402,0.005113221239298582,0.005843681748956442,0.00803506188094616,0.006574141792953014,0.005113221239298582,0.00803506188094616,0.00803506188094616,0.005113221239298582,0.0036523009184747934,0.006574141792953014,0.00438276119530201,0.005113221239298582,0.002921840874478221,0.00438276119530201,0.011687363497912884,0.005113221239298582,0.005113221239298582,0.005843681748956442,0.007304601836949587,0.00438276119530201,0.002191380597651005
0.0,0.055146053433418274,0.07534807175397873,0.06060606241226196,0.045045044273138046,0.03903903812170029,0.031122030690312386,0.03303303197026253,0.027573026716709137,0.02893802896142006,0.027300028130412102,0.02047502063214779,0.021021021530032158,0.01638001576066017,0.020748021081089973,0.016107015311717987,0.013104013167321682,0.014196014031767845,0.012831012718379498,0.010374010540544987,0.010374010540544987,0.012558012269437313,0.010101010091602802,0.010374010540544987,0.007917008362710476,0.009009009227156639,0.007098007015883923,0.0062790061347186565,0.00846300832927227,0.007098007015883923,0.006006006151437759,0.008736008778214455,0.006006006151437759,0.004368004389107227,0.004368004389107227,0.0054600052535533905,0.007098007015883923,0.0068250070326030254,0.005187005270272493,0.006552006583660841,0.0035490035079419613,0.010374010540544987,0.0054600052535533905,0.005187005270272493,0.0035490035079419613,0.007917008362710476,0.00846300832927227,0.004641004838049412,0.0062790061347186565,0.007917008362710476,0.0054600052535533905,0.003822003724053502,0.003822003724053502,0.005187005270272493,0.004914004821330309,0.0068250070326030254,0.0032760032918304205,0.0054600052535533905,0.005187005270272493,0.004095003940165043,0.004641004838049412,0.005187005270272493,0.0068250070326030254,0.004914004821330309,0.0035490035079419613,0.007644007448107004,0.005187005270272493,0.005187005270272493,0.003822003724053502,0.004641004838049412,0.003822003724053502,0.003822003724053502,0.004095003940165043,0.003822003724053502,0.004095003940165043,0.0032760032918304205,0.004095003940165043,0.0054600052535533905,0.001911001862026751,0.001911001862026751,0.0054600052535533905,0.0032760032918304205,0.003822003724053502,0.004095003940165043,0.0035490035079419613,0.0035490035079419613,0.003822003724053502,0.001911001862026751,0.004641004838049412,0.0054600052535533905,0.004095003940165043,0.004914004821330309,0.003822003724053502,0.004914004821330309,0.004641004838049412,0.004641004838049412,0.0027300026267766953,0.0054600052535533905,0.0035490035079419613,0.004095003940165043
0.0,0.08140208572149277,0.09791425615549088,0.0796639621257782,0.054171495139598846,0.045191194862127304,0.03621089085936546,0.03592120483517647,0.03070683591067791,0.032155271619558334,0.0254924688488245,0.020857473835349083,0.02056778594851494,0.015643104910850525,0.014484357088804245,0.012166859582066536,0.010718423873186111,0.010139049962162971,0.009559675119817257,0.009269988164305687,0.009849363006651402,0.008111239410936832,0.008980301208794117,0.0075318654999136925,0.009849363006651402,0.006662804167717695,0.008690614253282547,0.006083429791033268,0.005214368458837271,0.005504055414348841,0.006373117212206125,0.0046349940821528435,0.005504055414348841,0.010139049962162971,0.005793742835521698,0.005793742835521698,0.004924681503325701,0.0037659327499568462,0.005793742835521698,0.0037659327499568462,0.005214368458837271,0.004924681503325701,0.004055619705468416,0.0037659327499568462,0.0034762455616146326,0.006952491123229265,0.004055619705468416,0.0046349940821528435,0.002896871417760849,0.005214368458837271,0.004055619705468416,0.005504055414348841,0.004055619705468416,0.0034762455616146326,0.002896871417760849,0.0026071842294186354,0.0023174970410764217,0.0023174970410764217,0.004055619705468416,0.0046349940821528435,0.0037659327499568462,0.0031865586061030626,0.0031865586061030626,0.005504055414348841,0.0031865586061030626,0.0037659327499568462,0.002896871417760849,0.004924681503325701,0.0031865586061030626,0.0031865586061030626,0.005214368458837271,0.0037659327499568462,0.004924681503325701,0.002896871417760849,0.0017381227808073163,0.0031865586061030626,0.005214368458837271,0.0023174970410764217,0.005504055414348841,0.0043453071266412735,0.0026071842294186354,0.0014484357088804245,0.004055619705468416,0.005504055414348841,0.0043453071266412735,0.0034762455616146326,0.002027809852734208,0.0026071842294186354,0.0031865586061030626,0.0043453071266412735,0.0034762455616146326,0.002896871417760849,0.0037659327499568462,0.0037659327499568462,0.0023174970410764217,0.0026071842294186354,0.0037659327499568462,0.0037659327499568462,0.0043453071266412735,0.0034762455616146326
0.0,0.039030954241752625,0.04576043039560318,0.05080753564834595,0.04104979708790779,0.03162853419780731,0.028263796120882034,0.03499327227473259,0.020524898543953896,0.022543741390109062,0.02153431996703148,0.022207267582416534,0.020861372351646423,0.01985195092856884,0.01648721471428871,0.013122476637363434,0.013458950445055962,0.012786002829670906,0.007402422837913036,0.010094212368130684,0.014468371868133545,0.00841184426099062,0.007065949030220509,0.00841184426099062,0.0090847909450531,0.007065949030220509,0.014131898060441017,0.011776581406593323,0.007738896179944277,0.007738896179944277,0.006393001414835453,0.00841184426099062,0.006393001414835453,0.009421264752745628,0.010430686175823212,0.005047106184065342,0.009421264752745628,0.006393001414835453,0.006056527607142925,0.006729475222527981,0.006729475222527981,0.007065949030220509,0.006393001414835453,0.006729475222527981,0.009757738560438156,0.006056527607142925,0.00538357999175787,0.0057200537994503975,0.010094212368130684,0.00538357999175787,0.006393001414835453,0.006729475222527981,0.0057200537994503975,0.007738896179944277,0.004374159034341574,0.0033647376112639904,0.007065949030220509,0.0057200537994503975,0.008075370453298092,0.006729475222527981,0.003701211418956518,0.004710632376372814,0.00538357999175787,0.007738896179944277,0.004374159034341574,0.005047106184065342,0.006056527607142925,0.007065949030220509,0.0057200537994503975,0.0057200537994503975,0.00538357999175787,0.006393001414835453,0.007065949030220509,0.006056527607142925,0.0057200537994503975,0.007065949030220509,0.006056527607142925,0.0057200537994503975,0.0013458949979394674,0.006056527607142925,0.006056527607142925,0.004374159034341574,0.00538357999175787,0.0057200537994503975,0.0057200537994503975,0.006056527607142925,0.006729475222527981,0.0033647376112639904,0.004710632376372814,0.00538357999175787,0.006056527607142925,0.007738896179944277,0.006056527607142925,0.0057200537994503975,0.006393001414835453,0.00538357999175787,0.005047106184065342,0.006729475222527981,0.0057200537994503975,0.005047106184065342
0.0,0.023526301607489586,0.04625958204269409,0.034628599882125854,0.03727200627326965,0.022997621446847916,0.025641025975346565,0.020882897078990936,0.020882897078990936,0.020089875906705856,0.017446471378207207,0.018768172711133957,0.018768172711133957,0.015331747010350227,0.016124768182635307,0.014538725838065147,0.009516256861388683,0.015331747010350227,0.014538725838065147,0.011895321309566498,0.012952683493494987,0.012688342481851578,0.009251916781067848,0.008194554597139359,0.009516256861388683,0.010573619045317173,0.010573619045317173,0.008458894677460194,0.008723235689103603,0.012952683493494987,0.009251916781067848,0.012688342481851578,0.008987575769424438,0.006608511786907911,0.009251916781067848,0.010837959125638008,0.011366640217602253,0.009251916781067848,0.009251916781067848,0.006872852332890034,0.006608511786907911,0.009251916781067848,0.010837959125638008,0.008458894677460194,0.008987575769424438,0.011630980297923088,0.008194554597139359,0.007930214516818523,0.008987575769424438,0.007930214516818523,0.003965107258409262,0.006608511786907911,0.006608511786907911,0.008458894677460194,0.008458894677460194,0.007665873505175114,0.007401532959192991,0.008723235689103603,0.004229447338730097,0.006872852332890034,0.005022468976676464,0.005551150068640709,0.0060798306949436665,0.0052868095226585865,0.005551150068640709,0.007401532959192991,0.005551150068640709,0.007930214516818523,0.006872852332890034,0.004229447338730097,0.005815490148961544,0.007401532959192991,0.006872852332890034,0.005815490148961544,0.006872852332890034,0.006344171240925789,0.006608511786907911,0.007137192878872156,0.005815490148961544,0.008458894677460194,0.005022468976676464,0.004758128430694342,0.008723235689103603,0.005551150068640709,0.004229447338730097,0.004229447338730097,0.0052868095226585865,0.0060798306949436665,0.006872852332890034,0.005551150068640709,0.006344171240925789,0.004758128430694342,0.004493787884712219,0.003965107258409262,0.007401532959192991,0.003965107258409262,0.007665873505175114,0.005022468976676464,0.004758128430694342,0.008194554597139359
0.0,0.03692976012825966,0.044895004481077194,0.03511947765946388,0.03511947765946388,0.025706009939312935,0.02679217979311943,0.01846488006412983,0.02606806717813015,0.015206372365355492,0.018102824687957764,0.018102824687957764,0.016654597595334053,0.013034033589065075,0.014482258819043636,0.013758146204054356,0.012671977281570435,0.008689355105161667,0.010137581266462803,0.010499637573957443,0.011223751120269299,0.013034033589065075,0.013034033589065075,0.007241129409521818,0.009775524958968163,0.01194786373525858,0.009775524958968163,0.007603186182677746,0.007603186182677746,0.008689355105161667,0.00615496002137661,0.008689355105161667,0.006879073102027178,0.009051412343978882,0.008689355105161667,0.010137581266462803,0.009413468651473522,0.010137581266462803,0.011223751120269299,0.010137581266462803,0.0050687906332314014,0.0043446775525808334,0.009413468651473522,0.010137581266462803,0.006879073102027178,0.0050687906332314014,0.007241129409521818,0.009775524958968163,0.006879073102027178,0.006879073102027178,0.009413468651473522,0.008689355105161667,0.00615496002137661,0.010499637573957443,0.007241129409521818,0.008689355105161667,0.005430847406387329,0.005430847406387329,0.005430847406387329,0.0065170167945325375,0.010499637573957443,0.009775524958968163,0.0050687906332314014,0.00615496002137661,0.007603186182677746,0.0057929037138819695,0.006879073102027178,0.007603186182677746,0.007603186182677746,0.00615496002137661,0.007603186182677746,0.0065170167945325375,0.011223751120269299,0.0057929037138819695,0.003982621245086193,0.007603186182677746,0.005430847406387329,0.008327298797667027,0.007241129409521818,0.008327298797667027,0.0043446775525808334,0.00615496002137661,0.0065170167945325375,0.008327298797667027,0.0057929037138819695,0.0043446775525808334,0.0057929037138819695,0.006879073102027178,0.008327298797667027,0.008689355105161667,0.003982621245086193,0.0065170167945325375,0.0050687906332314014,0.005430847406387329,0.008327298797667027,0.007603186182677746,0.0028964518569409847,0.0043446775525808334,0.0050687906332314014,0.0043446775525808334
0.0,0.06340057402849197,0.08141210675239563,0.058357350528240204,0.07564841210842133,0.03746397793292999,0.036743514239788055,0.030979827046394348,0.02665705978870392,0.019452448934316635,0.01729106716811657,0.015850143507122993,0.02089337259531021,0.01801152713596821,0.01296829991042614,0.01801152713596821,0.01512968260794878,0.01512968260794878,0.010086455382406712,0.010086455382406712,0.0036023054271936417,0.010086455382406712,0.007925071753561497,0.011527377180755138,0.010806916281580925,0.00648414995521307,0.00648414995521307,0.005043227691203356,0.0014409221475943923,0.005043227691203356,0.01296829991042614,0.007925071753561497,0.0028818442951887846,0.005763688590377569,0.007925071753561497,0.00648414995521307,0.005043227691203356,0.007925071753561497,0.010086455382406712,0.005763688590377569,0.0036023054271936417,0.007204610854387283,0.002161383396014571,0.002161383396014571,0.0028818442951887846,0.002161383396014571,0.002161383396014571,0.005763688590377569,0.007204610854387283,0.007925071753561497,0.004322766792029142,0.005043227691203356,0.0036023054271936417,0.0007204610737971961,0.0028818442951887846,0.005763688590377569,0.008645533584058285,0.0028818442951887846,0.0028818442951887846,0.005043227691203356,0.005043227691203356,0.0036023054271936417,0.004322766792029142,0.005763688590377569,0.0014409221475943923,0.0028818442951887846,0.007204610854387283,0.0028818442951887846,0.005763688590377569,0.004322766792029142,0.004322766792029142,0.002161383396014571,0.0028818442951887846,0.007925071753561497,0.005763688590377569,0.0036023054271936417,0.004322766792029142,0.007204610854387283,0.004322766792029142,0.00648414995521307,0.0036023054271936417,0.005763688590377569,0.005043227691203356,0.007204610854387283,0.00648414995521307,0.0036023054271936417,0.005763688590377569,0.0036023054271936417,0.00648414995521307,0.0028818442951887846,0.0036023054271936417,0.0036023054271936417,0.004322766792029142,0.007925071753561497,0.005763688590377569,0.0036023054271936417,0.0036023054271936417,0.007204610854387283,0.005043227691203356,0.0028818442951887846
0.0,0.021800948306918144,0.03270142152905464,0.024170616641640663,0.026777250692248344,0.018246445804834366,0.017772512510418892,0.02109004743397236,0.016587678343057632,0.019668245688080788,0.01635071076452732,0.01611374318599701,0.01303317490965128,0.014691943302750587,0.013744075782597065,0.011374407447874546,0.011374407447874546,0.010900474153459072,0.012322274968028069,0.014928909949958324,0.011374407447874546,0.010900474153459072,0.010900474153459072,0.00995260663330555,0.011137440800666809,0.010189573280513287,0.00995260663330555,0.011374407447874546,0.011137440800666809,0.00995260663330555,0.010900474153459072,0.014691943302750587,0.009478673338890076,0.00876777246594429,0.00876777246594429,0.010189573280513287,0.008530805818736553,0.010900474153459072,0.009241705760359764,0.009715639986097813,0.006398104131221771,0.009478673338890076,0.009241705760359764,0.010426539927721024,0.008530805818736553,0.010900474153459072,0.007819904945790768,0.009478673338890076,0.009004739113152027,0.007819904945790768,0.00995260663330555,0.0068720378912985325,0.00876777246594429,0.0071090045385062695,0.00995260663330555,0.009478673338890076,0.008293839171528816,0.006161137484014034,0.007582938298583031,0.009478673338890076,0.009241705760359764,0.006398104131221771,0.0066350712440907955,0.008530805818736553,0.00876777246594429,0.009004739113152027,0.009478673338890076,0.007345971651375294,0.006398104131221771,0.008530805818736553,0.006161137484014034,0.007345971651375294,0.0066350712440907955,0.007819904945790768,0.006161137484014034,0.004976303316652775,0.009004739113152027,0.008530805818736553,0.0068720378912985325,0.0068720378912985325,0.0066350712440907955,0.008293839171528816,0.007345971651375294,0.005687203723937273,0.0071090045385062695,0.008056871592998505,0.006161137484014034,0.006398104131221771,0.008293839171528816,0.008293839171528816,0.0068720378912985325,0.005687203723937273,0.005924170836806297,0.004976303316652775,0.0066350712440907955,0.005687203723937273,0.008293839171528816,0.005213269963860512,0.006161137484014034,0.0071090045385062695
