session_id,unit_id,subject,cell_type,n_spikes,firing_rate
128514_20191215-probe0,0,128514,Excitatory,11893,2.3961318739272386
128514_20191215-probe0,1,128514,Excitatory,21831,4.398381816169641
128514_20191215-probe0,2,128514,Excitatory,39292,7.9163216673967085
128514_20191215-probe0,3,128514,Excitatory,1255,0.25285003798694056
128514_20191215-probe0,4,128514,Excitatory,23115,4.6570746040383515
128514_20191215-probe0,5,128514,Excitatory,1152,0.23209820219996458
128514_20191215-probe0,6,128514,Inhibitory,18493,3.7258611573645357
128514_20191215-probe0,7,128514,Excitatory,2567,0.5171841016035669
128514_20191215-probe0,8,128514,Excitatory,10418,2.098957526492388
128514_20191215-probe0,9,128514,Excitatory,25905,5.2191874374913905
128514_20191215-probe0,10,128514,Excitatory,23753,4.7856151014372905
128514_20191215-probe0,11,128514,Excitatory,18251,3.6771044169718348
128514_20191215-probe0,12,128514,Excitatory,27928,5.626769610278308
128514_20191215-probe0,13,128514,Excitatory,1056,0.21275668534996753
128514_20191215-probe0,14,128514,Excitatory,1426,0.2873021148759978
128514_20191215-probe0,15,128514,Excitatory,9809,1.9762597789752192
128514_20191215-probe0,16,128514,Inhibitory,21969,4.426185246641512
128514_20191215-probe0,17,128514,Excitatory,9243,1.8622254192137784
128514_20191215-probe0,18,128514,Excitatory,1932,0.38924802660619057
128514_20191215-probe0,19,128514,Inhibitory,9970,2.0086971145257353
128514_20191215-probe0,20,128514,Excitatory,21906,4.413492376208701
128514_20191215-probe0,21,128514,Excitatory,23622,4.759221989902398
128514_20191215-probe0,22,128514,Excitatory,30359,6.116553229677712
128514_20191215-probe0,23,128514,Inhibitory,11895,2.3965348221949467
128514_20191215-probe0,24,128514,Excitatory,38213,7.698931076968096
128514_20191215-probe0,25,128514,Excitatory,2141,0.43135612058170497
128514_20191215-probe0,26,128514,Excitatory,33033,6.655295063603671
128514_20191215-probe0,27,128514,Excitatory,10725,2.1608100855856076
128514_20191215-probe0,28,128514,Excitatory,11308,2.278269505622569
128514_20191215-probe0,29,128514,Excitatory,2852,0.5746042297519957
128514_20191215-probe0,30,128514,Excitatory,2867,0.5776263417598076
128514_20191215-probe0,31,128514,Inhibitory,1963,0.3954937247556688
128514_20191215-probe0,32,128514,Excitatory,2782,0.5605010403822062
128514_20191215-probe0,33,128514,Excitatory,31796,6.406071560026105
128514_20191215-probe0,34,128514,Excitatory,16934,3.4117629826859375
128514_20191215-probe0,35,128514,Excitatory,1288,0.25949868440412704
128514_20191215-probe0,36,128514,Excitatory,7064,1.4232132815456162
128514_20191215-probe0,37,128514,Inhibitory,2536,0.5109384034540887
128514_20191215-probe0,38,128514,Excitatory,13306,2.6808148250631323
128514_20191215-probe0,39,128514,Excitatory,905,0.182334091137993
128514_20191215-probe0,40,128514,Excitatory,4817,0.9705009027753727
128514_20191215-probe0,41,128514,Excitatory,9288,1.8712917552372144
128514_20191215-probe0,42,128514,Inhibitory,4844,0.9759407043894344
128514_20191215-probe0,43,128514,Excitatory,1287,0.2592972102702729
128514_20191215-probe0,44,128514,Excitatory,79620,16.041370537466303
128514_20191215-probe0,45,128514,Excitatory,1170,0.23572473660933901
128514_20191215-probe0,46,128514,Excitatory,13146,2.6485789636464707
128514_20191215-probe0,47,128514,Excitatory,6707,1.3512870157596897
128514_20191215-probe0,48,128514,Excitatory,2677,0.5393462563275219
128514_20191215-probe0,49,128514,Excitatory,3442,0.6934739687259358
128514_20191215-probe0,50,128514,Excitatory,5242,1.0561274096633804
128514_20191215-probe0,51,128514,Excitatory,9467,1.9073556251971047
128514_20191215-probe0,52,128514,Excitatory,3120,0.6285992976249041
128514_20191215-probe0,53,128514,Excitatory,3823,0.7702356137243616
128514_20191215-probe0,54,128514,Excitatory,17380,3.5016204463848823
128514_20191215-probe0,55,128514,Excitatory,4112,0.8284616384082069
128514_20191215-probe0,56,128514,Excitatory,9710,1.9563138397236597
128514_20191215-probe0,57,128514,Inhibitory,58011,11.687715979012278
128514_20191215-probe0,58,128514,Excitatory,10809,2.177733912829355
128514_20191215-probe0,59,128514,Excitatory,17534,3.532647462998419
128514_20191215-probe0,60,128514,Inhibitory,30787,6.202784158967282
128514_20191215-probe0,61,128514,Excitatory,8169,1.6458421994544363
128514_20191215-probe0,62,128514,Excitatory,60342,12.15735218502627
128514_20191215-probe0,64,128514,Excitatory,2860,0.5762160228228287
128514_20191215-probe0,65,128514,Excitatory,20182,4.066150969444171
128514_20191215-probe0,67,128514,Excitatory,6740,1.3579356621768761
128514_20191215-probe0,68,128514,Excitatory,2712,0.5463978510124166
128514_20191215-probe0,69,128514,Inhibitory,1682,0.3388794931426566
128514_20191215-probe0,70,128514,Excitatory,27949,5.631000567089245
128514_20191215-probe0,71,128514,Excitatory,2446,0.49280573140721645
128514_20191215-probe0,72,128514,Excitatory,4585,0.9237589037212132
128514_20191215-probe0,73,128514,Excitatory,18221,3.6710601929562103
128514_20191215-probe0,74,128514,Excitatory,40617,8.183274894753438
128514_20191215-probe0,75,128514,Excitatory,6326,1.2745253707612638
128514_20191215-probe0,76,128514,Excitatory,11734,2.3640974866444306
128514_20191215-probe0,77,128514,Inhibitory,20653,4.161045286489469
128514_20191215-probe0,78,128514,Excitatory,14384,2.898003941357891
128514_20191215-probe0,79,128514,Excitatory,557,0.11222109255675371
128514_20191215-probe0,80,128514,Excitatory,4118,0.8296704832113317
128514_20191215-probe0,81,128514,Excitatory,5394,1.0867514780092091
128514_20191215-probe0,82,128514,Excitatory,5751,1.1586777437951357
128514_20191215-probe0,84,128514,Excitatory,37446,7.544400416301974
128514_20191215-probe0,85,128514,Excitatory,13073,2.633871351875119
128514_20191215-probe0,86,128514,Excitatory,28317,5.7051430483475665
128514_20191215-probe0,87,128514,Excitatory,32332,6.514061695771923
128514_20191215-probe0,88,128514,Excitatory,92840,18.704858587017977
128514_20191215-probe0,89,128514,Excitatory,4145,0.8351102848253934
128514_20191215-probe0,90,128514,Excitatory,4601,0.9269824898628793
128514_20191215-probe0,91,128514,Excitatory,549,0.11060929948592062
128514_20191215-probe0,92,128514,Excitatory,1230,0.2478131846405872
128514_20191215-probe0,93,128514,Excitatory,1505,0.30321857145047454
128514_20191215-probe0,94,128514,Excitatory,20039,4.03734016830303
128514_20191215-probe0,95,128514,Excitatory,928,0.18696799621663812
128514_20191215-probe0,96,128514,Excitatory,19356,3.8997333348806547
128514_20191215-probe0,97,128514,Excitatory,4808,0.9686876355706855
128514_20191215-probe0,98,128514,Excitatory,8399,1.6921812502408875
128514_20191215-probe0,99,128514,Excitatory,12954,2.6098959299464766
128514_20191215-probe0,100,128514,Excitatory,48022,9.675190855943315
128514_20191215-probe0,101,128514,Excitatory,8445,1.7014490603981778
128514_20191215-probe0,102,128514,Excitatory,2046,0.4122160778655621
128514_20191215-probe0,103,128514,Excitatory,987,0.19885497011403214
128514_20191215-probe0,104,128514,Excitatory,6274,1.2640487158008487
128514_20191215-probe0,105,128514,Excitatory,5212,1.0500831856477564
128514_20191215-probe0,106,128514,Excitatory,13963,2.8131833310052996
128514_20191215-probe0,107,128514,Excitatory,7395,1.489901219851335
128514_20191215-probe0,108,128514,Excitatory,9278,1.869277013898673
128514_20191215-probe0,109,128514,Excitatory,13748,2.7698663922266604
128514_20191215-probe0,110,128514,Excitatory,773,0.15573950546924706
128514_20191215-probe0,111,128514,Excitatory,2457,0.49502194687961193
128514_20191215-probe0,112,128514,Excitatory,4961,0.9995131780503683
128514_20191215-probe0,113,128514,Excitatory,13254,2.6703381701027173
128514_20191215-probe0,114,128514,Excitatory,23423,4.719128637265426
128514_20191215-probe0,115,128514,Excitatory,10422,2.0997634230278046
128514_20191215-probe0,116,128514,Excitatory,20319,4.093752925782188
128514_20191215-probe0,117,128514,Excitatory,2910,0.5862897295155355
128514_20191215-probe0,118,128514,Excitatory,976,0.19663875464163666
128514_20191215-probe0,119,128514,Excitatory,7524,1.5158913831185186
128514_20191215-probe0,120,128514,Excitatory,10675,2.150736378892901
128514_20191215-probe0,121,128514,Excitatory,1248,0.2514397190499616
128514_20191215-probe0,122,128514,Excitatory,5138,1.0351740997425503
128514_20191215-probe0,123,128514,Excitatory,3733,0.7521029416774894
128514_20191215-probe0,124,128514,Excitatory,592,0.11927268724164847
128514_20191215-probe0,125,128514,Excitatory,37964,7.648764017638416
128514_20191215-probe0,126,128514,Excitatory,1284,0.2586927878687105
128514_20191215-probe0,127,128514,Excitatory,41076,8.275751522192486
128514_20191215-probe0,128,128514,Inhibitory,143830,28.97802467224037
128514_20191215-probe0,129,128514,Excitatory,8238,1.6597439146903716
128514_20191215-probe0,130,128514,Inhibitory,18538,3.7349274933879717
128514_20191215-probe0,131,128514,Excitatory,3627,0.730746683488951
128514_20191215-probe0,132,128514,Inhibitory,100547,20.257619736631803
128514_20191215-probe0,133,128514,Excitatory,16595,3.3434632513093856
128514_20191215-probe0,134,128514,Inhibitory,8225,1.657124750950268
128514_20191215-probe0,135,128514,Excitatory,24412,4.9183865556471655
128514_20191215-probe0,136,128514,Excitatory,47850,9.640537304920404
128514_20191215-probe0,137,128514,Inhibitory,52329,10.542939950453079
128514_20191215-probe0,138,128514,Excitatory,38918,7.840970341335262
128514_20191215-probe0,139,128514,Excitatory,9289,1.8714932293710684
128514_20191215-probe0,140,128514,Excitatory,53253,10.7291020501343
128514_20191215-probe0,141,128514,Inhibitory,155360,31.301021435578555
128514_20191215-probe0,142,128514,Excitatory,18650,3.7574925963796346
128514_20191215-probe0,143,128514,Excitatory,24585,4.953241580803931
128514_20191215-probe0,144,128514,Inhibitory,131227,26.438846163276693
128514_20191215-probe0,145,128514,Excitatory,5162,1.0400094789550496
128514_20191215-probe0,146,128514,Excitatory,18861,3.8000036386228575
128514_20191215-probe0,147,128514,Excitatory,25298,5.096892638241931
128514_20191215-probe0,148,128514,Excitatory,26783,5.396081727015322
128514_20191215-probe0,149,128514,Inhibitory,16652,3.3549472769390714
128514_20191215-probe0,150,128514,Excitatory,45293,9.125367944655379
128514_20191215-probe0,151,128514,Inhibitory,25261,5.089438095289327
128514_20191215-probe0,152,128514,Excitatory,34166,6.883565257260408
128514_20191215-probe0,153,128514,Excitatory,42870,8.637196118326807
128514_20191215-probe0,154,128514,Excitatory,7111,1.4326825658367606
128514_20191215-probe0,155,128514,Excitatory,21240,4.279310603061847
128514_20191215-probe0,156,128514,Inhibitory,31021,6.249929106289151
128514_20191215-probe0,157,128514,Excitatory,8415,1.6954048363825538
128514_20191215-probe0,158,128514,Excitatory,31829,6.412720206443292
128514_20191215-probe0,159,128514,Excitatory,21888,4.409865841799327
128514_20191215-probe0,160,128514,Excitatory,13103,2.639915575890743
128514_20191215-probe0,161,128514,Excitatory,15738,3.170799918596391
128514_20191215-probe0,162,128514,Inhibitory,18952,3.818337784803584
128514_20191215-probe0,163,128514,Inhibitory,23351,4.704622499627928
128514_20191215-probe0,164,128514,Excitatory,11738,2.3649033831798474
128514_20191215-probe0,165,128514,Excitatory,26750,5.389433080598136
128514_20191215-probe0,166,128514,Excitatory,21467,4.325045231446736
128514_20191215-probe0,167,128514,Excitatory,5008,1.0089824623415127
128514_20191215-probe0,168,128514,Excitatory,8156,1.6432230357143325
128514_20191215-probe0,169,128514,Excitatory,23660,4.766878006988856
128514_20191215-probe0,170,128514,Excitatory,8521,1.716761094571092
128514_20191215-probe0,171,128514,Excitatory,41570,8.37527974431643
128514_20191215-probe0,172,128514,Excitatory,26331,5.3050154185132525
128514_20191215-probe0,173,128514,Excitatory,6469,1.3033361719024052
128514_20191215-probe0,174,128514,Excitatory,27207,5.481506759769476
128514_20191215-probe0,175,128514,Excitatory,26738,5.387015390991886
128514_20191215-probe0,176,128514,Excitatory,35522,7.156764182766616
128514_20191215-probe0,177,128514,Excitatory,27760,5.592921955790813
128514_20191215-probe0,178,128514,Excitatory,55657,11.213445867919642
128514_20191215-probe0,179,128514,Inhibitory,20419,4.113900339167602
128514_20191215-probe0,180,128514,Excitatory,6847,1.3794933944992687
128514_20191215-probe0,181,128514,Excitatory,32241,6.495727549591196
128514_20191215-probe0,182,128514,Inhibitory,33397,6.728631648326577
128514_20191215-probe0,183,128514,Excitatory,5021,1.0116016260816165
128514_20191215-probe0,184,128514,Excitatory,67801,13.660147749444269
128514_20191215-probe0,185,128514,Excitatory,114303,23.0290979219293
128514_20191215-probe0,186,128514,Excitatory,16001,3.223787615800029
128514_20191215-probe0,187,128514,Excitatory,18508,3.7288832693723477
128514_20191215-probe0,188,128514,Excitatory,65026,13.101057027999042
128514_20191215-probe0,189,128514,Excitatory,21400,4.311546464478509
128514_20191215-probe0,190,128514,Excitatory,35742,7.2010884922145255
128514_20191215-probe0,191,128514,Excitatory,88120,17.753900675226458
128514_20191215-probe0,192,128514,Excitatory,27166,5.473246320281456
128514_20191215-probe0,193,128514,Excitatory,5382,1.0843337884029596
128514_20191215-probe0,194,128514,Excitatory,3419,0.6888400636472907
128514_20191215-probe0,195,128514,Excitatory,6864,1.382918454774789
128514_20191215-probe0,196,128514,Excitatory,12750,2.568795206640233
128514_20191215-probe0,197,128514,Excitatory,41703,8.40207580411903
128514_20191215-probe0,198,128514,Excitatory,44480,8.961569473831965
128514_20191215-probe0,199,128514,Excitatory,9502,1.9144072198819995
128514_20191215-probe0,200,128514,Excitatory,30918,6.229177270502174
128514_20191215-probe0,201,128514,Excitatory,28490,5.739998073504332
128514_20191215-probe0,202,128514,Excitatory,3906,0.7869579668342549
128514_20191215-probe0,203,128514,Excitatory,62697,12.63182377025276
128514_20191215-probe0,204,128514,Excitatory,9885,1.9915718131481335
128514_20191215-probe0,205,128514,Excitatory,5330,1.0738571334425444
128514_20191215-probe0,206,128514,Inhibitory,58307,11.747352322633104
128514_20191215-probe0,207,128514,Excitatory,35061,7.063884607059859
128514_20191215-probe0,208,128514,Excitatory,4675,0.9418915757680854
128514_20191215-probe0,209,128514,Excitatory,8335,1.6792869056742228
128514_20191215-probe0,210,128514,Excitatory,12929,2.6048590766001234
128514_20191215-probe0,211,128514,Inhibitory,45612,9.189638193354847
128514_20191215-probe0,212,128514,Excitatory,25241,5.085408612612245
128514_20191215-probe0,213,128514,Inhibitory,26797,5.39890236488928
128514_20191215-probe0,214,128514,Excitatory,13496,2.7190949104954183
128514_20191215-probe0,215,128514,Excitatory,3280,0.6608351590415658
128514_20191215-probe0,216,128514,Excitatory,15789,3.181075099422952
128514_20191215-probe0,217,128514,Excitatory,5295,1.0668055387576496
128514_20191215-probe0,218,128514,Excitatory,13380,2.6957239109683386
128514_20191215-probe0,219,128514,Excitatory,1686,0.33968538967807316
128514_20191215-probe0,220,128514,Excitatory,11935,2.4045937875491123
128514_20191215-probe0,221,128514,Inhibitory,8426,1.6976210518549493
128514_20191215-probe0,222,128514,Excitatory,24839,5.004416010802882
128514_20191215-probe0,223,128514,Excitatory,11849,2.3872670120376567
128514_20191215-probe0,224,128514,Excitatory,5891,1.1868841225347146
128514_20191215-probe0,225,128514,Excitatory,23350,4.7044210254940735
128514_20191215-probe0,226,128514,Excitatory,27656,5.571968645869983
128514_20191215-probe0,227,128514,Excitatory,4337,0.8737933185253874
128514_20191215-probe0,228,128514,Excitatory,46370,9.342355586816282
128514_20191215-probe0,229,128514,Excitatory,9938,2.0022499422424027
128514_20191215-probe0,230,128514,Excitatory,25109,5.058814026943499
128514_20191215-probe0,231,128514,Excitatory,16429,3.310018545089599
128514_20191215-probe0,232,128514,Excitatory,3530,0.7112036925050997
128514_20191215-probe0,233,128514,Excitatory,5501,1.1083092103316017
128514_20191215-probe0,234,128514,Excitatory,6822,1.3744565411529153
128514_20191215-probe0,235,128514,Inhibitory,49532,9.97941679806306
128514_20191215-probe0,236,128514,Excitatory,7650,1.5412771239841399
128514_20191215-probe0,237,128514,Excitatory,100584,20.265074279584407
128514_20191215-probe0,238,128514,Inhibitory,41872,8.436124932740379
128514_20191215-probe0,239,128514,Excitatory,4179,0.841960405376434
128514_20191215-probe0,240,128514,Excitatory,4175,0.8411545088410175
128514_20191215-probe0,241,128514,Excitatory,14897,3.0013601720250627
128514_20191215-probe0,242,128514,Excitatory,31077,6.2612116577849815
128514_20191215-probe0,243,128514,Excitatory,42212,8.504626138250785
128514_20191215-probe0,244,128514,Excitatory,11085,2.233340773773097
128514_20191215-probe0,245,128514,Excitatory,26025,5.243364333553887
128514_20191215-probe0,246,128514,Excitatory,18821,3.791944673268692
128514_20191215-probe0,247,128514,Excitatory,15267,3.075905601551093
128514_20191215-probe0,248,128514,Excitatory,10265,2.0681319840127053
128514_20191215-probe0,249,128514,Excitatory,7769,1.565252545912782
128514_20191215-probe0,250,128514,Excitatory,12858,2.5905544130964797
128514_20191215-probe0,251,128514,Excitatory,20791,4.18884871696134
128514_20191215-probe0,252,128514,Excitatory,27987,5.638656584175702
128514_20191215-probe0,253,128514,Excitatory,2232,0.44969026676243135
128514_20191215-probe0,254,128514,Excitatory,2613,0.5264519117608571
128514_20191215-probe0,255,128514,Excitatory,10758,2.1674587320027943
128514_20191215-probe0,256,128514,Excitatory,7301,1.4709626512690464
128514_20191215-probe0,257,128514,Excitatory,6387,1.286815292926366
128514_20191215-probe0,258,128514,Excitatory,61645,12.419872981438209
128514_20191215-probe0,259,128514,Excitatory,7182,1.4469872293404042
128514_20191215-probe0,260,128514,Excitatory,9765,1.9673949170856373
128514_20191215-probe0,261,128514,Excitatory,22363,4.505566055380042
128514_20191215-probe0,262,128514,Excitatory,21932,4.418730703688909
128514_20191215-probe0,263,128514,Excitatory,58521,11.790467787277889
128514_20191215-probe0,264,128514,Excitatory,8016,1.6150166569747535
128514_20191215-probe0,265,128514,Excitatory,30820,6.209432805384469
128514_20191215-probe0,266,128514,Excitatory,27933,5.627776980947578
128514_20191215-probe0,267,128514,Excitatory,19844,3.9980527122014733
128514_20191215-probe0,268,128514,Excitatory,20024,4.034318056295217
128514_20191215-probe0,269,128514,Excitatory,5268,1.061365737143588
128514_20191215-probe0,270,128514,Excitatory,43283,8.720404935608565
128514_20191215-probe0,271,128514,Excitatory,19581,3.9450650149978355
128514_20191215-probe0,272,128514,Excitatory,4982,1.0037441348613052
128514_20191215-probe0,273,128514,Excitatory,13447,2.7092226779365656
128514_20191215-probe0,274,128514,Excitatory,4488,0.904215912737362
128514_20191215-probe0,275,128514,Excitatory,42825,8.62812978230337
128514_20191215-probe0,276,128514,Excitatory,21544,4.340558739753504
128514_20191215-probe0,277,128514,Excitatory,15446,3.1119694715109834
128514_20191215-probe0,278,128514,Excitatory,38701,7.797250454288914
128514_20191215-probe0,279,128514,Excitatory,6772,1.3643828344602085
128514_20191215-probe0,280,128514,Excitatory,11794,2.376185934675679
128514_20191215-probe0,281,128514,Excitatory,14422,2.9056599584443483
128514_20191215-probe0,282,128514,Inhibitory,149975,30.216083224774035
128514_20191215-probe0,283,128514,Excitatory,2996,0.6036165050269912
128514_20191215-probe0,284,128514,Excitatory,2358,0.47507600762805247
128514_20191215-probe0,285,128514,Excitatory,61896,12.470442989035597
128514_20191215-probe0,286,128514,Inhibitory,1788,0.360235751331195
128514_20191215-probe0,287,128514,Inhibitory,14045,2.829704209981339
128514_20191215-probe0,288,128514,Excitatory,13226,2.6646968943548015
128514_20191215-probe0,289,128514,Excitatory,12070,2.4317927956194203
128514_20191215-probe0,290,128514,Excitatory,4785,0.9640537304920404
128514_20191215-probe0,291,128514,Excitatory,11853,2.388072908573073
128514_20191215-probe0,292,128514,Excitatory,19765,3.9821362556269966
128514_20191215-probe0,293,128514,Excitatory,1281,0.2580883654671481
128514_20191215-probe0,294,128514,Excitatory,18515,3.7302935883093267
128514_20191215-probe0,295,128514,Excitatory,1826,0.3678917684176522
128514_20191215-probe0,296,128514,Inhibitory,86379,17.403134208186405
128514_20191215-probe0,297,128514,Excitatory,416,0.08381323968332054
128514_20191215-probe0,298,128514,Inhibitory,21927,4.417723333019638
128514_20191215-probe0,299,128514,Excitatory,10336,2.082436647516349
128514_20191215-probe0,300,128514,Excitatory,3315,0.6678867537264606
128514_20191215-probe0,301,128514,Excitatory,11771,2.371552029597034
128514_20191215-probe0,302,128514,Excitatory,9048,1.8229379631122218
128514_20191215-probe0,303,128514,Excitatory,47379,9.545642987875105
128514_20191215-probe0,304,128514,Excitatory,29143,5.871560682911083
128514_20191215-probe0,305,128514,Excitatory,1330,0.26796059802600075
128514_20191215-probe0,306,128514,Excitatory,11616,2.340323538849643
128514_20191215-probe0,307,128514,Excitatory,14391,2.89941426029487
128514_20191215-probe0,308,128514,Excitatory,12189,2.4557682175480626
128514_20191215-probe0,309,128514,Excitatory,33728,6.795319586632296
128514_20191215-probe0,310,128514,Excitatory,19468,3.922298437872318
128514_20191215-probe0,311,128514,Excitatory,11203,2.2571147215678846
128514_20191215-probe0,312,128514,Excitatory,13521,2.724131763841772
128514_20191215-probe0,313,128514,Excitatory,3152,0.6350464699082364
128514_20191215-probe0,315,128514,Excitatory,1579,0.3181276573556806
128514_20191215-probe0,316,128514,Excitatory,12603,2.539178508963675
128514_20191215-probe0,317,128514,Excitatory,561,0.11302698909217025
128514_20191215-probe0,318,128514,Inhibitory,7914,1.5944662953216315
128514_20191215-probe0,319,128514,Excitatory,1836,0.36990650975619355
128514_20191215-probe0,320,128514,Inhibitory,137779,27.758904688288993
128514_20191215-probe0,321,128514,Excitatory,9885,1.9915718131481335
128514_20191215-probe0,322,128514,Excitatory,15210,3.0644215759214073
128514_20191215-probe0,323,128514,Excitatory,5366,1.0811102022612933
128514_20191215-probe0,324,128514,Inhibitory,80050,16.12800441502358
128514_20191215-probe0,325,128514,Excitatory,17703,3.566696591619768
128514_20191215-probe0,326,128514,Excitatory,10031,2.0209870366908373
128514_20191215-probe0,327,128514,Excitatory,1138,0.22927756432600668
128514_20191215-probe0,328,128514,Excitatory,1034,0.20832425440517655
128514_20191215-probe0,329,128514,Excitatory,32706,6.589413021833369
128514_20191215-probe0,330,128514,Excitatory,25368,5.1109958276117196
128514_20191215-probe0,331,128514,Excitatory,28332,5.708165160355379
128514_20191215-probe0,332,128514,Excitatory,4510,0.908648343682153
128514_20191215-probe0,333,128514,Inhibitory,103288,20.80986033752599
128514_20191215-probe0,334,128514,Excitatory,9862,1.9869379080694884
128514_20191215-probe0,335,128514,Excitatory,5023,1.0120045743493247
128514_20191215-probe0,336,128514,Excitatory,40811,8.22236087672114
128514_20191215-probe0,337,128514,Excitatory,43534,8.770974943205953
128514_20191215-probe0,338,128514,Excitatory,17527,3.53123714406144
128514_20191215-probe0,339,128514,Excitatory,30461,6.137103591330834
128514_20191215-probe0,340,128514,Inhibitory,67085,13.515892269604707
128514_20191215-probe0,341,128514,Excitatory,2632,0.5302799203040858
128514_20191215-probe0,342,128514,Excitatory,2390,0.4815231799113848
128514_20191215-probe0,343,128514,Excitatory,8205,1.6530952682731852
128514_20191215-probe0,344,128514,Excitatory,1952,0.3932775092832733
128514_20191215-probe0,345,128514,Excitatory,12100,2.4378370196350447
128514_20191215-probe0,346,128514,Excitatory,5913,1.1913165534795056
128514_20191215-probe0,347,128514,Excitatory,3194,0.6435083835301101
128514_20191215-probe0,348,128514,Excitatory,3654,0.7361864851030127
128514_20191215-probe0,349,128514,Excitatory,6844,1.3788889720977062
128514_20191215-probe0,350,128514,Excitatory,44190,8.903141975014266
128514_20191215-probe0,351,128514,Inhibitory,3439,0.6928695463243734
128514_20191215-probe0,352,128514,Excitatory,9894,1.9933850803528208
128514_20191215-probe0,353,128514,Excitatory,125,0.02518426673176699
128514_20191215-probe0,354,128514,Excitatory,1928,0.38844213007077405
128514_20191215-probe0,355,128514,Inhibitory,32886,6.625678365927114
128514_20191215-probe0,356,128514,Excitatory,1770,0.35660921692182057
128514_20191215-probe0,357,128514,Excitatory,1589,0.32014239869422195
128514_20191215-probe0,358,128514,Excitatory,21955,4.423364608767554
128514_20191215-probe0,359,128514,Inhibitory,54538,10.987996312136865
128514_20191215-probe0,360,128514,Excitatory,39238,7.905442064168585
128514_20191215-probe0,362,128514,Excitatory,9471,1.9081615217325212
128514_20191215-probe0,363,128514,Excitatory,36560,7.365894333707209
128514_20191215-probe0,364,128514,Excitatory,9253,1.8642401605523196
128514_20191215-probe0,365,128514,Excitatory,49522,9.977402056724518
128514_20191215-probe0,366,128514,Inhibitory,4341,0.874599215060804
128514_20191215-probe0,367,128514,Excitatory,2157,0.43457970672337115
128514_20191215-probe0,368,128514,Inhibitory,28675,5.777270788267347
128514_20191215-probe0,369,128514,Excitatory,874,0.17608839298851478
128514_20191215-probe0,370,128514,Inhibitory,11488,2.3145348497163134
128514_20191215-probe0,371,128514,Excitatory,1601,0.3225600883004716
128514_20191215-probe0,372,128514,Inhibitory,10408,2.0969427851538467
128514_20191215-probe0,373,128514,Excitatory,8617,1.7361026114210891
128514_20191215-probe0,374,128514,Excitatory,22674,4.568224511008678
128514_20191215-probe0,375,128514,Excitatory,1851,0.3729286217640056
128514_20191215-probe0,376,128514,Excitatory,8812,1.7753900675226457
128514_20191215-probe0,377,128514,Excitatory,33079,6.664562873760962
128514_20191215-probe0,378,128514,Excitatory,11333,2.283306358968922
128514_20191215-probe0,379,128514,Excitatory,3880,0.7817196393540473
128514_20191215-probe0,380,128514,Inhibitory,35620,7.176508647884321
128514_20191215-probe0,381,128514,Excitatory,5805,1.169557347023259
128514_20191215-probe0,382,128514,Excitatory,66772,13.452830865708364
128514_20191215-probe0,383,128514,Excitatory,1315,0.26493848601818876
128514_20191215-probe0,384,128514,Inhibitory,15537,3.13030361769171
128514_20191215-probe0,385,128514,Excitatory,2472,0.498044058887424
128514_20191215-probe0,386,128514,Excitatory,12498,2.5180237249089905
128514_20191215-probe0,387,128514,Excitatory,5864,1.181444320920653
128514_20191215-probe0,388,128514,Inhibitory,159965,32.22880982197685
128514_20191215-probe0,389,128514,Excitatory,756,0.15231444519372675
128514_20191215-probe0,390,128514,Excitatory,26524,5.343899926347101
128514_20191215-probe0,391,128514,Inhibitory,21714,4.374809342508708
128514_20191215-probe0,392,128514,Inhibitory,25913,5.220799230562224
128514_20191215-probe0,393,128514,Excitatory,1608,0.3239704072374506
128514_20191215-probe0,394,128514,Excitatory,3727,0.7508940968743646
128514_20191215-probe0,395,128514,Excitatory,25790,5.196017912098165
128514_20191215-probe0,396,128514,Excitatory,33968,6.8436733787572885
128514_20191215-probe0,397,128514,Excitatory,24251,4.88594922009665
128514_20191215-probe0,398,128514,Excitatory,2573,0.5183929464066918
128514_20191215-probe0,399,128514,Inhibitory,23207,4.6756102243529325
128514_20191215-probe0,400,128514,Excitatory,5521,1.1123386930086845
128514_20191215-probe0,401,128514,Excitatory,7408,1.492520383591439
128514_20191215-probe0,402,128514,Excitatory,9821,1.9786774685814688
128514_20191215-probe0,403,128514,Excitatory,18226,3.672067563625481
128514_20191215-probe0,404,128514,Excitatory,4426,0.8917245164384056
128514_20191215-probe0,405,128514,Excitatory,49653,10.00379516825941
128514_20191215-probe0,406,128514,Excitatory,570,0.11484025629685747
128514_20191215-probe0,407,128514,Excitatory,29372,5.9176982595636805
128514_20191215-probe0,408,128514,Excitatory,10378,2.0908985611382227
128514_20191215-probe0,409,128514,Excitatory,3758,0.7571397950238428
128514_20191215-probe0,410,128514,Excitatory,40933,8.246940721051345
128514_20191215-probe0,411,128514,Excitatory,60607,12.210742830497615
128514_20191215-probe0,412,128514,Excitatory,2564,0.5165796792020045
128514_20191215-probe0,413,128514,Excitatory,5688,1.145984873362325
128514_20191215-probe0,414,128514,Inhibitory,19302,3.8888537316525316
128514_20191215-probe0,415,128514,Excitatory,17053,3.43573840461458
128514_20191215-probe0,416,128514,Excitatory,1047,0.2109434181452803
128514_20191215-probe0,417,128514,Excitatory,3905,0.7867564927004007
128514_20191215-probe0,418,128514,Excitatory,27312,5.50266154382416
128514_20191215-probe0,419,128514,Excitatory,2062,0.41543966400722826
128514_20191215-probe0,421,128514,Excitatory,1387,0.2794446236556865
128514_20191215-probe0,422,128514,Excitatory,34221,6.894646334622385
128514_20191215-probe0,423,128514,Excitatory,1012,0.20389182346038554
128514_20191215-probe0,424,128514,Excitatory,5254,1.0585450992696301
128514_20191215-probe0,425,128514,Excitatory,21008,4.232568604007687
128514_20191215-probe0,426,128514,Excitatory,1808,0.36426523400827776
128514_20191215-probe0,427,128514,Excitatory,1685,0.33948391554421903
128514_20191215-probe0,428,128514,Inhibitory,54592,10.998875915364987
128514_20191215-probe0,429,128514,Excitatory,899,0.18112524633486818
128514_20191215-probe0,430,128514,Excitatory,40755,8.211078325225309
128514_20191215-probe0,431,128514,Excitatory,22793,4.59219993293732
128514_20191215-probe0,432,128514,Excitatory,14120,2.844814770020399
128514_20191215-probe0,433,128514,Excitatory,22315,4.495895296955043
128514_20191215-probe0,434,128514,Excitatory,666,0.13418177314685453
128514_20191215-probe0,435,128514,Excitatory,8256,1.663370449099746
128514_20191215-probe0,436,128514,Excitatory,5437,1.095414865764937
128514_20191215-probe0,437,128514,Excitatory,83519,16.826918185363578
128514_20191215-probe0,438,128514,Excitatory,1710,0.3445207688905724
128514_20191215-probe0,439,128514,Inhibitory,139535,28.112693267336855
128514_20191215-probe0,441,128514,Excitatory,9399,1.8936553840950234
128514_20191215-probe0,442,128514,Excitatory,54260,10.931986502925415
128514_20191215-probe0,443,128514,Excitatory,10143,2.0435521396825007
128514_20191215-probe0,444,128514,Excitatory,32124,6.472155075930262
128514_20191215-probe0,445,128514,Excitatory,54646,11.009755518593112
128514_20191215-probe0,446,128514,Excitatory,1799,0.3624519668035905
128514_20191215-probe0,447,128514,Excitatory,4180,0.8421618795102881
128514_20191215-probe0,448,128514,Excitatory,10429,2.1011737419647836
128514_20191215-probe0,449,128514,Excitatory,39205,7.898793417751398
128514_20191215-probe0,450,128514,Excitatory,5151,1.037793263482654
128514_20191215-probe0,451,128514,Excitatory,6221,1.2533705867065796
128514_20191215-probe0,452,128514,Excitatory,3255,0.6557983056952124
128514_20191215-probe0,453,128514,Excitatory,31535,6.3534868110901765
128514_20191215-probe0,454,128514,Excitatory,5008,1.0089824623415127
128514_20191215-probe0,455,128514,Excitatory,6726,1.3551150243029182
128514_20191215-probe0,456,128514,Excitatory,2664,0.5367270925874181
128514_20191215-probe0,458,128514,Excitatory,2929,0.5901177380587641
128514_20191215-probe0,459,128514,Excitatory,2405,0.4845452919191969
128514_20191215-probe0,460,128514,Excitatory,68429,13.786673505504666
128514_20191215-probe0,461,128514,Excitatory,3788,0.7631840190394669
128514_20191215-probe0,462,128514,Excitatory,6390,1.2874197153279285
128514_20191215-probe0,463,128514,Inhibitory,90104,18.153625356793064
128514_20191215-probe0,464,128514,Excitatory,30065,6.057319834324597
128514_20191215-probe0,465,128514,Excitatory,7747,1.560820114967991
128514_20191215-probe0,466,128514,Excitatory,27940,5.629187299884557
128514_20191215-probe0,467,128514,Excitatory,8307,1.673645629926307
128514_20191215-probe0,468,128514,Excitatory,12277,2.4734979413272264
128514_20191215-probe0,469,128514,Excitatory,1097,0.2210171248379871
128514_20191215-probe0,470,128514,Excitatory,50312,10.136566622469287
128514_20191215-probe0,471,128514,Excitatory,29072,5.85725601940744
128514_20191215-probe0,472,128514,Excitatory,335,0.06749383484113552
128514_20191215-probe0,473,128514,Inhibitory,38798,7.816793445272765
128514_20191215-probe0,474,128514,Excitatory,23549,4.744514378131047
128514_20191215-probe0,475,128514,Excitatory,4471,0.9007908524618417
128514_20191215-probe0,476,128514,Excitatory,4124,0.8308793280144565
128514_20191215-probe0,477,128514,Excitatory,4019,0.8097245439597722
128514_20191215-probe0,478,128514,Excitatory,51677,10.411578815180182
128514_20191215-probe0,479,128514,Excitatory,6149,1.2388644490690817
128514_20191215-probe0,480,128514,Excitatory,12464,2.5111736043579502
128514_20191215-probe0,481,128514,Excitatory,6794,1.3688152654049994
128514_20191215-probe0,482,128514,Excitatory,31366,6.319437682468827
128514_20191215-probe0,483,128514,Inhibitory,77763,15.66723307089917
128514_20191215-probe0,484,128514,Excitatory,27270,5.494199630202287
128514_20191215-probe0,485,128514,Inhibitory,13696,2.7593897372662455
128514_20191215-probe0,486,128514,Excitatory,6072,1.2233509407623133
128514_20191215-probe0,487,128514,Excitatory,5364,1.0807072539935851
128514_20191215-probe0,488,128514,Excitatory,8299,1.672033836855474
128514_20191215-probe0,489,128514,Excitatory,10261,2.0673260874772885
128514_20191215-probe0,490,128514,Excitatory,4926,0.9924615833654735
128514_20191215-probe0,491,128514,Excitatory,767,0.15453066066612225
128514_20191215-probe0,492,128514,Inhibitory,45689,9.205151701661617
128514_20191215-probe0,493,128514,Excitatory,20569,4.144121459245722
128514_20191215-probe0,494,128514,Excitatory,3777,0.7609678035670714
128514_20191215-probe0,495,128514,Excitatory,1850,0.37272714763015147
128514_20191215-probe0,496,128514,Excitatory,5727,1.1538423645826363
128514_20191215-probe0,497,128514,Excitatory,3021,0.6086533583733446
128514_20191215-probe0,498,128514,Excitatory,2920,0.5883044708540769
128514_20191215-probe0,499,128514,Excitatory,8765,1.7659207832315014
128514_20191215-probe0,500,128514,Excitatory,21389,4.309330249006113
128514_20191215-probe0,501,128514,Excitatory,6422,1.293866887611261
128514_20191215-probe0,502,128514,Excitatory,20247,4.07924678814469
128514_20191215-probe0,503,128514,Excitatory,5906,1.1899062345425266
128514_20191215-probe0,504,128514,Excitatory,2901,0.5844764623108483
128514_20191215-probe0,505,128514,Excitatory,999,0.20127265972028177
128514_20191215-probe0,506,128514,Excitatory,1044,0.2103389957437179
128514_20191215-probe0,507,128514,Inhibitory,78989,15.914240359004342
128514_20191215-probe0,508,128514,Inhibitory,22838,4.601266268960756
128514_20191215-probe0,509,128514,Excitatory,15040,3.030170973166204
128514_20191215-probe0,510,128514,Inhibitory,37877,7.631235767993106
128514_20191215-probe0,511,128514,Excitatory,7138,1.4381223674508221
128514_20191215-probe0,512,128514,Excitatory,3201,0.644918702467089
128514_20191215-probe0,513,128514,Excitatory,6469,1.3033361719024052
128514_20191215-probe0,514,128514,Inhibitory,43752,8.814896304386155
128514_20191215-probe0,515,128514,Excitatory,99024,19.950774630771956
128514_20191215-probe0,516,128514,Excitatory,3925,0.7907859753774835
128514_20191215-probe0,517,128514,Excitatory,2897,0.5836705657754317
128514_20191215-probe0,518,128514,Excitatory,10174,2.0497978378319788
128514_20191215-probe0,519,128514,Excitatory,14105,2.841792658012587
128514_20191215-probe0,520,128514,Excitatory,35656,7.18376171670307
128514_20191215-probe0,521,128514,Excitatory,18478,3.7228390453567233
128514_20191215-probe0,522,128514,Excitatory,9550,1.924077978306998
128514_20191215-probe0,523,128514,Inhibitory,25390,5.115428258556511
128514_20191215-probe0,524,128514,Excitatory,5151,1.037793263482654
128514_20191215-probe0,525,128514,Excitatory,437,0.08804419649425739
128514_20191215-probe0,526,128514,Excitatory,3095,0.6235624442785507
128514_20191215-probe0,527,128514,Excitatory,15475,3.1178122213927533
128514_20191215-probe0,528,128514,Inhibitory,26116,5.261698479734614
128514_20191215-probe0,529,128514,Excitatory,7801,1.5716997181961143
128514_20191215-probe0,530,128514,Excitatory,10927,2.201507860624143
128514_20191215-probe0,531,128514,Excitatory,15078,3.037826990252661
128514_20191215-probe0,532,128514,Excitatory,5610,1.1302698909217024
128514_20191215-probe0,533,128514,Excitatory,19827,3.9946276519259527
128514_20191215-probe0,534,128514,Excitatory,4547,0.916102886634756
128514_20191215-probe0,535,128514,Excitatory,7179,1.4463828069388418
128514_20191215-probe0,536,128514,Inhibitory,59691,12.026192523887227
128514_20191215-probe0,537,128514,Excitatory,5811,1.1707661918263839
128514_20191215-probe0,538,128514,Excitatory,7219,1.4544417722930072
128514_20191215-probe0,539,128514,Excitatory,8205,1.6530952682731852
128514_20191215-probe0,540,128514,Excitatory,1544,0.31107606267078586
128514_20191215-probe0,541,128514,Excitatory,6231,1.2553853280451208
128514_20191215-probe0,542,128514,Excitatory,6306,1.270495888084181
128514_20191215-probe0,543,128514,Excitatory,2653,0.5345108771150225
128514_20191215-probe0,544,128514,Excitatory,2283,0.45996544758899227
128514_20191215-probe0,545,128514,Excitatory,7664,1.5440977618580976
128514_20191215-probe0,546,128514,Inhibitory,137721,27.747219188525452
128514_20191215-probe0,547,128514,Excitatory,10260,2.0671246133434344
128514_20191215-probe0,548,128514,Excitatory,10500,2.1154784054684272
128514_20191215-probe0,549,128514,Excitatory,3257,0.6562012539629207
128514_20191215-probe0,550,128514,Excitatory,3493,0.7037491495524968
128514_20191215-probe0,551,128514,Excitatory,5443,1.0966237105680618
128514_20191215-probe0,552,128514,Excitatory,2372,0.4778966455020104
128514_20191215-probe0,554,128514,Excitatory,904,0.18213261700413888
128514_20191215-probe0,555,128514,Excitatory,19411,3.9108144122426323
128514_20191215-probe0,556,128514,Excitatory,10119,2.038716760470001
128514_20191215-probe0,557,128514,Excitatory,3178,0.6402847973884439
128514_20191215-probe0,558,128514,Excitatory,1186,0.2389483227510052
128514_20191215-probe0,559,128514,Excitatory,3235,0.6517688230181297
128514_20191215-probe0,560,128514,Excitatory,6770,1.3639798861925
128514_20191215-probe0,561,128514,Excitatory,916,0.1845503066103885
128514_20191215-probe0,562,128514,Excitatory,1825,0.36769029428379807
128514_20191215-probe0,563,128514,Excitatory,611,0.12310069578487705
128514_20191215-probe0,564,128514,Excitatory,1226,0.24700728810517064
128514_20191215-probe0,565,128514,Excitatory,825,0.16621616042966214
128514_20191215-probe0,566,128514,Excitatory,2280,0.4593610251874299
128514_20191215-probe0,567,128514,Excitatory,942,0.18978863409059604
128514_20191215-probe0,568,128514,Excitatory,1176,0.23693358141246385
128514_20191215-probe0,569,128514,Excitatory,21517,4.335118938139442
128514_20191215-probe0,570,128514,Excitatory,22375,4.507983744986291
128514_20191215-probe0,571,128514,Excitatory,1671,0.3366632776702611
128514_20191215-probe0,572,128514,Excitatory,1794,0.36144459613431984
128514_20191215-probe0,573,128514,Excitatory,2468,0.49723816235200746
128514_20191215-probe0,574,128514,Excitatory,1014,0.20429477172809382
128514_20191215-probe0,575,128514,Excitatory,8946,1.8023876014590998
128514_20191215-probe0,576,128514,Excitatory,309,0.062255507360928
128514_20191215-probe0,577,128514,Excitatory,27951,5.631403515356953
128514_20191215-probe0,578,128514,Excitatory,8138,1.639596501304958
128514_20191215-probe0,580,128514,Excitatory,3362,0.6773560380176049
128514_20191215-probe0,581,128514,Excitatory,979,0.19724317704319907
128514_20191215-probe0,582,128514,Excitatory,1187,0.23914979688485932
128514_20191215-probe0,583,128514,Inhibitory,4772,0.9614345667519366
128514_20191215-probe0,584,128514,Excitatory,26038,5.245983497293991
128514_20191215-probe0,585,128514,Excitatory,3068,0.618122642664489
128514_20191215-probe0,586,128514,Excitatory,4326,0.871577103052992
128514_20191215-probe0,587,128514,Excitatory,3757,0.7569383208899886
128514_20191215-probe0,588,128514,Excitatory,2253,0.4539212235733682
128514_20191215-probe0,589,128514,Excitatory,387,0.0779704898015506
128514_20191215-probe0,590,128514,Inhibitory,7832,1.5779454163455926
128514_20191215-probe0,591,128514,Excitatory,28539,5.749870306063185
128514_20191215-probe0,592,128514,Excitatory,23271,4.688504568919597
128514_20191215-probe0,593,128514,Excitatory,1672,0.33686475180411524
128514_20191215-probe0,594,128514,Excitatory,24149,4.865398858443529
128514_20191215-probe0,595,128514,Excitatory,7850,1.581571950754967
128514_20191215-probe0,596,128514,Excitatory,12303,2.478736268807434
128514_20191215-probe0,597,128514,Excitatory,2760,0.5560686094374151
128514_20191215-probe0,598,128514,Excitatory,15651,3.1532716689510814
128514_20191215-probe0,599,128514,Excitatory,519,0.10456507547029655
128514_20191215-probe0,600,128514,Excitatory,11428,2.3024464016850654
128514_20191215-probe0,601,128514,Excitatory,4980,1.0033411865935968
128514_20191215-probe0,602,128514,Excitatory,6964,1.4030658681602026
128514_20191215-probe0,603,128514,Excitatory,1936,0.39005392314160714
128514_20191215-probe0,604,128514,Excitatory,3304,0.6656705382540651
128514_20191215-probe0,605,128514,Excitatory,17544,3.5346622043369607
128514_20191215-probe0,606,128514,Excitatory,3749,0.7553265278191555
128514_20191215-probe0,607,128514,Excitatory,10531,2.1217241036179053
128514_20191215-probe0,608,128514,Excitatory,1785,0.3596313289296326
128514_20191215-probe0,609,128514,Excitatory,7262,1.463105160048735
128514_20191215-probe0,610,128514,Excitatory,4319,0.870166784116013
128514_20191215-probe0,611,128514,Excitatory,18280,3.6829471668536047
128514_20191215-probe0,612,128514,Excitatory,970,0.19542990983851183
128514_20191215-probe0,613,128514,Excitatory,7283,1.467336116859672
128514_20191215-probe0,614,128514,Excitatory,18799,3.787512242323901
128514_20191215-probe0,615,128514,Excitatory,15493,3.121438755802128
128514_20191215-probe0,616,128514,Excitatory,27935,5.628179929215287
128514_20191215-probe0,617,128514,Excitatory,21593,4.350430972312357
128514_20191215-probe0,618,128514,Excitatory,7090,1.4284516090258237
128514_20191215-probe0,619,128514,Excitatory,10906,2.1972769038132065
128514_20191215-probe0,620,128514,Excitatory,1218,0.24539549503433755
128514_20191215-probe0,621,128514,Excitatory,2524,0.508520713847839
128514_20191215-probe0,622,128514,Inhibitory,20259,4.081664477750939
128514_20191215-probe0,623,128514,Excitatory,1198,0.24136601235725483
128514_20191215-probe0,624,128514,Excitatory,9331,1.8799551429929422
128514_20191215-probe0,625,128514,Excitatory,1942,0.39126276794473197
128514_20191215-probe0,626,128514,Excitatory,9592,1.9325398919288717
128514_20191215-probe0,627,128514,Excitatory,3621,0.7295378386858261
128514_20191215-probe0,628,128514,Excitatory,5380,1.0839308401352512
128514_20191215-probe0,629,128514,Excitatory,14909,3.0037778616313124
128514_20191215-probe0,630,128514,Excitatory,11901,2.3977436669980716
128514_20191215-probe0,631,128514,Excitatory,4397,0.8858817665566356
128514_20191215-probe0,632,128514,Inhibitory,32936,6.6357520726198205
128514_20191215-probe0,633,128514,Excitatory,2014,0.4057689055822297
128514_20191215-probe0,634,128514,Excitatory,1250,0.2518426673176699
128514_20191215-probe0,635,128514,Excitatory,15215,3.065428946590678
128514_20191215-probe0,636,128514,Inhibitory,9791,1.9726332445658448
128514_20191215-probe0,637,128514,Excitatory,6475,1.3045450167055301
128514_20191215-probe0,638,128514,Excitatory,9641,1.9424121244877244
128514_20191215-probe0,639,128514,Excitatory,2106,0.4243045258968102
128514_20191215-probe0,640,128514,Excitatory,6040,1.216903768478981
128514_20191215-probe0,641,128514,Excitatory,2195,0.44223572380982834
128514_20191215-probe0,642,128514,Excitatory,4503,0.907238024745174
128514_20191215-probe0,643,128514,Excitatory,843,0.16984269483903658
128514_20191215-probe0,644,128514,Excitatory,19982,4.0258561426733435
128514_20191215-probe0,645,128514,Excitatory,30047,6.0536932999152215
128514_20191215-probe0,646,128514,Excitatory,18026,3.631772736854654
128514_20191215-probe0,647,128514,Excitatory,912,0.18374441007497194
128514_20191215-probe0,648,128514,Excitatory,16734,3.3714681559151103
128514_20191215-probe0,649,128514,Excitatory,1119,0.2254495557827781
128514_20191215-probe0,650,128514,Excitatory,2331,0.4696362060139908
128514_20191215-probe0,651,128514,Excitatory,5075,1.0224812293097398
128514_20191215-probe0,652,128514,Excitatory,19939,4.017192754917616
128514_20191215-probe0,653,128514,Excitatory,4169,0.8399456640378926
128514_20191215-probe0,654,128514,Excitatory,2548,0.5133560930603384
128514_20191215-probe0,655,128514,Excitatory,3810,0.7676164499842578
128514_20191215-probe0,656,128514,Excitatory,672,0.13539061794997934
128514_20191215-probe0,657,128514,Excitatory,3038,0.6120784186488649
128514_20191215-probe0,658,128514,Excitatory,3143,0.6332332027035492
128514_20191215-probe0,659,128514,Excitatory,21720,4.376018187311832
128514_20191215-probe0,660,128514,Excitatory,621,0.1251154371234184
128514_20191215-probe0,661,128514,Excitatory,2529,0.5095280845171097
128514_20191215-probe0,662,128514,Excitatory,2353,0.4740686369587818
128514_20191215-probe0,663,128514,Excitatory,3193,0.643306909396256
128514_20191215-probe0,664,128514,Excitatory,860,0.1732677551145569
128514_20191215-probe0,665,128514,Excitatory,4814,0.9698964803738103
128514_20191215-probe0,666,128514,Excitatory,5247,1.0571347803326512
128514_20191215-probe0,667,128514,Excitatory,8428,1.6980240001226574
128514_20191215-probe0,668,128514,Excitatory,1393,0.28065346845881134
128514_20191215-probe0,669,128514,Excitatory,7389,1.4886923750482104
128514_20191215-probe0,670,128514,Excitatory,579,0.11665352350154469
128514_20191215-probe0,671,128514,Excitatory,983,0.1980490735786156
128514_20191215-probe0,672,128514,Excitatory,24719,4.980239114740385
128514_20191215-probe0,673,128514,Excitatory,2998,0.6040194532946995
128514_20191215-probe0,674,128514,Excitatory,1039,0.20933162507444722
128514_20191215-probe0,675,128514,Excitatory,7035,1.417370531663846
128514_20191215-probe0,677,128514,Excitatory,2590,0.521818006682212
128514_20191215-probe0,678,128514,Excitatory,3023,0.6090563066410529
128514_20191215-probe0,679,128514,Excitatory,457,0.09207367917134011
128514_20191215-probe0,680,128514,Excitatory,3448,0.6946828135290606
128514_20191215-probe0,681,128514,Excitatory,17223,3.469989007369783
128514_20191215-probe0,682,128514,Excitatory,1461,0.2943537095608926
128514_20191215-probe0,683,128514,Excitatory,1312,0.2643340636166263
128514_20191215-probe0,684,128514,Excitatory,1936,0.39005392314160714
128514_20191215-probe0,685,128514,Excitatory,2076,0.4182603018811862
128514_20191215-probe0,686,128514,Excitatory,3673,0.7400144936462412
128514_20191215-probe0,687,128514,Excitatory,2580,0.5198032653436707
128514_20191215-probe0,688,128514,Excitatory,19434,3.9154483173212773
128514_20191215-probe0,689,128514,Excitatory,805,0.16218667775257942
128514_20191215-probe0,690,128514,Excitatory,3761,0.7577442174254052
128514_20191215-probe0,691,128514,Excitatory,20003,4.03008709948428
128514_20191215-probe0,692,128514,Excitatory,4759,0.9588154030118329
128514_20191215-probe0,693,128514,Excitatory,2809,0.5659408419962678
128514_20191215-probe0,694,128514,Excitatory,1655,0.33343969152859493
128514_20191215-probe0,695,128514,Excitatory,3933,0.7923977684483166
128514_20191215-probe0,696,128514,Excitatory,2968,0.5979752292790754
128514_20191215-probe0,697,128514,Excitatory,1746,0.3517738377093213
128514_20191215-probe0,698,128514,Excitatory,5589,1.1260389341107657
128514_20191215-probe0,699,128514,Excitatory,4859,0.9789628163972464
128514_20191215-probe0,700,128514,Excitatory,836,0.16843237590205762
128514_20191215-probe0,701,128514,Excitatory,7748,1.561021589101845
128514_20191215-probe0,702,128514,Excitatory,651,0.13115966113904248
128514_20191215-probe0,703,128514,Excitatory,34448,6.940380963007274
128514_20191215-probe0,704,128514,Excitatory,3945,0.7948154580545662
128514_20191215-probe0,705,128514,Excitatory,36827,7.4196879274462635
128514_20191215-probe0,706,128514,Excitatory,587,0.11826531657237778
128514_20191215-probe0,707,128514,Excitatory,573,0.11544467869841989
128514_20191215-probe0,708,128514,Excitatory,10981,2.2123874638522665
128514_20191215-probe0,709,128514,Excitatory,2327,0.4688303094785743
128514_20191215-probe0,710,128514,Inhibitory,14711,2.9638859831281934
128514_20191215-probe0,711,128514,Excitatory,664,0.13377882487914625
128514_20191215-probe0,712,128514,Excitatory,623,0.12551838539112667
128514_20191215-probe0,713,128514,Excitatory,3258,0.6564027280967748
128514_20191215-probe0,714,128514,Excitatory,3364,0.6777589862853132
128514_20191215-probe0,715,128514,Excitatory,1352,0.27239302897079176
128514_20191215-probe0,716,128514,Excitatory,10507,2.116888724405406
128514_20191215-probe0,717,128514,Excitatory,808,0.16279110015414183
128514_20191215-probe0,718,128514,Excitatory,782,0.15755277267393428
128514_20191215-probe0,719,128514,Excitatory,22769,4.587364553724821
128514_20191215-probe0,720,128514,Excitatory,14877,2.99733068934798
128514_20191215-probe0,721,128514,Excitatory,459,0.09247662743904839
128514_20191215-probe0,722,128514,Excitatory,694,0.13982304889477032
128514_20191215-probe0,723,128514,Excitatory,2091,0.4212824138889982
128514_20191215-probe0,724,128514,Excitatory,2278,0.4589580769197216
128514_20191215-probe0,725,128514,Excitatory,1456,0.29334633889162187
128514_20191215-probe0,726,128514,Excitatory,1218,0.24539549503433755
128514_20191215-probe0,727,128514,Excitatory,7729,1.5571935805586166
128514_20191215-probe0,728,128514,Excitatory,3385,0.68198994309625
128514_20191215-probe0,729,128514,Inhibitory,8119,1.6357684927617295
128514_20191215-probe0,730,128514,Inhibitory,52383,10.553819553681201
128514_20191215-probe0,732,128514,Excitatory,2421,0.48776887806086305
128514_20191215-probe0,733,128514,Excitatory,4557,0.9181176279732973
128514_20191215-probe0,734,128514,Excitatory,116761,23.524321342942763
128514_20191215-probe0,735,128514,Excitatory,2448,0.4932086796749247
128514_20191215-probe0,736,128514,Excitatory,4438,0.8941422060446552
128514_20191215-probe0,737,128514,Inhibitory,132717,26.739042622719357
128514_20191215-probe0,738,128514,Excitatory,57238,11.53197647354303
128514_20191215-probe0,739,128514,Excitatory,7658,1.5428889170549729
128514_20191215-probe0,740,128514,Excitatory,4442,0.8949481025800717
128514_20191215-probe0,741,128514,Excitatory,25320,5.101325069186721
128514_20191215-probe0,742,128514,Excitatory,4690,0.9449136877758975
128514_20191215-probe0,743,128514,Excitatory,1475,0.2971743474348505
128514_20191215-probe0,744,128514,Excitatory,7352,1.4812378320956072
128514_20191215-probe0,745,128514,Excitatory,1676,0.3376706483395318
128514_20191215-probe0,746,128514,Excitatory,7394,1.489699745717481
128514_20191215-probe0,747,128514,Excitatory,4011,0.8081127508889392
128514_20191215-probe0,748,128514,Excitatory,36689,7.391884496974392
128514_20191215-probe0,749,128514,Excitatory,18795,3.7867063457884846
128514_20191215-probe0,750,128514,Excitatory,902,0.1817296687364306
128514_20191215-probe0,751,128514,Excitatory,3758,0.7571397950238428
128514_20191215-probe0,752,128514,Excitatory,3144,0.6334346768374033
128514_20191215-probe0,754,128514,Excitatory,4049,0.8157687679753963
128514_20191215-probe0,755,128514,Excitatory,5770,1.1625057523383642
128514_20191215-probe0,756,128514,Excitatory,1723,0.34713993263067616
128514_20191215-probe0,757,128514,Excitatory,3454,0.6958916583321855
128515_20191216-probe0,0,128515,Inhibitory,14780,2.781294767735322
128515_20191216-probe0,1,128515,Inhibitory,249126,46.880435744711086
128515_20191216-probe0,2,128515,Excitatory,60084,11.306584223586542
128515_20191216-probe0,3,128515,Excitatory,163168,30.70489206101739
128515_20191216-probe0,4,128515,Excitatory,25676,4.831699895559684
128515_20191216-probe0,5,128515,Excitatory,14248,2.6811832104663647
128515_20191216-probe0,7,128515,Excitatory,4688,0.882186053527956
128515_20191216-probe0,8,128515,Inhibitory,8475,1.5948222704030348
128515_20191216-probe0,9,128515,Excitatory,4886,0.9194456180754251
128515_20191216-probe0,10,128515,Excitatory,8980,1.6898529779609737
128515_20191216-probe0,11,128515,Excitatory,62943,11.844589754097726
128515_20191216-probe0,12,128515,Excitatory,8750,1.646571665607853
128515_20191216-probe0,13,128515,Excitatory,97157,18.28296723605282
128515_20191216-probe0,14,128515,Excitatory,47986,9.029987193812392
128515_20191216-probe0,15,128515,Excitatory,17139,3.2252104887831994
128515_20191216-probe0,16,128515,Excitatory,26777,5.038885655997883
128515_20191216-probe0,17,128515,Excitatory,84051,15.816685150400646
128515_20191216-probe0,18,128515,Excitatory,49353,9.28722873288507
128515_20191216-probe0,19,128515,Inhibitory,7353,1.3836847379673765
128515_20191216-probe0,20,128515,Inhibitory,49688,9.350268905225485
128515_20191216-probe0,21,128515,Excitatory,22847,4.299339753616299
128515_20191216-probe0,22,128515,Excitatory,8337,1.5688534829911625
128515_20191216-probe0,23,128515,Excitatory,34829,6.554107947594962
128515_20191216-probe0,24,128515,Excitatory,35334,6.649138655152901
128515_20191216-probe0,25,128515,Excitatory,15847,2.9820824211300168
128515_20191216-probe0,26,128515,Inhibitory,18779,3.533825063822843
128515_20191216-probe0,27,128515,Inhibitory,47275,8.896191484755573
128515_20191216-probe0,28,128515,Inhibitory,24418,4.594969934950006
128515_20191216-probe0,29,128515,Excitatory,39908,7.5098722321232225
128515_20191216-probe0,30,128515,Inhibitory,114846,21.611676515245655
128515_20191216-probe0,31,128515,Excitatory,8469,1.593693192689475
128515_20191216-probe0,32,128515,Inhibitory,71213,13.400835202620804
128515_20191216-probe0,33,128515,Inhibitory,24212,4.5562049334511245
128515_20191216-probe0,34,128515,Inhibitory,23140,4.354476381961796
128515_20191216-probe0,35,128515,Inhibitory,22194,4.176458462457222
128515_20191216-probe0,36,128515,Inhibitory,5836,1.0982162560557063
128515_20191216-probe0,37,128515,Inhibitory,70629,13.290938305167662
128515_20191216-probe0,38,128515,Inhibitory,186543,35.10359065342694
128515_20191216-probe0,39,128515,Inhibitory,72028,13.554201592045994
128515_20191216-probe0,40,128515,Excitatory,13326,2.5076816018160284
128515_20191216-probe0,41,128515,Inhibitory,8328,1.5671598664208228
128515_20191216-probe0,42,128515,Inhibitory,28676,5.396238752339519
128515_20191216-probe0,43,128515,Excitatory,573,0.10782692164494855
128515_20191216-probe0,44,128515,Inhibitory,93450,17.585385388691872
128515_20191216-probe0,45,128515,Inhibitory,86349,16.249121914694
128515_20191216-probe0,46,128515,Inhibitory,12006,2.259284504832901
128515_20191216-probe0,47,128515,Inhibitory,54470,10.250143842932543
128515_20191216-probe0,48,128515,Inhibitory,2639,0.4966060143473285
128515_20191216-probe0,49,128515,Inhibitory,38716,7.285562126362701
128515_20191216-probe0,50,128515,Inhibitory,7008,1.3187627694376953
128515_20191216-probe0,51,128515,Inhibitory,18296,3.442934307881289
128515_20191216-probe0,52,128515,Inhibitory,40917,7.699745467620174
128515_20191216-probe0,53,128515,Excitatory,17134,3.224269590688566
128515_20191216-probe0,54,128515,Inhibitory,57841,10.884497338334151
128515_20191216-probe0,55,128515,Inhibitory,92028,17.31779397057823
128515_20191216-probe0,56,128515,Inhibitory,28312,5.327741371050233
128515_20191216-probe0,57,128515,Excitatory,24204,4.554699496499712
128515_20191216-probe0,58,128515,Excitatory,17622,3.3161012447247527
128515_20191216-probe0,59,128515,Excitatory,8491,1.5978331443058607
128515_20191216-probe0,60,128515,Inhibitory,38677,7.278223121224563
128515_20191216-probe0,61,128515,Excitatory,21493,4.044544549589667
128515_20191216-probe0,62,128515,Excitatory,3425,0.6445151948236454
128515_20191216-probe0,63,128515,Excitatory,4814,0.9058966855127091
128515_20191216-probe0,64,128515,Excitatory,56700,10.669784393138888
128515_20191216-probe0,65,128515,Excitatory,2209,0.4156887782088854
128515_20191216-probe0,66,128515,Excitatory,45390,8.541472903078908
128515_20191216-probe0,67,128515,Excitatory,15121,2.8454640177892965
128515_20191216-probe0,68,128515,Excitatory,16969,3.1932199535656753
128515_20191216-probe0,69,128515,Excitatory,23963,4.509348208338398
128515_20191216-probe0,70,128515,Excitatory,35181,6.620347173457129
128515_20191216-probe0,71,128515,Excitatory,18646,3.5087971745056032
128515_20191216-probe0,72,128515,Excitatory,92839,17.47040764152771
128515_20191216-probe0,73,128515,Inhibitory,4701,0.884632388574002
128515_20191216-probe0,74,128515,Inhibitory,24107,4.53644607346383
128515_20191216-probe0,75,128515,Excitatory,604,0.11366048983167351
128515_20191216-probe0,76,128515,Excitatory,35987,6.772019946311978
128515_20191216-probe0,77,128515,Inhibitory,52670,9.911420528864642
128515_20191216-probe0,78,128515,Excitatory,5124,0.9642323673799588
128515_20191216-probe0,80,128515,Excitatory,7287,1.37126488311822
128515_20191216-probe0,82,128515,Excitatory,18520,3.48508654252085
128515_20191216-probe0,83,128515,Excitatory,60001,11.290965315215633
128515_20191216-probe0,84,128515,Excitatory,25651,4.826995405086519
128515_20191216-probe0,85,128515,Excitatory,1566,0.29468928323907406
128515_20191216-probe0,86,128515,Excitatory,3812,0.7173407073482441
128515_20191216-probe0,87,128515,Excitatory,8568,1.6123229749632098
128515_20191216-probe0,88,128515,Excitatory,56110,10.558758417972188
128515_20191216-probe0,89,128515,Excitatory,13666,2.5716626722510765
128515_20191216-probe0,90,128515,Excitatory,27315,5.140126290980401
128515_20191216-probe0,91,128515,Excitatory,7461,1.4040081368114505
128515_20191216-probe0,92,128515,Excitatory,7491,1.4096535253792488
128515_20191216-probe0,93,128515,Inhibitory,618,0.11629500449664608
128515_20191216-probe0,94,128515,Excitatory,24276,4.568248429062428
128515_20191216-probe0,95,128515,Excitatory,6574,1.2370928148235458
128515_20191216-probe0,96,128515,Excitatory,34237,6.442705613190407
128515_20191216-probe0,97,128515,Excitatory,50054,9.419142645752625
128515_20191216-probe0,98,128515,Excitatory,2439,0.4589700905620061
128515_20191216-probe0,99,128515,Excitatory,20664,3.8885436454995057
128515_20191216-probe0,100,128515,Excitatory,3616,0.6804575020386282
128515_20191216-probe0,101,128515,Excitatory,39455,7.4246268647494675
128515_20191216-probe0,102,128515,Excitatory,11251,2.1172088925433092
128515_20191216-probe0,103,128515,Excitatory,11789,2.2184495275258262
128515_20191216-probe0,104,128515,Inhibitory,4310,0.8110541575736968
128515_20191216-probe0,105,128515,Excitatory,84304,15.86429459398908
128515_20191216-probe0,106,128515,Excitatory,134406,25.292469861450183
128515_20191216-probe0,107,128515,Excitatory,48607,9.146846737165818
128515_20191216-probe0,108,128515,Excitatory,483,0.09089075594155349
128515_20191216-probe0,109,128515,Excitatory,47785,8.992163090408145
128515_20191216-probe0,110,128515,Excitatory,19066,3.58783261445478
128515_20191216-probe0,111,128515,Excitatory,29957,5.637296844184509
128515_20191216-probe0,112,128515,Excitatory,65335,12.29471540257018
128515_20191216-probe0,113,128515,Excitatory,21268,4.002204135331179
128515_20191216-probe0,114,128515,Excitatory,92707,17.445567931829398
128515_20191216-probe0,115,128515,Excitatory,6438,1.2115003866495266
128515_20191216-probe0,116,128515,Excitatory,10213,1.921878448097486
128515_20191216-probe0,117,128515,Excitatory,3447,0.6486551464400307
128515_20191216-probe0,118,128515,Inhibitory,153379,28.862801771344788
128515_20191216-probe0,119,128515,Excitatory,19529,3.6749597780178016
128515_20191216-probe0,120,128515,Excitatory,1947,0.3663857180501131
128515_20191216-probe0,121,128515,Inhibitory,35913,6.7580946545114085
128515_20191216-probe0,122,128515,Inhibitory,43181,8.125784124870023
128515_20191216-probe0,123,128515,Excitatory,754,0.14188743267066528
128515_20191216-probe0,124,128515,Excitatory,9745,1.8338103864398319
128515_20191216-probe0,125,128515,Excitatory,7272,1.3684421888343208
128515_20191216-probe0,126,128515,Inhibitory,6604,1.242738203391344
128515_20191216-probe0,127,128515,Excitatory,909,0.1710552736042901
128515_20191216-probe0,128,128515,Excitatory,1350,0.2540424855509259
128515_20191216-probe0,129,128515,Inhibitory,114424,21.532264716058627
128515_20191216-probe0,130,128515,Excitatory,17819,3.353172629653295
128515_20191216-probe0,131,128515,Inhibitory,35463,6.673413825994434
128515_20191216-probe0,132,128515,Excitatory,5124,0.9642323673799588
128515_20191216-probe0,133,128515,Excitatory,1820,0.3424869064464334
128515_20191216-probe0,134,128515,Excitatory,4459,0.839092920793762
128515_20191216-probe0,135,128515,Excitatory,45174,8.500826105390761
128515_20191216-probe0,136,128515,Excitatory,10318,1.9416373080847804
128515_20191216-probe0,137,128515,Excitatory,58841,11.072676957260764
128515_20191216-probe0,138,128515,Excitatory,27472,5.169670491151879
128515_20191216-probe0,139,128515,Excitatory,39439,7.421615990846642
128515_20191216-probe0,140,128515,Excitatory,45150,8.496309794536522
128515_20191216-probe0,141,128515,Excitatory,77710,14.623438186787002
128515_20191216-probe0,142,128515,Excitatory,7040,1.324784517243347
128515_20191216-probe0,143,128515,Excitatory,35237,6.630885232117019
128515_20191216-probe0,144,128515,Excitatory,39361,7.406937980570366
128515_20191216-probe0,145,128515,Excitatory,70282,13.225639977400128
128515_20191216-probe0,146,128515,Excitatory,85778,16.141671352286906
128515_20191216-probe0,147,128515,Excitatory,32647,6.143500019097095
128515_20191216-probe0,148,128515,Excitatory,105065,19.771091662524466
128515_20191216-probe0,149,128515,Excitatory,34190,6.433861171100856
128515_20191216-probe0,150,128515,Excitatory,3794,0.713953474207565
128515_20191216-probe0,151,128515,Excitatory,65998,12.419478489918523
128515_20191216-probe0,152,128515,Excitatory,113229,21.307390071441326
128515_20191216-probe0,153,128515,Excitatory,28716,5.403765937096583
128515_20191216-probe0,154,128515,Excitatory,15573,2.9305212055441254
128515_20191216-probe0,155,128515,Excitatory,21270,4.002580494569033
128515_20191216-probe0,156,128515,Excitatory,4597,0.8650617082056343
128515_20191216-probe0,157,128515,Excitatory,28593,5.380619843968611
128515_20191216-probe0,158,128515,Inhibitory,12920,2.431280676531824
128515_20191216-probe0,159,128515,Inhibitory,33893,6.377971824279653
128515_20191216-probe0,160,128515,Excitatory,31143,5.8604778722314705
128515_20191216-probe0,161,128515,Inhibitory,3184,0.5991639066623319
128515_20191216-probe0,162,128515,Excitatory,4488,0.8445501297426337
128515_20191216-probe0,163,128515,Excitatory,2281,0.42923771077160144
128515_20191216-probe0,164,128515,Excitatory,8919,1.6783740212064504
128515_20191216-probe0,165,128515,Excitatory,1506,0.28339850610347733
128515_20191216-probe0,166,128515,Excitatory,2874,0.5408282247950823
128515_20191216-probe0,167,128515,Excitatory,1115,0.20982027510317214
128515_20191216-probe0,168,128515,Excitatory,36754,6.9163537140286895
128515_20191216-probe0,169,128515,Excitatory,665,0.12513944658619683
128515_20191216-probe0,170,128515,Excitatory,3091,0.581663202102157
128515_20191216-probe0,171,128515,Excitatory,3340,0.6285199272148834
128515_20191216-probe0,172,128515,Excitatory,19716,3.710149366757078
128515_20191216-probe0,173,128515,Inhibitory,52627,9.903328805250798
128515_20191216-probe0,174,128515,Excitatory,38424,7.230613677636131
128515_20191216-probe0,175,128515,Excitatory,53824,10.128579809105952
128515_20191216-probe0,176,128515,Excitatory,27961,5.261690324806992
128515_20191216-probe0,177,128515,Excitatory,6193,1.1653963800125067
128515_20191216-probe0,178,128515,Excitatory,18228,3.4301380937942794
128515_20191216-probe0,179,128515,Excitatory,38989,7.336935162329667
128515_20191216-probe0,180,128515,Excitatory,15142,2.8494157897867556
128515_20191216-probe0,181,128515,Excitatory,1888,0.355283120533443
128515_20191216-probe0,182,128515,Excitatory,455,0.08562172661160836
128515_20191216-probe0,184,128515,Inhibitory,7225,1.3595977467447702
128515_20191216-probe0,185,128515,Inhibitory,68467,12.884093969048328
128515_20191216-probe0,186,128515,Excitatory,1242,0.23371908670685182
128515_20191216-probe0,187,128515,Excitatory,12101,2.277161568630929
128515_20191216-probe0,188,128515,Excitatory,47764,8.988211318410684
128515_20191216-probe0,189,128515,Excitatory,3838,0.722233377440336
128515_20191216-probe0,190,128515,Excitatory,12660,2.382353975610905
128515_20191216-probe0,191,128515,Inhibitory,1342,0.252537048599513
128515_20191216-probe0,192,128515,Excitatory,51476,9.686734063866268
128515_20191216-probe0,193,128515,Excitatory,5747,1.081468269971238
128515_20191216-probe0,194,128515,Excitatory,804,0.15129641361699586
128515_20191216-probe0,195,128515,Excitatory,7221,1.3588450282690636
128515_20191216-probe0,196,128515,Excitatory,198539,37.36099336207057
128515_20191216-probe0,197,128515,Excitatory,3922,0.7380404654301714
128515_20191216-probe0,198,128515,Inhibitory,20774,3.909243403581433
128515_20191216-probe0,199,128515,Excitatory,2414,0.4542656000888408
128515_20191216-probe0,200,128515,Excitatory,1598,0.30071103104472563
128515_20191216-probe0,201,128515,Excitatory,9059,1.7047191678561762
128515_20191216-probe0,202,128515,Excitatory,799,0.15035551552236281
128515_20191216-probe0,203,128515,Excitatory,1141,0.21471294519526404
128515_20191216-probe0,204,128515,Excitatory,6535,1.229753809685408
128515_20191216-probe0,205,128515,Excitatory,2659,0.5003696067258607
128515_20191216-probe0,206,128515,Excitatory,3878,0.7297605621974005
128515_20191216-probe0,207,128515,Excitatory,391,0.07357823100030521
128515_20191216-probe0,208,128515,Excitatory,1393,0.2621342091647702
128515_20191216-probe0,209,128515,Inhibitory,26602,5.005954222685727
128515_20191216-probe0,210,128515,Excitatory,1191,0.22412192614159462
128515_20191216-probe0,211,128515,Excitatory,912,0.17161981246106994
128515_20191216-probe0,212,128515,Excitatory,1877,0.3532131447252503
128515_20191216-probe0,213,128515,Excitatory,2126,0.40006986983797665
128515_20191216-probe0,214,128515,Excitatory,2520,0.47421263969506167
128515_20191216-probe0,215,128515,Excitatory,6852,1.289406748885144
128515_20191216-probe0,216,128515,Excitatory,10758,2.0244363404124894
128515_20191216-probe0,217,128515,Excitatory,1276,0.24011719375035662
128515_20191216-probe0,218,128515,Excitatory,6894,1.2973102928800615
128515_20191216-probe0,219,128515,Excitatory,12243,2.303883074518508
128515_20191216-probe0,220,128515,Excitatory,5199,0.9783458387994546
128515_20191216-probe0,221,128515,Excitatory,2350,0.4422221044775377
128515_20191216-probe0,222,128515,Excitatory,18998,3.5750364003677704
128515_20191216-probe0,223,128515,Excitatory,7717,1.452182119256663
128515_20191216-probe0,224,128515,Excitatory,15370,2.8923207429020232
128515_20191216-probe0,225,128515,Excitatory,9306,1.7511995337310493
128515_20191216-probe0,226,128515,Excitatory,94535,17.789560275227245
128515_20191216-probe0,227,128515,Excitatory,18008,3.388738577630425
128515_20191216-probe0,228,128515,Excitatory,23035,4.334717521974502
128515_20191216-probe0,229,128515,Excitatory,47002,8.844818448788606
128515_20191216-probe0,230,128515,Excitatory,2290,0.43093132734194095
128515_20191216-probe0,231,128515,Excitatory,1387,0.2610051314512105
128515_20191216-probe0,232,128515,Excitatory,3819,0.7186579646807304
128515_20191216-probe0,233,128515,Excitatory,2209,0.4156887782088854
128515_20191216-probe0,234,128515,Inhibitory,8880,1.6710350160683125
128515_20191216-probe0,235,128515,Excitatory,2183,0.4107961081167935
128515_20191216-probe0,236,128515,Excitatory,3437,0.6467733502507647
128515_20191216-probe0,237,128515,Excitatory,1422,0.26759141811364195
128515_20191216-probe0,238,128515,Excitatory,1335,0.2512197912670267
128515_20191216-probe0,239,128515,Excitatory,28987,5.454762613825696
128515_20191216-probe0,240,128515,Excitatory,957,0.18008789531276748
128515_20191216-probe0,241,128515,Excitatory,4018,0.7561057088471261
128515_20191216-probe0,242,128515,Excitatory,5304,0.9981046987867489
128515_20191216-probe0,243,128515,Excitatory,525,0.09879429993647118
128515_20191216-probe0,244,128515,Excitatory,1137,0.21396022671955758
128515_20191216-probe0,245,128515,Excitatory,1994,0.37523016013966387
128515_20191216-probe0,246,128515,Excitatory,5153,0.9696895763288305
128515_20191216-probe0,247,128515,Excitatory,2176,0.40947885078430724
128515_20191216-probe0,248,128515,Excitatory,875,0.1646571665607853
128515_20191216-probe0,249,128515,Excitatory,2270,0.42716773496340876
128515_20191216-probe0,250,128515,Excitatory,939,0.17670066217208846
128515_20191216-probe0,251,128515,Inhibitory,15161,2.8529912025463613
128515_20191216-probe0,252,128515,Excitatory,2199,0.4138069820196193
128515_20191216-probe0,253,128515,Excitatory,560,0.10538058659890259
128515_20191216-probe0,254,128515,Excitatory,1084,0.20398670691644716
128515_20191216-probe0,255,128515,Excitatory,2076,0.3906608888916461
128515_20191216-probe0,256,128515,Excitatory,4823,0.9075903020830486
128515_20191216-probe0,257,128515,Excitatory,24752,4.6578219276714945
128515_20191216-probe0,258,128515,Excitatory,1538,0.2894202539091289
128515_20191216-probe0,259,128515,Excitatory,9798,1.8437839062429422
128515_20191216-probe0,260,128515,Excitatory,474,0.08919713937121398
128515_20191216-probe0,261,128515,Inhibitory,55467,10.437758923002376
128515_20191216-probe0,262,128515,Excitatory,11994,2.257026349405782
128515_20191216-probe0,263,128515,Excitatory,17641,3.3196766574843584
128515_20191216-probe0,264,128515,Excitatory,4101,0.7717246172180349
128515_20191216-probe0,265,128515,Excitatory,7139,1.3434142995170815
128515_20191216-probe0,266,128515,Inhibitory,3059,0.5756414542965054
128515_20191216-probe0,267,128515,Excitatory,1343,0.2527252282184396
128515_20191216-probe0,268,128515,Excitatory,2587,0.4868206741631447
128515_20191216-probe0,269,128515,Excitatory,1860,0.3500140912034979
128515_20191216-probe0,270,128515,Inhibitory,145126,27.30975537634346
128515_20191216-probe0,271,128515,Excitatory,22035,4.14653790304789
128515_20191216-probe0,272,128515,Excitatory,22144,4.167049481510891
128515_20191216-probe0,273,128515,Excitatory,8368,1.5746870511778874
128515_20191216-probe0,274,128515,Excitatory,1894,0.3564121982470027
128515_20191216-probe0,275,128515,Excitatory,1111,0.20906755662746568
128515_20191216-probe0,276,128515,Excitatory,18343,3.4517787499708397
128515_20191216-probe0,277,128515,Excitatory,1320,0.24839709698312754
128515_20191216-probe0,278,128515,Excitatory,3890,0.7320187176245199
128515_20191216-probe0,279,128515,Excitatory,1375,0.2587469760240912
128515_20191216-probe0,280,128515,Excitatory,1515,0.28509212267381684
128515_20191216-probe0,281,128515,Excitatory,1789,0.33665333825970845
128515_20191216-probe0,282,128515,Excitatory,2656,0.49980506786908085
128515_20191216-probe0,283,128515,Excitatory,2327,0.4378939732422256
128515_20191216-probe0,284,128515,Excitatory,1565,0.2945011036201474
128515_20191216-probe0,285,128515,Excitatory,4212,0.7926125549188888
128515_20191216-probe0,286,128515,Excitatory,214,0.04027043845029492
128515_20191216-probe0,287,128515,Excitatory,4527,0.8518891348807716
128515_20191216-probe0,288,128515,Excitatory,6951,1.3080365311588784
128515_20191216-probe0,289,128515,Excitatory,457,0.08599808584946159
128515_20191216-probe0,290,128515,Excitatory,2883,0.5425218413654218
128515_20191216-probe0,291,128515,Excitatory,2935,0.5523071815496056
128515_20191216-probe0,292,128515,Excitatory,6751,1.270400607373556
128516_20191215-probe0,0,128516,Inhibitory,60384,11.180861124924416
128516_20191215-probe0,1,128516,Excitatory,33888,6.274791696499713
128516_20191215-probe0,2,128516,Excitatory,23530,4.356877024865387
128516_20191215-probe0,3,128516,Inhibitory,163505,30.275018187446456
128516_20191215-probe0,4,128516,Inhibitory,47174,8.73486259120271
128516_20191215-probe0,5,128516,Excitatory,11699,2.1662177778963096
128516_20191215-probe0,6,128516,Excitatory,26017,4.817376521713675
128516_20191215-probe0,7,128516,Excitatory,8290,1.5349983228276267
128516_20191215-probe0,8,128516,Excitatory,5380,0.9961750273597867
128516_20191215-probe0,9,128516,Excitatory,12116,2.2434306006489173
128516_20191215-probe0,10,128516,Excitatory,13610,2.5200635915179737
128516_20191215-probe0,11,128516,Excitatory,77368,14.3256634789539
128516_20191215-probe0,12,128516,Excitatory,9721,1.7999660670937707
128516_20191215-probe0,13,128516,Excitatory,21612,4.001735072732288
128516_20191215-probe0,14,128516,Excitatory,4944,0.915444114361856
128516_20191215-probe0,15,128516,Excitatory,7055,1.3063224568816534
128516_20191215-probe0,16,128516,Excitatory,11197,2.073266130361995
128516_20191215-probe0,17,128516,Excitatory,29204,5.407489869705429
128516_20191215-probe0,18,128516,Excitatory,3078,0.569930619742272
128516_20191215-probe0,19,128516,Excitatory,75739,14.024033531078603
128516_20191215-probe0,20,128516,Excitatory,33192,6.145918495934208
128516_20191215-probe0,21,128516,Excitatory,15885,2.94130860773424
128516_20191215-probe0,22,128516,Excitatory,19708,3.649185397622059
128516_20191215-probe0,23,128516,Excitatory,71556,13.249498189174144
128516_20191215-probe0,24,128516,Excitatory,23613,4.372245524358112
128516_20191215-probe0,25,128516,Excitatory,3380,0.6258497383784534
128516_20191215-probe0,26,128516,Excitatory,2366,0.43809481686491736
128516_20191215-probe0,27,128516,Excitatory,33245,6.155732116092214
128516_20191215-probe0,28,128516,Excitatory,27775,5.142892450728267
128516_20191215-probe0,29,128516,Excitatory,87227,16.151181990987382
128516_20191215-probe0,30,128516,Excitatory,4695,0.86933861588368
128516_20191215-probe0,31,128516,Excitatory,12592,2.331568019426475
128516_20191215-probe0,32,128516,Excitatory,4411,0.8167524248483307
128516_20191215-probe0,33,128516,Excitatory,21419,3.9659986823455897
128516_20191215-probe0,34,128516,Excitatory,82989,15.366462703635937
128516_20191215-probe0,35,128516,Excitatory,1730,0.32033137496885333
128516_20191215-probe0,36,128516,Excitatory,53484,9.903238877938817
128516_20191215-probe0,37,128516,Excitatory,9498,1.758674797372352
128516_20191215-probe0,38,128516,Excitatory,8997,1.665908312482528
128516_20191215-probe0,39,128516,Excitatory,1977,0.366066548158048
128516_20191215-probe0,40,128516,Excitatory,27495,5.09104691027088
128516_20191215-probe0,41,128516,Excitatory,4111,0.7612036315011307
128516_20191215-probe0,42,128516,Excitatory,21544,3.9891440129069227
128516_20191215-probe0,43,128516,Excitatory,2930,0.5425265483576533
128516_20191215-probe0,44,128516,Excitatory,25017,4.632213877223008
128516_20191215-probe0,45,128516,Excitatory,20172,3.735100864665728
128516_20191215-probe0,46,128516,Excitatory,8684,1.6079524047569493
128516_20191215-probe0,47,128516,Excitatory,3042,0.563264764540608
128516_20191215-probe0,48,128516,Excitatory,11213,2.0762287326738456
128516_20191215-probe0,49,128516,Inhibitory,77724,14.391581380392577
128516_20191215-probe0,50,128516,Excitatory,9606,1.778672362977344
128516_20191215-probe0,51,128516,Excitatory,78757,14.582854392151436
128516_20191215-probe0,52,128516,Excitatory,23820,4.41057419176768
128516_20191215-probe0,53,128516,Excitatory,72904,13.499097433947563
128516_20191215-probe0,54,128516,Excitatory,4796,0.8880400429772374
128516_20191215-probe0,55,128516,Excitatory,7657,1.4177903688650346
128516_20191215-probe0,57,128516,Excitatory,2425,0.4490194128898667
128516_20191215-probe0,58,128516,Excitatory,3264,0.604370871617536
128516_20191215-probe0,59,128516,Excitatory,45198,8.368981205689153
128516_20191215-probe0,60,128516,Excitatory,3639,0.673806863301536
128516_20191215-probe0,61,128516,Excitatory,34341,6.358670374453984
128516_20191215-probe0,62,128516,Inhibitory,53245,9.858985005905547
128516_20191215-probe0,63,128516,Excitatory,8238,1.5253698653141121
128516_20191215-probe0,64,128516,Excitatory,27376,5.069012555576491
128516_20191215-probe0,65,128516,Excitatory,3830,0.7091729283992534
128516_20191215-probe0,66,128516,Excitatory,6434,1.1913364546529495
128516_20191215-probe0,67,128516,Excitatory,3377,0.6252942504449813
128516_20191215-probe0,68,128516,Inhibitory,4089,0.7571300533223361
128516_20191215-probe0,69,128516,Excitatory,3721,0.6889902001497707
128516_20191215-probe0,70,128516,Excitatory,9602,1.7779317123993814
128516_20191215-probe0,71,128516,Excitatory,3083,0.5708564329647253
128516_20191215-probe0,72,128516,Excitatory,15793,2.9242736444410986
128516_20191215-probe0,73,128516,Excitatory,12613,2.3354564349607787
128516_20191215-probe0,74,128516,Excitatory,1161,0.214973830253664
128516_20191215-probe0,75,128516,Excitatory,9650,1.7868195193349334
128516_20191215-probe0,76,128516,Excitatory,1331,0.24645147981707735
128516_20191215-probe0,77,128516,Excitatory,3565,0.6601048276092267
128516_20191215-probe0,78,128516,Excitatory,4834,0.8950762234678827
128516_20191215-probe0,79,128516,Excitatory,695,0.12868803792101333
128516_20191215-probe0,80,128516,Inhibitory,65324,12.09556458870831
128516_20191215-probe0,81,128516,Excitatory,6634,1.2283689835510827
128516_20191215-probe0,82,128516,Excitatory,7635,1.41371679068624
128516_20191215-probe0,83,128516,Excitatory,2579,0.47753446014142936
128516_20191215-probe0,84,128516,Excitatory,34888,6.459954340990379
128516_20191215-probe0,85,128516,Excitatory,745,0.13794617014554666
128516_20191215-probe0,86,128516,Excitatory,28632,5.301576837056769
128516_20191215-probe0,87,128516,Excitatory,17721,3.2812672230191042
128516_20191215-probe0,88,128516,Excitatory,17664,3.270712952283136
128516_20191215-probe0,89,128516,Excitatory,3494,0.6469582798503893
128516_20191215-probe0,90,128516,Excitatory,24173,4.475936605272886
128516_20191215-probe0,91,128516,Excitatory,18248,3.3788479366656854
128516_20191215-probe0,92,128516,Excitatory,55036,10.190611302188332
128516_20191215-probe0,93,128516,Excitatory,916,0.16960898235345068
128516_20191215-probe0,94,128516,Excitatory,2286,0.423281805305664
128516_20191215-probe0,95,128516,Excitatory,5021,0.9297016379876374
128516_20191215-probe0,96,128516,Excitatory,7882,1.4594519638754346
128516_20191215-probe0,97,128516,Inhibitory,42230,7.819418476840854
128516_20191215-probe0,98,128516,Excitatory,18713,3.4649485663538453
128516_20191215-probe0,99,128516,Excitatory,4242,0.785459937929408
128516_20191215-probe0,100,128516,Excitatory,30852,5.712637907826048
128516_20191215-probe0,101,128516,Excitatory,13943,2.5817227521333654
128516_20191215-probe0,102,128516,Excitatory,3822,0.707691627243328
128516_20191215-probe0,103,128516,Excitatory,6934,1.2839177768982828
128516_20191215-probe0,104,128516,Excitatory,39251,7.267818958903158
128516_20191215-probe0,105,128516,Inhibitory,2017,0.37347305393767466
128516_20191215-probe0,106,128516,Excitatory,19986,3.700660612790464
128516_20191215-probe0,107,128516,Inhibitory,90695,16.793326042081013
128516_20191215-probe0,108,128516,Excitatory,41792,7.738317238553941
128516_20191215-probe0,109,128516,Excitatory,2198,0.40698749259048533
128516_20191215-probe0,110,128516,Excitatory,8834,1.6357268014305495
128516_20191215-probe0,111,128516,Excitatory,10533,1.950318134420192
128516_20191215-probe0,112,128516,Excitatory,6046,1.1194933485905707
128516_20191215-probe0,113,128516,Excitatory,34378,6.365521392300139
128516_20191215-probe0,114,128516,Excitatory,28522,5.281208946162795
128516_20191215-probe0,115,128516,Excitatory,27682,5.125672324790635
128516_20191215-probe0,116,128516,Inhibitory,87844,16.265427342638123
128516_20191215-probe0,117,128516,Inhibitory,14290,2.6459741897716267
128516_20191215-probe0,118,128516,Excitatory,38848,7.193198413173419
128516_20191215-probe0,119,128516,Excitatory,10844,2.0079037168567893
128516_20191215-probe0,120,128516,Excitatory,86040,15.931393931976961
128516_20191215-probe0,121,128516,Inhibitory,9926,1.8379244092143574
128516_20191215-probe0,122,128516,Inhibitory,10204,1.8893996243827627
128516_20191215-probe0,123,128516,Excitatory,6025,1.1156049330562667
128516_20191215-probe0,124,128516,Excitatory,23050,4.267998955509867
128516_20191215-probe0,125,128516,Excitatory,2506,0.4640175870936107
128516_20191215-probe0,126,128516,Excitatory,21009,3.8900819981044163
128516_20191215-probe0,127,128516,Excitatory,43760,8.102717322911573
128516_20191215-probe0,128,128516,Inhibitory,89789,16.62556868617247
128516_20191215-probe0,129,128516,Excitatory,65251,12.082047715660492
128516_20191215-probe0,130,128516,Excitatory,13985,2.5894995832019734
128516_20191215-probe0,131,128516,Inhibitory,94550,17.507128036592533
128516_20191215-probe0,132,128516,Excitatory,53151,9.841579717323425
128516_20191215-probe0,133,128516,Inhibitory,24068,4.456494527601365
128516_20191215-probe0,134,128516,Excitatory,90676,16.78980795183569
128516_20191215-probe0,135,128516,Excitatory,133894,24.792167121433323
128516_20191215-probe0,136,128516,Excitatory,93536,17.319373115079
128516_20191215-probe0,137,128516,Excitatory,44502,8.240108005123648
128516_20191215-probe0,138,128516,Inhibitory,38250,7.082471151768
128516_20191215-probe0,139,128516,Inhibitory,113939,21.09724655062207
128516_20191215-probe0,140,128516,Excitatory,39783,7.366325485772192
128516_20191215-probe0,141,128516,Excitatory,60456,11.194192835327744
128516_20191215-probe0,142,128516,Excitatory,54810,10.14876454453344
128516_20191215-probe0,143,128516,Excitatory,77990,14.440834643827094
128516_20191215-probe0,144,128516,Excitatory,34730,6.430698643160854
128516_20191215-probe0,145,128516,Inhibitory,22191,4.108944243892384
128516_20191215-probe0,146,128516,Excitatory,60602,11.221226581423382
128516_20191215-probe0,147,128516,Inhibitory,54997,10.183389959053196
128516_20191215-probe0,148,128516,Excitatory,62090,11.496748596425494
128516_20191215-probe0,149,128516,Excitatory,60510,11.20419161813024
128516_20191215-probe0,150,128516,Excitatory,49249,9.119075078520844
128516_20191215-probe0,151,128516,Excitatory,29433,5.4498921152937925
128516_20191215-probe0,152,128516,Excitatory,22060,4.084687937464107
128516_20191215-probe0,153,128516,Excitatory,62289,11.533595962679136
128516_20191215-probe0,154,128516,Excitatory,59433,11.004771450013793
128516_20191215-probe0,155,128516,Excitatory,57029,10.559640452658229
128516_20191215-probe0,156,128516,Excitatory,38746,7.174311823435371
128516_20191215-probe0,157,128516,Excitatory,157059,29.081459781059618
128516_20191215-probe0,158,128516,Excitatory,75485,13.977002219377974
128516_20191215-probe0,159,128516,Excitatory,23366,4.326510351168918
128516_20191215-probe0,160,128516,Excitatory,4911,0.909333747093664
128516_20191215-probe0,161,128516,Excitatory,84584,15.66179712159855
128516_20191215-probe0,162,128516,Excitatory,48169,8.919099422470923
128516_20191215-probe0,163,128516,Excitatory,35612,6.594012095601622
128516_20191215-probe0,164,128516,Excitatory,207885,38.49253634994224
128516_20191215-probe0,165,128516,Excitatory,31085,5.755780803992374
128516_20191215-probe0,166,128516,Excitatory,13311,2.464699960815264
128516_20191215-probe0,167,128516,Excitatory,27735,5.13548594494864
128516_20191215-probe0,168,128516,Excitatory,33968,6.289604708058966
128516_20191215-probe0,169,128516,Excitatory,71426,13.225427045390358
128516_20191215-probe0,170,128516,Excitatory,63560,11.768937683826774
128516_20191215-probe0,171,128516,Excitatory,29597,5.480258788990262
128516_20191215-probe0,172,128516,Excitatory,19897,3.684181137430795
128516_20191215-probe0,173,128516,Inhibitory,8515,1.5766599178380267
128516_20191215-probe0,174,128516,Excitatory,40534,7.505382631784683
128516_20191215-probe0,175,128516,Inhibitory,90505,16.75814513962779
128516_20191215-probe0,176,128516,Excitatory,53491,9.904535016450252
128516_20191215-probe0,177,128516,Excitatory,24443,4.525930519285366
128516_20191215-probe0,178,128516,Excitatory,16944,3.1373958482498563
128516_20191215-probe0,179,128516,Excitatory,33362,6.177396145497622
128516_20191215-probe0,180,128516,Excitatory,206810,38.29348650711478
128516_20191215-probe0,181,128516,Excitatory,15130,2.8015108111437867
128516_20191215-probe0,182,128516,Excitatory,11442,2.118630978262208
128516_20191215-probe0,183,128516,Excitatory,93316,17.27863733329105
128516_20191215-probe0,185,128516,Excitatory,3186,0.589928185347264
128516_20191215-probe0,186,128516,Excitatory,77326,14.317886647885292
128516_20191215-probe0,187,128516,Excitatory,33519,6.206466680682656
128516_20191215-probe0,188,128516,Excitatory,58367,10.807388070986741
128516_20191215-probe0,189,128516,Excitatory,5680,1.0517238207069868
128516_20191215-probe0,190,128516,Excitatory,42213,7.8162707118845125
128516_20191215-probe0,191,128516,Excitatory,4521,0.837120315742304
128516_20191215-probe0,192,128516,Excitatory,27622,5.114562566121195
128516_20191215-probe0,193,128516,Excitatory,1560,0.28885372540544
128516_20191215-probe0,194,128516,Excitatory,40910,7.575003786113173
128516_20191215-probe0,195,128516,Excitatory,4701,0.8704495917506241
128516_20191215-probe0,196,128516,Excitatory,22357,4.139681242877835
128516_20191215-probe0,197,128516,Excitatory,32791,6.071668275493451
128516_20191215-probe0,198,128516,Excitatory,16383,3.0335196046905923
128516_20191215-probe0,199,128516,Inhibitory,98526,18.243334711087424
128516_20191215-probe0,200,128516,Excitatory,38108,7.056178056250325
128516_20191215-probe0,201,128516,Excitatory,1885,0.3490315848649067
128516_20191215-probe0,202,128516,Excitatory,3119,0.5775222881663894
128516_20191215-probe0,203,128516,Excitatory,65230,12.078159300126186
128516_20191215-probe0,204,128516,Inhibitory,30661,5.677271842728331
128516_20191215-probe0,205,128516,Excitatory,1542,0.28552079780460804
128516_20191215-probe0,206,128516,Excitatory,27441,5.081048127468384
128516_20191215-probe0,207,128516,Excitatory,11974,2.2171375051312427
128516_20191215-probe0,208,128516,Excitatory,1661,0.30755515249899734
128516_20191215-probe0,209,128516,Inhibitory,52249,9.674563011992843
128516_20191215-probe0,210,128516,Excitatory,7446,1.378721050877504
128516_20191215-probe0,211,128516,Excitatory,3178,0.5884468841913387
128516_20191215-probe0,212,128516,Excitatory,5040,0.9332197282329601
128516_20191215-probe0,213,128516,Excitatory,36246,6.711405212208704
128516_20191215-probe0,214,128516,Excitatory,31672,5.864471276308395
128516_20191215-probe0,215,128516,Inhibitory,3997,0.7400950900291947
128516_20191215-probe0,216,128516,Excitatory,40008,7.4079870807825925
128516_20191215-probe0,217,128516,Excitatory,13663,2.529877211675979
128516_20191215-probe0,218,128516,Excitatory,9292,1.7205312926072747
128516_20191215-probe0,219,128516,Excitatory,12653,2.3428629407404054
128516_20191215-probe0,220,128516,Excitatory,4467,0.8271215329398081
128516_20191215-probe0,221,128516,Excitatory,7503,1.3892753216134721
128516_20191215-probe0,222,128516,Excitatory,17350,3.2125718819130666
128516_20191215-probe0,223,128516,Inhibitory,62943,11.654692332176033
128516_20191215-probe0,224,128516,Excitatory,4150,0.7684249746362667
128516_20191215-probe0,225,128516,Excitatory,31490,5.830771675011094
128516_20191215-probe0,226,128516,Excitatory,29839,5.525068148957003
128516_20191215-probe0,227,128516,Inhibitory,11839,2.192140548125003
128516_20191215-probe0,228,128516,Excitatory,3691,0.6834353208150507
128516_20191215-probe0,229,128516,Excitatory,13937,2.5806117762664216
128516_20191215-probe0,230,128516,Excitatory,1202,0.22256549867778133
128516_20191215-probe0,231,128516,Excitatory,32164,5.955571297397803
128516_20191215-probe0,232,128516,Inhibitory,966,0.17886711457798402
128516_20191215-probe0,233,128516,Excitatory,9249,1.712569298894176
128516_20191215-probe0,234,128516,Excitatory,29686,5.496738264349931
128516_20191215-probe0,235,128516,Excitatory,1063,0.19682789109357868
128516_20191215-probe0,236,128516,Inhibitory,40010,7.408357406071573
128516_20191215-probe0,237,128516,Excitatory,4617,0.854895929613408
128516_20191215-probe0,238,128516,Inhibitory,10937,2.0251238427944216
128516_20191215-probe0,239,128516,Inhibitory,26306,4.870888525971478
128516_20191215-probe0,240,128516,Excitatory,2783,0.5153076396175253
128516_20191215-probe0,241,128516,Excitatory,7532,1.3946450383037015
128516_20191215-probe0,242,128516,Inhibitory,87880,16.272093197839787
128516_20191215-probe0,243,128516,Inhibitory,10566,1.956428501688384
128516_20191215-probe0,244,128516,Excitatory,7812,1.446490578761088
128516_20191215-probe0,245,128516,Excitatory,15891,2.942419583601184
128516_20191215-probe0,246,128516,Inhibitory,45425,8.411013125988534
128516_20191215-probe0,247,128516,Excitatory,4590,0.84989653821216
128516_20191215-probe0,248,128516,Inhibitory,15325,2.837617526819467
128516_20191215-probe0,249,128516,Excitatory,7196,1.3324303897548373
128516_20191215-probe0,250,128516,Inhibitory,17204,3.1855381358174295
128516_20191215-probe0,251,128516,Excitatory,56408,10.444654450429526
128516_20191215-probe0,252,128516,Excitatory,23619,4.373356500225056
128516_20191215-probe0,253,128516,Excitatory,862,0.15961019955095468
128516_20191215-probe0,254,128516,Excitatory,28788,5.330462209597313
128516_20191215-probe0,255,128516,Excitatory,21814,4.039137926919403
128516_20191215-probe0,256,128516,Inhibitory,6296,1.1657840097132375
128516_20191215-probe0,257,128516,Excitatory,2227,0.4123572092807147
128516_20191215-probe0,258,128516,Excitatory,987,0.182755530112288
128516_20191215-probe0,259,128516,Inhibitory,6926,1.2824364757423574
128516_20191215-probe0,260,128516,Excitatory,10614,1.965316308623936
128516_20191215-probe0,261,128516,Excitatory,55345,10.247826559335946
128516_20191215-probe0,262,128516,Excitatory,16817,3.1138801923995416
128516_20191215-probe0,263,128516,Excitatory,982,0.18182971688983468
128516_20191215-probe0,264,128516,Excitatory,2684,0.49697653781294937
128516_20191215-probe0,265,128516,Excitatory,50123,9.280907229805686
128516_20191215-probe0,266,128516,Excitatory,3041,0.5630796018961174
128516_20191215-probe0,267,128516,Inhibitory,5612,1.0391327608816214
128516_20191215-probe0,268,128516,Excitatory,12380,2.2923135387944535
128516_20191215-probe0,269,128516,Inhibitory,8307,1.538146087783968
128516_20191215-probe0,270,128516,Excitatory,961,0.17794130135553068
128516_20191215-probe0,271,128516,Excitatory,67591,12.515328303768651
128516_20191215-probe0,272,128516,Excitatory,12647,2.3417519648734615
128516_20191215-probe0,273,128516,Excitatory,20158,3.732508587642859
128516_20191215-probe0,274,128516,Excitatory,17950,3.323669468607467
128516_20191215-probe0,275,128516,Excitatory,30600,5.6659769214144005
128516_20191215-probe0,276,128516,Excitatory,18728,3.4677260060212056
128516_20191215-probe0,277,128516,Inhibitory,1207,0.2234913119002347
128516_20191215-probe0,278,128516,Inhibitory,11530,2.1349252909773866
128516_20191215-probe0,279,128516,Excitatory,4584,0.8487855623452161
128516_20191215-probe0,280,128516,Excitatory,5116,0.9472920892142507
128516_20191215-probe0,281,128516,Excitatory,2204,0.40809846845742936
128516_20191215-probe0,282,128516,Excitatory,8687,1.6085078926904215
128516_20191215-probe0,283,128516,Excitatory,8112,1.502039372108288
128516_20191215-probe0,284,128516,Excitatory,5790,1.07209171160096
128516_20191215-probe0,285,128516,Excitatory,1523,0.28200270755928536
128516_20191215-probe0,286,128516,Inhibitory,16857,3.1212866981791683
128516_20191215-probe0,287,128516,Excitatory,37362,6.9180467234602885
128516_20191215-probe0,288,128516,Excitatory,1954,0.3618078073347627
128516_20191215-probe0,289,128516,Inhibitory,6661,1.2333683749523308
128516_20191215-probe0,290,128516,Inhibitory,5189,0.9608089622620694
128516_20191215-probe0,291,128516,Excitatory,49751,9.212026726055157
128516_20191215-probe0,292,128516,Excitatory,2430,0.44994522611232
128516_20191215-probe0,293,128516,Inhibitory,145468,26.9352395687683
128516_20191215-probe0,294,128516,Excitatory,3262,0.6040005463285547
128516_20191215-probe0,295,128516,Inhibitory,54495,10.09043831151888
128516_20191215-probe0,296,128516,Excitatory,12180,2.2552810098963203
128516_20191215-probe0,297,128516,Inhibitory,34167,6.326452074312608
128516_20191215-probe0,298,128516,Excitatory,26645,4.933658662453814
128516_20191215-probe0,299,128516,Excitatory,66744,12.358495543885056
128516_20191215-probe0,300,128516,Excitatory,38876,7.198382967219158
128516_20191215-probe0,301,128516,Inhibitory,23079,4.273368672200096
128516_20191215-probe0,302,128516,Excitatory,8693,1.6096188685573654
128516_20191215-probe0,303,128516,Inhibitory,40713,7.538526745148513
128516_20191215-probe0,304,128516,Excitatory,5132,0.9502546915261014
128516_20191215-probe0,305,128516,Excitatory,62798,11.627843748724885
128516_20191215-probe0,306,128516,Excitatory,40823,7.558894636042486
128516_20191215-probe0,307,128516,Excitatory,12934,2.3948936438422828
128516_20191215-probe0,309,128516,Excitatory,2070,0.38328667409568
128516_20191215-probe0,310,128516,Excitatory,18881,3.4960558906282775
128516_20191215-probe0,311,128516,Excitatory,6419,1.1885590149855894
128516_20191215-probe0,312,128516,Excitatory,108182,20.0312652062893
128516_20191215-probe0,313,128516,Excitatory,28069,5.197330268208523
128516_20191215-probe0,314,128516,Excitatory,12296,2.2767598766572372
128516_20191215-probe0,315,128516,Excitatory,21670,4.0124745061127465
128516_20191215-probe0,316,128516,Excitatory,25681,4.755161873164811
128516_20191215-probe0,317,128516,Excitatory,30213,5.594318977996513
128516_20191215-probe0,318,128516,Excitatory,4635,0.85822885721424
128516_20191215-probe0,319,128516,Excitatory,14255,2.6394934972144535
128516_20191215-probe0,320,128516,Excitatory,2706,0.501050115991744
128516_20191215-probe0,321,128516,Excitatory,30610,5.667828547859307
128516_20191215-probe0,322,128516,Inhibitory,3260,0.6036302210395733
128516_20191215-probe0,323,128516,Excitatory,8846,1.6379487531644374
128516_20191215-probe0,324,128516,Excitatory,19027,3.5230896367239146
128516_20191215-probe0,325,128516,Inhibitory,20438,3.7843541281002455
128516_20191215-probe0,326,128516,Excitatory,3624,0.6710294236341761
128516_20191215-probe0,327,128516,Excitatory,3224,0.5969643658379093
128516_20191215-probe0,328,128516,Excitatory,41986,7.774238791585131
128516_20191215-probe0,329,128516,Excitatory,57279,10.605931113780896
128516_20191215-probe0,330,128516,Excitatory,6033,1.117086234212192
128516_20191215-probe0,331,128516,Excitatory,3070,0.5684493185863467
128516_20191215-probe0,332,128516,Excitatory,27869,5.16029773931039
128516_20191215-probe0,333,128516,Excitatory,4646,0.8602656463036373
128516_20191215-probe0,334,128516,Excitatory,22513,4.168566615418379
128516_20191215-probe0,335,128516,Excitatory,15868,2.938160842777899
128516_20191215-probe0,336,128516,Excitatory,47998,8.88743661026302
128516_20191215-probe0,337,128516,Excitatory,25437,4.709982187909088
128516_20191215-probe0,338,128516,Excitatory,3048,0.564375740407552
128516_20191215-probe0,339,128516,Excitatory,64182,11.884108848699968
128516_20191215-probe0,340,128516,Inhibitory,89987,16.662230889781622
128516_20191215-probe0,341,128516,Excitatory,13883,2.5706129934639255
128516_20191215-probe0,342,128516,Inhibitory,14472,2.6796737910689283
128516_20191215-probe0,343,128516,Excitatory,4571,0.8463784479668374
128516_20191215-probe0,344,128516,Excitatory,9773,1.8095945246072853
128516_20191215-probe0,345,128516,Excitatory,9869,1.8273701384783894
128516_20191215-probe0,346,128516,Excitatory,9836,1.8212597712101974
128516_20191215-probe0,347,128516,Excitatory,29997,5.554323846786528
128516_20191215-probe0,348,128516,Excitatory,22713,4.205599144316512
128516_20191215-probe0,349,128516,Excitatory,6715,1.2433671577548266
128516_20191215-probe0,350,128516,Excitatory,33042,6.118144099260609
128516_20191215-probe0,351,128516,Excitatory,40861,7.565930816533131
128516_20191215-probe0,352,128516,Excitatory,22222,4.114684285871595
128516_20191215-probe0,353,128516,Excitatory,18969,3.512350203343456
128516_20191215-probe0,354,128516,Excitatory,9645,1.78589370611248
128516_20191215-probe0,355,128516,Excitatory,15017,2.7805874323163415
128516_20191215-probe0,356,128516,Excitatory,985,0.18238520482330667
128516_20191215-probe0,357,128516,Excitatory,19987,3.7008457754349546
128516_20191215-probe0,358,128516,Excitatory,12620,2.3367525734722134
128516_20191215-probe0,359,128516,Excitatory,1448,0.26811550922248534
128516_20191215-probe0,360,128516,Excitatory,21517,3.984144621505675
128516_20191215-probe0,361,128516,Excitatory,7622,1.4113096763078614
128516_20191215-probe0,362,128516,Excitatory,24447,4.526671169863328
128516_20191215-probe0,363,128516,Excitatory,21501,3.9811820191938243
128516_20191215-probe0,364,128516,Excitatory,729,0.134983567833696
128516_20191215-probe0,365,128516,Excitatory,13586,2.5156196880501973
128516_20191215-probe0,366,128516,Excitatory,12770,2.3645269701458136
128516_20191215-probe0,367,128516,Excitatory,3822,0.707691627243328
128516_20191215-probe0,368,128516,Excitatory,6195,1.14708258261968
128516_20191215-probe0,369,128516,Excitatory,1958,0.36254845791272533
128516_20191215-probe0,370,128516,Excitatory,27123,5.022166406520352
128516_20191215-probe0,371,128516,Excitatory,2729,0.5053088568150294
128516_20191215-probe0,372,128516,Excitatory,3531,0.6538092976965441
128516_20191215-probe0,373,128516,Excitatory,1611,0.29829702027446403
128516_20191215-probe0,374,128516,Excitatory,1676,0.31033259216635734
128516_20191215-probe0,375,128516,Excitatory,2960,0.5480814276923733
128516_20191215-probe0,376,128516,Excitatory,15180,2.8107689433683203
128516_20191215-probe0,377,128516,Excitatory,15918,2.947418975002432
128516_20191215-probe0,378,128516,Excitatory,1461,0.270522623600864
128516_20191215-probe0,379,128516,Excitatory,17382,3.218497086536768
128516_20191215-probe0,380,128516,Excitatory,1970,0.36477040964661334
128516_20191215-probe0,381,128516,Excitatory,69826,12.929166814205292
128516_20191215-probe0,382,128516,Excitatory,447,0.082767702087328
128516_20191215-probe0,383,128516,Excitatory,3124,0.5784481013888427
128516_20191215-probe0,384,128516,Excitatory,7739,1.4329737057132694
128516_20191215-probe0,385,128516,Excitatory,3322,0.6151103049979947
128516_20191215-probe0,386,128516,Excitatory,566,0.10480205678171733
128516_20191215-probe0,387,128516,Excitatory,906,0.16775735590854401
128516_20191215-probe0,388,128516,Excitatory,1403,0.25978319022040536
128516_20191215-probe0,389,128516,Excitatory,10627,1.9677234230023148
128516_20191215-probe0,390,128516,Excitatory,993,0.18386650597923201
128516_20191215-probe0,392,128516,Excitatory,24237,4.487787014520288
128516_20191215-probe0,393,128516,Excitatory,536,0.09924717744699733
128516_20191215-probe0,394,128516,Excitatory,3746,0.6936192662620374
128516_20191215-probe0,395,128516,Inhibitory,25030,4.634620991601387
128516_20191215-probe0,396,128516,Excitatory,32665,6.048337782287627
128516_20191215-probe0,397,128516,Excitatory,3418,0.6328859188690987
128516_20191215-probe0,398,128516,Excitatory,19455,3.60233924856592
128516_20191215-probe0,399,128516,Excitatory,28265,5.233622146528694
128516_20191215-probe0,400,128516,Inhibitory,33425,6.189061392100534
128516_20191215-probe0,401,128516,Excitatory,12130,2.2460228776717868
128516_20191215-probe0,402,128516,Excitatory,28206,5.222697550503744
128516_20191215-probe0,403,128516,Excitatory,40467,7.4929767346038085
128516_20191215-probe0,404,128516,Excitatory,101109,18.721609821806815
128516_20191215-probe0,405,128516,Inhibitory,2249,0.41643078745950934
128516_20191215-probe0,406,128516,Excitatory,15595,2.8876114408319467
128516_20191215-probe0,407,128516,Excitatory,20362,3.770281767118955
128516_20191215-probe0,408,128516,Inhibitory,2376,0.439946443309824
128516_20191215-probe0,409,128516,Excitatory,1682,0.31144356803330137
128516_20191215-probe0,410,128516,Excitatory,11195,2.0728958050730135
128516_20191215-probe0,411,128516,Excitatory,1033,0.19127301175885866
128516_20191215-probe0,412,128516,Excitatory,804,0.148870766170496
128516_20191215-probe0,413,128516,Excitatory,1766,0.32699723017051735
128516_20191215-probe0,414,128516,Inhibitory,29844,5.525993962179456
128516_20191215-probe0,415,128516,Excitatory,4938,0.914333138494912
128516_20191215-probe0,416,128516,Excitatory,1623,0.30051897200835204
128516_20191215-probe0,417,128516,Excitatory,1722,0.318850073812928
128516_20191215-probe0,418,128516,Excitatory,1610,0.29811185762997333
128516_20191215-probe0,419,128516,Excitatory,856,0.15849922368401068
128516_20191215-probe0,420,128516,Excitatory,1065,0.19719821638256002
128516_20191215-probe0,421,128516,Excitatory,1860,0.34440251875264
128516_20191215-probe0,422,128516,Excitatory,1959,0.36273362055721603
128516_20191215-probe0,423,128516,Excitatory,12339,2.284721870370336
128516_20191215-probe0,424,128516,Excitatory,16905,3.13017450511472
128516_20191215-probe0,425,128516,Excitatory,2128,0.3940261074761387
128516_20191215-probe0,426,128516,Inhibitory,4812,0.891002645289088
128516_20191215-probe0,427,128516,Excitatory,18238,3.376996310220779
128516_20191215-probe0,428,128516,Excitatory,2845,0.5267877235759467
128516_20191215-probe0,429,128516,Inhibitory,7928,1.4679694455220054
128516_20191215-probe0,430,128516,Excitatory,4867,0.9011865907360747
128516_20191215-probe0,431,128516,Excitatory,10732,1.9871655006738347
128516_20191215-probe0,432,128516,Excitatory,7837,1.4511196448733548
128516_20191215-probe0,433,128516,Excitatory,13321,2.4665515872601707
128516_20191215-probe0,434,128516,Excitatory,2297,0.42531859439506137
128516_20191215-probe0,435,128516,Excitatory,1147,0.2123815532307947
128516_20191215-probe0,436,128516,Inhibitory,1935,0.35828971708944
128516_20191215-probe0,437,128516,Excitatory,3084,0.5710415956092161
128516_20191215-probe0,438,128516,Excitatory,775,0.14350104948026668
128516_20191215-probe0,439,128516,Excitatory,451,0.08350835266529066
128516_20191215-probe0,440,128516,Excitatory,402,0.074435383085248
128516_20191215-probe0,441,128516,Excitatory,976,0.18071874102289068
128516_20191215-probe0,442,128516,Excitatory,6462,1.1965210086986882
128516_20191215-probe0,443,128516,Excitatory,1030,0.19071752382538668
128516_20191215-probe0,444,128516,Excitatory,1260,0.23330493205824002
128516_20191215-probe0,446,128516,Excitatory,1588,0.29403827945117866
128516_20191215-probe0,447,128516,Excitatory,10723,1.9854990368734187
128516_20191215-probe0,448,128516,Excitatory,612,0.113319538428288
128516_20191215-probe0,449,128516,Excitatory,1144,0.21182606529732267
128516_20191215-probe0,450,128516,Excitatory,5709,1.0570935373972161
128516_20191215-probe0,451,128516,Excitatory,3658,0.6773249535468587
128516_20191215-probe0,452,128516,Excitatory,3074,0.5691899691643093
128516_20191215-probe0,453,128516,Excitatory,1758,0.32551592901459203
128516_20191215-probe0,454,128516,Excitatory,13128,2.430815196873472
128516_20191215-probe0,455,128516,Excitatory,2410,0.4462419732225067
128516_20191215-probe0,456,128516,Excitatory,43512,8.056796987077888
128516_20191215-probe0,458,128516,Excitatory,6504,1.204297839767296
128516_20191215-probe0,459,128516,Excitatory,35477,6.569015138595382
128516_20191215-probe0,460,128516,Inhibitory,8934,1.6542430658796161
128516_20191215-probe0,461,128516,Excitatory,3817,0.7067658140208747
128516_20191215-probe0,462,128516,Inhibitory,24006,4.445014443642944
128516_20191215-probe0,463,128516,Excitatory,733,0.13572421841165866
128516_20191215-probe0,464,128516,Excitatory,2252,0.41698627539298133
128516_20191215-probe0,465,128516,Excitatory,3112,0.5762261496549547
128516_20191215-probe0,466,128516,Excitatory,3524,0.6525131591851093
128516_20191215-probe0,467,128516,Excitatory,32744,6.062965631202389
128516_20191215-probe0,469,128516,Excitatory,1453,0.26904132244493867
128516_20191215-probe0,470,128516,Excitatory,1084,0.20071630662788267
128516_20191215-probe0,471,128516,Excitatory,1607,0.29755636969650134
128516_20191215-probe0,472,128516,Excitatory,14887,2.7565162885325547
128516_20191215-probe0,473,128516,Excitatory,845,0.15646243459461334
128516_20191215-probe0,474,128516,Excitatory,921,0.170534795575904
128516_20191215-probe0,475,128516,Excitatory,1363,0.25237668444077865
128516_20191215-probe0,476,128516,Excitatory,644,0.11924474305198934
128516_20191215-probe0,477,128516,Excitatory,1554,0.287742749538496
128516_20191215-probe0,478,128516,Excitatory,793,0.14683397708109866
128516_20191215-probe0,479,128516,Excitatory,803,0.14868560352600535
128516_20191215-probe0,480,128516,Excitatory,823,0.15238885641581867
128516_20191215-probe0,481,128516,Excitatory,636,0.11776344189606401
128516_20191215-probe0,482,128516,Excitatory,956,0.17701548813307735
128516_20191215-probe0,483,128516,Excitatory,1712,0.31699844736802135
128516_20191215-probe0,484,128516,Excitatory,1327,0.24571082923911466
128516_20191215-probe0,485,128516,Excitatory,357,0.066103064083168
128516_20191215-probe0,486,128516,Excitatory,1803,0.333848248016672
128516_20191215-probe0,487,128516,Excitatory,585,0.10832014702704
128516_20191215-probe0,488,128516,Excitatory,1628,0.30144478523080537
128516_20191215-probe0,489,128516,Excitatory,3819,0.7071361393098561
128516_20191215-probe0,490,128516,Excitatory,3713,0.6875088989938454
128516_20191215-probe0,491,128516,Excitatory,7678,1.4216787843993388
128516_20191215-probe0,492,128516,Excitatory,1374,0.254413473530176
128516_20191215-probe0,493,128516,Excitatory,4381,0.8111975455136107
128516_20191215-probe0,494,128516,Excitatory,10456,1.9360606107944107
128516_20191215-probe0,495,128516,Excitatory,843,0.156092109305632
128516_20191215-probe0,496,128516,Excitatory,12354,2.287499310037696
128516_20191215-probe0,497,128516,Excitatory,996,0.184421993912704
128516_20191215-probe0,498,128516,Excitatory,1015,0.18794008415802668
128516_20191215-probe0,499,128516,Inhibitory,1572,0.291075677139328
128516_20191215-probe0,500,128516,Excitatory,413,0.07647217217464533
128516_20191215-probe0,501,128516,Excitatory,3527,0.6530686471185814
128516_20191215-probe0,502,128516,Excitatory,4469,0.8274918582287893
128516_20191215-probe0,503,128516,Excitatory,8959,1.6588721319918827
128516_20191215-probe0,504,128516,Excitatory,6019,1.1144939571893226
128516_20191215-probe0,505,128516,Excitatory,404,0.07480570837422934
128516_20191215-probe0,506,128516,Excitatory,7600,1.4072360981290668
128516_20191215-probe0,507,128516,Excitatory,4386,0.812123358736064
128516_20191215-probe0,508,128516,Excitatory,4978,0.9217396442745387
128516_20191215-probe0,509,128516,Excitatory,58137,10.764800662753888
128516_20191215-probe0,510,128516,Excitatory,12918,2.391931041530432
128516_20191215-probe0,511,128516,Excitatory,1868,0.34588381990856537
128516_20191215-probe0,512,128516,Excitatory,2481,0.45938852098134403
128516_20191215-probe0,513,128516,Excitatory,1490,0.27589234029109333
128516_20191215-probe0,514,128516,Excitatory,1539,0.284965309871136
128516_20191215-probe0,515,128516,Excitatory,1694,0.31366551976718937
128516_20191215-probe0,516,128516,Excitatory,1898,0.35143869924328536
128516_20191215-probe0,517,128516,Excitatory,1630,0.30181511051978666
128516_20191215-probe0,518,128516,Excitatory,2145,0.39717387243248004
128516_20191215-probe0,519,128516,Excitatory,960,0.17775613871104
128516_20191215-probe0,520,128516,Excitatory,2738,0.5069753206154454
147463_20191113-probe0,0,147463,Excitatory,10907,1.661052224525649
147463_20191113-probe0,1,147463,Excitatory,21834,3.325150295250116
147463_20191113-probe0,2,147463,Excitatory,4645,0.7073977796755881
147463_20191113-probe0,3,147463,Excitatory,4608,0.701762964207774
147463_20191113-probe0,4,147463,Excitatory,7362,1.1211759857850763
147463_20191113-probe0,5,147463,Excitatory,95948,14.612142554211696
147463_20191113-probe0,6,147463,Excitatory,15811,2.407893712475936
147463_20191113-probe0,7,147463,Inhibitory,6665,1.015028245756253
147463_20191113-probe0,9,147463,Excitatory,50203,7.645530835964165
147463_20191113-probe0,10,147463,Excitatory,44107,6.717156914564298
147463_20191113-probe0,11,147463,Excitatory,57256,8.719648497977497
147463_20191113-probe0,12,147463,Excitatory,11614,1.7687228876538816
147463_20191113-probe0,13,147463,Excitatory,64320,9.795441375400179
147463_20191113-probe0,14,147463,Excitatory,5125,0.7804980884472312
147463_20191113-probe0,15,147463,Inhibitory,99711,15.18521851651939
147463_20191113-probe0,16,147463,Excitatory,33935,5.168039537845227
147463_20191113-probe0,17,147463,Excitatory,14664,2.233214432973697
147463_20191113-probe0,18,147463,Excitatory,4441,0.6763301484476397
147463_20191113-probe0,19,147463,Excitatory,87649,13.348268674011974
147463_20191113-probe0,20,147463,Excitatory,5219,0.794813565581678
147463_20191113-probe0,21,147463,Excitatory,64548,9.83016402206671
147463_20191113-probe0,22,147463,Excitatory,16125,2.4557134977973862
147463_20191113-probe0,23,147463,Inhibitory,194498,29.620549698889672
147463_20191113-probe0,24,147463,Excitatory,33189,5.054429474629299
147463_20191113-probe0,25,147463,Excitatory,1527,0.23255035727978968
147463_20191113-probe0,26,147463,Excitatory,39894,6.075549412783189
147463_20191113-probe0,27,147463,Excitatory,3135,0.4774363916647941
147463_20191113-probe0,28,147463,Inhibitory,54397,8.284244783856398
147463_20191113-probe0,29,147463,Excitatory,579,0.08817724745579451
147463_20191113-probe0,30,147463,Inhibitory,25611,3.900358349896983
147463_20191113-probe0,31,147463,Excitatory,67295,10.248510997474424
147463_20191113-probe0,32,147463,Excitatory,1902,0.28965997350763584
147463_20191113-probe0,33,147463,Inhibitory,155320,23.654041580024185
147463_20191113-probe0,35,147463,Excitatory,695,0.1058431554089416
147463_20191113-probe0,36,147463,Excitatory,864,0.1315805557889576
147463_20191113-probe0,37,147463,Excitatory,1551,0.23620537271837183
147463_20191113-probe0,38,147463,Inhibitory,27355,4.165956138433953
147463_20191113-probe0,39,147463,Inhibitory,44134,6.721268806932703
147463_20191113-probe0,40,147463,Excitatory,33552,5.109711583137854
147463_20191113-probe0,41,147463,Inhibitory,62204,9.473190847565185
147463_20191113-probe0,42,147463,Inhibitory,125030,19.041107511913623
147463_20191113-probe0,43,147463,Excitatory,6102,0.9292876752595132
147463_20191113-probe0,44,147463,Excitatory,30648,4.667454715069413
147463_20191113-probe0,45,147463,Excitatory,1983,0.3019956506128506
147463_20191113-probe0,47,147463,Excitatory,1199,0.18259847961916686
147463_20191113-probe0,48,147463,Excitatory,31441,4.788222516852565
147463_20191113-probe0,49,147463,Excitatory,4445,0.6769393176874035
147463_20191113-probe0,50,147463,Excitatory,12299,1.873043119963414
147463_20191113-probe0,51,147463,Excitatory,8565,1.304383634644007
147463_20191113-probe0,52,147463,Excitatory,39986,6.089560305297754
147463_20191113-probe0,53,147463,Inhibitory,109532,16.680881292449197
147463_20191113-probe0,54,147463,Excitatory,759,0.11558986324516068
147463_20191113-probe0,55,147463,Excitatory,27731,4.22321804697174
147463_20191113-probe0,56,147463,Excitatory,94815,14.43959536704863
147463_20191113-probe0,57,147463,Inhibitory,31643,4.818985563460632
147463_20191113-probe0,58,147463,Inhibitory,159546,24.297628881834527
147463_20191113-probe0,59,147463,Inhibitory,59977,9.134035873326749
147463_20191113-probe0,60,147463,Inhibitory,10011,1.5245983148185818
147463_20191113-probe0,61,147463,Excitatory,19495,2.968938582298297
147463_20191113-probe0,62,147463,Inhibitory,95714,14.57650615368552
147463_20191113-probe0,63,147463,Excitatory,74833,11.396490429809104
147463_20191113-probe0,64,147463,Excitatory,47464,7.228402199035977
147463_20191113-probe0,65,147463,Excitatory,39367,5.995291365444322
147463_20191113-probe0,66,147463,Excitatory,741,0.11284860166622407
147463_20191113-probe0,68,147463,Excitatory,379,0.057718785467609876
147463_20191113-probe0,69,147463,Excitatory,5551,0.8453746124820645
147463_20191113-probe0,70,147463,Excitatory,125828,19.16263677524648
147463_20191113-probe0,71,147463,Inhibitory,72194,10.994591023875007
147463_20191113-probe0,72,147463,Excitatory,30066,4.5788205906837955
147463_20191113-probe0,73,147463,Excitatory,6749,1.0278207997912905
147463_20191113-probe0,74,147463,Excitatory,44961,6.847214547253847
147463_20191113-probe0,75,147463,Excitatory,2272,0.3460081281857774
147463_20191113-probe0,76,147463,Excitatory,7597,1.1569646786211933
147463_20191113-probe0,77,147463,Inhibitory,103518,15.764995340464484
147463_20191113-probe0,78,147463,Inhibitory,23028,3.506987313319579
147463_20191113-probe0,79,147463,Inhibitory,37163,5.659639114334528
147463_20191113-probe0,80,147463,Excitatory,2176,0.3313880664314488
147463_20191113-probe0,81,147463,Excitatory,61891,9.425523354553675
147463_20191113-probe0,82,147463,Excitatory,56354,8.582280834410785
147463_20191113-probe0,83,147463,Excitatory,62089,9.455677231921978
147463_20191113-probe0,84,147463,Excitatory,1464,0.22295594175351152
147463_20191113-probe0,85,147463,Inhibitory,425789,64.84439035743573
147463_20191113-probe0,86,147463,Excitatory,61300,9.33551859937859
147463_20191113-probe0,87,147463,Excitatory,1502,0.2287430495312666
147463_20191113-probe0,88,147463,Excitatory,59772,9.102815949788859
147463_20191113-probe0,89,147463,Excitatory,409,0.062287554765837576
147463_20191113-probe0,90,147463,Excitatory,54090,8.237491044704534
147463_20191113-probe0,91,147463,Excitatory,7167,1.0914789853465963
147463_20191113-probe0,92,147463,Excitatory,14713,2.2406767561608025
147463_20191113-probe0,93,147463,Excitatory,1179,0.1795526334203484
147463_20191113-probe0,94,147463,Excitatory,34433,5.243881108195807
147463_20191113-probe0,95,147463,Inhibitory,198282,30.196823799706127
147463_20191113-probe0,96,147463,Excitatory,1678,0.25554649608086905
147463_20191113-probe0,97,147463,Inhibitory,91045,13.865453358571349
147463_20191113-probe0,98,147463,Excitatory,696898,106.13220621320947
147463_20191113-probe0,99,147463,Excitatory,1030,0.15686107923915085
147463_20191113-probe0,100,147463,Excitatory,27977,4.2606819552172075
147463_20191113-probe0,101,147463,Inhibitory,125875,19.169794513813702
147463_20191113-probe0,102,147463,Excitatory,141964,21.620025488453216
147463_20191113-probe0,103,147463,Excitatory,19998,3.0455416141985814
147463_20191113-probe0,104,147463,Excitatory,105148,16.013231805668187
147463_20191113-probe0,105,147463,Excitatory,18661,2.8419267958075674
147463_20191113-probe0,106,147463,Excitatory,1660,0.25280523450193243
147463_20191113-probe0,107,147463,Inhibitory,94911,14.454215428802959
147463_20191113-probe0,108,147463,Excitatory,17731,2.7002949475625084
147463_20191113-probe0,109,147463,Inhibitory,48824,7.435519740555632
147463_20191113-probe0,110,147463,Excitatory,30057,4.577449959894327
147463_20191113-probe0,111,147463,Excitatory,41538,6.325917970326066
147463_20191113-probe0,112,147463,Excitatory,17850,2.7184177324454786
147463_20191113-probe0,113,147463,Excitatory,22815,3.474549051302162
147463_20191113-probe0,114,147463,Excitatory,7613,1.159401355580248
147463_20191113-probe0,115,147463,Inhibitory,28834,4.391196464836579
147463_20191113-probe0,116,147463,Excitatory,29429,4.481810389251428
147463_20191113-probe0,117,147463,Excitatory,7552,1.1501115246738518
147463_20191113-probe0,118,147463,Inhibitory,162478,24.744149934581316
147463_20191113-probe0,119,147463,Excitatory,5300,0.8071492426868928
147463_20191113-probe0,120,147463,Excitatory,1378,0.20985880309859212
147463_20191113-probe0,121,147463,Excitatory,8527,1.2985965268662518
147463_20191113-probe0,122,147463,Excitatory,36422,5.546790512668304
147463_20191113-probe0,123,147463,Excitatory,11007,1.6762814555197412
147463_20191113-probe0,124,147463,Inhibitory,112140,17.078059636775123
147463_20191113-probe0,125,147463,Excitatory,14337,2.1834148476230153
147463_20191113-probe0,126,147463,Inhibitory,69926,10.649192064928993
147463_20191113-probe0,127,147463,Excitatory,6157,0.937663752306264
147463_20191113-probe0,128,147463,Inhibitory,102668,15.635546877014699
147463_20191113-probe0,129,147463,Excitatory,11649,1.774053118501814
147463_20191113-probe0,130,147463,Excitatory,8725,1.3287504042345546
147463_20191113-probe0,131,147463,Excitatory,12434,1.8936025818054387
147463_20191113-probe0,132,147463,Excitatory,14932,2.2740287720378647
147463_20191113-probe0,133,147463,Excitatory,38573,5.8743712713512295
147463_20191113-probe0,134,147463,Excitatory,63911,9.73315382063434
147463_20191113-probe0,135,147463,Excitatory,27895,4.248193985802052
147463_20191113-probe0,136,147463,Excitatory,5155,0.7850668577454589
147463_20191113-probe0,137,147463,Inhibitory,99576,15.164659054677365
147463_20191113-probe0,138,147463,Excitatory,3108,0.4733244992963892
147463_20191113-probe0,139,147463,Inhibitory,54833,8.350644230990639
147463_20191113-probe0,140,147463,Excitatory,10778,1.6414065165432699
147463_20191113-probe0,141,147463,Excitatory,11146,1.6974500866015296
147463_20191113-probe0,142,147463,Excitatory,54146,8.246019414061225
147463_20191113-probe0,143,147463,Excitatory,95169,14.493506844767717
147463_20191113-probe0,144,147463,Inhibitory,112996,17.208421854084555
147463_20191113-probe0,145,147463,Excitatory,32513,4.951479873109235
147463_20191113-probe0,146,147463,Excitatory,14701,2.2388492484415115
147463_20191113-probe0,147,147463,Excitatory,11093,1.6893785941746606
147463_20191113-probe0,148,147463,Excitatory,181895,27.70120971670422
147463_20191113-probe0,149,147463,Excitatory,6866,1.0456390000543785
147463_20191113-probe0,150,147463,Excitatory,99628,15.172578254794294
147463_20191113-probe0,151,147463,Excitatory,16626,2.5320119450777887
147463_20191113-probe0,152,147463,Inhibitory,137726,20.974610678923582
147463_20191113-probe0,153,147463,Excitatory,31302,4.7670538857707765
147463_20191113-probe0,154,147463,Excitatory,6180,0.9411664754349052
147463_20191113-probe0,155,147463,Excitatory,17813,2.7127829169776643
147463_20191113-probe0,156,147463,Inhibitory,68231,10.391056599579128
147463_20191113-probe0,157,147463,Excitatory,12293,1.8721293661037686
147463_20191113-probe0,158,147463,Excitatory,6519,0.9927935685048781
147463_20191113-probe0,159,147463,Excitatory,6274,0.955481952569352
147463_20191113-probe0,160,147463,Excitatory,15735,2.396319496920426
147463_20191113-probe0,161,147463,Excitatory,13942,2.123259385196351
147463_20191113-probe0,162,147463,Inhibitory,85822,13.070030623749908
147463_20191113-probe0,163,147463,Inhibitory,66998,10.20328018142197
147463_20191113-probe0,164,147463,Excitatory,22288,3.3942910039632954
147463_20191113-probe0,165,147463,Excitatory,27488,4.186211015656096
147463_20191113-probe0,166,147463,Excitatory,4035,0.614499470611625
147463_20191113-probe0,167,147463,Excitatory,100102,15.244764809706291
147463_20191113-probe0,168,147463,Excitatory,12037,1.833142534758892
147463_20191113-probe0,169,147463,Excitatory,10592,1.6130801468942582
147463_20191113-probe0,170,147463,Excitatory,46491,7.080221781463459
147463_20191113-probe0,171,147463,Excitatory,4475,0.6815080869856311
147463_20191113-probe0,172,147463,Excitatory,10439,1.589779423473297
147463_20191113-probe0,173,147463,Excitatory,49597,7.553241696139966
147463_20191113-probe0,174,147463,Excitatory,43702,6.655478529038224
147463_20191113-probe0,175,147463,Excitatory,42460,6.466331480091598
147463_20191113-probe0,176,147463,Excitatory,31963,4.867719102641727
147463_20191113-probe0,177,147463,Excitatory,15983,2.434087989785775
147463_20191113-probe0,178,147463,Excitatory,26465,4.030415982586532
147463_20191113-probe0,179,147463,Excitatory,31199,4.751367777846862
147463_20191113-probe0,180,147463,Excitatory,53047,8.078650165436152
147463_20191113-probe0,181,147463,Excitatory,25118,3.825278241096108
147463_20191113-probe0,182,147463,Excitatory,68512,10.433850738672527
147463_20191113-probe0,183,147463,Excitatory,2368,0.36062818994010604
147463_20191113-probe0,184,147463,Excitatory,13546,2.0629516304597453
147463_20191113-probe0,185,147463,Inhibitory,73884,11.251965027675167
147463_20191113-probe0,186,147463,Excitatory,15773,2.402106604698181
147463_20191113-probe0,187,147463,Excitatory,39704,6.0466138738944135
147463_20191113-probe0,188,147463,Excitatory,28345,4.3167255252754675
147463_20191113-probe0,189,147463,Excitatory,24505,3.7319230551023224
147463_20191113-probe0,190,147463,Excitatory,92748,14.124807162400742
147463_20191113-probe0,191,147463,Excitatory,5030,0.7660303190028435
147463_20191113-probe0,192,147463,Excitatory,42696,6.502272465237655
147463_20191113-probe0,193,147463,Excitatory,13130,1.9995980295243212
147463_20191113-probe0,194,147463,Excitatory,3028,0.46114111450111533
147463_20191113-probe0,195,147463,Excitatory,37357,5.689183822463066
147463_20191113-probe0,196,147463,Excitatory,2670,0.40662046754226483
147463_20191113-probe0,197,147463,Excitatory,15705,2.391750727622198
147463_20191113-probe0,198,147463,Excitatory,4793,0.7299370415468447
147463_20191113-probe0,199,147463,Excitatory,10572,1.6100343006954396
147463_20191113-probe0,200,147463,Excitatory,13974,2.12813273911446
147463_20191113-probe0,202,147463,Excitatory,4167,0.6346020555238269
147463_20191113-probe0,203,147463,Excitatory,11347,1.7280608408996552
147463_20191113-probe0,204,147463,Excitatory,3353,0.5106361152319153
147463_20191113-probe0,205,147463,Excitatory,65857,10.029514655779376
147463_20191113-probe0,206,147463,Excitatory,29343,4.468713250596508
147463_20191113-probe0,207,147463,Excitatory,20015,3.048130583467577
147463_20191113-probe0,208,147463,Inhibitory,230828,35.153329319043415
147463_20191113-probe0,209,147463,Excitatory,71622,10.9074798225888
147463_20191113-probe0,210,147463,Excitatory,55390,8.435471047627734
147463_20191113-probe0,211,147463,Excitatory,1275,0.19417269517467703
147463_20191113-probe0,212,147463,Excitatory,35502,5.406681587522654
147463_20191113-probe0,213,147463,Excitatory,16111,2.453581405458213
147463_20191113-probe0,214,147463,Inhibitory,162301,24.71719419572177
147463_20191113-probe0,215,147463,Excitatory,2738,0.4169763446182476
147463_20191113-probe0,216,147463,Excitatory,11861,1.8063390882092896
147463_20191113-probe0,217,147463,Excitatory,8455,1.2876314805505054
147463_20191113-probe0,218,147463,Excitatory,39320,5.988133626877099
147463_20191113-probe0,219,147463,Excitatory,41155,6.267590015618693
147463_20191113-probe0,220,147463,Excitatory,14040,2.138184031570561
147463_20191113-probe0,221,147463,Excitatory,58208,8.864630777041256
147463_20191113-probe0,222,147463,Excitatory,1788,0.2722986501743706
147463_20191113-probe0,223,147463,Excitatory,34116,5.195604445944535
147463_20191113-probe0,224,147463,Excitatory,29346,4.469170127526331
147463_20191113-probe0,225,147463,Excitatory,39056,5.947928457052695
147463_20191113-probe0,226,147463,Excitatory,83876,12.773669788604872
147463_20191113-probe0,227,147463,Inhibitory,170022,25.893043120775637
147463_20191113-probe0,228,147463,Inhibitory,132526,20.182690667230784
147463_20191113-probe0,229,147463,Excitatory,50638,7.711777990788467
147463_20191113-probe0,230,147463,Excitatory,78286,11.922355776035111
147463_20191113-probe0,231,147463,Excitatory,42300,6.44196471050105
147463_20191113-probe0,232,147463,Excitatory,32973,5.02153433568206
147463_20191113-probe0,233,147463,Excitatory,41738,6.356376432314251
147463_20191113-probe0,234,147463,Excitatory,12311,1.8748706276827052
147463_20191113-probe0,235,147463,Excitatory,52867,8.051237549646785
147463_20191113-probe0,236,147463,Inhibitory,118573,18.057756066625082
147463_20191113-probe0,237,147463,Excitatory,7440,1.1330547859604683
147463_20191113-probe0,238,147463,Excitatory,10334,1.5737887309295
147463_20191113-probe0,239,147463,Excitatory,19846,3.022393183087561
147463_20191113-probe0,240,147463,Inhibitory,8121,1.2367658490302371
147463_20191113-probe0,241,147463,Excitatory,43208,6.580246127927408
147463_20191113-probe0,242,147463,Excitatory,12095,1.8419754887354656
147463_20191113-probe0,243,147463,Excitatory,14503,2.2086953710732087
147463_20191113-probe0,244,147463,Excitatory,22987,3.5007433286120007
147463_20191113-probe0,245,147463,Excitatory,26606,4.051889198288202
147463_20191113-probe0,246,147463,Inhibitory,156121,23.776027720286866
147463_20191113-probe0,247,147463,Excitatory,8355,1.2724022495564131
147463_20191113-probe0,248,147463,Excitatory,7949,1.2105715717203982
147463_20191113-probe0,249,147463,Excitatory,7592,1.1562032170714887
147463_20191113-probe0,250,147463,Excitatory,18224,2.7753750563633837
147463_20191113-probe0,251,147463,Inhibitory,171432,26.10777527779234
147463_20191113-probe0,252,147463,Excitatory,9865,1.502363637567207
147463_20191113-probe0,253,147463,Excitatory,2300,0.3502723128641233
147463_20191113-probe0,254,147463,Inhibitory,42789,6.516435650062161
147463_20191113-probe0,255,147463,Excitatory,20981,3.195244954870509
147463_20191113-probe0,256,147463,Excitatory,47263,7.1977914447378515
147463_20191113-probe0,257,147463,Excitatory,9989,1.5212478839998815
147463_20191113-probe0,258,147463,Excitatory,48540,7.392268724532411
147463_20191113-probe0,259,147463,Excitatory,4505,0.6860768562838588
147463_20191113-probe0,261,147463,Excitatory,12320,1.8762412584721735
147463_20191113-probe0,262,147463,Excitatory,16678,2.5399311451947164
147463_20191113-probe0,263,147463,Excitatory,10788,1.642929439642679
147463_20191113-probe0,264,147463,Excitatory,674,0.10264501690018221
147463_20191113-probe0,265,147463,Excitatory,18348,2.7942593027960583
147463_20191113-probe0,266,147463,Excitatory,44897,6.837467839417627
147463_20191113-probe0,267,147463,Excitatory,34582,5.266572662377005
147463_20191113-probe0,268,147463,Excitatory,1990,0.3030616967824371
147463_20191113-probe0,269,147463,Excitatory,6548,0.9972100454931648
147463_20191113-probe0,270,147463,Excitatory,3494,0.5321093309335856
147463_20191113-probe0,271,147463,Excitatory,3986,0.6070371474245198
147463_20191113-probe0,272,147463,Inhibitory,9743,1.4837839757544145
147463_20191113-probe0,273,147463,Excitatory,78005,11.87956163694171
147463_20191113-probe0,274,147463,Excitatory,1078,0.16417111011631516
147463_20191113-probe0,275,147463,Excitatory,1577,0.24016497277683582
147463_20191113-probe0,276,147463,Excitatory,66670,10.153328303761347
147463_20191113-probe0,277,147463,Excitatory,23321,3.551608960132269
147463_20191113-probe0,278,147463,Excitatory,17050,2.59658388449274
147463_20191113-probe0,279,147463,Excitatory,6247,0.951370060200947
147463_20191113-probe0,280,147463,Excitatory,34737,5.290177970417848
147463_20191113-probe0,281,147463,Excitatory,41126,6.263173538630406
147463_20191113-probe0,283,147463,Excitatory,32083,4.885994179834638
147463_20191113-probe0,284,147463,Excitatory,5008,0.7626798881841432
147463_20191113-probe0,285,147463,Excitatory,6454,0.9828945683587181
147463_20191113-probe0,286,147463,Excitatory,585,0.08909100131544005
147463_20191113-probe0,287,147463,Inhibitory,23894,3.638872453728418
147463_20191113-probe0,288,147463,Excitatory,10110,1.5396752535027332
147463_20191113-probe0,289,147463,Excitatory,21013,3.2001183087886185
147463_20191113-probe0,290,147463,Excitatory,9336,1.4218010056084587
147463_20191113-probe0,291,147463,Excitatory,3189,0.48566017640160397
147463_20191113-probe0,292,147463,Excitatory,28698,4.370484710684613
147463_20191113-probe0,293,147463,Excitatory,2309,0.3516429436535916
147463_20191113-probe0,294,147463,Excitatory,12420,1.8914704894662657
147463_20191113-probe0,295,147463,Excitatory,13386,2.0385848608691974
147463_20191113-probe0,296,147463,Excitatory,8863,1.349766743006402
147463_20191113-probe0,297,147463,Excitatory,7620,1.1604674017498344
147463_20191113-probe0,298,147463,Excitatory,1896,0.2887462196479903
147463_20191113-probe0,299,147463,Excitatory,816,0.1242705249117933
147463_20191113-probe0,301,147463,Excitatory,51654,7.866506977688445
147463_20191113-probe0,302,147463,Excitatory,16480,2.5097772678264136
147463_20191113-probe0,303,147463,Excitatory,716,0.10904129391770098
147463_20191113-probe0,304,147463,Excitatory,6364,0.9691882604640351
147463_20191113-probe0,305,147463,Excitatory,9166,1.3959113129185017
147463_20191113-probe0,306,147463,Excitatory,780,0.11878800175392007
147463_20191113-probe0,307,147463,Excitatory,32294,4.9181278572321725
147463_20191113-probe0,308,147463,Excitatory,31005,4.721823069718322
147463_20191113-probe0,309,147463,Excitatory,8305,1.264787634059367
147463_20191113-probe0,310,147463,Excitatory,1672,0.2546327422212235
147463_20191113-probe0,311,147463,Excitatory,2511,0.38240599026165806
147463_20191113-probe0,312,147463,Excitatory,2477,0.3772280517236667
147463_20191113-probe0,313,147463,Excitatory,8656,1.318242234848631
147463_20191113-probe0,314,147463,Excitatory,10512,1.6008967620989842
147463_20191113-probe0,315,147463,Inhibitory,4914,0.7483644110496964
147463_20191113-probe0,316,147463,Excitatory,36518,5.5614105744226325
147463_20191113-probe0,317,147463,Excitatory,2087,0.31783405084670663
147463_20191113-probe0,318,147463,Excitatory,1297,0.19752312599337735
147463_20191113-probe0,319,147463,Excitatory,16724,2.546936591451999
147463_20191113-probe0,320,147463,Excitatory,21561,3.283574494636244
147463_20191113-probe0,321,147463,Excitatory,11104,1.6910538095840109
147463_20191113-probe0,322,147463,Excitatory,5933,0.9035502748794971
147463_20191113-probe0,323,147463,Excitatory,1318,0.20072126450213673
147463_20191113-probe0,324,147463,Excitatory,3218,0.49007665338989076
147463_20191113-probe0,325,147463,Excitatory,1628,0.2479318805838229
147463_20191113-probe0,326,147463,Excitatory,2740,0.4172809292381295
147463_20191113-probe0,327,147463,Excitatory,5526,0.8415673047335414
147465_20191113-probe0,0,147465,Inhibitory,277742,51.29494423021635
147465_20191113-probe0,1,147465,Inhibitory,169796,31.358873884806098
147465_20191113-probe0,2,147465,Inhibitory,426702,78.8057092298672
147465_20191113-probe0,3,147465,Inhibitory,132049,24.387547042420085
147465_20191113-probe0,4,147465,Inhibitory,74834,13.820761197528679
147465_20191113-probe0,5,147465,Inhibitory,141070,26.053595720332613
147465_20191113-probe0,6,147465,Inhibitory,146803,27.112398189069175
147465_20191113-probe0,7,147465,Inhibitory,204971,37.85518939811651
147465_20191113-probe0,8,147465,Excitatory,103360,19.089102244655695
147465_20191113-probe0,9,147465,Excitatory,70278,12.979333664376092
147465_20191113-probe0,11,147465,Inhibitory,11888,2.1955422550741766
147465_20191113-probe0,12,147465,Excitatory,38009,7.019714466109891
147465_20191113-probe0,13,147465,Excitatory,42303,7.812754375538601
147465_20191113-probe0,14,147465,Excitatory,27503,5.079407691899822
147465_20191113-probe0,15,147465,Excitatory,57234,10.57029487103932
147465_20191113-probe0,16,147465,Excitatory,8054,1.4874577155423467
147465_20191113-probe0,17,147465,Excitatory,14428,2.664643645374346
147465_20191113-probe0,18,147465,Excitatory,13404,2.4755256045604193
147465_20191113-probe0,19,147465,Excitatory,2621,0.4840609228254893
147465_20191113-probe0,20,147465,Excitatory,7219,1.3332452506208345
147465_20191113-probe0,22,147465,Excitatory,6809,1.257524160060571
147465_20191113-probe0,23,147465,Excitatory,1021,0.18856398405372934
147465_20191113-probe0,24,147465,Excitatory,3472,0.6412283571347192
147465_20191113-probe0,25,147465,Excitatory,1057,0.19521266517609392
147465_20191113-probe0,26,147465,Excitatory,996,0.18394684438542058
147465_20191113-probe0,27,147465,Excitatory,16523,3.051559949578619
147465_20191113-probe0,28,147465,Excitatory,25608,4.729428505042018
147465_20191113-probe0,29,147465,Excitatory,11509,2.125546417702616
147465_20191113-probe0,30,147465,Excitatory,6512,1.202672540801063
147465_20191113-probe0,31,147465,Inhibitory,42141,7.782835310487961
147465_20191113-probe0,32,147465,Excitatory,11356,2.0972895229325665
147465_20191113-probe0,33,147465,Excitatory,583,0.10767169706496005
147465_20191113-probe0,34,147465,Excitatory,780,0.144054757651233
147465_20191113-probe0,35,147465,Excitatory,10736,1.9827844591585095
147465_20191113-probe0,36,147465,Excitatory,3241,0.5985659865995463
147465_20191113-probe0,37,147465,Excitatory,295,0.054482248086043246
147465_20191113-probe0,38,147465,Excitatory,1075,0.19853700573727623
147465_20191113-probe0,39,147465,Inhibitory,18666,3.447341161946045
147465_20191113-probe0,40,147465,Excitatory,1089,0.20112260395152914
147465_20191113-probe0,41,147465,Excitatory,25745,4.754730430424351
147465_20191113-probe0,42,147465,Inhibitory,26391,4.874037319453448
147465_20191113-probe0,43,147465,Inhibitory,39705,7.332941221207956
147465_20191113-probe0,44,147465,Excitatory,6121,1.1304604763887143
147465_20191113-probe0,45,147465,Inhibitory,8233,1.5205164355674374
147465_20191113-probe0,46,147465,Inhibitory,18633,3.4412465375838774
147465_20191113-probe0,47,147465,Excitatory,5226,0.965166876263261
147465_20191113-probe0,48,147465,Inhibitory,60358,11.14725264399118
147465_20191113-probe0,49,147465,Excitatory,2675,0.4940339445090362
147465_20191113-probe0,50,147465,Inhibitory,55299,10.212928260712221
147465_20191113-probe0,51,147465,Excitatory,18806,3.473197144088574
147465_20191113-probe0,52,147465,Inhibitory,20649,3.813572680436295
147465_20191113-probe0,53,147465,Inhibitory,12148,2.2435605076245877
147465_20191113-probe0,54,147465,Inhibitory,19113,3.5298956192154054
147465_20191113-probe0,55,147465,Inhibitory,10389,1.918698560562384
147465_20191113-probe0,56,147465,Excitatory,41832,7.725767464187665
147465_20191113-probe0,57,147465,Excitatory,1255,0.23178041134909924
147465_20191113-probe0,58,147465,Excitatory,20180,3.7269551402588226
147465_20191113-probe0,59,147465,Excitatory,1980,0.365677461730053
147465_20191113-probe0,60,147465,Excitatory,5812,1.0733926300884182
147465_20191113-probe0,61,147465,Inhibitory,57449,10.610002272186774
147465_20191113-probe0,62,147465,Excitatory,3788,0.6995890025421417
147465_20191113-probe0,64,147465,Excitatory,70390,13.000018450090115
147465_20191113-probe0,65,147465,Inhibitory,18801,3.472273716154912
147465_20191113-probe0,66,147465,Excitatory,19652,3.629441150464142
147465_20191113-probe0,67,147465,Excitatory,3689,0.6813051294556391
147465_20191113-probe0,68,147465,Excitatory,4333,0.8002426473112725
147465_20191113-probe0,69,147465,Excitatory,3337,0.616295802925852
147465_20191113-probe0,70,147465,Excitatory,2322,0.42883993239251667
147465_20191113-probe0,71,147465,Excitatory,3349,0.6185120299666401
147465_20191113-probe0,72,147465,Excitatory,2762,0.5101015905547507
147465_20191113-probe0,73,147465,Excitatory,1067,0.19705952104341742
147465_20191113-probe0,74,147465,Excitatory,5109,0.9435586626155761
147465_20191113-probe0,75,147465,Excitatory,10312,1.904477770383993
147465_20191113-probe0,76,147465,Excitatory,7569,1.3978852059771572
147465_20191113-probe0,77,147465,Inhibitory,28960,5.348494591768856
147465_20191113-probe0,78,147465,Excitatory,4298,0.7937786517756402
147465_20191113-probe0,79,147465,Excitatory,34605,6.391044728872972
147465_20191113-probe0,80,147465,Excitatory,13553,2.5030437569835393
147465_20191113-probe0,81,147465,Excitatory,2589,0.47815098405005413
147465_20191113-probe0,82,147465,Excitatory,37673,6.957660108967821
147465_20191113-probe0,83,147465,Excitatory,56669,10.465947514535541
147465_20191113-probe0,84,147465,Excitatory,23422,4.3257058124451016
147465_20191113-probe0,85,147465,Excitatory,50263,9.282851645928107
147465_20191113-probe0,86,147465,Inhibitory,87003,16.068200102474645
147465_20191113-probe0,87,147465,Inhibitory,11706,2.161929478288889
147465_20191113-probe0,89,147465,Excitatory,6647,1.2276050950099304
147465_20191113-probe0,90,147465,Excitatory,26421,4.879577887055419
147465_20191113-probe0,91,147465,Excitatory,75393,13.924000440512062
147465_20191113-probe0,92,147465,Excitatory,5670,1.0471672767724245
147465_20191113-probe0,93,147465,Excitatory,4948,0.9138242831516677
147465_20191113-probe0,94,147465,Inhibitory,12942,2.3902008634900733
147465_20191113-probe0,95,147465,Inhibitory,37726,6.967448445064636
147465_20191113-probe0,96,147465,Excitatory,8894,1.6425936083975208
147465_20191113-probe0,97,147465,Excitatory,9136,1.6872875203867495
147465_20191113-probe0,98,147465,Excitatory,4343,0.802089503178596
147465_20191113-probe0,99,147465,Excitatory,9959,1.8392837582674735
147465_20191113-probe0,100,147465,Excitatory,30879,5.702906232708235
147465_20191113-probe0,102,147465,Excitatory,1776,0.3280016020366536
147465_20191113-probe0,103,147465,Excitatory,466,0.0860634834172751
147465_20191113-probe0,104,147465,Excitatory,43875,8.103080117881856
147465_20191113-probe0,105,147465,Excitatory,59169,10.927661481366416
147465_20191113-probe0,106,147465,Excitatory,14344,2.6491300560888282
147465_20191113-probe0,107,147465,Excitatory,9591,1.7713194623499686
147465_20191113-probe0,108,147465,Excitatory,82336,15.206272469194769
147465_20191113-probe0,109,147465,Excitatory,2685,0.49588080037635973
147465_20191113-probe0,110,147465,Excitatory,14061,2.596864035043573
147465_20191113-probe0,111,147465,Excitatory,16020,2.958663099452247
147465_20191113-probe0,112,147465,Excitatory,3881,0.7167647621082504
147465_20191113-probe0,113,147465,Excitatory,513,0.09474370599369554
147465_20191113-probe0,114,147465,Inhibitory,23626,4.363381672138501
147465_20191113-probe0,115,147465,Inhibitory,14223,2.626783100094214
147465_20191113-probe0,116,147465,Inhibitory,26288,4.855014704020016
147465_20191113-probe0,117,147465,Excitatory,313,0.05780658864722554
147465_20191113-probe0,118,147465,Inhibitory,16281,3.0068660375893903
147465_20191113-probe0,119,147465,Excitatory,6983,1.289659452152
147465_20191113-probe0,120,147465,Excitatory,8290,1.5310435140111813
147465_20191113-probe0,121,147465,Excitatory,11068,2.0441000739536497
147465_20191113-probe0,122,147465,Excitatory,4974,0.9186261084067089
147465_20191113-probe0,123,147465,Excitatory,3003,0.554610816957247
147465_20191113-probe0,124,147465,Excitatory,5405,0.9982255962883517
147465_20191113-probe0,125,147465,Inhibitory,62738,11.586804340414174
147465_20191113-probe0,127,147465,Inhibitory,143674,26.53451698818365
147465_20191113-probe0,128,147465,Excitatory,7337,1.355038149855252
147465_20191113-probe0,129,147465,Excitatory,18963,3.5021927812055527
147465_20191113-probe0,130,147465,Excitatory,1417,0.26169947639973995
147465_20191113-probe0,131,147465,Inhibitory,14397,2.658918392185643
147465_20191113-probe0,132,147465,Excitatory,22434,4.1432364527535395
147465_20191113-probe0,133,147465,Excitatory,941,0.17378913711514135
147465_20191113-probe0,134,147465,Excitatory,10086,1.862738827782482
147465_20191113-probe0,135,147465,Excitatory,1857,0.3429611345619739
147465_20191113-probe0,136,147465,Excitatory,6466,1.194177003811375
147465_20191113-probe0,137,147465,Excitatory,1398,0.2581904502518253
147465_20191113-probe0,138,147465,Excitatory,1082,0.1998298048444027
147465_20191113-probe0,139,147465,Excitatory,973,0.17969907589057654
147465_20191113-probe0,140,147465,Excitatory,616,0.11376632142712759
147465_20191113-probe0,141,147465,Excitatory,1316,0.24304623213977258
147465_20191113-probe0,142,147465,Excitatory,1307,0.24138406185918143
147465_20191113-probe0,143,147465,Excitatory,1769,0.32670880292952714
147465_20191113-probe0,144,147465,Excitatory,128467,23.726003270744805
147465_20191113-probe0,145,147465,Excitatory,4458,0.8233283456528162
147465_20191113-probe0,146,147465,Excitatory,1077,0.19890637691074092
147465_20191113-probe0,147,147465,Excitatory,25266,4.666266034379555
147465_20191113-probe0,148,147465,Excitatory,2777,0.5128718743557359
147465_20191113-probe0,149,147465,Inhibitory,977,0.18043781823750593
147465_20191113-probe0,150,147465,Excitatory,2772,0.5119484464220742
147465_20191113-probe0,151,147465,Excitatory,3991,0.7370801766488088
147465_20191113-probe0,152,147465,Excitatory,11177,2.064230802907476
147465_20191113-probe0,153,147465,Excitatory,6599,1.2187401868467775
147465_20191113-probe0,154,147465,Excitatory,12409,2.291763445761731
147465_20191113-probe0,155,147465,Excitatory,1999,0.36918648787796765
147465_20191113-probe0,156,147465,Excitatory,1937,0.3577359815005619
147465_20191113-probe0,157,147465,Excitatory,1282,0.2367669221908727
147465_20191113-probe0,158,147465,Excitatory,1950,0.3601368941280825
147465_20191113-probe0,159,147465,Excitatory,23660,4.3696609820874
147465_20191113-probe0,160,147465,Excitatory,1488,0.27481215305773676
147465_20191113-probe0,161,147465,Excitatory,1383,0.25542016645084004
147465_20191113-probe0,162,147465,Excitatory,3729,0.6886925529249331
152414_20191023-probe0,0,152414,Excitatory,16811,4.328718708446225
152414_20191023-probe0,1,152414,Excitatory,37639,9.691787726322495
152414_20191023-probe0,2,152414,Excitatory,15509,3.993462521521177
152414_20191023-probe0,3,152414,Excitatory,8212,2.1145344140003806
152414_20191023-probe0,4,152414,Excitatory,43813,11.281550935289658
152414_20191023-probe0,5,152414,Excitatory,24778,6.380167280820925
152414_20191023-probe0,6,152414,Excitatory,34627,8.916218114173306
152414_20191023-probe0,7,152414,Excitatory,7134,1.8369567108473839
152414_20191023-probe0,8,152414,Excitatory,24996,6.4363008052062245
152414_20191023-probe0,9,152414,Excitatory,6247,1.6085602148393057
152414_20191023-probe0,10,152414,Excitatory,15235,3.922909376192864
152414_20191023-probe0,11,152414,Excitatory,6606,1.7010002848132628
152414_20191023-probe0,12,152414,Excitatory,24132,6.213826653514027
152414_20191023-probe0,13,152414,Excitatory,23367,6.0168443317032265
152414_20191023-probe0,15,152414,Excitatory,10519,2.708571298206284
152414_20191023-probe0,16,152414,Excitatory,24500,6.308584162568111
152414_20191023-probe0,17,152414,Excitatory,10443,2.689001812640767
152414_20191023-probe0,18,152414,Excitatory,8190,2.1088695629156256
152414_20191023-probe0,19,152414,Excitatory,16013,4.123239110008292
152414_20191023-probe0,20,152414,Excitatory,14595,3.7581137082727176
152414_20191023-probe0,21,152414,Excitatory,4924,1.2678966700606278
152414_20191023-probe0,22,152414,Excitatory,35125,9.044449743273669
152414_20191023-probe0,23,152414,Excitatory,9725,2.504121672692852
152414_20191023-probe0,24,152414,Excitatory,3664,0.9434551988428391
152414_20191023-probe0,25,152414,Excitatory,1328,0.34195101093430413
152414_20191023-probe0,26,152414,Excitatory,4589,1.1816364376336759
152414_20191023-probe0,27,152414,Excitatory,10254,2.6403355919580984
152414_20191023-probe0,28,152414,Excitatory,4500,1.1587195400635306
152414_20191023-probe0,29,152414,Excitatory,10523,2.709601271130785
152414_20191023-probe0,30,152414,Excitatory,8278,2.131528967254646
152414_20191023-probe0,31,152414,Excitatory,1316,0.3388610921608014
152414_20191023-probe0,32,152414,Excitatory,2258,0.5814197158807671
152414_20191023-probe0,33,152414,Inhibitory,63769,16.42008585562473
152414_20191023-probe0,34,152414,Excitatory,10305,2.653467746745485
152414_20191023-probe0,35,152414,Excitatory,10016,2.579052202950294
152414_20191023-probe0,36,152414,Excitatory,11700,3.0126708041651797
152414_20191023-probe0,37,152414,Excitatory,14474,3.7269570273065646
152414_20191023-probe0,38,152414,Excitatory,19680,5.0674667885445075
152414_20191023-probe0,39,152414,Excitatory,16336,4.206409423661741
152414_20191023-probe0,40,152414,Excitatory,5821,1.498868098379958
152414_20191023-probe0,41,152414,Excitatory,32010,8.24235832831858
152414_20191023-probe0,42,152414,Inhibitory,29864,7.6897778543238395
152414_20191023-probe0,43,152414,Excitatory,10706,2.7567225324267017
152414_20191023-probe0,44,152414,Excitatory,8725,2.246628441567623
152414_20191023-probe0,45,152414,Inhibitory,15341,3.9502036586921383
152414_20191023-probe0,46,152414,Excitatory,7413,1.9087973223313228
152414_20191023-probe0,47,152414,Excitatory,19617,5.051244714983618
152414_20191023-probe0,48,152414,Excitatory,1264,0.32547144414228946
152414_20191023-probe0,49,152414,Inhibitory,29560,7.6114999120617695
152414_20191023-probe0,50,152414,Inhibitory,22866,5.887840222909487
152414_20191023-probe0,51,152414,Excitatory,1972,0.5077766517789516
152414_20191023-probe0,52,152414,Excitatory,26248,6.758682330575011
152414_20191023-probe0,53,152414,Excitatory,19586,5.043262424818735
152414_20191023-probe0,55,152414,Excitatory,23055,5.9365064435921555
152414_20191023-probe0,56,152414,Excitatory,31933,8.222531349521939
152414_20191023-probe0,57,152414,Excitatory,2830,0.7287058440843981
152414_20191023-probe0,58,152414,Excitatory,17533,4.514628821318641
152414_20191023-probe0,59,152414,Excitatory,14799,3.8106423274222645
152414_20191023-probe0,60,152414,Excitatory,24519,6.3134765339594905
152414_20191023-probe0,61,152414,Excitatory,12340,3.1774664720853263
152414_20191023-probe0,62,152414,Excitatory,45672,11.76023085195146
152414_20191023-probe0,63,152414,Excitatory,31063,7.998512238442989
152414_20191023-probe0,64,152414,Excitatory,52752,13.58328292831808
152414_20191023-probe0,65,152414,Inhibitory,14321,3.687560562944405
152414_20191023-probe0,66,152414,Excitatory,13659,3.5171000439395033
152414_20191023-probe0,67,152414,Excitatory,21122,5.4387720278270875
152414_20191023-probe0,68,152414,Excitatory,26852,6.91420824217465
152414_20191023-probe0,69,152414,Excitatory,8862,2.2819050142317794
152414_20191023-probe0,70,152414,Excitatory,24152,6.2189765181365315
152414_20191023-probe0,71,152414,Excitatory,56570,14.566392084754206
152414_20191023-probe0,72,152414,Excitatory,26668,6.866829487647608
152414_20191023-probe0,73,152414,Excitatory,48897,12.590646522330324
152414_20191023-probe0,74,152414,Excitatory,28049,7.222427639831549
152414_20191023-probe0,75,152414,Excitatory,40674,10.473279682787565
152414_20191023-probe0,76,152414,Excitatory,35294,9.087966099333833
152414_20191023-probe0,77,152414,Excitatory,88622,22.819565128780045
152414_20191023-probe0,78,152414,Excitatory,26836,6.910088350476646
152414_20191023-probe0,79,152414,Inhibitory,86832,22.358652245065887
152414_20191023-probe0,80,152414,Excitatory,25592,6.589766770956861
152414_20191023-probe0,81,152414,Excitatory,38399,9.88748258197767
152414_20191023-probe0,82,152414,Excitatory,159336,41.02794147456949
152414_20191023-probe0,83,152414,Excitatory,36489,9.395670510528483
152414_20191023-probe0,84,152414,Excitatory,15549,4.003762250766186
152414_20191023-probe0,85,152414,Excitatory,42284,10.887843784899184
152414_20191023-probe0,86,152414,Excitatory,7569,1.9489662663868585
152414_20191023-probe0,87,152414,Excitatory,3081,0.7933366450968307
152414_20191023-probe0,88,152414,Excitatory,5738,1.4774961601965642
152414_20191023-probe0,89,152414,Excitatory,19719,5.077509024558391
152414_20191023-probe0,90,152414,Excitatory,84847,21.847528181282307
152414_20191023-probe0,91,152414,Excitatory,17939,4.619171073155483
152414_20191023-probe0,92,152414,Excitatory,18530,4.771349572750494
152414_20191023-probe0,93,152414,Excitatory,26298,6.771556992131273
152414_20191023-probe0,94,152414,Excitatory,34756,8.94943474098846
152414_20191023-probe0,95,152414,Excitatory,14575,3.752963843650213
152414_20191023-probe0,96,152414,Excitatory,21160,5.448556770609846
152414_20191023-probe0,97,152414,Excitatory,20057,5.164541736678719
152414_20191023-probe0,98,152414,Excitatory,32984,8.493156735434553
152414_20191023-probe0,99,152414,Excitatory,53932,13.887124941045851
152414_20191023-probe0,100,152414,Excitatory,67570,17.398817627131724
152414_20191023-probe0,101,152414,Excitatory,57496,14.804830816776168
152414_20191023-probe0,102,152414,Excitatory,35745,9.204095546571311
152414_20191023-probe0,103,152414,Excitatory,13177,3.3929883065371427
152414_20191023-probe0,104,152414,Excitatory,14528,3.7408616617873274
152414_20191023-probe0,105,152414,Excitatory,22607,5.821149476048053
152414_20191023-probe0,106,152414,Excitatory,30621,7.884700230285638
152414_20191023-probe0,107,152414,Excitatory,13093,3.3713588751226236
152414_20191023-probe0,108,152414,Inhibitory,1445,0.37207771897595593
152414_20191023-probe0,109,152414,Excitatory,18448,4.750235127798225
152414_20191023-probe0,110,152414,Excitatory,15135,3.8971600530803414
152414_20191023-probe0,111,152414,Excitatory,31970,8.232058599073572
152414_20191023-probe0,112,152414,Excitatory,17992,4.632818214405121
152414_20191023-probe0,113,152414,Excitatory,16248,4.183750019322721
152414_20191023-probe0,114,152414,Excitatory,28539,7.348599323082911
152414_20191023-probe0,115,152414,Excitatory,3625,0.9334129628289553
152414_20191023-probe0,116,152414,Excitatory,11547,2.9732743398030195
152414_20191023-probe0,117,152414,Excitatory,7090,1.8256270086778739
152414_20191023-probe0,118,152414,Excitatory,25434,6.549082840439075
152414_20191023-probe0,119,152414,Excitatory,5396,1.3894334751517359
152414_20191023-probe0,120,152414,Excitatory,6503,1.6744784820073644
152414_20191023-probe0,121,152414,Excitatory,32622,8.399944185767222
152414_20191023-probe0,122,152414,Excitatory,1566,0.40323439994210863
152414_20191023-probe0,123,152414,Excitatory,25382,6.535693192420563
152414_20191023-probe0,124,152414,Excitatory,12021,3.0953261313563782
152414_20191023-probe0,125,152414,Excitatory,19542,5.031932722649225
152414_20191023-probe0,126,152414,Excitatory,39212,10.09682457888248
152414_20191023-probe0,127,152414,Excitatory,3725,0.9591622859414781
152414_20191023-probe0,128,152414,Inhibitory,2477,0.6378107334971923
152414_20191023-probe0,129,152414,Excitatory,25733,6.626073316545519
152414_20191023-probe0,130,152414,Excitatory,5352,1.3781037729822256
152414_20191023-probe0,131,152414,Excitatory,7555,1.9453613611511054
152414_20191023-probe0,132,152414,Excitatory,36144,9.306835345790278
152414_20191023-probe0,133,152414,Excitatory,9326,2.401381873473886
152414_20191023-probe0,134,152414,Excitatory,13588,3.498818024529612
152414_20191023-probe0,135,152414,Inhibitory,43411,11.178038656377318
152414_20191023-probe0,136,152414,Excitatory,27328,7.036775020190259
152414_20191023-probe0,137,152414,Inhibitory,24515,6.31244656103499
152414_20191023-probe0,138,152414,Excitatory,8809,2.2682578729821423
152414_20191023-probe0,139,152414,Excitatory,29282,7.539916793808956
152414_20191023-probe0,140,152414,Excitatory,11266,2.90091874185683
152414_20191023-probe0,141,152414,Excitatory,26367,6.789324025078914
152414_20191023-probe0,142,152414,Excitatory,14396,3.706872555278797
152414_20191023-probe0,143,152414,Excitatory,1464,0.3769700903673353
152414_20191023-probe0,144,152414,Excitatory,22479,5.7881903424640235
152414_20191023-probe0,145,152414,Excitatory,7008,1.804512563725605
152414_20191023-probe0,146,152414,Excitatory,5690,1.4651364851025532
152414_20191023-probe0,147,152414,Excitatory,24356,6.271505137286078
152414_20191023-probe0,148,152414,Excitatory,1110,0.28581748654900424
152414_20191023-probe0,149,152414,Excitatory,23633,6.085337531182537
152414_20191023-probe0,150,152414,Excitatory,39044,10.053565716053441
152414_20191023-probe0,151,152414,Inhibitory,11143,2.869247074428427
152414_20191023-probe0,152,152414,Excitatory,2295,0.5909469654324006
152414_20191023-probe0,153,152414,Excitatory,4190,1.0788966384147096
152414_20191023-probe0,154,152414,Inhibitory,13693,3.525854813797761
152414_20191023-probe0,155,152414,Excitatory,15597,4.0161219258601975
152414_20191023-probe0,156,152414,Excitatory,24229,6.238803496933174
152414_20191023-probe0,157,152414,Inhibitory,20687,5.326762472287613
152414_20191023-probe0,158,152414,Excitatory,6137,1.5802359594155304
152414_20191023-probe0,159,152414,Excitatory,2958,0.7616649776684274
152414_20191023-probe0,160,152414,Excitatory,7196,1.852921291177148
152414_20191023-probe0,161,152414,Inhibitory,14443,3.7189747371416826
152414_20191023-probe0,162,152414,Inhibitory,37603,9.682517970001987
152414_20191023-probe0,163,152414,Excitatory,11975,3.0834814427246173
152414_20191023-probe0,164,152414,Inhibitory,12116,3.119787988313275
152414_20191023-probe0,165,152414,Inhibitory,62280,16.036678434479263
152414_20191023-probe0,167,152414,Excitatory,39788,10.245140680010612
152414_20191023-probe0,168,152414,Excitatory,2213,0.5698325204801318
152414_20191023-probe0,169,152414,Excitatory,67277,17.323372110412034
152414_20191023-probe0,170,152414,Excitatory,66996,17.251016512465842
152414_20191023-probe0,171,152414,Excitatory,4785,1.232105110934221
152414_20191023-probe0,172,152414,Excitatory,20742,5.3409245999995
152414_20191023-probe0,173,152414,Excitatory,7328,1.8869103976856783
152414_20191023-probe0,174,152414,Excitatory,4931,1.2696991226785044
152414_20191023-probe0,175,152414,Excitatory,1762,0.4537030732426535
152414_20191023-probe0,176,152414,Excitatory,8700,2.2401911107894925
152414_20191023-probe0,177,152414,Excitatory,14132,3.6388943422617364
152414_20191023-probe0,178,152414,Excitatory,4841,1.2465247318772337
152414_20191023-probe0,179,152414,Inhibitory,13560,3.4916082140581057
152414_20191023-probe0,180,152414,Excitatory,3194,0.8224333802139815
152414_20191023-probe0,181,152414,Excitatory,21327,5.49155814020776
152414_20191023-probe0,182,152414,Excitatory,2621,0.6748897587792253
152414_20191023-probe0,183,152414,Excitatory,64142,16.51613083083444
152414_20191023-probe0,184,152414,Inhibitory,22610,5.821921955741428
152414_20191023-probe0,185,152414,Inhibitory,17204,4.42991354827844
152414_20191023-probe0,186,152414,Excitatory,24240,6.2416359224755515
152414_20191023-probe0,187,152414,Excitatory,5463,1.4066855216371261
152414_20191023-probe0,188,152414,Excitatory,9552,2.4595753437081878
152414_20191023-probe0,189,152414,Excitatory,9968,2.566692527856283
152414_20191023-probe0,190,152414,Inhibitory,34758,8.94994972745071
152414_20191023-probe0,191,152414,Excitatory,34970,9.00453829244926
152414_20191023-probe0,192,152414,Excitatory,8095,2.084407705958729
152414_20191023-probe0,193,152414,Excitatory,23300,5.999592285217836
152414_20191023-probe0,194,152414,Excitatory,38223,9.842163773299628
152414_20191023-probe0,195,152414,Excitatory,15332,3.9478862196120112
152414_20191023-probe0,196,152414,Excitatory,17200,4.4288835753539395
152414_20191023-probe0,197,152414,Excitatory,34772,8.953554632686464
152414_20191023-probe0,198,152414,Excitatory,10587,2.7260808379227996
152414_20191023-probe0,199,152414,Excitatory,24388,6.279744920682085
152414_20191023-probe0,200,152414,Excitatory,59570,15.338871778129892
152414_20191023-probe0,201,152414,Excitatory,5786,1.489855835290575
152414_20191023-probe0,202,152414,Excitatory,17897,4.608356357448224
152414_20191023-probe0,203,152414,Excitatory,95328,24.54631473670583
152414_20191023-probe0,204,152414,Excitatory,39748,10.234840950765603
152414_20191023-probe0,205,152414,Excitatory,42646,10.981056334566517
152414_20191023-probe0,206,152414,Inhibitory,14190,3.653828949667
152414_20191023-probe0,207,152414,Excitatory,28970,7.459578905697885
152414_20191023-probe0,208,152414,Excitatory,50676,13.048726980502106
152414_20191023-probe0,209,152414,Excitatory,2011,0.5178188877928356
152414_20191023-probe0,210,152414,Excitatory,2205,0.56777257463113
152414_20191023-probe0,211,152414,Excitatory,11333,2.9181707883422203
152414_20191023-probe0,212,152414,Inhibitory,12820,3.301063223025436
152414_20191023-probe0,213,152414,Excitatory,4749,1.2228353546137127
152414_20191023-probe0,214,152414,Excitatory,9955,2.563345115851655
152414_20191023-probe0,215,152414,Excitatory,82973,21.364985866153628
152414_20191023-probe0,216,152414,Inhibitory,48692,12.537860409949651
152414_20191023-probe0,217,152414,Excitatory,48152,12.398814065142028
152414_20191023-probe0,218,152414,Excitatory,16702,4.300651946253575
152414_20191023-probe0,219,152414,Excitatory,34289,8.829185402052978
152414_20191023-probe0,220,152414,Excitatory,5180,1.3338149372286863
152414_20191023-probe0,221,152414,Excitatory,2640,0.6797821301706046
152414_20191023-probe0,222,152414,Excitatory,2613,0.6728298129302235
152414_20191023-probe0,223,152414,Excitatory,1440,0.3707902528203298
152414_20191023-probe0,224,152414,Excitatory,3967,1.0214756478737834
152414_20191023-probe0,225,152414,Excitatory,8407,2.1647455940698004
152414_20191023-probe0,226,152414,Excitatory,3435,0.8844892489151617
152414_20191023-probe0,228,152414,Excitatory,12451,3.2060482207402266
152414_20191023-probe0,229,152414,Excitatory,25334,6.523333517326552
152414_20191023-probe0,230,152414,Excitatory,3474,0.8945314849290457
152414_20191023-probe0,231,152414,Excitatory,4316,1.1113407855364885
152414_20191023-probe0,232,152414,Excitatory,9963,2.5654050617006567
152414_20191023-probe0,233,152414,Excitatory,23576,6.0706604170083995
152414_20191023-probe0,234,152414,Excitatory,70496,18.152242821404144
152414_20191023-probe0,235,152414,Inhibitory,19725,5.079053983945142
152414_20191023-probe0,236,152414,Excitatory,95889,24.690768439367087
152414_20191023-probe0,237,152414,Excitatory,5325,1.3711514557418445
152414_20191023-probe0,238,152414,Inhibitory,20546,5.2904559266989555
152414_20191023-probe0,239,152414,Excitatory,13990,3.602330303441954
152414_20191023-probe0,240,152414,Excitatory,23708,6.10464952351693
152414_20191023-probe0,241,152414,Excitatory,3516,0.9053462006363052
152414_20191023-probe0,242,152414,Excitatory,62549,16.10594411365195
152414_20191023-probe0,243,152414,Excitatory,14936,3.8459189000864207
152414_20191023-probe0,244,152414,Excitatory,24179,6.225928835376912
152414_20191023-probe0,245,152414,Excitatory,16799,4.325628789672722
152414_20191023-probe0,246,152414,Inhibitory,47235,12.162692772200193
152414_20191023-probe0,247,152414,Excitatory,1903,0.49000961883131083
152414_20191023-probe0,248,152414,Excitatory,54311,13.984714875642313
152414_20191023-probe0,249,152414,Excitatory,4941,1.2722740549897567
152414_20191023-probe0,250,152414,Excitatory,4727,1.2171705035289575
152414_20191023-probe0,252,152414,Excitatory,13005,3.3486994707836035
152414_20191023-probe0,253,152414,Excitatory,43778,11.272538672200277
152414_20191023-probe0,254,152414,Excitatory,5165,1.3299525387618079
152414_20191023-probe0,255,152414,Inhibitory,35868,9.235767213999715
152414_20191023-probe0,256,152414,Excitatory,57800,14.883108759038237
152414_20191023-probe0,257,152414,Excitatory,4188,1.0783816519524592
152414_20191023-probe0,258,152414,Excitatory,40728,10.487184317268328
152414_20191023-probe0,259,152414,Excitatory,52406,13.494190270348753
152414_20191023-probe0,261,152414,Excitatory,10803,2.7816993758458493
152414_20191023-probe0,262,152414,Excitatory,20033,5.158361899131713
152414_20191023-probe0,263,152414,Excitatory,32207,8.293084494850252
152414_20191023-probe0,264,152414,Excitatory,22303,5.742871533785983
152414_20191023-probe0,265,152414,Excitatory,12474,3.211970565056107
152414_20191023-probe0,266,152414,Excitatory,34250,8.819143166039094
152414_20191023-probe0,267,152414,Inhibitory,34022,8.760434709342542
152414_20191023-probe0,268,152414,Excitatory,42144,10.851794732541652
152414_20191023-probe0,269,152414,Excitatory,52834,13.60439737327035
152414_20191023-probe0,270,152414,Inhibitory,7642,1.9677632722590002
152414_20191023-probe0,271,152414,Inhibitory,27056,6.966736861324196
152414_20191023-probe0,272,152414,Excitatory,7236,1.863221020422157
152414_20191023-probe0,273,152414,Excitatory,2410,0.620558687011802
152414_20191023-probe0,274,152414,Excitatory,8658,2.229376395082233
152414_20191023-probe0,275,152414,Excitatory,9240,2.3792374555971163
152414_20191023-probe0,276,152414,Excitatory,4362,1.123185474168249
152414_20191023-probe0,277,152414,Inhibitory,30712,7.908132114318033
152414_20191023-probe0,278,152414,Excitatory,2831,0.7289633373155233
152414_20191023-probe0,279,152414,Inhibitory,4050,1.0428475860571775
152414_20191023-probe0,280,152414,Excitatory,1969,0.5070041720855759
152414_20191023-probe0,281,152414,Excitatory,15994,4.118346738616913
152414_20191023-probe0,282,152414,Excitatory,27694,7.131017542782092
152414_20191023-probe0,283,152414,Excitatory,19870,5.116390502458301
152414_20191023-probe0,284,152414,Inhibitory,33528,8.633233053166679
152414_20191023-probe0,285,152414,Excitatory,14228,3.6636136924497587
152414_20191023-probe0,286,152414,Excitatory,13334,3.433414743823804
152414_20191023-probe0,287,152414,Excitatory,9958,2.5641175955450306
152414_20191023-probe0,288,152414,Excitatory,1946,0.5010818277696957
152414_20191023-probe0,289,152414,Excitatory,86776,22.344232624122874
152414_20191023-probe0,290,152414,Inhibitory,13852,3.566796237546672
152414_20191023-probe0,291,152414,Excitatory,3316,0.8538475544112595
152414_20191023-probe0,292,152414,Excitatory,82982,21.367303305233754
152414_20191023-probe0,293,152414,Excitatory,2435,0.6269960177899326
152414_20191023-probe0,294,152414,Excitatory,2856,0.7354006680936541
152414_20191023-probe0,295,152414,Excitatory,34058,8.76970446566305
152414_20191023-probe0,296,152414,Excitatory,7699,1.9824403864331381
152414_20191023-probe0,297,152414,Excitatory,41856,10.777636681977587
152414_20191023-probe0,298,152414,Excitatory,3747,0.9648271370262331
152414_20191023-probe0,299,152414,Excitatory,20431,5.260844205119554
152414_20191023-probe0,300,152414,Excitatory,16678,4.29447210870657
152414_20191023-probe0,301,152414,Excitatory,4945,1.2733040279142576
152414_20191023-probe0,302,152414,Excitatory,14997,3.8616259871850596
152414_20191023-probe0,303,152414,Excitatory,18358,4.727060736996954
152414_20191023-probe0,304,152414,Excitatory,45201,11.638951540091478
152414_20191023-probe0,305,152414,Excitatory,5857,1.5081378547004665
152414_20191023-probe0,306,152414,Excitatory,54913,14.1397258007797
152414_20191023-probe0,307,152414,Inhibitory,37500,9.655996167196088
152414_20191023-probe0,308,152414,Inhibitory,54704,14.085909715474529
152414_20191023-probe0,309,152414,Excitatory,21024,5.413537691176815
152414_20191023-probe0,310,152414,Excitatory,25233,6.497326700982904
152414_20191023-probe0,311,152414,Excitatory,61923,15.944753350967556
152414_20191023-probe0,312,152414,Excitatory,4639,1.1945110991899375
152414_20191023-probe0,313,152414,Inhibitory,27372,7.048104722359769
152414_20191023-probe0,314,152414,Excitatory,16793,4.3240838302859705
152414_20191023-probe0,315,152414,Excitatory,13983,3.6005278508240774
152414_20191023-probe0,316,152414,Excitatory,4380,1.127820352328503
152414_20191023-probe0,317,152414,Excitatory,41967,10.806218430632486
152414_20191023-probe0,318,152414,Excitatory,24710,6.362657741104409
152414_20191023-probe0,319,152414,Excitatory,4504,1.1597495129880315
152414_20191023-probe0,320,152414,Excitatory,2098,0.5402207989007305
152414_20191023-probe0,321,152414,Excitatory,16977,4.371462584813013
152414_20191023-probe0,322,152414,Excitatory,21856,5.627772059473005
152414_20191023-probe0,323,152414,Excitatory,16131,4.153623311281069
152414_20191023-probe0,324,152414,Excitatory,5693,1.465908964795929
152414_20191023-probe0,325,152414,Excitatory,15477,3.9852227381251697
152414_20191023-probe0,326,152414,Excitatory,28962,7.457518959848883
152414_20191023-probe0,327,152414,Excitatory,7410,1.9080248426379471
152414_20191023-probe0,328,152414,Excitatory,9543,2.4572579046280607
152414_20191023-probe0,329,152414,Excitatory,28392,7.310747818107503
152414_20191023-probe0,330,152414,Excitatory,20814,5.3594641126405165
152414_20191023-probe0,331,152414,Excitatory,23710,6.10516450997918
152414_20191023-probe0,332,152414,Excitatory,16561,4.264345400664918
152414_20191023-probe0,333,152414,Excitatory,44385,11.42883706349329
152414_20191023-probe0,334,152414,Excitatory,61987,15.961232917759572
152414_20191023-probe0,335,152414,Inhibitory,37594,9.68020053092186
152414_20191023-probe0,337,152414,Excitatory,2080,0.5355859207404764
152414_20191023-probe0,338,152414,Excitatory,1322,0.34040605154755277
152414_20191023-probe0,339,152414,Excitatory,3100,0.79822901648821
152414_20191023-probe0,340,152414,Excitatory,1092,0.2811826083887501
152414_20191023-probe0,341,152414,Excitatory,1748,0.45009816800690033
152414_20191023-probe0,342,152414,Excitatory,4542,1.1695342557707902
152414_20191023-probe0,343,152414,Excitatory,2016,0.5191063539484617
152414_20191023-probe0,344,152414,Excitatory,2555,0.6578952055249602
152414_20191023-probe0,345,152414,Excitatory,2845,0.7325682425512766
152414_20191023-probe0,346,152414,Excitatory,17831,4.591361804193959
152414_20191023-probe0,347,152414,Excitatory,17194,4.427338615967188
152414_20191023-probe0,348,152414,Excitatory,3484,0.8971064172402979
152414_20191023-probe0,349,152414,Excitatory,3607,0.928778084668701
152414_20191023-probe0,350,152414,Excitatory,3190,0.8214034072894806
152414_20191023-probe0,351,152414,Excitatory,2815,0.7248434456175197
152414_20191023-probe0,352,152414,Excitatory,29490,7.5934753858830035
152414_20191023-probe0,353,152414,Excitatory,2391,0.6156663156204226
152414_20191023-probe0,354,152414,Excitatory,2005,0.5162739284060842
152414_20191023-probe0,355,152414,Excitatory,3209,0.8262957786808599
152414_20191023-probe0,356,152414,Excitatory,10632,2.737668033323435
152414_20191023-probe0,357,152414,Excitatory,10514,2.707283832050658
152414_20191023-probe0,358,152414,Excitatory,40327,10.38392953158711
152414_20191023-probe0,359,152414,Excitatory,43462,11.191170811164703
152414_20191023-probe0,361,152414,Excitatory,13440,3.460709026323078
152414_20191023-probe0,362,152414,Excitatory,7123,1.8341242853050064
152414_20191023-probe0,363,152414,Excitatory,2282,0.5875995534277726
152414_20191023-probe0,364,152414,Excitatory,8891,2.2893723179344114
152414_20191023-probe0,365,152414,Excitatory,4307,1.1090233464563615
152414_20191023-probe0,366,152414,Excitatory,4293,1.1054184412206083
152414_20191023-probe0,367,152414,Excitatory,5856,1.5078803614693412
152414_20191023-probe0,368,152414,Inhibitory,6361,1.6379144431875818
152414_20191023-probe0,369,152414,Excitatory,3931,1.0122058915532752
152414_20191023-probe0,371,152414,Excitatory,5356,1.3791337459067265
152414_20191023-probe0,372,152414,Excitatory,16755,4.314299087503212
152414_20191023-probe0,373,152414,Excitatory,2746,0.7070764126698789
152414_20191023-probe0,374,152414,Excitatory,2792,0.7189211013016394
152414_20191023-probe0,375,152414,Excitatory,2511,0.64656550335545
152414_20191023-probe0,376,152414,Excitatory,10757,2.769854687214089
152414_20191023-probe0,377,152414,Excitatory,2229,0.5739524121781355
152414_20191023-probe0,378,152414,Excitatory,30824,7.936971356204059
152414_20191023-probe0,379,152414,Excitatory,1159,0.29843465487414045
152414_20191023-probe0,380,152414,Excitatory,1481,0.3813474752964642
152414_20191023-probe0,381,152414,Excitatory,2312,0.5953243503615295
152414_20191023-probe0,382,152414,Excitatory,12437,3.2024433155044734
152414_20191023-probe0,383,152414,Excitatory,8763,2.256413184350382
152414_20191023-probe0,384,152414,Excitatory,2419,0.622876126091929
152414_20191023-probe0,385,152414,Excitatory,5121,1.3186228365922978
152414_20191023-probe0,386,152414,Excitatory,5085,1.3093530802717896
152414_20191023-probe0,387,152414,Excitatory,5028,1.2946759660976515
152414_20191023-probe0,388,152414,Excitatory,2896,0.7457003973386632
152414_20191023-probe0,389,152414,Excitatory,1319,0.3396335718541771
152414_20191023-probe0,390,152414,Excitatory,4475,1.1522822092854
152414_20191023-probe0,391,152414,Excitatory,6405,1.6492441453570919
152414_20191023-probe0,392,152414,Excitatory,42340,10.902263405842197
152414_20191023-probe0,393,152414,Excitatory,5189,1.3361323763088133
152414_20191023-probe0,394,152414,Excitatory,20109,5.177931384697231
152414_20191023-probe0,395,152414,Inhibitory,4638,1.1942536059588122
152414_20191023-probe0,396,152414,Excitatory,5586,1.4383571890655293
152414_20191023-probe0,397,152414,Excitatory,20657,5.319037675353856
152414_20191023-probe0,398,152414,Excitatory,10614,2.733033155163181
152414_20191023-probe0,399,152414,Excitatory,12429,3.2003833696554715
152414_20191023-probe0,400,152414,Inhibitory,237541,61.16519961471803
152414_20191023-probe0,401,152414,Excitatory,189437,48.77874522467001
152414_20191023-probe0,402,152414,Excitatory,17830,4.591104310962834
152414_20191023-probe0,403,152414,Excitatory,60720,15.634988993923907
152414_20191023-probe0,404,152414,Inhibitory,57690,14.854784503614463
152414_20191023-probe0,405,152414,Excitatory,55400,14.265125004337687
152414_20191023-probe0,406,152414,Excitatory,68864,17.732013868207773
152414_20191023-probe0,407,152414,Excitatory,44855,11.549858882122148
152414_20191023-probe0,408,152414,Excitatory,52014,13.393252923747662
152414_20191023-probe0,409,152414,Excitatory,45363,11.680665443533764
152414_20191023-probe0,410,152414,Excitatory,29129,7.500520329446796
152414_20191023-probe0,411,152414,Excitatory,32048,8.25214307110134
152414_20191023-probe0,412,152414,Excitatory,28667,7.381558456666941
152414_20191023-probe0,413,152414,Excitatory,39183,10.089357275179848
152414_20191023-probe0,414,152414,Excitatory,22262,5.732314311309849
152414_20191023-probe0,415,152414,Excitatory,23731,6.11057186783281
152414_20191023-probe0,416,152414,Excitatory,22145,5.702187603268197
152414_20191023-probe0,417,152414,Excitatory,16603,4.275160116372177
152414_20191023-probe0,418,152414,Excitatory,16046,4.131736386635425
152414_20191023-probe0,419,152414,Excitatory,16080,4.140491156493683
152414_20191023-probe0,420,152414,Excitatory,13332,3.4328997573615534
152414_20191023-probe0,421,152414,Inhibitory,12671,3.262696731587777
152414_20191023-probe0,422,152414,Excitatory,14036,3.6141749920737145
152414_20191023-probe0,423,152414,Excitatory,11983,3.085541388573619
152414_20191023-probe0,424,152414,Excitatory,16787,4.322538870899219
152414_20191023-probe0,425,152414,Excitatory,9709,2.5000017809948485
152414_20191023-probe0,426,152414,Excitatory,8593,2.212639335059093
152414_20191023-probe0,427,152414,Excitatory,9838,2.5332184078100033
152414_20191023-probe0,428,152414,Excitatory,11635,2.9959337441420395
152414_20191023-probe0,429,152414,Excitatory,6018,1.5495942649116283
152414_20191023-probe0,430,152414,Excitatory,13371,3.4429419933754373
152414_20191023-probe0,431,152414,Excitatory,4286,1.1036159886027317
152414_20191023-probe0,432,152414,Excitatory,4833,1.2444647860282319
152414_20191023-probe0,433,152414,Excitatory,4603,1.1852413428694293
152414_20191023-probe0,434,152414,Excitatory,4128,1.0629320580849455
152414_20191023-probe0,435,152414,Excitatory,5169,1.3309825116863088
152414_20191023-probe0,436,152414,Excitatory,6101,1.5709662030950222
152414_20191023-probe0,437,152414,Excitatory,30636,7.888562628752516
152414_20191023-probe0,438,152414,Excitatory,3885,1.0003612029215148
152414_20191023-probe0,439,152414,Excitatory,4914,1.2653217377493755
152414_20191023-probe0,440,152414,Excitatory,3059,0.7876717940120755
152414_20191023-probe0,441,152414,Excitatory,2099,0.5404782921318557
152414_20191023-probe0,442,152414,Excitatory,1294,0.33319624107604634
152414_20191023-probe0,443,152414,Excitatory,1191,0.3066744382701478
152414_20191023-probe0,444,152414,Excitatory,1947,0.5013393210008209
152414_20191023-probe0,445,152414,Excitatory,1740,0.4480382221578985
152414_20191023-probe0,446,152414,Excitatory,1092,0.2811826083887501
152417_20191023-probe0,0,152417,Excitatory,9275,1.9232185226824392
152417_20191023-probe0,1,152417,Excitatory,114832,23.811000474034486
152417_20191023-probe0,2,152417,Excitatory,36956,7.663014956792693
152417_20191023-probe0,3,152417,Excitatory,27927,5.790805787919405
152417_20191023-probe0,4,152417,Inhibitory,5322,1.1035438250906675
152417_20191023-probe0,5,152417,Excitatory,29034,6.020347880060586
152417_20191023-probe0,6,152417,Excitatory,6903,1.4313722331080192
152417_20191023-probe0,7,152417,Excitatory,3032,0.6287006534526314
152417_20191023-probe0,8,152417,Inhibitory,19297,4.0013313026634
152417_20191023-probe0,9,152417,Excitatory,4772,0.9894985218588248
152417_20191023-probe0,10,152417,Excitatory,113918,23.621477915572843
152417_20191023-probe0,11,152417,Inhibitory,10646,2.2075023603749053
152417_20191023-probe0,12,152417,Excitatory,30699,6.365594116207892
152417_20191023-probe0,13,152417,Excitatory,23077,4.785133568511337
152417_20191023-probe0,14,152417,Excitatory,48145,9.983111134721945
152417_20191023-probe0,15,152417,Excitatory,9249,1.9178272901660247
152417_20191023-probe0,16,152417,Excitatory,18945,3.92834230859502
152417_20191023-probe0,17,152417,Excitatory,7709,1.598500441116865
152417_20191023-probe0,18,152417,Excitatory,34391,7.1311491335387345
152417_20191023-probe0,19,152417,Inhibitory,1607,0.333219640533766
152417_20191023-probe0,20,152417,Excitatory,60800,12.607189884538254
152417_20191023-probe0,21,152417,Excitatory,13366,2.771508223630564
152417_20191023-probe0,22,152417,Excitatory,40001,8.29441122650353
152417_20191023-probe0,23,152417,Excitatory,3630,0.7526990013301622
152417_20191023-probe0,24,152417,Excitatory,4747,0.9843146444391956
152417_20191023-probe0,25,152417,Excitatory,1298,0.2691469156271489
152417_20191023-probe0,26,152417,Excitatory,1116,0.2314082880122482
152417_20191023-probe0,27,152417,Inhibitory,59335,12.303414667747981
152417_20191023-probe0,28,152417,Excitatory,27496,5.701435741204997
152417_20191023-probe0,29,152417,Excitatory,37464,7.768351345959558
152417_20191023-probe0,30,152417,Excitatory,26246,5.442241870223536
152417_20191023-probe0,31,152417,Excitatory,18930,3.9252319821432424
152417_20191023-probe0,32,152417,Excitatory,42511,8.814872519434305
152417_20191023-probe0,33,152417,Inhibitory,30053,6.231642723684673
152417_20191023-probe0,34,152417,Inhibitory,14282,2.9614454922857787
152417_20191023-probe0,35,152417,Inhibitory,27645,5.732331650625987
152417_20191023-probe0,36,152417,Inhibitory,34418,7.136747721151934
152417_20191023-probe0,37,152417,Excitatory,4669,0.9681409468899524
152417_20191023-probe0,38,152417,Excitatory,2892,0.5996709399027077
152417_20191023-probe0,39,152417,Excitatory,1389,0.28801622943459926
152417_20191023-probe0,40,152417,Excitatory,9982,2.0698185761095536
152417_20191023-probe0,41,152417,Excitatory,45279,9.388831427335651
152417_20191023-probe0,42,152417,Excitatory,2060,0.4271514993774474
152417_20191023-probe0,43,152417,Excitatory,9176,1.9026903681007075
152417_20191023-probe0,44,152417,Excitatory,40673,8.433753851543164
152417_20191023-probe0,45,152417,Excitatory,6681,1.3853394016217118
152417_20191023-probe0,46,152417,Excitatory,3613,0.7491739646848143
152417_20191023-probe0,47,152417,Excitatory,36175,7.501070626203476
152417_20191023-probe0,48,152417,Inhibitory,17385,3.604868357610157
152417_20191023-probe0,49,152417,Excitatory,6040,1.2524247845824186
152417_20191023-probe0,50,152417,Excitatory,672,0.13934262503963332
152417_20191023-probe0,51,152417,Excitatory,5697,1.1813019863851058
152417_20191023-probe0,52,152417,Excitatory,68401,14.18329597520232
152417_20191023-probe0,53,152417,Excitatory,5246,1.0877848377349948
152417_20191023-probe0,54,152417,Excitatory,2762,0.5727147773206358
152417_20191023-probe0,55,152417,Excitatory,3548,0.7356958833937783
152417_20191023-probe0,56,152417,Excitatory,34786,7.213054396768876
152417_20191023-probe0,57,152417,Excitatory,1645,0.34109913421160243
152417_20191023-probe0,58,152417,Excitatory,36063,7.477846855363537
152417_20191023-probe0,59,152417,Excitatory,6601,1.3687509938788982
152417_20191023-probe0,60,152417,Excitatory,1695,0.3514668890508609
152417_20191023-probe0,61,152417,Excitatory,72344,15.00089712182624
152417_20191023-probe0,62,152417,Excitatory,687,0.14245295149141085
152417_20191023-probe0,63,152417,Inhibitory,83077,17.226439375621457
152417_20191023-probe0,64,152417,Excitatory,4855,1.0067089948919938
152417_20191023-probe0,65,152417,Inhibitory,72926,15.121577788155209
152417_20191023-probe0,66,152417,Excitatory,9445,1.9584688891359179
152417_20191023-probe0,67,152417,Excitatory,36206,7.507498634203816
152417_20191023-probe0,68,152417,Excitatory,995,0.2063183213012428
152417_20191023-probe0,69,152417,Excitatory,21164,4.388463268361309
152417_20191023-probe0,70,152417,Excitatory,11735,2.4333120607739542
152417_20191023-probe0,71,152417,Excitatory,3935,0.8159423058496386
152417_20191023-probe0,72,152417,Excitatory,1326,0.2749528583371336
152417_20191023-probe0,73,152417,Excitatory,53167,11.024448430777062
152417_20191023-probe0,74,152417,Excitatory,7216,1.496274378401777
152417_20191023-probe0,75,152417,Excitatory,56967,11.812397798560703
152417_20191023-probe0,76,152417,Excitatory,12111,2.5112775771651776
152417_20191023-probe0,77,152417,Inhibitory,25070,5.198392276404178
152417_20191023-probe0,78,152417,Excitatory,40566,8.411566856187152
152417_20191023-probe0,79,152417,Excitatory,30446,6.313133276721245
152417_20191023-probe0,80,152417,Excitatory,3113,0.64549641629223
152417_20191023-probe0,81,152417,Excitatory,6770,1.4037940052355917
152417_20191023-probe0,82,152417,Excitatory,2324,0.4818932449287319
152417_20191023-probe0,83,152417,Excitatory,3736,0.77467864158939
152417_20191023-probe0,84,152417,Excitatory,2004,0.41553961395747796
152417_20191023-probe0,85,152417,Excitatory,1843,0.3821554433750658
152417_20191023-probe0,86,152417,Excitatory,2418,0.5013846240265378
152417_20191023-probe0,87,152417,Excitatory,4718,0.9783013466324256
152417_20191023-probe0,88,152417,Excitatory,38640,8.012200939778916
152417_20191023-probe0,89,152417,Inhibitory,8840,1.8330190555808907
152417_20191023-probe0,90,152417,Excitatory,32127,6.661697194417113
152417_20191023-probe0,91,152417,Excitatory,55309,11.468603048090893
152417_20191023-probe0,92,152417,Excitatory,29828,6.18498782690801
152417_20191023-probe0,93,152417,Excitatory,10521,2.1815829732767593
152417_20191023-probe0,94,152417,Excitatory,1750,0.3628714193740451
152417_20191023-probe0,95,152417,Excitatory,9021,1.8705503280990063
152417_20191023-probe0,96,152417,Excitatory,37736,7.824751932285124
152417_20191023-probe0,97,152417,Excitatory,4550,0.9434656903725174
152417_20191023-probe0,98,152417,Excitatory,4777,0.9905352973427506
152417_20191023-probe0,99,152417,Excitatory,30278,6.278297620461336
152417_20191023-probe0,100,152417,Excitatory,19859,4.117864867056664
152417_20191023-probe0,101,152417,Excitatory,44048,9.133577303193109
152417_20191023-probe0,102,152417,Excitatory,12370,2.5649825472325363
152417_20191023-probe0,103,152417,Excitatory,12835,2.6614026672376396
152417_20191023-probe0,104,152417,Excitatory,11227,2.3279756716070885
152417_20191023-probe0,105,152417,Excitatory,2068,0.42881034015172875
152417_20191023-probe0,106,152417,Inhibitory,27116,5.6226408044266325
152417_20191023-probe0,107,152417,Inhibitory,40114,8.317842352440255
152417_20191023-probe0,108,152417,Excitatory,2452,0.5084346973172336
152417_20191023-probe0,109,152417,Excitatory,12415,2.5743135265878685
152417_20191023-probe0,110,152417,Excitatory,20096,4.167008024994749
152417_20191023-probe0,111,152417,Excitatory,5839,1.2107464101285996
152417_20191023-probe0,112,152417,Excitatory,5518,1.1441854240605607
152417_20191023-probe0,113,152417,Excitatory,43494,9.018702579574125
152417_20191023-probe0,114,152417,Excitatory,4071,0.8441425990124215
152417_20191023-probe0,115,152417,Excitatory,15755,3.266879549850332
152417_20191023-probe0,116,152417,Excitatory,26652,5.526428039518315
152417_20191023-probe0,117,152417,Excitatory,10023,2.078320135077745
152417_20191023-probe0,118,152417,Excitatory,4839,1.0033913133434311
152417_20191023-probe0,119,152417,Excitatory,7040,1.4597798813675873
152417_20191023-probe0,120,152417,Excitatory,4825,1.0004883419884387
152417_20191023-probe0,121,152417,Inhibitory,35177,7.294130239611877
152417_20191023-probe0,122,152417,Excitatory,12358,2.562494286071114
152417_20191023-probe0,123,152417,Excitatory,7151,1.482796297110741
152417_20191023-probe0,124,152417,Excitatory,14566,3.0203343397727664
152417_20191023-probe0,125,152417,Excitatory,5678,1.1773622395461876
152417_20191023-probe0,126,152417,Excitatory,963,0.1996829582041174
152417_20191023-probe0,127,152417,Excitatory,4368,0.9057270627576166
152417_20191023-probe0,128,152417,Excitatory,42734,8.861112706017396
152417_20191023-probe0,129,152417,Excitatory,1314,0.2724645971757116
152417_20191023-probe0,130,152417,Excitatory,16556,3.432970982375252
152417_20191023-probe0,131,152417,Excitatory,15649,3.244899909591104
152417_20191023-probe0,132,152417,Excitatory,5591,1.159322346125878
152417_20191023-probe0,133,152417,Excitatory,27529,5.708278459398907
152417_20191023-probe0,134,152417,Excitatory,4163,0.863219267916657
152417_20191023-probe0,135,152417,Excitatory,10359,2.147991447597562
152417_20191023-probe0,136,152417,Excitatory,914,0.18952255846164415
152417_20191023-probe0,137,152417,Excitatory,17592,3.647790862644687
152417_20191023-probe0,138,152417,Excitatory,41462,8.597357022906662
152417_20191023-probe0,139,152417,Excitatory,42951,8.906108762019779
152417_20191023-probe0,140,152417,Excitatory,1682,0.34877127279265363
152417_20191023-probe0,141,152417,Excitatory,7217,1.496481733498562
152417_20191023-probe0,142,152417,Excitatory,24409,5.061330557429182
152417_20191023-probe0,143,152417,Excitatory,4136,0.8576206803034575
152417_20191023-probe0,144,152417,Excitatory,11312,2.345600854833828
152417_20191023-probe0,146,152417,Excitatory,19274,3.9965621354373404
152417_20191023-probe0,147,152417,Excitatory,18585,3.853694473752359
152417_20191023-probe0,148,152417,Excitatory,4652,0.9646159102446046
152417_20191023-probe0,149,152417,Excitatory,7696,1.5958048248586578
152417_20191023-probe0,150,152417,Excitatory,8118,1.683308675701999
152417_20191023-probe0,151,152417,Excitatory,5364,1.1122527391556447
152417_20191023-probe0,152,152417,Excitatory,43690,9.059344178544018
152417_20191023-probe0,153,152417,Excitatory,55322,11.4712986643491
152417_20191023-probe0,154,152417,Inhibitory,68159,14.13311604178031
152417_20191023-probe0,155,152417,Excitatory,996,0.20652567639802796
152417_20191023-probe0,156,152417,Excitatory,5283,1.095456976316046
152417_20191023-probe0,157,152417,Excitatory,43137,8.94467681002182
152417_20191023-probe0,158,152417,Excitatory,14425,2.9910972711260575
152417_20191023-probe0,159,152417,Excitatory,34238,7.099423803730604
152417_20191023-probe0,160,152417,Excitatory,14998,3.1099117415839594
152417_20191023-probe0,161,152417,Excitatory,1611,0.3340490609209067
152417_20191023-probe0,162,152417,Excitatory,4505,0.9341347110171847
152417_20191023-probe0,163,152417,Excitatory,9155,1.898335911068219
152417_20191023-probe0,164,152417,Excitatory,765,0.15862664904065402
152417_20191023-probe0,165,152417,Excitatory,17056,3.5366485307678364
152417_20191023-probe0,166,152417,Excitatory,41576,8.620995503940172
152417_20191023-probe0,167,152417,Excitatory,2208,0.45784005370165237
152417_20191023-probe0,168,152417,Excitatory,4259,0.8831253572080332
152417_20191023-probe0,169,152417,Excitatory,17128,3.5515780977363685
152417_20191023-probe0,170,152417,Excitatory,27356,5.672406027655073
152417_20191023-probe0,171,152417,Excitatory,4599,0.9536260901149906
152417_20191023-probe0,172,152417,Excitatory,12685,2.630299402719864
152417_20191023-probe0,173,152417,Excitatory,1600,0.3317681548562698
152417_20191023-probe0,175,152417,Excitatory,12272,2.5446617477475897
152417_20191023-probe0,176,152417,Excitatory,6776,1.4050381358163027
152417_20191023-probe0,178,152417,Excitatory,4521,0.9374523925657474
152417_20191023-probe0,179,152417,Inhibitory,56630,11.7425191309441
152417_20191023-probe0,180,152417,Excitatory,5352,1.1097644779942226
152417_20191023-probe0,181,152417,Excitatory,1827,0.3788377618265031
152417_20191023-probe0,182,152417,Excitatory,3436,0.7124721125538395
152417_20191023-probe0,183,152417,Excitatory,38384,7.9591180350019135
152417_20191023-probe0,184,152417,Excitatory,79817,16.550461760101804
152417_20191023-probe0,185,152417,Excitatory,70970,14.715991218843419
152417_20191023-probe0,186,152417,Excitatory,35637,7.389513584133055
152417_20191023-probe0,187,152417,Excitatory,13164,2.72962249407996
152417_20191023-probe0,188,152417,Excitatory,27531,5.708693169592478
152417_20191023-probe0,189,152417,Excitatory,13121,2.7207062249181977
152417_20191023-probe0,190,152417,Excitatory,10004,2.074380388238827
152417_20191023-probe0,192,152417,Excitatory,3676,0.7622373357822799
152417_20191023-probe0,193,152417,Excitatory,1094,0.2268464758829745
152417_20191023-probe0,194,152417,Excitatory,5070,1.051290340700805
152417_20191023-probe0,195,152417,Excitatory,3835,0.7952067961711218
152417_20191023-probe0,196,152417,Excitatory,6876,1.4257736454948196
152417_20191023-probe0,197,152417,Excitatory,5680,1.1777769497397579
152417_20191023-probe0,198,152417,Excitatory,23625,4.898764161549609
152417_20191023-probe0,199,152417,Excitatory,26189,5.430422629706782
152417_20191023-probe0,200,152417,Excitatory,10999,2.28069870954007
152417_20191023-probe0,201,152417,Excitatory,4330,0.8978475690797802
152417_20191023-probe0,202,152417,Excitatory,1897,0.3933526186014649
152417_20191023-probe0,203,152417,Excitatory,20973,4.348858444875342
152417_20191023-probe0,204,152417,Excitatory,41461,8.597149667809877
152417_20191023-probe0,205,152417,Excitatory,3264,0.6768070359067905
152417_20191023-probe0,206,152417,Excitatory,5959,1.2356290217428199
152417_20191023-probe0,207,152417,Excitatory,8881,1.8415206145490828
152417_20191023-probe0,208,152417,Excitatory,21982,4.558079737531577
152417_20191023-probe0,209,152417,Excitatory,2833,0.5874369891923827
152417_20191023-probe0,210,152417,Excitatory,19090,3.9584087976288695
152417_20191023-probe0,211,152417,Excitatory,35285,7.316524590064676
152417_20191023-probe0,212,152417,Excitatory,15038,3.118205945455366
152417_20191023-probe0,213,152417,Excitatory,3722,0.7717756702343976
152417_20191023-probe0,214,152417,Inhibitory,14025,2.9081552324119904
152417_20191023-probe0,215,152417,Inhibitory,46602,9.663162220382429
152417_20191023-probe0,216,152417,Excitatory,41001,8.501766323288699
152417_20191023-probe0,217,152417,Excitatory,4104,0.8509853172063321
152417_20191023-probe0,218,152417,Excitatory,7534,1.5622132991794606
152417_20191023-probe0,219,152417,Excitatory,14987,3.1076308355193225
152417_20191023-probe0,220,152417,Excitatory,3789,0.785668461719004
152417_20191023-probe0,221,152417,Excitatory,34280,7.108132717795581
152417_20191023-probe0,222,152417,Excitatory,2506,0.5196318725436326
152417_20191023-probe0,223,152417,Excitatory,19624,4.06913641931215
152417_20191023-probe0,224,152417,Inhibitory,25120,5.208760031243436
152417_20191023-probe0,225,152417,Excitatory,22225,4.6084670260503735
152417_20191023-probe0,226,152417,Excitatory,5782,1.198927169611845
152417_20191023-probe0,227,152417,Excitatory,64176,13.307220691284982
152417_20191023-probe0,228,152417,Excitatory,1613,0.334463771114477
152417_20191023-probe0,229,152417,Inhibitory,49313,10.22530188776702
152417_20191023-probe0,230,152417,Excitatory,24233,5.024836060394992
152417_20191023-probe0,231,152417,Excitatory,38433,7.969278434744386
152417_20191023-probe0,232,152417,Excitatory,17448,3.6179317287076227
152417_20191023-probe0,233,152417,Excitatory,29324,6.080480858128285
152417_20191023-probe0,234,152417,Excitatory,15903,3.297568104174537
152417_20191023-probe0,235,152417,Excitatory,27414,5.684432623268613
152417_20191023-probe0,236,152417,Excitatory,6474,1.3424168965871819
152417_20191023-probe0,237,152417,Excitatory,3828,0.7937553104936256
152417_20191023-probe0,238,152417,Excitatory,7041,1.4599872364643725
152417_20191023-probe0,239,152417,Excitatory,15365,3.186011062104116
152417_20191023-probe0,240,152417,Excitatory,19106,3.961726479177432
152417_20191023-probe0,241,152417,Inhibitory,52985,10.98670980316216
152417_20191023-probe0,242,152417,Excitatory,11063,2.2939694357343208
152417_20191023-probe0,243,152417,Excitatory,4450,0.9227301806940005
152417_20191023-probe0,244,152417,Excitatory,69155,14.339641718178337
152417_20191023-probe0,245,152417,Excitatory,15830,3.2824311821092196
152417_20191023-probe0,246,152417,Excitatory,1845,0.38257015356863616
152417_20191023-probe0,247,152417,Excitatory,18930,3.9252319821432424
152417_20191023-probe0,248,152417,Excitatory,15225,3.1569813485541927
152417_20191023-probe0,249,152417,Excitatory,22058,4.57383872488725
152417_20191023-probe0,251,152417,Excitatory,9636,1.998073712621885
152417_20191023-probe0,252,152417,Inhibitory,36296,7.526160592914481
152417_20191023-probe0,253,152417,Inhibitory,27477,5.697495994366079
152417_20191023-probe0,254,152417,Excitatory,23599,4.893372929033195
152417_20191023-probe0,255,152417,Inhibitory,75890,15.736178295026448
152417_20191023-probe0,256,152417,Excitatory,10948,2.2701235996040263
152417_20191023-probe0,257,152417,Excitatory,7175,1.487772819433585
152417_20191023-probe0,258,152417,Excitatory,25221,5.229702896018738
152417_20191023-probe0,259,152417,Excitatory,15910,3.299019589852033
152417_20191023-probe0,260,152417,Excitatory,20503,4.251401549386313
152417_20191023-probe0,261,152417,Excitatory,13720,2.8449119278925137
152417_20191023-probe0,262,152417,Excitatory,26016,5.394550197962947
152417_20191023-probe0,263,152417,Inhibitory,45720,9.48027502501791
152417_20191023-probe0,264,152417,Excitatory,14755,3.0595244530651633
152417_20191023-probe0,265,152417,Excitatory,17443,3.6168949532236967
152417_20191023-probe0,266,152417,Excitatory,7769,1.6109417469239753
152417_20191023-probe0,267,152417,Excitatory,1690,0.350430113566935
152417_20191023-probe0,268,152417,Excitatory,8778,1.8201630395802104
152417_20191023-probe0,269,152417,Excitatory,12512,2.59442697097603
152417_20191023-probe0,270,152417,Excitatory,28109,5.828544415534306
152417_20191023-probe0,271,152417,Excitatory,8936,1.852925144872267
152417_20191023-probe0,272,152417,Excitatory,11120,2.3057886762510753
152417_20191023-probe0,273,152417,Inhibitory,100908,20.923788106397797
152417_20191023-probe0,274,152417,Excitatory,883,0.1830945504613039
152417_20191023-probe0,275,152417,Excitatory,21226,4.40131928436199
152417_20191023-probe0,277,152417,Inhibitory,19392,4.02103003685799
152417_20191023-probe0,278,152417,Excitatory,700,0.14514856774961804
152417_20191023-probe0,279,152417,Excitatory,15334,3.179583054103776
152417_20191023-probe0,280,152417,Excitatory,12899,2.6746733934318905
152417_20191023-probe0,281,152417,Excitatory,21784,4.517023428368113
152417_20191023-probe0,282,152417,Excitatory,24545,5.089530850591965
152417_20191023-probe0,283,152417,Excitatory,12323,2.5552368576836333
152417_20191023-probe0,284,152417,Excitatory,6722,1.3938409605899036
152417_20191023-probe0,285,152417,Excitatory,10129,2.100299775336973
152417_20191023-probe0,286,152417,Excitatory,7482,1.5514308341466319
152417_20191023-probe0,288,152417,Excitatory,826,0.1712753099445493
152417_20191023-probe0,289,152417,Excitatory,63624,13.19276067785957
152417_20191023-probe0,290,152417,Excitatory,605,0.12544983355502703
152417_20191023-probe0,291,152417,Excitatory,7979,1.6544863172488606
152417_20191023-probe0,292,152417,Excitatory,14850,3.079223187259754
152417_20191023-probe0,293,152417,Excitatory,15323,3.1773021480391392
152417_20191023-probe0,294,152417,Excitatory,18707,3.87899179556015
152417_20191023-probe0,295,152417,Excitatory,14877,3.084821774872954
152417_20191023-probe0,296,152417,Inhibitory,53167,11.024448430777062
152417_20191023-probe0,297,152417,Excitatory,12977,2.6908470909811335
152417_20191023-probe0,298,152417,Excitatory,1606,0.33301228543698086
152417_20191023-probe0,299,152417,Excitatory,6745,1.3986101278159624
152417_20191023-probe0,300,152417,Excitatory,32465,6.7317832171305
152417_20191023-probe0,301,152417,Excitatory,39372,8.16398487062566
152417_20191023-probe0,302,152417,Excitatory,9128,1.8927373234550193
152417_20191023-probe0,303,152417,Excitatory,23842,4.943760217551991
152417_20191023-probe0,304,152417,Excitatory,9357,1.940221640618823
152417_20191023-probe0,305,152417,Excitatory,3339,0.6923586681656781
152417_20191023-probe0,306,152417,Excitatory,44369,9.200138289261147
152417_20191023-probe0,307,152417,Excitatory,6161,1.277514751293424
152417_20191023-probe0,308,152417,Inhibitory,43069,8.930576663440428
152417_20191023-probe0,309,152417,Inhibitory,16104,3.3392464786283558
152417_20191023-probe0,310,152417,Excitatory,4249,0.8810518062401815
152417_20191023-probe0,311,152417,Excitatory,18633,3.8636475183980474
152417_20191023-probe0,312,152417,Inhibitory,107913,22.376310559377902
152417_20191023-probe0,313,152417,Excitatory,46470,9.635791347606787
152417_20191023-probe0,314,152417,Excitatory,19787,4.102935300088132
152417_20191023-probe0,315,152417,Excitatory,16426,3.4060148197931803
152417_20191023-probe0,316,152417,Excitatory,9278,1.9238405879727947
152417_20191023-probe0,317,152417,Excitatory,13871,2.876222547507074
152417_20191023-probe0,318,152417,Excitatory,7844,1.6264933791828629
152417_20191023-probe0,319,152417,Excitatory,33845,7.017933250694033
152417_20191023-probe0,320,152417,Excitatory,20448,4.239997019063129
152417_20191023-probe0,321,152417,Inhibitory,15679,3.251120562494659
152417_20191023-probe0,322,152417,Excitatory,8003,1.6594628395717046
152417_20191023-probe0,323,152417,Excitatory,15903,3.297568104174537
152417_20191023-probe0,324,152417,Excitatory,11714,2.4289576037414653
152417_20191023-probe0,325,152417,Excitatory,10169,2.10859397920838
152417_20191023-probe0,326,152417,Excitatory,12913,2.6775763647868827
152417_20191023-probe0,327,152417,Excitatory,4385,0.9092520994029645
152417_20191023-probe0,328,152417,Inhibitory,137754,28.56399400254412
152417_20191023-probe0,329,152417,Excitatory,23621,4.8979347411624685
152417_20191023-probe0,330,152417,Inhibitory,32830,6.807467827457087
152417_20191023-probe0,331,152417,Inhibitory,965,0.20009766839768775
152417_20191023-probe0,332,152417,Excitatory,6860,1.4224559639462568
152417_20191023-probe0,333,152417,Excitatory,3465,0.7184854103606093
152417_20191023-probe0,334,152417,Excitatory,37124,7.6978506130526005
152417_20191023-probe0,335,152417,Excitatory,4047,0.8391660766895775
152417_20191023-probe0,336,152417,Excitatory,32243,6.685750385644193
152417_20191023-probe0,337,152417,Excitatory,8241,1.7088133526065747
152417_20191023-probe0,338,152417,Excitatory,47845,9.920904605686394
152417_20191023-probe0,339,152417,Excitatory,15592,3.2330806690743494
152417_20191023-probe0,340,152417,Inhibitory,51225,10.621764832820263
152417_20191023-probe0,341,152417,Excitatory,17473,3.623115606127252
152417_20191023-probe0,342,152417,Excitatory,2199,0.45597385783058586
152417_20191023-probe0,343,152417,Excitatory,2275,0.4717328451862587
152417_20191023-probe0,344,152417,Excitatory,8012,1.6613290354427712
152417_20191023-probe0,345,152417,Excitatory,5063,1.0498388550233089
152417_20191023-probe0,346,152417,Excitatory,3317,0.6877968560364044
152417_20191023-probe0,347,152417,Excitatory,22591,4.6843589914737445
152417_20191023-probe0,348,152417,Excitatory,35390,7.338296875227118
152417_20191023-probe0,349,152417,Excitatory,50296,10.429131947906843
152417_20191023-probe0,350,152417,Inhibitory,9907,2.0542669438506658
152417_20191023-probe0,351,152417,Excitatory,1852,0.3840216392461323
152417_20191023-probe0,352,152417,Excitatory,1036,0.21481988026943472
152417_20191023-probe0,353,152417,Excitatory,1635,0.3390255832437507
152417_20191023-probe0,354,152417,Excitatory,2148,0.44539874789454226
152417_20191023-probe0,355,152417,Excitatory,27925,5.790391077725834
152417_20191023-probe0,357,152417,Excitatory,13743,2.8496810951185725
152417_20191023-probe0,358,152417,Inhibitory,60569,12.55929085718088
152417_20191023-probe0,359,152417,Excitatory,9190,1.9055933394556999
152417_20191023-probe0,360,152417,Excitatory,17857,3.7027399632927565
152417_20191023-probe0,361,152417,Excitatory,24597,5.100313315624793
152417_20191023-probe0,362,152417,Excitatory,6071,1.2588527925827588
152417_20191023-probe0,363,152417,Excitatory,66463,13.781441797632663
152417_20191023-probe0,364,152417,Excitatory,13250,2.7474550324034843
152417_20191023-probe0,365,152417,Excitatory,18719,3.8814800567215717
152417_20191023-probe0,366,152417,Excitatory,14606,3.028628543644173
152417_20191023-probe0,367,152417,Excitatory,22380,4.640607066052074
152417_20191023-probe0,368,152417,Excitatory,18164,3.7663979780058034
152417_20191023-probe0,369,152417,Excitatory,25256,5.236960324406219
152417_20191023-probe0,370,152417,Inhibitory,23991,4.974656126972981
152417_20191023-probe0,371,152417,Excitatory,9838,2.039959442172489
152417_20191023-probe0,372,152417,Excitatory,15839,3.284297377980286
152417_20191023-probe0,373,152417,Excitatory,18500,3.8360692905256197
152417_20191023-probe0,374,152417,Excitatory,23857,4.946870544003768
152417_20191023-probe0,375,152417,Excitatory,28434,5.895934821989485
152417_20191023-probe0,376,152417,Excitatory,8369,1.7353548049950764
152417_20191023-probe0,377,152417,Excitatory,15520,3.2181511021058173
152417_20191023-probe0,378,152417,Excitatory,4526,0.9384891680496733
152417_20191023-probe0,379,152417,Excitatory,27630,5.72922132417421
152417_20191023-probe0,380,152417,Excitatory,27060,5.611028919006664
152417_20191023-probe0,381,152417,Excitatory,34595,7.173449573282909
152417_20191023-probe0,382,152417,Excitatory,9789,2.0297990424300156
152417_20191023-probe0,383,152417,Excitatory,22275,4.618834780889632
152417_20191023-probe0,384,152417,Excitatory,23827,4.940649891100214
152417_20191023-probe0,385,152417,Excitatory,35560,7.373547241680597
152417_20191023-probe0,386,152417,Excitatory,10942,2.2688794690233154
152417_20191023-probe0,387,152417,Excitatory,8568,1.7766184692553249
152417_20191023-probe0,388,152417,Excitatory,8011,1.661121680345986
152417_20191023-probe0,389,152417,Excitatory,18002,3.732806452326606
152417_20191023-probe0,390,152417,Excitatory,23155,4.80130726606058
152417_20191023-probe0,391,152417,Excitatory,2446,0.5071905667365225
152417_20191023-probe0,392,152417,Excitatory,31067,6.4419007918248345
152417_20191023-probe0,393,152417,Excitatory,37940,7.867052372029298
152417_20191023-probe0,394,152417,Excitatory,5191,1.0763803074118103
152417_20191023-probe0,395,152417,Excitatory,5350,1.1093497678006523
152417_20191023-probe0,396,152417,Inhibitory,47534,9.856417170586207
152417_20191023-probe0,397,152417,Excitatory,4163,0.863219267916657
152417_20191023-probe0,398,152417,Excitatory,2878,0.5967679685477153
152417_20191023-probe0,399,152417,Excitatory,9914,2.055718429528162
152417_20191023-probe0,400,152417,Excitatory,21638,4.486749584237479
152417_20191023-probe0,401,152417,Excitatory,7792,1.615710914150034
152417_20191023-probe0,402,152417,Excitatory,11364,2.3563833198666564
152417_20191023-probe0,403,152417,Excitatory,27493,5.700813675914642
152417_20191023-probe0,404,152417,Excitatory,16578,3.4375327945045258
152417_20191023-probe0,405,152417,Inhibitory,46048,9.548287496763445
152417_20191023-probe0,406,152417,Excitatory,12054,2.4994583366484227
152417_20191023-probe0,407,152417,Excitatory,109545,22.714714077331298
152417_20191023-probe0,408,152417,Excitatory,7372,1.5286217735002632
152417_20191023-probe0,409,152417,Excitatory,3303,0.684893884681412
152417_20191023-probe0,410,152417,Excitatory,10436,2.16395779005002
152417_20191023-probe0,411,152417,Inhibitory,16250,3.3695203227589903
152417_20191023-probe0,412,152417,Excitatory,57963,12.01892347495873
152417_20191023-probe0,413,152417,Inhibitory,84076,17.433587117309838
152417_20191023-probe0,414,152417,Excitatory,3246,0.6730746441646575
152417_20191023-probe0,415,152417,Excitatory,5321,1.1033364699938824
152417_20191023-probe0,416,152417,Excitatory,5350,1.1093497678006523
152417_20191023-probe0,417,152417,Excitatory,9080,1.8827842788093312
152417_20191023-probe0,418,152417,Excitatory,7090,1.4701476362068457
152417_20191023-probe0,419,152417,Excitatory,10801,2.2396424003766064
152417_20191023-probe0,420,152417,Excitatory,8765,1.8174674233220032
152417_20191023-probe0,421,152417,Excitatory,10064,2.086821694045937
152417_20191023-probe0,422,152417,Excitatory,3232,0.670171672809665
152417_20191023-probe0,423,152417,Excitatory,8034,1.6658908475720449
152417_20191023-probe0,424,152417,Excitatory,16541,3.4298606559234743
152417_20191023-probe0,425,152417,Excitatory,42162,8.74250559065628
152417_20191023-probe0,426,152417,Excitatory,25124,5.209589451630577
152417_20191023-probe0,427,152417,Excitatory,7826,1.6227609874407298
152417_20191023-probe0,429,152417,Excitatory,18975,3.934562961498575
152417_20191023-probe0,430,152417,Excitatory,13852,2.872282800668156
152417_20191023-probe0,431,152417,Excitatory,25849,5.359921896799825
152417_20191023-probe0,432,152417,Excitatory,9449,1.9592983095230585
152417_20191023-probe0,433,152417,Excitatory,26681,5.532441337325085
152417_20191023-probe0,434,152417,Excitatory,2575,0.5339393742218093
152417_20191023-probe0,435,152417,Excitatory,14051,2.9135464649284044
152417_20191023-probe0,436,152417,Excitatory,14200,2.9444423743493946
152417_20191023-probe0,437,152417,Excitatory,3437,0.7126794676506246
152417_20191023-probe0,438,152417,Excitatory,22299,4.6238113032124755
152417_20191023-probe0,439,152417,Excitatory,4134,0.8572059701098872
152417_20191023-probe0,440,152417,Excitatory,7257,1.504775937369969
152417_20191023-probe0,441,152417,Excitatory,1559,0.32326659588807793
152417_20191023-probe0,442,152417,Inhibitory,9410,1.951211460748437
152417_20191023-probe0,443,152417,Excitatory,1690,0.350430113566935
152417_20191023-probe0,444,152417,Excitatory,13503,2.799915871890132
152417_20191023-probe0,445,152417,Excitatory,2330,0.4831373755094429
152417_20191023-probe0,446,152417,Excitatory,5896,1.2225656506453544
152417_20191023-probe0,447,152417,Excitatory,8211,1.7025926997030196
152417_20191023-probe0,448,152417,Excitatory,8197,1.6996897283480275
152417_20191023-probe0,449,152417,Inhibitory,70594,14.638025702452195
152417_20191023-probe0,450,152417,Excitatory,24952,5.173924374983528
152417_20191023-probe0,451,152417,Excitatory,32939,6.83006953300667
152417_20191023-probe0,452,152417,Excitatory,19059,3.951980789628529
152417_20191023-probe0,453,152417,Excitatory,22260,4.615724454437854
152417_20191023-probe0,454,152417,Excitatory,7013,1.4541812937543876
152417_20191023-probe0,455,152417,Excitatory,15117,3.1345869981013945
152417_20191023-probe0,456,152417,Excitatory,7126,1.4776124196911118
152417_20191023-probe0,457,152417,Excitatory,2087,0.43275008699064693
152417_20191023-probe0,458,152417,Excitatory,3499,0.725535483651305
152417_20191023-probe0,459,152417,Inhibitory,6856,1.4216265435591162
152417_20191023-probe0,460,152417,Excitatory,40127,8.320537968698462
152417_20191023-probe0,461,152417,Excitatory,609,0.1262792539421677
152417_20191023-probe0,462,152417,Excitatory,716,0.14846624929818075
152417_20191023-probe0,464,152417,Inhibitory,5589,1.1589076359323076
152417_20191023-probe0,465,152417,Excitatory,1421,0.2946515925317246
152417_20191023-probe0,466,152417,Excitatory,44079,9.140005311193448
152417_20191023-probe0,467,152417,Excitatory,7705,1.5976710207297244
152417_20191023-probe0,468,152417,Excitatory,2005,0.4157469690542631
152417_20191023-probe0,469,152417,Inhibitory,25620,5.312437579636021
152417_20191023-probe0,470,152417,Excitatory,10538,2.185108009922107
152417_20191023-probe0,471,152417,Excitatory,3885,0.8055745510103802
152417_20191023-probe0,472,152417,Excitatory,6651,1.3791187487181567
152417_20191023-probe0,473,152417,Excitatory,5703,1.1825461169658167
152417_20191023-probe0,474,152417,Excitatory,10825,2.2446189226994506
152417_20191023-probe0,475,152417,Excitatory,11803,2.4474122073553457
152417_20191023-probe0,476,152417,Excitatory,3706,0.768457988685835
152417_20191023-probe0,477,152417,Excitatory,5392,1.1180586818656293
152417_20191023-probe0,478,152417,Excitatory,3246,0.6730746441646575
152417_20191023-probe0,479,152417,Excitatory,5668,1.1752886885783358
152417_20191023-probe0,480,152417,Excitatory,530,0.10989820129613938
152417_20191023-probe0,481,152417,Excitatory,511,0.10595845445722117
152417_20191023-probe0,482,152417,Excitatory,1246,0.2583644505943201
152417_20191023-probe0,483,152417,Excitatory,2002,0.41512490376390765
152417_20191023-probe0,484,152417,Excitatory,566,0.11736298478040545
152417_20191023-probe0,485,152417,Excitatory,1851,0.38381428414934715
152417_20191023-probe0,486,152417,Excitatory,4355,0.9030314464994095
152417_20191023-probe0,487,152417,Excitatory,4399,0.9121550707579569
152417_20191023-probe0,488,152417,Excitatory,7568,1.5692633724701563
152417_20191023-probe0,489,152417,Excitatory,1070,0.22186995356013045
152417_20191023-probe0,490,152417,Excitatory,3245,0.6728672890678723
152417_20191023-probe0,491,152417,Excitatory,1032,0.21399045988229404
152417_20191023-probe0,492,152417,Excitatory,10841,2.247936604248013
152417_20191023-probe0,493,152417,Excitatory,17697,3.6695631478071293
152417_20191023-probe0,494,152417,Excitatory,2706,0.5611028919006663
152417_20191023-probe0,495,152417,Excitatory,3302,0.6846865295846268
152417_20191023-probe0,496,152417,Excitatory,5350,1.1093497678006523
152417_20191023-probe0,497,152417,Excitatory,15168,3.145162108037438
152417_20191023-probe0,498,152417,Excitatory,3266,0.6772217461003608
152417_20191023-probe0,499,152417,Excitatory,2583,0.5355982149960906
152417_20191023-probe0,500,152417,Excitatory,3497,0.7251207734577347
152417_20191023-probe0,501,152417,Excitatory,1416,0.2936148170477988
152417_20191023-probe0,502,152417,Excitatory,18437,3.8230059194281543
152417_20191023-probe0,503,152417,Excitatory,8197,1.6996897283480275
152417_20191023-probe0,504,152417,Excitatory,2857,0.5924135115152268
152417_20191023-probe0,505,152417,Excitatory,8384,1.738465131446854
152417_20191023-probe0,506,152417,Excitatory,4676,0.9695924325674485
152417_20191023-probe0,507,152417,Excitatory,3866,0.8016348041714619
152417_20191023-probe0,508,152417,Excitatory,989,0.2050741907205318
152417_20191023-probe0,509,152417,Excitatory,2305,0.47795349808981374
152417_20191023-probe0,510,152417,Excitatory,3093,0.6413493143565266
152417_20191023-probe0,511,152417,Excitatory,6516,1.3511258106521589
152417_20191023-probe0,512,152417,Excitatory,15459,3.205502441201922
152417_20191023-probe0,513,152417,Excitatory,10648,2.2079170705684756
152417_20191023-probe0,514,152417,Excitatory,13623,2.8247984835043525
152417_20191023-probe0,515,152417,Excitatory,6492,1.346149288329315
152417_20191023-probe0,516,152417,Excitatory,2638,0.5470027453192748
152417_20191023-probe0,517,152417,Excitatory,3725,0.7723977355247532
152417_20191023-probe0,518,152417,Inhibitory,23833,4.941894021680924
152417_20191023-probe0,519,152417,Excitatory,13333,2.7646655054366533
152417_20191023-probe0,521,152417,Excitatory,26398,5.473759844934881
152417_20191023-probe0,522,152417,Excitatory,21790,4.518267558948825
152417_20191023-probe0,523,152417,Excitatory,5354,1.110179188187793
152417_20191023-probe0,524,152417,Excitatory,3031,0.6284932983558461
152417_20191023-probe0,525,152417,Excitatory,21692,4.497946759463878
152417_20191023-probe0,526,152417,Excitatory,7568,1.5692633724701563
152417_20191023-probe0,527,152417,Excitatory,1657,0.34358739537302446
152417_20191023-probe0,528,152417,Excitatory,15323,3.1773021480391392
152417_20191023-probe0,529,152417,Excitatory,1340,0.27785582969212597
152417_20191023-probe0,530,152417,Excitatory,6722,1.3938409605899036
152417_20191023-probe0,531,152417,Excitatory,6294,1.3050929791658514
152417_20191023-probe0,532,152417,Excitatory,6229,1.2916148978748154
152417_20191023-probe0,533,152417,Excitatory,2319,0.4808564694448061
152417_20191023-probe0,534,152417,Excitatory,7383,1.5309026795649001
152417_20191023-probe0,535,152417,Excitatory,5536,1.1479178158026937
152417_20191023-probe0,536,152417,Excitatory,18091,3.751261055940486
152417_20191023-probe0,537,152417,Excitatory,797,0.1652620121377794
152417_20191023-probe0,538,152417,Excitatory,6628,1.3743495814920978
152417_20191023-probe0,539,152417,Excitatory,986,0.20445212543017627
152417_20191023-probe0,540,152417,Excitatory,14442,2.9946223077714054
152417_20191023-probe0,541,152417,Excitatory,10614,2.20086699727778
152417_20191023-probe0,542,152417,Excitatory,1002,0.20776980697873898
152417_20191023-probe0,543,152417,Excitatory,1408,0.29195597627351744
152417_20191023-probe0,544,152417,Excitatory,14930,3.095811595002568
152417_20191023-probe0,545,152417,Excitatory,12276,2.5454911681347303
152417_20191023-probe0,546,152417,Excitatory,11595,2.4042823472240302
152417_20191023-probe0,547,152417,Excitatory,13407,2.780009782598756
152417_20191023-probe0,548,152417,Excitatory,10091,2.0924202816591366
152417_20191023-probe0,549,152417,Excitatory,8886,1.8425573900330086
152417_20191023-probe0,550,152417,Excitatory,3873,0.8030862898489581
152417_20191023-probe0,551,152417,Excitatory,9680,2.0071973368804326
152417_20191023-probe0,552,152417,Excitatory,9658,2.0026355247511587
152417_20191023-probe0,553,152417,Excitatory,32104,6.6569280271910545
152417_20191023-probe0,554,152417,Excitatory,3611,0.7487592544912439
152417_20191023-probe0,555,152417,Excitatory,3475,0.7205589613284611
152417_20191023-probe0,556,152417,Excitatory,2285,0.47380639615411035
152417_20191023-probe0,557,152417,Excitatory,866,0.17956951381595604
152417_20191023-probe0,558,152417,Excitatory,6571,1.362530340975343
152417_20191023-probe0,559,152417,Excitatory,8368,1.7351474498982913
152417_20191023-probe0,560,152417,Excitatory,1348,0.2795146704664073
152417_20191023-probe0,561,152417,Excitatory,10816,2.242752726828384
152417_20191023-probe0,562,152417,Excitatory,4990,1.0347019329579916
152417_20191023-probe0,563,152417,Excitatory,34383,7.129490292764453
152417_20191023-probe0,564,152417,Excitatory,7736,1.6040990287300647
152417_20191023-probe0,565,152417,Excitatory,2785,0.5774839445466947
152417_20191023-probe0,566,152417,Excitatory,5855,1.2140640916771623
152417_20191023-probe0,567,152417,Excitatory,3494,0.7244987081673793
152417_20191023-probe0,568,152417,Excitatory,3975,0.8242365097210453
152417_20191023-probe0,569,152417,Excitatory,1892,0.3923158431175391
152417_20191023-probe0,570,152417,Excitatory,16134,3.345467131531911
152417_20191023-probe0,571,152417,Excitatory,4284,0.8883092346276624
152417_20191023-probe0,572,152417,Excitatory,5982,1.2403981889688789
152417_20191023-probe0,573,152417,Excitatory,3847,0.7976950573325438
152417_20191023-probe0,574,152417,Excitatory,4413,0.9150580421129492
152417_20191023-probe0,575,152417,Excitatory,4220,0.8750385084334117
152417_20191023-probe0,576,152417,Excitatory,634,0.1314631313617969
152417_20191023-probe0,577,152417,Excitatory,819,0.16982382426705311
152417_20191023-probe0,578,152417,Excitatory,29748,6.168399419165197
152417_20191023-probe0,579,152417,Excitatory,2079,0.43109124621636563
152417_20191023-probe0,580,152417,Excitatory,758,0.15717516336315784
152417_20191023-probe0,581,152417,Excitatory,3681,0.7632741112662058
152417_20191023-probe0,582,152417,Excitatory,1151,0.2386657163997291
152417_20191023-probe0,583,152417,Excitatory,14812,3.071343693581918
152417_20191023-probe0,584,152417,Excitatory,10154,2.1054836527566025
152417_20191023-probe0,585,152417,Excitatory,877,0.1818504198805929
152417_20191023-probe0,586,152417,Excitatory,4834,1.0023545378595051
152417_20191023-probe0,587,152417,Excitatory,9608,1.9922677699119002
152417_20191023-probe0,588,152417,Excitatory,17181,3.5625679178659824
152417_20191023-probe0,589,152417,Excitatory,29726,6.163837607035923
152417_20191023-probe0,590,152417,Excitatory,1925,0.3991585613114496
152417_20191023-probe0,591,152417,Excitatory,5634,1.16823861528764
152417_20191023-probe0,592,152417,Excitatory,921,0.19097404413914032
152417_20191023-probe0,593,152417,Excitatory,2096,0.4346162828617135
152417_20191023-probe0,594,152417,Excitatory,12347,2.560213380006477
152417_20191023-probe0,595,152417,Excitatory,524,0.10865407071542837
152417_20191023-probe0,596,152417,Excitatory,586,0.12151008671610883
152417_20191023-probe0,597,152417,Excitatory,3469,0.71931483074775
152417_20191023-probe0,598,152417,Excitatory,425,0.08812591613369668
152417_20191023-probe0,599,152417,Inhibitory,36160,7.497960299751698
152417_20191023-probe0,600,152417,Excitatory,32873,6.816384096618849
152417_20191023-probe0,601,152417,Excitatory,7604,1.5767281559544224
152417_20191023-probe0,602,152417,Excitatory,2084,0.43212802170029146
152417_20191023-probe0,603,152417,Excitatory,9897,2.052193392882814
152417_20191023-probe0,604,152417,Excitatory,20124,4.172813967704734
152417_20191023-probe0,605,152417,Inhibitory,16019,3.3216212954016164
152417_20191023-probe0,606,152417,Excitatory,24487,5.077504254978424
152417_20191023-probe0,607,152417,Excitatory,11844,2.4559137663235373
152417_20191023-probe0,608,152417,Excitatory,14600,3.027384413063462
152417_20191023-probe0,609,152417,Inhibitory,7966,1.6517907009906534
152417_20191023-probe0,610,152417,Excitatory,2360,0.48935802841299797
152417_20191023-probe0,611,152417,Inhibitory,41250,8.553397742388206
152417_20191023-probe0,612,152417,Excitatory,6775,1.4048307807195175
152417_20191023-probe0,613,152417,Excitatory,2026,0.42010142608675166
152417_20191023-probe0,614,152417,Excitatory,1857,0.3850584147300582
152417_20191023-probe0,615,152417,Excitatory,994,0.20611096620445762
152417_20191023-probe0,616,152417,Excitatory,957,0.1984388276234064
152417_20191023-probe0,617,152417,Excitatory,20006,4.148346066284084
152417_20191023-probe0,618,152417,Excitatory,6054,1.255327755937411
152417_20191023-probe0,619,152417,Excitatory,16862,3.4964216419915135
152417_20191023-probe0,620,152417,Excitatory,2728,0.5656647040299401
152417_20191023-probe0,621,152417,Excitatory,5834,1.2097096346446738
152417_20191023-probe0,622,152417,Excitatory,29157,6.045852556965162
152417_20191023-probe0,623,152417,Excitatory,8287,1.7183516870586926
152417_20191023-probe0,624,152417,Excitatory,2301,0.47712407770267307
152417_20191023-probe0,625,152417,Excitatory,2165,0.4489237845398901
152417_20191023-probe0,626,152417,Excitatory,970,0.20113444388161358
152417_20191023-probe0,627,152417,Excitatory,9457,1.9609571502973397
152417_20191023-probe0,628,152417,Excitatory,1236,0.25629089962646845
152417_20191023-probe0,629,152417,Excitatory,1489,0.3087517391131161
152417_20191023-probe0,630,152417,Inhibitory,5921,1.2277495280649835
152417_20191023-probe0,631,152417,Excitatory,4219,0.8748311533366265
152417_20191023-probe0,632,152417,Excitatory,2651,0.5496983615774821
152417_20191023-probe0,633,152417,Excitatory,1855,0.38464370453648783
152417_20191023-probe0,634,152417,Excitatory,1163,0.24115397756115114
152417_20191023-probe0,635,152417,Excitatory,1157,0.23990984698044013
152417_20191023-probe0,637,152417,Excitatory,30318,6.286591824332743
152417_20191023-probe0,638,152417,Excitatory,6939,1.4388370165922852
152417_20191023-probe0,639,152417,Excitatory,19056,3.951358724338174
152417_20191023-probe0,640,152417,Excitatory,6729,1.3952924462674
152417_20191023-probe0,641,152417,Excitatory,8406,1.7430269435761276
152417_20191023-probe0,642,152417,Excitatory,4681,0.9706292080513744
152417_20191023-probe0,643,152417,Excitatory,6277,1.3015679425205036
152417_20191023-probe0,644,152417,Excitatory,27818,5.768204082369821
152417_20191023-probe0,645,152417,Excitatory,41431,8.590929014906322
152417_20191023-probe0,646,152417,Excitatory,4729,0.9805822526970626
152417_20191023-probe0,647,152417,Excitatory,25541,5.296056526989992
152417_20191023-probe0,648,152417,Excitatory,1251,0.25940122607824595
152417_20191023-probe0,649,152417,Excitatory,20566,4.264464920483778
152417_20191023-probe0,650,152417,Excitatory,19105,3.961519124080647
152417_20191023-probe0,651,152417,Excitatory,1881,0.3900349370529022
152417_20191023-probe0,652,152417,Excitatory,1320,0.27370872775642263
152417_20191023-probe0,653,152417,Excitatory,9665,2.004087010428655
152417_20191023-probe0,654,152417,Excitatory,804,0.16671349781527559
152417_20191023-probe0,655,152417,Excitatory,8738,1.8118688357088035
152417_20191023-probe0,656,152417,Excitatory,2183,0.45265617628202315
152417_20191023-probe0,657,152417,Excitatory,10945,2.2695015343136706
152417_20191023-probe0,658,152417,Excitatory,2064,0.4279809197645881
152417_20191023-probe0,659,152417,Excitatory,4057,0.8412396276574292
152417_20191023-probe0,660,152417,Excitatory,33948,7.039290825662905
152417_20191023-probe0,661,152417,Excitatory,13383,2.775033260275912
152417_20191023-probe0,662,152417,Excitatory,850,0.17625183226739335
152417_20191023-probe0,663,152417,Excitatory,5177,1.0734773360568182
152417_20191023-probe0,664,152417,Excitatory,613,0.1271086743293084
152417_20191023-probe0,665,152417,Excitatory,4196,0.8700619861105676
152417_20191023-probe0,666,152417,Excitatory,5468,1.1338176692213022
152417_20191023-probe0,667,152417,Excitatory,1078,0.2235287943344118
152417_20191023-probe0,668,152417,Excitatory,1967,0.4078674753764267
152417_20191023-probe0,669,152417,Excitatory,931,0.19304759510699201
152417_20191023-probe0,670,152417,Excitatory,2893,0.5998782949994929
152417_20191023-probe0,671,152417,Excitatory,9236,1.9151316739078177
152417_20191023-probe0,672,152417,Excitatory,26594,5.514401443904775
152417_20191023-probe0,673,152417,Excitatory,2590,0.5370497006735868
152417_20191023-probe0,674,152417,Excitatory,616,0.12773073961966389
152417_20191023-probe0,675,152417,Excitatory,3467,0.7189001205541797
152417_20191023-probe0,676,152417,Excitatory,4056,0.8410322725606441
152417_20191023-probe0,677,152417,Excitatory,32400,6.718305135839464
152417_20191023-probe0,678,152417,Excitatory,1444,0.29942075975778354
152417_20191023-probe0,679,152417,Excitatory,50614,10.495070868684525
152417_20191023-probe0,680,152417,Excitatory,1706,0.3537477951154977
152417_20191023-probe0,681,152417,Excitatory,4057,0.8412396276574292
152417_20191023-probe0,682,152417,Excitatory,577,0.1196438908450423
152417_20191023-probe0,683,152417,Excitatory,31181,6.465539272858344
152417_20191023-probe0,684,152417,Excitatory,8283,1.717522266671552
152417_20191023-probe0,685,152417,Excitatory,617,0.12793809471644904
152417_20191023-probe0,686,152417,Excitatory,706,0.14639269833032906
152417_20191023-probe0,687,152417,Inhibitory,1289,0.26728071975608236
152417_20191023-probe0,688,152417,Excitatory,3119,0.646740546872941
152417_20191023-probe0,689,152417,Excitatory,3206,0.6647804402932507
152417_20191023-probe0,690,152417,Excitatory,7826,1.6227609874407298
152417_20191023-probe0,691,152417,Excitatory,10276,2.130780974564393
152417_20191023-probe0,692,152417,Excitatory,21587,4.476174474301436
152417_20191023-probe0,693,152417,Excitatory,2038,0.4225896872481737
152417_20191023-probe0,694,152417,Excitatory,4732,0.981204317987418
152417_20191023-probe0,695,152417,Excitatory,1714,0.35540663588977905
152419_20191106-probe0,1,152419,Inhibitory,179500,37.03944748617294
152419_20191106-probe0,2,152419,Excitatory,27662,5.707995522910952
152419_20191106-probe0,3,152419,Excitatory,11033,2.276636346044268
152419_20191106-probe0,4,152419,Excitatory,2507,0.5173141774252678
152419_20191106-probe0,5,152419,Excitatory,16151,3.332724882168129
152419_20191106-probe0,6,152419,Excitatory,54303,11.205309843128965
152419_20191106-probe0,7,152419,Excitatory,34007,7.017272928480686
152419_20191106-probe0,8,152419,Excitatory,10611,2.1895575335698108
152419_20191106-probe0,9,152419,Excitatory,3766,0.7771061795706256
152419_20191106-probe0,10,152419,Excitatory,5777,1.192071800153878
152419_20191106-probe0,11,152419,Excitatory,7829,1.615497684508345
152419_20191106-probe0,12,152419,Excitatory,10149,2.094224805220998
152419_20191106-probe0,13,152419,Excitatory,18047,3.7239604946126077
152419_20191106-probe0,14,152419,Excitatory,48544,10.016952305118547
152419_20191106-probe0,15,152419,Excitatory,50905,10.504139689602415
152419_20191106-probe0,16,152419,Excitatory,58001,11.968384365713185
152419_20191106-probe0,17,152419,Excitatory,3763,0.7764871358800489
152419_20191106-probe0,18,152419,Excitatory,2728,0.5629170626310851
152419_20191106-probe0,19,152419,Excitatory,62774,12.953282877420724
152419_20191106-probe0,20,152419,Excitatory,15756,3.251217462908863
152419_20191106-probe0,21,152419,Excitatory,48771,10.063793277705518
152419_20191106-probe0,22,152419,Excitatory,55473,11.44673688245388
152419_20191106-probe0,23,152419,Excitatory,13530,2.7918870445009465
152419_20191106-probe0,24,152419,Excitatory,37246,7.685633766406671
152419_20191106-probe0,25,152419,Excitatory,25982,5.361331056187996
152419_20191106-probe0,26,152419,Excitatory,22593,4.662018033733177
152419_20191106-probe0,27,152419,Excitatory,5209,1.0748661947380214
152419_20191106-probe0,28,152419,Excitatory,55149,11.379880163871595
152419_20191106-probe0,29,152419,Excitatory,9816,2.025510955566984
152419_20191106-probe0,30,152419,Excitatory,55594,11.471704977973808
152419_20191106-probe0,31,152419,Excitatory,48809,10.071634497786157
152419_20191106-probe0,32,152419,Excitatory,33617,6.936797248705714
152419_20191106-probe0,33,152419,Excitatory,14784,3.0506473071620097
152419_20191106-probe0,34,152419,Excitatory,24169,4.9872223191828065
152419_20191106-probe0,35,152419,Excitatory,28065,5.791153725345089
152419_20191106-probe0,36,152419,Excitatory,5746,1.1856750153512519
152419_20191106-probe0,37,152419,Excitatory,29978,6.1858972520361695
152419_20191106-probe0,38,152419,Excitatory,12872,2.656110128367789
152419_20191106-probe0,39,152419,Inhibitory,3868,0.7981536650502336
152419_20191106-probe0,40,152419,Excitatory,27652,5.705932043942363
152419_20191106-probe0,41,152419,Excitatory,20580,4.2466397173562065
152419_20191106-probe0,42,152419,Excitatory,4657,0.9609621556719075
152419_20191106-probe0,43,152419,Excitatory,45802,9.451146371931438
152419_20191106-probe0,44,152419,Excitatory,31198,6.43764168620403
152419_20191106-probe0,45,152419,Inhibitory,21731,4.4841461466408035
152419_20191106-probe0,46,152419,Excitatory,41690,8.602643820047632
152419_20191106-probe0,47,152419,Excitatory,1699,0.35058507676327477
152419_20191106-probe0,48,152419,Excitatory,11252,2.3218265354563674
152419_20191106-probe0,49,152419,Excitatory,3756,0.7750427006020366
152419_20191106-probe0,50,152419,Excitatory,16600,3.425375087857776
152419_20191106-probe0,51,152419,Inhibitory,155668,32.121764408231584
152419_20191106-probe0,52,152419,Excitatory,8640,1.7828458288609148
152419_20191106-probe0,53,152419,Excitatory,21267,4.388400722498273
152419_20191106-probe0,54,152419,Inhibitory,15830,3.2664872072764215
152419_20191106-probe0,55,152419,Excitatory,8976,1.852178722205506
152419_20191106-probe0,56,152419,Excitatory,2963,0.6114088183929272
152419_20191106-probe0,57,152419,Excitatory,20133,4.1544022074602776
152419_20191106-probe0,58,152419,Excitatory,6819,1.4070863086808538
152419_20191106-probe0,59,152419,Excitatory,6230,1.2855473974309606
152419_20191106-probe0,60,152419,Excitatory,6357,1.311753580332041
152419_20191106-probe0,61,152419,Excitatory,26876,5.545806075979855
152419_20191106-probe0,62,152419,Excitatory,2372,0.48945721134931597
152419_20191106-probe0,63,152419,Inhibitory,61510,12.692459135791072
152419_20191106-probe0,64,152419,Inhibitory,45678,9.425559232720934
152419_20191106-probe0,65,152419,Inhibitory,18377,3.7920553005760453
152419_20191106-probe0,66,152419,Excitatory,1823,0.37617221597377865
152419_20191106-probe0,67,152419,Excitatory,6504,1.3420867211702998
152419_20191106-probe0,68,152419,Excitatory,13575,2.801172699859597
152419_20191106-probe0,69,152419,Inhibitory,55427,11.43724487919837
152419_20191106-probe0,70,152419,Inhibitory,51270,10.579456671955914
152419_20191106-probe0,71,152419,Excitatory,3411,0.7038526761857153
152419_20191106-probe0,72,152419,Excitatory,32324,6.6699894180671535
152419_20191106-probe0,73,152419,Excitatory,47079,9.714652636220256
152419_20191106-probe0,74,152419,Inhibitory,60867,12.559777438110798
152419_20191106-probe0,75,152419,Excitatory,60518,12.487762022107042
152419_20191106-probe0,76,152419,Excitatory,2257,0.46572720321054223
152419_20191106-probe0,77,152419,Excitatory,44912,9.267496743727014
152419_20191106-probe0,78,152419,Excitatory,22499,4.64262133142844
152419_20191106-probe0,79,152419,Excitatory,8913,1.839178804703395
152419_20191106-probe0,80,152419,Inhibitory,35482,7.321636076347567
152419_20191106-probe0,81,152419,Excitatory,8487,1.7512746006415028
152419_20191106-probe0,82,152419,Inhibitory,185567,38.2913601764159
152419_20191106-probe0,83,152419,Inhibitory,149194,30.785868123967052
152419_20191106-probe0,84,152419,Inhibitory,39160,8.08058364099461
152419_20191106-probe0,86,152419,Inhibitory,83774,17.28658871145767
152419_20191106-probe0,87,152419,Excitatory,7375,1.5218157393344036
152419_20191106-probe0,88,152419,Excitatory,7640,1.5764979320020125
152419_20191106-probe0,89,152419,Excitatory,47809,9.865286600927254
152419_20191106-probe0,90,152419,Excitatory,3109,0.6415356113343269
152419_20191106-probe0,91,152419,Inhibitory,7072,1.4592923265861562
152419_20191106-probe0,92,152419,Excitatory,42848,8.841594684610241
152419_20191106-probe0,93,152419,Excitatory,18620,3.8421978395127585
152419_20191106-probe0,94,152419,Excitatory,64304,13.268995159614846
152419_20191106-probe0,95,152419,Excitatory,42763,8.824055113377234
152419_20191106-probe0,96,152419,Inhibitory,53094,10.955835235826552
152419_20191106-probe0,97,152419,Excitatory,1872,0.38628326291986487
152419_20191106-probe0,98,152419,Excitatory,33698,6.953511428351286
152419_20191106-probe0,99,152419,Excitatory,6124,1.2636745203639168
152419_20191106-probe0,100,152419,Inhibitory,30792,6.353864440079316
152419_20191106-probe0,102,152419,Inhibitory,110394,22.779569725841647
152419_20191106-probe0,103,152419,Excitatory,69731,14.388845195868107
152419_20191106-probe0,104,152419,Excitatory,17122,3.533088690018123
152419_20191106-probe0,105,152419,Excitatory,6691,1.3806737778829143
152419_20191106-probe0,106,152419,Excitatory,16666,3.438994049050464
152419_20191106-probe0,107,152419,Excitatory,10053,2.0744154071225434
152419_20191106-probe0,108,152419,Excitatory,45635,9.416686273156001
152419_20191106-probe0,109,152419,Inhibitory,165990,34.251687399609175
152419_20191106-probe0,110,152419,Excitatory,68538,14.142672154915438
152419_20191106-probe0,111,152419,Inhibitory,36431,7.517460230466665
152419_20191106-probe0,112,152419,Excitatory,13372,2.7592840767972397
152419_20191106-probe0,113,152419,Excitatory,20220,4.172354474487002
152419_20191106-probe0,114,152419,Inhibitory,12995,2.681490919681434
152419_20191106-probe0,115,152419,Excitatory,50008,10.31904562611998
152419_20191106-probe0,116,152419,Excitatory,2780,0.5736471532677481
152419_20191106-probe0,117,152419,Inhibitory,28866,5.95643839072907
152419_20191106-probe0,118,152419,Excitatory,12039,2.4842223302843234
152419_20191106-probe0,119,152419,Excitatory,23729,4.89642924456489
152419_20191106-probe0,120,152419,Inhibitory,12844,2.6503323872557396
152419_20191106-probe0,121,152419,Excitatory,6067,1.2519126902429596
152419_20191106-probe0,122,152419,Inhibitory,81764,16.87182943877128
152419_20191106-probe0,123,152419,Excitatory,42601,8.790626754086091
152419_20191106-probe0,124,152419,Excitatory,28501,5.881121408375571
152419_20191106-probe0,125,152419,Excitatory,11598,2.3932229077695473
152419_20191106-probe0,126,152419,Inhibitory,43981,9.075386851751377
152419_20191106-probe0,127,152419,Excitatory,4609,0.9510574566226802
152419_20191106-probe0,128,152419,Inhibitory,14734,3.0403299123190646
152419_20191106-probe0,129,152419,Excitatory,4137,0.8536612493052783
152419_20191106-probe0,130,152419,Inhibitory,72170,14.89212771630697
152419_20191106-probe0,131,152419,Inhibitory,2759,0.569313847433711
152419_20191106-probe0,132,152419,Excitatory,5318,1.0973581154956418
152419_20191106-probe0,133,152419,Excitatory,16711,3.448279704409114
152419_20191106-probe0,134,152419,Excitatory,3980,0.8212646294984306
152419_20191106-probe0,135,152419,Excitatory,8257,1.7038145843639552
152419_20191106-probe0,136,152419,Excitatory,58251,12.01997133992791
152419_20191106-probe0,137,152419,Excitatory,204730,42.24560492392304
152419_20191106-probe0,138,152419,Excitatory,18805,3.880372200431655
152419_20191106-probe0,139,152419,Excitatory,4929,1.0170887836175289
152419_20191106-probe0,140,152419,Inhibitory,14937,3.0822185353814215
152419_20191106-probe0,141,152419,Excitatory,7266,1.4993238185767832
152419_20191106-probe0,142,152419,Excitatory,3451,0.7121065920600714
152419_20191106-probe0,143,152419,Inhibitory,28018,5.7814553741927215
152419_20191106-probe0,144,152419,Inhibitory,31934,6.589513738292182
152419_20191106-probe0,145,152419,Inhibitory,24136,4.980412838586463
152419_20191106-probe0,146,152419,Excitatory,21982,4.535939468752388
152419_20191106-probe0,147,152419,Excitatory,19520,4.02791094668577
152419_20191106-probe0,148,152419,Inhibitory,50867,10.496298469521777
152419_20191106-probe0,149,152419,Excitatory,10697,2.2073034526996764
152419_20191106-probe0,150,152419,Inhibitory,45195,9.325893198538084
152419_20191106-probe0,151,152419,Excitatory,1883,0.3885530897853128
152419_20191106-probe0,152,152419,Excitatory,4950,1.0214220894515658
152419_20191106-probe0,153,152419,Excitatory,7123,1.46981606932596
152419_20191106-probe0,154,152419,Excitatory,40612,8.380200787233735
152419_20191106-probe0,155,152419,Excitatory,11978,2.47163510857593
152419_20191106-probe0,156,152419,Inhibitory,81897,16.89927370905351
152419_20191106-probe0,157,152419,Excitatory,10709,2.2097796274619834
152419_20191106-probe0,158,152419,Excitatory,7410,1.5290379157244651
152419_20191106-probe0,159,152419,Excitatory,8849,1.8259725393044253
152419_20191106-probe0,160,152419,Excitatory,13202,2.7242049343312265
152419_20191106-probe0,161,152419,Excitatory,3347,0.6906464107867456
152419_20191106-probe0,162,152419,Inhibitory,198258,40.910121335452224
152419_20191106-probe0,163,152419,Excitatory,11022,2.2743665191788196
152419_20191106-probe0,164,152419,Excitatory,4677,0.9650891136090854
152419_20191106-probe0,165,152419,Excitatory,13892,2.866584983163869
152419_20191106-probe0,166,152419,Excitatory,9441,1.9481304942448954
152419_20191106-probe0,167,152419,Excitatory,61739,12.739712804171761
152419_20191106-probe0,168,152419,Excitatory,12152,2.507539642629379
152419_20191106-probe0,169,152419,Excitatory,26029,5.371029407340365
152419_20191106-probe0,170,152419,Excitatory,4244,0.8757404742691808
152419_20191106-probe0,171,152419,Inhibitory,42423,8.753896828445207
152419_20191106-probe0,172,152419,Excitatory,10977,2.265080863820169
152419_20191106-probe0,173,152419,Excitatory,15121,3.12018654840346
152419_20191106-probe0,174,152419,Excitatory,1520,0.3136488032255313
152419_20191106-probe0,175,152419,Excitatory,9116,1.8810674277657522
152419_20191106-probe0,176,152419,Excitatory,6802,1.4035783944342526
152419_20191106-probe0,177,152419,Excitatory,6396,1.3198011483095382
152419_20191106-probe0,178,152419,Excitatory,24378,5.030349029626318
152419_20191106-probe0,179,152419,Excitatory,9355,1.93038457511503
152419_20191106-probe0,180,152419,Excitatory,53326,11.003707947897817
152419_20191106-probe0,181,152419,Excitatory,16260,3.3552168029257494
152419_20191106-probe0,182,152419,Excitatory,5573,1.1499768291946617
152419_20191106-probe0,183,152419,Excitatory,9218,1.9021149132453603
152419_20191106-probe0,184,152419,Excitatory,6479,1.3369280237488272
152419_20191106-probe0,185,152419,Excitatory,7021,1.4487685838463522
152419_20191106-probe0,186,152419,Inhibitory,20721,4.275734770813312
152419_20191106-probe0,187,152419,Excitatory,28278,5.835105827376036
152419_20191106-probe0,188,152419,Excitatory,16596,3.4245496962703403
152419_20191106-probe0,189,152419,Excitatory,2732,0.5637424542185208
152419_20191106-probe0,190,152419,Excitatory,1828,0.37720395545807317
152419_20191106-probe0,191,152419,Excitatory,8756,1.8067821848965475
152419_20191106-probe0,192,152419,Excitatory,20515,4.233227104060378
152419_20191106-probe0,193,152419,Excitatory,20783,4.288528340418564
152419_20191106-probe0,194,152419,Excitatory,5438,1.12211986311871
152419_20191106-probe0,195,152419,Excitatory,4385,0.9048355277262861
152419_20191106-probe0,196,152419,Excitatory,2745,0.5664249768776864
152419_20191106-probe0,197,152419,Excitatory,2105,0.4343623228879891
152419_20191106-probe0,198,152419,Excitatory,36091,7.4473019455346385
152419_20191106-probe0,199,152419,Excitatory,1599,0.32995028707738455
152419_20191106-probe0,200,152419,Inhibitory,79957,16.498958789147242
152419_20191106-probe0,201,152419,Excitatory,7210,1.4877683363526846
152419_20191106-probe0,202,152419,Excitatory,61881,12.769014205525725
152419_20191106-probe0,203,152419,Excitatory,7443,1.5358473963208088
152419_20191106-probe0,204,152419,Inhibitory,41959,8.658151404302677
152419_20191106-probe0,205,152419,Excitatory,10935,2.256414252152095
152419_20191106-probe0,206,152419,Excitatory,10758,2.2198906744080698
152419_20191106-probe0,207,152419,Excitatory,65883,13.594818488755052
152419_20191106-probe0,208,152419,Excitatory,17124,3.533501385811841
152419_20191106-probe0,209,152419,Inhibitory,20910,4.314734523319644
152419_20191106-probe0,210,152419,Excitatory,19503,4.024403032439169
152419_20191106-probe0,211,152419,Excitatory,11179,2.3067631389856675
152419_20191106-probe0,212,152419,Excitatory,46524,9.600129553463566
152419_20191106-probe0,213,152419,Excitatory,21222,4.3791150671396215
152419_20191106-probe0,214,152419,Excitatory,33388,6.889543580325026
152419_20191106-probe0,215,152419,Excitatory,11434,2.3593818526846873
152419_20191106-probe0,216,152419,Excitatory,3303,0.6815671033249538
152419_20191106-probe0,217,152419,Excitatory,4186,0.8637722962513645
152419_20191106-probe0,218,152419,Inhibitory,8336,1.7201160682158085
152419_20191106-probe0,219,152419,Excitatory,6576,1.3569437697441407
152419_20191106-probe0,220,152419,Excitatory,14661,3.0252665158483647
152419_20191106-probe0,221,152419,Excitatory,10104,2.0849391498623477
152419_20191106-probe0,222,152419,Excitatory,30857,6.367277053375144
152419_20191106-probe0,223,152419,Excitatory,15768,3.2536936376711694
152419_20191106-probe0,224,152419,Excitatory,16473,3.3991689049566953
152419_20191106-probe0,225,152419,Excitatory,1456,0.30044253782656155
152419_20191106-probe0,226,152419,Excitatory,12533,2.586158191332621
152419_20191106-probe0,228,152419,Excitatory,40191,8.293328322656137
152419_20191106-probe0,229,152419,Excitatory,9410,1.9417337094422695
152419_20191106-probe0,230,152419,Excitatory,19677,4.060307566492618
152419_20191106-probe0,231,152419,Excitatory,19192,3.9602288365160505
152419_20191106-probe0,232,152419,Excitatory,20682,4.267687202835814
152419_20191106-probe0,233,152419,Excitatory,21722,4.482289015569073
152419_20191106-probe0,234,152419,Excitatory,10967,2.26301738485158
152419_20191106-probe0,235,152419,Inhibitory,54555,11.257309513137407
152419_20191106-probe0,236,152419,Excitatory,57945,11.956828883489086
152419_20191106-probe0,238,152419,Excitatory,17556,3.6226436772548865
152419_20191106-probe0,239,152419,Excitatory,10564,2.1798591824174425
152419_20191106-probe0,240,152419,Excitatory,17745,3.6616434297612193
152419_20191106-probe0,241,152419,Excitatory,15032,3.1018215855830173
152419_20191106-probe0,242,152419,Excitatory,2248,0.4638700721388121
152419_20191106-probe0,243,152419,Excitatory,16631,3.431771872660402
152419_20191106-probe0,244,152419,Excitatory,8330,1.718877980834655
152419_20191106-probe0,245,152419,Excitatory,7893,1.6287039499073148
152419_20191106-probe0,246,152419,Excitatory,17885,3.6905321353214653
152419_20191106-probe0,247,152419,Excitatory,14759,3.0454886097405374
152419_20191106-probe0,248,152419,Excitatory,7563,1.5606091439438772
152419_20191106-probe0,249,152419,Inhibitory,31633,6.527403021337652
152419_20191106-probe0,250,152419,Excitatory,3829,0.7901060970727364
152419_20191106-probe0,251,152419,Excitatory,12810,2.6433165587625367
152419_20191106-probe0,252,152419,Excitatory,4943,1.0199776541735535
152419_20191106-probe0,253,152419,Inhibitory,12476,2.5743963612116634
152419_20191106-probe0,254,152419,Excitatory,11305,2.332762973989889
152419_20191106-probe0,255,152419,Excitatory,4502,0.9289782316587776
152419_20191106-probe0,256,152419,Excitatory,16340,3.3717246346744614
152419_20191106-probe0,257,152419,Excitatory,11512,2.3754769886396816
152419_20191106-probe0,258,152419,Inhibitory,4172,0.8608834256953398
152419_20191106-probe0,259,152419,Excitatory,7693,1.5874343705355345
152419_20191106-probe0,260,152419,Excitatory,12986,2.6796337886097037
152419_20191106-probe0,261,152419,Excitatory,3737,0.7711220905617174
152419_20191106-probe0,262,152419,Excitatory,32926,6.794210851976213
152419_20191106-probe0,263,152419,Excitatory,3247,0.6700116211008553
152419_20191106-probe0,264,152419,Excitatory,6978,1.4398956242814194
152419_20191106-probe0,265,152419,Excitatory,8179,1.6877194484089608
152419_20191106-probe0,266,152419,Excitatory,3522,0.7267572927370535
152419_20191106-probe0,267,152419,Excitatory,32663,6.739941355102322
152419_20191106-probe0,268,152419,Excitatory,2653,0.5474409703666675
152419_20191106-probe0,269,152419,Excitatory,7593,1.5667995808496442
152419_20191106-probe0,270,152419,Excitatory,5923,1.2221985930952777
152419_20191106-probe0,271,152419,Excitatory,2398,0.4948222566676474
152419_20191106-probe0,272,152419,Excitatory,4639,0.9572478935284472
152419_20191106-probe0,273,152419,Excitatory,10383,2.1425102130859814
152419_20191106-probe0,274,152419,Excitatory,7521,1.5519425322758031
152419_20191106-probe0,275,152419,Excitatory,5170,1.0668186267605242
152419_20191106-probe0,276,152419,Excitatory,1466,0.3025060167951506
152419_20191106-probe0,277,152419,Inhibitory,58964,12.167097390388308
152419_20191106-probe0,278,152419,Excitatory,11303,2.3323502781961714
152419_20191106-probe0,279,152419,Excitatory,6603,1.362515162959331
152419_20191106-probe0,280,152419,Excitatory,3045,0.6283293459353572
152419_20191106-probe0,281,152419,Excitatory,21262,4.387368983013978
152419_20191106-probe0,282,152419,Excitatory,23145,4.775922072799291
152419_20191106-probe0,283,152419,Excitatory,3910,0.8068202767183075
152419_20191106-probe0,284,152419,Excitatory,2433,0.502044433057709
152419_20191106-probe0,285,152419,Excitatory,8056,1.6623386570953158
152419_20191106-probe0,286,152419,Excitatory,12419,2.562634531090706
152419_20191106-probe0,287,152419,Excitatory,4073,0.8404549839063086
152419_20191106-probe0,288,152419,Excitatory,7254,1.4968476438144764
152419_20191106-probe0,289,152419,Excitatory,6992,1.442784494837444
152419_20191106-probe0,290,152419,Excitatory,13821,2.8519342824868867
152419_20191106-probe0,291,152419,Excitatory,12523,2.584094712364032
152419_20191106-probe0,292,152419,Excitatory,28354,5.850788267537312
152419_20191106-probe0,293,152419,Excitatory,3182,0.6565990078050267
152419_20191106-probe0,294,152419,Excitatory,3036,0.626472214863627
152419_20191106-probe0,295,152419,Excitatory,13209,2.725649369609239
152419_20191106-probe0,296,152419,Excitatory,17754,3.6635005608329494
152419_20191106-probe0,297,152419,Excitatory,2363,0.48760008027758583
152419_20191106-probe0,298,152419,Excitatory,8466,1.7469412948074658
152419_20191106-probe0,299,152419,Excitatory,13141,2.7116177126228336
152419_20191106-probe0,300,152419,Excitatory,3760,0.7758680921894722
152419_20191106-probe0,301,152419,Excitatory,1847,0.3811245654983923
152419_20191106-probe0,302,152419,Inhibitory,54520,11.250087336747347
152419_20191106-probe0,303,152419,Excitatory,1748,0.360696123709361
152419_20191106-probe0,304,152419,Excitatory,3301,0.6811544075312361
152419_20191106-probe0,305,152419,Excitatory,28229,5.824994780429949
152419_20191106-probe0,306,152419,Excitatory,9205,1.8994323905861945
152419_20191106-probe0,307,152419,Excitatory,2282,0.47088590063201474
152419_20191106-probe0,308,152419,Excitatory,3834,0.791137836557031
152419_20191106-probe0,309,152419,Excitatory,7226,1.491069902702427
152419_20191106-probe0,310,152419,Excitatory,2554,0.5270125285776361
152419_20191106-probe0,311,152419,Excitatory,4163,0.8590262946236098
152419_20191106-probe0,312,152419,Excitatory,5054,1.0428822707248915
152419_20191106-probe0,313,152419,Excitatory,29034,5.991104837401366
152419_20191106-probe0,314,152419,Excitatory,5531,1.141310217526588
152419_20191106-probe0,315,152419,Excitatory,5732,1.1827861447952273
152419_20191106-probe0,316,152419,Excitatory,4089,0.843756550256051
152419_20191106-probe0,317,152419,Excitatory,23533,4.855985056780545
152419_20191106-probe0,318,152419,Excitatory,2813,0.5804566338640919
152419_20191106-probe0,319,152419,Excitatory,59730,12.325159879382227
152419_20191106-probe0,320,152419,Excitatory,2103,0.43394962709427126
152419_20191106-probe0,321,152419,Excitatory,4895,1.0100729551243262
152419_20191106-probe0,322,152419,Excitatory,21849,4.508495198470154
152419_20191106-probe0,323,152419,Excitatory,13888,2.8657595915764333
152419_20191106-probe0,324,152419,Excitatory,3452,0.7123129399569303
152419_20191106-probe0,325,152419,Excitatory,2091,0.43147345233196444
152419_20191106-probe0,326,152419,Excitatory,14262,2.942933705001663
152419_20191106-probe0,327,152419,Excitatory,3120,0.6438054381997748
152419_20191106-probe0,328,152419,Excitatory,13593,2.8048869620030574
152419_20191106-probe0,329,152419,Excitatory,3751,0.774010961117742
152419_20191106-probe0,330,152419,Excitatory,2718,0.5608535836624962
152419_20191106-probe0,331,152419,Excitatory,11211,2.3133662716851524
152419_20191106-probe0,332,152419,Excitatory,8336,1.7201160682158085
152419_20191106-probe0,333,152419,Excitatory,2343,0.4834731223404078
152419_20191106-probe0,334,152419,Excitatory,3191,0.6584561388767568
152419_20191106-probe0,335,152419,Excitatory,3428,0.7073605904323167
152419_20191106-probe0,336,152419,Excitatory,25440,5.249490496090472
152419_20191106-probe0,337,152419,Excitatory,7655,1.5795931504548961
152419_20191106-probe0,338,152419,Excitatory,2134,0.4403464118968972
152419_20191106-probe0,340,152419,Excitatory,60427,12.468984363492881
152419_20191106-probe0,341,152419,Excitatory,32995,6.808448856859477
152419_20191106-probe0,342,152419,Excitatory,26436,5.455013001361938
152419_20191106-probe0,343,152419,Inhibitory,40686,8.395470531601294
152419_20191106-probe0,344,152419,Excitatory,34633,7.146446711914359
152419_20191106-probe0,345,152419,Excitatory,24160,4.985365188111077
152419_20191106-probe0,346,152419,Excitatory,4659,0.9613748514656252
152419_20191106-probe0,347,152419,Excitatory,3499,0.7220112911092987
152419_20191106-probe0,348,152419,Excitatory,3573,0.7372810354768574
152419_20191106-probe0,349,152419,Excitatory,3329,0.6869321486432853
152419_20191106-probe0,350,152419,Excitatory,2222,0.4585050268204806
152419_20191106-probe0,351,152419,Excitatory,1968,0.4060926610183195
152419_20191106-probe0,352,152419,Excitatory,1546,0.3190138485438628
152419_20191106-probe0,353,152419,Excitatory,2830,0.5839645481106932
156130_20191112-probe0,0,156130,Excitatory,24081,4.256091618394524
156130_20191112-probe0,1,156130,Excitatory,33320,5.888998493621758
156130_20191112-probe0,2,156130,Excitatory,12903,2.280484620744344
156130_20191112-probe0,3,156130,Inhibitory,31199,5.514131572704238
156130_20191112-probe0,4,156130,Excitatory,7204,1.2732396503016548
156130_20191112-probe0,5,156130,Excitatory,45176,7.984435652696774
156130_20191112-probe0,6,156130,Excitatory,5979,1.0567323527420314
156130_20191112-probe0,7,156130,Excitatory,23485,4.150754190357352
156130_20191112-probe0,8,156130,Excitatory,18566,3.2813669277485458
156130_20191112-probe0,9,156130,Excitatory,9749,1.7230446072724643
156130_20191112-probe0,10,156130,Excitatory,1725,0.3048776230941636
156130_20191112-probe0,11,156130,Excitatory,17198,3.039585717086044
156130_20191112-probe0,12,156130,Excitatory,42944,7.5899505195105865
156130_20191112-probe0,13,156130,Excitatory,11414,2.0173177913024833
156130_20191112-probe0,15,156130,Excitatory,4644,0.8207835835648092
156130_20191112-probe0,16,156130,Excitatory,3281,0.5798860761576526
156130_20191112-probe0,17,156130,Excitatory,2689,0.4752556107247571
156130_20191112-probe0,19,156130,Excitatory,9077,1.6042748897540424
156130_20191112-probe0,20,156130,Excitatory,1742,0.30788221416233796
156130_20191112-probe0,21,156130,Excitatory,1825,0.32255168820107166
156130_20191112-probe0,22,156130,Excitatory,12536,2.2156208018019914
156130_20191112-probe0,23,156130,Excitatory,17672,3.123360785692788
156130_20191112-probe0,24,156130,Excitatory,24207,4.278360940429228
156130_20191112-probe0,25,156130,Excitatory,21317,3.767580458839586
156130_20191112-probe0,26,156130,Excitatory,101056,17.860703234436983
156130_20191112-probe0,27,156130,Excitatory,26413,4.668250816687619
156130_20191112-probe0,28,156130,Excitatory,13824,2.4432627603789667
156130_20191112-probe0,29,156130,Excitatory,20895,3.692995904088434
156130_20191112-probe0,31,156130,Excitatory,6540,1.1558838579917854
156130_20191112-probe0,32,156130,Excitatory,22899,4.047184168830871
156130_20191112-probe0,33,156130,Excitatory,16599,2.933718067095665
156130_20191112-probe0,34,156130,Excitatory,19442,3.43619173808506
156130_20191112-probe0,35,156130,Excitatory,21279,3.760864314098961
156130_20191112-probe0,36,156130,Excitatory,44943,7.9432550809976785
156130_20191112-probe0,37,156130,Excitatory,6696,1.183455399558562
156130_20191112-probe0,38,156130,Excitatory,14124,2.4962849556996907
156130_20191112-probe0,39,156130,Excitatory,4661,0.8237881746329835
156130_20191112-probe0,40,156130,Excitatory,5379,0.9506879621005832
156130_20191112-probe0,41,156130,Excitatory,26842,4.744072555996254
156130_20191112-probe0,43,156130,Excitatory,6168,1.0901363357940876
156130_20191112-probe0,44,156130,Excitatory,6158,1.088368929283397
156130_20191112-probe0,45,156130,Excitatory,2179,0.38511787867952607
156130_20191112-probe0,46,156130,Excitatory,14629,2.5855389844895766
156130_20191112-probe0,47,156130,Excitatory,107728,19.03991685836989
156130_20191112-probe0,50,156130,Excitatory,34647,6.123533337590427
156130_20191112-probe0,51,156130,Excitatory,15762,2.7857861421508443
156130_20191112-probe0,52,156130,Excitatory,40446,7.148452373140024
156130_20191112-probe0,53,156130,Excitatory,14808,2.6171755610309417
156130_20191112-probe0,54,156130,Excitatory,9118,1.6115212564478747
156130_20191112-probe0,55,156130,Excitatory,17306,3.0586737074015047
156130_20191112-probe0,56,156130,Excitatory,42665,7.540639877862313
156130_20191112-probe0,57,156130,Excitatory,58855,10.402071018670725
156130_20191112-probe0,58,156130,Excitatory,24723,4.369559116380874
156130_20191112-probe0,59,156130,Excitatory,35531,6.279772073135494
156130_20191112-probe0,60,156130,Excitatory,27923,4.93512919980193
156130_20191112-probe0,61,156130,Excitatory,23358,4.128308127671579
156130_20191112-probe0,62,156130,Excitatory,51130,9.036749489162078
156130_20191112-probe0,63,156130,Excitatory,45780,8.091187005942498
156130_20191112-probe0,64,156130,Excitatory,21682,3.8320907964798003
156130_20191112-probe0,65,156130,Excitatory,42994,7.59878755206404
156130_20191112-probe0,66,156130,Excitatory,98187,17.353634306519794
156130_20191112-probe0,67,156130,Excitatory,45063,7.964463959125968
156130_20191112-probe0,68,156130,Excitatory,20905,3.6947633105991247
156130_20191112-probe0,69,156130,Excitatory,23197,4.099852882849457
156130_20191112-probe0,70,156130,Excitatory,33800,5.973834006134916
156130_20191112-probe0,71,156130,Excitatory,75309,13.310161691361373
156130_20191112-probe0,72,156130,Excitatory,7475,1.3211363667413756
156130_20191112-probe0,73,156130,Excitatory,72302,12.778702553596647
156130_20191112-probe0,74,156130,Excitatory,11840,2.092609308657911
156130_20191112-probe0,75,156130,Excitatory,30581,5.404905850343546
156130_20191112-probe0,76,156130,Excitatory,76738,13.562724081739088
156130_20191112-probe0,77,156130,Excitatory,24051,4.250789398862452
156130_20191112-probe0,78,156130,Excitatory,31905,5.638910472359009
156130_20191112-probe0,79,156130,Excitatory,40978,7.242478399508775
156130_20191112-probe0,80,156130,Excitatory,109149,19.29106532353905
156130_20191112-probe0,81,156130,Excitatory,11681,2.0645075451379276
156130_20191112-probe0,82,156130,Excitatory,58935,10.41621027075625
156130_20191112-probe0,83,156130,Excitatory,35583,6.288962586991086
156130_20191112-probe0,84,156130,Excitatory,65807,11.63077202490297
156130_20191112-probe0,85,156130,Excitatory,15047,2.659416576636452
156130_20191112-probe0,86,156130,Excitatory,28339,5.008653310646668
156130_20191112-probe0,87,156130,Excitatory,52769,9.3264274162643
156130_20191112-probe0,88,156130,Excitatory,17758,3.138560481684729
156130_20191112-probe0,89,156130,Excitatory,16127,2.8502964797910586
156130_20191112-probe0,90,156130,Excitatory,13903,2.457225271813424
156130_20191112-probe0,91,156130,Excitatory,9897,1.7492022236306883
156130_20191112-probe0,92,156130,Inhibitory,7668,1.3552473123977082
156130_20191112-probe0,93,156130,Excitatory,38517,6.807519657227768
156130_20191112-probe0,94,156130,Excitatory,125594,22.19756533037008
156130_20191112-probe0,95,156130,Excitatory,93032,16.442536250258684
156130_20191112-probe0,96,156130,Excitatory,44476,7.860717196948418
156130_20191112-probe0,97,156130,Excitatory,11045,1.9521004910579924
156130_20191112-probe0,98,156130,Excitatory,8748,1.546127215552315
156130_20191112-probe0,99,156130,Excitatory,7830,1.3838792978708991
156130_20191112-probe0,100,156130,Excitatory,18917,3.343402896273793
156130_20191112-probe0,101,156130,Excitatory,26208,4.632018983218458
156130_20191112-probe0,102,156130,Excitatory,19954,3.5266829514324294
156130_20191112-probe0,103,156130,Excitatory,17616,3.1134633092329196
156130_20191112-probe0,104,156130,Excitatory,20769,3.67072658205373
156130_20191112-probe0,105,156130,Excitatory,38369,6.781362040869544
156130_20191112-probe0,106,156130,Excitatory,8314,1.469421772988334
156130_20191112-probe0,107,156130,Excitatory,6950,1.2283475249301083
156130_20191112-probe0,108,156130,Inhibitory,33369,5.8976587855241425
156130_20191112-probe0,109,156130,Excitatory,4052,0.7161531181319136
156130_20191112-probe0,110,156130,Excitatory,12513,2.2115557668274026
156130_20191112-probe0,111,156130,Excitatory,32079,5.669663345645029
156130_20191112-probe0,112,156130,Excitatory,2202,0.38918291365411495
156130_20191112-probe0,113,156130,Inhibitory,73800,13.04346004889813
156130_20191112-probe0,114,156130,Excitatory,65239,11.530383335095733
156130_20191112-probe0,115,156130,Inhibitory,86666,15.317405265552917
156130_20191112-probe0,116,156130,Excitatory,8377,1.480556434005686
156130_20191112-probe0,117,156130,Excitatory,23603,4.171609587183504
156130_20191112-probe0,118,156130,Excitatory,61041,10.788426081907733
156130_20191112-probe0,119,156130,Excitatory,18357,3.244428131675108
156130_20191112-probe0,120,156130,Excitatory,42654,7.538695730700553
156130_20191112-probe0,121,156130,Excitatory,45660,8.069978127814208
156130_20191112-probe0,122,156130,Inhibitory,4866,0.860020008102145
156130_20191112-probe0,123,156130,Inhibitory,65078,11.50192809027361
156130_20191112-probe0,124,156130,Excitatory,7052,1.2463750713391546
156130_20191112-probe0,125,156130,Excitatory,35715,6.312292352932205
156130_20191112-probe0,126,156130,Excitatory,13891,2.4551043840005953
156130_20191112-probe0,127,156130,Excitatory,26914,4.7567978828732285
156130_20191112-probe0,128,156130,Excitatory,147103,25.999079994214927
156130_20191112-probe0,129,156130,Inhibitory,66740,11.795671052350423
156130_20191112-probe0,130,156130,Excitatory,32217,5.6940535554925615
156130_20191112-probe0,131,156130,Excitatory,11577,2.0461265174267433
156130_20191112-probe0,132,156130,Excitatory,22546,3.9847947190034856
156130_20191112-probe0,133,156130,Excitatory,8513,1.504593162551081
156130_20191112-probe0,134,156130,Excitatory,8202,1.449626820068597
156130_20191112-probe0,135,156130,Excitatory,21367,3.77641749139304
156130_20191112-probe0,136,156130,Inhibitory,21040,3.7186232984934504
156130_20191112-probe0,137,156130,Inhibitory,61010,10.782947121724591
156130_20191112-probe0,138,156130,Excitatory,32460,5.737001533702348
156130_20191112-probe0,139,156130,Excitatory,880,0.1555317729407907
156130_20191112-probe0,140,156130,Excitatory,18520,3.2732368577993682
156130_20191112-probe0,141,156130,Excitatory,28250,4.9929233927015195
156130_20191112-probe0,143,156130,Excitatory,3783,0.668609882994331
156130_20191112-probe0,144,156130,Excitatory,936,0.1654292494006592
156130_20191112-probe0,145,156130,Excitatory,58640,10.364071778690871
156130_20191112-probe0,146,156130,Inhibitory,80619,14.24865454853819
156130_20191112-probe0,147,156130,Excitatory,15954,2.819720347156108
156130_20191112-probe0,148,156130,Inhibitory,11237,1.986034696063256
156130_20191112-probe0,149,156130,Excitatory,2534,0.44786080980904963
156130_20191112-probe0,150,156130,Excitatory,1083,0.19141012510781402
156130_20191112-probe0,151,156130,Excitatory,4057,0.717036821387259
156130_20191112-probe0,152,156130,Inhibitory,64061,11.322182848136356
156130_20191112-probe0,153,156130,Excitatory,7570,1.3379267285929382
156130_20191112-probe0,154,156130,Excitatory,6968,1.2315288566493519
156130_20191112-probe0,155,156130,Excitatory,19215,3.396071610292379
156130_20191112-probe0,156,156130,Excitatory,6884,1.2166826419595491
156130_20191112-probe0,157,156130,Inhibitory,13013,2.2999260923619427
156130_20191112-probe0,158,156130,Inhibitory,42348,7.484613091473415
156130_20191112-probe0,159,156130,Excitatory,9743,1.7219841633660498
156130_20191112-probe0,160,156130,Inhibitory,49345,8.72126742700377
156130_20191112-probe0,161,156130,Excitatory,11079,1.9581096731943413
156130_20191112-probe0,162,156130,Excitatory,719,0.12707652811866876
156130_20191112-probe0,163,156130,Excitatory,6030,1.0657461259465546
156130_20191112-probe0,164,156130,Excitatory,16850,2.978079970514004
156130_20191112-probe0,165,156130,Excitatory,20497,3.62265312496294
156130_20191112-probe0,166,156130,Excitatory,3314,0.5857185176429323
156130_20191112-probe0,167,156130,Excitatory,30452,5.3821063063556345
156130_20191112-probe0,168,156130,Excitatory,15965,2.8216644943178677
156130_20191112-probe0,169,156130,Excitatory,10570,1.8681486818001793
156130_20191112-probe0,170,156130,Excitatory,8315,1.4695985136394032
156130_20191112-probe0,171,156130,Excitatory,21673,3.8305001306201785
156130_20191112-probe0,172,156130,Inhibitory,33246,5.875919685442645
156130_20191112-probe0,173,156130,Excitatory,3933,0.695120980654693
156130_20191112-probe0,175,156130,Excitatory,1935,0.34199315981867046
156130_20191112-probe0,176,156130,Inhibitory,25134,4.442199523970266
156130_20191112-probe0,177,156130,Excitatory,12084,2.135734027518767
156130_20191112-probe0,178,156130,Excitatory,6272,1.1085173635052719
156130_20191112-probe0,179,156130,Excitatory,9255,1.6357347256443386
156130_20191112-probe0,180,156130,Excitatory,41031,7.251845654015436
156130_20191112-probe0,181,156130,Excitatory,386,0.06822189131266501
156130_20191112-probe0,182,156130,Excitatory,3349,0.5919044404303501
156130_20191112-probe0,183,156130,Inhibitory,7577,1.3391639131504218
156130_20191112-probe0,184,156130,Inhibitory,25258,4.464115364702831
156130_20191112-probe0,185,156130,Excitatory,5814,1.0275701453156332
156130_20191112-probe0,186,156130,Excitatory,17956,3.173555130596407
156130_20191112-probe0,187,156130,Excitatory,75781,13.393583278665979
156130_20191112-probe0,188,156130,Inhibitory,25223,4.457929441915414
156130_20191112-probe0,189,156130,Excitatory,28892,5.106390890687869
156130_20191112-probe0,190,156130,Excitatory,582,0.10286305892220476
156130_20191112-probe0,191,156130,Excitatory,8268,1.4612917030391563
156130_20191112-probe0,192,156130,Excitatory,26233,4.636437499495185
156130_20191112-probe0,193,156130,Inhibitory,15903,2.8107065739515846
156130_20191112-probe0,194,156130,Excitatory,9652,1.7059007641187636
156130_20191112-probe0,195,156130,Excitatory,23154,4.092253034853487
156130_20191112-probe0,196,156130,Excitatory,16071,2.84039900333119
156130_20191112-probe0,197,156130,Excitatory,2692,0.4757858326779643
156130_20191112-probe0,198,156130,Excitatory,9003,1.5911960815749304
156130_20191112-probe0,199,156130,Excitatory,6112,1.0802388593342191
156130_20191112-probe0,200,156130,Inhibitory,13196,2.332269631507584
156130_20191112-probe0,201,156130,Excitatory,15427,2.7265780240427024
156130_20191112-probe0,202,156130,Excitatory,34176,6.04028849093689
156130_20191112-probe0,203,156130,Excitatory,20503,3.6237135688693543
156130_20191112-probe0,204,156130,Excitatory,59680,10.547882055802715
156130_20191112-probe0,205,156130,Excitatory,1894,0.3347467931248382
156130_20191112-probe0,206,156130,Excitatory,10671,1.8859994875581565
156130_20191112-probe0,207,156130,Excitatory,30813,5.445909681391573
156130_20191112-probe0,208,156130,Excitatory,18742,3.312473282336704
156130_20191112-probe0,209,156130,Excitatory,17525,3.097379909985633
156130_20191112-probe0,210,156130,Excitatory,9544,1.686812773803303
156130_20191112-probe0,211,156130,Excitatory,9412,1.6634830078621843
156130_20191112-probe0,212,156130,Excitatory,13871,2.4515695709792134
156130_20191112-probe0,213,156130,Excitatory,46633,8.241946781304424
156130_20191112-probe0,214,156130,Excitatory,44231,7.817415737436493
156130_20191112-probe0,215,156130,Excitatory,46583,8.23310974875097
156130_20191112-probe0,216,156130,Excitatory,14712,2.6002084585283103
156130_20191112-probe0,217,156130,Inhibitory,37057,6.54947830666691
156130_20191112-probe0,218,156130,Excitatory,26090,4.611163586392307
156130_20191112-probe0,219,156130,Inhibitory,42930,7.587476150395619
156130_20191112-probe0,220,156130,Excitatory,27082,4.786490312252834
156130_20191112-probe0,221,156130,Inhibitory,23885,4.221450450784984
156130_20191112-probe0,223,156130,Excitatory,12774,2.2576850767564323
156130_20191112-probe0,224,156130,Excitatory,3738,0.6606565536962223
156130_20191112-probe0,225,156130,Inhibitory,49219,8.698998104969066
156130_20191112-probe0,226,156130,Excitatory,2474,0.4372563707449048
156130_20191112-probe0,227,156130,Excitatory,18829,3.327849718979714
156130_20191112-probe0,228,156130,Inhibitory,21014,3.7140280415656544
156130_20191112-probe0,229,156130,Inhibitory,7503,1.3260851049713098
156130_20191112-probe0,230,156130,Excitatory,7109,1.2564492884500922
156130_20191112-probe0,231,156130,Inhibitory,72393,12.794785952843934
156130_20191112-probe0,233,156130,Excitatory,4587,0.8107093664538716
156130_20191112-probe0,234,156130,Excitatory,44503,7.8654891945272825
156130_20191112-probe0,235,156130,Excitatory,27683,4.892711443545351
156130_20191112-probe0,236,156130,Excitatory,46533,8.224272716197516
156130_20191112-probe0,237,156130,Excitatory,15332,2.70978766219114
156130_20191112-probe0,238,156130,Excitatory,13491,2.384408123572963
156130_20191112-probe0,239,156130,Excitatory,35455,6.266339783654244
156130_20191112-probe0,240,156130,Excitatory,9237,1.6325533939250951
156130_20191112-probe0,241,156130,Excitatory,8953,1.5823590490214763
156130_20191112-probe0,242,156130,Excitatory,10273,1.8156567084326625
156130_20191112-probe0,243,156130,Excitatory,6158,1.088368929283397
156130_20191112-probe0,244,156130,Excitatory,20248,3.5786447028467387
156130_20191112-probe0,245,156130,Excitatory,1901,0.33598397768232174
156130_20191112-probe0,246,156130,Inhibitory,57084,10.089063325627382
156130_20191112-probe0,247,156130,Excitatory,30399,5.372739051848973
156130_20191112-probe0,248,156130,Excitatory,29244,5.168603599864186
156130_20191112-probe0,249,156130,Inhibitory,120052,21.218068642145234
156130_20191112-probe0,250,156130,Excitatory,5107,0.9026145050097933
156130_20191112-probe0,251,156130,Excitatory,8477,1.498230499112594
156130_20191112-probe0,252,156130,Excitatory,4484,0.7925050793937563
156130_20191112-probe0,253,156130,Excitatory,13477,2.3819337544579957
156130_20191112-probe0,254,156130,Excitatory,13354,2.360194654376499
156130_20191112-probe0,255,156130,Excitatory,10566,1.867441719195903
156130_20191112-probe0,256,156130,Excitatory,12580,2.2233973904490307
156130_20191112-probe0,257,156130,Excitatory,12691,2.2430156027176986
156130_20191112-probe0,258,156130,Excitatory,8810,1.557085135918598
156130_20191112-probe0,259,156130,Excitatory,3636,0.6426290072871762
156130_20191112-probe0,260,156130,Excitatory,15257,2.6965321133609588
156130_20191112-probe0,261,156130,Excitatory,17004,3.005298030778642
156130_20191112-probe0,262,156130,Excitatory,5806,1.0261562201070804
156130_20191112-probe0,263,156130,Excitatory,5653,0.9991149004935113
156130_20191112-probe0,264,156130,Excitatory,7315,1.2928578625703229
156130_20191112-probe0,265,156130,Excitatory,4047,0.7152694148765681
156130_20191112-probe0,266,156130,Excitatory,3622,0.6401546381722091
156130_20191112-probe0,267,156130,Excitatory,7362,1.3011646731705695
156130_20191112-probe0,268,156130,Excitatory,11332,2.0028250579148184
156130_20191112-probe0,269,156130,Excitatory,8372,1.4796727307503408
156130_20191112-probe0,270,156130,Excitatory,585,0.10339328087541201
156130_20191112-probe0,271,156130,Excitatory,15745,2.78278155108267
156130_20191112-probe0,272,156130,Excitatory,9370,1.656059900517283
156130_20191112-probe0,273,156130,Excitatory,12131,2.1440408381190137
156130_20191112-probe0,274,156130,Inhibitory,11104,1.9625281894710682
156130_20191112-probe0,275,156130,Inhibitory,48020,8.48708606433724
156130_20191112-probe0,276,156130,Excitatory,4516,0.7981607802279669
156130_20191112-probe0,277,156130,Excitatory,21860,3.8635506323700963
156130_20191112-probe0,278,156130,Excitatory,6067,1.0722855300361105
156130_20191112-probe0,279,156130,Excitatory,5177,0.914986350584629
156130_20191112-probe0,280,156130,Excitatory,32182,5.687867632705144
156130_20191112-probe0,281,156130,Excitatory,4944,0.8738057788855332
156130_20191112-probe0,282,156130,Excitatory,3933,0.695120980654693
156130_20191112-probe0,283,156130,Excitatory,6348,1.121949652986522
156130_20191112-probe0,284,156130,Excitatory,6781,1.1984783548994338
156130_20191112-probe0,285,156130,Excitatory,22357,3.9513907359514295
156130_20191112-probe0,286,156130,Excitatory,11738,2.074581762248865
156130_20191112-probe0,287,156130,Excitatory,4838,0.8550712698722107
156130_20191112-probe0,288,156130,Excitatory,13926,2.4612903067880127
156130_20191112-probe0,289,156130,Excitatory,1277,0.2256978114152156
156130_20191112-probe0,290,156130,Excitatory,22714,4.0144871483830915
156130_20191112-probe0,291,156130,Excitatory,3904,0.6899955017736897
156130_20191112-probe0,292,156130,Excitatory,13597,2.4031426325862855
156130_20191112-probe0,293,156130,Excitatory,2086,0.36868099813010163
156130_20191112-probe0,294,156130,Excitatory,2486,0.43937725855773374
156130_20191112-probe0,295,156130,Excitatory,4764,0.8419924616930988
156130_20191112-probe0,296,156130,Excitatory,18580,3.283841296863513
156130_20191112-probe0,297,156130,Inhibitory,4867,0.8601967487532141
156130_20191112-probe0,298,156130,Excitatory,12336,2.1802726715881753
156130_20191112-probe0,299,156130,Excitatory,7997,1.4133949865994355
156130_20191112-probe0,300,156130,Excitatory,12559,2.21968583677658
156130_20191112-probe0,301,156130,Excitatory,11643,2.0577914003973024
156130_20191112-probe0,302,156130,Excitatory,10076,1.7808388001720536
156130_20191112-probe0,303,156130,Excitatory,31851,5.629366477201279
156130_20191112-probe0,304,156130,Excitatory,18997,3.3575421483593195
156130_20191112-probe0,305,156130,Excitatory,9827,1.7368303780558525
156130_20191112-probe0,306,156130,Excitatory,6634,1.172497479192279
156130_20191112-probe0,307,156130,Excitatory,20818,3.6793868739561146
156130_20191112-probe0,308,156130,Excitatory,5834,1.0311049583370147
156130_20191112-probe0,309,156130,Excitatory,6545,1.1567675612471309
156130_20191112-probe0,311,156130,Excitatory,2312,0.4086243852717138
156130_20191112-probe0,312,156130,Excitatory,16394,2.8974862336265033
156130_20191112-probe0,313,156130,Excitatory,9417,1.6643667111175298
156130_20191112-probe0,314,156130,Excitatory,2789,0.4929296758316651
156130_20191112-probe0,315,156130,Excitatory,4253,0.7516779889967987
156130_20191112-probe0,316,156130,Excitatory,12130,2.1438640974679446
156130_20191112-probe0,317,156130,Excitatory,10914,1.9289474657679428
156130_20191112-probe0,318,156130,Excitatory,16358,2.8911235701880162
156130_20191112-probe0,319,156130,Excitatory,907,0.16030377051965589
156130_20191112-probe0,320,156130,Excitatory,8027,1.418697206131508
156130_20191112-probe0,321,156130,Excitatory,2031,0.3589602623213022
156130_20191112-probe0,322,156130,Excitatory,9622,1.7005985445866911
156130_20191112-probe0,323,156130,Excitatory,11119,1.9651792992371044
156130_20191112-probe0,324,156130,Excitatory,4278,0.7560965052735258
156130_20191112-probe0,325,156130,Excitatory,2715,0.47985086765255314
156130_20191112-probe0,326,156130,Excitatory,8646,1.5280996691432687
156130_20191112-probe0,327,156130,Excitatory,446,0.07882633037680983
156130_20191112-probe0,328,156130,Excitatory,439,0.07758914581932627
156130_20191112-probe0,329,156130,Excitatory,47232,8.347814431294804
156130_20191112-probe0,330,156130,Excitatory,6134,1.0841271536577388
156130_20191112-probe0,331,156130,Excitatory,3705,0.6548241122109427
156130_20191112-probe0,332,156130,Excitatory,4442,0.7850819720488549
156130_20191112-probe0,333,156130,Excitatory,6870,1.214208272844582
156130_20191112-probe0,334,156130,Excitatory,4807,0.8495923096890693
156130_20191112-probe0,335,156130,Excitatory,8321,1.4706589575458175
156130_20191112-probe0,336,156130,Excitatory,31653,5.5943718282896
156130_20191112-probe0,337,156130,Excitatory,429,0.07582173930863546
156130_20191112-probe0,338,156130,Excitatory,14557,2.5728136576126026
156130_20191112-probe0,339,156130,Excitatory,11709,2.069456283367862
156130_20191112-probe0,340,156130,Excitatory,30364,5.366553129061556
156130_20191112-probe0,341,156130,Excitatory,15429,2.7269315053448406
156130_20191112-probe0,342,156130,Excitatory,2013,0.35577893060205873
156130_20191112-probe0,343,156130,Inhibitory,65227,11.528262447282904
156130_20191112-probe0,344,156130,Excitatory,6102,1.0784714528235284
156130_20191112-probe0,345,156130,Inhibitory,62188,10.991147608683969
156130_20191112-probe0,346,156130,Excitatory,127781,22.584097134258155
156130_20191112-probe0,347,156130,Excitatory,8118,1.4347806053787944
156130_20191112-probe0,348,156130,Excitatory,40978,7.242478399508775
156130_20191112-probe0,349,156130,Excitatory,1593,0.281547857153045
156130_20191112-probe0,350,156130,Excitatory,7031,1.242663517666704
156130_20191112-probe0,351,156130,Excitatory,62910,11.118754358755846
156130_20191112-probe0,352,156130,Excitatory,23190,4.098615698291973
156130_20191112-probe0,353,156130,Excitatory,6581,1.1631302246856179
156130_20191112-probe0,354,156130,Excitatory,7947,1.4045579540459816
156130_20191112-probe0,355,156130,Excitatory,14790,2.6139942293116984
156130_20191112-probe0,356,156130,Excitatory,6033,1.0662763478997617
156130_20191112-probe0,357,156130,Excitatory,11553,2.0418847418010855
156130_20191112-probe0,358,156130,Excitatory,1503,0.2656411985568278
156130_20191112-probe0,359,156130,Excitatory,1603,0.28331526366373583
156130_20191112-probe0,360,156130,Excitatory,4863,0.8594897861489378
156130_20191112-probe0,361,156130,Excitatory,867,0.15323414447689265
156130_20191112-probe0,362,156130,Excitatory,5868,1.0371141404733635
156130_20191112-probe0,363,156130,Excitatory,41824,7.392000990313217
156130_20191112-probe0,364,156130,Excitatory,663,0.11717905165880027
156130_20191112-probe0,365,156130,Excitatory,1131,0.19989367635912988
156130_20191112-probe0,366,156130,Excitatory,12623,2.2309972384450014
156130_20191112-probe0,367,156130,Excitatory,10434,1.8441119532547843
156130_20191112-probe0,368,156130,Excitatory,15594,2.756093712771239
156130_20191112-probe0,369,156130,Excitatory,32428,5.731345832868137
156130_20191112-probe0,370,156130,Excitatory,33743,5.963759789023978
156130_20191112-probe0,371,156130,Excitatory,569,0.10056543045830672
156130_20191112-probe0,372,156130,Inhibitory,8216,1.4521011891835642
156130_20191112-probe0,373,156130,Inhibitory,7255,1.282253423506178
156130_20191112-probe0,374,156130,Excitatory,3264,0.5768814850894782
156130_20191112-probe0,375,156130,Excitatory,11841,2.0927860493089803
156130_20191112-probe0,376,156130,Inhibitory,3904,0.6899955017736897
156130_20191112-probe0,377,156130,Excitatory,5565,0.9835617231994321
156130_20191112-probe0,378,156130,Excitatory,2942,0.5199709954452344
156130_20191112-probe0,380,156130,Excitatory,12688,2.2424853807644913
156130_20191112-probe0,381,156130,Inhibitory,207269,36.63285800643722
156130_20191112-probe0,382,156130,Excitatory,4651,0.8220207681222927
156130_20191112-probe0,383,156130,Excitatory,40757,7.203418715622508
156130_20191112-probe0,384,156130,Excitatory,12690,2.2428388620666295
156130_20191112-probe0,385,156130,Excitatory,10746,1.8992550363883374
156130_20191112-probe0,386,156130,Excitatory,23309,4.119647835769194
156130_20191112-probe0,387,156130,Excitatory,29226,5.165422268144942
156130_20191112-probe0,388,156130,Excitatory,4712,0.8328019478375066
156130_20191112-probe0,389,156130,Excitatory,10255,1.812475376713419
156130_20191112-probe0,390,156130,Excitatory,42295,7.475245836966754
156130_20191112-probe0,391,156130,Excitatory,3009,0.5318126190668627
156130_20191112-probe0,392,156130,Excitatory,1155,0.2041354519847878
156130_20191112-probe0,393,156130,Excitatory,5495,0.9711898776245965
156130_20191112-probe0,394,156130,Excitatory,11692,2.0664516922996876
156130_20191112-probe0,395,156130,Excitatory,7064,1.2484959591519835
156130_20191112-probe0,396,156130,Excitatory,9974,1.7628112537630074
156130_20191112-probe0,397,156130,Excitatory,9042,1.5980889669666245
156130_20191112-probe0,399,156130,Excitatory,6205,1.0966757398836435
156131_20191112-probe0,0,156131,Excitatory,16438,2.8672737781952153
156131_20191112-probe0,1,156131,Excitatory,6069,1.0586132473455871
156131_20191112-probe0,2,156131,Excitatory,54741,9.548450778208071
156131_20191112-probe0,3,156131,Excitatory,22399,3.907048628652794
156131_20191112-probe0,4,156131,Excitatory,5642,0.9841318077976277
156131_20191112-probe0,5,156131,Inhibitory,16494,2.877041835840849
156131_20191112-probe0,6,156131,Excitatory,8757,1.52748001433602
156131_20191112-probe0,8,156131,Excitatory,3051,0.5321847120862393
156131_20191112-probe0,9,156131,Excitatory,23904,4.169565177879208
156131_20191112-probe0,10,156131,Excitatory,34785,6.067533664346062
156131_20191112-probe0,11,156131,Inhibitory,31032,5.412899372487767
156131_20191112-probe0,12,156131,Excitatory,17899,3.122115424985774
156131_20191112-probe0,13,156131,Excitatory,23797,4.150901210592014
156131_20191112-probe0,14,156131,Excitatory,8550,1.4913730869673372
156131_20191112-probe0,15,156131,Inhibitory,202784,35.37153217164731
156131_20191112-probe0,16,156131,Excitatory,10401,1.8142422780757046
156131_20191112-probe0,17,156131,Inhibitory,41451,7.23028138337814
156131_20191112-probe0,18,156131,Excitatory,13657,2.382185058328997
156131_20191112-probe0,19,156131,Excitatory,4717,0.8227844270438515
156131_20191112-probe0,20,156131,Inhibitory,56666,9.88422775977674
156131_20191112-probe0,21,156131,Excitatory,9208,1.606147764303537
156131_20191112-probe0,22,156131,Excitatory,8768,1.529398739944984
156131_20191112-probe0,23,156131,Excitatory,68286,11.911099721245801
156131_20191112-probe0,24,156131,Excitatory,48851,8.52106042940835
156131_20191112-probe0,26,156131,Excitatory,25945,4.5255759931424056
156131_20191112-probe0,27,156131,Excitatory,119423,20.830906218116997
156131_20191112-probe0,29,156131,Excitatory,2178,0.3799076705748375
156131_20191112-probe0,30,156131,Excitatory,2271,0.3961296234506226
156131_20191112-probe0,31,156131,Excitatory,8238,1.4369510515130905
156131_20191112-probe0,32,156131,Excitatory,15872,2.7685466241339856
156131_20191112-probe0,33,156131,Excitatory,65957,11.504853180947913
156131_20191112-probe0,34,156131,Excitatory,7580,1.3221763741768908
156131_20191112-probe0,35,156131,Inhibitory,20173,3.5187683372388414
156131_20191112-probe0,36,156131,Inhibitory,31919,5.567618428410578
156131_20191112-probe0,37,156131,Inhibitory,35687,6.224869164281095
156131_20191112-probe0,38,156131,Excitatory,52070,9.08254931443149
156131_20191112-probe0,39,156131,Excitatory,21320,3.718839089373524
156131_20191112-probe0,40,156131,Excitatory,46843,8.170805790972045
156131_20191112-probe0,41,156131,Excitatory,122711,21.404430745596365
156131_20191112-probe0,42,156131,Excitatory,17080,2.9792575819183766
156131_20191112-probe0,43,156131,Excitatory,2757,0.4809024094466607
156131_20191112-probe0,44,156131,Inhibitory,18930,3.301952343425929
156131_20191112-probe0,45,156131,Excitatory,21386,3.730351443027307
156131_20191112-probe0,46,156131,Excitatory,31241,5.44935515905808
156131_20191112-probe0,47,156131,Excitatory,2671,0.46590146377657987
156131_20191112-probe0,48,156131,Excitatory,32779,5.717627885111385
156131_20191112-probe0,49,156131,Excitatory,10543,1.8390112813914195
156131_20191112-probe0,50,156131,Excitatory,10891,1.8997127824750024
156131_20191112-probe0,51,156131,Excitatory,19668,3.4306813888273204
156131_20191112-probe0,52,156131,Excitatory,829,0.1446021390755465
156131_20191112-probe0,53,156131,Excitatory,3463,0.6040497076219753
156131_20191112-probe0,54,156131,Excitatory,9073,1.5825997681935264
156131_20191112-probe0,55,156131,Excitatory,43764,7.633737050062988
156131_20191112-probe0,56,156131,Inhibitory,21265,3.7092454613287047
156131_20191112-probe0,57,156131,Excitatory,25956,4.527494718751369
156131_20191112-probe0,58,156131,Excitatory,57712,10.066681122229118
156131_20191112-probe0,59,156131,Inhibitory,40334,7.035443519267904
156131_20191112-probe0,60,156131,Excitatory,3342,0.5829437259233732
156131_20191112-probe0,61,156131,Excitatory,9096,1.586611649012269
156131_20191112-probe0,62,156131,Inhibitory,41688,7.271621198771269
156131_20191112-probe0,63,156131,Excitatory,3582,0.6248068301189476
156131_20191112-probe0,64,156131,Excitatory,9107,1.5885303746212327
156131_20191112-probe0,65,156131,Excitatory,49119,8.567807562426742
156131_20191112-probe0,66,156131,Excitatory,9554,1.66650040618549
156131_20191112-probe0,67,156131,Excitatory,36289,6.329875783971661
156131_20191112-probe0,68,156131,Excitatory,18043,3.147233287503119
156131_20191112-probe0,69,156131,Excitatory,9785,1.7067936439737303
156131_20191112-probe0,70,156131,Excitatory,5683,0.9912834214310383
156131_20191112-probe0,71,156131,Excitatory,18190,3.172874438822908
156131_20191112-probe0,72,156131,Excitatory,45327,7.906370516136666
156131_20191112-probe0,73,156131,Excitatory,23578,4.112701128013553
156131_20191112-probe0,74,156131,Excitatory,50848,8.869396342235692
156131_20191112-probe0,75,156131,Excitatory,11896,2.07501453129397
156131_20191112-probe0,76,156131,Excitatory,20420,3.56185244864012
156131_20191112-probe0,77,156131,Excitatory,21630,3.772912265626141
156131_20191112-probe0,78,156131,Excitatory,8061,1.4060770121688544
156131_20191112-probe0,79,156131,Inhibitory,29255,5.102937971839702
156131_20191112-probe0,80,156131,Inhibitory,130988,22.848184551541237
156131_20191112-probe0,81,156131,Inhibitory,29320,5.11427589589267
156131_20191112-probe0,82,156131,Excitatory,70183,12.241992673991653
156131_20191112-probe0,83,156131,Excitatory,4372,0.7626062147627133
156131_20191112-probe0,84,156131,Excitatory,58086,10.131917792933889
156131_20191112-probe0,85,156131,Excitatory,22876,3.9902515482414977
156131_20191112-probe0,86,156131,Excitatory,8555,1.4922452349714117
156131_20191112-probe0,87,156131,Inhibitory,93487,16.306900091381923
156131_20191112-probe0,88,156131,Excitatory,33011,5.758095552500441
156131_20191112-probe0,89,156131,Excitatory,9073,1.5825997681935264
156131_20191112-probe0,90,156131,Excitatory,23221,4.050429760522636
156131_20191112-probe0,91,156131,Excitatory,9791,1.7078402215786197
156131_20191112-probe0,92,156131,Excitatory,2512,0.43816715724701183
156131_20191112-probe0,93,156131,Excitatory,7406,1.2918256236350993
156131_20191112-probe0,94,156131,Inhibitory,87598,15.279684172183018
156131_20191112-probe0,95,156131,Excitatory,7150,1.2471716458264868
156131_20191112-probe0,96,156131,Excitatory,33092,5.772224350166447
156131_20191112-probe0,97,156131,Excitatory,16914,2.9503022681831044
156131_20191112-probe0,98,156131,Inhibitory,55680,9.712240173373257
156131_20191112-probe0,99,156131,Excitatory,7270,1.2681031979242738
156131_20191112-probe0,100,156131,Excitatory,39433,6.878282448933685
156131_20191112-probe0,101,156131,Excitatory,18402,3.2098535141956654
156131_20191112-probe0,102,156131,Excitatory,4397,0.7669669547830856
156131_20191112-probe0,103,156131,Excitatory,6002,1.0469264640909892
156131_20191112-probe0,104,156131,Excitatory,13604,2.3729402894858076
156131_20191112-probe0,105,156131,Excitatory,1930,0.33664912957274395
156131_20191112-probe0,106,156131,Excitatory,7191,1.2543232594598974
156131_20191112-probe0,107,156131,Inhibitory,82067,14.314914050075844
156131_20191112-probe0,108,156131,Excitatory,18617,3.2473558783708674
156131_20191112-probe0,109,156131,Inhibitory,42428,7.400699103374291
156131_20191112-probe0,110,156131,Inhibitory,47754,8.329711157314412
156131_20191112-probe0,111,156131,Excitatory,6509,1.13536227170414
156131_20191112-probe0,112,156131,Excitatory,28787,5.021304918658332
156131_20191112-probe0,113,156131,Excitatory,51063,8.906898706410894
156131_20191112-probe0,114,156131,Excitatory,11447,1.996695640528083
156131_20191112-probe0,115,156131,Excitatory,18143,3.164676247584608
156131_20191112-probe0,116,156131,Excitatory,28232,4.924496490206066
156131_20191112-probe0,117,156131,Excitatory,33520,5.846880219315222
156131_20191112-probe0,118,156131,Inhibitory,16005,2.7917457610423666
156131_20191112-probe0,119,156131,Excitatory,9909,1.7284229144747771
156131_20191112-probe0,120,156131,Inhibitory,36721,6.405229371523695
156131_20191112-probe0,121,156131,Excitatory,24228,4.226080368543234
156131_20191112-probe0,122,156131,Excitatory,2745,0.478809254236882
156131_20191112-probe0,123,156131,Excitatory,2541,0.4432256156706437
156131_20191112-probe0,124,156131,Excitatory,12232,2.1336228771677743
156131_20191112-probe0,125,156131,Inhibitory,19951,3.4800449658579353
156131_20191112-probe0,126,156131,Excitatory,18628,3.2492746039798313
156131_20191112-probe0,127,156131,Excitatory,103431,18.041428041885222
156131_20191112-probe0,128,156131,Excitatory,3019,0.5266029648601627
156131_20191112-probe0,129,156131,Inhibitory,28972,5.053574394809087
156131_20191112-probe0,130,156131,Excitatory,3940,0.6872526272106794
156131_20191112-probe0,131,156131,Excitatory,50537,8.81514873638226
156131_20191112-probe0,132,156131,Excitatory,8971,1.5648079489104072
156131_20191112-probe0,133,156131,Excitatory,669,0.11669340294516359
156131_20191112-probe0,134,156131,Excitatory,54437,9.495424179560343
156131_20191112-probe0,135,156131,Excitatory,11670,2.0355934415098043
156131_20191112-probe0,136,156131,Excitatory,30835,5.378536741127233
156131_20191112-probe0,137,156131,Excitatory,15554,2.7130780110748494
156131_20191112-probe0,138,156131,Excitatory,40065,6.988521956648698
156131_20191112-probe0,139,156131,Excitatory,109810,19.154114465483428
156131_20191112-probe0,140,156131,Excitatory,9658,1.6846410846702389
156131_20191112-probe0,141,156131,Excitatory,6486,1.1313503908853977
156131_20191112-probe0,142,156131,Excitatory,30272,5.2803328758684485
156131_20191112-probe0,143,156131,Excitatory,5854,1.021110883170385
156131_20191112-probe0,144,156131,Inhibitory,11318,1.9741942220229618
156131_20191112-probe0,145,156131,Excitatory,5666,0.9883181182171852
156131_20191112-probe0,146,156131,Inhibitory,85601,14.931348259355676
156131_20191112-probe0,147,156131,Excitatory,64751,11.294491082365152
156131_20191112-probe0,148,156131,Inhibitory,14945,2.6068503841785797
156131_20191112-probe0,149,156131,Inhibitory,23108,4.030719215630553
156131_20191112-probe0,150,156131,Excitatory,6069,1.0586132473455871
156131_20191112-probe0,151,156131,Inhibitory,67648,11.799813635925899
156131_20191112-probe0,152,156131,Excitatory,30630,5.34277867296018
156131_20191112-probe0,153,156131,Inhibitory,40927,7.138880272551136
156131_20191112-probe0,154,156131,Inhibitory,8427,1.4699182460671054
156131_20191112-probe0,155,156131,Excitatory,23467,4.0933394423231
156131_20191112-probe0,156,156131,Excitatory,18933,3.302475632228374
156131_20191112-probe0,157,156131,Excitatory,18428,3.214388683816853
156131_20191112-probe0,158,156131,Excitatory,2028,0.3537432304526035
156131_20191112-probe0,159,156131,Excitatory,39995,6.976311884591655
156131_20191112-probe0,160,156131,Excitatory,9175,1.6003915874766454
156131_20191112-probe0,161,156131,Inhibitory,114986,20.056962079301314
156131_20191112-probe0,162,156131,Excitatory,19612,3.420913331181686
156131_20191112-probe0,163,156131,Excitatory,7881,1.3746796840221738
156131_20191112-probe0,164,156131,Excitatory,13151,2.293923680316661
156131_20191112-probe0,165,156131,Excitatory,2774,0.48386771266051387
156131_20191112-probe0,166,156131,Excitatory,9347,1.630393478816807
156131_20191112-probe0,167,156131,Excitatory,40721,7.102947774783268
156131_20191112-probe0,168,156131,Excitatory,9006,1.5709129849389285
156131_20191112-probe0,169,156131,Inhibitory,94205,16.43214054476702
156131_20191112-probe0,170,156131,Excitatory,37384,6.520876196863969
156131_20191112-probe0,171,156131,Inhibitory,243517,42.476573101640355
156131_20191112-probe0,172,156131,Excitatory,12564,2.191533504638319
156131_20191112-probe0,173,156131,Excitatory,1899,0.33124181194748226
156131_20191112-probe0,174,156131,Inhibitory,55848,9.741544346310159
156131_20191112-probe0,175,156131,Excitatory,18428,3.214388683816853
156131_20191112-probe0,176,156131,Excitatory,9221,1.6084153491141306
156131_20191112-probe0,177,156131,Inhibitory,125442,21.88079798542184
156131_20191112-probe0,178,156131,Excitatory,18653,3.2536353440002035
156131_20191112-probe0,179,156131,Excitatory,25386,4.4280698462868795
156131_20191112-probe0,180,156131,Excitatory,22385,3.904606614241385
156131_20191112-probe0,181,156131,Excitatory,27919,4.869900025151004
156131_20191112-probe0,182,156131,Excitatory,25161,4.388823186103529
156131_20191112-probe0,183,156131,Excitatory,18961,3.3073596610511906
156131_20191112-probe0,184,156131,Excitatory,42118,7.346625927121674
156131_20191112-probe0,185,156131,Inhibitory,69213,12.072795961201207
156131_20191112-probe0,186,156131,Excitatory,28608,4.990082020112466
156131_20191112-probe0,187,156131,Excitatory,7133,1.2442063426126335
156131_20191112-probe0,188,156131,Excitatory,19212,3.351141490855729
156131_20191112-probe0,189,156131,Excitatory,62787,10.951911346364703
156131_20191112-probe0,190,156131,Excitatory,19620,3.4223087679882056
156131_20191112-probe0,191,156131,Excitatory,39391,6.870956405699459
156131_20191112-probe0,192,156131,Inhibitory,37812,6.595532066012743
156131_20191112-probe0,193,156131,Excitatory,83989,14.650167742842068
156131_20191112-probe0,194,156131,Excitatory,3584,0.6251556893205774
156131_20191112-probe0,195,156131,Excitatory,17223,3.0042010148349063
156131_20191112-probe0,197,156131,Excitatory,9626,1.6790593374441625
156131_20191112-probe0,198,156131,Excitatory,1933,0.33717241837518863
156131_20191112-probe0,199,156131,Excitatory,10558,1.8416277254036428
156131_20191112-probe0,200,156131,Excitatory,27058,4.719716138849382
156131_20191112-probe0,201,156131,Excitatory,66485,11.596952010178178
156131_20191112-probe0,202,156131,Excitatory,30831,5.377839022723974
156131_20191112-probe0,203,156131,Excitatory,56828,9.912485355108753
156131_20191112-probe0,204,156131,Excitatory,33177,5.787050866235713
156131_20191112-probe0,205,156131,Excitatory,4063,0.7087074681109112
156131_20191112-probe0,206,156131,Excitatory,42927,7.4877394741809224
156131_20191112-probe0,207,156131,Excitatory,63757,11.121108059155148
156131_20191112-probe0,208,156131,Excitatory,11357,1.9809969764547426
156131_20191112-probe0,209,156131,Excitatory,119075,20.770204717033412
156131_20191112-probe0,210,156131,Inhibitory,181308,31.625482064546663
156131_20191112-probe0,211,156131,Excitatory,23690,4.132237243304821
156131_20191112-probe0,212,156131,Excitatory,123427,21.529322339779828
156131_20191112-probe0,213,156131,Excitatory,6389,1.114430719606353
156131_20191112-probe0,214,156131,Excitatory,35000,6.105036028521264
156131_20191112-probe0,215,156131,Excitatory,70245,12.252807309242176
156131_20191112-probe0,216,156131,Excitatory,26016,4.537960494800263
156131_20191112-probe0,217,156131,Excitatory,44380,7.741185684164963
156131_20191112-probe0,218,156131,Excitatory,11635,2.029488405481283
156131_20191112-probe0,219,156131,Inhibitory,66778,11.648059883216941
156131_20191112-probe0,220,156131,Excitatory,28918,5.044155196365083
156131_20191112-probe0,221,156131,Excitatory,5118,0.8927306969706237
156131_20191112-probe0,222,156131,Excitatory,21873,3.81529865862416
156131_20191112-probe0,223,156131,Excitatory,13509,2.3563694774083928
156131_20191112-probe0,224,156131,Excitatory,5336,0.9307563499482704
156131_20191112-probe0,225,156131,Excitatory,29610,5.164860480128989
156131_20191112-probe0,226,156131,Excitatory,45809,7.990445583729445
156131_20191112-probe0,227,156131,Excitatory,2786,0.4859608678702926
156131_20191112-probe0,228,156131,Excitatory,51102,8.913701460842674
156131_20191112-probe0,229,156131,Excitatory,22713,3.9618195233086704
156131_20191112-probe0,230,156131,Excitatory,41898,7.308251414942397
156131_20191112-probe0,231,156131,Excitatory,11062,1.929540244214349
156131_20191112-probe0,232,156131,Excitatory,9107,1.5885303746212327
156131_20191112-probe0,233,156131,Excitatory,18904,3.297417173804742
156131_20191112-probe0,234,156131,Excitatory,4356,0.759815341149675
156131_20191112-probe0,235,156131,Excitatory,30356,5.294984962336899
156131_20191112-probe0,236,156131,Excitatory,21701,3.7852967672839983
156131_20191112-probe0,237,156131,Excitatory,11513,2.008207994181866
156131_20191112-probe0,238,156131,Excitatory,19477,3.397365335071676
156131_20191112-probe0,239,156131,Excitatory,8524,1.4868379173461501
156131_20191112-probe0,240,156131,Excitatory,17190,2.998444838008015
156131_20191112-probe0,241,156131,Excitatory,29350,5.119508783917117
156131_20191112-probe0,242,156131,Excitatory,13218,2.305610463571259
156131_20191112-probe0,243,156131,Inhibitory,63315,11.044010175594966
156131_20191112-probe0,244,156131,Excitatory,25094,4.377136402848931
156131_20191112-probe0,245,156131,Excitatory,16878,2.9440228025537682
156131_20191112-probe0,246,156131,Excitatory,25238,4.402254265366276
156131_20191112-probe0,247,156131,Excitatory,4619,0.8056903261639919
156131_20191112-probe0,248,156131,Excitatory,45891,8.004748810996267
156131_20191112-probe0,249,156131,Inhibitory,26322,4.59133595264962
156131_20191112-probe0,250,156131,Inhibitory,73113,12.75307140437929
156131_20191112-probe0,251,156131,Excitatory,15732,2.7441264800199003
156131_20191112-probe0,252,156131,Excitatory,6859,1.1964126319893529
156131_20191112-probe0,253,156131,Inhibitory,38696,6.749727833133109
156131_20191112-probe0,254,156131,Excitatory,8471,1.4775931485029608
156131_20191112-probe0,255,156131,Excitatory,46077,8.037192716747835
156131_20191112-probe0,256,156131,Excitatory,14835,2.5876631280889413
156131_20191112-probe0,257,156131,Excitatory,31804,5.547559024316865
156131_20191112-probe0,258,156131,Excitatory,25159,4.388474326901899
156131_20191112-probe0,259,156131,Excitatory,40572,7.076957764261849
156131_20191112-probe0,260,156131,Excitatory,1085,0.18925611688415916
156131_20191112-probe0,261,156131,Excitatory,54121,9.440304425702838
156131_20191112-probe0,262,156131,Excitatory,10588,1.8468606134280896
156131_20191112-probe0,263,156131,Excitatory,13061,2.278225016243321
156131_20191112-probe0,264,156131,Excitatory,4429,0.7725487020091621
156131_20191112-probe0,265,156131,Excitatory,18407,3.21072566219974
156131_20191112-probe0,266,156131,Excitatory,9412,1.6417314028697751
156131_20191112-probe0,267,156131,Excitatory,18963,3.3077085202528207
156131_20191112-probe0,268,156131,Excitatory,4544,0.7926081061028749
156131_20191112-probe0,269,156131,Excitatory,2920,0.5093344343794883
156131_20191112-probe0,270,156131,Excitatory,7887,1.3757262616270631
156131_20191112-probe0,271,156131,Excitatory,3810,0.6645767791047432
156131_20191112-probe0,272,156131,Excitatory,25415,4.433128304710512
156131_20191112-probe0,273,156131,Excitatory,38243,6.670711223963963
156131_20191112-probe0,274,156131,Excitatory,7055,1.230600833749072
156131_20191112-probe0,275,156131,Excitatory,9345,1.6300446196151774
156131_20191112-probe0,276,156131,Excitatory,22114,3.8573361924205494
156131_20191112-probe0,277,156131,Excitatory,13310,2.3216579868462293
156131_20191112-probe0,278,156131,Inhibitory,18809,3.280846361727327
156131_20191112-probe0,279,156131,Excitatory,7855,1.3701445144009865
156131_20191112-probe0,281,156131,Excitatory,3815,0.6654489271088178
156131_20191112-probe0,282,156131,Excitatory,12273,2.140774490801185
156131_20191112-probe0,283,156131,Inhibitory,30072,5.24544695570547
156131_20191112-probe0,284,156131,Excitatory,27348,4.7703007230857
156131_20191112-probe0,285,156131,Excitatory,85748,14.956989410675465
156131_20191112-probe0,286,156131,Excitatory,11051,1.9276215186053853
156131_20191112-probe0,287,156131,Excitatory,14433,2.517542428561354
156131_20191112-probe0,288,156131,Excitatory,14727,2.568824731200933
156131_20191112-probe0,289,156131,Excitatory,9481,1.653767045326003
156131_20191112-probe0,290,156131,Excitatory,12117,2.1135634730740613
156131_20191112-probe0,291,156131,Excitatory,21001,3.663196046713573
156131_20191112-probe0,292,156131,Excitatory,6176,1.0772772146327807
156131_20191112-probe0,293,156131,Excitatory,9766,1.7034794815582475
156131_20191112-probe0,294,156131,Excitatory,4460,0.7779560196344238
156131_20191112-probe0,295,156131,Excitatory,9045,1.5777157393707093
156131_20191112-probe0,296,156131,Excitatory,12812,2.2347920456404125
156131_20191112-probe0,297,156131,Excitatory,7415,1.2933954900424334
156131_20191112-probe0,298,156131,Excitatory,22940,4.001415042693651
156131_20191112-probe0,299,156131,Inhibitory,841,0.1466952942853252
156131_20191112-probe0,300,156131,Excitatory,2847,0.49660107352000105
156131_20191112-probe0,301,156131,Inhibitory,40611,7.083760518693629
156131_20191112-probe0,302,156131,Excitatory,5372,0.9370358155776065
156131_20191112-probe0,303,156131,Inhibitory,17889,3.1203711289776255
156131_20191112-probe0,304,156131,Excitatory,3410,0.5948049387787859
156131_20191112-probe0,305,156131,Excitatory,2932,0.511427589589267
156131_20191112-probe0,306,156131,Excitatory,10124,1.7659252786499793
156131_20191112-probe0,307,156131,Excitatory,31982,5.578607493261916
156131_20191112-probe0,308,156131,Excitatory,4525,0.7892939436873919
156131_20191112-probe0,309,156131,Excitatory,8502,1.4830004661282223
156131_20191112-probe0,310,156131,Excitatory,1554,0.2710635996663441
156131_20191112-probe0,311,156131,Excitatory,3321,0.5792807043062604
156131_20191112-probe0,312,156131,Excitatory,6868,1.197982498396687
156131_20191112-probe0,314,156131,Excitatory,18070,3.151942886725121
156131_20191112-probe0,315,156131,Excitatory,17253,3.009433902859353
156131_20191112-probe0,316,156131,Excitatory,970,0.16919671279044646
156131_20191112-probe0,317,156131,Excitatory,5636,0.9830852301927383
156131_20191112-probe0,318,156131,Excitatory,2841,0.4955544959151117
156131_20191112-probe0,319,156131,Excitatory,16504,2.8787861318489982
156131_20191112-probe0,320,156131,Excitatory,44069,7.68693807831153
156131_20191112-probe0,321,156131,Excitatory,12515,2.1829864541983888
156131_20191112-probe0,322,156131,Excitatory,12267,2.1397279131962956
156131_20191112-probe0,323,156131,Inhibitory,19120,3.3350939675807587
156131_20191112-probe0,324,156131,Inhibitory,8366,1.4592780404173968
156131_20191112-probe0,325,156131,Excitatory,3155,0.5503253905709882
156131_20191112-probe0,326,156131,Excitatory,1096,0.191174842493123
156131_20191112-probe0,327,156131,Excitatory,963,0.1679757055847422
156131_20191112-probe0,328,156131,Excitatory,9955,1.7364466761122623
156131_20191112-probe0,329,156131,Excitatory,6971,1.2159487472806207
156131_20191112-probe0,330,156131,Excitatory,2823,0.49241476310044363
156131_20191112-probe0,331,156131,Excitatory,9827,1.7141196872079558
156131_20191112-probe0,332,156131,Excitatory,2250,0.3924666018335098
156131_20191112-probe0,333,156131,Inhibitory,43235,7.54146379123191
156131_20191112-probe0,334,156131,Excitatory,5415,0.9445362884126469
156131_20191112-probe0,335,156131,Excitatory,2470,0.4308411140127863
156131_20191112-probe0,336,156131,Excitatory,28842,5.030898546703151
156131_20191112-probe0,337,156131,Excitatory,14333,2.5000994684798648
156131_20191112-probe0,338,156131,Excitatory,4814,0.839704098322896
156131_20191112-probe0,339,156131,Excitatory,40270,7.024280024815751
156131_20191112-probe0,340,156131,Excitatory,18541,3.234099228708936
156131_20191112-probe0,341,156131,Excitatory,1868,0.32583449432222056
156131_20191112-probe0,342,156131,Inhibitory,61144,10.665323512225832
156131_20191112-probe0,343,156131,Excitatory,3558,0.6206205196993901
156131_20191112-probe0,344,156131,Excitatory,9329,1.627253746002139
156131_20191112-probe0,345,156131,Excitatory,3454,0.6024798412146413
156131_20191112-probe0,346,156131,Excitatory,1590,0.27734306529568026
156131_20191112-probe0,347,156131,Excitatory,7625,1.330025706213561
156131_20191112-probe0,348,156131,Excitatory,11327,1.9757640884302958
156131_20191112-probe0,349,156131,Excitatory,9267,1.6164391107516156
156131_20191112-probe0,350,156131,Excitatory,1653,0.28833213014701853
156131_20191112-probe0,351,156131,Excitatory,1688,0.2944371661755398
156131_20191112-probe0,352,156131,Excitatory,5718,0.9973884574595596
156131_20191112-probe0,353,156131,Excitatory,7381,1.287464883614727
156131_20191112-probe0,354,156131,Excitatory,2403,0.4191543307581885
156131_20191112-probe0,355,156131,Excitatory,9209,1.606322193904352
156131_20191112-probe0,356,156131,Excitatory,4531,0.7903405212922813
156131_20191112-probe0,357,156131,Excitatory,12063,2.104144274630057
156131_20191112-probe0,358,156131,Excitatory,2738,0.4775882470311777
156131_20191112-probe0,359,156131,Excitatory,4739,0.8266218782617791
156131_20191112-probe0,360,156131,Excitatory,3198,0.5578258634060286
156131_20191112-probe0,361,156131,Excitatory,7655,1.3352585942380077
156131_20191112-probe0,362,156131,Excitatory,1683,0.29356501817146535
156131_20191112-probe0,363,156131,Excitatory,3057,0.5332312896911287
156131_20191112-probe0,364,156131,Excitatory,7526,1.3127571757328866
156131_20191112-probe0,365,156131,Excitatory,7336,1.279615551578057
156131_20191112-probe0,366,156131,Excitatory,5315,0.9270933283311577
156131_20191112-probe0,367,156131,Excitatory,5991,1.0450077384820253
156131_20191112-probe0,368,156131,Excitatory,2592,0.4521215253122033
156131_20191112-probe0,369,156131,Excitatory,3369,0.5876533251453754
156131_20191112-probe0,370,156131,Excitatory,30588,5.335452629725955
156131_20191112-probe0,371,156131,Excitatory,2328,0.4060721106970715
156131_20191112-probe0,372,156131,Excitatory,14202,2.477249190773114
156131_20191112-probe0,373,156131,Excitatory,1258,0.2194324378251357
156131_20191112-probe0,374,156131,Excitatory,6753,1.1779230943029741
156131_20191112-probe0,375,156131,Inhibitory,7894,1.3769472688327673
156131_20191112-probe0,377,156131,Excitatory,860,0.1500094567008082
156131_20191112-probe0,378,156131,Excitatory,2758,0.48107683904747556
156131_20191112-probe0,379,156131,Excitatory,22779,3.9733318769624533
156131_20191112-probe0,380,156131,Excitatory,2861,0.49904308793140956
156131_20191112-probe0,381,156131,Excitatory,62317,10.869929433981703
156131_20191112-probe0,382,156131,Inhibitory,21548,3.7586090383593196
156131_20191112-probe0,383,156131,Excitatory,30564,5.331266319306397
156131_20191112-probe0,384,156131,Excitatory,806,0.14059025825680396
156131_20191112-probe0,385,156131,Excitatory,38862,6.7786831468683815
156131_20191112-probe0,386,156131,Excitatory,25041,4.367891634005741
156131_20191112-probe0,387,156131,Excitatory,27500,4.796814022409564
156131_20191112-probe0,388,156131,Excitatory,24678,4.304573688909936
156131_20191112-probe0,389,156131,Excitatory,18965,3.3080573794544503
156131_20191112-probe0,390,156131,Excitatory,15011,2.6183627378323626
156131_20191112-probe0,391,156131,Excitatory,12242,2.135367173175923
156131_20191112-probe0,392,156131,Excitatory,10078,1.757901517012494
156131_20191112-probe0,393,156131,Excitatory,8591,1.4985247006007478
156131_20191112-probe0,394,156131,Excitatory,8453,1.4744534156882927
156131_20191112-probe0,395,156131,Excitatory,8336,1.45404515239295
156131_20191112-probe0,396,156131,Excitatory,7599,1.3254905365923737
156131_20191112-probe0,397,156131,Excitatory,7192,1.2544976890607122
156131_20191112-probe0,398,156131,Excitatory,10601,1.8491281982386834
156131_20191112-probe0,399,156131,Excitatory,7233,1.261649302694123
156131_20191112-probe0,400,156131,Excitatory,6541,1.1409440189302167
156131_20191112-probe0,401,156131,Excitatory,6530,1.1390252933212528
156131_20191112-probe0,402,156131,Excitatory,8452,1.4742789860874776
156131_20191112-probe0,404,156131,Excitatory,8054,1.4048560049631502
156131_20191112-probe0,405,156131,Inhibitory,3958,0.6903923600253474
156131_20191112-probe0,406,156131,Excitatory,8602,1.5004434262097117
156131_20191112-probe0,407,156131,Excitatory,3819,0.6661466455120773
156131_20191112-probe0,408,156131,Inhibitory,4224,0.7367906338421091
156131_20191112-probe0,409,156131,Excitatory,6399,1.1161750156145018
156131_20191112-probe0,410,156131,Excitatory,9285,1.6195788435662837
156131_20191112-probe0,411,156131,Excitatory,2476,0.43188769161767565
156131_20191112-probe0,412,156131,Excitatory,2212,0.38583827700254386
156131_20191112-probe0,413,156131,Excitatory,1489,0.25972567561337606
156131_20191112-probe0,414,156131,Excitatory,2381,0.4153168795402608
156131_20191112-probe0,415,156131,Excitatory,1612,0.2811805165136079
156131_20191112-probe0,416,156131,Excitatory,777,0.13553179983317204
156131_20191112-probe0,417,156131,Excitatory,39385,6.8699098280945705
156131_20191112-probe0,418,156131,Excitatory,6816,1.1889121591543124
156131_20191112-probe0,419,156131,Excitatory,8290,1.446021390755465
216300_20200518-probe0,0,216300,Inhibitory,38294,6.855840570203129
216300_20200518-probe0,1,216300,Excitatory,8356,1.4959890271221952
216300_20200518-probe0,2,216300,Inhibitory,6394,1.1447287983986736
216300_20200518-probe0,3,216300,Inhibitory,29410,5.265322796513136
216300_20200518-probe0,4,216300,Excitatory,3308,0.5922369197846125
216300_20200518-probe0,5,216300,Excitatory,32728,5.859350033467593
216300_20200518-probe0,6,216300,Excitatory,11262,2.0162551966790523
216300_20200518-probe0,7,216300,Excitatory,16974,3.0388843640943204
216300_20200518-probe0,8,216300,Excitatory,31284,5.600828234142025
216300_20200518-probe0,10,216300,Excitatory,16817,3.0107763845277593
216300_20200518-probe0,11,216300,Excitatory,69130,12.376462595136113
216300_20200518-probe0,12,216300,Excitatory,1143,0.20463325251324427
216300_20200518-probe0,13,216300,Excitatory,12830,2.2969769289106945
216300_20200518-probe0,14,216300,Excitatory,602,0.10777709362464834
216300_20200518-probe0,15,216300,Excitatory,3035,0.5433612610478533
216300_20200518-probe0,16,216300,Excitatory,2466,0.4414922140836924
216300_20200518-probe0,17,216300,Excitatory,25073,4.488862239951508
216300_20200518-probe0,18,216300,Inhibitory,7988,1.4301053552719118
216300_20200518-probe0,19,216300,Excitatory,3408,0.610140091483059
216300_20200518-probe0,20,216300,Excitatory,868,0.15539953034251622
216300_20200518-probe0,21,216300,Excitatory,63914,11.442633159345139
216300_20200518-probe0,22,216300,Excitatory,13830,2.4760086458951602
216300_20200518-probe0,23,216300,Inhibitory,41217,7.379150278948722
216300_20200518-probe0,24,216300,Excitatory,8605,1.540567924651327
216300_20200518-probe0,25,216300,Excitatory,75587,13.532470391704807
216300_20200518-probe0,26,216300,Excitatory,1699,0.3041748871566072
216300_20200518-probe0,27,216300,Excitatory,9234,1.6531788746345562
216300_20200518-probe0,28,216300,Inhibitory,42614,7.629257587576021
216300_20200518-probe0,29,216300,Excitatory,3258,0.5832853339353892
216300_20200518-probe0,30,216300,Excitatory,1339,0.23972346904219954
216300_20200518-probe0,31,216300,Inhibitory,13265,2.374855725798937
216300_20200518-probe0,32,216300,Excitatory,7068,1.2653961756462035
216300_20200518-probe0,33,216300,Excitatory,8101,1.4503359392911566
216300_20200518-probe0,34,216300,Inhibitory,48739,8.725826854105874
216300_20200518-probe0,35,216300,Excitatory,7633,1.3665490957424264
216300_20200518-probe0,36,216300,Excitatory,30312,5.426809405233124
216300_20200518-probe0,37,216300,Excitatory,37070,6.636705748614143
216300_20200518-probe0,38,216300,Excitatory,772,0.13821248551200752
216300_20200518-probe0,39,216300,Excitatory,3696,0.6617012259745851
216300_20200518-probe0,40,216300,Excitatory,6753,1.2090011847960966
216300_20200518-probe0,41,216300,Inhibitory,41306,7.3950841017603395
216300_20200518-probe0,42,216300,Excitatory,2060,0.3688053369879993
216300_20200518-probe0,43,216300,Excitatory,3592,0.6430819274082007
216300_20200518-probe0,44,216300,Excitatory,2497,0.44704219731021083
216300_20200518-probe0,45,216300,Excitatory,46695,8.359886024589626
216300_20200518-probe0,46,216300,Inhibitory,41968,7.513603098404055
216300_20200518-probe0,47,216300,Excitatory,25281,4.526100837084277
216300_20200518-probe0,48,216300,Excitatory,2045,0.3661198612332323
216300_20200518-probe0,49,216300,Excitatory,18630,3.3353608874205958
216300_20200518-probe0,50,216300,Inhibitory,52134,9.333639533268133
216300_20200518-probe0,51,216300,Inhibitory,32389,5.798658281409859
216300_20200518-probe0,52,216300,Inhibitory,15554,2.784659325976379
216300_20200518-probe0,53,216300,Excitatory,17943,3.212366097852268
216300_20200518-probe0,54,216300,Excitatory,21165,3.789206289976216
216300_20200518-probe0,55,216300,Excitatory,34793,6.2290505290405145
216300_20200518-probe0,56,216300,Excitatory,32325,5.7872002515228536
216300_20200518-probe0,57,216300,Excitatory,10760,1.9263812747528508
216300_20200518-probe0,58,216300,Excitatory,25530,4.5706797346134085
216300_20200518-probe0,59,216300,Excitatory,9317,1.6680385071442667
216300_20200518-probe0,60,216300,Excitatory,26828,4.803062903259245
216300_20200518-probe0,61,216300,Excitatory,5823,1.0425016880005438
216300_20200518-probe0,62,216300,Excitatory,9142,1.6367079566719853
216300_20200518-probe0,63,216300,Excitatory,29228,5.232739024021963
216300_20200518-probe0,64,216300,Excitatory,28965,5.185653682455048
216300_20200518-probe0,65,216300,Excitatory,3254,0.5825692070674513
216300_20200518-probe0,66,216300,Excitatory,15163,2.714657924635453
216300_20200518-probe0,67,216300,Excitatory,1357,0.24294603994791994
216300_20200518-probe0,68,216300,Excitatory,11862,2.1236742268697317
216300_20200518-probe0,69,216300,Excitatory,25326,4.534157264348578
216300_20200518-probe0,70,216300,Inhibitory,63906,11.441200905609264
216300_20200518-probe0,71,216300,Excitatory,34366,6.152603985888148
216300_20200518-probe0,72,216300,Excitatory,3471,0.6214190896530803
216300_20200518-probe0,73,216300,Excitatory,125128,22.40188068283222
216300_20200518-probe0,74,216300,Excitatory,35153,6.2935019471549225
216300_20200518-probe0,75,216300,Excitatory,6091,1.0904821881523805
216300_20200518-probe0,76,216300,Excitatory,13375,2.3945492146672285
216300_20200518-probe0,77,216300,Excitatory,9558,1.7111851509375229
216300_20200518-probe0,78,216300,Excitatory,85032,15.223424958623086
216300_20200518-probe0,79,216300,Excitatory,18969,3.3960526394783295
216300_20200518-probe0,80,216300,Excitatory,7119,1.2745267932124111
216300_20200518-probe0,81,216300,Excitatory,27374,4.900814220732763
216300_20200518-probe0,82,216300,Excitatory,55755,9.981913380468884
216300_20200518-probe0,83,216300,Excitatory,33848,6.059865556490195
216300_20200518-probe0,84,216300,Excitatory,72043,12.89798198671186
216300_20200518-probe0,85,216300,Excitatory,13780,2.467057060045937
216300_20200518-probe0,86,216300,Excitatory,14688,2.629617859067832
216300_20200518-probe0,87,216300,Excitatory,7254,1.298696075005314
216300_20200518-probe0,88,216300,Excitatory,13533,2.422836225950774
216300_20200518-probe0,89,216300,Excitatory,30729,5.501465631215646
216300_20200518-probe0,90,216300,Excitatory,14293,2.558900330858968
216300_20200518-probe0,91,216300,Excitatory,17259,3.0899084034348934
216300_20200518-probe0,92,216300,Excitatory,8943,1.6010806449920767
216300_20200518-probe0,93,216300,Excitatory,3488,0.6244626288418162
216300_20200518-probe0,94,216300,Inhibitory,35105,6.284908424739668
216300_20200518-probe0,95,216300,Excitatory,7143,1.2788235544200384
216300_20200518-probe0,96,216300,Excitatory,20190,3.6146503659163622
216300_20200518-probe0,97,216300,Excitatory,7554,1.3524055901006538
216300_20200518-probe0,98,216300,Excitatory,4980,0.8915779505826391
216300_20200518-probe0,99,216300,Excitatory,36580,6.548980207291755
216300_20200518-probe0,100,216300,Excitatory,39023,6.986354691884804
216300_20200518-probe0,101,216300,Inhibitory,24244,4.340444946571386
216300_20200518-probe0,102,216300,Excitatory,8468,1.5160405794244554
216300_20200518-probe0,103,216300,Excitatory,16551,2.9631539478098916
216300_20200518-probe0,104,216300,Excitatory,5104,0.9137778834887128
216300_20200518-probe0,105,216300,Excitatory,3477,0.6224932799549872
216300_20200518-probe0,106,216300,Excitatory,8375,1.4993906297449
216300_20200518-probe0,107,216300,Excitatory,27237,4.876286875505892
216300_20200518-probe0,108,216300,Excitatory,19532,3.4968474961405835
216300_20200518-probe0,109,216300,Excitatory,8260,1.4788019822916865
216300_20200518-probe0,110,216300,Excitatory,31740,5.682466697086941
216300_20200518-probe0,111,216300,Excitatory,3044,0.5449725465007136
216300_20200518-probe0,112,216300,Excitatory,16557,2.9642281381117983
216300_20200518-probe0,113,216300,Excitatory,5662,1.0136775815660446
216300_20200518-probe0,114,216300,Excitatory,10201,1.8263025449585344
216300_20200518-probe0,115,216300,Excitatory,11780,2.1089936260770057
216300_20200518-probe0,116,216300,Excitatory,8638,1.5464759713118146
216300_20200518-probe0,117,216300,Excitatory,43063,7.709642828502045
216300_20200518-probe0,118,216300,Excitatory,3842,0.6878398566543171
216300_20200518-probe0,119,216300,Inhibitory,114315,20.466010727079194
216300_20200518-probe0,120,216300,Excitatory,6953,1.2448075281929898
216300_20200518-probe0,121,216300,Excitatory,37135,6.648342810218133
216300_20200518-probe0,122,216300,Inhibitory,72032,12.896012637825033
216300_20200518-probe0,123,216300,Excitatory,3223,0.5770192238409328
216300_20200518-probe0,124,216300,Excitatory,28720,5.141790911793854
216300_20200518-probe0,125,216300,Excitatory,11198,2.004797166792047
216300_20200518-probe0,126,216300,Inhibitory,48888,8.752502579936559
216300_20200518-probe0,127,216300,Excitatory,51750,9.2648913539461
216300_20200518-probe0,128,216300,Excitatory,17949,3.2134402881541746
216300_20200518-probe0,129,216300,Excitatory,4377,0.7836218252410063
216300_20200518-probe0,130,216300,Excitatory,27203,4.87019979712842
216300_20200518-probe0,131,216300,Excitatory,16140,2.889571912129276
216300_20200518-probe0,132,216300,Excitatory,16874,3.020981192395874
216300_20200518-probe0,133,216300,Excitatory,19015,3.404288098459615
216300_20200518-probe0,134,216300,Excitatory,11074,1.982597233885973
216300_20200518-probe0,135,216300,Excitatory,30566,5.472283461347178
216300_20200518-probe0,136,216300,Excitatory,56694,10.150024162717298
216300_20200518-probe0,137,216300,Excitatory,3617,0.6475577203328123
216300_20200518-probe0,138,216300,Excitatory,43162,7.727366968483508
216300_20200518-probe0,139,216300,Excitatory,33677,6.029251132885851
216300_20200518-probe0,140,216300,Excitatory,6229,1.1151885650962368
216300_20200518-probe0,141,216300,Excitatory,10231,1.8316734964680683
216300_20200518-probe0,142,216300,Excitatory,10708,1.9170716254696585
216300_20200518-probe0,143,216300,Excitatory,19849,3.5536005504246595
216300_20200518-probe0,144,216300,Excitatory,8686,1.5550694937270688
216300_20200518-probe0,145,216300,Excitatory,34025,6.091554170396445
216300_20200518-probe0,146,216300,Excitatory,10803,1.9340796385831827
216300_20200518-probe0,147,216300,Excitatory,4201,0.7521122430517403
216300_20200518-probe0,148,216300,Excitatory,16095,2.881515484864975
216300_20200518-probe0,149,216300,Excitatory,3552,0.6359206587288221
216300_20200518-probe0,150,216300,Excitatory,5605,1.00347277369793
216300_20200518-probe0,151,216300,Excitatory,3333,0.5967127127092241
216300_20200518-probe0,152,216300,Excitatory,4086,0.7315235955985268
216300_20200518-probe0,153,216300,Excitatory,422,0.07555138456744452
216300_20200518-probe0,154,216300,Excitatory,7128,1.2761380786652714
216300_20200518-probe0,155,216300,Excitatory,31192,5.584357316179454
216300_20200518-probe0,156,216300,Excitatory,21877,3.916676872469156
216300_20200518-probe0,157,216300,Excitatory,2176,0.38957301615819734
216300_20200518-probe0,158,216300,Excitatory,19219,3.440810568724446
216300_20200518-probe0,159,216300,Excitatory,547,0.09793034919050272
216300_20200518-probe0,160,216300,Excitatory,8321,1.4897229170277388
216300_20200518-probe0,161,216300,Excitatory,1227,0.21967191673993938
216300_20200518-probe0,162,216300,Excitatory,31245,5.59384599717963
216300_20200518-probe0,163,216300,Excitatory,3973,0.7112930115792822
216300_20200518-probe0,164,216300,Inhibitory,2738,0.49018884110346705
216300_20200518-probe0,165,216300,Excitatory,411,0.0735820356806154
216300_20200518-probe0,166,216300,Excitatory,1590,0.28466043000530045
216300_20200518-probe0,167,216300,Excitatory,3208,0.5743337480861659
216300_20200518-probe0,168,216300,Excitatory,7204,1.2897444891560907
216300_20200518-probe0,169,216300,Excitatory,647,0.1158335208889493
216300_20200518-probe0,170,216300,Excitatory,32065,5.740652005106892
216300_20200518-probe0,171,216300,Excitatory,15148,2.7119724488806862
216300_20200518-probe0,172,216300,Excitatory,12203,2.184724042361435
216300_20200518-probe0,173,216300,Excitatory,12191,2.182575661757621
216300_20200518-probe0,174,216300,Excitatory,8173,1.463226222914038
216300_20200518-probe0,175,216300,Excitatory,2049,0.3668359881011702
216300_20200518-probe0,176,216300,Excitatory,15269,2.7336352866358067
216300_20200518-probe0,177,216300,Excitatory,9431,1.688448122880496
216300_20200518-probe0,178,216300,Excitatory,20305,3.6352390133695756
216300_20200518-probe0,179,216300,Excitatory,19433,3.4791233561591217
216300_20200518-probe0,180,216300,Inhibitory,39988,7.1591202987748135
216300_20200518-probe0,181,216300,Excitatory,2662,0.47658243061264766
216300_20200518-probe0,182,216300,Excitatory,50014,8.954092293261066
216300_20200518-probe0,183,216300,Excitatory,16271,2.913025067054241
216300_20200518-probe0,184,216300,Excitatory,55504,9.936976419505783
216300_20200518-probe0,185,216300,Excitatory,56107,10.044932544847416
216300_20200518-probe0,187,216300,Excitatory,16171,2.8951218953557945
216300_20200518-probe0,188,216300,Excitatory,5457,0.9769760795842293
216300_20200518-probe0,189,216300,Inhibitory,10605,1.8986313586202586
216300_20200518-probe0,190,216300,Excitatory,7606,1.3617152393838459
216300_20200518-probe0,191,216300,Inhibitory,68121,12.195819592698786
216300_20200518-probe0,192,216300,Inhibitory,19279,3.451552471743514
216300_20200518-probe0,193,216300,Excitatory,1142,0.2044542207962598
216300_20200518-probe0,195,216300,Excitatory,11843,2.120272624247027
216300_20200518-probe0,196,216300,Excitatory,4330,0.7752073345427364
216300_20200518-probe0,197,216300,Excitatory,5372,0.9617583836405497
216300_20200518-probe0,198,216300,Inhibitory,4910,0.8790457303937265
216300_20200518-probe0,199,216300,Excitatory,1100,0.19693488868291226
216300_20200518-probe0,200,216300,Excitatory,2492,0.4461470387252885
216300_20200518-probe0,201,216300,Excitatory,24853,4.449475262214926
216300_20200518-probe0,202,216300,Inhibitory,111128,19.895436645049703
216300_20200518-probe0,203,216300,Excitatory,15003,2.6860128499179385
216300_20200518-probe0,204,216300,Excitatory,2416,0.4325406282344691
216300_20200518-probe0,205,216300,Excitatory,5023,0.8992763144129711
216300_20200518-probe0,206,216300,Inhibitory,55674,9.967411811393143
216300_20200518-probe0,207,216300,Excitatory,3560,0.6373529124646978
216300_20200518-probe0,208,216300,Inhibitory,108994,19.51338296100485
216300_20200518-probe0,209,216300,Excitatory,1082,0.19371231777719186
216300_20200518-probe0,210,216300,Excitatory,204,0.036522470264831
216300_20200518-probe0,211,216300,Excitatory,1966,0.3519763555914595
216300_20200518-probe0,212,216300,Excitatory,13851,2.479768311951834
216300_20200518-probe0,213,216300,Excitatory,44616,7.987679084978921
216300_20200518-probe0,214,216300,Excitatory,2364,0.42323097895127687
216300_20200518-probe0,215,216300,Excitatory,1391,0.24903311832539177
216300_20200518-probe0,216,216300,Excitatory,1185,0.21215258462659184
216300_20200518-probe0,217,216300,Excitatory,4283,0.7667928438444666
216300_20200518-probe0,218,216300,Excitatory,616,0.11028353766243086
216300_20200518-probe0,219,216300,Inhibitory,3714,0.6649237968803056
216300_20200518-probe0,220,216300,Inhibitory,107267,19.20419518577268
216300_20200518-probe0,221,216300,Inhibitory,16850,3.0166844311882466
216300_20200518-probe0,222,216300,Excitatory,81053,14.511057756741897
216300_20200518-probe0,223,216300,Excitatory,2553,0.45706797346134087
216300_20200518-probe0,224,216300,Excitatory,18017,3.225614444909118
216300_20200518-probe0,225,216300,Inhibitory,103519,18.5331843105149
216300_20200518-probe0,226,216300,Inhibitory,33426,5.98431417192275
216300_20200518-probe0,227,216300,Excitatory,1151,0.20606550624912
216300_20200518-probe0,228,216300,Excitatory,42850,7.671509072784355
216300_20200518-probe0,229,216300,Excitatory,10359,1.85458955624208
216300_20200518-probe0,230,216300,Inhibitory,4772,0.8543393534498702
216300_20200518-probe0,231,216300,Inhibitory,43492,7.786447435088381
216300_20200518-probe0,232,216300,Excitatory,27870,4.989613952357058
216300_20200518-probe0,233,216300,Excitatory,6966,1.247134940513788
216300_20200518-probe0,234,216300,Excitatory,64222,11.497774928176355
216300_20200518-probe0,235,216300,Excitatory,63009,11.280609455474199
216300_20200518-probe0,236,216300,Excitatory,1774,0.3176022659304421
216300_20200518-probe0,237,216300,Excitatory,54355,9.731268976690632
216300_20200518-probe0,238,216300,Inhibitory,1872,0.33514737419491974
216300_20200518-probe0,239,216300,Excitatory,26933,4.821861233542614
216300_20200518-probe0,240,216300,Excitatory,14341,2.567493853274222
216300_20200518-probe0,241,216300,Inhibitory,7679,1.3747845547237119
216300_20200518-probe0,242,216300,Excitatory,4233,0.7578412579952433
216300_20200518-probe0,243,216300,Excitatory,71190,12.745267932124111
216300_20200518-probe0,244,216300,Inhibitory,17776,3.182467801115862
216300_20200518-probe0,245,216300,Inhibitory,3913,0.7005511085602142
216300_20200518-probe0,246,216300,Excitatory,707,0.12657542390801724
216300_20200518-probe0,247,216300,Excitatory,18095,3.2395789188339066
216300_20200518-probe0,248,216300,Excitatory,3027,0.5419290073119776
216300_20200518-probe0,249,216300,Excitatory,462,0.08271265324682314
216300_20200518-probe0,250,216300,Excitatory,13503,2.41746527444124
216300_20200518-probe0,251,216300,Inhibitory,6756,1.2095382799470502
216300_20200518-probe0,252,216300,Excitatory,1222,0.21877675815501707
216300_20200518-probe0,253,216300,Excitatory,10333,1.849934731600484
216300_20200518-probe0,254,216300,Excitatory,4954,0.886923125941043
216300_20200518-probe0,255,216300,Excitatory,7552,1.352047526666685
216300_20200518-probe0,256,216300,Excitatory,2594,0.464408273857704
216300_20200518-probe0,257,216300,Excitatory,3537,0.6332351829740551
216300_20200518-probe0,258,216300,Inhibitory,15234,2.7273691765413504
216300_20200518-probe0,259,216300,Excitatory,2202,0.39422784079979345
216300_20200518-probe0,261,216300,Excitatory,25378,4.54346691363177
216300_20200518-probe0,262,216300,Excitatory,44981,8.053025661678252
216300_20200518-probe0,263,216300,Excitatory,78958,14.135986309659442
216300_20200518-probe0,264,216300,Inhibitory,65346,11.699006578066895
216300_20200518-probe0,265,216300,Inhibitory,30251,5.415888470497071
216300_20200518-probe0,266,216300,Excitatory,3648,0.6531077035593308
216300_20200518-probe0,267,216300,Excitatory,1546,0.27678303445798397
216300_20200518-probe0,268,216300,Excitatory,13571,2.429639431196184
216300_20200518-probe0,269,216300,Excitatory,13780,2.467057060045937
216300_20200518-probe0,270,216300,Inhibitory,84247,15.08288506079028
216300_20200518-probe0,271,216300,Excitatory,4648,0.8321394205437965
216300_20200518-probe0,272,216300,Excitatory,44916,8.04138860007426
216300_20200518-probe0,273,216300,Excitatory,5570,0.9972066636034739
216300_20200518-probe0,274,216300,Inhibitory,6697,1.1989754086449667
216300_20200518-probe0,275,216300,Excitatory,18807,3.367049501326846
216300_20200518-probe0,276,216300,Excitatory,5298,0.9485100365836991
216300_20200518-probe0,277,216300,Excitatory,4808,0.860784495261311
216300_20200518-probe0,278,216300,Inhibitory,39829,7.130654255774283
216300_20200518-probe0,279,216300,Excitatory,634,0.11350610856815124
216300_20200518-probe0,280,216300,Excitatory,24652,4.413489887101048
216300_20200518-probe0,281,216300,Inhibitory,36573,6.547726985272863
216300_20200518-probe0,282,216300,Excitatory,11125,1.9917278514521808
216300_20200518-probe0,283,216300,Excitatory,17282,3.094026132925536
216300_20200518-probe0,284,216300,Inhibitory,129675,23.215937899960586
216300_20200518-probe0,285,216300,Excitatory,11801,2.1127532921336796
216300_20200518-probe0,286,216300,Excitatory,11031,1.974898870055641
216300_20200518-probe0,287,216300,Excitatory,26596,4.76152754491885
216300_20200518-probe0,288,216300,Inhibitory,37280,6.67430240918088
216300_20200518-probe0,289,216300,Excitatory,20182,3.6132181121804865
216300_20200518-probe0,290,216300,Excitatory,25530,4.5706797346134085
216300_20200518-probe0,291,216300,Excitatory,10131,1.8137703247696217
216300_20200518-probe0,292,216300,Excitatory,4128,0.7390429277118743
216300_20200518-probe0,293,216300,Excitatory,10813,1.9358699557530274
216300_20200518-probe0,294,216300,Excitatory,6010,1.0759806190766388
216300_20200518-probe0,295,216300,Excitatory,1548,0.27714109789195285
216300_20200518-probe0,296,216300,Excitatory,6681,1.1961109011732152
216300_20200518-probe0,297,216300,Excitatory,19133,3.425413841063782
216300_20200518-probe0,298,216300,Excitatory,8696,1.5568598108969136
216300_20200518-probe0,299,216300,Excitatory,3734,0.6685044312199948
216300_20200518-probe0,300,216300,Excitatory,38493,6.891467881883037
216300_20200518-probe0,301,216300,Excitatory,7687,1.3762168084595876
216300_20200518-probe0,302,216300,Excitatory,36236,6.487393296649098
216300_20200518-probe0,303,216300,Excitatory,7175,1.2845525693635413
216300_20200518-probe0,304,216300,Excitatory,4388,0.7855911741278354
216300_20200518-probe0,305,216300,Excitatory,16243,2.908012178978676
216300_20200518-probe0,306,216300,Excitatory,1295,0.23184607349488306
216300_20200518-probe0,307,216300,Excitatory,9169,1.641541813030566
216300_20200518-probe0,308,216300,Excitatory,747,0.13373669258739587
216300_20200518-probe0,309,216300,Inhibitory,16328,2.9232298749223555
216300_20200518-probe0,310,216300,Excitatory,2158,0.3863504452524769
216300_20200518-probe0,311,216300,Excitatory,8888,1.591233900557931
216300_20200518-probe0,312,216300,Inhibitory,21024,3.7639628178814064
216300_20200518-probe0,313,216300,Excitatory,5060,0.9059004879413963
216300_20200518-probe0,314,216300,Excitatory,9173,1.6422579398985038
216300_20200518-probe0,315,216300,Excitatory,10728,1.9206522598093478
216300_20200518-probe0,316,216300,Excitatory,6111,1.0940628224920699
216300_20200518-probe0,317,216300,Excitatory,1915,0.34284573802525176
216300_20200518-probe0,318,216300,Excitatory,15754,2.8204656693732724
216300_20200518-probe0,319,216300,Excitatory,7135,1.2773913006841626
216300_20200518-probe0,320,216300,Inhibitory,2860,0.5120307105755718
216300_20200518-probe0,321,216300,Excitatory,545,0.0975722857565338
216300_20200518-probe0,322,216300,Excitatory,2561,0.4585002271972166
216300_20200518-probe0,323,216300,Inhibitory,22150,3.965552531205915
216300_20200518-probe0,324,216300,Excitatory,4407,0.7889927767505402
216300_20200518-probe0,325,216300,Excitatory,23214,4.156042278077386
216300_20200518-probe0,326,216300,Excitatory,2875,0.5147161863303389
216300_20200518-probe0,327,216300,Inhibitory,22108,3.9580331990925672
216300_20200518-probe0,328,216300,Excitatory,18775,3.361320486383343
216300_20200518-probe0,329,216300,Excitatory,16855,3.017579589773169
216300_20200518-probe0,330,216300,Excitatory,3587,0.6421867688232784
216300_20200518-probe0,331,216300,Excitatory,2314,0.4142793931020536
216300_20200518-probe0,332,216300,Excitatory,757,0.13552700975724052
216300_20200518-probe0,333,216300,Excitatory,32340,5.78988572727762
216300_20200518-probe0,334,216300,Excitatory,396,0.07089655992584841
216300_20200518-probe0,335,216300,Excitatory,1264,0.2262960902683646
216300_20200518-probe0,336,216300,Excitatory,8517,1.5248131335566941
216300_20200518-probe0,337,216300,Excitatory,6466,1.157619082021555
216300_20200518-probe0,338,216300,Excitatory,9101,1.629367656275622
216300_20200518-probe0,339,216300,Excitatory,6664,1.1930673619844794
216300_20200518-probe0,340,216300,Excitatory,6099,1.0919144418882563
216300_20200518-probe0,341,216300,Excitatory,574,0.1027642055490833
216300_20200518-probe0,342,216300,Excitatory,1839,0.3292393275344324
216300_20200518-probe0,343,216300,Excitatory,7047,1.2616365095895297
216300_20200518-probe0,344,216300,Excitatory,460,0.08235458981285422
216300_20200518-probe0,345,216300,Inhibitory,9062,1.622385419313228
216300_20200518-probe0,346,216300,Excitatory,1499,0.2683685437597141
216300_20200518-probe0,347,216300,Excitatory,12784,2.288741469929409
216300_20200518-probe0,348,216300,Excitatory,1429,0.25583632357080144
216300_20200518-probe0,349,216300,Excitatory,673,0.12048834553054541
216300_20200518-probe0,350,216300,Excitatory,2326,0.4164277737058672
216300_20200518-probe0,351,216300,Excitatory,880,0.1575479109463298
216300_20200518-probe0,352,216300,Excitatory,4546,0.813878185411381
216300_20200518-probe0,353,216300,Excitatory,1218,0.2180606312870792
216300_20200518-probe0,354,216300,Excitatory,397,0.07107559164283288
216300_20200518-probe0,355,216300,Excitatory,502,0.08987392192620178
216300_20200518-probe0,356,216300,Excitatory,12923,2.31362687859025
216300_20200518-probe0,357,216300,Inhibitory,15988,2.8623590911476375
216300_20200518-probe0,358,216300,Excitatory,14094,2.5232730191790593
216300_20200518-probe0,359,216300,Excitatory,9360,1.6757368709745988
216300_20200518-probe0,360,216300,Excitatory,4645,0.8316023253928431
216300_20200518-probe0,361,216300,Excitatory,25324,4.533799200914609
216300_20200518-probe0,362,216300,Excitatory,16872,3.0206231289619048
216300_20200518-probe0,363,216300,Excitatory,108278,19.385196251643976
216300_20200518-probe0,364,216300,Excitatory,3632,0.6502431960875793
216300_20200518-probe0,365,216300,Excitatory,3008,0.5385274046892727
216300_20200518-probe0,366,216300,Excitatory,7380,1.3212540713453567
216300_20200518-probe0,367,216300,Excitatory,4381,0.7843379521089442
216300_20200518-probe0,368,216300,Excitatory,14399,2.5778776928593214
216300_20200518-probe0,369,216300,Excitatory,42565,7.6204850334437815
216300_20200518-probe0,370,216300,Excitatory,8862,1.586579075916335
216300_20200518-probe0,371,216300,Inhibitory,150171,26.885371971274196
216300_20200518-probe0,372,216300,Excitatory,6242,1.1175159774170347
216300_20200518-probe0,373,216300,Excitatory,3288,0.5886562854449232
216300_20200518-probe0,374,216300,Excitatory,37432,6.70151523016252
216300_20200518-probe0,375,216300,Excitatory,42366,7.584857721763873
216300_20200518-probe0,376,216300,Excitatory,30201,5.406936884647848
216300_20200518-probe0,377,216300,Excitatory,32407,5.80188085231558
216300_20200518-probe0,378,216300,Excitatory,1555,0.2783943199108441
216300_20200518-probe0,379,216300,Excitatory,12568,2.250070619060765
216300_20200518-probe0,380,216300,Excitatory,10858,1.9439263830173283
216300_20200518-probe0,381,216300,Excitatory,3409,0.6103191232000436
216300_20200518-probe0,382,216300,Excitatory,1072,0.1919220006073472
216300_20200518-probe0,383,216300,Excitatory,12703,2.2742399008536673
216300_20200518-probe0,384,216300,Inhibitory,144905,25.942590949634
216300_20200518-probe0,385,216300,Excitatory,7016,1.2560865263630112
216300_20200518-probe0,386,216300,Excitatory,4637,0.8301700716569673
216300_20200518-probe0,387,216300,Excitatory,1727,0.3091877752321722
216300_20200518-probe0,388,216300,Excitatory,57270,10.25314643170035
216300_20200518-probe0,389,216300,Excitatory,2237,0.4004939508942497
216300_20200518-probe0,390,216300,Excitatory,996,0.1783155901165278
216300_20200518-probe0,391,216300,Excitatory,10351,1.8531573025062043
216300_20200518-probe0,392,216300,Excitatory,58675,10.504685994063523
216300_20200518-probe0,393,216300,Excitatory,74292,13.300624318209925
216300_20200518-probe0,394,216300,Excitatory,6513,1.166033572719825
216300_20200518-probe0,395,216300,Excitatory,6700,1.19951250379592
216300_20200518-probe0,396,216300,Excitatory,15253,2.730770779164055
216300_20200518-probe0,397,216300,Excitatory,3044,0.5449725465007136
216300_20200518-probe0,398,216300,Excitatory,7821,1.4002070585355062
216300_20200518-probe0,399,216300,Excitatory,17558,3.1434388868132483
216300_20200518-probe0,400,216300,Excitatory,5042,0.902677917035676
216300_20200518-probe0,401,216300,Excitatory,8982,1.6080628819544707
216300_20200518-probe0,402,216300,Excitatory,3432,0.6144368526906863
216300_20200518-probe0,403,216300,Excitatory,10347,1.8524411756382664
216300_20200518-probe0,404,216300,Excitatory,20066,3.5924504330102884
216301_20200521-probe0,0,216301,Inhibitory,161613,31.135723850399618
216301_20200521-probe0,1,216301,Inhibitory,95302,18.3605078452277
216301_20200521-probe0,4,216301,Inhibitory,129119,24.87555783160852
216301_20200521-probe0,5,216301,Inhibitory,115329,22.21883076202247
216301_20200521-probe0,6,216301,Inhibitory,164795,31.74875543382404
216301_20200521-probe0,7,216301,Inhibitory,78767,15.174939890506497
216301_20200521-probe0,8,216301,Excitatory,316445,60.96504695686428
216301_20200521-probe0,9,216301,Inhibitory,189850,36.57575302109587
216301_20200521-probe0,10,216301,Excitatory,1942,0.37413806882785455
216301_20200521-probe0,11,216301,Inhibitory,49357,9.508925161244292
216301_20200521-probe0,12,216301,Inhibitory,30008,5.781223053237002
216301_20200521-probe0,13,216301,Inhibitory,60111,11.580748432189065
216301_20200521-probe0,14,216301,Inhibitory,19757,3.806305780551968
216301_20200521-probe0,15,216301,Excitatory,4466,0.8604019646679704
216301_20200521-probe0,16,216301,Inhibitory,1610,0.31017625685522443
216301_20200521-probe0,17,216301,Inhibitory,4773,0.9195473751366373
216301_20200521-probe0,18,216301,Excitatory,3962,0.763303310348074
216301_20200521-probe0,19,216301,Excitatory,32902,6.338769691335773
216301_20200521-probe0,20,216301,Inhibitory,8934,1.7211892414562577
216301_20200521-probe0,21,216301,Excitatory,33492,6.452436766829302
216301_20200521-probe0,22,216301,Excitatory,15874,3.0582222989564176
216301_20200521-probe0,23,216301,Excitatory,28314,5.454863687328462
216301_20200521-probe0,24,216301,Inhibitory,15067,2.902748858408488
216301_20200521-probe0,25,216301,Excitatory,59527,11.468237293056486
216301_20200521-probe0,26,216301,Excitatory,841,0.16202374659331908
216301_20200521-probe0,27,216301,Excitatory,26580,5.12079807901358
216301_20200521-probe0,28,216301,Excitatory,6785,1.3071713681755885
216301_20200521-probe0,29,216301,Excitatory,26918,5.185915827347162
216301_20200521-probe0,30,216301,Excitatory,7561,1.4566724708586036
216301_20200521-probe0,31,216301,Excitatory,16097,3.1011846003717687
216301_20200521-probe0,32,216301,Excitatory,10117,1.9491013606237921
216301_20200521-probe0,33,216301,Excitatory,7516,1.44800294815147
216301_20200521-probe0,34,216301,Excitatory,30931,5.959044596763321
216301_20200521-probe0,35,216301,Excitatory,28141,5.421534188921037
216301_20200521-probe0,36,216301,Excitatory,4044,0.779101107281073
216301_20200521-probe0,37,216301,Excitatory,25208,4.856473964476085
216301_20200521-probe0,38,216301,Excitatory,8205,1.5807429736006933
216301_20200521-probe0,39,216301,Excitatory,6326,1.2187422365628258
216301_20200521-probe0,40,216301,Excitatory,5713,1.1006440716856503
216301_20200521-probe0,41,216301,Excitatory,18652,3.5934208340767984
216301_20200521-probe0,42,216301,Excitatory,50993,9.82411047566364
216301_20200521-probe0,43,216301,Excitatory,50102,9.652453926062394
216301_20200521-probe0,44,216301,Excitatory,6025,1.16075276245511
216301_20200521-probe0,45,216301,Excitatory,680,0.13100612090779665
216301_20200521-probe0,46,216301,Excitatory,16473,3.1736232789913736
216301_20200521-probe0,47,216301,Excitatory,2701,0.5203640184881746
216301_20200521-probe0,48,216301,Inhibitory,173982,33.51868665850041
216301_20200521-probe0,49,216301,Excitatory,2814,0.5421341532860878
216301_20200521-probe0,50,216301,Excitatory,2505,0.4826034306971038
216301_20200521-probe0,51,216301,Excitatory,1150,0.22155446918230315
216301_20200521-probe0,52,216301,Excitatory,18844,3.6304107976272353
216301_20200521-probe0,53,216301,Excitatory,6978,1.3443539877861839
216301_20200521-probe0,54,216301,Inhibitory,17595,3.389783378489238
216301_20200521-probe0,55,216301,Excitatory,2019,0.3889725854600609
216301_20200521-probe0,56,216301,Inhibitory,69909,13.468392509622287
216301_20200521-probe0,57,216301,Inhibitory,115236,22.200913748427727
216301_20200521-probe0,58,216301,Excitatory,756,0.1456479814798445
216301_20200521-probe0,59,216301,Inhibitory,38896,7.493550115925968
216301_20200521-probe0,60,216301,Excitatory,2542,0.48973170492296925
216301_20200521-probe0,61,216301,Excitatory,1867,0.3596888643159652
216301_20200521-probe0,62,216301,Excitatory,615,0.11848347699749255
216301_20200521-probe0,63,216301,Inhibitory,36759,7.081844115367201
216301_20200521-probe0,64,216301,Excitatory,92989,17.914894378081033
216301_20200521-probe0,65,216301,Inhibitory,58683,11.305635578282692
216301_20200521-probe0,66,216301,Excitatory,3752,0.7228455377147839
216301_20200521-probe0,67,216301,Inhibitory,110051,21.20199207650578
216301_20200521-probe0,68,216301,Excitatory,112957,21.76185058732645
216301_20200521-probe0,69,216301,Excitatory,555,0.10692411338798108
216301_20200521-probe0,70,216301,Excitatory,2613,0.5034102851942245
216301_20200521-probe0,71,216301,Excitatory,2652,0.510923871540407
216301_20200521-probe0,72,216301,Inhibitory,76584,14.754371711180438
216301_20200521-probe0,73,216301,Inhibitory,84098,16.20198934721159
216301_20200521-probe0,74,216301,Excitatory,8681,1.672447258236151
216301_20200521-probe0,75,216301,Inhibitory,114365,22.033110320029653
216301_20200521-probe0,76,216301,Excitatory,14646,2.8216406570817494
216301_20200521-probe0,77,216301,Inhibitory,123939,23.877599439987364
216301_20200521-probe0,78,216301,Excitatory,19356,3.7290507004283997
216301_20200521-probe0,79,216301,Excitatory,2291,0.44137503382317955
216301_20200521-probe0,80,216301,Inhibitory,55891,10.767739858320091
216301_20200521-probe0,81,216301,Excitatory,1503,0.28956205841826227
216301_20200521-probe0,82,216301,Inhibitory,37935,7.308407642113626
216301_20200521-probe0,83,216301,Inhibitory,125367,24.15271229389374
216301_20200521-probe0,84,216301,Excitatory,3596,0.692791192330054
216301_20200521-probe0,85,216301,Excitatory,41663,8.026629434384605
216301_20200521-probe0,86,216301,Inhibitory,55202,10.634999832870868
216301_20200521-probe0,87,216301,Excitatory,1661,0.32000171592330917
216301_20200521-probe0,88,216301,Excitatory,355,0.0683929013562762
216301_20200521-probe0,89,216301,Inhibitory,49021,9.444192725031028
216301_20200521-probe0,90,216301,Excitatory,414,0.07975960890562914
216301_20200521-probe0,91,216301,Excitatory,55985,10.785849527974992
216301_20200521-probe0,92,216301,Inhibitory,50228,9.676728589642368
216301_20200521-probe0,93,216301,Excitatory,782,0.15065703904396613
216301_20200521-probe0,94,216301,Excitatory,7385,1.4227650042707032
216301_20200521-probe0,95,216301,Inhibitory,49285,9.49505392491288
216301_20200521-probe0,96,216301,Inhibitory,45854,8.834050982508982
216301_20200521-probe0,97,216301,Excitatory,2881,0.555042109316709
216301_20200521-probe0,98,216301,Inhibitory,23337,4.496014475919486
216301_20200521-probe0,99,216301,Excitatory,29522,5.68759220799996
216301_20200521-probe0,100,216301,Inhibitory,9408,1.8125082139713984
216301_20200521-probe0,101,216301,Excitatory,6565,1.264787034940713
216301_20200521-probe0,102,216301,Excitatory,3386,0.6523334196967638
216301_20200521-probe0,103,216301,Excitatory,2025,0.39012852182101204
216301_20200521-probe0,104,216301,Excitatory,368,0.070897430138337
216301_20200521-probe0,105,216301,Inhibitory,15199,2.9281794583494136
216301_20200521-probe0,106,216301,Excitatory,1100,0.21192166617437694
216301_20200521-probe0,107,216301,Excitatory,414,0.07975960890562914
216301_20200521-probe0,108,216301,Excitatory,28444,5.47990897514907
216301_20200521-probe0,109,216301,Excitatory,1503,0.28956205841826227
216301_20200521-probe0,110,216301,Excitatory,464,0.08939241191355536
216301_20200521-probe0,111,216301,Excitatory,461,0.08881444373307978
216301_20200521-probe0,112,216301,Inhibitory,85455,16.463423620846708
216301_20200521-probe0,113,216301,Inhibitory,17878,3.4443050435141007
216301_20200521-probe0,114,216301,Excitatory,4010,0.7725508012356832
216301_20200521-probe0,115,216301,Inhibitory,25440,4.901170170432863
216301_20200521-probe0,116,216301,Excitatory,11107,2.1398308601807314
216301_20200521-probe0,117,216301,Excitatory,3107,0.5985823789125355
216301_20200521-probe0,118,216301,Excitatory,478,0.0920895967557747
216301_20200521-probe0,120,216301,Inhibitory,16295,3.1393305002831564
216301_20200521-probe0,121,216301,Excitatory,6106,1.1763579033279505
216301_20200521-probe0,122,216301,Inhibitory,80837,15.573737935034643
216301_20200521-probe0,123,216301,Excitatory,654,0.125997063343675
216301_20200521-probe0,124,216301,Excitatory,25829,4.976113377834529
216301_20200521-probe0,125,216301,Excitatory,502,0.09671334219957929
216301_20200521-probe0,126,216301,Excitatory,2025,0.39012852182101204
216301_20200521-probe0,127,216301,Inhibitory,11987,2.309368193120233
216301_20200521-probe0,128,216301,Excitatory,2901,0.5588952305198795
216301_20200521-probe0,129,216301,Excitatory,888,0.17107858142076973
216301_20200521-probe0,130,216301,Excitatory,1736,0.3344509204351985
216301_20200521-probe0,131,216301,Excitatory,786,0.15142766328460025
216301_20200521-probe0,132,216301,Excitatory,2068,0.3984127324078286
216301_20200521-probe0,133,216301,Excitatory,961,0.18514247381234203
216301_20200521-probe0,134,216301,Excitatory,30619,5.898935905993861
216301_20200521-probe0,135,216301,Inhibitory,61852,11.916162632925056
216301_20200521-probe0,136,216301,Excitatory,7849,1.5121574161842586
216301_20200521-probe0,137,216301,Excitatory,5139,0.9900594931546572
216301_20200521-probe0,138,216301,Excitatory,17001,3.2753456787550745
216301_20200521-probe0,139,216301,Excitatory,6333,1.2200908289839356
216301_20200521-probe0,140,216301,Excitatory,74259,14.30644637131187
216301_20200521-probe0,141,216301,Excitatory,9795,1.8870661092527472
216301_20200521-probe0,142,216301,Excitatory,40288,7.761727351666634
216301_20200521-probe0,143,216301,Excitatory,1612,0.31056156897554144
216301_20200521-probe0,144,216301,Inhibitory,58076,11.188693349766467
216301_20200521-probe0,145,216301,Excitatory,1637,0.31537797047950455
216301_20200521-probe0,146,216301,Excitatory,622,0.11983206941860222
216301_20200521-probe0,147,216301,Excitatory,1676,0.32289155682568704
216301_20200521-probe0,148,216301,Excitatory,1567,0.3018920462684079
216301_20200521-probe0,149,216301,Excitatory,1882,0.36257870521834307
216301_20200521-probe0,150,216301,Excitatory,4521,0.8709980479766891
216301_20200521-probe0,151,216301,Excitatory,38479,7.413212538839863
216301_20200521-probe0,152,216301,Excitatory,11254,2.1681513010240345
216301_20200521-probe0,153,216301,Inhibitory,3156,0.6080225258603033
216301_20200521-probe0,154,216301,Excitatory,796,0.1533542238861855
216301_20200521-probe0,155,216301,Excitatory,28454,5.481835535750656
216301_20200521-probe0,156,216301,Excitatory,5905,1.137634035236087
216301_20200521-probe0,157,216301,Excitatory,25893,4.988443365684675
216301_20200521-probe0,158,216301,Excitatory,9060,1.7454639050362317
216301_20200521-probe0,159,216301,Inhibitory,7794,1.5015613328755397
216301_20200521-probe0,160,216301,Excitatory,472,0.09093366039482355
216301_20200521-probe0,161,216301,Excitatory,4273,0.823219345057375
216301_20200521-probe0,162,216301,Excitatory,6013,1.1584408897332077
216301_20200521-probe0,163,216301,Excitatory,47928,9.233619651277762
216301_20200521-probe0,164,216301,Excitatory,775,0.14930844662285647
216301_20200521-probe0,165,216301,Excitatory,52710,10.154900930955826
216301_20200521-probe0,166,216301,Excitatory,10791,2.0789515451706375
216301_20200521-probe0,167,216301,Excitatory,14998,2.8894555902575503
216301_20200521-probe0,168,216301,Excitatory,4169,0.8031831148008886
216301_20200521-probe0,169,216301,Excitatory,44967,8.66316505714837
216301_20200521-probe0,170,216301,Excitatory,19070,3.673951067223062
216301_20200521-probe0,171,216301,Excitatory,459,0.08842913161276274
216301_20200521-probe0,172,216301,Excitatory,13358,2.57349965159757
216301_20200521-probe0,173,216301,Excitatory,25186,4.852235531152598
216301_20200521-probe0,174,216301,Excitatory,2946,0.5675647532270132
216301_20200521-probe0,175,216301,Excitatory,7535,1.451663413294482
216301_20200521-probe0,176,216301,Excitatory,38801,7.475247790210909
216301_20200521-probe0,177,216301,Excitatory,33509,6.455711919851996
216301_20200521-probe0,178,216301,Excitatory,8279,1.5949995220524242
216301_20200521-probe0,179,216301,Excitatory,722,0.13909767543445467
216301_20200521-probe0,180,216301,Inhibitory,26061,5.020809583791307
216301_20200521-probe0,181,216301,Inhibitory,3978,0.7663858073106103
216301_20200521-probe0,182,216301,Inhibitory,44965,8.662779745028054
216301_20200521-probe0,183,216301,Excitatory,3382,0.6515627954561298
216301_20200521-probe0,184,216301,Excitatory,15903,3.063809324701015
216301_20200521-probe0,185,216301,Inhibitory,10308,1.9858986681140702
216301_20200521-probe0,186,216301,Excitatory,890,0.1714638935410868
216301_20200521-probe0,187,216301,Excitatory,4498,0.8665669585930431
216301_20200521-probe0,188,216301,Excitatory,5736,1.1050751610692964
216301_20200521-probe0,189,216301,Inhibitory,54476,10.49513153319578
216301_20200521-probe0,190,216301,Excitatory,4878,0.9397762614532824
216301_20200521-probe0,191,216301,Excitatory,2300,0.4431089383646063
216301_20200521-probe0,192,216301,Excitatory,66464,12.804692382376171
216301_20200521-probe0,193,216301,Excitatory,4548,0.8761997616009694
216301_20200521-probe0,194,216301,Inhibitory,62496,12.040233135667146
216301_20200521-probe0,195,216301,Excitatory,1763,0.33965263405947865
216301_20200521-probe0,196,216301,Excitatory,42967,8.277852936831321
216301_20200521-probe0,197,216301,Excitatory,56593,10.902984412551376
216301_20200521-probe0,198,216301,Inhibitory,9871,1.9017079698247952
216301_20200521-probe0,199,216301,Excitatory,6051,1.1657618200192317
216301_20200521-probe0,200,216301,Inhibitory,29398,5.6637028565403025
216301_20200521-probe0,201,216301,Excitatory,1317,0.25372803122877674
216301_20200521-probe0,202,216301,Excitatory,24700,4.758604685915555
216301_20200521-probe0,203,216301,Excitatory,1370,0.26393880241717854
216301_20200521-probe0,204,216301,Excitatory,21197,4.083730507180244
216301_20200521-probe0,205,216301,Excitatory,26574,5.119642142652629
216301_20200521-probe0,206,216301,Excitatory,24234,4.668826961881682
216301_20200521-probe0,207,216301,Inhibitory,22316,4.299312638497632
216301_20200521-probe0,208,216301,Excitatory,6038,1.1632572912371708
216301_20200521-probe0,209,216301,Excitatory,5520,1.0634614520750552
216301_20200521-probe0,210,216301,Excitatory,18230,3.512119976689901
216301_20200521-probe0,211,216301,Inhibitory,13992,2.6956435937380747
216301_20200521-probe0,212,216301,Excitatory,19780,3.810736869935614
216301_20200521-probe0,213,216301,Excitatory,2186,0.4211461475065345
216301_20200521-probe0,214,216301,Excitatory,2407,0.4637231368015684
216301_20200521-probe0,215,216301,Inhibitory,9788,1.8857175168316376
216301_20200521-probe0,216,216301,Excitatory,68742,13.243562887417289
216301_20200521-probe0,217,216301,Excitatory,8545,1.6462460340545917
216301_20200521-probe0,218,216301,Inhibitory,4645,0.8948873994363462
216301_20200521-probe0,219,216301,Excitatory,39828,7.673105563993713
216301_20200521-probe0,220,216301,Excitatory,1151,0.22174712524246168
216301_20200521-probe0,221,216301,Excitatory,935,0.18013341624822038
216301_20200521-probe0,222,216301,Inhibitory,9006,1.7350604777876715
216301_20200521-probe0,223,216301,Excitatory,14660,2.8243378419239686
216301_20200521-probe0,224,216301,Excitatory,556,0.10711676944813961
216301_20200521-probe0,225,216301,Excitatory,4889,0.9418954781150262
216301_20200521-probe0,226,216301,Excitatory,2269,0.43713660049969205
216301_20200521-probe0,227,216301,Excitatory,911,0.1755096708044158
216301_20200521-probe0,228,216301,Excitatory,1958,0.3772205657903909
216301_20200521-probe0,229,216301,Excitatory,1110,0.21384822677596216
216301_20200521-probe0,230,216301,Excitatory,18042,3.4759006373800987
216301_20200521-probe0,231,216301,Inhibitory,54787,10.555047567905081
216301_20200521-probe0,232,216301,Excitatory,9904,1.9080656198100265
216301_20200521-probe0,233,216301,Inhibitory,73316,14.124771706582381
216301_20200521-probe0,234,216301,Excitatory,8591,1.6551082128218837
216301_20200521-probe0,235,216301,Excitatory,8419,1.6219713704746175
216301_20200521-probe0,236,216301,Excitatory,6371,1.2274117592699594
216301_20200521-probe0,237,216301,Excitatory,28218,5.436368705553244
216301_20200521-probe0,238,216301,Excitatory,31232,6.017034070871037
216301_20200521-probe0,239,216301,Excitatory,5872,1.1312763852508558
216301_20200521-probe0,240,216301,Excitatory,40699,7.840908992391788
216301_20200521-probe0,241,216301,Excitatory,1313,0.2529574069881426
216301_20200521-probe0,242,216301,Excitatory,45302,8.727704837301475
216301_20200521-probe0,243,216301,Excitatory,10832,2.0868504436371373
216301_20200521-probe0,244,216301,Excitatory,4095,0.7889265663491577
216301_20200521-probe0,245,216301,Excitatory,20996,4.04500663908838
216301_20200521-probe0,246,216301,Excitatory,16543,3.1871092032024704
216301_20200521-probe0,247,216301,Inhibitory,33712,6.494821100064177
216301_20200521-probe0,248,216301,Excitatory,6890,1.3274002544922336
216301_20200521-probe0,249,216301,Excitatory,12812,2.4683094427510155
216301_20200521-probe0,250,216301,Excitatory,52133,10.043738384244357
216301_20200521-probe0,251,216301,Excitatory,9197,1.7718577852779496
216301_20200521-probe0,252,216301,Excitatory,613,0.1180981648771755
216301_20200521-probe0,253,216301,Excitatory,14405,2.775210546583545
216301_20200521-probe0,254,216301,Excitatory,9880,1.9034418743662218
216301_20200521-probe0,255,216301,Excitatory,7724,1.488075408664443
216301_20200521-probe0,256,216301,Excitatory,12184,2.347321436971462
216301_20200521-probe0,257,216301,Excitatory,460,0.08862178767292125
216301_20200521-probe0,258,216301,Excitatory,18751,3.6124937840324924
216301_20200521-probe0,259,216301,Excitatory,10269,1.9783850817678879
216301_20200521-probe0,260,216301,Excitatory,10718,2.064887652779065
216301_20200521-probe0,261,216301,Excitatory,13258,2.5542340455817176
216301_20200521-probe0,262,216301,Excitatory,5810,1.1193317095210271
216301_20200521-probe0,263,216301,Inhibitory,32272,6.217396373435902
216301_20200521-probe0,264,216301,Excitatory,22452,4.325513862679192
216301_20200521-probe0,265,216301,Excitatory,11741,2.261974802321236
216301_20200521-probe0,266,216301,Excitatory,23043,4.43937359423288
216301_20200521-probe0,267,216301,Excitatory,9721,1.8728095608010165
216301_20200521-probe0,268,216301,Excitatory,4017,0.7738993936567928
216301_20200521-probe0,269,216301,Excitatory,6305,1.2146964592994969
216301_20200521-probe0,270,216301,Excitatory,25542,4.920821088569032
216301_20200521-probe0,271,216301,Excitatory,18471,3.5585500871881055
216301_20200521-probe0,272,216301,Excitatory,1675,0.3226989007655285
216301_20200521-probe0,273,216301,Excitatory,24455,4.711403951176716
216301_20200521-probe0,274,216301,Excitatory,3428,0.660424974223422
216301_20200521-probe0,275,216301,Excitatory,81266,15.65638738484265
216301_20200521-probe0,276,216301,Excitatory,23844,4.593691098419858
216301_20200521-probe0,277,216301,Excitatory,128847,24.823155383245403
216301_20200521-probe0,278,216301,Excitatory,5941,1.144569653401794
216301_20200521-probe0,279,216301,Excitatory,7154,1.378261454374084
216301_20200521-probe0,280,216301,Excitatory,10859,2.0920521572614175
216301_20200521-probe0,281,216301,Excitatory,36276,6.988791238310634
216301_20200521-probe0,282,216301,Excitatory,42752,8.236431883897238
216301_20200521-probe0,283,216301,Excitatory,18221,3.5103860721484743
216301_20200521-probe0,284,216301,Excitatory,7762,1.495396338950467
216301_20200521-probe0,285,216301,Excitatory,492,0.09478678159799404
216301_20200521-probe0,286,216301,Excitatory,47656,9.181217202914642
216301_20200521-probe0,287,216301,Excitatory,6875,1.3245104135898558
216301_20200521-probe0,288,216301,Excitatory,2632,0.5070707503372365
216301_20200521-probe0,289,216301,Excitatory,2920,0.5625556956628914
216301_20200521-probe0,290,216301,Inhibitory,47062,9.066779503180479
216301_20200521-probe0,291,216301,Excitatory,13021,2.5085745593241473
216301_20200521-probe0,292,216301,Excitatory,138139,26.613315494238414
216301_20200521-probe0,293,216301,Excitatory,7137,1.3749863013513892
216301_20200521-probe0,294,216301,Excitatory,48395,9.323590031371792
216301_20200521-probe0,295,216301,Excitatory,22213,4.2794690643013045
216301_20200521-probe0,296,216301,Inhibitory,18293,3.5242573084798883
216301_20200521-probe0,297,216301,Excitatory,19270,3.7124822792547665
216301_20200521-probe0,298,216301,Excitatory,33457,6.445693804723754
216301_20200521-probe0,299,216301,Excitatory,4710,0.9074100433466503
216301_20200521-probe0,300,216301,Inhibitory,57275,11.03437584557949
216301_20200521-probe0,301,216301,Inhibitory,8169,1.5738073554349865
216301_20200521-probe0,302,216301,Inhibitory,46595,8.976809123086449
216301_20200521-probe0,303,216301,Excitatory,6925,1.334143216597782
216301_20200521-probe0,304,216301,Excitatory,8929,1.720225961155465
216301_20200521-probe0,305,216301,Excitatory,4116,0.7929723436124868
216301_20200521-probe0,306,216301,Excitatory,1366,0.2631681781765444
216301_20200521-probe0,307,216301,Excitatory,1412,0.27203035694383654
216301_20200521-probe0,308,216301,Excitatory,16261,3.1327801942377667
216301_20200521-probe0,309,216301,Excitatory,24023,4.628176533188234
216301_20200521-probe0,310,216301,Excitatory,5216,1.0048940097868637
216301_20200521-probe0,311,216301,Excitatory,8357,1.610026694744789
216301_20200521-probe0,312,216301,Excitatory,32401,6.242249005196352
216301_20200521-probe0,313,216301,Excitatory,4329,0.8340080844262525
216301_20200521-probe0,314,216301,Excitatory,24487,4.717568945101789
216301_20200521-probe0,315,216301,Excitatory,7275,1.4015728376532657
216301_20200521-probe0,316,216301,Excitatory,28058,5.40554373592788
216301_20200521-probe0,317,216301,Excitatory,24137,4.650139324046306
216301_20200521-probe0,318,216301,Excitatory,39731,7.654417926158336
216301_20200521-probe0,319,216301,Excitatory,20333,3.9172756712032784
216301_20200521-probe0,320,216301,Excitatory,3807,0.7334416210235027
216301_20200521-probe0,321,216301,Inhibitory,41279,7.9526495072837315
216301_20200521-probe0,322,216301,Excitatory,5159,0.9939126143578277
216301_20200521-probe0,323,216301,Excitatory,922,0.17762888746615957
216301_20200521-probe0,324,216301,Excitatory,33351,6.42527226234695
216301_20200521-probe0,325,216301,Excitatory,16576,3.1934668531877017
216301_20200521-probe0,326,216301,Inhibitory,46573,8.97257068976296
216301_20200521-probe0,327,216301,Excitatory,3907,0.7527072270393551
216301_20200521-probe0,328,216301,Excitatory,7427,1.4308565587973614
216301_20200521-probe0,329,216301,Excitatory,11438,2.203600016093203
216301_20200521-probe0,330,216301,Inhibitory,70165,13.51771246102287
216301_20200521-probe0,331,216301,Excitatory,10811,2.082804666373808
216301_20200521-probe0,332,216301,Excitatory,7302,1.4067745512775458
216301_20200521-probe0,333,216301,Excitatory,23193,4.468272003256658
216301_20200521-probe0,334,216301,Excitatory,5490,1.0576817702702994
216301_20200521-probe0,335,216301,Excitatory,9513,1.8327371002880433
216301_20200521-probe0,336,216301,Excitatory,9472,1.8248382018215439
216301_20200521-probe0,337,216301,Excitatory,18340,3.533312143307339
216301_20200521-probe0,338,216301,Excitatory,6216,1.1975500699453883
216301_20200521-probe0,339,216301,Excitatory,4757,0.9164648781741009
216301_20200521-probe0,340,216301,Excitatory,1060,0.20421542376803595
216301_20200521-probe0,341,216301,Excitatory,5614,1.0815711217299564
216301_20200521-probe0,342,216301,Excitatory,20000,3.8531212031704896
216301_20200521-probe0,343,216301,Excitatory,39340,7.579089406636353
216301_20200521-probe0,344,216301,Excitatory,5188,0.999499640102425
216301_20200521-probe0,345,216301,Excitatory,8137,1.5676423615099138
216301_20200521-probe0,346,216301,Excitatory,31784,6.123380216078542
216301_20200521-probe0,347,216301,Excitatory,28264,5.4452308843205355
216301_20200521-probe0,348,216301,Excitatory,7865,1.515239913146795
216301_20200521-probe0,349,216301,Excitatory,57677,11.111823581763216
216301_20200521-probe0,350,216301,Excitatory,14328,2.7603760299513387
216301_20200521-probe0,351,216301,Excitatory,12667,2.4403743140280296
216301_20200521-probe0,352,216301,Excitatory,5701,1.098332198963748
216301_20200521-probe0,353,216301,Excitatory,5145,0.9912154295156085
216301_20200521-probe0,354,216301,Excitatory,16402,3.1599446987201185
216301_20200521-probe0,355,216301,Excitatory,9499,1.830039915445824
216301_20200521-probe0,356,216301,Excitatory,9929,1.9128820213139897
216301_20200521-probe0,357,216301,Excitatory,24860,4.789429655540919
216301_20200521-probe0,358,216301,Excitatory,2688,0.5178594897061138
216301_20200521-probe0,359,216301,Excitatory,10823,2.0851165390957105
216301_20200521-probe0,360,216301,Excitatory,4102,0.7902751587702674
216301_20200521-probe0,361,216301,Excitatory,4337,0.8355493329075206
216301_20200521-probe0,362,216301,Excitatory,16682,3.2138883955645055
216301_20200521-probe0,363,216301,Excitatory,11185,2.154858032873096
216301_20200521-probe0,364,216301,Excitatory,9889,1.9051757789076487
216301_20200521-probe0,365,216301,Excitatory,7977,1.5368173918845498
216301_20200521-probe0,366,216301,Inhibitory,10920,2.1038041769310873
216301_20200521-probe0,367,216301,Inhibitory,36571,7.045624776057399
216301_20200521-probe0,368,216301,Excitatory,9589,1.8473789608600912
216301_20200521-probe0,369,216301,Excitatory,18436,3.5518071250825574
216301_20200521-probe0,370,216301,Excitatory,7508,1.4464616996702018
216301_20200521-probe0,371,216301,Excitatory,21172,4.07891410567628
216301_20200521-probe0,372,216301,Inhibitory,28642,5.518054875060458
216301_20200521-probe0,373,216301,Inhibitory,3978,0.7663858073106103
216301_20200521-probe0,374,216301,Excitatory,5774,1.1123960913553204
216301_20200521-probe0,375,216301,Excitatory,5535,1.066351292977433
216301_20200521-probe0,376,216301,Excitatory,22312,4.2985420142569986
216301_20200521-probe0,377,216301,Inhibitory,19048,3.6697126338995743
216301_20200521-probe0,378,216301,Excitatory,4443,0.8559708752843243
216301_20200521-probe0,379,216301,Excitatory,10876,2.0953273102841123
216301_20200521-probe0,380,216301,Excitatory,6474,1.2472553334662875
216301_20200521-probe0,381,216301,Excitatory,850,0.1637576511347458
216301_20200521-probe0,382,216301,Excitatory,2670,0.5143916806232604
216301_20200521-probe0,383,216301,Excitatory,4898,0.9436293826564529
216301_20200521-probe0,384,216301,Excitatory,64778,12.479874264948899
216301_20200521-probe0,385,216301,Excitatory,21122,4.069281302668354
216301_20200521-probe0,386,216301,Excitatory,705,0.13582252241175977
216301_20200521-probe0,389,216301,Inhibitory,19664,3.788388766957225
216301_20200521-probe0,390,216301,Inhibitory,16238,3.1283491048541205
216301_20200521-probe0,391,216301,Inhibitory,13168,2.5368950001674504
216301_20200521-probe0,392,216301,Inhibitory,5070,0.9767662250037191
216301_20200521-probe0,393,216301,Excitatory,38105,7.341159172340575
216301_20200521-probe0,394,216301,Excitatory,14738,2.839365014616334
216301_20200521-probe0,395,216301,Excitatory,35256,6.792282056948939
216301_20200521-probe0,396,216301,Excitatory,7398,1.425269533052764
216301_20200521-probe0,397,216301,Excitatory,10942,2.1080426102545746
216301_20200521-probe0,398,216301,Excitatory,8872,1.7092445657264292
216301_20200521-probe0,400,216301,Excitatory,1560,0.3005434538472982
216301_20200521-probe0,401,216301,Excitatory,2633,0.507263406397395
216301_20200521-probe0,402,216301,Excitatory,8192,1.5782384448186326
216301_20200521-probe0,403,216301,Excitatory,448,0.08630991495101896
216301_20200521-probe0,404,216301,Excitatory,2944,0.567179441106696
216301_20200521-probe0,405,216301,Excitatory,4958,0.9551887462659644
216301_20200521-probe0,406,216301,Excitatory,28297,5.451588534305767
216301_20200521-probe0,407,216301,Excitatory,22558,4.345935405055995
216301_20200521-probe0,408,216301,Excitatory,5482,1.0561405217890312
216301_20200521-probe0,409,216301,Excitatory,45769,8.817675217395507
216301_20200521-probe0,410,216301,Excitatory,4321,0.8324668359449843
216301_20200521-probe0,411,216301,Excitatory,1800,0.3467809082853441
216301_20200521-probe0,412,216301,Excitatory,30526,5.881018892399118
216301_20200521-probe0,413,216301,Excitatory,9536,1.8371681896716894
216301_20200521-probe0,414,216301,Excitatory,2049,0.39475226726481666
216301_20200521-probe0,415,216301,Excitatory,4782,0.9212812796780641
216301_20200521-probe0,416,216301,Excitatory,3996,0.7698536163934638
216301_20200521-probe0,417,216301,Excitatory,4129,0.7954768723945476
216301_20200521-probe0,419,216301,Excitatory,1220,0.23504039339339985
216301_20200521-probe0,420,216301,Excitatory,41587,8.011987573812558
216301_20200521-probe0,421,216301,Excitatory,4928,0.9494090644612087
216301_20200521-probe0,422,216301,Excitatory,3826,0.7371020861665146
216301_20200521-probe0,423,216301,Excitatory,7101,1.3680506831856822
216301_20200521-probe0,424,216301,Excitatory,17106,3.29557456507172
216301_20200521-probe0,425,216301,Excitatory,1690,0.32558874166790636
216301_20200521-probe0,426,216301,Excitatory,4975,0.9584638992886593
216301_20200521-probe0,427,216301,Excitatory,2784,0.5363544714813322
216301_20200521-probe0,428,216301,Excitatory,1062,0.204600735888353
216301_20200521-probe0,429,216301,Excitatory,7175,1.3823072316374132
216301_20200521-probe0,430,216301,Excitatory,18326,3.5306149584651196
216301_20200521-probe0,431,216301,Excitatory,4097,0.7893118784694748
216301_20200521-probe0,432,216301,Excitatory,8835,1.7021162915005639
216301_20200521-probe0,433,216301,Excitatory,41569,8.008519764729703
216301_20200521-probe0,434,216301,Inhibitory,3883,0.7480834815955506
216301_20200521-probe0,435,216301,Excitatory,12284,2.3665870429873146
216301_20200521-probe0,436,216301,Excitatory,867,0.16703280415744073
216301_20200521-probe0,437,216301,Inhibitory,40512,7.804882309142144
216301_20200521-probe0,438,216301,Excitatory,2070,0.39879804452814566
216301_20200521-probe0,439,216301,Excitatory,5123,0.9869769961921209
216301_20200521-probe0,440,216301,Excitatory,8318,1.6025131083986066
216301_20200521-probe0,441,216301,Excitatory,5058,0.9744543522818168
216301_20200521-probe0,442,216301,Excitatory,3193,0.6151508000861686
216301_20200521-probe0,443,216301,Excitatory,1638,0.3155706265396631
216301_20200521-probe0,444,216301,Excitatory,20293,3.9095694287969374
216301_20200521-probe0,445,216301,Excitatory,14576,2.8081547328706526
216301_20200521-probe0,446,216301,Excitatory,1694,0.3263593659085405
216301_20200521-probe0,447,216301,Excitatory,5429,1.0459297506006293
216301_20200521-probe0,449,216301,Excitatory,6570,1.2657503152415057
216301_20200521-probe0,450,216301,Excitatory,3929,0.7569456603628427
216301_20200521-probe0,451,216301,Excitatory,17917,3.451818629860283
216301_20200521-probe0,452,216301,Excitatory,4548,0.8761997616009694
216301_20200521-probe0,453,216301,Excitatory,902,0.17377576626298907
216301_20200521-probe0,454,216301,Excitatory,3915,0.7542484755206234
216301_20200521-probe0,455,216301,Excitatory,20646,3.977577018032896
216301_20200521-probe0,456,216301,Excitatory,4039,0.7781378269802803
216301_20200521-probe0,457,216301,Excitatory,17832,3.4354428647468085
216301_20200521-probe0,458,216301,Excitatory,6921,1.333372592357148
216301_20200521-probe0,459,216301,Excitatory,3316,0.6388474954856672
216301_20200521-probe0,460,216301,Excitatory,12064,2.324202709752439
216301_20200521-probe0,461,216301,Excitatory,10779,2.0766396724487355
216301_20200521-probe0,462,216301,Excitatory,27701,5.336765522451286
216301_20200521-probe0,463,216301,Excitatory,2068,0.3984127324078286
216301_20200521-probe0,464,216301,Excitatory,6937,1.3364550893196843
216301_20200521-probe0,465,216301,Excitatory,1228,0.23658164187466807
216301_20200521-probe0,466,216301,Excitatory,22176,4.272340790075439
216301_20200521-probe0,467,216301,Excitatory,4697,0.9049055145645895
216301_20200521-probe0,468,216301,Excitatory,7897,1.5214049070718678
216301_20200521-probe0,469,216301,Excitatory,5457,1.051324120285068
216301_20200521-probe0,470,216301,Excitatory,10795,2.0797221694112715
216301_20200521-probe0,471,216301,Excitatory,467,0.08997038009403092
216301_20200521-probe0,472,216301,Excitatory,16798,3.236236498542894
216301_20200521-probe0,473,216301,Excitatory,1273,0.24525116458180166
216301_20200521-probe0,474,216301,Excitatory,1549,0.29842423718555444
216301_20200521-probe0,475,216301,Excitatory,1473,0.2837823766135066
216301_20200521-probe0,476,216301,Excitatory,6363,1.2258705107886914
216301_20200521-probe0,477,216301,Excitatory,1038,0.19997699044454842
216301_20200521-probe0,478,216301,Inhibitory,14435,2.780990228388301
216301_20200521-probe0,479,216301,Excitatory,12042,2.319964276428952
216301_20200521-probe0,480,216301,Excitatory,2377,0.45794345499681266
216301_20200521-probe0,481,216301,Excitatory,12481,2.404540286838544
216301_20200521-probe0,482,216301,Excitatory,17916,3.4516259738001245
216301_20200521-probe0,483,216301,Excitatory,4168,0.80299045874073
216301_20200521-probe0,484,216301,Excitatory,1314,0.2531500630483012
216301_20200521-probe0,485,216301,Excitatory,529,0.10191505582385944
216301_20200521-probe0,486,216301,Excitatory,1192,0.22964602370896117
216301_20200521-probe0,487,216301,Inhibitory,51038,9.832779998370773
216301_20200521-probe0,488,216301,Excitatory,1583,0.30497454323094425
216301_20200521-probe0,489,216301,Excitatory,2085,0.40168788543052353
216301_20200521-probe0,490,216301,Excitatory,3051,0.5877936395436582
216301_20200521-probe0,491,216301,Excitatory,3992,0.7690829921528297
216301_20200521-probe0,492,216301,Excitatory,2442,0.47046609890711677
216301_20200521-probe0,493,216301,Excitatory,5322,1.0253155521636672
216301_20200521-probe0,494,216301,Excitatory,12696,2.445961339772627
216301_20200521-probe0,495,216301,Excitatory,2094,0.4034217899719503
216301_20200521-probe0,496,216301,Excitatory,7428,1.4310492148575198
216301_20200521-probe0,497,216301,Excitatory,4253,0.8193662238542047
216301_20200521-probe0,498,216301,Excitatory,4725,0.9102998842490282
216301_20200521-probe0,499,216301,Excitatory,9556,1.8410213108748599
216301_20200521-probe0,500,216301,Excitatory,20033,3.859478853155721
216301_20200521-probe0,501,216301,Excitatory,8322,1.6032837326392406
216301_20200521-probe0,502,216301,Excitatory,26344,5.075331248816169
216301_20200521-probe0,503,216301,Excitatory,8250,1.5894124963078269
216301_20200521-probe0,504,216301,Excitatory,9043,1.7421887520135368
216301_20200521-probe0,505,216301,Excitatory,10903,2.1005290239083925
216301_20200521-probe0,506,216301,Excitatory,9207,1.7737843458795348
216301_20200521-probe0,507,216301,Excitatory,25342,4.882289876537327
216301_20200521-probe0,508,216301,Excitatory,6468,1.2460993971053362
216301_20200521-probe0,509,216301,Excitatory,26649,5.134091347164519
216301_20200521-probe0,510,216301,Excitatory,14601,2.812971134374616
216301_20200521-probe0,511,216301,Excitatory,9521,1.8342783487693115
216301_20200521-probe0,512,216301,Excitatory,35179,6.777447540316732
216301_20200521-probe0,513,216301,Excitatory,3059,0.5893348880249264
216301_20200521-probe0,514,216301,Excitatory,5101,0.9827385628686334
216301_20200521-probe0,515,216301,Excitatory,622,0.11983206941860222
216301_20200521-probe0,516,216301,Excitatory,11167,2.151390223790243
216301_20200521-probe0,517,216301,Excitatory,11367,2.189921435821948
216301_20200521-probe0,518,216301,Excitatory,3808,0.7336342770836612
216301_20200521-probe0,519,216301,Excitatory,5710,1.1000661035051749
216301_20200521-probe0,520,216301,Excitatory,9828,1.8934237592379786
216301_20200521-probe0,521,216301,Excitatory,18692,3.6011270764831393
216301_20200521-probe0,522,216301,Excitatory,1902,0.36643182642151356
216301_20200521-probe0,523,216301,Excitatory,1647,0.3173045310810898
216301_20200521-probe0,524,216301,Excitatory,23439,4.515665394055655
216301_20200521-probe0,525,216301,Excitatory,2216,0.42692582931129025
216301_20200521-probe0,526,216301,Excitatory,2446,0.4712367231477509
216301_20200521-probe0,527,216301,Excitatory,14909,2.8723092009034414
216301_20200521-probe0,528,216301,Excitatory,9786,1.8853322047113206
216301_20200521-probe0,529,216301,Inhibitory,124962,24.074686589529534
216301_20200521-probe0,530,216301,Excitatory,4506,0.8681082070743112
216301_20200521-probe0,531,216301,Excitatory,4512,0.8692641434352625
216301_20200521-probe0,532,216301,Excitatory,5978,1.1516979276276593
216301_20200521-probe0,533,216301,Inhibitory,10525,2.0277050331684703
216301_20200521-probe0,534,216301,Excitatory,3330,0.6415446803278865
216301_20200521-probe0,535,216301,Excitatory,9068,1.7470051535175
216301_20200521-probe0,536,216301,Excitatory,5781,1.11374468377643
216301_20200521-probe0,537,216301,Inhibitory,21930,4.2249473992764415
216301_20200521-probe0,538,216301,Excitatory,3811,0.7342122452641368
216301_20200521-probe0,539,216301,Excitatory,8162,1.5724587630138769
216301_20200521-probe0,540,216301,Excitatory,5541,1.067507229338384
216301_20200521-probe0,541,216301,Excitatory,1613,0.3107542250357
225757_20200519-probe0,0,225757,Inhibitory,15480,2.7970486944314463
225757_20200519-probe0,1,225757,Excitatory,8352,1.50910534211185
225757_20200519-probe0,2,225757,Inhibitory,106360,19.217965060705982
225757_20200519-probe0,3,225757,Excitatory,72238,13.052532531546435
225757_20200519-probe0,4,225757,Excitatory,20997,3.7939038395980025
225757_20200519-probe0,5,225757,Excitatory,54951,9.928980801531162
225757_20200519-probe0,6,225757,Inhibitory,8512,1.5380154061369813
225757_20200519-probe0,7,225757,Excitatory,7581,1.3697949710907489
225757_20200519-probe0,8,225757,Excitatory,25778,4.6577726902489545
225757_20200519-probe0,9,225757,Excitatory,29945,5.410699170203467
225757_20200519-probe0,10,225757,Excitatory,6022,1.0881025347458766
225757_20200519-probe0,11,225757,Excitatory,2492,0.45027424719141884
225757_20200519-probe0,12,225757,Excitatory,14807,2.675445737625738
225757_20200519-probe0,13,225757,Inhibitory,6812,1.230845975869962
225757_20200519-probe0,14,225757,Inhibitory,69807,12.613280246264598
225757_20200519-probe0,15,225757,Excitatory,7504,1.3558820027786544
225757_20200519-probe0,16,225757,Excitatory,18446,3.3329690062973163
225757_20200519-probe0,17,225757,Excitatory,11196,2.0229817301585578
225757_20200519-probe0,18,225757,Excitatory,22542,4.073066645340676
225757_20200519-probe0,19,225757,Excitatory,45969,8.306042082320358
225757_20200519-probe0,20,225757,Excitatory,34637,6.2584867977404395
225757_20200519-probe0,21,225757,Excitatory,14752,2.665507903117099
225757_20200519-probe0,22,225757,Excitatory,9085,1.6415495729269824
225757_20200519-probe0,24,225757,Excitatory,111551,20.155915950421335
225757_20200519-probe0,25,225757,Excitatory,9174,1.6576307960409618
225757_20200519-probe0,26,225757,Excitatory,7133,1.2888467918203814
225757_20200519-probe0,27,225757,Excitatory,68381,12.355619300640615
225757_20200519-probe0,28,225757,Excitatory,22036,3.9816385678611983
225757_20200519-probe0,29,225757,Excitatory,13684,2.4725332257493484
225757_20200519-probe0,30,225757,Excitatory,28738,5.1926088747138825
225757_20200519-probe0,31,225757,Excitatory,79056,14.28446263481734
225757_20200519-probe0,32,225757,Excitatory,41576,7.512280136930349
225757_20200519-probe0,33,225757,Excitatory,20197,3.649353519472346
225757_20200519-probe0,34,225757,Inhibitory,20796,3.7575855716664313
225757_20200519-probe0,35,225757,Excitatory,30827,5.570065898142002
225757_20200519-probe0,36,225757,Excitatory,12397,2.239987898247199
225757_20200519-probe0,37,225757,Excitatory,49135,8.878099974217642
225757_20200519-probe0,38,225757,Excitatory,12970,2.3435220650372
225757_20200519-probe0,39,225757,Excitatory,15315,2.7672351909055295
225757_20200519-probe0,40,225757,Excitatory,18097,3.269908929142499
225757_20200519-probe0,41,225757,Excitatory,19629,3.5467227921831306
225757_20200519-probe0,42,225757,Excitatory,33759,6.0998428214025315
225757_20200519-probe0,43,225757,Excitatory,16215,2.929854301046893
225757_20200519-probe0,44,225757,Excitatory,13411,2.423205429006468
225757_20200519-probe0,45,225757,Excitatory,15664,2.8302952680603473
225757_20200519-probe0,46,225757,Excitatory,54940,9.926993234629435
225757_20200519-probe0,47,225757,Excitatory,18196,3.287797031258049
225757_20200519-probe0,48,225757,Excitatory,1767,0.31927551957754297
225757_20200519-probe0,49,225757,Excitatory,6671,1.205368981947815
225757_20200519-probe0,50,225757,Excitatory,24128,4.359637654989789
225757_20200519-probe0,51,225757,Excitatory,74022,13.374879745426648
225757_20200519-probe0,52,225757,Excitatory,12409,2.2421561530490837
225757_20200519-probe0,53,225757,Excitatory,13422,2.425192995908196
225757_20200519-probe0,54,225757,Excitatory,12990,2.3471358230403414
225757_20200519-probe0,55,225757,Excitatory,32568,5.884643532315462
225757_20200519-probe0,56,225757,Excitatory,16593,2.998154327306265
225757_20200519-probe0,57,225757,Excitatory,27682,5.001802452148016
225757_20200519-probe0,58,225757,Excitatory,16316,2.948103778962757
225757_20200519-probe0,59,225757,Excitatory,14145,2.5558303477217574
225757_20200519-probe0,60,225757,Excitatory,46886,8.471732886764393
225757_20200519-probe0,61,225757,Excitatory,24371,4.403544814727957
225757_20200519-probe0,62,225757,Excitatory,40912,7.392303371226054
225757_20200519-probe0,63,225757,Excitatory,1042,0.18827679196366712
225757_20200519-probe0,64,225757,Excitatory,8805,1.5909569608830028
225757_20200519-probe0,65,225757,Excitatory,27338,4.939645814493984
225757_20200519-probe0,66,225757,Excitatory,19058,3.4435500011934432
225757_20200519-probe0,67,225757,Excitatory,31509,5.693295046049124
225757_20200519-probe0,68,225757,Excitatory,8623,1.558071763054416
225757_20200519-probe0,69,225757,Excitatory,23727,4.287181807026804
225757_20200519-probe0,70,225757,Excitatory,10590,1.9134848626633731
225757_20200519-probe0,71,225757,Excitatory,14655,2.6479811768018635
225757_20200519-probe0,72,225757,Excitatory,27257,4.925010094581261
225757_20200519-probe0,73,225757,Excitatory,53390,9.646926989385976
225757_20200519-probe0,74,225757,Excitatory,25221,4.5571295298614665
225757_20200519-probe0,75,225757,Excitatory,42498,7.678874380875168
225757_20200519-probe0,76,225757,Excitatory,12532,2.2643807647684033
225757_20200519-probe0,77,225757,Excitatory,19771,3.5723804740054343
225757_20200519-probe0,78,225757,Excitatory,24368,4.403002751027486
225757_20200519-probe0,79,225757,Excitatory,18093,3.2691861775418705
225757_20200519-probe0,80,225757,Excitatory,60526,10.93631584490683
225757_20200519-probe0,81,225757,Inhibitory,15241,2.7538642862939064
225757_20200519-probe0,82,225757,Excitatory,2969,0.5364623755663414
225757_20200519-probe0,83,225757,Excitatory,46865,8.467938440861094
225757_20200519-probe0,84,225757,Inhibitory,3528,0.6374669117541436
225757_20200519-probe0,85,225757,Excitatory,4604,0.8318870923231511
225757_20200519-probe0,86,225757,Excitatory,49461,8.937004229668847
225757_20200519-probe0,87,225757,Excitatory,26217,4.737094678417908
225757_20200519-probe0,88,225757,Excitatory,33877,6.1211639936210664
225757_20200519-probe0,89,225757,Excitatory,6690,1.2088020520507994
225757_20200519-probe0,90,225757,Inhibitory,187924,33.95559294911725
225757_20200519-probe0,91,225757,Excitatory,11409,2.0614682528920136
225757_20200519-probe0,92,225757,Excitatory,26870,4.855083877220475
225757_20200519-probe0,93,225757,Excitatory,8446,1.5260900047266146
225757_20200519-probe0,94,225757,Excitatory,10868,1.9637160989070386
225757_20200519-probe0,95,225757,Excitatory,18111,3.272438559744698
225757_20200519-probe0,96,225757,Inhibitory,18038,3.2592483430332315
225757_20200519-probe0,97,225757,Excitatory,4725,0.8537503282421566
225757_20200519-probe0,98,225757,Excitatory,53829,9.72624897755493
225757_20200519-probe0,99,225757,Excitatory,7788,1.4071973664232624
225757_20200519-probe0,100,225757,Excitatory,19267,3.481313772326271
225757_20200519-probe0,101,225757,Excitatory,6794,1.2275935936671347
225757_20200519-probe0,102,225757,Excitatory,6962,1.2579491608935225
225757_20200519-probe0,103,225757,Inhibitory,113654,20.535902604451653
225757_20200519-probe0,104,225757,Excitatory,5112,0.9236765456029427
225757_20200519-probe0,105,225757,Excitatory,111690,20.18103156854317
225757_20200519-probe0,106,225757,Excitatory,23576,4.259897934103086
225757_20200519-probe0,107,225757,Excitatory,672,0.12142226890555115
225757_20200519-probe0,108,225757,Excitatory,5279,0.9538514249291734
225757_20200519-probe0,109,225757,Inhibitory,10486,1.8946933210470378
225757_20200519-probe0,110,225757,Inhibitory,16454,2.9730387091844324
225757_20200519-probe0,111,225757,Excitatory,18036,3.2588869672329177
225757_20200519-probe0,112,225757,Excitatory,3944,0.7126330782194847
225757_20200519-probe0,113,225757,Excitatory,10798,1.9510679458960436
225757_20200519-probe0,114,225757,Excitatory,4049,0.7316053077359771
225757_20200519-probe0,115,225757,Excitatory,3603,0.6510185042659238
225757_20200519-probe0,116,225757,Excitatory,19421,3.50913970895046
225757_20200519-probe0,117,225757,Excitatory,1172,0.21176621898408624
225757_20200519-probe0,118,225757,Inhibitory,69256,12.513721213278052
225757_20200519-probe0,119,225757,Inhibitory,103726,18.74203313169226
225757_20200519-probe0,120,225757,Inhibitory,48195,8.708253348069997
225757_20200519-probe0,121,225757,Inhibitory,31749,5.736660142086821
225757_20200519-probe0,122,225757,Excitatory,9396,1.6977435098758313
225757_20200519-probe0,123,225757,Inhibitory,78809,14.239832723478543
225757_20200519-probe0,124,225757,Excitatory,6845,1.2368086765751454
225757_20200519-probe0,125,225757,Excitatory,6289,1.1363462040878143
225757_20200519-probe0,126,225757,Excitatory,4910,0.8871775897712145
225757_20200519-probe0,127,225757,Excitatory,58099,10.49778631122562
225757_20200519-probe0,128,225757,Inhibitory,30825,5.569704522341688
225757_20200519-probe0,129,225757,Inhibitory,80776,14.5952458230875
225757_20200519-probe0,130,225757,Excitatory,4115,0.7435307091463438
225757_20200519-probe0,131,225757,Excitatory,8001,1.4456838891567185
225757_20200519-probe0,132,225757,Excitatory,12465,2.2522746754578797
225757_20200519-probe0,133,225757,Excitatory,11994,2.1671706744838994
225757_20200519-probe0,134,225757,Excitatory,5447,0.9842069921555612
225757_20200519-probe0,135,225757,Excitatory,8380,1.514164603316248
225757_20200519-probe0,136,225757,Excitatory,4633,0.8371270414277061
225757_20200519-probe0,137,225757,Excitatory,23824,4.30470853334204
225757_20200519-probe0,138,225757,Excitatory,14057,2.5399298125079355
225757_20200519-probe0,139,225757,Excitatory,27634,4.993129432940477
225757_20200519-probe0,140,225757,Inhibitory,87484,15.807300257341126
225757_20200519-probe0,141,225757,Inhibitory,30974,5.596627019465092
225757_20200519-probe0,142,225757,Inhibitory,13134,2.3731548806629594
225757_20200519-probe0,143,225757,Excitatory,58693,10.605114923918919
225757_20200519-probe0,144,225757,Excitatory,14986,2.7077888717538534
225757_20200519-probe0,145,225757,Excitatory,5695,1.0290175913945145
225757_20200519-probe0,146,225757,Excitatory,24218,4.375899566003925
225757_20200519-probe0,147,225757,Excitatory,7344,1.3269719387535233
225757_20200519-probe0,148,225757,Excitatory,15047,2.7188108336634347
225757_20200519-probe0,149,225757,Inhibitory,48086,8.688558366952876
225757_20200519-probe0,150,225757,Excitatory,12797,2.3122630583100268
225757_20200519-probe0,151,225757,Inhibitory,16573,2.994540569303124
225757_20200519-probe0,152,225757,Excitatory,14101,2.5478800801148465
225757_20200519-probe0,153,225757,Excitatory,4187,0.7565402379576528
225757_20200519-probe0,154,225757,Excitatory,5064,0.9150035263954034
225757_20200519-probe0,155,225757,Excitatory,3019,0.5454967705741949
225757_20200519-probe0,156,225757,Excitatory,11238,2.0305706219651545
225757_20200519-probe0,157,225757,Excitatory,4528,0.8181548119112138
225757_20200519-probe0,158,225757,Excitatory,7140,1.290111607121481
225757_20200519-probe0,159,225757,Inhibitory,107007,19.334870132107607
225757_20200519-probe0,160,225757,Excitatory,59159,10.689315485392115
225757_20200519-probe0,161,225757,Excitatory,22405,4.048312403019157
225757_20200519-probe0,162,225757,Excitatory,4877,0.8812148890660312
225757_20200519-probe0,163,225757,Excitatory,2016,0.36426680671665346
225757_20200519-probe0,164,225757,Excitatory,122458,22.1266788774345
225757_20200519-probe0,165,225757,Excitatory,21097,3.8119726296137095
225757_20200519-probe0,166,225757,Excitatory,6900,1.246746511083784
225757_20200519-probe0,167,225757,Excitatory,26214,4.7365526147174375
225757_20200519-probe0,168,225757,Excitatory,4797,0.8667598570534656
225757_20200519-probe0,169,225757,Excitatory,17749,3.2070295398878383
225757_20200519-probe0,170,225757,Excitatory,30374,5.488214279370849
225757_20200519-probe0,171,225757,Inhibitory,132200,23.886940400764676
225757_20200519-probe0,172,225757,Excitatory,1325,0.23941146770811797
225757_20200519-probe0,173,225757,Excitatory,1320,0.23850802820733263
225757_20200519-probe0,174,225757,Excitatory,7144,1.2908343587221094
225757_20200519-probe0,175,225757,Excitatory,5641,1.0192604447860327
225757_20200519-probe0,176,225757,Excitatory,2719,0.4912904005270738
225757_20200519-probe0,177,225757,Inhibitory,22725,4.106132531069419
225757_20200519-probe0,179,225757,Excitatory,8603,1.5544580050512746
225757_20200519-probe0,180,225757,Excitatory,4394,0.7939426332901663
225757_20200519-probe0,181,225757,Excitatory,321,0.058000815950419525
225757_20200519-probe0,182,225757,Inhibitory,33373,6.030097291941903
225757_20200519-probe0,183,225757,Excitatory,268667,48.54487607149957
225757_20200519-probe0,184,225757,Excitatory,21416,3.8696120697638148
225757_20200519-probe0,185,225757,Excitatory,673,0.12160295680570822
225757_20200519-probe0,186,225757,Excitatory,11652,2.1053754126301816
225757_20200519-probe0,187,225757,Excitatory,23294,4.208943946258793
225757_20200519-probe0,188,225757,Inhibitory,48499,8.763182469717746
225757_20200519-probe0,189,225757,Excitatory,2247,0.4060057116529367
225757_20200519-probe0,190,225757,Excitatory,8633,1.5598786420559867
225757_20200519-probe0,191,225757,Inhibitory,6480,1.1708575930178147
225757_20200519-probe0,192,225757,Excitatory,5501,0.993964138764043
225757_20200519-probe0,193,225757,Excitatory,1326,0.23959215560827504
225757_20200519-probe0,194,225757,Excitatory,813,0.14689926282769805
225757_20200519-probe0,195,225757,Excitatory,3528,0.6374669117541436
225757_20200519-probe0,196,225757,Inhibitory,11506,2.0789949792072493
225757_20200519-probe0,197,225757,Excitatory,11849,2.1409709289611243
225757_20200519-probe0,198,225757,Excitatory,3315,0.5989803890206876
225757_20200519-probe0,199,225757,Excitatory,7146,1.2911957345224234
225757_20200519-probe0,200,225757,Excitatory,8483,1.5327754570324263
225757_20200519-probe0,201,225757,Excitatory,632,0.11419475289926835
225757_20200519-probe0,202,225757,Excitatory,2371,0.4284110112724134
225757_20200519-probe0,203,225757,Excitatory,4593,0.8298995254214233
225757_20200519-probe0,204,225757,Excitatory,32482,5.869104372901953
225757_20200519-probe0,205,225757,Excitatory,14397,2.601363698561339
225757_20200519-probe0,206,225757,Excitatory,6661,1.2035621029462444
225757_20200519-probe0,207,225757,Excitatory,2959,0.5346554965647706
225757_20200519-probe0,208,225757,Excitatory,1063,0.1920712378669656
225757_20200519-probe0,209,225757,Inhibitory,2933,0.5299576111606868
225757_20200519-probe0,210,225757,Excitatory,3012,0.5442319552730953
225757_20200519-probe0,211,225757,Inhibitory,58603,10.588853012904783
225757_20200519-probe0,212,225757,Excitatory,49286,8.90538384714136
225757_20200519-probe0,213,225757,Excitatory,1907,0.3445718255995328
225757_20200519-probe0,214,225757,Excitatory,1561,0.28205381214518654
225757_20200519-probe0,215,225757,Excitatory,4323,0.7811137923790143
225757_20200519-probe0,216,225757,Excitatory,654,0.1181698867027239
225757_20200519-probe0,217,225757,Inhibitory,17424,3.1483059723367908
225757_20200519-probe0,218,225757,Excitatory,1316,0.23778527660670434
225757_20200519-probe0,220,225757,Excitatory,2335,0.42190624686675887
225757_20200519-probe0,221,225757,Excitatory,19609,3.543109034179989
225757_20200519-probe0,222,225757,Excitatory,679,0.12268708420665064
225757_20200519-probe0,223,225757,Excitatory,48646,8.789743591040835
225757_20200519-probe0,224,225757,Excitatory,1285,0.23218395170183517
225757_20200519-probe0,225,225757,Excitatory,1356,0.24501279261298714
225757_20200519-probe0,226,225757,Excitatory,1548,0.2797048694431446
225757_20200519-probe0,227,225757,Excitatory,3601,0.6506571284656096
225757_20200519-probe0,228,225757,Excitatory,1028,0.18574716136146813
225757_20200519-probe0,229,225757,Excitatory,1113,0.2011056328748191
225757_20200519-probe0,230,225757,Excitatory,10799,1.9512486337962007
225757_20200519-probe0,231,225757,Inhibitory,29285,5.2914451560998
225757_20200519-probe0,232,225757,Excitatory,1030,0.18610853716178227
225757_20200519-probe0,233,225757,Inhibitory,14180,2.562154424227255
225757_20200519-probe0,234,225757,Inhibitory,1592,0.2876551370500557
225757_20200519-probe0,235,225757,Excitatory,25958,4.690296512277228
225757_20200519-probe0,236,225757,Inhibitory,39677,7.1691538145320735
225757_20200519-probe0,237,225757,Excitatory,674,0.1217836447058653
225757_20200519-probe0,238,225757,Excitatory,2871,0.5187549613509485
225757_20200519-probe0,239,225757,Excitatory,2626,0.47448642581246625
225757_20200519-probe0,240,225757,Excitatory,1174,0.21212759478440038
225757_20200519-probe0,241,225757,Excitatory,22732,4.107397346370519
225757_20200519-probe0,242,225757,Excitatory,11346,2.050084915182118
225757_20200519-probe0,243,225757,Excitatory,4592,0.8297188375212662
225757_20200519-probe0,244,225757,Excitatory,10630,1.9207123786696558
225757_20200519-probe0,245,225757,Excitatory,4258,0.7693690788688048
225757_20200519-probe0,246,225757,Excitatory,5218,0.9428294630195921
225757_20200519-probe0,247,225757,Inhibitory,95310,17.22136376397036
225757_20200519-probe0,248,225757,Excitatory,18218,3.2917721650615044
225757_20200519-probe0,249,225757,Excitatory,35803,6.4691688893235835
225757_20200519-probe0,250,225757,Excitatory,1971,0.3561358512095853
225757_20200519-probe0,251,225757,Excitatory,5893,1.0647937956256146
225757_20200519-probe0,252,225757,Excitatory,14594,2.6369592148922822
225757_20200519-probe0,253,225757,Excitatory,795,0.1436468806248708
225757_20200519-probe0,254,225757,Excitatory,3985,0.7200412821259247
225757_20200519-probe0,255,225757,Inhibitory,26333,4.758054474836129
225757_20200519-probe0,256,225757,Excitatory,4877,0.8812148890660312
225757_20200519-probe0,257,225757,Excitatory,2019,0.3648088704171247
225757_20200519-probe0,258,225757,Inhibitory,37396,6.757004714273796
225757_20200519-probe0,259,225757,Excitatory,3975,0.7182344031243539
225757_20200519-probe0,260,225757,Excitatory,2574,0.46509065500429864
225757_20200519-probe0,261,225757,Excitatory,9700,1.7526726315235805
225757_20200519-probe0,262,225757,Excitatory,13301,2.4033297599891905
225757_20200519-probe0,263,225757,Excitatory,5010,0.9052463797869216
225757_20200519-probe0,264,225757,Excitatory,10622,1.9192668754683992
225757_20200519-probe0,265,225757,Inhibitory,2613,0.47213748311042436
225757_20200519-probe0,266,225757,Excitatory,29562,5.341495704443308
225757_20200519-probe0,267,225757,Excitatory,2189,0.3955258134438266
225757_20200519-probe0,268,225757,Inhibitory,44860,8.105659201046167
225757_20200519-probe0,269,225757,Excitatory,7274,1.3143237857425285
225757_20200519-probe0,270,225757,Excitatory,33649,6.0799671523852545
225757_20200519-probe0,271,225757,Excitatory,4358,0.7874378688845118
225757_20200519-probe0,272,225757,Excitatory,14238,2.572634322436365
225757_20200519-probe0,273,225757,Excitatory,12689,2.2927487650930636
225757_20200519-probe0,274,225757,Excitatory,246,0.04444922343863926
225757_20200519-probe0,275,225757,Excitatory,2245,0.40564433585262255
225757_20200519-probe0,276,225757,Excitatory,56030,10.123943045800642
225757_20200519-probe0,277,225757,Excitatory,2127,0.38432316363408825
225757_20200519-probe0,278,225757,Excitatory,1203,0.2173675438889554
225757_20200519-probe0,279,225757,Excitatory,9268,1.6746154586557263
225757_20200519-probe0,280,225757,Excitatory,28272,5.1084083132406874
225757_20200519-probe0,281,225757,Excitatory,58421,10.555967815076196
225757_20200519-probe0,282,225757,Excitatory,6620,1.1961538990398046
225757_20200519-probe0,283,225757,Excitatory,15085,2.7256769738694033
225757_20200519-probe0,284,225757,Excitatory,8531,1.5414484762399656
225757_20200519-probe0,285,225757,Excitatory,26823,4.8465915459130935
225757_20200519-probe0,286,225757,Excitatory,11191,2.022078290657772
225757_20200519-probe0,287,225757,Excitatory,134356,24.276503513503318
225757_20200519-probe0,288,225757,Excitatory,25097,4.53472423024199
225757_20200519-probe0,289,225757,Inhibitory,19941,3.6030974170321364
225757_20200519-probe0,290,225757,Inhibitory,90398,16.33382479839883
225757_20200519-probe0,291,225757,Inhibitory,38388,6.936247111229609
225757_20200519-probe0,292,225757,Excitatory,8117,1.4666436855749385
225757_20200519-probe0,293,225757,Excitatory,28254,5.105155931037861
225757_20200519-probe0,294,225757,Excitatory,13642,2.4649443339427513
225757_20200519-probe0,295,225757,Inhibitory,35190,6.358407206527299
225757_20200519-probe0,296,225757,Excitatory,6179,1.1164705350705366
225757_20200519-probe0,297,225757,Excitatory,61690,11.14663656068966
225757_20200519-probe0,298,225757,Excitatory,6787,1.2263287783660353
225757_20200519-probe0,299,225757,Excitatory,3954,0.7144399572210555
225757_20200519-probe0,300,225757,Excitatory,3662,0.661679090375191
225757_20200519-probe0,301,225757,Excitatory,11351,2.0509883546829033
225757_20200519-probe0,302,225757,Excitatory,2207,0.39877819564665384
225757_20200519-probe0,303,225757,Excitatory,94368,17.051155762022397
225757_20200519-probe0,304,225757,Excitatory,25428,4.59453192519398
225757_20200519-probe0,306,225757,Excitatory,2176,0.3931768707417847
225757_20200519-probe0,307,225757,Excitatory,6037,1.0908128532482326
225757_20200519-probe0,308,225757,Excitatory,10820,1.9550430796994993
225757_20200519-probe0,309,225757,Excitatory,7380,1.3334767031591779
225757_20200519-probe0,310,225757,Excitatory,9169,1.6567273565401763
225757_20200519-probe0,311,225757,Excitatory,7135,1.2892081676206957
225757_20200519-probe0,312,225757,Excitatory,23871,4.313200864649422
225757_20200519-probe0,313,225757,Excitatory,11814,2.134646852455627
225757_20200519-probe0,314,225757,Excitatory,4282,0.7737055884725744
225757_20200519-probe0,315,225757,Excitatory,17622,3.1840821765678906
225757_20200519-probe0,316,225757,Excitatory,3541,0.6398158544561855
225757_20200519-probe0,317,225757,Excitatory,14524,2.6243110618812873
225757_20200519-probe0,318,225757,Excitatory,9708,1.7541181347248371
225757_20200519-probe0,319,225757,Excitatory,69843,12.619785010670252
225757_20200519-probe0,320,225757,Excitatory,6685,1.2078986125500142
225757_20200519-probe0,321,225757,Excitatory,6225,1.1247821784777619
225757_20200519-probe0,322,225757,Excitatory,5462,0.9869173106579172
225757_20200519-probe0,323,225757,Inhibitory,43137,7.794333949075536
225757_20200519-probe0,324,225757,Excitatory,15574,2.814033357046211
225757_20200519-probe0,325,225757,Excitatory,11926,2.1548838972732187
225757_20200519-probe0,326,225757,Inhibitory,5631,1.017453565784462
225757_20200519-probe0,327,225757,Excitatory,2450,0.4426853553848219
225757_20200519-probe0,328,225757,Excitatory,7195,1.3000494416301198
225757_20200519-probe0,329,225757,Excitatory,5601,1.01203292877975
225757_20200519-probe0,330,225757,Excitatory,3082,0.5568801082840903
225757_20200519-probe0,331,225757,Inhibitory,34086,6.158927764753894
225757_20200519-probe0,332,225757,Excitatory,45481,8.217866387043708
225757_20200519-probe0,333,225757,Excitatory,19220,3.4728214410188887
225757_20200519-probe0,334,225757,Excitatory,3775,0.6820968230929398
225757_20200519-probe0,335,225757,Excitatory,3557,0.6427068608586985
225757_20200519-probe0,336,225757,Excitatory,69167,12.497639990164073
225757_20200519-probe0,337,225757,Excitatory,3735,0.674869307086657
225757_20200519-probe0,338,225757,Excitatory,7395,1.336187021661534
225757_20200519-probe0,340,225757,Excitatory,7784,1.4064746148226341
225757_20200519-probe0,341,225757,Excitatory,11916,2.1530770182716483
225757_20200519-probe0,342,225757,Excitatory,23810,4.302178902739841
225757_20200519-probe0,343,225757,Excitatory,20224,3.6542320927765872
225757_20200519-probe0,344,225757,Excitatory,18222,3.2924949166621325
225757_20200519-probe0,345,225757,Excitatory,23382,4.224844481472615
225757_20200519-probe0,346,225757,Excitatory,4943,0.8931402904763979
225757_20200519-probe0,347,225757,Excitatory,12036,2.1747595662904966
225757_20200519-probe0,348,225757,Excitatory,9832,1.776523434344314
225757_20200519-probe0,349,225757,Excitatory,5557,1.0040826611728388
225757_20200519-probe0,350,225757,Excitatory,12628,2.2817268031834823
225757_20200519-probe0,351,225757,Excitatory,2548,0.4603927696002148
225757_20200519-probe0,352,225757,Inhibitory,11195,2.0228010422584006
225757_20200519-probe0,353,225757,Excitatory,7435,1.3434145376678168
225757_20200519-probe0,354,225757,Inhibitory,16794,3.0344725952378364
225757_20200519-probe0,355,225757,Excitatory,8730,1.5774053683712226
225757_20200519-probe0,356,225757,Excitatory,1461,0.2639850221294795
225757_20200519-probe0,357,225757,Excitatory,41516,7.501438862920925
225757_20200519-probe0,359,225757,Excitatory,1177,0.2126696584848716
225757_20200519-probe0,360,225757,Excitatory,2071,0.37420464122529234
225757_20200519-probe0,361,225757,Excitatory,1571,0.2838606911467572
225757_20200519-probe0,362,225757,Excitatory,2029,0.3666157494186954
225757_20200519-probe0,363,225757,Excitatory,6575,1.1880229435327363
225757_20200519-probe0,364,225757,Excitatory,3654,0.6602335871739344
225757_20200519-probe0,365,225757,Excitatory,5226,0.9442749662208487
225757_20200519-probe0,366,225757,Excitatory,10013,1.8092279442727437
225757_20200519-probe0,367,225757,Excitatory,52211,9.433895955100791
225757_20200519-probe0,368,225757,Excitatory,2105,0.3803480298306327
225757_20200519-probe0,369,225757,Excitatory,4687,0.8468841880361879
225757_20200519-probe0,370,225757,Excitatory,2056,0.37149432272293625
225757_20200519-probe0,371,225757,Excitatory,5901,1.066239298826871
225757_20200519-probe0,372,225757,Excitatory,523,0.0944997717821477
225757_20200519-probe0,373,225757,Excitatory,627,0.113291313398483
225757_20200519-probe0,374,225757,Excitatory,501,0.09052463797869216
225757_20200519-probe0,375,225757,Excitatory,524,0.09468045968230476
225757_20200519-probe0,376,225757,Excitatory,347,0.06269870135450335
225757_20200519-probe0,377,225757,Excitatory,484,0.08745294367602197
225757_20200519-probe0,378,225757,Excitatory,1386,0.25043342961769927
225757_20200519-probe0,379,225757,Excitatory,1079,0.19496224426947872
225757_20200519-probe0,380,225757,Excitatory,981,0.17725483005408585
225757_20200519-probe0,381,225757,Excitatory,1124,0.20309319977654688
225757_20200519-probe0,382,225757,Excitatory,3877,0.700526988908961
225757_20200519-probe0,383,225757,Excitatory,1101,0.19893737807293427
225757_20200519-probe0,384,225757,Excitatory,15021,2.714112948259351
225757_20200519-probe0,385,225757,Excitatory,3643,0.6582460202722066
225757_20200519-probe0,386,225757,Excitatory,1028,0.18574716136146813
225757_20200519-probe0,387,225757,Excitatory,716,0.12937253651246225
225757_20200519-probe0,388,225757,Excitatory,3730,0.6739658675858717
225757_20200519-probe0,389,225757,Excitatory,902,0.1629804859416773
225757_20200519-probe0,390,225757,Excitatory,630,0.1138333770989542
225757_20200519-probe0,391,225757,Excitatory,1664,0.30066466586136475
225757_20200519-probe0,392,225757,Excitatory,2693,0.48659251512298995
225757_20200519-probe0,393,225757,Excitatory,591,0.10678654899282847
225757_20200519-probe0,394,225757,Excitatory,2450,0.4426853553848219
225757_20200519-probe0,395,225757,Excitatory,1192,0.21537997698722763
225757_20200519-probe0,396,225757,Excitatory,540,0.0975714660848179
225757_20200519-probe0,397,225757,Excitatory,433,0.07823786076801138
225757_20200519-probe0,398,225757,Excitatory,3095,0.5592290509861322
225757_20200519-probe0,399,225757,Excitatory,645,0.11654369560131025
225757_20200519-probe0,400,225757,Excitatory,2133,0.3854072910350307
225757_20200519-probe0,401,225757,Excitatory,673,0.12160295680570822
225757_20200519-probe0,402,225757,Excitatory,3893,0.7034179953114742
225757_20200519-probe0,403,225757,Excitatory,566,0.10226935148890172
225757_20200519-probe0,404,225757,Excitatory,534,0.09648733868387548
225757_20200519-probe0,405,225757,Excitatory,522,0.09431908388199063
225757_20200519-probe0,406,225757,Excitatory,776,0.14021381052188645
225757_20200519-probe0,407,225757,Excitatory,690,0.12467465110837841
225757_20200519-probe0,408,225757,Excitatory,1772,0.32017895907832833
225757_20200519-probe0,409,225757,Excitatory,2613,0.47213748311042436
225757_20200519-probe0,410,225757,Excitatory,4678,0.8452579969347742
225757_20200519-probe0,411,225757,Inhibitory,28111,5.079317561315399
225757_20200519-probe0,412,225757,Excitatory,5409,0.9773408519495925
225757_20200519-probe0,413,225757,Excitatory,576,0.10407623049047242
225757_20200519-probe0,414,225757,Excitatory,560,0.1011852240879593
225757_20200519-probe0,415,225757,Excitatory,1706,0.3082535576679617
225757_20200519-probe0,416,225757,Excitatory,374,0.06757727465874425
225757_20200519-probe0,418,225757,Excitatory,2113,0.3817935330318893
225757_20200519-probe0,419,225757,Excitatory,46199,8.347600299356484
225757_20200519-probe0,420,225757,Excitatory,5588,1.009683986077708
225757_20200519-probe0,421,225757,Excitatory,1551,0.2802469331436158
225757_20200519-probe0,422,225757,Excitatory,18984,3.43017909658182
225757_20200519-probe0,423,225757,Excitatory,5219,0.9430101509197493
225757_20200519-probe0,424,225757,Excitatory,6413,1.158751503707291
225757_20200519-probe0,425,225757,Excitatory,8410,1.5195852403209602
225757_20200519-probe0,426,225757,Excitatory,8493,1.534582336033997
225757_20200519-probe0,427,225757,Excitatory,8501,1.5360278392352535
225757_20200519-probe0,428,225757,Excitatory,9250,1.671363076452899
225757_20200519-probe0,429,225757,Excitatory,5537,1.0004689031696976
225757_20200519-probe0,430,225757,Excitatory,953,0.17219556884968787
225757_20200519-probe0,431,225757,Inhibitory,5121,0.9253027367043564
225757_20200519-probe0,432,225757,Excitatory,730,0.1319021671146612
225757_20200519-probe0,433,225757,Excitatory,7503,1.3557013148784975
225757_20200519-probe0,434,225757,Excitatory,1859,0.33589880639199343
225757_20200519-probe0,435,225757,Excitatory,776,0.14021381052188645
225757_20200519-probe0,436,225757,Excitatory,866,0.15647572153602277
225757_20200519-probe0,437,225757,Excitatory,33743,6.096951815000018
225757_20200519-probe0,438,225757,Excitatory,14038,2.536496742404951
225757_20200519-probe0,439,225757,Excitatory,19504,3.5241368046634967
225757_20200519-probe0,440,225757,Excitatory,3944,0.7126330782194847
225757_20200519-probe0,441,225757,Excitatory,2220,0.4011271383486958
225757_20200519-probe0,442,225757,Excitatory,6852,1.2380734918762448
225757_20200519-probe0,443,225757,Inhibitory,15995,2.890102963012337
225757_20200519-probe0,444,225757,Excitatory,441,0.07968336396926795
225757_20200519-probe0,445,225757,Excitatory,335,0.06053044655261851
225757_20200519-probe0,446,225757,Excitatory,819,0.14798339022864046
225757_20200519-probe0,447,225757,Excitatory,1374,0.24826517481581442
225757_20200519-probe0,448,225757,Excitatory,2260,0.4083546543549786
225757_20200519-probe0,449,225757,Excitatory,280,0.05059261204397965
225757_20200519-probe0,450,225757,Excitatory,971,0.17544795105251512
225757_20200519-probe0,451,225757,Excitatory,808,0.1459958233269127
225757_20200519-probe0,452,225757,Excitatory,1319,0.23832734030717556
225757_20200519-probe0,453,225757,Excitatory,4768,0.8615199079489105
225757_20200519-probe0,454,225757,Excitatory,1029,0.1859278492616252
225757_20200519-probe0,455,225757,Excitatory,1171,0.21158553108392916
225757_20200519-probe0,456,225757,Excitatory,1016,0.18357890655958328
225757_20200519-probe0,457,225757,Excitatory,590,0.1066058610926714
225757_20200519-probe0,458,225757,Excitatory,980,0.17707414215392878
225757_20200519-probe0,459,225757,Excitatory,9726,1.7573705169276645
225757_20200519-probe0,460,225757,Excitatory,3999,0.7225709127281236
225757_20200519-probe0,461,225757,Excitatory,7948,1.4361074304483936
225757_20200519-probe0,462,225757,Excitatory,433,0.07823786076801138
225757_20200519-probe0,463,225757,Excitatory,539,0.09739077818466083
225757_20200519-probe0,464,225757,Excitatory,2493,0.4504549350915759
225757_20200519-probe0,465,225757,Excitatory,688,0.12431327530806428
225757_20200519-probe0,466,225757,Excitatory,26276,4.747755264527176
225757_20200519-probe0,467,225757,Excitatory,1364,0.24645829581424372
225757_20200519-probe0,468,225757,Excitatory,17589,3.178119475862707
225757_20200519-probe0,470,225757,Excitatory,475,0.08582675257460833
225757_20200519-probe0,471,225757,Excitatory,2702,0.4882187062244036
225757_20200519-probe0,472,225757,Excitatory,3224,0.5825377901063943
225757_20200519-probe0,473,225757,Excitatory,660,0.11925401410366632
225757_20200519-probe0,474,225757,Excitatory,2795,0.5050226809390111
225757_20200519-probe0,475,225757,Excitatory,355,0.0641442045557599
225757_20200519-probe0,476,225757,Excitatory,492,0.08889844687727852
225757_20200519-probe0,477,225757,Excitatory,2030,0.3667964373188524
225757_20200519-probe0,478,225757,Inhibitory,74757,13.507685352042095
225757_20200519-probe0,479,225757,Excitatory,14746,2.664423775716157
225757_20200519-probe0,480,225757,Excitatory,548,0.09901696928607445
225757_20200519-probe0,481,225757,Excitatory,420,0.07588891806596947
225757_20200519-probe0,482,225757,Excitatory,44252,7.995800957750669
225757_20200519-probe0,483,225757,Excitatory,2519,0.45515282049565975
225757_20200519-probe0,484,225757,Excitatory,25075,4.530749096438535
225757_20200519-probe0,485,225757,Excitatory,21566,3.896715254787375
225757_20200519-probe0,486,225757,Inhibitory,25339,4.578450702080001
225757_20200519-probe0,487,225757,Excitatory,22724,4.1059518431692625
225757_20200519-probe0,488,225757,Excitatory,35540,6.421647971582273
225757_20200519-probe0,489,225757,Excitatory,11196,2.0229817301585578
225757_20200519-probe0,490,225757,Excitatory,4235,0.7652132571651922
225757_20200519-probe0,491,225757,Excitatory,921,0.16641355604466163
225757_20200519-probe0,492,225757,Excitatory,1330,0.24031490720890333
225757_20200519-probe0,493,225757,Excitatory,2189,0.3955258134438266
225757_20200519-probe0,494,225757,Excitatory,819,0.14798339022864046
225757_20200519-probe0,495,225757,Excitatory,1714,0.3096990608692183
225757_20200519-probe0,496,225757,Excitatory,2785,0.5032158019374404
225757_20200519-probe0,497,225757,Excitatory,694,0.1253974027090067
225757_20200519-probe0,498,225757,Excitatory,5198,0.9392157050164508
225757_20200519-probe0,499,225757,Excitatory,20654,3.7319278898441275
225757_20200519-probe0,500,225757,Excitatory,1522,0.2750069840390608
225757_20200519-probe0,501,225757,Excitatory,15823,2.8590246441853213
225757_20200519-probe0,502,225757,Excitatory,14065,2.541375315709192
225757_20200519-probe0,503,225757,Excitatory,23425,4.232614061179369
225757_20200519-probe0,504,225757,Excitatory,4816,0.8701929271564499
225757_20200519-probe0,505,225757,Excitatory,1151,0.20797177308078776
225757_20200519-probe0,506,225757,Excitatory,739,0.13352835821607487
225757_20200519-probe0,507,225757,Excitatory,10400,1.8791541616335297
225757_20200519-probe0,508,225757,Excitatory,3411,0.6163264274357664
225757_20200519-probe0,509,225757,Excitatory,9325,1.6849146689646792
225757_20200519-probe0,510,225757,Excitatory,4689,0.8472455638365021
225757_20200519-probe0,511,225757,Excitatory,9530,1.7219556884968787
225757_20200519-probe0,512,225757,Excitatory,618,0.11166512229706936
225757_20200519-probe0,513,225757,Excitatory,817,0.14762201442832634
225757_20200519-probe0,514,225757,Excitatory,2015,0.3640861188164964
225757_20200519-probe0,515,225757,Excitatory,849,0.15340402723335259
225757_20200519-probe0,516,225757,Excitatory,6139,1.1092430190642537
225757_20200519-probe0,517,225757,Excitatory,1828,0.3302974814871243
225758_20200519-probe0,0,225758,Excitatory,2063,0.3708099220251262
225758_20200519-probe0,1,225758,Excitatory,249159,44.7845997876192
225758_20200519-probe0,2,225758,Inhibitory,28645,5.1487398043673
225758_20200519-probe0,3,225758,Inhibitory,1772,0.31850469308217333
225758_20200519-probe0,4,225758,Excitatory,14210,2.554148808520137
225758_20200519-probe0,5,225758,Inhibitory,98312,17.67089920219787
225758_20200519-probe0,6,225758,Excitatory,94309,16.95138775388639
225758_20200519-probe0,7,225758,Inhibitory,113742,20.44433453755788
225758_20200519-probe0,8,225758,Inhibitory,117444,21.109743326378535
225758_20200519-probe0,9,225758,Inhibitory,89294,16.04997633413069
225758_20200519-probe0,10,225758,Excitatory,488,0.08771461073594841
225758_20200519-probe0,11,225758,Excitatory,7731,1.3895935565565927
225758_20200519-probe0,12,225758,Inhibitory,195201,35.08602403743415
225758_20200519-probe0,13,225758,Excitatory,22102,3.972680996897401
225758_20200519-probe0,14,225758,Inhibitory,11232,2.018873991365108
225758_20200519-probe0,15,225758,Excitatory,54473,9.791143423400241
225758_20200519-probe0,16,225758,Inhibitory,18665,3.35490411759524
225758_20200519-probe0,17,225758,Excitatory,7772,1.3969630218028506
225758_20200519-probe0,18,225758,Excitatory,39413,7.084213018311342
225758_20200519-probe0,19,225758,Inhibitory,5595,1.0056623915320315
225758_20200519-probe0,20,225758,Inhibitory,1814,0.32605390138321805
225758_20200519-probe0,21,225758,Excitatory,89368,16.063277320184913
225758_20200519-probe0,22,225758,Excitatory,24216,4.352657814716653
225758_20200519-probe0,24,225758,Excitatory,14064,2.5279063225212672
225758_20200519-probe0,25,225758,Excitatory,9637,1.7321838189801944
225758_20200519-probe0,26,225758,Excitatory,89843,16.148655271208632
225758_20200519-probe0,27,225758,Excitatory,45182,8.121150701376273
225758_20200519-probe0,28,225758,Excitatory,2313,0.4157456857218211
225758_20200519-probe0,29,225758,Excitatory,22090,3.9705240802399597
225758_20200519-probe0,30,225758,Excitatory,22518,4.047454107688702
225758_20200519-probe0,31,225758,Inhibitory,9383,1.6865290830643525
225758_20200519-probe0,32,225758,Inhibitory,4330,0.7782874272267554
225758_20200519-probe0,33,225758,Excitatory,8339,1.4988773338669545
225758_20200519-probe0,34,225758,Inhibitory,47511,8.539772275974682
225758_20200519-probe0,35,225758,Excitatory,15371,2.7628304951275884
225758_20200519-probe0,36,225758,Excitatory,8071,1.4507061951840976
225758_20200519-probe0,37,225758,Excitatory,9977,1.7932964576076993
225758_20200519-probe0,38,225758,Excitatory,1020,0.18333791588251513
225758_20200519-probe0,39,225758,Excitatory,12653,2.2742888722171215
225758_20200519-probe0,40,225758,Excitatory,17219,3.0949956603735567
225758_20200519-probe0,41,225758,Excitatory,5616,1.009436995682554
225758_20200519-probe0,42,225758,Inhibitory,4283,0.7698395036517768
225758_20200519-probe0,43,225758,Excitatory,11316,2.0339724079671972
225758_20200519-probe0,44,225758,Excitatory,17116,3.0764821257305184
225758_20200519-probe0,45,225758,Excitatory,13315,2.3932787744859696
225758_20200519-probe0,46,225758,Excitatory,5463,0.9819363083001765
225758_20200519-probe0,47,225758,Excitatory,22241,3.9976652815127633
225758_20200519-probe0,49,225758,Inhibitory,38725,6.960549796618038
225758_20200519-probe0,50,225758,Excitatory,7383,1.3270429734907934
225758_20200519-probe0,51,225758,Inhibitory,156226,28.08053847711942
225758_20200519-probe0,52,225758,Excitatory,29864,5.367846588152384
225758_20200519-probe0,53,225758,Excitatory,29193,5.247238998390455
225758_20200519-probe0,54,225758,Excitatory,8678,1.5598102294396727
225758_20200519-probe0,55,225758,Excitatory,12875,2.3141918303797864
225758_20200519-probe0,56,225758,Excitatory,10794,1.9401465333684982
225758_20200519-probe0,57,225758,Excitatory,31674,5.693181517316455
225758_20200519-probe0,58,225758,Excitatory,144410,25.956694541758832
225758_20200519-probe0,59,225758,Excitatory,39499,7.099670921023005
225758_20200519-probe0,60,225758,Excitatory,5134,0.9228008432753261
225758_20200519-probe0,61,225758,Excitatory,84664,15.217765990467901
225758_20200519-probe0,62,225758,Excitatory,32816,5.898448085882957
225758_20200519-probe0,63,225758,Excitatory,5488,0.986429884669846
225758_20200519-probe0,64,225758,Excitatory,13286,2.388066225897153
225758_20200519-probe0,65,225758,Excitatory,55270,9.934398638065305
225758_20200519-probe0,66,225758,Excitatory,17652,3.1728244030962323
225758_20200519-probe0,67,225758,Excitatory,33943,6.101018508627658
225758_20200519-probe0,68,225758,Excitatory,37140,6.6756570547809915
225758_20200519-probe0,69,225758,Excitatory,84756,15.234302351508285
225758_20200519-probe0,70,225758,Excitatory,17275,3.1050612714416164
225758_20200519-probe0,71,225758,Excitatory,15499,2.785837606140296
225758_20200519-probe0,72,225758,Excitatory,12793,2.2994528998872705
225758_20200519-probe0,73,225758,Excitatory,6956,1.2502926890968384
225758_20200519-probe0,74,225758,Excitatory,18193,3.27006539573588
225758_20200519-probe0,75,225758,Excitatory,8613,1.5481269308785321
225758_20200519-probe0,76,225758,Excitatory,1914,0.344028206861896
225758_20200519-probe0,77,225758,Excitatory,23629,4.247148641556813
225758_20200519-probe0,78,225758,Excitatory,24352,4.377102870167655
225758_20200519-probe0,79,225758,Excitatory,1074,0.1930440408410012
225758_20200519-probe0,80,225758,Excitatory,18018,3.2386103611481936
225758_20200519-probe0,81,225758,Excitatory,45154,8.116117895842242
225758_20200519-probe0,82,225758,Inhibitory,25409,4.567091279077281
225758_20200519-probe0,83,225758,Inhibitory,14528,2.611307099942333
225758_20200519-probe0,84,225758,Excitatory,33978,6.107309515545195
225758_20200519-probe0,86,225758,Excitatory,10543,1.8950310266170165
225758_20200519-probe0,87,225758,Excitatory,2705,0.48620496319823864
225758_20200519-probe0,89,225758,Inhibitory,28994,5.211470130487886
225758_20200519-probe0,90,225758,Excitatory,32059,5.762382593409365
225758_20200519-probe0,91,225758,Excitatory,8931,1.605285222300728
225758_20200519-probe0,93,225758,Inhibitory,13029,2.3418722608169507
225758_20200519-probe0,94,225758,Inhibitory,43123,7.751059751570294
225758_20200519-probe0,95,225758,Inhibitory,11616,2.087895324403231
225758_20200519-probe0,96,225758,Inhibitory,47373,8.514967734414107
225758_20200519-probe0,97,225758,Excitatory,3830,0.6884158998333656
225758_20200519-probe0,98,225758,Excitatory,15234,2.7382056966217996
225758_20200519-probe0,99,225758,Excitatory,80437,14.457992097884185
225758_20200519-probe0,100,225758,Excitatory,5869,1.0549119885436091
225758_20200519-probe0,101,225758,Inhibitory,5926,1.0651573426664556
225758_20200519-probe0,102,225758,Excitatory,46235,8.310420138066752
225758_20200519-probe0,103,225758,Inhibitory,15048,2.7047734884314583
225758_20200519-probe0,104,225758,Excitatory,5922,1.0644383704473084
225758_20200519-probe0,105,225758,Excitatory,61827,11.112973848302218
225758_20200519-probe0,106,225758,Inhibitory,48965,8.80111867763466
225758_20200519-probe0,107,225758,Excitatory,3133,0.5631349906469802
225758_20200519-probe0,108,225758,Excitatory,46117,8.289210457601913
225758_20200519-probe0,109,225758,Excitatory,62329,11.203204861805181
225758_20200519-probe0,110,225758,Excitatory,3814,0.6855400109567771
225758_20200519-probe0,111,225758,Excitatory,58407,10.498252600931432
225758_20200519-probe0,112,225758,Excitatory,41096,7.386720579517491
225758_20200519-probe0,113,225758,Excitatory,63547,11.42213190253548
225758_20200519-probe0,114,225758,Excitatory,10453,1.8788541516862065
225758_20200519-probe0,115,225758,Inhibitory,87790,15.779642779731375
225758_20200519-probe0,116,225758,Excitatory,49936,8.975649183832623
225758_20200519-probe0,117,225758,Inhibitory,75136,13.505174164459467
225758_20200519-probe0,118,225758,Inhibitory,28453,5.114229137848238
225758_20200519-probe0,119,225758,Excitatory,30977,5.56790060813007
225758_20200519-probe0,120,225758,Excitatory,42788,7.690845828216722
225758_20200519-probe0,121,225758,Excitatory,37766,6.788176207077516
225758_20200519-probe0,122,225758,Excitatory,7208,1.2955879389031069
225758_20200519-probe0,123,225758,Excitatory,19165,3.4447756449886295
225758_20200519-probe0,124,225758,Excitatory,69199,12.438039648190356
225758_20200519-probe0,125,225758,Inhibitory,186738,33.56485856477364
225758_20200519-probe0,126,225758,Excitatory,41010,7.371262676805829
225758_20200519-probe0,127,225758,Excitatory,26202,4.709627521523197
225758_20200519-probe0,128,225758,Inhibitory,50400,9.059049961253688
225758_20200519-probe0,129,225758,Excitatory,53284,9.57742893125876
225758_20200519-probe0,130,225758,Excitatory,10727,1.9281037486977841
225758_20200519-probe0,131,225758,Excitatory,7902,1.4203296189251318
225758_20200519-probe0,132,225758,Excitatory,11566,2.078908171663892
225758_20200519-probe0,133,225758,Excitatory,5832,1.0482614955164982
225758_20200519-probe0,134,225758,Excitatory,2689,0.4833290743216502
225758_20200519-probe0,135,225758,Excitatory,28430,5.110095047588142
225758_20200519-probe0,136,225758,Excitatory,18624,3.347534652348982
225758_20200519-probe0,137,225758,Inhibitory,108505,19.50302015963951
225758_20200519-probe0,138,225758,Inhibitory,22499,4.044038989647753
225758_20200519-probe0,139,225758,Excitatory,13653,2.454031927003901
225758_20200519-probe0,140,225758,Excitatory,20314,3.6513004149386394
225758_20200519-probe0,141,225758,Excitatory,3023,0.5433632546204346
225758_20200519-probe0,142,225758,Excitatory,810,0.14559187437729143
225758_20200519-probe0,143,225758,Inhibitory,93172,16.747019900593823
225758_20200519-probe0,145,225758,Inhibitory,30786,5.533569684665794
225758_20200519-probe0,146,225758,Excitatory,5174,0.9299905654667973
225758_20200519-probe0,147,225758,Excitatory,45835,8.23852291615204
225758_20200519-probe0,148,225758,Excitatory,7958,1.4303952299931915
225758_20200519-probe0,149,225758,Inhibitory,32201,5.787906107189087
225758_20200519-probe0,150,225758,Excitatory,21128,3.797611261535078
225758_20200519-probe0,151,225758,Excitatory,3125,0.561697046208686
225758_20200519-probe0,152,225758,Excitatory,26619,4.784580375369284
225758_20200519-probe0,153,225758,Excitatory,4425,0.7953630174314994
225758_20200519-probe0,154,225758,Excitatory,9630,1.730925617596687
225758_20200519-probe0,155,225758,Excitatory,1946,0.349779984615073
225758_20200519-probe0,156,225758,Inhibitory,59935,10.772899988645632
225758_20200519-probe0,157,225758,Excitatory,13047,2.3451076358031124
225758_20200519-probe0,158,225758,Excitatory,1047,0.18819097836175816
225758_20200519-probe0,159,225758,Inhibitory,175136,31.47947964313742
225758_20200519-probe0,160,225758,Excitatory,12190,2.1910678378508424
225758_20200519-probe0,161,225758,Excitatory,2122,0.38141476225754617
225758_20200519-probe0,162,225758,Inhibitory,104211,18.73120348238508
225758_20200519-probe0,163,225758,Inhibitory,210993,37.92452635862698
225758_20200519-probe0,164,225758,Excitatory,46814,8.414491366788297
225758_20200519-probe0,165,225758,Excitatory,18821,3.3829440341419774
225758_20200519-probe0,166,225758,Excitatory,9759,1.7541124716641814
225758_20200519-probe0,167,225758,Inhibitory,28969,5.206976554118216
225758_20200519-probe0,168,225758,Excitatory,16999,3.0554521883204653
225758_20200519-probe0,169,225758,Excitatory,23076,4.147750732259724
225758_20200519-probe0,170,225758,Excitatory,3826,0.6876969276142185
225758_20200519-probe0,171,225758,Inhibitory,69056,12.412336391355847
225758_20200519-probe0,172,225758,Excitatory,1845,0.33162593608160823
225758_20200519-probe0,173,225758,Inhibitory,96841,17.406497168606517
225758_20200519-probe0,174,225758,Inhibitory,70190,12.616165015484055
225758_20200519-probe0,175,225758,Excitatory,996,0.17902408256763241
225758_20200519-probe0,176,225758,Excitatory,22658,4.072618135358851
225758_20200519-probe0,177,225758,Excitatory,83749,15.053301095337998
225758_20200519-probe0,178,225758,Excitatory,9018,1.620922868067178
225758_20200519-probe0,179,225758,Excitatory,46446,8.348345922626763
225758_20200519-probe0,180,225758,Excitatory,1936,0.3479825540672052
225758_20200519-probe0,181,225758,Inhibitory,82017,14.741986124447298
225758_20200519-probe0,182,225758,Inhibitory,19066,3.4269810825647387
225758_20200519-probe0,183,225758,Inhibitory,43982,7.905459035632138
225758_20200519-probe0,184,225758,Inhibitory,30009,5.3939093310964665
225758_20200519-probe0,185,225758,Inhibitory,155138,27.884978033511402
225758_20200519-probe0,186,225758,Excitatory,40053,7.199248573374881
225758_20200519-probe0,187,225758,Excitatory,6945,1.2483155154941838
225758_20200519-probe0,188,225758,Inhibitory,6088,1.0942757175419138
225758_20200519-probe0,189,225758,Excitatory,20864,3.750159095071368
225758_20200519-probe0,190,225758,Excitatory,8042,1.445493646595281
225758_20200519-probe0,192,225758,Excitatory,9162,1.646805867956474
225758_20200519-probe0,193,225758,Inhibitory,62268,11.192240535463188
225758_20200519-probe0,194,225758,Excitatory,1030,0.18513534643038293
225758_20200519-probe0,195,225758,Excitatory,17976,3.2310611528471487
225758_20200519-probe0,196,225758,Excitatory,1563,0.2809383946317364
225758_20200519-probe0,197,225758,Excitatory,5665,1.018244405367106
225758_20200519-probe0,198,225758,Excitatory,21646,3.8907181639146295
225758_20200519-probe0,199,225758,Inhibitory,13799,2.4802744130027707
225758_20200519-probe0,200,225758,Inhibitory,43536,7.825293633197234
225758_20200519-probe0,201,225758,Inhibitory,12080,2.171296101824297
225758_20200519-probe0,202,225758,Excitatory,40314,7.24616151067423
225758_20200519-probe0,203,225758,Excitatory,19720,3.5445330403952924
225758_20200519-probe0,204,225758,Inhibitory,86933,15.625602981779105
225758_20200519-probe0,205,225758,Excitatory,26401,4.745396389425767
225758_20200519-probe0,206,225758,Excitatory,13595,2.4436068298262676
225758_20200519-probe0,207,225758,Excitatory,6102,1.0967921203089288
225758_20200519-probe0,208,225758,Excitatory,5555,0.9984726693405603
225758_20200519-probe0,209,225758,Inhibitory,106783,19.19350261929668
225758_20200519-probe0,210,225758,Inhibitory,1582,0.2843535126726852
225758_20200519-probe0,211,225758,Inhibitory,118949,21.38025662383264
225758_20200519-probe0,212,225758,Excitatory,697,0.12528090918638535
225758_20200519-probe0,213,225758,Excitatory,50051,8.996319635133103
225758_20200519-probe0,214,225758,Excitatory,14032,2.52215454476809
225758_20200519-probe0,215,225758,Inhibitory,181088,32.54931030522833
225758_20200519-probe0,216,225758,Excitatory,32771,5.890359648417552
225758_20200519-probe0,217,225758,Excitatory,31519,5.6653213438245045
225758_20200519-probe0,218,225758,Inhibitory,61813,11.110457445535204
225758_20200519-probe0,220,225758,Excitatory,795,0.14289572855548974
225758_20200519-probe0,221,225758,Excitatory,53920,9.691745514103152
225758_20200519-probe0,222,225758,Excitatory,5456,0.9806781069166691
225758_20200519-probe0,223,225758,Excitatory,16532,2.971512181735039
225758_20200519-probe0,224,225758,Excitatory,2806,0.5043590117317034
225758_20200519-probe0,225,225758,Excitatory,12723,2.286870886052196
225758_20200519-probe0,226,225758,Excitatory,50547,9.085472190307344
225758_20200519-probe0,227,225758,Inhibitory,118708,21.336938547629025
225758_20200519-probe0,229,225758,Excitatory,1724,0.3098770264524079
225758_20200519-probe0,230,225758,Excitatory,32757,5.887843245650537
225758_20200519-probe0,231,225758,Excitatory,27623,4.965042402375211
225758_20200519-probe0,232,225758,Excitatory,39420,7.085471219694849
225758_20200519-probe0,233,225758,Excitatory,6527,1.17318291859331
225758_20200519-probe0,234,225758,Inhibitory,3739,0.6720592818477686
225758_20200519-probe0,235,225758,Excitatory,60808,10.92981567547449
225758_20200519-probe0,236,225758,Excitatory,8264,1.485396604757946
225758_20200519-probe0,237,225758,Inhibitory,128790,23.149108025989335
225758_20200519-probe0,238,225758,Excitatory,16621,2.9875093136110626
225758_20200519-probe0,239,225758,Excitatory,36370,6.537254902595172
225758_20200519-probe0,240,225758,Excitatory,9017,1.620743125012391
225758_20200519-probe0,241,225758,Excitatory,100120,17.995874645252368
225758_20200519-probe0,242,225758,Excitatory,5432,0.9763642736017865
225758_20200519-probe0,243,225758,Excitatory,6780,1.2186579114543652
225758_20200519-probe0,244,225758,Excitatory,5709,1.0261530997777244
225758_20200519-probe0,245,225758,Inhibitory,141525,25.43813582869897
225758_20200519-probe0,247,225758,Excitatory,18733,3.367126645320741
225758_20200519-probe0,248,225758,Excitatory,3474,0.6244273723292721
225758_20200519-probe0,249,225758,Inhibitory,9688,1.7413507147743201
225758_20200519-probe0,250,225758,Excitatory,6230,1.1197992313216365
225758_20200519-probe0,251,225758,Excitatory,1443,0.2593692280573229
225758_20200519-probe0,252,225758,Inhibitory,21826,3.92307191377625
225758_20200519-probe0,253,225758,Inhibitory,46153,8.295681207574235
225758_20200519-probe0,254,225758,Excitatory,33269,5.979871689701368
225758_20200519-probe0,255,225758,Excitatory,6274,1.1277079257322549
225758_20200519-probe0,256,225758,Excitatory,835,0.15008545074696092
225758_20200519-probe0,257,225758,Inhibitory,19584,3.5200879849442903
225758_20200519-probe0,258,225758,Inhibitory,144016,25.885875778172842
225758_20200519-probe0,259,225758,Excitatory,12102,2.175250449029606
225758_20200519-probe0,260,225758,Inhibitory,122996,22.107676766554736
225758_20200519-probe0,261,225758,Inhibitory,35369,6.357332104753605
225758_20200519-probe0,262,225758,Excitatory,12377,2.2246797890959704
225758_20200519-probe0,263,225758,Excitatory,4130,0.7423388162693995
225758_20200519-probe0,264,225758,Excitatory,18442,3.314821416377788
225758_20200519-probe0,265,225758,Excitatory,6881,1.23681195998783
225758_20200519-probe0,266,225758,Excitatory,20184,3.6279338178163583
225758_20200519-probe0,267,225758,Excitatory,8814,1.5842552848906748
225758_20200519-probe0,268,225758,Excitatory,7374,1.3254252859977123
225758_20200519-probe0,269,225758,Excitatory,18663,3.3545446314856666
225758_20200519-probe0,270,225758,Inhibitory,53962,9.699294722404197
225758_20200519-probe0,271,225758,Excitatory,1498,0.2692550960705957
225758_20200519-probe0,272,225758,Excitatory,26611,4.78314243093099
225758_20200519-probe0,273,225758,Excitatory,17399,3.127349410235177
225758_20200519-probe0,274,225758,Excitatory,8006,1.439022896622957
225758_20200519-probe0,275,225758,Inhibitory,90867,16.332712159310297
225758_20200519-probe0,276,225758,Excitatory,23367,4.200055961202677
225758_20200519-probe0,277,225758,Excitatory,1322,0.23762031842812253
225758_20200519-probe0,278,225758,Inhibitory,2252,0.4047813593798275
225758_20200519-probe0,279,225758,Excitatory,7037,1.2648518765345675
225758_20200519-probe0,280,225758,Excitatory,28879,5.190799679187406
225758_20200519-probe0,281,225758,Excitatory,2310,0.41520645655746075
225758_20200519-probe0,282,225758,Excitatory,14161,2.545341398835585
225758_20200519-probe0,283,225758,Inhibitory,14610,2.626046030434849
225758_20200519-probe0,284,225758,Excitatory,4148,0.7455741912555615
225758_20200519-probe0,285,225758,Excitatory,15402,2.7684025298259782
225758_20200519-probe0,286,225758,Excitatory,2475,0.44486406059727934
225758_20200519-probe0,287,225758,Inhibitory,47639,8.56277938698739
225758_20200519-probe0,288,225758,Excitatory,72254,12.987154680563968
225758_20200519-probe0,289,225758,Excitatory,28127,5.055632901987748
225758_20200519-probe0,290,225758,Inhibitory,47788,8.58956110215062
225758_20200519-probe0,291,225758,Excitatory,11892,2.137504407524382
225758_20200519-probe0,292,225758,Excitatory,1701,0.30574293619231196
225758_20200519-probe0,293,225758,Excitatory,19553,3.5145159502459
225758_20200519-probe0,294,225758,Excitatory,1779,0.3197628944656808
225758_20200519-probe0,295,225758,Excitatory,8193,1.4726348478680846
225758_20200519-probe0,296,225758,Inhibitory,48534,8.723649421021557
225758_20200519-probe0,297,225758,Excitatory,38005,6.831134797171556
225758_20200519-probe0,298,225758,Excitatory,11976,2.152602824126472
225758_20200519-probe0,299,225758,Excitatory,53429,9.603491674202843
225758_20200519-probe0,300,225758,Excitatory,12212,2.1950221850561515
225758_20200519-probe0,301,225758,Excitatory,3395,0.6102276710011165
225758_20200519-probe0,302,225758,Excitatory,14621,2.6280232040375036
225758_20200519-probe0,303,225758,Excitatory,8451,1.5190085560030737
225758_20200519-probe0,304,225758,Excitatory,8233,1.4798245700595558
225758_20200519-probe0,305,225758,Excitatory,48647,8.743960386212464
225758_20200519-probe0,306,225758,Excitatory,9866,1.7733449785263669
225758_20200519-probe0,308,225758,Excitatory,56702,10.191790692519973
225758_20200519-probe0,309,225758,Excitatory,21444,3.8544100668477004
225758_20200519-probe0,310,225758,Excitatory,30616,5.503013365352042
225758_20200519-probe0,311,225758,Excitatory,7292,1.3106863555051964
225758_20200519-probe0,312,225758,Excitatory,1506,0.27069304050889
225758_20200519-probe0,313,225758,Excitatory,82164,14.768408353500954
225758_20200519-probe0,314,225758,Excitatory,8111,1.4578959173755688
225758_20200519-probe0,315,225758,Excitatory,1405,0.25253899197542523
225758_20200519-probe0,316,225758,Excitatory,46214,8.30664553391623
225758_20200519-probe0,317,225758,Excitatory,1141,0.20508682551171545
225758_20200519-probe0,318,225758,Excitatory,10201,1.833558901879938
225758_20200519-probe0,319,225758,Excitatory,11695,2.1020950257313866
225758_20200519-probe0,320,225758,Excitatory,6254,1.1241130646365192
225758_20200519-probe0,321,225758,Excitatory,28550,5.131664214162556
225758_20200519-probe0,322,225758,Excitatory,21529,3.8696882265045764
225758_20200519-probe0,323,225758,Excitatory,24768,4.451875980958955
225758_20200519-probe0,324,225758,Excitatory,10090,1.8136074227986054
225758_20200519-probe0,325,225758,Excitatory,17271,3.1043422992224694
225758_20200519-probe0,326,225758,Inhibitory,91903,16.5189259640694
225758_20200519-probe0,327,225758,Excitatory,13996,2.515683794795766
225758_20200519-probe0,328,225758,Inhibitory,12442,2.236363087657111
225758_20200519-probe0,329,225758,Excitatory,13615,2.4472016909220033
225758_20200519-probe0,330,225758,Excitatory,5602,1.006920592915539
225758_20200519-probe0,331,225758,Excitatory,14775,2.6557036344746674
225758_20200519-probe0,332,225758,Excitatory,3976,0.7146583858322354
225758_20200519-probe0,333,225758,Excitatory,11168,2.007370435858754
225758_20200519-probe0,334,225758,Excitatory,15879,2.854139966959272
225758_20200519-probe0,335,225758,Inhibitory,35640,6.406042472600823
225758_20200519-probe0,336,225758,Excitatory,6716,1.2071543559480113
225758_20200519-probe0,337,225758,Excitatory,5267,0.9467066695619678
225758_20200519-probe0,338,225758,Excitatory,27086,4.868520381954711
225758_20200519-probe0,339,225758,Excitatory,1260,0.2264762490313422
225758_20200519-probe0,340,225758,Excitatory,525,0.09436510376305926
225758_20200519-probe0,341,225758,Excitatory,1399,0.25146053364670456
225758_20200519-probe0,342,225758,Excitatory,2956,0.5313204699497203
225758_20200519-probe0,343,225758,Excitatory,2976,0.5349153310454559
225758_20200519-probe0,344,225758,Excitatory,5852,1.0518563566122339
225758_20200519-probe0,345,225758,Excitatory,449,0.08070463159926401
225758_20200519-probe0,346,225758,Excitatory,21027,3.779457213001613
225758_20200519-probe0,348,225758,Excitatory,6560,1.1791144394012738
225758_20200519-probe0,349,225758,Excitatory,22745,4.088255781125301
225758_20200519-probe0,350,225758,Excitatory,15087,2.711783467568143
225758_20200519-probe0,351,225758,Excitatory,8084,1.4530428548963257
225758_20200519-probe0,352,225758,Excitatory,3254,0.5848839002761806
225758_20200519-probe0,353,225758,Excitatory,6731,1.2098505017698131
225758_20200519-probe0,354,225758,Excitatory,9031,1.623259527779406
225758_20200519-probe0,355,225758,Excitatory,15918,2.8611499460959564
225758_20200519-probe0,356,225758,Excitatory,7546,1.3563410914210383
225758_20200519-probe0,357,225758,Excitatory,9267,1.6656788887090859
225758_20200519-probe0,358,225758,Excitatory,6905,1.2411257933027127
225758_20200519-probe0,359,225758,Excitatory,12187,2.190528608686482
225758_20200519-probe0,360,225758,Excitatory,13169,2.3670362884870997
225758_20200519-probe0,361,225758,Excitatory,2993,0.5379709629768311
225758_20200519-probe0,363,225758,Excitatory,3684,0.6621734138344958
225758_20200519-probe0,364,225758,Excitatory,34822,6.259012653785237
225758_20200519-probe0,365,225758,Excitatory,5059,0.9093201141663176
225758_20200519-probe0,366,225758,Excitatory,1622,0.2915432348641564
225758_20200519-probe0,367,225758,Excitatory,10125,1.8198984297161427
225758_20200519-probe0,368,225758,Excitatory,1882,0.3382764291087191
225758_20200519-probe0,369,225758,Excitatory,3862,0.6941676775865425
225758_20200519-probe0,370,225758,Excitatory,3985,0.7162760733253164
225758_20200519-probe0,371,225758,Excitatory,3225,0.579671351687364
225758_20200519-probe0,372,225758,Excitatory,1357,0.24391132534565982
225758_20200519-probe0,373,225758,Excitatory,1894,0.3404333457661604
225758_20200519-probe0,374,225758,Excitatory,4751,0.8539592532919895
225758_20200519-probe0,375,225758,Excitatory,5690,1.0227379817367754
225758_20200519-probe0,376,225758,Inhibitory,1315,0.23636211704461507
225758_20200519-probe0,377,225758,Excitatory,1162,0.2088614296622378
225758_20200519-probe0,378,225758,Excitatory,561,0.10083585373538331
225758_20200519-probe0,379,225758,Excitatory,15363,2.761392550689294
225758_20200519-probe0,380,225758,Excitatory,17891,3.2157829931902726
225758_20200519-probe0,382,225758,Excitatory,2304,0.41412799822874
225758_20200519-probe0,383,225758,Excitatory,12692,2.2812988513538057
225758_20200519-probe0,384,225758,Excitatory,640,0.1150355550635389
225758_20200519-probe0,385,225758,Inhibitory,6547,1.1767777796890455
225758_20200519-probe0,386,225758,Excitatory,4280,0.7693002744874164
225758_20200519-probe0,387,225758,Inhibitory,13891,2.4968107740431544
225758_20200519-probe0,388,225758,Excitatory,8723,1.5678986669050778
225758_20200519-probe0,389,225758,Excitatory,1746,0.31383137365771707
225758_20200519-probe0,390,225758,Excitatory,648,0.11647349950183314
225758_20200519-probe0,391,225758,Excitatory,19872,3.5718539847228827
225758_20200519-probe0,392,225758,Excitatory,8108,1.4573566882112083
225758_20200519-probe0,393,225758,Excitatory,5141,0.9240590446588336
225758_20200519-probe0,394,225758,Excitatory,1384,0.24876438782490287
225758_20200519-probe0,395,225758,Excitatory,10303,1.8518926934681894
225758_20200519-probe0,396,225758,Excitatory,8287,1.489530695018042
225758_20200519-probe0,397,225758,Excitatory,9097,1.6351225693953333
225758_20200519-probe0,398,225758,Excitatory,2691,0.4836885604312237
225758_20200519-probe0,399,225758,Excitatory,1362,0.24481004061959372
225758_20200519-probe0,400,225758,Excitatory,2838,0.5101107894848803
225758_20200519-probe0,401,225758,Excitatory,1971,0.35427356098474244
225758_20200519-probe0,402,225758,Excitatory,2082,0.374225040066075
225758_20200519-probe0,403,225758,Excitatory,617,0.11090146480344297
225758_20200519-probe0,404,225758,Inhibitory,659,0.11845067310448772
225758_20200519-probe0,405,225758,Excitatory,3129,0.5624160184278332
225758_20200519-probe0,406,225758,Excitatory,7523,1.3522070011609424
225758_20200519-probe0,407,225758,Excitatory,1705,0.3064619084114591
225758_20200519-probe0,408,225758,Excitatory,7915,1.42266627863736
225758_20200519-probe0,409,225758,Excitatory,10051,1.806597443661921
225758_20200519-probe0,410,225758,Excitatory,3189,0.57320060171504
225758_20200519-probe0,411,225758,Excitatory,15277,2.7459346479776308
225758_20200519-probe0,412,225758,Excitatory,5017,0.9017709058652729
225758_20200519-probe0,413,225758,Excitatory,968,0.1739912770336026
225758_20200519-probe0,414,225758,Excitatory,34319,6.168601897227487
225758_20200519-probe0,415,225758,Excitatory,28098,5.050420353398931
225758_20200519-probe0,416,225758,Inhibitory,58845,10.576980058928042
225758_20200519-probe0,417,225758,Excitatory,17184,3.0887046534560194
225758_20200519-probe0,418,225758,Excitatory,755,0.13570600636401856
225758_20200519-probe0,419,225758,Excitatory,12254,2.2025713933571964
225758_20200519-probe0,420,225758,Excitatory,5744,1.0324441066952617
225758_20200519-probe0,421,225758,Excitatory,11961,2.14990667830467
225758_20200519-probe0,422,225758,Excitatory,11262,2.024266283008711
225758_20200519-probe0,423,225758,Excitatory,1148,0.2063450268952229
225758_20200519-probe0,424,225758,Excitatory,8036,1.4444151882665603
225758_20200519-probe0,425,225758,Excitatory,7235,1.30044100138235
225758_20200519-probe0,426,225758,Excitatory,1191,0.21407397825105443
225758_20200519-probe0,427,225758,Inhibitory,73750,13.25605029052499
225758_20200519-probe0,428,225758,Excitatory,4062,0.7301162885438984
225758_20200519-probe0,429,225758,Excitatory,21821,3.9221731985023163
225758_20200519-probe0,430,225758,Excitatory,5441,0.9779819610948675
225758_20200519-probe0,431,225758,Excitatory,5325,0.957131766739601
225758_20200519-probe0,432,225758,Excitatory,50331,9.046647690473401
225758_20200519-probe0,433,225758,Inhibitory,1665,0.2992721862199879
225758_20200519-probe0,435,225758,Excitatory,11919,2.1423574700036254
225758_20200519-probe0,436,225758,Excitatory,20356,3.6588496232396843
225758_20200519-probe0,437,225758,Inhibitory,29327,5.271324567731884
225758_20200519-probe0,438,225758,Excitatory,32476,5.837335447255452
225758_20200519-probe0,439,225758,Inhibitory,265209,47.66947581694701
225758_20200519-probe0,440,225758,Excitatory,21511,3.8664528515184147
225758_20200519-probe0,441,225758,Excitatory,32594,5.8585451277202925
225758_20200519-probe0,442,225758,Excitatory,2215,0.39813086635271666
225758_20200519-probe0,443,225758,Inhibitory,49244,8.851266989920171
225758_20200519-probe0,444,225758,Excitatory,1872,0.3364789985608513
225758_20200519-probe0,445,225758,Excitatory,35505,6.381777160204607
225758_20200519-probe0,446,225758,Excitatory,2537,0.45600812999405965
225758_20200519-probe0,447,225758,Excitatory,2484,0.44648174809036034
225758_20200519-probe0,448,225758,Excitatory,830,0.14918673547302702
225758_20200519-probe0,449,225758,Inhibitory,33460,6.014202613165643
225758_20200519-probe0,450,225758,Excitatory,1297,0.23312674205845305
225758_20200519-probe0,451,225758,Excitatory,18387,3.304935548364515
225758_20200519-probe0,452,225758,Excitatory,6830,1.2276450641937042
225758_20200519-probe0,453,225758,Excitatory,2731,0.4908782826226949
225758_20200519-probe0,454,225758,Excitatory,30679,5.514337177803609
225758_20200519-probe0,455,225758,Inhibitory,12952,2.3280320455983685
225758_20200519-probe0,456,225758,Excitatory,4979,0.8949406697833753
225758_20200519-probe0,457,225758,Excitatory,7832,1.4077476050900573
225758_20200519-probe0,458,225758,Excitatory,1121,0.20149196441597986
225758_20200519-probe0,459,225758,Excitatory,3918,0.7042332886546022
225758_20200519-probe0,460,225758,Excitatory,10753,1.9327770681222403
225758_20200519-probe0,461,225758,Excitatory,608,0.10928377731036196
225758_20200519-probe0,462,225758,Excitatory,682,0.12258476336458364
225758_20200519-probe0,463,225758,Inhibitory,34479,6.1973607859933715
225759_20200521-probe0,0,225759,Excitatory,2105,0.3897357056838889
225759_20200521-probe0,1,225759,Excitatory,4848,0.8975955824966714
225759_20200521-probe0,2,225759,Excitatory,3127,0.5789565566144991
225759_20200521-probe0,3,225759,Excitatory,6348,1.1753169879721266
225759_20200521-probe0,4,225759,Excitatory,8229,1.5235796304383475
225759_20200521-probe0,5,225759,Excitatory,67147,12.43210614230693
225759_20200521-probe0,6,225759,Excitatory,1772,0.3280815536683378
225759_20200521-probe0,7,225759,Excitatory,13100,2.425433607818976
225759_20200521-probe0,8,225759,Excitatory,122753,22.727423790885705
225759_20200521-probe0,9,225759,Excitatory,6716,1.2434513061154384
225759_20200521-probe0,10,225759,Excitatory,3014,0.5580348774020147
225759_20200521-probe0,11,225759,Excitatory,15410,2.853124572251177
225759_20200521-probe0,12,225759,Inhibitory,38932,7.208166505313616
225759_20200521-probe0,13,225759,Excitatory,82127,15.205617244988476
225759_20200521-probe0,14,225759,Excitatory,453,0.08387186445358749
225759_20200521-probe0,15,225759,Excitatory,56999,10.55322826046365
225759_20200521-probe0,16,225759,Excitatory,2760,0.5110073860748376
225759_20200521-probe0,17,225759,Inhibitory,41427,7.670109776421124
225759_20200521-probe0,18,225759,Excitatory,2390,0.4425027727242254
225759_20200521-probe0,19,225759,Excitatory,2496,0.46212841871115756
225759_20200521-probe0,20,225759,Excitatory,3395,0.6285761143927804
225759_20200521-probe0,21,225759,Excitatory,8231,1.5239499256456481
225759_20200521-probe0,22,225759,Excitatory,3094,0.5728466856940391
225759_20200521-probe0,23,225759,Excitatory,18399,3.4065307595619343
225759_20200521-probe0,24,225759,Excitatory,6383,1.1817971540998873
225759_20200521-probe0,25,225759,Excitatory,85566,15.84233985394187
225759_20200521-probe0,26,225759,Excitatory,9118,1.6881758500834674
225759_20200521-probe0,27,225759,Excitatory,76459,14.156200627498556
225759_20200521-probe0,28,225759,Excitatory,9572,1.772232862140705
225759_20200521-probe0,29,225759,Inhibitory,34547,6.396294263307035
225759_20200521-probe0,30,225759,Excitatory,839,0.15533883946260466
225759_20200521-probe0,31,225759,Inhibitory,8178,1.5141371026521822
225759_20200521-probe0,32,225759,Inhibitory,27638,5.1171094696870885
225759_20200521-probe0,33,225759,Inhibitory,21932,4.060657243258457
225759_20200521-probe0,34,225759,Excitatory,12253,2.268613587527169
225759_20200521-probe0,35,225759,Inhibitory,53487,9.902989876443783
225759_20200521-probe0,36,225759,Excitatory,16502,3.0553057554373084
225759_20200521-probe0,37,225759,Excitatory,36572,6.7712181606989
225759_20200521-probe0,38,225759,Inhibitory,25499,4.7210787454790895
225759_20200521-probe0,39,225759,Excitatory,19740,3.6548136960569915
225759_20200521-probe0,40,225759,Excitatory,22168,4.104352077719928
225759_20200521-probe0,41,225759,Inhibitory,42314,7.834335700858943
225759_20200521-probe0,42,225759,Excitatory,1745,0.3230825683697796
225759_20200521-probe0,43,225759,Excitatory,7781,1.4406335040030116
225759_20200521-probe0,44,225759,Excitatory,11482,2.125864785112785
225759_20200521-probe0,45,225759,Excitatory,23686,4.385406140061089
225759_20200521-probe0,46,225759,Inhibitory,26595,4.924000519079822
225759_20200521-probe0,47,225759,Excitatory,2088,0.38658819642183373
225759_20200521-probe0,48,225759,Inhibitory,17123,3.170282417304147
225759_20200521-probe0,49,225759,Excitatory,3112,0.5761793425597446
225759_20200521-probe0,50,225759,Excitatory,1256,0.2325453901847812
225759_20200521-probe0,51,225759,Excitatory,15168,2.8083188521678037
225759_20200521-probe0,52,225759,Inhibitory,96005,17.77509568844739
225759_20200521-probe0,53,225759,Excitatory,15464,2.8631225428482936
225759_20200521-probe0,54,225759,Excitatory,8169,1.5124707742193293
225759_20200521-probe0,55,225759,Excitatory,788,0.14589631167643916
225759_20200521-probe0,56,225759,Excitatory,9665,1.7894515892801834
225759_20200521-probe0,57,225759,Excitatory,10751,1.990521886844413
225759_20200521-probe0,58,225759,Excitatory,7991,1.4795145007695754
225759_20200521-probe0,59,225759,Excitatory,3571,0.6611620926352338
225759_20200521-probe0,60,225759,Excitatory,16763,3.1036292799900376
225759_20200521-probe0,61,225759,Excitatory,10922,2.022182127068615
225759_20200521-probe0,63,225759,Excitatory,12213,2.2612076833811567
225759_20200521-probe0,64,225759,Excitatory,239,0.04425027727242254
225759_20200521-probe0,65,225759,Excitatory,2216,0.41028708968907257
225759_20200521-probe0,66,225759,Excitatory,5225,0.9673962290728358
225759_20200521-probe0,67,225759,Excitatory,10272,1.9018361846959178
225759_20200521-probe0,68,225759,Excitatory,32524,6.021740661122472
225759_20200521-probe0,69,225759,Excitatory,54083,10.013337848219365
225759_20200521-probe0,70,225759,Excitatory,64115,11.87073860803921
225759_20200521-probe0,71,225759,Excitatory,53997,9.997415154305438
225759_20200521-probe0,72,225759,Excitatory,4958,0.9179618188982048
225759_20200521-probe0,73,225759,Excitatory,28512,5.2789284752774535
225759_20200521-probe0,74,225759,Inhibitory,40245,7.451265308906465
225759_20200521-probe0,75,225759,Excitatory,13792,2.553555749544986
225759_20200521-probe0,76,225759,Excitatory,14701,2.721854921263112
225759_20200521-probe0,77,225759,Excitatory,4584,0.8487166151329912
225759_20200521-probe0,78,225759,Inhibitory,233257,43.18697458465885
225759_20200521-probe0,79,225759,Excitatory,37774,6.993765580286564
225759_20200521-probe0,80,225759,Inhibitory,50736,9.393648818801799
225759_20200521-probe0,81,225759,Inhibitory,122491,22.67891511872933
225759_20200521-probe0,82,225759,Excitatory,15129,2.801098095625442
225759_20200521-probe0,83,225759,Inhibitory,3290,0.6091356160094985
225759_20200521-probe0,84,225759,Excitatory,33547,6.211146659656732
225759_20200521-probe0,85,225759,Inhibitory,43341,8.024482289807805
225759_20200521-probe0,86,225759,Excitatory,11349,2.1012401538272947
225759_20200521-probe0,87,225759,Excitatory,12101,2.2404711517723226
225759_20200521-probe0,88,225759,Excitatory,13974,2.5872526134093414
225759_20200521-probe0,89,225759,Inhibitory,1666,0.30845590768140563
225759_20200521-probe0,90,225759,Excitatory,16665,3.085484814832308
225759_20200521-probe0,91,225759,Excitatory,34631,6.4118466620136605
225759_20200521-probe0,92,225759,Inhibitory,132631,24.556311819743403
225759_20200521-probe0,93,225759,Excitatory,5151,0.9536953064027134
225759_20200521-probe0,94,225759,Excitatory,47094,8.719341246307394
225759_20200521-probe0,95,225759,Excitatory,81405,15.071940675152957
225759_20200521-probe0,96,225759,Excitatory,10885,2.015331665733554
225759_20200521-probe0,97,225759,Inhibitory,20780,3.847367203853307
225759_20200521-probe0,98,225759,Excitatory,157089,29.08465190982253
225759_20200521-probe0,99,225759,Excitatory,8894,1.6467027868657995
225759_20200521-probe0,100,225759,Excitatory,47249,8.748039124873191
225759_20200521-probe0,101,225759,Inhibitory,32957,6.101909573503053
225759_20200521-probe0,102,225759,Excitatory,44585,8.254805908748782
225759_20200521-probe0,104,225759,Excitatory,33930,6.282058191854798
225759_20200521-probe0,105,225759,Excitatory,39435,7.301295749949719
225759_20200521-probe0,106,225759,Inhibitory,7693,1.424340514881785
225759_20200521-probe0,107,225759,Inhibitory,2370,0.4387998206512193
225759_20200521-probe0,108,225759,Excitatory,87812,16.258181371740452
225759_20200521-probe0,109,225759,Inhibitory,69245,12.820545814765266
225759_20200521-probe0,110,225759,Excitatory,190770,35.3206083483684
225759_20200521-probe0,111,225759,Excitatory,48708,9.018169478598983
225759_20200521-probe0,112,225759,Excitatory,60377,11.178656865594375
225759_20200521-probe0,113,225759,Excitatory,41718,7.723987729083362
225759_20200521-probe0,114,225759,Inhibitory,18059,3.343580574320831
225759_20200521-probe0,115,225759,Inhibitory,40893,7.571240956071861
225759_20200521-probe0,116,225759,Excitatory,32871,6.085986879589127
225759_20200521-probe0,118,225759,Excitatory,93314,17.27686348702442
225759_20200521-probe0,119,225759,Excitatory,52401,9.701919578879554
225759_20200521-probe0,120,225759,Excitatory,51884,9.606198267792347
225759_20200521-probe0,121,225759,Excitatory,53536,9.91206210902265
225759_20200521-probe0,122,225759,Inhibitory,14310,2.649462208235843
225759_20200521-probe0,123,225759,Excitatory,19101,3.536504377324447
225759_20200521-probe0,124,225759,Excitatory,51803,9.591201311896672
225759_20200521-probe0,125,225759,Excitatory,43268,8.010966514741332
225759_20200521-probe0,126,225759,Excitatory,65678,12.160124312544633
225759_20200521-probe0,127,225759,Excitatory,47057,8.712490784972331
225759_20200521-probe0,128,225759,Excitatory,50937,9.43086348713551
225759_20200521-probe0,129,225759,Excitatory,12947,2.3971060244604794
225759_20200521-probe0,130,225759,Excitatory,61688,11.421385373979923
225759_20200521-probe0,131,225759,Excitatory,85417,15.814752860997976
225759_20200521-probe0,132,225759,Excitatory,45970,8.511235339804452
225759_20200521-probe0,133,225759,Excitatory,33362,6.176894352981425
225759_20200521-probe0,134,225759,Excitatory,69466,12.861463435171984
225759_20200521-probe0,135,225759,Inhibitory,127567,23.61872435485827
225759_20200521-probe0,136,225759,Excitatory,91541,16.948596785752432
225759_20200521-probe0,138,225759,Excitatory,47830,8.855609882594017
225759_20200521-probe0,139,225759,Excitatory,68304,12.646321919730331
225759_20200521-probe0,140,225759,Excitatory,41490,7.681774075451092
225759_20200521-probe0,141,225759,Excitatory,62033,11.485261297239278
225759_20200521-probe0,142,225759,Excitatory,104769,19.397729286838647
225759_20200521-probe0,143,225759,Excitatory,71836,13.300263255823204
225759_20200521-probe0,144,225759,Excitatory,126380,23.39895414932536
225759_20200521-probe0,145,225759,Excitatory,99827,18.48272982959885
225759_20200521-probe0,146,225759,Excitatory,138272,25.600729451934768
225759_20200521-probe0,147,225759,Excitatory,85119,15.759578875110185
225759_20200521-probe0,148,225759,Excitatory,69983,12.957184746259191
225759_20200521-probe0,149,225759,Excitatory,32425,6.003411048361091
225759_20200521-probe0,150,225759,Excitatory,106167,19.65656563674177
225759_20200521-probe0,151,225759,Excitatory,76269,14.121022582804999
225759_20200521-probe0,152,225759,Excitatory,39833,7.37498449620254
225759_20200521-probe0,153,225759,Excitatory,6869,1.2717788894739348
225759_20200521-probe0,154,225759,Excitatory,25389,4.7007125090775554
225759_20200521-probe0,155,225759,Excitatory,14686,2.719077707208357
225759_20200521-probe0,156,225759,Excitatory,15723,2.911075772193722
225759_20200521-probe0,157,225759,Excitatory,26374,4.883082898673105
225759_20200521-probe0,158,225759,Inhibitory,38454,7.119665950768771
225759_20200521-probe0,159,225759,Excitatory,3915,0.7248528682909382
225759_20200521-probe0,160,225759,Inhibitory,20095,3.720541095352849
225759_20200521-probe0,161,225759,Excitatory,30353,5.6197852135976625
225759_20200521-probe0,162,225759,Excitatory,39701,7.3505450125206995
225759_20200521-probe0,163,225759,Excitatory,102583,18.992996625259085
225759_20200521-probe0,164,225759,Excitatory,14962,2.770178445815841
225759_20200521-probe0,165,225759,Excitatory,57375,10.622843759436163
225759_20200521-probe0,166,225759,Excitatory,8640,1.5996752955386224
225759_20200521-probe0,167,225759,Excitatory,12772,2.3647051938216763
225759_20200521-probe0,168,225759,Inhibitory,22962,4.251359275018269
225759_20200521-probe0,169,225759,Excitatory,10623,1.9668229935771742
225759_20200521-probe0,170,225759,Excitatory,1112,0.2058841352591375
225759_20200521-probe0,171,225759,Inhibitory,147581,27.324268494315444
225759_20200521-probe0,172,225759,Excitatory,10156,1.8803590626724824
225759_20200521-probe0,173,225759,Excitatory,644,0.11923505675079546
225759_20200521-probe0,174,225759,Excitatory,26433,4.894006607288473
225759_20200521-probe0,175,225759,Inhibitory,25967,4.807727823987431
225759_20200521-probe0,176,225759,Excitatory,66142,12.246032800638375
225759_20200521-probe0,177,225759,Excitatory,44382,8.217220945207771
225759_20200521-probe0,178,225759,Excitatory,45226,8.373485522688627
225759_20200521-probe0,179,225759,Excitatory,17922,3.3182153526207396
225759_20200521-probe0,180,225759,Inhibitory,19793,3.6646265190504574
225759_20200521-probe0,181,225759,Excitatory,45860,8.490869103402918
225759_20200521-probe0,182,225759,Excitatory,50259,9.305333411860603
225759_20200521-probe0,183,225759,Inhibitory,43353,8.026704061051609
225759_20200521-probe0,184,225759,Excitatory,10790,1.9977426433867749
225759_20200521-probe0,185,225759,Excitatory,8575,1.5876407013013525
225759_20200521-probe0,186,225759,Excitatory,33542,6.210220921638481
225759_20200521-probe0,187,225759,Excitatory,21185,3.92235198333168
225759_20200521-probe0,188,225759,Excitatory,28559,5.287630412649018
225759_20200521-probe0,189,225759,Excitatory,33970,6.289464096000811
225759_20200521-probe0,190,225759,Excitatory,18276,3.383757604312947
225759_20200521-probe0,191,225759,Inhibitory,31466,5.82585449646045
225759_20200521-probe0,193,225759,Excitatory,16017,2.9655091676669114
225759_20200521-probe0,194,225759,Excitatory,35597,6.590699247139854
225759_20200521-probe0,195,225759,Excitatory,3664,0.6783808197747121
225759_20200521-probe0,196,225759,Inhibitory,15721,2.9107054769864216
225759_20200521-probe0,197,225759,Excitatory,36929,6.837315855202058
225759_20200521-probe0,198,225759,Excitatory,4985,0.922960804196763
225759_20200521-probe0,199,225759,Excitatory,5693,1.054045307581178
225759_20200521-probe0,200,225759,Excitatory,22732,4.208775326178699
225759_20200521-probe0,201,225759,Excitatory,4152,0.7687328503560602
225759_20200521-probe0,202,225759,Inhibitory,101784,18.845063689942492
225759_20200521-probe0,203,225759,Excitatory,2634,0.48767878801489944
225759_20200521-probe0,204,225759,Excitatory,51800,9.590645869085721
225759_20200521-probe0,205,225759,Excitatory,2076,0.3843664251780301
225759_20200521-probe0,206,225759,Excitatory,1435,0.26568681123818555
225759_20200521-probe0,207,225759,Excitatory,16768,3.104555018008289
225759_20200521-probe0,208,225759,Excitatory,12104,2.2410265945832735
225759_20200521-probe0,209,225759,Excitatory,1791,0.3315993581376936
225759_20200521-probe0,210,225759,Excitatory,4535,0.8396443825541264
225759_20200521-probe0,211,225759,Excitatory,21343,3.9516053047084276
225759_20200521-probe0,212,225759,Inhibitory,19036,3.5244697830871776
225759_20200521-probe0,213,225759,Excitatory,35591,6.5895883615179525
225759_20200521-probe0,214,225759,Excitatory,15449,2.8603453287935388
225759_20200521-probe0,215,225759,Excitatory,5965,1.1044054557740604
225759_20200521-probe0,216,225759,Excitatory,12211,2.260837388173856
225759_20200521-probe0,217,225759,Excitatory,5015,0.9285152323062721
225759_20200521-probe0,218,225759,Excitatory,11044,2.0447701347139517
225759_20200521-probe0,219,225759,Excitatory,15637,2.895153078279796
225759_20200521-probe0,220,225759,Excitatory,5454,1.0097950303087553
225759_20200521-probe0,221,225759,Inhibitory,12848,2.3787764116990995
225759_20200521-probe0,222,225759,Excitatory,28466,5.27041168550954
225759_20200521-probe0,223,225759,Excitatory,6931,1.2832580409002536
225759_20200521-probe0,224,225759,Inhibitory,3529,0.6533858932819211
225759_20200521-probe0,225,225759,Excitatory,32194,5.9606419519178715
225759_20200521-probe0,226,225759,Inhibitory,25102,4.647575146829919
225759_20200521-probe0,227,225759,Inhibitory,22252,4.119904476426553
225759_20200521-probe0,228,225759,Excitatory,13463,2.4926421879440364
225759_20200521-probe0,229,225759,Excitatory,3512,0.6502383840198659
225759_20200521-probe0,230,225759,Excitatory,5611,1.038863204081853
225759_20200521-probe0,231,225759,Inhibitory,3501,0.6482017603797126
225759_20200521-probe0,232,225759,Inhibitory,15536,2.876453170311115
225759_20200521-probe0,233,225759,Excitatory,21723,4.021961394095543
225759_20200521-probe0,234,225759,Excitatory,11425,2.1153113717047174
225759_20200521-probe0,235,225759,Excitatory,1399,0.2590214975067746
225759_20200521-probe0,236,225759,Excitatory,2978,0.5513695636706039
225759_20200521-probe0,237,225759,Excitatory,28062,5.195612053634817
225759_20200521-probe0,238,225759,Excitatory,691,0.12793699412235973
225759_20200521-probe0,239,225759,Excitatory,16124,2.9853199612574937
225759_20200521-probe0,240,225759,Excitatory,20842,3.858846355279626
225759_20200521-probe0,241,225759,Excitatory,55145,10.209964603295987
225759_20200521-probe0,242,225759,Excitatory,993,0.1838515704247514
225759_20200521-probe0,243,225759,Excitatory,11994,2.2206603581817403
225759_20200521-probe0,244,225759,Excitatory,14458,2.676864053576088
225759_20200521-probe0,245,225759,Excitatory,55178,10.216074474216446
225759_20200521-probe0,246,225759,Excitatory,15764,2.9186668239433846
225759_20200521-probe0,247,225759,Excitatory,20986,3.8855076102052695
225759_20200521-probe0,248,225759,Excitatory,19947,3.693139250012604
225759_20200521-probe0,249,225759,Excitatory,3194,0.5913614460590694
225759_20200521-probe0,250,225759,Excitatory,4513,0.8355711352738198
225759_20200521-probe0,251,225759,Excitatory,1871,0.34641116642971786
225759_20200521-probe0,252,225759,Excitatory,1660,0.3073450220595038
225759_20200521-probe0,253,225759,Excitatory,2791,0.5167469617879971
225759_20200521-probe0,254,225759,Inhibitory,31417,5.816782263881585
225759_20200521-probe0,255,225759,Inhibitory,13486,2.496900582827993
225759_20200521-probe0,256,225759,Excitatory,10735,1.987559525186008
225759_20200521-probe0,257,225759,Excitatory,7332,1.3575022299640254
225759_20200521-probe0,258,225759,Excitatory,5719,1.0588591452760858
225759_20200521-probe0,259,225759,Excitatory,6583,1.218826674829948
225759_20200521-probe0,260,225759,Inhibitory,37989,7.03357231507138
225759_20200521-probe0,261,225759,Excitatory,1817,0.3364131958326015
225759_20200521-probe0,262,225759,Excitatory,8003,1.4817362720133789
225759_20200521-probe0,263,225759,Excitatory,7765,1.4376711423446067
225759_20200521-probe0,264,225759,Excitatory,9116,1.6878055548761668
225759_20200521-probe0,265,225759,Inhibitory,51957,9.619714042858819
225759_20200521-probe0,266,225759,Inhibitory,4119,0.7626229794356002
225759_20200521-probe0,267,225759,Excitatory,6909,1.279184793619947
225759_20200521-probe0,268,225759,Excitatory,13588,2.515785638400324
225759_20200521-probe0,269,225759,Inhibitory,14872,2.753515161487314
225759_20200521-probe0,270,225759,Excitatory,3627,0.6715303584396508
225759_20200521-probe0,271,225759,Inhibitory,33436,6.190595275651548
225759_20200521-probe0,272,225759,Inhibitory,5271,0.9759130188407498
225759_20200521-probe0,273,225759,Excitatory,1269,0.23495230903223516
225759_20200521-probe0,274,225759,Excitatory,801,0.1483032305238931
225759_20200521-probe0,275,225759,Excitatory,21308,3.9451251385806674
225759_20200521-probe0,276,225759,Excitatory,1654,0.306234136437602
225759_20200521-probe0,277,225759,Excitatory,45865,8.49179484142117
225759_20200521-probe0,278,225759,Excitatory,1775,0.32863699647928873
225759_20200521-probe0,279,225759,Excitatory,1770,0.3277112584610372
225759_20200521-probe0,280,225759,Excitatory,3237,0.5993227930160324
225759_20200521-probe0,281,225759,Excitatory,62913,11.648191188451545
225759_20200521-probe0,282,225759,Excitatory,3058,0.5661813719626281
225759_20200521-probe0,283,225759,Excitatory,3071,0.5685882908100821
225759_20200521-probe0,284,225759,Inhibitory,83666,15.490559407006293
225759_20200521-probe0,285,225759,Excitatory,44012,8.148716331857157
225759_20200521-probe0,286,225759,Excitatory,952,0.17626051867508893
225759_20200521-probe0,287,225759,Excitatory,3297,0.6104316492350507
225759_20200521-probe0,288,225759,Excitatory,3859,0.7144846024865212
225759_20200521-probe0,289,225759,Excitatory,7309,1.3532438350800684
225759_20200521-probe0,290,225759,Excitatory,21333,3.9497538286719247
225759_20200521-probe0,291,225759,Excitatory,18054,3.3426548363025796
225759_20200521-probe0,292,225759,Excitatory,4646,0.8601957665593101
225759_20200521-probe0,293,225759,Inhibitory,1308,0.242173065574597
225759_20200521-probe0,294,225759,Excitatory,2875,0.5322993604946226
225759_20200521-probe0,295,225759,Excitatory,5012,0.9279597894953212
225759_20200521-probe0,296,225759,Excitatory,20801,3.8512553035299635
225759_20200521-probe0,297,225759,Excitatory,4326,0.800948533391213
225759_20200521-probe0,298,225759,Excitatory,1201,0.2223622719840145
225759_20200521-probe0,299,225759,Excitatory,2575,0.47675507939953155
225759_20200521-probe0,300,225759,Excitatory,61433,11.374172735049095
225759_20200521-probe0,301,225759,Excitatory,4736,0.8768590508878374
225759_20200521-probe0,302,225759,Excitatory,23189,4.293387781046888
225759_20200521-probe0,303,225759,Inhibitory,14260,2.640204828053328
225759_20200521-probe0,304,225759,Inhibitory,26103,4.832907898083873
225759_20200521-probe0,305,225759,Excitatory,33453,6.193742784913603
225759_20200521-probe0,306,225759,Excitatory,26516,4.909373858391448
225759_20200521-probe0,307,225759,Excitatory,64730,11.984604384284147
225759_20200521-probe0,308,225759,Excitatory,30653,5.675329494692753
225759_20200521-probe0,309,225759,Inhibitory,6376,1.1805011208743352
225759_20200521-probe0,310,225759,Excitatory,116383,21.548033555633275
225759_20200521-probe0,311,225759,Excitatory,70058,12.971070816532963
225759_20200521-probe0,312,225759,Excitatory,8174,1.513396512237581
225759_20200521-probe0,313,225759,Inhibitory,568,0.1051638388733724
225759_20200521-probe0,314,225759,Excitatory,2139,0.39603072420799923
225759_20200521-probe0,315,225759,Excitatory,16895,3.1280687636718776
225759_20200521-probe0,316,225759,Excitatory,6269,1.1606903272837528
225759_20200521-probe0,317,225759,Excitatory,22565,4.177855676369099
225759_20200521-probe0,318,225759,Excitatory,7348,1.3604645916224303
225759_20200521-probe0,319,225759,Excitatory,4037,0.7474408759362753
225759_20200521-probe0,320,225759,Excitatory,3682,0.6817134766404175
225759_20200521-probe0,321,225759,Excitatory,7733,1.431746419027797
225759_20200521-probe0,322,225759,Excitatory,33770,6.252434575270749
225759_20200521-probe0,323,225759,Excitatory,7009,1.2976995539849774
225759_20200521-probe0,324,225759,Inhibitory,4859,0.8996322061368247
225759_20200521-probe0,325,225759,Excitatory,35382,6.5508925123550386
225759_20200521-probe0,326,225759,Excitatory,24312,4.501308539946179
225759_20200521-probe0,327,225759,Excitatory,29575,5.4757403779577265
225759_20200521-probe0,328,225759,Excitatory,7974,1.4763669915075202
225759_20200521-probe0,329,225759,Excitatory,8543,1.5817159779845429
225759_20200521-probe0,330,225759,Excitatory,46826,8.669721688529112
225759_20200521-probe0,331,225759,Excitatory,22100,4.091762040671708
225759_20200521-probe0,332,225759,Excitatory,7928,1.4678502017396062
225759_20200521-probe0,333,225759,Excitatory,5983,1.1077381126397658
225759_20200521-probe0,334,225759,Excitatory,32481,6.013779314165508
225759_20200521-probe0,335,225759,Excitatory,19021,3.5216925690324232
225759_20200521-probe0,336,225759,Inhibitory,5876,1.0879273190491834
225759_20200521-probe0,337,225759,Excitatory,5603,1.0373820232526505
225759_20200521-probe0,338,225759,Excitatory,33923,6.280762158629246
225759_20200521-probe0,339,225759,Excitatory,7776,1.4397077659847601
225759_20200521-probe0,340,225759,Excitatory,5853,1.0836689241652264
225759_20200521-probe0,341,225759,Excitatory,4570,0.846124548681887
225759_20200521-probe0,342,225759,Excitatory,10564,1.9558992849618062
225759_20200521-probe0,343,225759,Excitatory,8186,1.5156182834813845
225759_20200521-probe0,344,225759,Excitatory,2689,0.4978619062156661
225759_20200521-probe0,345,225759,Excitatory,5327,0.9862812846451668
225759_20200521-probe0,346,225759,Excitatory,35818,6.631616867546571
225759_20200521-probe0,347,225759,Excitatory,6387,1.1825377445144885
225759_20200521-probe0,348,225759,Excitatory,26947,4.989172475564729
225759_20200521-probe0,349,225759,Inhibitory,20290,3.7566448780646584
225759_20200521-probe0,350,225759,Excitatory,14191,2.6274296434014572
225759_20200521-probe0,351,225759,Excitatory,5050,0.9349953984340327
225759_20200521-probe0,352,225759,Excitatory,33493,6.2011486890596155
225759_20200521-probe0,353,225759,Excitatory,32907,6.0926521933205375
225759_20200521-probe0,354,225759,Excitatory,11521,2.133085541655147
225759_20200521-probe0,355,225759,Excitatory,12261,2.2700947683563713
225759_20200521-probe0,356,225759,Excitatory,8460,1.5663487268815677
225759_20200521-probe0,357,225759,Excitatory,26603,4.9254816999090245
225759_20200521-probe0,358,225759,Excitatory,4095,0.7581794369479928
225759_20200521-probe0,359,225759,Excitatory,9283,1.7187252046857675
225759_20200521-probe0,360,225759,Excitatory,12514,2.316937112079898
225759_20200521-probe0,361,225759,Excitatory,37722,6.984137904896749
225759_20200521-probe0,362,225759,Inhibitory,110821,20.518242584130284
225759_20200521-probe0,363,225759,Excitatory,3751,0.6944886612922885
225759_20200521-probe0,364,225759,Excitatory,13982,2.5887337942385438
225759_20200521-probe0,365,225759,Excitatory,44246,8.19204087111133
225759_20200521-probe0,366,225759,Excitatory,28570,5.289667036289171
225759_20200521-probe0,367,225759,Excitatory,9056,1.6766966986571485
225759_20200521-probe0,368,225759,Excitatory,1312,0.2429136559891982
225759_20200521-probe0,369,225759,Excitatory,3611,0.668567996781246
225759_20200521-probe0,370,225759,Excitatory,312,0.057766052338894695
225759_20200521-probe0,371,225759,Excitatory,2053,0.3801080302940731
225759_20200521-probe0,372,225759,Excitatory,1643,0.30419751279744867
225759_20200521-probe0,373,225759,Excitatory,62570,11.58468556039949
225759_20200521-probe0,374,225759,Excitatory,21804,4.036958349991218
225759_20200521-probe0,375,225759,Excitatory,1102,0.20403265922263447
225759_20200521-probe0,376,225759,Excitatory,15927,2.948845883338384
225759_20200521-probe0,377,225759,Excitatory,9069,1.6791036175046026
225759_20200521-probe0,378,225759,Excitatory,1278,0.23661863746508788
225759_20200521-probe0,379,225759,Excitatory,380,0.07035608938711534
225759_20200521-probe0,380,225759,Excitatory,6588,1.2197524128481996
225759_20200521-probe0,381,225759,Excitatory,1438,0.26624225404913643
225759_20200521-probe0,382,225759,Excitatory,6321,1.1703180026735684
225759_20200521-probe0,383,225759,Excitatory,35096,6.497940297711052
225759_20200521-probe0,384,225759,Excitatory,6558,1.2141979847386903
225759_20200521-probe0,385,225759,Excitatory,13312,2.4646848997928403
225759_20200521-probe0,386,225759,Excitatory,9557,1.7694556480859507
225759_20200521-probe0,387,225759,Excitatory,4016,0.7435527762596189
225759_20200521-probe0,388,225759,Excitatory,1967,0.364185336380147
225759_20200521-probe0,389,225759,Excitatory,18781,3.4772571441563502
225759_20200521-probe0,390,225759,Excitatory,777,0.14385968803628582
225759_20200521-probe0,391,225759,Excitatory,30438,5.635522759907938
225759_20200521-probe0,392,225759,Excitatory,3847,0.7122628312427176
225759_20200521-probe0,394,225759,Excitatory,4698,0.8698234419491259
225759_20200521-probe0,395,225759,Excitatory,4182,0.7742872784655693
225759_20200521-probe0,396,225759,Excitatory,13591,2.516341081211275
225759_20200521-probe0,397,225759,Excitatory,2865,0.5304478844581195
225759_20200521-probe0,398,225759,Excitatory,3506,0.6491274983979641
225759_20200521-probe0,399,225759,Excitatory,8759,1.6217078603730084
225759_20200521-probe0,400,225759,Excitatory,7189,1.331026122642032
225759_20200521-probe0,401,225759,Excitatory,1347,0.24939382211695882
225759_20200521-probe0,402,225759,Excitatory,2048,0.37918229227582156
225759_20200521-probe0,403,225759,Excitatory,2291,0.4241731599628453
225759_20200521-probe0,404,225759,Excitatory,792,0.14663690209104038
225759_20200521-probe0,405,225759,Excitatory,2100,0.38880996766563736
225759_20200521-probe0,406,225759,Excitatory,1751,0.3241934539916814
225759_20200521-probe0,407,225759,Excitatory,13059,2.4178425560693135
225759_20200521-probe0,408,225759,Excitatory,6286,1.1638378365458077
225759_20200521-probe0,409,225759,Excitatory,3280,0.6072841399729955
225759_20200521-probe0,410,225759,Excitatory,674,0.12478948486030457
225759_20200521-probe0,411,225759,Inhibitory,731,0.13534289826837187
225759_20200521-probe0,412,225759,Excitatory,6715,1.2432661585117881
225759_20200521-probe0,413,225759,Excitatory,11446,2.119199471381374
225759_20200521-probe0,414,225759,Excitatory,930,0.17218727139478227
225759_20200521-probe0,415,225759,Excitatory,4671,0.8648244566505677
225759_20200521-probe0,416,225759,Excitatory,14526,2.689454090624309
225759_20200521-probe0,417,225759,Excitatory,15722,2.910890624590072
225759_20200521-probe0,418,225759,Inhibitory,1317,0.24383939400744972
225759_20200521-probe0,419,225759,Excitatory,781,0.14460027845088705
225759_20200521-probe0,420,225759,Excitatory,1094,0.20255147839343204
225759_20200521-probe0,421,225759,Excitatory,52604,9.739504542420566
225759_20200521-probe0,422,225759,Excitatory,6134,1.1356954007909617
225759_20200521-probe0,423,225759,Excitatory,5134,0.9505477971406582
225759_20200521-probe0,424,225759,Excitatory,3484,0.6450542511176575
225759_20200521-probe0,425,225759,Excitatory,3268,0.6050623687291918
225759_20200521-probe0,426,225759,Excitatory,42140,7.80212001782379
225759_20200521-probe0,427,225759,Inhibitory,46376,8.586405266886475
225759_20200521-probe0,428,225759,Excitatory,23739,4.395218963054555
225759_20200521-probe0,429,225759,Excitatory,12395,2.294904547245512
225759_20200521-probe0,430,225759,Excitatory,1997,0.3697397644896561
225759_20200521-probe0,431,225759,Excitatory,1952,0.36140812232539243
225759_20200521-probe0,432,225759,Excitatory,3780,0.6998579417981473
225759_20200521-probe0,433,225759,Excitatory,4515,0.8359414304811204
225759_20200521-probe0,434,225759,Excitatory,2519,0.4663868135951145
225759_20200521-probe0,435,225759,Excitatory,23080,4.273206692249005
225759_20200521-probe0,436,225759,Excitatory,957,0.17718625669334045
225759_20200521-probe0,437,225759,Excitatory,19256,3.5652022558902443
225759_20200521-probe0,438,225759,Excitatory,43158,7.990600278339799
225759_20200521-probe0,439,225759,Excitatory,67113,12.42581112378282
225759_20200521-probe0,440,225759,Excitatory,88057,16.303542534634776
225759_20200521-probe0,441,225759,Excitatory,103196,19.10649210629672
225759_20200521-probe0,442,225759,Excitatory,45004,8.332382754678259
225759_20200521-probe0,443,225759,Excitatory,32396,5.9980417678552325
225759_20200521-probe0,444,225759,Excitatory,15191,2.8125772470517605
225759_20200521-probe0,445,225759,Excitatory,826,0.1529319206151507
225759_20200521-probe0,446,225759,Excitatory,30399,5.628302003365576
225759_20200521-probe0,447,225759,Excitatory,9703,1.796487198218895
225759_20200521-probe0,448,225759,Excitatory,18430,3.412270335275094
225759_20200521-probe0,449,225759,Excitatory,4164,0.7709546215998638
225759_20200521-probe0,450,225759,Excitatory,4579,0.8477908771147398
225759_20200521-probe0,451,225759,Excitatory,19747,3.6561097292825435
225759_20200521-probe0,452,225759,Excitatory,31890,5.904357080408179
225759_20200521-probe0,453,225759,Excitatory,4016,0.7435527762596189
225759_20200521-probe0,454,225759,Excitatory,2662,0.4928629209171079
225759_20200521-probe0,455,225759,Excitatory,14024,2.5965099935918565
225759_20200521-probe0,456,225759,Excitatory,2245,0.4156563701949314
225759_20200521-probe0,457,225759,Excitatory,23507,4.352264719007684
225759_20200521-probe0,458,225759,Excitatory,24447,4.52630346643897
225759_20200521-probe0,459,225759,Excitatory,2343,0.4338008353526611
225759_20200521-probe0,460,225759,Excitatory,3070,0.5684031432064318
225759_20200521-probe0,461,225759,Excitatory,4556,0.8435324822307828
225759_20200521-probe0,462,225759,Excitatory,917,0.16978035254732832
225759_20200521-probe0,463,225759,Excitatory,7693,1.424340514881785
225759_20200521-probe0,464,225759,Excitatory,6187,1.1455082237844278
225759_20200521-probe0,465,225759,Excitatory,716,0.1325656842136173
225759_20200521-probe0,466,225759,Excitatory,5550,1.0275692002591845
225759_20200521-probe0,467,225759,Excitatory,7088,1.3123262146733512
225759_20200521-probe0,468,225759,Excitatory,3094,0.5728466856940391
225759_20200521-probe0,469,225759,Excitatory,10733,1.9871892299787075
225759_20200521-probe0,470,225759,Excitatory,1031,0.19088717936346292
225759_20200521-probe0,471,225759,Excitatory,4577,0.8474205819074392
225759_20200521-probe0,472,225759,Excitatory,2047,0.37899714467217127
225759_20200521-probe0,473,225759,Excitatory,1993,0.3689991740750549
258412_20200915-probe0,1,258412,Excitatory,86371,19.530342569593802
258412_20200915-probe0,2,258412,Excitatory,40992,9.269173711231653
258412_20200915-probe0,3,258412,Inhibitory,21054,4.760762668722464
258412_20200915-probe0,4,258412,Excitatory,33878,7.660545154886464
258412_20200915-probe0,5,258412,Excitatory,18649,4.2169403918022805
258412_20200915-probe0,6,258412,Excitatory,71126,16.083119862047777
258412_20200915-probe0,7,258412,Excitatory,62033,14.026996800078871
258412_20200915-probe0,8,258412,Excitatory,125415,28.35903154259655
258412_20200915-probe0,9,258412,Excitatory,12934,2.9246558543391443
258412_20200915-probe0,10,258412,Inhibitory,17747,4.012978772766104
258412_20200915-probe0,11,258412,Excitatory,37868,8.562770055057578
258412_20200915-probe0,12,258412,Excitatory,32436,7.334477910263219
258412_20200915-probe0,13,258412,Inhibitory,111055,25.111926388096
258412_20200915-probe0,14,258412,Excitatory,64976,14.692472459528393
258412_20200915-probe0,15,258412,Excitatory,2354,0.5322900789480706
258412_20200915-probe0,16,258412,Excitatory,33788,7.640194217288619
258412_20200915-probe0,17,258412,Excitatory,7787,1.760808345271294
258412_20200915-probe0,18,258412,Excitatory,87911,19.87856972404581
258412_20200915-probe0,19,258412,Excitatory,13256,2.997466986633655
258412_20200915-probe0,20,258412,Excitatory,80740,18.257052240555318
258412_20200915-probe0,21,258412,Excitatory,33797,7.642229311048403
258412_20200915-probe0,22,258412,Excitatory,62980,14.241133887913971
258412_20200915-probe0,23,258412,Excitatory,17436,3.9426549772891075
258412_20200915-probe0,24,258412,Excitatory,2264,0.5119391413502259
258412_20200915-probe0,25,258412,Excitatory,30274,6.845603164857217
258412_20200915-probe0,26,258412,Excitatory,30456,6.8867572831106365
258412_20200915-probe0,27,258412,Excitatory,41042,9.2804797876749
258412_20200915-probe0,28,258412,Inhibitory,26453,5.981592803064279
258412_20200915-probe0,29,258412,Excitatory,62899,14.222818044075911
258412_20200915-probe0,30,258412,Excitatory,34382,7.774510405434394
258412_20200915-probe0,31,258412,Excitatory,26362,5.961015743937569
258412_20200915-probe0,32,258412,Excitatory,6166,1.394265346981225
258412_20200915-probe0,33,258412,Inhibitory,4755,1.0752078697527934
258412_20200915-probe0,34,258412,Excitatory,14476,3.273335251848883
258412_20200915-probe0,35,258412,Excitatory,48788,11.032017150262732
258412_20200915-probe0,36,258412,Excitatory,80811,18.27310686910473
258412_20200915-probe0,37,258412,Excitatory,43481,9.83199019657649
258412_20200915-probe0,38,258412,Excitatory,85979,19.441702930278744
258412_20200915-probe0,39,258412,Excitatory,1332,0.30119387644810114
258412_20200915-probe0,40,258412,Excitatory,19537,4.417736309434348
258412_20200915-probe0,41,258412,Excitatory,38466,8.697990729318812
258412_20200915-probe0,42,258412,Excitatory,32177,7.2759124342872
258412_20200915-probe0,43,258412,Excitatory,13676,3.09243802875693
258412_20200915-probe0,44,258412,Excitatory,38459,8.696407878616757
258412_20200915-probe0,45,258412,Excitatory,18013,4.073127099444179
258412_20200915-probe0,46,258412,Excitatory,15758,3.563223051853737
258412_20200915-probe0,47,258412,Excitatory,15502,3.5053359404643123
258412_20200915-probe0,48,258412,Excitatory,14428,3.2624814184633655
258412_20200915-probe0,49,258412,Excitatory,63042,14.255153422703597
258412_20200915-probe0,50,258412,Excitatory,16824,3.8042686016237637
258412_20200915-probe0,51,258412,Inhibitory,28490,6.442202357362163
258412_20200915-probe0,52,258412,Excitatory,4293,0.9707397234171908
258412_20200915-probe0,53,258412,Excitatory,17763,4.0165967172279435
258412_20200915-probe0,54,258412,Excitatory,994,0.22476479969175114
258412_20200915-probe0,56,258412,Excitatory,11313,2.558112856049075
258412_20200915-probe0,57,258412,Excitatory,15454,3.494482107078795
258412_20200915-probe0,58,258412,Excitatory,3549,0.8025053059416749
258412_20200915-probe0,59,258412,Excitatory,8246,1.8645981270203018
258412_20200915-probe0,60,258412,Inhibitory,51843,11.722818420945126
258412_20200915-probe0,61,258412,Excitatory,7105,1.6065934625854044
258412_20200915-probe0,62,258412,Excitatory,5306,1.1998008321573759
258412_20200915-probe0,63,258412,Inhibitory,6415,1.4505696076685952
258412_20200915-probe0,64,258412,Excitatory,29645,6.70337272320117
258412_20200915-probe0,65,258412,Excitatory,2058,0.4653581064040481
258412_20200915-probe0,66,258412,Excitatory,7384,1.6696813691387227
258412_20200915-probe0,67,258412,Excitatory,12448,2.814760791310783
258412_20200915-probe0,68,258412,Excitatory,71309,16.124500101830062
258412_20200915-probe0,69,258412,Inhibitory,20906,4.7272966824504525
258412_20200915-probe0,70,258412,Inhibitory,1078,0.24375900811640616
258412_20200915-probe0,71,258412,Excitatory,39475,8.926147351943538
258412_20200915-probe0,72,258412,Excitatory,14846,3.357000217528911
258412_20200915-probe0,73,258412,Excitatory,6966,1.5751625700731775
258412_20200915-probe0,74,258412,Excitatory,3185,0.7201970694348364
258412_20200915-probe0,76,258412,Excitatory,41290,9.336557926833406
258412_20200915-probe0,77,258412,Inhibitory,25936,5.8646879726411045
258412_20200915-probe0,78,258412,Excitatory,15605,3.528626457937401
258412_20200915-probe0,79,258412,Excitatory,15830,3.5795038019320127
258412_20200915-probe0,80,258412,Inhibitory,79632,18.006509586572964
258412_20200915-probe0,81,258412,Excitatory,12074,2.730191339515295
258412_20200915-probe0,82,258412,Excitatory,3566,0.8063493719323789
258412_20200915-probe0,83,258412,Inhibitory,153115,34.62259789215541
258412_20200915-probe0,84,258412,Inhibitory,194405,43.95915581898881
258412_20200915-probe0,85,258412,Excitatory,1391,0.31453504665113263
258412_20200915-probe0,86,258412,Inhibitory,29715,6.7192012302217154
258412_20200915-probe0,87,258412,Inhibitory,17718,4.006421248429021
258412_20200915-probe0,88,258412,Inhibitory,33846,7.653309265962786
258412_20200915-probe0,89,258412,Excitatory,16224,3.6685956843047993
258412_20200915-probe0,90,258412,Inhibitory,16811,3.8013290217485194
258412_20200915-probe0,91,258412,Excitatory,3464,0.7832849759881549
258412_20200915-probe0,92,258412,Excitatory,7072,1.5991314521328612
258412_20200915-probe0,93,258412,Excitatory,6439,1.4559965243613537
258412_20200915-probe0,94,258412,Excitatory,1188,0.2686323762915497
258412_20200915-probe0,95,258412,Excitatory,1224,0.2767727513306875
258412_20200915-probe0,96,258412,Excitatory,7537,1.7042779630550586
258412_20200915-probe0,97,258412,Inhibitory,30527,6.902811911660048
258412_20200915-probe0,98,258412,Excitatory,10313,2.3319913271841344
258412_20200915-probe0,99,258412,Excitatory,3803,0.8599401742733698
258412_20200915-probe0,100,258412,Inhibitory,94142,21.287532970403255
258412_20200915-probe0,101,258412,Excitatory,12560,2.8400864025436565
258412_20200915-probe0,102,258412,Excitatory,16633,3.7610793896105603
258412_20200915-probe0,103,258412,Excitatory,21610,4.88648623877137
258412_20200915-probe0,104,258412,Excitatory,20586,4.654937793213671
258412_20200915-probe0,105,258412,Excitatory,49461,11.184196939188837
258412_20200915-probe0,106,258412,Excitatory,63854,14.43876410414193
258412_20200915-probe0,107,258412,Excitatory,1075,0.24308064352981135
258412_20200915-probe0,108,258412,Excitatory,82061,18.555758780185904
258412_20200915-probe0,109,258412,Excitatory,68317,15.44794448746616
258412_20200915-probe0,110,258412,Excitatory,1077,0.24353288658754124
258412_20200915-probe0,111,258412,Excitatory,9476,2.142727607524179
258412_20200915-probe0,112,258412,Inhibitory,43202,9.768902290023172
258412_20200915-probe0,113,258412,Inhibitory,147036,33.24800511818543
258412_20200915-probe0,114,258412,Excitatory,913,0.20644895585369094
258412_20200915-probe0,115,258412,Inhibitory,28987,6.554584757208039
258412_20200915-probe0,116,258412,Excitatory,2531,0.5723135895571652
258412_20200915-probe0,117,258412,Excitatory,2467,0.557841811709809
258412_20200915-probe0,118,258412,Excitatory,28253,6.388611555021172
258412_20200915-probe0,119,258412,Excitatory,13564,3.067112417524057
258412_20200915-probe0,120,258412,Inhibitory,48094,10.875088809230462
258412_20200915-probe0,121,258412,Excitatory,742,0.16778217441778606
258412_20200915-probe0,122,258412,Inhibitory,54676,12.363420712219503
258412_20200915-probe0,123,258412,Excitatory,2120,0.4793776411936745
258412_20200915-probe0,124,258412,Excitatory,2400,0.5426916692758579
258412_20200915-probe0,125,258412,Inhibitory,23565,5.32855382770233
258412_20200915-probe0,126,258412,Excitatory,3090,0.698715524192667
258412_20200915-probe0,127,258412,Excitatory,7871,1.779802553695949
258412_20200915-probe0,128,258412,Excitatory,8310,1.879069904867658
258412_20200915-probe0,129,258412,Excitatory,1153,0.2607181227812767
258412_20200915-probe0,130,258412,Excitatory,2025,0.4578960959515051
258412_20200915-probe0,131,258412,Excitatory,3732,0.843885545723959
258412_20200915-probe0,132,258412,Excitatory,2278,0.5151048427543351
258412_20200915-probe0,133,258412,Excitatory,42700,9.65538928253297
258412_20200915-probe0,134,258412,Inhibitory,4099,0.9268721468173923
258412_20200915-probe0,135,258412,Excitatory,9045,2.0452692285833893
258412_20200915-probe0,136,258412,Excitatory,6082,1.37527113855657
258412_20200915-probe0,137,258412,Excitatory,9362,2.1169497532335755
258412_20200915-probe0,138,258412,Excitatory,14907,3.3707936307896724
258412_20200915-probe0,139,258412,Excitatory,17562,3.9711462899260903
258412_20200915-probe0,140,258412,Excitatory,17194,3.887933567303792
258412_20200915-probe0,141,258412,Excitatory,15434,3.489959676501496
258412_20200915-probe0,142,258412,Excitatory,4094,0.9257415391730676
258412_20200915-probe0,143,258412,Excitatory,3427,0.7749184794201521
258412_20200915-probe0,144,258412,Excitatory,12757,2.8846323437300496
258412_20200915-probe0,145,258412,Excitatory,3034,0.6860527185762304
258412_20200915-probe0,146,258412,Excitatory,1511,0.3416696301149255
258412_20200915-probe0,147,258412,Excitatory,18712,4.231186048120772
258412_20200915-probe0,148,258412,Excitatory,6985,1.5794588791216113
258412_20200915-probe0,149,258412,Excitatory,23144,5.23335666405019
258412_20200915-probe0,150,258412,Excitatory,9289,2.100442881626435
258412_20200915-probe0,151,258412,Excitatory,44703,10.108310704849448
258412_20200915-probe0,152,258412,Excitatory,4393,0.9933518763036849
258412_20200915-probe0,153,258412,Inhibitory,64114,14.497555701646814
258412_20200915-probe0,154,258412,Excitatory,6512,1.4725033959684943
258412_20200915-probe0,155,258412,Excitatory,11790,2.665972825317652
258412_20200915-probe0,156,258412,Excitatory,22037,4.983040131596701
258412_20200915-probe0,157,258412,Excitatory,13345,3.017591802702635
258412_20200915-probe0,158,258412,Excitatory,14488,3.276048710195262
258412_20200915-probe0,159,258412,Inhibitory,69416,15.69645204768873
258412_20200915-probe0,160,258412,Excitatory,8266,1.8691205575976007
258412_20200915-probe0,161,258412,Excitatory,22756,5.145621510850592
258412_20200915-probe0,162,258412,Excitatory,7265,1.6427729072037949
258412_20200915-probe0,163,258412,Excitatory,25937,5.864914094169969
258412_20200915-probe0,164,258412,Excitatory,30501,6.896932751909559
258412_20200915-probe0,165,258412,Excitatory,4125,0.9327513065678807
258412_20200915-probe0,166,258412,Excitatory,1674,0.3785274393199109
258412_20200915-probe0,167,258412,Excitatory,6561,1.4835833508828764
258412_20200915-probe0,168,258412,Excitatory,14759,3.337327644517661
258412_20200915-probe0,169,258412,Inhibitory,3184,0.7199709479059715
258412_20200915-probe0,170,258412,Excitatory,2804,0.634044766937294
258412_20200915-probe0,171,258412,Inhibitory,22911,5.180670347824658
258412_20200915-probe0,172,258412,Excitatory,12265,2.773380551528499
258412_20200915-probe0,173,258412,Excitatory,5357,1.2113330301294878
258412_20200915-probe0,174,258412,Excitatory,8851,2.001401651983591
258412_20200915-probe0,175,258412,Excitatory,5133,1.160681807663741
258412_20200915-probe0,176,258412,Excitatory,5990,1.3544679579009953
258412_20200915-probe0,177,258412,Excitatory,45198,10.220240861637594
258412_20200915-probe0,178,258412,Inhibitory,22205,5.02102854844601
258412_20200915-probe0,179,258412,Excitatory,10172,2.3001081916141777
258412_20200915-probe0,180,258412,Excitatory,19637,4.440348462320842
258412_20200915-probe0,181,258412,Excitatory,12521,2.8312676629179236
258412_20200915-probe0,182,258412,Inhibitory,138836,31.39380858149292
258412_20200915-probe0,183,258412,Excitatory,8856,2.0025322596279156
258412_20200915-probe0,184,258412,Excitatory,14315,3.2369296857016274
258412_20200915-probe0,185,258412,Excitatory,13315,3.0108081568366867
258412_20200915-probe0,186,258412,Excitatory,19917,4.503662490403026
258412_20200915-probe0,187,258412,Excitatory,6492,1.4679809653911955
258412_20200915-probe0,188,258412,Excitatory,14944,3.3791601273576752
258412_20200915-probe0,189,258412,Excitatory,13094,2.9608352989575346
258412_20200915-probe0,190,258412,Excitatory,3217,0.7274329583585145
258412_20200915-probe0,191,258412,Excitatory,19292,4.362336534862438
258412_20200915-probe0,192,258412,Excitatory,7095,1.604332247296755
258412_20200915-probe0,193,258412,Inhibitory,704,0.1591895563209183
258412_20200915-probe0,194,258412,Excitatory,4854,1.0975939011104225
258412_20200915-probe0,195,258412,Excitatory,16473,3.7248999449921696
258412_20200915-probe0,196,258412,Excitatory,8161,1.8453777970667817
258412_20200915-probe0,197,258412,Inhibitory,34855,7.8814658885875115
258412_20200915-probe0,198,258412,Excitatory,7851,1.7752801231186501
258412_20200915-probe0,199,258412,Excitatory,971,0.21956400452785751
258412_20200915-probe0,200,258412,Excitatory,51030,11.538981617977928
258412_20200915-probe0,201,258412,Excitatory,34958,7.9047564060606
258412_20200915-probe0,202,258412,Excitatory,13800,3.120477098336183
258412_20200915-probe0,203,258412,Excitatory,3242,0.7330859965801381
258412_20200915-probe0,204,258412,Excitatory,13910,3.1453504665113265
258412_20200915-probe0,205,258412,Excitatory,22473,5.081629118181814
258412_20200915-probe0,206,258412,Excitatory,33260,7.520802050047931
258412_20200915-probe0,207,258412,Excitatory,1076,0.2433067650586763
258412_20200915-probe0,208,258412,Excitatory,1314,0.2971236889285322
258412_20200915-probe0,209,258412,Excitatory,7447,1.683927025457214
258412_20200915-probe0,210,258412,Excitatory,7321,1.6554357128202315
258412_20200915-probe0,211,258412,Excitatory,4064,0.9189578933071194
258412_20200915-probe0,212,258412,Excitatory,3444,0.7787625454108561
258412_20200915-probe0,213,258412,Excitatory,8207,1.8557793873945692
258412_20200915-probe0,214,258412,Excitatory,3314,0.7493667466584137
258412_20200915-probe0,215,258412,Excitatory,2111,0.47734254743389
258412_20200915-probe0,216,258412,Excitatory,1868,0.4223950159197094
258412_20200915-probe0,217,258412,Excitatory,1599,0.3615683246550403
258412_20200915-probe0,218,258412,Excitatory,13900,3.143089251222677
258412_20200915-probe0,219,258412,Excitatory,3376,0.7633862814480401
258412_20200915-probe0,220,258412,Excitatory,3555,0.8038620351148645
258412_20200915-probe0,221,258412,Excitatory,3118,0.7050469270008853
258412_20200915-probe0,222,258412,Excitatory,1519,0.34347860234584504
258412_20200915-probe0,223,258412,Excitatory,1527,0.34528757457676457
258412_20200915-probe0,224,258412,Excitatory,686,0.15511936880134938
258412_20200915-probe0,225,258412,Excitatory,1362,0.30797752231404935
258412_20200915-probe0,226,258412,Excitatory,2247,0.5080950753595219
258412_20200915-probe0,227,258412,Excitatory,12373,2.7978016766459124
258412_20200915-probe0,228,258412,Excitatory,4669,1.0557614182704085
258412_20200915-probe0,229,258412,Excitatory,3779,0.8545132575806113
258412_20200915-probe0,230,258412,Excitatory,17817,4.02880727978665
258412_20200915-probe0,231,258412,Excitatory,4198,0.9492581781750214
258412_20200915-probe0,232,258412,Excitatory,5504,1.244572894872634
258412_20200915-probe0,233,258412,Excitatory,2886,0.6525867323042192
258412_20200915-probe0,234,258412,Excitatory,2986,0.6751988851907131
258412_20200915-probe0,235,258412,Excitatory,21348,4.827242398208756
258412_20200915-probe0,236,258412,Inhibitory,6757,1.527903170540405
258412_20200915-probe0,237,258412,Excitatory,1200,0.27134583463792894
258412_20200915-probe0,238,258412,Excitatory,5545,1.2538438775560967
258412_20200915-probe0,239,258412,Inhibitory,2669,0.603518360540527
258412_20200915-probe0,240,258412,Excitatory,519,0.11735707348090427
258412_20200915-probe0,241,258412,Excitatory,1705,0.385537206714724
258412_20200915-probe0,242,258412,Excitatory,5973,1.3506238919102913
258412_20200915-probe0,244,258412,Excitatory,33896,7.664615342406033
258412_20200915-probe0,245,258412,Excitatory,18335,4.14593823173869
258412_20200915-probe0,246,258412,Excitatory,4169,0.9427006538379381
258412_20200915-probe0,247,258412,Excitatory,5525,1.2493214469787979
258412_20200915-probe0,248,258412,Inhibitory,18000,4.070187519568934
258412_20200915-probe0,249,258412,Excitatory,2899,0.6555263121794633
258412_20200915-probe0,250,258412,Excitatory,17178,3.8843156228419526
258412_20200915-probe0,251,258412,Excitatory,27826,6.292057662195842
258412_20200915-probe0,252,258412,Excitatory,27115,6.13128525517287
258412_20200915-probe0,253,258412,Excitatory,17237,3.8976567930449844
258412_20200915-probe0,254,258412,Excitatory,10318,2.333121934828459
258412_20200915-probe0,255,258412,Excitatory,17948,4.058429200067957
258412_20200915-probe0,256,258412,Excitatory,6073,1.3732360447967855
258412_20200915-probe0,257,258412,Excitatory,11493,2.5988147312447647
258412_20200915-probe0,258,258412,Excitatory,2710,0.6127893432239896
258412_20200915-probe0,259,258412,Excitatory,1814,0.41018445336100257
258412_20200915-probe0,260,258412,Excitatory,1285,0.2905661645914489
258412_20200915-probe0,261,258412,Excitatory,9783,2.2121469168857155
258412_20200915-probe0,262,258412,Excitatory,16594,3.7522606499848274
258412_20200915-probe0,263,258412,Excitatory,2127,0.48096049189572904
258412_20200915-probe0,264,258412,Excitatory,16921,3.826202389923663
258412_20200915-probe0,265,258412,Excitatory,757,0.17117399735076017
258412_20200915-probe0,266,258412,Excitatory,5338,1.207036721081054
258412_20200915-probe0,267,258412,Excitatory,5753,1.3008771555600043
258412_20200915-probe0,268,258412,Excitatory,1299,0.29373186599555806
258412_20200915-probe0,269,258412,Excitatory,13981,3.1614050950607373
258412_20200915-probe0,270,258412,Excitatory,27850,6.297484578888601
258412_20200915-probe0,271,258412,Excitatory,22585,5.106954729414688
258412_20200915-probe0,272,258412,Excitatory,12146,2.746472089593571
258412_20200915-probe0,273,258412,Excitatory,9230,2.0871017114234034
258412_20200915-probe0,274,258412,Excitatory,4455,1.0073714110933112
258412_20200915-probe0,275,258412,Excitatory,3975,0.8988330772381397
258412_20200915-probe0,276,258412,Excitatory,21974,4.968794475278209
258412_20200915-probe0,277,258412,Excitatory,17718,4.006421248429021
258412_20200915-probe0,278,258412,Excitatory,5184,1.172214005635853
258412_20200915-probe0,279,258412,Excitatory,2566,0.580227843067438
258412_20200915-probe0,280,258412,Excitatory,16081,3.636260305677113
258412_20200915-probe0,281,258412,Excitatory,8711,1.9697446379424992
258412_20200915-probe0,282,258412,Excitatory,2527,0.5714091034417054
258412_20200915-probe0,283,258412,Excitatory,4374,0.989055567255251
258412_20200915-probe0,284,258412,Excitatory,7396,1.6723948274851022
258412_20200915-probe0,285,258412,Excitatory,1821,0.41176730406305717
258412_20200915-probe0,286,258412,Excitatory,46178,10.441839959925236
258412_20200915-probe0,287,258412,Excitatory,6979,1.5781021499484218
258412_20200915-probe0,288,258412,Excitatory,17645,3.98991437682188
258412_20200915-probe0,289,258412,Excitatory,13076,2.956765111437966
258412_20200915-probe0,290,258412,Excitatory,5989,1.3542418363721305
258412_20200915-probe0,291,258412,Excitatory,32516,7.3525676325724145
258412_20200915-probe0,292,258412,Excitatory,3791,0.8572267159269905
258412_20200915-probe0,293,258412,Excitatory,12588,2.8464178053518747
258412_20200915-probe0,294,258412,Excitatory,5372,1.214724853062462
258412_20200915-probe0,295,258412,Excitatory,8816,1.993487398473318
258412_20200915-probe0,296,258412,Excitatory,4405,0.9960653346500642
258412_20200915-probe0,297,258412,Excitatory,5941,1.3433880029866132
258412_20200915-probe0,298,258412,Excitatory,15688,3.547394544833191
258412_20200915-probe0,299,258412,Excitatory,6266,1.416877499867719
258412_20200915-probe0,300,258412,Excitatory,5334,1.206132234965594
258412_20200915-probe0,301,258412,Excitatory,6614,1.4955677919127184
258412_20200915-probe0,302,258412,Excitatory,29751,6.727341605260853
258412_20200915-probe0,303,258412,Excitatory,5579,1.2615320095375047
258412_20200915-probe0,304,258412,Excitatory,11517,2.604241647937523
258412_20200915-probe0,305,258412,Excitatory,27600,6.240954196672366
258412_20200915-probe0,306,258412,Excitatory,38061,8.606411510128511
258412_20200915-probe0,307,258412,Excitatory,2034,0.45993118971128955
258412_20200915-probe0,308,258412,Excitatory,21341,4.825659547506701
258412_20200915-probe0,309,258412,Excitatory,19099,4.318695079791504
258412_20200915-probe0,311,258412,Excitatory,293,0.06625360795742766
258414_20200915-probe0,0,258414,Excitatory,32814,7.49221381941967
258414_20200915-probe0,1,258414,Excitatory,1285,0.293395951665578
258414_20200915-probe0,2,258414,Excitatory,1659,0.3787890146406178
258414_20200915-probe0,3,258414,Excitatory,14943,3.4118410161390913
258414_20200915-probe0,4,258414,Excitatory,19791,4.5187543030454895
258414_20200915-probe0,5,258414,Excitatory,13379,3.0547427527889246
258414_20200915-probe0,6,258414,Inhibitory,51404,11.736751361414298
258414_20200915-probe0,7,258414,Excitatory,2035,0.4646387250112461
258414_20200915-probe0,8,258414,Excitatory,70335,16.059147284356754
258414_20200915-probe0,9,258414,Inhibitory,22770,5.198930598774483
258414_20200915-probe0,10,258414,Inhibitory,4802,1.0964103968078642
258414_20200915-probe0,11,258414,Inhibitory,5143,1.1742687777556948
258414_20200915-probe0,12,258414,Excitatory,32639,7.452257172305681
258414_20200915-probe0,13,258414,Excitatory,3440,0.785433520412131
258414_20200915-probe0,14,258414,Inhibitory,80883,18.46750564869023
258414_20200915-probe0,15,258414,Excitatory,11328,2.586450848612971
258414_20200915-probe0,16,258414,Inhibitory,27693,6.322968163015449
258414_20200915-probe0,17,258414,Inhibitory,11069,2.527315010884267
258414_20200915-probe0,18,258414,Excitatory,28736,6.561109779814824
258414_20200915-probe0,19,258414,Inhibitory,79852,18.232103916264386
258414_20200915-probe0,20,258414,Inhibitory,18924,4.320797657057898
258414_20200915-probe0,21,258414,Excitatory,2189,0.4998005744715566
258414_20200915-probe0,22,258414,Excitatory,61648,14.075699321618329
258414_20200915-probe0,23,258414,Excitatory,3545,0.8094075086805246
258414_20200915-probe0,24,258414,Inhibitory,48906,11.166398764324326
258414_20200915-probe0,25,258414,Excitatory,8987,2.051945072076692
258414_20200915-probe0,26,258414,Inhibitory,78036,17.817468081070075
258414_20200915-probe0,27,258414,Inhibitory,71177,16.25139583789949
258414_20200915-probe0,28,258414,Inhibitory,20611,4.705979735236753
258414_20200915-probe0,29,258414,Excitatory,779,0.1778641605817006
258414_20200915-probe0,30,258414,Excitatory,2118,0.4835895919281667
258414_20200915-probe0,31,258414,Excitatory,3799,0.8674017279202575
258414_20200915-probe0,32,258414,Excitatory,749,0.17101444964787388
258414_20200915-probe0,33,258414,Inhibitory,2566,0.5858786085399791
258414_20200915-probe0,34,258414,Inhibitory,4792,1.094127159829922
258414_20200915-probe0,36,258414,Inhibitory,76704,17.51334091560817
258414_20200915-probe0,37,258414,Excitatory,32468,7.413213819982869
258414_20200915-probe0,38,258414,Excitatory,24277,5.543014411350379
258414_20200915-probe0,39,258414,Excitatory,291,0.06644219605811923
258414_20200915-probe0,40,258414,Excitatory,19947,4.5543727999013885
258414_20200915-probe0,41,258414,Excitatory,8173,1.8660895820721939
258414_20200915-probe0,42,258414,Inhibitory,3925,0.8961705138423297
258414_20200915-probe0,43,258414,Inhibitory,16110,3.6782947714649508
258414_20200915-probe0,44,258414,Excitatory,17754,4.0536589306386555
258414_20200915-probe0,45,258414,Excitatory,11704,2.6723005589835993
258414_20200915-probe0,46,258414,Inhibitory,8959,2.045552008538454
258414_20200915-probe0,47,258414,Excitatory,2951,0.6737832321907554
258414_20200915-probe0,48,258414,Inhibitory,1182,0.2698786107927729
258414_20200915-probe0,49,258414,Excitatory,3243,0.7404537519466688
258414_20200915-probe0,50,258414,Inhibitory,18214,4.158687831623999
258414_20200915-probe0,51,258414,Excitatory,35499,8.105262947997163
258414_20200915-probe0,52,258414,Excitatory,17004,3.882416157292987
258414_20200915-probe0,53,258414,Excitatory,9705,2.215881487092945
258414_20200915-probe0,54,258414,Excitatory,2475,0.5651011520407048
258414_20200915-probe0,55,258414,Excitatory,3649,0.8331531732511238
258414_20200915-probe0,56,258414,Excitatory,1776,0.4055028872825421
258414_20200915-probe0,57,258414,Excitatory,5606,1.2799826498344204
258414_20200915-probe0,58,258414,Inhibitory,79883,18.239181950896008
258414_20200915-probe0,59,258414,Inhibitory,45851,10.46886986756297
258414_20200915-probe0,60,258414,Excitatory,13005,2.969349689813885
258414_20200915-probe0,61,258414,Excitatory,5530,1.2626300488020594
258414_20200915-probe0,62,258414,Excitatory,17553,4.007765867382016
258414_20200915-probe0,63,258414,Excitatory,36211,8.26782942082665
258414_20200915-probe0,64,258414,Excitatory,820,0.18722543219126378
258414_20200915-probe0,65,258414,Excitatory,6063,1.3843265797263808
258414_20200915-probe0,66,258414,Excitatory,29773,6.7978814544274355
258414_20200915-probe0,67,258414,Excitatory,89761,20.494563437707352
258414_20200915-probe0,68,258414,Excitatory,7187,1.6409624160470888
258414_20200915-probe0,69,258414,Excitatory,2648,0.6046011517591056
258414_20200915-probe0,70,258414,Excitatory,27691,6.32251151561986
258414_20200915-probe0,71,258414,Excitatory,31572,7.2086357867592445
258414_20200915-probe0,72,258414,Excitatory,1697,0.38746531515679833
258414_20200915-probe0,73,258414,Excitatory,2688,0.6137340996708744
258414_20200915-probe0,74,258414,Excitatory,2439,0.5568814989201126
258414_20200915-probe0,75,258414,Excitatory,701,0.16005491215375112
258414_20200915-probe0,76,258414,Excitatory,9440,2.155375707177476
258414_20200915-probe0,77,258414,Excitatory,23880,5.452369903326073
258414_20200915-probe0,78,258414,Inhibitory,62976,14.378913192289058
258414_20200915-probe0,79,258414,Excitatory,6914,1.5786300465492658
258414_20200915-probe0,80,258414,Inhibitory,40259,9.19208374949767
258414_20200915-probe0,81,258414,Excitatory,8960,2.0457803322362484
258414_20200915-probe0,82,258414,Excitatory,10037,2.2916849547606275
258414_20200915-probe0,83,258414,Excitatory,8470,1.9339017203170785
258414_20200915-probe0,84,258414,Excitatory,1587,0.3623497083994337
258414_20200915-probe0,85,258414,Excitatory,3159,0.721274561331954
258414_20200915-probe0,86,258414,Inhibitory,22633,5.167650252176675
258414_20200915-probe0,87,258414,Excitatory,18611,4.249332339648305
258414_20200915-probe0,88,258414,Excitatory,19579,4.470349679113115
258414_20200915-probe0,89,258414,Excitatory,10182,2.3247918909407903
258414_20200915-probe0,90,258414,Excitatory,12647,2.8876098060035527
258414_20200915-probe0,91,258414,Excitatory,21030,4.801647364612534
258414_20200915-probe0,92,258414,Inhibitory,906,0.20686127020156705
258414_20200915-probe0,93,258414,Excitatory,4914,1.1219826509608173
258414_20200915-probe0,94,258414,Excitatory,23414,5.345971060153964
258414_20200915-probe0,95,258414,Excitatory,7610,1.7375433402140457
258414_20200915-probe0,96,258414,Excitatory,11008,2.513387265318819
258414_20200915-probe0,97,258414,Excitatory,22313,5.094586668882523
258414_20200915-probe0,98,258414,Inhibitory,26919,6.14624562092272
258414_20200915-probe0,99,258414,Excitatory,11757,2.684401714966693
258414_20200915-probe0,100,258414,Excitatory,35844,8.18403462373617
258414_20200915-probe0,101,258414,Excitatory,9373,2.1400780194252627
258414_20200915-probe0,102,258414,Excitatory,40279,9.196650223453554
258414_20200915-probe0,103,258414,Excitatory,4157,0.9491416117305898
258414_20200915-probe0,104,258414,Excitatory,3726,0.8507340979812791
258414_20200915-probe0,105,258414,Excitatory,11356,2.5928439121512095
258414_20200915-probe0,106,258414,Excitatory,25048,5.719051982349726
258414_20200915-probe0,107,258414,Excitatory,18964,4.329930604969666
258414_20200915-probe0,108,258414,Excitatory,10876,2.4832485372099815
258414_20200915-probe0,109,258414,Excitatory,8056,1.8393757094302696
258414_20200915-probe0,110,258414,Excitatory,14489,3.3081820573405136
258414_20200915-probe0,111,258414,Excitatory,18125,4.138367022520312
258414_20200915-probe0,112,258414,Excitatory,3212,0.7333757173150479
258414_20200915-probe0,113,258414,Excitatory,13308,3.038531770245535
258414_20200915-probe0,114,258414,Inhibitory,30816,7.036023071226811
258414_20200915-probe0,115,258414,Excitatory,36450,8.32239878459947
258414_20200915-probe0,116,258414,Excitatory,12117,2.766598246172614
258414_20200915-probe0,117,258414,Excitatory,58372,13.327710887644452
258414_20200915-probe0,118,258414,Excitatory,49404,11.28010396582585
258414_20200915-probe0,119,258414,Excitatory,41006,9.362641551749954
258414_20200915-probe0,120,258414,Excitatory,62373,14.241234002519143
258414_20200915-probe0,121,258414,Excitatory,21806,4.978826554100851
258414_20200915-probe0,122,258414,Excitatory,23189,5.294598228150264
258414_20200915-probe0,123,258414,Excitatory,11672,2.664994200654184
258414_20200915-probe0,124,258414,Excitatory,17513,3.9986329194702472
258414_20200915-probe0,125,258414,Excitatory,50086,11.43582072772151
258414_20200915-probe0,126,258414,Excitatory,17376,3.9673525728724384
258414_20200915-probe0,127,258414,Excitatory,13590,3.102919053023506
258414_20200915-probe0,128,258414,Excitatory,57990,13.240491235087058
258414_20200915-probe0,129,258414,Excitatory,20291,4.632916151942602
258414_20200915-probe0,130,258414,Inhibitory,5027,1.1477832288115648
258414_20200915-probe0,131,258414,Excitatory,9643,2.2017254178297034
258414_20200915-probe0,132,258414,Excitatory,7217,1.6478121269809156
258414_20200915-probe0,133,258414,Excitatory,17114,3.907531764050352
258414_20200915-probe0,134,258414,Excitatory,617,0.1408757215390363
258414_20200915-probe0,135,258414,Excitatory,23635,5.3964305973664874
258414_20200915-probe0,136,258414,Excitatory,13458,3.0727803249146683
258414_20200915-probe0,137,258414,Inhibitory,33212,7.583086651141772
258414_20200915-probe0,138,258414,Excitatory,4207,0.9605577966203009
258414_20200915-probe0,139,258414,Excitatory,13258,3.0271155853558236
258414_20200915-probe0,140,258414,Excitatory,16899,3.8584421690245936
258414_20200915-probe0,142,258414,Inhibitory,2223,0.5075635801965602
258414_20200915-probe0,144,258414,Inhibitory,8571,1.9569624137942951
258414_20200915-probe0,145,258414,Excitatory,10007,2.2848352438268007
258414_20200915-probe0,146,258414,Excitatory,11084,2.53073986635118
258414_20200915-probe0,147,258414,Excitatory,9711,2.2172514292797105
258414_20200915-probe0,148,258414,Excitatory,6830,1.5594508559345508
258414_20200915-probe0,149,258414,Excitatory,4447,1.0153554840909147
258414_20200915-probe0,150,258414,Excitatory,3639,0.8308699362731816
258414_20200915-probe0,151,258414,Excitatory,7052,1.6101387168448686
258414_20200915-probe0,152,258414,Excitatory,1734,0.39591329197518466
258414_20200915-probe0,153,258414,Excitatory,16247,3.7095751180627596
258414_20200915-probe0,154,258414,Excitatory,16359,3.7351473722157125
258414_20200915-probe0,155,258414,Excitatory,19670,4.4911271356123885
258414_20200915-probe0,156,258414,Excitatory,4111,0.9386387216320554
258414_20200915-probe0,157,258414,Excitatory,14874,3.39608668099129
258414_20200915-probe0,158,258414,Excitatory,11159,2.547864143685747
258414_20200915-probe0,159,258414,Excitatory,5441,1.2423092396983735
258414_20200915-probe0,160,258414,Excitatory,5296,1.2092023035182111
258414_20200915-probe0,161,258414,Excitatory,17657,4.031511531952615
258414_20200915-probe0,162,258414,Excitatory,5940,1.3562427648976914
258414_20200915-probe0,163,258414,Excitatory,9863,2.2519566313444326
258414_20200915-probe0,164,258414,Inhibitory,48697,11.118679111485333
258414_20200915-probe0,165,258414,Inhibitory,8929,2.0387022976046274
258414_20200915-probe0,166,258414,Excitatory,5237,1.1957312053483518
258414_20200915-probe0,167,258414,Excitatory,1772,0.40458959249136517
258414_20200915-probe0,168,258414,Excitatory,5289,1.2076040376336514
258414_20200915-probe0,169,258414,Excitatory,8893,2.030482644484035
258414_20200915-probe0,170,258414,Excitatory,6588,1.5041965210683486
258414_20200915-probe0,171,258414,Excitatory,3644,0.8320115547621527
258414_20200915-probe0,172,258414,Excitatory,27841,6.356760070288994
258414_20200915-probe0,173,258414,Excitatory,1833,0.41851733805681285
258414_20200915-probe0,174,258414,Excitatory,1660,0.37901733833841206
258414_20200915-probe0,175,258414,Excitatory,13417,3.0634190533051053
258414_20200915-probe0,176,258414,Excitatory,24766,5.654664699571755
258414_20200915-probe0,177,258414,Excitatory,25788,5.888011518717452
258414_20200915-probe0,178,258414,Excitatory,26571,6.066788974090329
258414_20200915-probe0,179,258414,Excitatory,83242,19.006121251786805
258414_20200915-probe0,180,258414,Excitatory,48412,11.053606857613978
258414_20200915-probe0,181,258414,Excitatory,7373,1.6834306238368146
258414_20200915-probe0,182,258414,Excitatory,2123,0.48473121041713785
258414_20200915-probe0,183,258414,Excitatory,13663,3.1195866829624843
258414_20200915-probe0,184,258414,Excitatory,6991,1.596210971279421
258414_20200915-probe0,185,258414,Excitatory,2529,0.5774306317215928
258414_20200915-probe0,186,258414,Excitatory,4185,0.955534675268828
258414_20200915-probe0,187,258414,Excitatory,4084,0.9324739817916113
258414_20200915-probe0,188,258414,Excitatory,1737,0.3965982630685673
258414_20200915-probe0,189,258414,Inhibitory,2553,0.5829104004686542
258414_20200915-probe0,190,258414,Excitatory,9127,2.0839103897678837
258414_20200915-probe0,191,258414,Excitatory,17390,3.9705491046415577
258414_20200915-probe0,192,258414,Excitatory,1091,0.24910115429349852
258414_20200915-probe0,193,258414,Excitatory,4696,1.0722080848416766
258414_20200915-probe0,194,258414,Excitatory,9894,2.2590346659760536
258414_20200915-probe0,195,258414,Excitatory,11330,2.5869074960085596
258414_20200915-probe0,196,258414,Inhibitory,27637,6.310182035938972
258414_20200915-probe0,197,258414,Excitatory,17901,4.087222514214406
258414_20200915-probe0,198,258414,Excitatory,23835,5.442095336925332
258414_20200915-probe0,199,258414,Inhibitory,23475,5.3598988057194115
258414_20200915-probe0,200,258414,Excitatory,29573,6.75221671486859
258416_20200921-probe0,0,258416,Inhibitory,59764,9.817504650435847
258416_20200921-probe0,1,258416,Excitatory,5773,0.9483377007390091
258416_20200921-probe0,2,258416,Inhibitory,61749,10.143583004145691
258416_20200921-probe0,3,258416,Excitatory,4664,0.7661609278099322
258416_20200921-probe0,4,258416,Excitatory,2153,0.35367591714725216
258416_20200921-probe0,5,258416,Excitatory,25806,4.239182869438917
258416_20200921-probe0,6,258416,Inhibitory,60655,9.963870299380668
258416_20200921-probe0,7,258416,Excitatory,50293,8.261692011651999
258416_20200921-probe0,8,258416,Excitatory,6479,1.0643131756604953
258416_20200921-probe0,9,258416,Excitatory,16855,2.7687912603422826
258416_20200921-probe0,10,258416,Excitatory,41239,6.774380467828858
258416_20200921-probe0,11,258416,Excitatory,135924,22.328400075393915
258416_20200921-probe0,12,258416,Excitatory,1441,0.23671481496014415
258416_20200921-probe0,13,258416,Inhibitory,187861,30.86015395782626
258416_20200921-probe0,14,258416,Inhibitory,115691,19.00470066450662
258416_20200921-probe0,15,258416,Excitatory,3506,0.5759348655449448
258416_20200921-probe0,16,258416,Excitatory,2797,0.4594665769906476
258416_20200921-probe0,17,258416,Inhibitory,78879,12.957548847495636
258416_20200921-probe0,18,258416,Inhibitory,74802,12.287815120505693
258416_20200921-probe0,19,258416,Excitatory,862,0.14160178382765043
258416_20200921-probe0,20,258416,Excitatory,4265,0.7006167146460893
258416_20200921-probe0,21,258416,Excitatory,11794,1.9374146617903816
258416_20200921-probe0,22,258416,Inhibitory,49337,8.104648733996275
258416_20200921-probe0,23,258416,Inhibitory,172542,28.34368327748313
258416_20200921-probe0,24,258416,Excitatory,1014,0.16657100789006674
258416_20200921-probe0,25,258416,Excitatory,9998,1.6423835669476206
258416_20200921-probe0,26,258416,Excitatory,11415,1.8751558728452777
258416_20200921-probe0,27,258416,Excitatory,19251,3.1623850817472134
258416_20200921-probe0,28,258416,Excitatory,2076,0.341027033905107
258416_20200921-probe0,29,258416,Excitatory,10723,1.7614801948769088
258416_20200921-probe0,30,258416,Excitatory,17196,2.8248077432717826
258416_20200921-probe0,31,258416,Excitatory,6736,1.1065308768712914
258416_20200921-probe0,32,258416,Excitatory,57130,9.384814280827921
258416_20200921-probe0,33,258416,Excitatory,1101,0.18086260324158132
258416_20200921-probe0,34,258416,Inhibitory,110214,18.104987242204945
258416_20200921-probe0,35,258416,Excitatory,38200,6.275160257791469
258416_20200921-probe0,36,258416,Excitatory,9569,1.571911217455669
258416_20200921-probe0,37,258416,Inhibitory,101326,16.64494471939734
258416_20200921-probe0,38,258416,Inhibitory,72695,11.941695679061539
258416_20200921-probe0,39,258416,Excitatory,13370,2.196306090227014
258416_20200921-probe0,40,258416,Inhibitory,20300,3.3347055820200735
258416_20200921-probe0,41,258416,Excitatory,6785,1.114580166207202
258416_20200921-probe0,42,258416,Excitatory,38314,6.293887175838281
258416_20200921-probe0,43,258416,Inhibitory,27532,4.522714979516092
258416_20200921-probe0,44,258416,Excitatory,12375,2.0328562353447492
258416_20200921-probe0,45,258416,Inhibitory,1732,0.28451773734279645
258416_20200921-probe0,46,258416,Excitatory,5800,0.9527730234343067
258416_20200921-probe0,47,258416,Excitatory,10679,1.754252261595683
258416_20200921-probe0,48,258416,Excitatory,2909,0.4778649526155859
258416_20200921-probe0,49,258416,Excitatory,13157,2.1613163222974436
258416_20200921-probe0,50,258416,Excitatory,18320,3.0094485843649137
258416_20200921-probe0,51,258416,Inhibitory,46826,7.692163723333595
258416_20200921-probe0,52,258416,Inhibitory,6161,1.0120749305825454
258416_20200921-probe0,53,258416,Excitatory,60120,9.8759852015294
258416_20200921-probe0,54,258416,Excitatory,10069,1.6540468229241438
258416_20200921-probe0,55,258416,Excitatory,12873,2.11466329839135
258416_20200921-probe0,56,258416,Inhibitory,8182,1.3440670478861203
258416_20200921-probe0,57,258416,Excitatory,11302,1.8565932260094025
258416_20200921-probe0,58,258416,Excitatory,23764,3.9037410567056665
258416_20200921-probe0,59,258416,Excitatory,10823,1.7779073159706038
258416_20200921-probe0,60,258416,Excitatory,36534,6.00148442037051
258416_20200921-probe0,61,258416,Excitatory,1663,0.2731830237881469
258416_20200921-probe0,62,258416,Excitatory,25089,4.121400411197125
258416_20200921-probe0,63,258416,Excitatory,7791,1.279837004409773
258416_20200921-probe0,64,258416,Excitatory,2994,0.4918280055452266
258416_20200921-probe0,65,258416,Excitatory,15115,2.482959353311991
258416_20200921-probe0,66,258416,Excitatory,22678,3.7253425216281393
258416_20200921-probe0,67,258416,Excitatory,30095,4.943742093147494
258416_20200921-probe0,68,258416,Excitatory,1704,0.27991814343656185
258416_20200921-probe0,69,258416,Excitatory,12304,2.0211929793682257
258416_20200921-probe0,70,258416,Excitatory,3390,0.5568794050762585
258416_20200921-probe0,71,258416,Excitatory,1405,0.23080105136641396
258416_20200921-probe0,72,258416,Excitatory,3762,0.6179882955448038
258416_20200921-probe0,73,258416,Excitatory,11214,1.842137359446951
258416_20200921-probe0,74,258416,Inhibitory,34391,5.649451215332628
258416_20200921-probe0,75,258416,Excitatory,600,0.09856272656216966
258416_20200921-probe0,76,258416,Inhibitory,32615,5.357705544708606
258416_20200921-probe0,77,258416,Excitatory,21139,3.4725291279961743
258416_20200921-probe0,78,258416,Inhibitory,93549,15.367407511940684
258416_20200921-probe0,80,258416,Inhibitory,21940,3.604110367956671
258416_20200921-probe0,81,258416,Excitatory,122765,20.166755210674598
258416_20200921-probe0,82,258416,Excitatory,69524,11.420791669180472
258416_20200921-probe0,83,258416,Excitatory,5226,0.8584813483564978
258416_20200921-probe0,84,258416,Inhibitory,37297,6.126823354315404
258416_20200921-probe0,85,258416,Excitatory,386,0.06340868742166249
258416_20200921-probe0,86,258416,Excitatory,25261,4.14965505947828
258416_20200921-probe0,87,258416,Excitatory,42368,6.959842664976674
258416_20200921-probe0,88,258416,Excitatory,25576,4.201400490923419
258416_20200921-probe0,89,258416,Inhibitory,69404,11.401079123868039
258416_20200921-probe0,90,258416,Excitatory,3627,0.5958116820683156
258416_20200921-probe0,91,258416,Excitatory,1862,0.30587299476459984
258416_20200921-probe0,92,258416,Excitatory,1258,0.2066531833586824
258416_20200921-probe0,93,258416,Excitatory,5000,0.8213560546847471
258416_20200921-probe0,94,258416,Inhibitory,17689,2.905793450263699
258416_20200921-probe0,95,258416,Excitatory,29282,4.810189598655754
258416_20200921-probe0,96,258416,Excitatory,1614,0.26513373445223637
258416_20200921-probe0,97,258416,Inhibitory,124826,20.50531817641565
258416_20200921-probe0,98,258416,Inhibitory,65450,10.751550755823342
258416_20200921-probe0,99,258416,Excitatory,20921,3.436718004011919
258416_20200921-probe0,100,258416,Inhibitory,68676,11.28148968230594
258416_20200921-probe0,101,258416,Excitatory,31147,5.1165554070531645
258416_20200921-probe0,102,258416,Excitatory,8466,1.390720071792214
258416_20200921-probe0,103,258416,Excitatory,10642,1.7481742267910159
258416_20200921-probe0,104,258416,Excitatory,14551,2.390310390343551
258416_20200921-probe0,105,258416,Excitatory,4584,0.7530192309349762
258416_20200921-probe0,106,258416,Excitatory,50012,8.215531801378715
258416_20200921-probe0,107,258416,Excitatory,22747,3.736677235182789
258416_20200921-probe0,108,258416,Inhibitory,63586,10.445349218636867
258416_20200921-probe0,109,258416,Excitatory,8372,1.3752785779641408
258416_20200921-probe0,110,258416,Excitatory,8001,1.3143339587065324
258416_20200921-probe0,111,258416,Inhibitory,37748,6.200909670447968
258416_20200921-probe0,112,258416,Excitatory,12218,2.0070656552276485
258416_20200921-probe0,113,258416,Excitatory,10840,1.780699926556532
258416_20200921-probe0,114,258416,Excitatory,3128,0.5138403478107778
258416_20200921-probe0,115,258416,Excitatory,21368,3.5101472353007357
258416_20200921-probe0,116,258416,Excitatory,40653,6.678117538219806
258416_20200921-probe0,117,258416,Excitatory,26794,4.4014828258446235
258416_20200921-probe0,118,258416,Excitatory,104654,17.191639309395505
258416_20200921-probe0,119,258416,Excitatory,19932,3.2742537763952764
258416_20200921-probe0,120,258416,Excitatory,13391,2.19975578565669
258416_20200921-probe0,121,258416,Excitatory,15694,2.5780723844444844
258416_20200921-probe0,122,258416,Inhibitory,96587,15.866463450767135
258416_20200921-probe0,123,258416,Excitatory,37097,6.093969112128013
258416_20200921-probe0,124,258416,Inhibitory,33978,5.581607205215668
258416_20200921-probe0,125,258416,Excitatory,28143,4.623084689398568
258416_20200921-probe0,126,258416,Excitatory,9964,1.6367983457757642
258416_20200921-probe0,127,258416,Excitatory,43782,7.192122157241521
258416_20200921-probe0,128,258416,Excitatory,13300,2.1848071054614273
258416_20200921-probe0,129,258416,Excitatory,3376,0.5545796081231413
258416_20200921-probe0,130,258416,Excitatory,15408,2.531090818116517
258416_20200921-probe0,131,258416,Excitatory,41908,6.884277907945677
258416_20200921-probe0,132,258416,Excitatory,9285,1.5252581935495755
258416_20200921-probe0,133,258416,Excitatory,158093,25.970128550655147
258416_20200921-probe0,134,258416,Excitatory,3626,0.5956474108573787
258416_20200921-probe0,135,258416,Excitatory,72766,11.953358935038063
258416_20200921-probe0,136,258416,Inhibitory,71367,11.72354351093727
258416_20200921-probe0,137,258416,Excitatory,64490,10.59385039332387
258416_20200921-probe0,138,258416,Excitatory,45425,7.462019756810928
258416_20200921-probe0,139,258416,Excitatory,8840,1.452157504682633
258416_20200921-probe0,140,258416,Excitatory,12530,2.0583182730399763
258416_20200921-probe0,141,258416,Excitatory,46026,7.560746754584035
258416_20200921-probe0,142,258416,Excitatory,45898,7.539720039584106
258416_20200921-probe0,143,258416,Excitatory,23076,3.7907224635810453
258416_20200921-probe0,144,258416,Inhibitory,144911,23.80470544808428
258416_20200921-probe0,145,258416,Excitatory,52995,8.705552823603636
258416_20200921-probe0,146,258416,Excitatory,110875,18.21357051263427
258416_20200921-probe0,147,258416,Inhibitory,187635,30.823028664154506
258416_20200921-probe0,148,258416,Inhibitory,175792,28.877564713028217
258416_20200921-probe0,149,258416,Inhibitory,100678,16.538496974710196
258416_20200921-probe0,150,258416,Excitatory,9060,1.4882971710887618
258416_20200921-probe0,151,258416,Excitatory,8718,1.4321164169483251
258416_20200921-probe0,152,258416,Excitatory,67430,11.076807753478501
258416_20200921-probe0,153,258416,Excitatory,62733,10.305225875707649
258416_20200921-probe0,154,258416,Excitatory,11062,1.8171681353845346
258416_20200921-probe0,155,258416,Inhibitory,182149,29.921836800954402
258416_20200921-probe0,156,258416,Excitatory,23759,3.902919700650982
258416_20200921-probe0,157,258416,Inhibitory,11733,1.9273941179232277
258416_20200921-probe0,158,258416,Excitatory,27547,4.525179047680147
258416_20200921-probe0,159,258416,Inhibitory,52801,8.673684208681868
258416_20200921-probe0,160,258416,Excitatory,39948,6.562306334509256
258416_20200921-probe0,161,258416,Excitatory,26509,4.354665530727592
258416_20200921-probe0,162,258416,Inhibitory,61767,10.146539885942556
258416_20200921-probe0,163,258416,Excitatory,36489,5.994092215878348
258416_20200921-probe0,164,258416,Inhibitory,42914,7.0495347461482485
258416_20200921-probe0,165,258416,Excitatory,14353,2.3577846905780353
258416_20200921-probe0,166,258416,Inhibitory,21790,3.5794696863161284
258416_20200921-probe0,167,258416,Excitatory,32328,5.310559707169701
258416_20200921-probe0,168,258416,Inhibitory,34992,5.748178213105735
258416_20200921-probe0,169,258416,Excitatory,15708,2.580372181397602
258416_20200921-probe0,171,258416,Excitatory,13165,2.1626304919849395
258416_20200921-probe0,172,258416,Excitatory,761,0.12501039152301852
258416_20200921-probe0,173,258416,Excitatory,6254,1.0273521531996819
258416_20200921-probe0,174,258416,Excitatory,2230,0.36632480038939724
258416_20200921-probe0,175,258416,Excitatory,1117,0.18349094261657253
258416_20200921-probe0,176,258416,Excitatory,1269,0.20846016667898884
258416_20200921-probe0,177,258416,Excitatory,956,0.15704327765572365
258416_20200921-probe0,178,258416,Excitatory,1927,0.31655062347550156
258416_20200921-probe0,179,258416,Excitatory,457,0.07507194339818589
258416_20200921-probe0,180,258416,Excitatory,21715,3.567149345495857
258416_20200921-probe0,181,258416,Excitatory,12151,1.9960594840948727
258416_20200921-probe0,182,258416,Excitatory,1746,0.2868175342959137
258416_20200921-probe0,183,258416,Excitatory,2902,0.47671505413902726
258416_20200921-probe0,184,258416,Excitatory,8224,1.3509664387454723
258416_20200921-probe0,185,258416,Inhibitory,94703,15.556976489361922
258416_20200921-probe0,186,258416,Excitatory,7254,1.1916233641366312
258416_20200921-probe0,187,258416,Excitatory,12965,2.1297762497975494
258416_20200921-probe0,188,258416,Excitatory,69777,11.46235228554752
258416_20200921-probe0,189,258416,Excitatory,5498,0.903163117731348
258416_20200921-probe0,190,258416,Excitatory,4007,0.6582347422243564
258416_20200921-probe0,191,258416,Excitatory,6301,1.0350729001137184
258416_20200921-probe0,192,258416,Excitatory,1858,0.30521590992085207
258416_20200921-probe0,193,258416,Excitatory,8364,1.3739644082766451
258416_20200921-probe0,194,258416,Excitatory,751,0.12336767941364903
258416_20200921-probe0,195,258416,Inhibitory,1939,0.318521878006745
258416_20200921-probe0,196,258416,Excitatory,16095,2.643945140030201
258416_20200921-probe0,197,258416,Excitatory,5352,0.8791795209345534
258416_20200921-probe0,198,258416,Inhibitory,147759,24.27254985683271
258416_20200921-probe0,199,258416,Excitatory,29229,4.801483224476095
258416_20200921-probe0,200,258416,Excitatory,8736,1.4350732987451904
258416_20200921-probe0,201,258416,Excitatory,17744,2.914828366865231
258416_20200921-probe0,202,258416,Excitatory,33519,5.506206719395609
258416_20200921-probe0,203,258416,Inhibitory,79867,13.119848803901341
258416_20200921-probe0,204,258416,Excitatory,72995,11.990977042342625
258416_20200921-probe0,205,258416,Excitatory,43495,7.144976319702616
258416_20200921-probe0,206,258416,Excitatory,8304,1.364108135620428
258416_20200921-probe0,207,258416,Inhibitory,71807,11.795822843749528
258416_20200921-probe0,208,258416,Excitatory,19594,3.218730107098587
258416_20200921-probe0,209,258416,Excitatory,114889,18.872955153335184
258416_20200921-probe0,210,258416,Excitatory,80991,13.304489644994472
258416_20200921-probe0,211,258416,Excitatory,45965,7.550726210716881
258416_20200921-probe0,212,258416,Inhibitory,133062,21.858255869692368
258416_20200921-probe0,213,258416,Excitatory,8891,1.4605353364404174
258416_20200921-probe0,214,258416,Excitatory,11578,1.9019320802280006
258416_20200921-probe0,215,258416,Excitatory,10755,1.7667368736268911
258416_20200921-probe0,216,258416,Excitatory,25069,4.1181149869783855
258416_20200921-probe0,217,258416,Inhibitory,53021,8.709823875087997
258416_20200921-probe0,218,258416,Excitatory,12144,1.9949095856183139
258416_20200921-probe0,219,258416,Excitatory,38560,6.33429789372877
258416_20200921-probe0,220,258416,Excitatory,16480,2.7071895562409267
258416_20200921-probe0,221,258416,Excitatory,12777,2.098893262141403
258416_20200921-probe0,222,258416,Excitatory,9817,1.6126504777680326
258416_20200921-probe0,223,258416,Excitatory,2931,0.4814789192561988
258416_20200921-probe0,224,258416,Excitatory,1072,0.1760987381244098
258416_20200921-probe0,225,258416,Excitatory,2241,0.3681317837097037
258416_20200921-probe0,226,258416,Excitatory,30639,5.033105631897194
258416_20200921-probe0,227,258416,Excitatory,15971,2.6235755098740197
258419_20200921-probe0,0,258419,Inhibitory,442,0.09054934010666071
258419_20200921-probe0,1,258419,Excitatory,3634,0.744471271374672
258419_20200921-probe0,2,258419,Excitatory,12161,2.491336029495703
258419_20200921-probe0,3,258419,Excitatory,11304,2.3157686438137843
258419_20200921-probe0,4,258419,Excitatory,3584,0.7342281333535565
258419_20200921-probe0,5,258419,Excitatory,52314,10.717190448732689
258419_20200921-probe0,6,258419,Excitatory,105019,21.5144822367905
258419_20200921-probe0,7,258419,Excitatory,12093,2.4774053617869862
258419_20200921-probe0,8,258419,Excitatory,25272,5.1772916813926
258419_20200921-probe0,9,258419,Excitatory,8193,1.6784405961399802
258419_20200921-probe0,10,258419,Excitatory,71380,14.623103838944438
258419_20200921-probe0,11,258419,Inhibitory,19496,3.9940043771933422
258419_20200921-probe0,12,258419,Excitatory,33062,6.77317258508239
258419_20200921-probe0,13,258419,Excitatory,17138,3.510937988117537
258419_20200921-probe0,16,258419,Excitatory,28858,5.911929540267002
258419_20200921-probe0,17,258419,Excitatory,8528,1.7470696208814538
258419_20200921-probe0,18,258419,Excitatory,12434,2.547263563090994
258419_20200921-probe0,19,258419,Excitatory,46331,9.491496553126012
258419_20200921-probe0,20,258419,Inhibitory,22582,4.626210855856589
258419_20200921-probe0,21,258419,Excitatory,51769,10.60554024430253
258419_20200921-probe0,22,258419,Excitatory,3309,0.6778908742374214
258419_20200921-probe0,23,258419,Excitatory,10369,2.124221962818925
258419_20200921-probe0,24,258419,Excitatory,4800,0.9833412500270846
258419_20200921-probe0,25,258419,Excitatory,2984,0.611310477100171
258419_20200921-probe0,26,258419,Excitatory,65706,13.460712536308256
258419_20200921-probe0,27,258419,Excitatory,15660,3.2081508282133635
258419_20200921-probe0,28,258419,Excitatory,6770,1.386920888059034
258419_20200921-probe0,29,258419,Excitatory,27908,5.717309917865808
258419_20200921-probe0,30,258419,Inhibitory,301,0.0616636908871151
258419_20200921-probe0,31,258419,Excitatory,4797,0.9827266617458177
258419_20200921-probe0,33,258419,Excitatory,19741,4.044195753496808
258419_20200921-probe0,34,258419,Excitatory,1431,0.2931586101643246
258419_20200921-probe0,35,258419,Excitatory,29642,6.072541944438092
258419_20200921-probe0,36,258419,Excitatory,24291,4.976321313418315
258419_20200921-probe0,37,258419,Excitatory,1092,0.22371013438116175
258419_20200921-probe0,38,258419,Excitatory,3159,0.647161460174075
258419_20200921-probe0,39,258419,Excitatory,21825,4.4711297462169
258419_20200921-probe0,40,258419,Excitatory,98442,20.16709986149297
258419_20200921-probe0,41,258419,Excitatory,47630,9.757613278914592
258419_20200921-probe0,42,258419,Inhibitory,7803,1.5985441195752794
258419_20200921-probe0,43,258419,Excitatory,1430,0.2929537474039023
258419_20200921-probe0,45,258419,Excitatory,2474,0.5068304692847933
258419_20200921-probe0,47,258419,Inhibitory,34108,6.987459032484126
258419_20200921-probe0,48,258419,Inhibitory,1947,0.3988677945422362
258419_20200921-probe0,49,258419,Excitatory,1567,0.32101994558175867
258419_20200921-probe0,50,258419,Excitatory,1332,0.272877196882516
258419_20200921-probe0,52,258419,Excitatory,9354,1.9162862609902813
258419_20200921-probe0,53,258419,Excitatory,3240,0.6637553437682822
258419_20200921-probe0,54,258419,Excitatory,1467,0.30053366953952776
258419_20200921-probe0,55,258419,Inhibitory,28025,5.7412788608352185
258419_20200921-probe0,56,258419,Excitatory,2511,0.5144103914204187
258419_20200921-probe0,57,258419,Inhibitory,18693,3.8294995805742276
258419_20200921-probe0,59,258419,Excitatory,2093,0.42877775756389336
258419_20200921-probe0,60,258419,Excitatory,18124,3.712932669893934
258419_20200921-probe0,62,258419,Excitatory,2918,0.5977895349122986
258419_20200921-probe0,63,258419,Excitatory,1077,0.22063719297482712
258419_20200921-probe0,64,258419,Excitatory,92041,18.85577333202977
258419_20200921-probe0,65,258419,Excitatory,29517,6.046934099385304
258419_20200921-probe0,66,258419,Excitatory,34218,7.00999393613058
258419_20200921-probe0,67,258419,Excitatory,27177,5.5675552399971
258419_20200921-probe0,68,258419,Inhibitory,46973,9.623018445317134
258419_20200921-probe0,69,258419,Excitatory,4147,0.8495658674713167
258419_20200921-probe0,70,258419,Excitatory,2358,0.48306638907580535
258419_20200921-probe0,71,258419,Excitatory,9722,1.991675756825691
258419_20200921-probe0,72,258419,Excitatory,7021,1.4383414409250337
258419_20200921-probe0,73,258419,Excitatory,817,0.1673728752650267
258419_20200921-probe0,74,258419,Excitatory,1449,0.2968461398519262
258419_20200921-probe0,75,258419,Excitatory,22909,4.6932009785146835
258419_20200921-probe0,76,258419,Excitatory,5381,1.1023665138324463
258419_20200921-probe0,77,258419,Excitatory,46310,9.487194435157145
258419_20200921-probe0,78,258419,Inhibitory,59476,12.184417538877268
258419_20200921-probe0,79,258419,Excitatory,31737,6.501729427522831
258419_20200921-probe0,80,258419,Excitatory,20674,4.235332708970822
258419_20200921-probe0,81,258419,Excitatory,23932,4.902775582426706
258419_20200921-probe0,82,258419,Excitatory,407,0.08337914349187989
258419_20200921-probe0,83,258419,Excitatory,39380,8.067495505430541
258419_20200921-probe0,84,258419,Excitatory,1515,0.31036708203979857
258419_20200921-probe0,85,258419,Excitatory,8839,1.810781939372792
258419_20200921-probe0,86,258419,Excitatory,7957,1.6300929846803152
258419_20200921-probe0,87,258419,Excitatory,32851,6.729946542633283
258419_20200921-probe0,88,258419,Inhibitory,56480,11.57064870865203
258419_20200921-probe0,89,258419,Inhibitory,47407,9.711928883340416
258419_20200921-probe0,90,258419,Excitatory,49102,10.059171262256232
258419_20200921-probe0,91,258419,Excitatory,43113,8.832248190087022
258419_20200921-probe0,92,258419,Excitatory,21615,4.428108566528215
258419_20200921-probe0,93,258419,Excitatory,55194,11.30719519874894
258419_20200921-probe0,94,258419,Excitatory,32059,6.567695236378814
258419_20200921-probe0,95,258419,Inhibitory,8170,1.673728752650267
258419_20200921-probe0,97,258419,Excitatory,20191,4.136383995686847
258419_20200921-probe0,98,258419,Excitatory,1745,0.35748551693692976
258419_20200921-probe0,99,258419,Inhibitory,2689,0.5508759627755897
258419_20200921-probe0,100,258419,Excitatory,1173,0.24030401797536882
258419_20200921-probe0,101,258419,Excitatory,11795,2.4163562591811383
258419_20200921-probe0,102,258419,Excitatory,1695,0.3472423789158143
258419_20200921-probe0,103,258419,Excitatory,84946,17.402272046833485
258419_20200921-probe0,104,258419,Excitatory,1740,0.35646120313481816
258419_20200921-probe0,105,258419,Excitatory,8867,1.8165180966646166
258419_20200921-probe0,106,258419,Excitatory,10959,2.2450909914680874
258419_20200921-probe0,107,258419,Inhibitory,38582,7.904015022613538
258419_20200921-probe0,109,258419,Excitatory,6594,1.3508650422247075
258419_20200921-probe0,110,258419,Excitatory,3326,0.6813735411646007
258419_20200921-probe0,111,258419,Excitatory,5512,1.129203535447769
258419_20200921-probe0,112,258419,Excitatory,18925,3.8770277409922036
258419_20200921-probe0,113,258419,Excitatory,1803,0.36936755704142366
258419_20200921-probe0,114,258419,Excitatory,4587,0.9397054820571328
258419_20200921-probe0,115,258419,Excitatory,576,0.11800095000325016
258419_20200921-probe0,116,258419,Excitatory,5154,1.055862667216582
258419_20200921-probe0,117,258419,Excitatory,4729,0.9687959940371007
258419_20200921-probe0,118,258419,Inhibitory,3459,0.7086202883007678
258419_20200921-probe0,119,258419,Excitatory,9992,2.0469887021397146
258419_20200921-probe0,120,258419,Excitatory,2363,0.4840907028779169
258419_20200921-probe0,121,258419,Excitatory,3271,0.6701060893413737
258419_20200921-probe0,122,258419,Excitatory,17332,3.5506813636394647
258419_20200921-probe0,123,258419,Excitatory,6477,1.3268960992552974
258419_20200921-probe0,124,258419,Excitatory,8451,1.7312951883289358
258419_20200921-probe0,125,258419,Excitatory,2750,0.5633725911613506
258419_20200921-probe0,126,258419,Inhibitory,3010,0.616636908871151
258419_20200921-probe0,127,258419,Excitatory,14226,2.914377629767772
258419_20200921-probe0,128,258419,Excitatory,6304,1.2914548417022378
258419_20200921-probe0,129,258419,Excitatory,5221,1.069588472164877
258419_20200921-probe0,130,258419,Excitatory,31241,6.400117498353365
258419_20200921-probe0,131,258419,Excitatory,23651,4.845209146748037
258419_20200921-probe0,132,258419,Excitatory,7744,1.5864572167103632
258419_20200921-probe0,133,258419,Inhibitory,7264,1.4881230917076547
258419_20200921-probe0,134,258419,Excitatory,5496,1.125925731281012
258419_20200921-probe0,135,258419,Excitatory,8842,1.811396527654059
258419_20200921-probe0,136,258419,Inhibitory,8091,1.6575445945769045
258419_20200921-probe0,137,258419,Inhibitory,26163,5.359824400928878
258419_20200921-probe0,138,258419,Inhibitory,61631,12.625896787587344
258419_20200921-probe0,139,258419,Excitatory,3152,0.6457274208511189
258419_20200921-probe0,140,258419,Excitatory,8764,1.7954172323411188
258419_20200921-probe0,141,258419,Excitatory,9571,1.9607414800019223
258419_20200921-probe0,142,258419,Excitatory,302,0.06186855364753741
258419_20200921-probe0,143,258419,Excitatory,10446,2.139996395371443
258419_20200921-probe0,144,258419,Inhibitory,55565,11.383199282865617
258419_20200921-probe0,145,258419,Excitatory,12000,2.4583531250677115
258419_20200921-probe0,146,258419,Excitatory,43333,8.87731799737993
258419_20200921-probe0,147,258419,Excitatory,8535,1.74850366020441
258419_20200921-probe0,148,258419,Inhibitory,15993,3.2763701274339927
258419_20200921-probe0,149,258419,Excitatory,7913,1.6210790232217336
258419_20200921-probe0,150,258419,Excitatory,9565,1.9595123034393884
258419_20200921-probe0,151,258419,Inhibitory,1061,0.21735938880807018
258419_20200921-probe0,152,258419,Excitatory,11989,2.456099634703066
258419_20200921-probe0,153,258419,Excitatory,29933,6.132157007720984
258419_20200921-probe0,154,258419,Excitatory,24185,4.95460586081355
258419_20200921-probe0,155,258419,Inhibitory,21056,4.313590283452145
258419_20200921-probe0,156,258419,Excitatory,9402,1.9261196734905521
258419_20200921-probe0,157,258419,Excitatory,22017,4.510463396217984
258419_20200921-probe0,158,258419,Excitatory,5380,1.102161651072024
258419_20200921-probe0,159,258419,Excitatory,3791,0.7766347247609746
258419_20200921-probe0,160,258419,Excitatory,9792,2.0060161500552525
258419_20200921-probe0,161,258419,Excitatory,21464,4.397174289704447
258419_20200921-probe0,162,258419,Excitatory,26004,5.327251222021731
258419_20200921-probe0,163,258419,Excitatory,25005,5.122593324359844
258419_20200921-probe0,164,258419,Excitatory,22475,4.604290540491402
258419_20200921-probe0,165,258419,Inhibitory,4384,0.898118341691404
258419_20200921-probe0,166,258419,Excitatory,2889,0.5918485148600515
258419_20200921-probe0,167,258419,Excitatory,10325,2.1152080013603434
258419_20200921-probe0,168,258419,Inhibitory,35768,7.327531214785159
258419_20200921-probe0,169,258419,Excitatory,6132,1.2562184469096007
258419_20200921-probe0,170,258419,Excitatory,8404,1.7216666385890873
258419_20200921-probe0,171,258419,Excitatory,2872,0.5883658479328723
258419_20200921-probe0,172,258419,Excitatory,14131,2.894915667527653
258419_20200921-probe0,173,258419,Excitatory,7337,1.5030780732184834
258419_20200921-probe0,174,258419,Inhibitory,19921,4.081071050372824
258419_20200921-probe0,175,258419,Inhibitory,23318,4.776989847527409
258419_20200921-probe0,176,258419,Excitatory,1197,0.24522072422550423
258419_20200921-probe0,177,258419,Excitatory,2359,0.48327125183622766
258419_20200921-probe0,178,258419,Excitatory,3060,0.6268800468922665
258419_20200921-probe0,179,258419,Excitatory,3103,0.6356891455904258
258419_20200921-probe0,180,258419,Excitatory,5206,1.0665155307585423
258419_20200921-probe0,182,258419,Excitatory,4404,0.9022155968998502
258419_20200921-probe0,183,258419,Excitatory,2466,0.5051915672014148
258419_20200921-probe0,184,258419,Excitatory,28621,5.863377066046914
258419_20200921-probe0,186,258419,Excitatory,1960,0.4015310104277262
258419_20200921-probe0,187,258419,Excitatory,12738,2.6095418422593757
258419_20200921-probe0,188,258419,Excitatory,709,0.1452476971394173
258419_20200921-probe0,189,258419,Excitatory,11497,2.35530715657529
258419_20200921-probe0,190,258419,Excitatory,605,0.12394197005549713
258419_20200921-probe0,191,258419,Excitatory,384,0.07866730000216678
258419_20200921-probe0,192,258419,Excitatory,709,0.1452476971394173
258419_20200921-probe0,193,258419,Excitatory,479,0.09812926224228616
258419_20200921-probe0,194,258419,Excitatory,1940,0.39743375521928004
258419_20200921-probe0,195,258419,Excitatory,369,0.07559435859583213
258419_20200921-probe0,196,258419,Excitatory,4582,0.9386811682550212
258419_20200921-probe0,197,258419,Excitatory,12347,2.529440502934253
258419_20200921-probe0,198,258419,Excitatory,1720,0.352363947926372
258419_20200921-probe0,199,258419,Inhibitory,8051,1.6493500841600122
258419_20200921-probe0,200,258419,Excitatory,6870,1.4074071641012649
258419_20200921-probe0,201,258419,Excitatory,2990,0.6125396536627048
258419_20200921-probe0,202,258419,Excitatory,10577,2.1668334169867656
258419_20200921-probe0,203,258419,Excitatory,2307,0.47261838829426756
258419_20200921-probe0,204,258419,Excitatory,2665,0.5459592565254543
258419_20200921-probe0,205,258419,Excitatory,1588,0.32532206355062715
258419_20200921-probe0,206,258419,Excitatory,1157,0.23702621380861186
258419_20200921-probe0,207,258419,Excitatory,1236,0.2532103718819743
258419_20200921-probe0,208,258419,Excitatory,10631,2.1778960060495702
258419_20200921-probe0,209,258419,Excitatory,1294,0.2650924119864682
258419_20200921-probe0,210,258419,Excitatory,6064,1.2422877792008835
258419_20200921-probe0,211,258419,Inhibitory,4108,0.8415762198148466
258419_20200921-probe0,212,258419,Excitatory,15312,3.1368585875864
258419_20200921-probe0,213,258419,Excitatory,17881,3.6631510191113126
258419_20200921-probe0,214,258419,Excitatory,1903,0.3898538330836546
258419_20200921-probe0,215,258419,Excitatory,423,0.08665694765863684
258419_20200921-probe0,216,258419,Excitatory,6067,1.2429023674821504
258419_20200921-probe0,217,258419,Excitatory,8655,1.773087191455087
258419_20200921-probe0,218,258419,Excitatory,24739,5.06809983008751
258419_20200921-probe0,219,258419,Excitatory,11464,2.3485466854813537
258419_20200921-probe0,220,258419,Excitatory,4739,0.9708446216413238
258419_20200921-probe0,221,258419,Excitatory,3938,0.8067495505430541
258419_20200921-probe0,222,258419,Excitatory,3160,0.6473663229344974
258419_20200921-probe0,223,258419,Inhibitory,10718,2.195719066206311
258419_20200921-probe0,224,258419,Inhibitory,5073,1.039268783622375
258419_20200921-probe0,225,258419,Excitatory,3901,0.7991696284074286
258419_20200921-probe0,226,258419,Excitatory,22633,4.636658856638126
258419_20200921-probe0,227,258419,Excitatory,2492,0.5105179989723948
258419_20200921-probe0,229,258419,Excitatory,21380,4.379965817828973
258419_20200921-probe0,230,258419,Excitatory,849,0.1739284835985406
258419_20200921-probe0,231,258419,Excitatory,1718,0.3519542224055274
258419_20200921-probe0,232,258419,Excitatory,3450,0.7067765234569671
258419_20200921-probe0,233,258419,Excitatory,2342,0.4797885849090484
258419_20200921-probe0,234,258419,Excitatory,2910,0.5961506328289201
258419_20200921-probe0,235,258419,Inhibitory,2711,0.5553829435048805
258419_20200921-probe0,236,258419,Excitatory,4444,0.9104101073167425
258419_20200921-probe0,237,258419,Excitatory,5085,1.0417271367474428
258419_20200921-probe0,238,258419,Excitatory,2255,0.46196552475230745
258419_20200921-probe0,239,258419,Excitatory,4357,0.8925870471600016
258419_20200921-probe0,240,258419,Excitatory,6838,1.400851555767751
258419_20200921-probe0,241,258419,Inhibitory,19563,4.0077301821416365
258419_20200921-probe0,242,258419,Excitatory,15202,3.114323683939946
258419_20200921-probe0,243,258419,Excitatory,9007,1.8451988831237398
258419_20200921-probe0,244,258419,Excitatory,4325,0.8860314388264877
258419_20200921-probe0,246,258419,Excitatory,1378,0.28230088386194224
258419_20200921-probe0,247,258419,Excitatory,6504,1.3324273937866997
258419_20200921-probe0,248,258419,Excitatory,16062,3.290505657903132
258419_20200921-probe0,249,258419,Excitatory,1129,0.2312900565167872
259112_20200914-probe0,0,259112,Excitatory,2234,0.39430812282793337
259112_20200914-probe0,1,259112,Excitatory,10123,1.786741775911893
259112_20200914-probe0,2,259112,Excitatory,12545,2.214232498154174
259112_20200914-probe0,3,259112,Excitatory,6850,1.2090468403631798
259112_20200914-probe0,4,259112,Excitatory,5227,0.9225821656318746
259112_20200914-probe0,5,259112,Excitatory,6866,1.2118708913771667
259112_20200914-probe0,6,259112,Inhibitory,8962,1.5818215742094623
259112_20200914-probe0,7,259112,Excitatory,7848,1.3851970223606183
259112_20200914-probe0,8,259112,Excitatory,22540,3.9783818659541708
259112_20200914-probe0,9,259112,Excitatory,22448,3.962143572623746
259112_20200914-probe0,10,259112,Excitatory,4253,0.7506680601554165
259112_20200914-probe0,11,259112,Excitatory,5130,0.9054613563595784
259112_20200914-probe0,12,259112,Excitatory,5200,0.9178165795457714
259112_20200914-probe0,14,259112,Excitatory,10709,1.8901726442991666
259112_20200914-probe0,15,259112,Excitatory,1331,0.23492574372604266
259112_20200914-probe0,16,259112,Excitatory,12943,2.2844807671271
259112_20200914-probe0,17,259112,Excitatory,984,0.17367913736019983
259112_20200914-probe0,18,259112,Excitatory,7787,1.3744303278697927
259112_20200914-probe0,19,259112,Excitatory,468,0.08260349215911943
259112_20200914-probe0,20,259112,Excitatory,1909,0.33694458660632265
259112_20200914-probe0,21,259112,Excitatory,28117,4.962740147517011
259112_20200914-probe0,22,259112,Excitatory,15204,2.6835544760411363
259112_20200914-probe0,23,259112,Excitatory,7126,1.2577617203544553
259112_20200914-probe0,24,259112,Excitatory,4875,0.8604530433241607
259112_20200914-probe0,25,259112,Excitatory,418,0.0737783327404101
259112_20200914-probe0,26,259112,Inhibitory,15615,2.756097286462927
259112_20200914-probe0,27,259112,Excitatory,2792,0.4927969019407296
259112_20200914-probe0,28,259112,Excitatory,25298,4.465177659490179
259112_20200914-probe0,29,259112,Excitatory,1736,0.30640953501758833
259112_20200914-probe0,30,259112,Excitatory,28605,5.048873703443614
259112_20200914-probe0,31,259112,Excitatory,904,0.15955888229026488
259112_20200914-probe0,32,259112,Inhibitory,10099,1.7825056993909127
259112_20200914-probe0,33,259112,Inhibitory,16348,2.885474123541206
259112_20200914-probe0,34,259112,Excitatory,23580,4.1619451818633255
259112_20200914-probe0,35,259112,Excitatory,762,0.13449542954113036
259112_20200914-probe0,36,259112,Inhibitory,31384,5.539376063935479
259112_20200914-probe0,37,259112,Inhibitory,23511,4.149766461865506
259112_20200914-probe0,38,259112,Inhibitory,19837,3.501293747778744
259112_20200914-probe0,39,259112,Excitatory,1612,0.2845231396591892
259112_20200914-probe0,40,259112,Excitatory,1270,0.22415904923521726
259112_20200914-probe0,41,259112,Excitatory,2980,0.5259795013550768
259112_20200914-probe0,42,259112,Inhibitory,18780,3.3147298776672285
259112_20200914-probe0,43,259112,Excitatory,3546,0.6258803059748664
259112_20200914-probe0,44,259112,Excitatory,7694,1.3580155313509934
259112_20200914-probe0,45,259112,Excitatory,2789,0.49226739237560707
259112_20200914-probe0,46,259112,Excitatory,4107,0.7248985946527853
259112_20200914-probe0,47,259112,Inhibitory,43897,7.7479604600616785
259112_20200914-probe0,48,259112,Inhibitory,82680,14.593283614777766
259112_20200914-probe0,49,259112,Excitatory,1428,0.2520465529983388
259112_20200914-probe0,51,259112,Excitatory,3459,0.6105245285863122
259112_20200914-probe0,52,259112,Inhibitory,19373,3.4193962683731214
259112_20200914-probe0,53,259112,Inhibitory,12960,2.2874813213294614
259112_20200914-probe0,54,259112,Inhibitory,14025,2.4754572169479703
259112_20200914-probe0,55,259112,Inhibitory,6695,1.1816888461651807
259112_20200914-probe0,56,259112,Inhibitory,110713,19.541197494471344
259112_20200914-probe0,57,259112,Inhibitory,30311,5.349988142809977
259112_20200914-probe0,58,259112,Excitatory,63978,11.292320985803725
259112_20200914-probe0,59,259112,Inhibitory,9239,1.6307129573891121
259112_20200914-probe0,60,259112,Inhibitory,8865,1.5647007649371663
259112_20200914-probe0,61,259112,Inhibitory,83962,14.819560702273474
259112_20200914-probe0,62,259112,Inhibitory,7722,1.3629576206254705
259112_20200914-probe0,63,259112,Inhibitory,21785,3.84512195873166
259112_20200914-probe0,64,259112,Inhibitory,3774,0.6661230329241811
259112_20200914-probe0,65,259112,Inhibitory,102653,18.1185817961754
259112_20200914-probe0,67,259112,Inhibitory,17938,3.1661141930561634
259112_20200914-probe0,68,259112,Inhibitory,52133,9.20164071951148
259112_20200914-probe0,69,259112,Inhibitory,13757,2.428154362463688
259112_20200914-probe0,70,259112,Inhibitory,31427,5.546965701035569
259112_20200914-probe0,71,259112,Excitatory,3975,0.7016001737873926
259112_20200914-probe0,72,259112,Inhibitory,12077,2.1316290059950544
259112_20200914-probe0,73,259112,Inhibitory,217555,38.39915114674621
259112_20200914-probe0,74,259112,Excitatory,1398,0.24675145734711318
259112_20200914-probe0,75,259112,Excitatory,5805,1.0246010085121544
259112_20200914-probe0,76,259112,Inhibitory,47674,8.414613002550983
259112_20200914-probe0,77,259112,Excitatory,37601,6.636696386057799
259112_20200914-probe0,78,259112,Excitatory,13409,2.3667312529094713
259112_20200914-probe0,79,259112,Excitatory,4738,0.8362721065168972
259112_20200914-probe0,80,259112,Inhibitory,9774,1.725142163169302
259112_20200914-probe0,81,259112,Excitatory,50221,8.864166623340036
259112_20200914-probe0,82,259112,Excitatory,6433,1.1354450108111438
259112_20200914-probe0,83,259112,Excitatory,6210,1.0960847998037002
259112_20200914-probe0,84,259112,Excitatory,17923,3.1634666452305504
259112_20200914-probe0,85,259112,Excitatory,16240,2.866411779196794
259112_20200914-probe0,86,259112,Inhibitory,25211,4.449821882101624
259112_20200914-probe0,87,259112,Excitatory,716,0.12637628287591776
259112_20200914-probe0,88,259112,Excitatory,30446,5.373816073240492
259112_20200914-probe0,89,259112,Excitatory,2404,0.42431366485154515
259112_20200914-probe0,90,259112,Excitatory,6251,1.1033214305270418
259112_20200914-probe0,91,259112,Excitatory,50842,8.973775103320406
259112_20200914-probe0,92,259112,Excitatory,47901,8.454679226311923
259112_20200914-probe0,93,259112,Excitatory,49712,8.774326500457576
259112_20200914-probe0,94,259112,Excitatory,16983,2.997553648158815
259112_20200914-probe0,95,259112,Excitatory,1945,0.3432987013877934
259112_20200914-probe0,96,259112,Excitatory,19631,3.4649340909736615
259112_20200914-probe0,97,259112,Excitatory,74428,13.136779304313977
259112_20200914-probe0,99,259112,Inhibitory,1556,0.27463896111023467
259112_20200914-probe0,100,259112,Inhibitory,43001,7.589813603278407
259112_20200914-probe0,101,259112,Excitatory,12586,2.2214691288775152
259112_20200914-probe0,102,259112,Excitatory,7988,1.4099074687330044
259112_20200914-probe0,103,259112,Inhibitory,29134,5.1422438900935585
259112_20200914-probe0,104,259112,Inhibitory,11748,2.0735594570199467
259112_20200914-probe0,105,259112,Excitatory,18697,3.300080113032171
259112_20200914-probe0,106,259112,Excitatory,5802,1.0240714989470319
259112_20200914-probe0,107,259112,Excitatory,3571,0.6302928856842211
259112_20200914-probe0,108,259112,Excitatory,17383,3.0681549235084895
259112_20200914-probe0,109,259112,Excitatory,6761,1.193338056597877
259112_20200914-probe0,110,259112,Excitatory,6308,1.1133821122643706
259112_20200914-probe0,111,259112,Excitatory,9023,1.5925882687002877
259112_20200914-probe0,112,259112,Excitatory,4092,0.7222510468271724
259112_20200914-probe0,113,259112,Excitatory,43858,7.741076835715085
259112_20200914-probe0,114,259112,Excitatory,44400,7.836741563813895
259112_20200914-probe0,115,259112,Excitatory,10684,1.885760064589812
259112_20200914-probe0,116,259112,Inhibitory,3113,0.5494544254088436
259112_20200914-probe0,117,259112,Excitatory,9033,1.5943533005840296
259112_20200914-probe0,118,259112,Excitatory,10071,1.7775636101164354
259112_20200914-probe0,119,259112,Excitatory,13002,2.294894455241177
259112_20200914-probe0,120,259112,Excitatory,21356,3.769402090919134
259112_20200914-probe0,121,259112,Excitatory,5782,1.020541435179548
259112_20200914-probe0,122,259112,Excitatory,9636,1.7007847231736641
259112_20200914-probe0,123,259112,Excitatory,3653,0.6447661471309044
259112_20200914-probe0,124,259112,Inhibitory,9283,1.6384790976775763
259112_20200914-probe0,125,259112,Inhibitory,14822,2.616130258082197
259112_20200914-probe0,126,259112,Excitatory,8346,1.4730956101709631
259112_20200914-probe0,127,259112,Excitatory,2648,0.4673804428148467
259112_20200914-probe0,128,259112,Excitatory,4133,0.7294876775505141
259112_20200914-probe0,129,259112,Excitatory,5743,1.0136578108329548
259112_20200914-probe0,130,259112,Excitatory,4008,0.7074247790037408
259112_20200914-probe0,131,259112,Excitatory,2204,0.38901302717670777
259112_20200914-probe0,132,259112,Excitatory,6170,1.0890246722687327
259112_20200914-probe0,133,259112,Excitatory,7003,1.2360518281844304
259112_20200914-probe0,134,259112,Excitatory,11001,1.9417115753044292
259112_20200914-probe0,135,259112,Excitatory,3935,0.6945400462524252
259112_20200914-probe0,136,259112,Excitatory,6908,1.2192840252888826
259112_20200914-probe0,137,259112,Excitatory,5749,1.0147168299632001
259112_20200914-probe0,138,259112,Inhibitory,38890,6.864208995872126
259112_20200914-probe0,139,259112,Excitatory,8785,1.5505805098672312
259112_20200914-probe0,140,259112,Excitatory,54115,9.55147003886912
259112_20200914-probe0,141,259112,Excitatory,6333,1.1177946919737252
259112_20200914-probe0,142,259112,Excitatory,7899,1.3941986849677017
259112_20200914-probe0,143,259112,Excitatory,1477,0.26069520922867395
259112_20200914-probe0,144,259112,Inhibitory,5219,0.9211701401248811
259112_20200914-probe0,145,259112,Excitatory,19348,3.414983688663767
259112_20200914-probe0,146,259112,Inhibitory,36951,6.521969313614577
259112_20200914-probe0,147,259112,Inhibitory,9813,1.7320257875158953
259112_20200914-probe0,148,259112,Inhibitory,893,0.15761734721814882
259112_20200914-probe0,149,259112,Excitatory,2157,0.380717377323121
259112_20200914-probe0,150,259112,Excitatory,25779,4.5500756930981625
259112_20200914-probe0,151,259112,Excitatory,3652,0.6445896439425303
259112_20200914-probe0,152,259112,Excitatory,5270,0.9301718027319645
259112_20200914-probe0,153,259112,Excitatory,562,0.099194791866293
259112_20200914-probe0,154,259112,Excitatory,8051,1.421027169600578
259112_20200914-probe0,155,259112,Excitatory,25768,4.548134158026046
259112_20200914-probe0,156,259112,Excitatory,29648,5.232966528917891
259112_20200914-probe0,157,259112,Excitatory,23797,4.200246373740524
259112_20200914-probe0,158,259112,Excitatory,12942,2.2843042639387257
259112_20200914-probe0,159,259112,Excitatory,1950,0.3441812173296643
259112_20200914-probe0,160,259112,Excitatory,25566,4.51248051397446
259112_20200914-probe0,161,259112,Inhibitory,3109,0.5487484126553468
259112_20200914-probe0,162,259112,Inhibitory,6809,1.201810209639838
259112_20200914-probe0,163,259112,Excitatory,16893,2.981668361205138
259112_20200914-probe0,164,259112,Excitatory,1085,0.1915059593859927
259112_20200914-probe0,165,259112,Excitatory,1463,0.2582241645914353
259112_20200914-probe0,166,259112,Excitatory,1722,0.3039384903803497
259112_20200914-probe0,167,259112,Excitatory,7846,1.3848440159838697
259112_20200914-probe0,168,259112,Excitatory,2895,0.5109767303432708
259112_20200914-probe0,169,259112,Excitatory,1399,0.24692796053548735
259112_20200914-probe0,170,259112,Excitatory,6088,1.0745514108220493
259112_20200914-probe0,171,259112,Excitatory,1035,0.18268079996728337
259112_20200914-probe0,172,259112,Excitatory,20417,3.6036655970357723
259112_20200914-probe0,173,259112,Excitatory,13064,2.305837652920377
268947_20200922-probe0,0,268947,Excitatory,6029,1.1541822092591756
268947_20200922-probe0,1,268947,Excitatory,1863,0.35664976875930404
268947_20200922-probe0,2,268947,Excitatory,10566,2.0227383020455214
268947_20200922-probe0,3,268947,Excitatory,4642,0.8886571264523292
268947_20200922-probe0,4,268947,Excitatory,11051,2.115585933740778
268947_20200922-probe0,5,268947,Excitatory,552,0.10567400555831231
268947_20200922-probe0,6,268947,Excitatory,43654,8.357052606236532
268947_20200922-probe0,7,268947,Excitatory,25278,4.839180276273584
268947_20200922-probe0,8,268947,Excitatory,19513,3.735537808803167
268947_20200922-probe0,9,268947,Excitatory,31603,6.050028256629246
268947_20200922-probe0,10,268947,Excitatory,24488,4.687943927739044
268947_20200922-probe0,11,268947,Excitatory,16182,3.0978564455518294
268947_20200922-probe0,12,268947,Excitatory,2688,0.514586461849173
268947_20200922-probe0,14,268947,Excitatory,1820,0.3484179168770442
268947_20200922-probe0,15,268947,Excitatory,9634,1.8443176984579361
268947_20200922-probe0,16,268947,Excitatory,5183,0.99222530943611
268947_20200922-probe0,17,268947,Inhibitory,2458,0.4705556261998762
268947_20200922-probe0,18,268947,Excitatory,3741,0.7161711137566057
268947_20200922-probe0,19,268947,Excitatory,2218,0.42461040639191433
268947_20200922-probe0,20,268947,Excitatory,30941,5.923296025325618
268947_20200922-probe0,21,268947,Excitatory,5973,1.1434616579706511
268947_20200922-probe0,22,268947,Excitatory,682,0.13056099962095832
268947_20200922-probe0,23,268947,Excitatory,10475,2.0053174062016694
268947_20200922-probe0,24,268947,Excitatory,11575,2.215899663654828
268947_20200922-probe0,25,268947,Excitatory,1829,0.3501408626198428
268947_20200922-probe0,26,268947,Excitatory,2793,0.5346874955151563
268947_20200922-probe0,27,268947,Excitatory,44296,8.47995606922283
268947_20200922-probe0,28,268947,Excitatory,23096,4.421461652852864
268947_20200922-probe0,29,268947,Inhibitory,62295,11.925656116404104
268947_20200922-probe0,30,268947,Excitatory,24030,4.600265133272183
268947_20200922-probe0,31,268947,Excitatory,44749,8.566677671610359
268947_20200922-probe0,32,268947,Inhibitory,12011,2.2993668129726252
268947_20200922-probe0,33,268947,Excitatory,1754,0.3357829814298547
268947_20200922-probe0,34,268947,Excitatory,35438,6.784194581477304
268947_20200922-probe0,35,268947,Excitatory,19079,3.6524535363171027
268947_20200922-probe0,36,268947,Excitatory,149618,28.642632905115164
268947_20200922-probe0,37,268947,Inhibitory,1740,0.3331028436077236
268947_20200922-probe0,38,268947,Excitatory,152996,29.28931187391223
268947_20200922-probe0,39,268947,Inhibitory,7856,1.5039401950472853
268947_20200922-probe0,40,268947,Inhibitory,39416,7.545736599794272
268947_20200922-probe0,41,268947,Excitatory,116295,22.263330573195525
268947_20200922-probe0,42,268947,Inhibitory,1508,0.28868913112669375
268947_20200922-probe0,43,268947,Excitatory,5200,0.9954797625058406
268947_20200922-probe0,44,268947,Excitatory,90994,17.419747213357013
268947_20200922-probe0,45,268947,Inhibitory,193602,37.06286018858764
268947_20200922-probe0,46,268947,Excitatory,25220,4.8280768481533265
268947_20200922-probe0,47,268947,Excitatory,106363,20.36196422680937
268947_20200922-probe0,48,268947,Inhibitory,29433,5.6346068941989245
268947_20200922-probe0,49,268947,Excitatory,184588,35.337234307966945
268947_20200922-probe0,50,268947,Excitatory,14553,2.786003266105288
268947_20200922-probe0,51,268947,Excitatory,41610,7.96575248420539
268947_20200922-probe0,52,268947,Excitatory,81533,15.608548360843981
268947_20200922-probe0,53,268947,Excitatory,57651,11.036616113120042
268947_20200922-probe0,56,268947,Excitatory,38770,7.422067383144507
268947_20200922-probe0,57,268947,Excitatory,34466,6.598116441255058
268947_20200922-probe0,58,268947,Excitatory,140459,26.88924845419382
268947_20200922-probe0,59,268947,Excitatory,63796,12.213005178619731
268947_20200922-probe0,60,268947,Excitatory,18125,3.469821287580454
268947_20200922-probe0,61,268947,Excitatory,26099,4.996351215699987
268947_20200922-probe0,62,268947,Excitatory,11764,2.252081524253598
268947_20200922-probe0,63,268947,Excitatory,6914,1.323605207301035
268947_20200922-probe0,64,268947,Inhibitory,3465,0.6633341109774495
268947_20200922-probe0,65,268947,Excitatory,192112,36.777616948946545
268947_20200922-probe0,66,268947,Excitatory,34402,6.585864382639602
268947_20200922-probe0,67,268947,Excitatory,59615,11.412601161881863
268947_20200922-probe0,68,268947,Excitatory,29754,5.696058625692073
268947_20200922-probe0,69,268947,Excitatory,45071,8.628320841519374
268947_20200922-probe0,70,268947,Excitatory,2077,0.3976175897547367
268947_20200922-probe0,71,268947,Excitatory,13499,2.584227175781989
268947_20200922-probe0,72,268947,Excitatory,22700,4.345652040169727
268947_20200922-probe0,73,268947,Inhibitory,6530,1.250092855608296
268947_20200922-probe0,74,268947,Excitatory,10275,1.9670297230283678
268947_20200922-probe0,75,268947,Excitatory,3133,0.5997765569097689
268947_20200922-probe0,76,268947,Excitatory,22002,4.212028025894905
268947_20200922-probe0,77,268947,Excitatory,75525,14.458386358318002
268947_20200922-probe0,78,268947,Inhibitory,29275,5.604359624492016
268947_20200922-probe0,79,268947,Excitatory,3026,0.5792926464120526
268947_20200922-probe0,80,268947,Excitatory,29052,5.5616688577537845
268947_20200922-probe0,81,268947,Excitatory,19901,3.8098159141593717
268947_20200922-probe0,82,268947,Excitatory,33609,6.434053718857461
268947_20200922-probe0,83,268947,Excitatory,20140,3.855569695551467
268947_20200922-probe0,84,268947,Excitatory,36637,7.013729242101246
268947_20200922-probe0,85,268947,Excitatory,35466,6.789554857121566
268947_20200922-probe0,86,268947,Excitatory,18993,3.635989832552583
268947_20200922-probe0,87,268947,Excitatory,63458,12.148298994056853
268947_20200922-probe0,88,268947,Excitatory,28624,5.47973321576292
268947_20200922-probe0,89,268947,Excitatory,76688,14.681029235970751
268947_20200922-probe0,90,268947,Excitatory,72119,13.806347113876676
268947_20200922-probe0,91,268947,Excitatory,7776,1.4886251217779647
268947_20200922-probe0,92,268947,Excitatory,12432,2.379962386052425
268947_20200922-probe0,93,268947,Inhibitory,19606,3.753341581478752
268947_20200922-probe0,94,268947,Excitatory,29292,5.607614077561747
268947_20200922-probe0,95,268947,Excitatory,68939,13.197572951421181
268947_20200922-probe0,96,268947,Excitatory,9708,1.8584841412320579
268947_20200922-probe0,97,268947,Excitatory,4971,0.9516403652724104
268947_20200922-probe0,98,268947,Excitatory,23499,4.498611334447067
268947_20200922-probe0,99,268947,Excitatory,3003,0.5748895628471229
268947_20200922-probe0,100,268947,Excitatory,21788,4.171060204899472
268947_20200922-probe0,101,268947,Excitatory,18911,3.620291882451529
268947_20200922-probe0,102,268947,Excitatory,9720,1.8607814022224558
268947_20200922-probe0,103,268947,Excitatory,37079,7.098345021914243
268947_20200922-probe0,104,268947,Excitatory,31888,6.104588205151201
268947_20200922-probe0,105,268947,Excitatory,1477,0.28275454023483204
268947_20200922-probe0,106,268947,Excitatory,9008,1.7244772501255023
268947_20200922-probe0,107,268947,Excitatory,54692,10.470149840571045
268947_20200922-probe0,108,268947,Excitatory,20136,3.8548039418880014
268947_20200922-probe0,109,268947,Excitatory,1627,0.3114703026148082
268947_20200922-probe0,110,268947,Excitatory,14220,2.722254273621741
268947_20200922-probe0,111,268947,Excitatory,28752,5.504237332993832
268947_20200922-probe0,112,268947,Excitatory,35472,6.790703487616765
268947_20200922-probe0,113,268947,Inhibitory,35760,6.845837751386319
268947_20200922-probe0,114,268947,Excitatory,68011,13.019918101497062
268947_20200922-probe0,115,268947,Excitatory,11381,2.1787606109767252
268947_20200922-probe0,116,268947,Inhibitory,5761,1.1028767138069515
268947_20200922-probe0,117,268947,Excitatory,15327,2.9341765999859653
268947_20200922-probe0,118,268947,Excitatory,4969,0.9512574884406773
268947_20200922-probe0,119,268947,Inhibitory,13454,2.575612447067996
268947_20200922-probe0,120,268947,Excitatory,3687,0.7058334392998142
268947_20200922-probe0,121,268947,Excitatory,18698,3.579515499871963
268947_20200922-probe0,123,268947,Excitatory,3403,0.6514649291937261
268947_20200922-probe0,124,268947,Excitatory,30211,5.783545981743067
268947_20200922-probe0,125,268947,Excitatory,25969,4.9714642216373415
268947_20200922-probe0,126,268947,Excitatory,23022,4.407295210078742
268947_20200922-probe0,127,268947,Excitatory,2390,0.45753781392095366
268947_20200922-probe0,128,268947,Excitatory,1136,0.21747404042435287
268947_20200922-probe0,129,268947,Excitatory,29983,5.739898022925503
268947_20200922-probe0,130,268947,Excitatory,1078,0.20637061230409542
268947_20200922-probe0,131,268947,Inhibitory,21670,4.148470471827224
268947_20200922-probe0,132,268947,Excitatory,5425,1.0385534060758048
268947_20200922-probe0,133,268947,Excitatory,8837,1.6917412810123296
268947_20200922-probe0,134,268947,Inhibitory,2301,0.44049979490883445
268947_20200922-probe0,135,268947,Inhibitory,37761,7.2289060215352015
268947_20200922-probe0,136,268947,Excitatory,1781,0.3409518186582504
268947_20200922-probe0,137,268947,Excitatory,9197,1.7606591107242724
268947_20200922-probe0,138,268947,Inhibitory,9537,1.825748172118885
268947_20200922-probe0,139,268947,Excitatory,9044,1.7313690330966967
268947_20200922-probe0,140,268947,Excitatory,19517,3.7363035624666328
268947_20200922-probe0,141,268947,Excitatory,1195,0.22876890696047683
268947_20200922-probe0,142,268947,Inhibitory,55584,10.64091290752397
268947_20200922-probe0,143,268947,Excitatory,6513,1.2468384025385653
268947_20200922-probe0,144,268947,Excitatory,2974,0.5693378487869942
268947_20200922-probe0,145,268947,Excitatory,8411,1.6101885158531972
268947_20200922-probe0,146,268947,Excitatory,95933,18.365261549321694
268947_20200922-probe0,147,268947,Inhibitory,54021,10.341694663524619
268947_20200922-probe0,148,268947,Excitatory,3649,0.6985587794968869
268947_20200922-probe0,149,268947,Excitatory,9279,1.7763570608253259
268947_20200922-probe0,150,268947,Inhibitory,3670,0.7025789862300836
268947_20200922-probe0,151,268947,Excitatory,27206,5.2082735420642114
268947_20200922-probe0,152,268947,Inhibitory,75268,14.409186685440309
268947_20200922-probe0,153,268947,Excitatory,2168,0.4150384855985889
268947_20200922-probe0,154,268947,Excitatory,31056,5.945311443150266
268947_20200922-probe0,155,268947,Excitatory,4486,0.858792733577154
268947_20200922-probe0,156,268947,Excitatory,13823,2.6462532225227373
268947_20200922-probe0,157,268947,Excitatory,3926,0.7515872206919096
268947_20200922-probe0,158,268947,Inhibitory,11734,2.2463383717776026
268947_20200922-probe0,159,268947,Excitatory,1084,0.20751924279929446
268947_20200922-probe0,160,268947,Excitatory,36964,7.076329604089595
268947_20200922-probe0,161,268947,Excitatory,1863,0.35664976875930404
268947_20200922-probe0,162,268947,Excitatory,38931,7.452888968099016
268947_20200922-probe0,163,268947,Excitatory,15785,3.021855394452826
268947_20200922-probe0,164,268947,Excitatory,15858,3.035830398811081
268947_20200922-probe0,165,268947,Excitatory,2963,0.5672320262124626
268947_20200922-probe0,166,268947,Excitatory,44365,8.493165319917619
268947_20200922-probe0,167,268947,Excitatory,48805,9.343151886364913
268947_20200922-probe0,168,268947,Excitatory,1235,0.23642644359513715
268947_20200922-probe0,169,268947,Excitatory,5427,1.038936282907538
268947_20200922-probe0,170,268947,Inhibitory,42368,8.110862803432203
268947_20200922-probe0,171,268947,Excitatory,13762,2.6345754791548806
268947_20200922-probe0,172,268947,Excitatory,5120,0.98016468923652
268947_20200922-probe0,173,268947,Inhibitory,4236,0.8109331296105271
268947_20200922-probe0,174,268947,Excitatory,788,0.15085347170280816
268947_20200922-probe0,175,268947,Excitatory,29440,5.63594696310999
268947_20200922-probe0,176,268947,Excitatory,14902,2.8528152732426992
268947_20200922-probe0,177,268947,Excitatory,16639,3.1853438016028233
268947_20200922-probe0,178,268947,Excitatory,45499,8.71025648351024
268947_20200922-probe0,179,268947,Excitatory,4119,0.7885348349541457
268947_20200922-probe0,180,268947,Excitatory,8880,1.6999731328945893
268947_20200922-probe0,181,268947,Excitatory,66226,12.678200529175346
268947_20200922-probe0,182,268947,Excitatory,26868,5.143567357501332
268947_20200922-probe0,183,268947,Excitatory,17577,3.364913035685608
268947_20200922-probe0,184,268947,Excitatory,21883,4.1892468544067905
268947_20200922-probe0,185,268947,Excitatory,23151,4.431990765725522
268947_20200922-probe0,186,268947,Excitatory,4101,0.7850889434685485
268947_20200922-probe0,187,268947,Inhibitory,93786,17.954243270456303
268947_20200922-probe0,188,268947,Inhibitory,128124,24.527855594480446
268947_20200922-probe0,189,268947,Inhibitory,17349,3.321265076868044
268947_20200922-probe0,190,268947,Inhibitory,102718,19.66417120097595
268947_20200922-probe0,191,268947,Excitatory,21812,4.175654726880269
268947_20200922-probe0,192,268947,Excitatory,8786,1.6819779218031377
268947_20200922-probe0,193,268947,Inhibitory,22445,4.296835244123768
268947_20200922-probe0,194,268947,Excitatory,2559,0.4898909062023935
268947_20200922-probe0,196,268947,Excitatory,9218,1.7646793174574689
268947_20200922-probe0,198,268947,Excitatory,12838,2.4576863828942273
268947_20200922-probe0,199,268947,Inhibitory,13486,2.5817384763757243
268947_20200922-probe0,200,268947,Excitatory,4692,0.8982290472456547
268947_20200922-probe0,201,268947,Excitatory,28021,5.364295850995416
268947_20200922-probe0,202,268947,Excitatory,3394,0.6497419834509275
268947_20200922-probe0,203,268947,Excitatory,14540,2.7835145666990235
268947_20200922-probe0,204,268947,Excitatory,18038,3.453166145400068
268947_20200922-probe0,205,268947,Excitatory,18481,3.537973363628931
268947_20200922-probe0,206,268947,Excitatory,13121,2.511863454584449
268947_20200922-probe0,207,268947,Excitatory,25045,4.794575125376688
268947_20200922-probe0,208,268947,Excitatory,24918,4.770262446561642
268947_20200922-probe0,209,268947,Excitatory,7446,1.425450444542017
268947_20200922-probe0,210,268947,Excitatory,5328,1.0199838797367535
268947_20200922-probe0,211,268947,Excitatory,15004,2.872341991661083
268947_20200922-probe0,212,268947,Excitatory,17697,3.3878856455895887
268947_20200922-probe0,213,268947,Excitatory,3397,0.650316298698527
268947_20200922-probe0,214,268947,Excitatory,6650,1.2730654655122768
268947_20200922-probe0,215,268947,Excitatory,858,0.1642541608134637
268947_20200922-probe0,216,268947,Inhibitory,9079,1.7380693776520244
268947_20200922-probe0,217,268947,Excitatory,4444,0.8507523201107607
268947_20200922-probe0,218,268947,Inhibitory,51015,9.766230785429896
268947_20200922-probe0,219,268947,Inhibitory,20143,3.856144010799067
268947_20200922-probe0,220,268947,Excitatory,868,0.16616854497212877
268947_20200922-probe0,221,268947,Excitatory,3372,0.6455303383018643
268947_20200922-probe0,222,268947,Excitatory,1748,0.33463435093465566
268947_20200922-probe0,223,268947,Excitatory,34531,6.610559938286381
268947_20200922-probe0,224,268947,Excitatory,9473,1.8134961135034284
268947_20200922-probe0,225,268947,Excitatory,36534,6.9940110852669966
268947_20200922-probe0,226,268947,Excitatory,7442,1.424684690878551
268947_20200922-probe0,227,268947,Excitatory,8787,1.6821693602190042
268947_20200922-probe0,228,268947,Excitatory,1339,0.25633603884525397
268947_20200922-probe0,229,268947,Excitatory,19403,3.714479583057851
268947_20200922-probe0,230,268947,Excitatory,8786,1.6819779218031377
268947_20200922-probe0,231,268947,Excitatory,17132,3.2797229406250117
268947_20200922-probe0,232,268947,Excitatory,821,0.15717093942640292
268947_20200922-probe0,233,268947,Excitatory,499,0.0955277695173874
268947_20200922-probe0,234,268947,Excitatory,1875,0.35894702974970216
268947_20200922-probe0,235,268947,Excitatory,932,0.17842060358758527
268947_20200922-probe0,236,268947,Inhibitory,7306,1.398649066320706
268947_20200922-probe0,237,268947,Excitatory,980,0.18760964754917764
268947_20200922-probe0,238,268947,Excitatory,578,0.11065140437084152
268947_20200922-probe0,239,268947,Excitatory,1656,0.31702201667493696
268947_20200922-probe0,240,268947,Excitatory,1380,0.26418501389578075
268947_20200922-probe0,241,268947,Excitatory,3749,0.7177026210835378
268947_20200922-probe0,242,268947,Excitatory,635,0.12156339407523246
268947_20200922-probe0,243,268947,Excitatory,2839,0.5434936626450156
268947_20200922-probe0,244,268947,Excitatory,1591,0.30457851964361393
268947_20200922-probe0,245,268947,Excitatory,7906,1.5135121158406106
268947_20200922-probe0,246,268947,Excitatory,3507,0.6713745244438429
268947_20200922-probe0,247,268947,Excitatory,5177,0.9910766789409109
268947_20200922-probe0,248,268947,Excitatory,23295,4.459557897610299
268947_20200922-probe0,249,268947,Excitatory,7810,1.495134027917426
268947_20200922-probe0,251,268947,Excitatory,12291,2.3529695694152473
268947_20200922-probe0,252,268947,Excitatory,7085,1.356341176414208
268947_20200922-probe0,253,268947,Excitatory,9308,1.7819087748854547
268947_20200922-probe0,254,268947,Excitatory,2783,0.5327731113564912
268947_20200922-probe0,255,268947,Inhibitory,2780,0.5321987961088918
268947_20200922-probe0,257,268947,Excitatory,3677,0.7039190551411492
268947_20200922-probe0,258,268947,Excitatory,8391,1.606359747535867
268947_20200922-probe0,259,268947,Inhibitory,10098,1.933145123419996
268947_20200922-probe0,260,268947,Excitatory,12235,2.342249018126723
268947_20200922-probe0,261,268947,Excitatory,49136,9.406518002016728
268947_20200922-probe0,262,268947,Excitatory,52700,10.088804516164961
268947_20200922-probe0,263,268947,Excitatory,20973,4.015037895968268
268947_20200922-probe0,264,268947,Excitatory,1189,0.22762027646527777
268947_20200922-probe0,265,268947,Inhibitory,110491,21.152222007506314
268947_20200922-probe0,266,268947,Excitatory,8923,1.7082049847768492
268947_20200922-probe0,267,268947,Excitatory,43556,8.338291641481614
268947_20200922-probe0,268,268947,Inhibitory,20082,3.84446626743121
268947_20200922-probe0,269,268947,Excitatory,4750,0.9093324753659121
268947_20200922-probe0,270,268947,Excitatory,1627,0.3114703026148082
268947_20200922-probe0,271,268947,Excitatory,6431,1.2311404524375118
268947_20200922-probe0,272,268947,Excitatory,3613,0.6916669965256927
268947_20200922-probe0,273,268947,Excitatory,7049,1.3494493934430136
268947_20200922-probe0,274,268947,Excitatory,3444,0.6593139042442528
268947_20200922-probe0,275,268947,Excitatory,3821,0.7314861870259264
268947_20200922-probe0,276,268947,Excitatory,22195,4.248975640157141
268947_20200922-probe0,277,268947,Excitatory,3171,0.6070512167126962
268947_20200922-probe0,278,268947,Excitatory,14413,2.759201887883977
268947_20200922-probe0,279,268947,Excitatory,22934,4.39044862948249
268947_20200922-probe0,280,268947,Excitatory,6284,1.2029990053051351
268947_20200922-probe0,281,268947,Excitatory,1397,0.2674394669655114
268947_20200922-probe0,282,268947,Excitatory,13129,2.513394961911381
268947_20200922-probe0,283,268947,Excitatory,35219,6.742269568402539
268947_20200922-probe0,284,268947,Excitatory,18335,3.5100233549124207
268947_20200922-probe0,285,268947,Excitatory,9652,1.8477635899435334
268947_20200922-probe0,286,268947,Excitatory,12714,2.43394801932678
268947_20200922-probe0,287,268947,Excitatory,30686,5.874479229279658
268947_20200922-probe0,288,268947,Excitatory,45954,8.797360962729499
268947_20200922-probe0,289,268947,Excitatory,1317,0.2521243936961908
268947_20200922-probe0,290,268947,Excitatory,10528,2.0154636422425942
268947_20200922-probe0,291,268947,Inhibitory,2923,0.5595744895778023
268947_20200922-probe0,292,268947,Excitatory,8321,1.5929590584252116
268947_20200922-probe0,293,268947,Excitatory,35592,6.813676097520746
268951_20200922-probe0,0,268951,Excitatory,1696,0.29298636929287253
268951_20200922-probe0,1,268951,Excitatory,30302,5.234712831552255
268951_20200922-probe0,2,268951,Excitatory,372,0.06426351967980459
268951_20200922-probe0,3,268951,Excitatory,9915,1.7128301011431788
268951_20200922-probe0,4,268951,Excitatory,34652,5.986181408453195
268951_20200922-probe0,5,268951,Excitatory,2156,0.3724520119076847
268951_20200922-probe0,6,268951,Excitatory,20915,3.613095468019121
268951_20200922-probe0,7,268951,Excitatory,33495,5.786308042137244
268951_20200922-probe0,8,268951,Excitatory,26616,4.597951182251825
268951_20200922-probe0,9,268951,Excitatory,46366,8.009791272779085
268951_20200922-probe0,10,268951,Excitatory,1101,0.19019928808458295
268951_20200922-probe0,11,268951,Excitatory,455,0.07860188562986851
268951_20200922-probe0,12,268951,Excitatory,103,0.017793393889838367
268951_20200922-probe0,13,268951,Excitatory,36764,6.351032358893376
268951_20200922-probe0,14,268951,Excitatory,269,0.046470125789966225
268951_20200922-probe0,15,268951,Excitatory,2571,0.4441438416580043
268951_20200922-probe0,16,268951,Inhibitory,91648,15.832320031222395
268951_20200922-probe0,17,268951,Excitatory,4899,0.8463090938477492
268951_20200922-probe0,18,268951,Excitatory,54640,9.439136331463772
268951_20200922-probe0,19,268951,Excitatory,17412,3.0079473243676276
268951_20200922-probe0,20,268951,Excitatory,195,0.03368652241280079
268951_20200922-probe0,21,268951,Excitatory,1505,0.2599908524680266
268951_20200922-probe0,22,268951,Excitatory,983,0.16981462323991375
268951_20200922-probe0,23,268951,Excitatory,12757,2.2037895713851268
268951_20200922-probe0,24,268951,Excitatory,14530,2.510077798246131
268951_20200922-probe0,25,268951,Excitatory,39101,6.75475237365602
268951_20200922-probe0,26,268951,Excitatory,25102,4.3364055672109
268951_20200922-probe0,27,268951,Excitatory,17305,2.9894629248898346
268951_20200922-probe0,28,268951,Excitatory,32152,5.55430291598139
268951_20200922-probe0,30,268951,Excitatory,6366,1.0997353932302043
268951_20200922-probe0,31,268951,Inhibitory,38610,6.669931437734557
268951_20200922-probe0,32,268951,Excitatory,26409,4.56219164307516
268951_20200922-probe0,33,268951,Excitatory,459,0.0792928912178234
268951_20200922-probe0,34,268951,Inhibitory,56105,9.692217128052249
268951_20200922-probe0,35,268951,Inhibitory,9505,1.6420020283778027
268951_20200922-probe0,36,268951,Inhibitory,153346,26.490735722632568
268951_20200922-probe0,37,268951,Excitatory,493,0.08516643871543995
268951_20200922-probe0,39,268951,Inhibitory,36079,6.2326976519561015
268951_20200922-probe0,40,268951,Excitatory,1020,0.17620642492849645
268951_20200922-probe0,41,268951,Excitatory,9163,1.5829210506076599
268951_20200922-probe0,42,268951,Excitatory,18716,3.233215146040921
268951_20200922-probe0,43,268951,Excitatory,1548,0.2674191625385417
268951_20200922-probe0,44,268951,Inhibitory,25256,4.363009282347163
268951_20200922-probe0,45,268951,Excitatory,4057,0.7008524175832452
268951_20200922-probe0,46,268951,Excitatory,8457,1.460958564333622
268951_20200922-probe0,47,268951,Excitatory,12762,2.20465332837007
268951_20200922-probe0,48,268951,Excitatory,9752,1.684671623434017
268951_20200922-probe0,49,268951,Inhibitory,22239,3.841818317632189
268951_20200922-probe0,50,268951,Inhibitory,18912,3.2670744198507107
268951_20200922-probe0,51,268951,Excitatory,2797,0.4831856573774555
268951_20200922-probe0,52,268951,Inhibitory,8864,1.531268382908032
268951_20200922-probe0,53,268951,Excitatory,2305,0.39819197005900425
268951_20200922-probe0,55,268951,Inhibitory,13145,2.2708171134167507
268951_20200922-probe0,56,268951,Excitatory,44109,7.619891369775539
268951_20200922-probe0,57,268951,Inhibitory,21636,3.7376492252479894
268951_20200922-probe0,58,268951,Inhibitory,74798,12.92145899196243
268951_20200922-probe0,59,268951,Excitatory,39567,6.835254524652764
268951_20200922-probe0,60,268951,Excitatory,26607,4.596396419678927
268951_20200922-probe0,61,268951,Excitatory,19920,3.4412078280153424
268951_20200922-probe0,62,268951,Excitatory,29917,5.168203543711597
268951_20200922-probe0,63,268951,Excitatory,95994,16.583097602535382
268951_20200922-probe0,64,268951,Excitatory,5201,0.8984800157383432
268951_20200922-probe0,65,268951,Excitatory,61674,10.654269657882441
268951_20200922-probe0,66,268951,Excitatory,42067,7.267133017124569
268951_20200922-probe0,67,268951,Excitatory,8185,1.4139701843526897
268951_20200922-probe0,68,268951,Inhibitory,113243,19.562886449193847
268951_20200922-probe0,69,268951,Excitatory,53267,9.201948663398255
268951_20200922-probe0,70,268951,Excitatory,7210,1.2455375722886857
268951_20200922-probe0,71,268951,Excitatory,7141,1.233617725896464
268951_20200922-probe0,72,268951,Inhibitory,28045,4.844812928548709
268951_20200922-probe0,73,268951,Inhibitory,126448,21.84406864642992
268951_20200922-probe0,74,268951,Excitatory,62451,10.788497493342678
268951_20200922-probe0,75,268951,Excitatory,4584,0.7918924037963018
268951_20200922-probe0,76,268951,Excitatory,29454,5.088219646905818
268951_20200922-probe0,77,268951,Excitatory,19512,3.370725258043944
268951_20200922-probe0,78,268951,Excitatory,26805,4.630601196282694
268951_20200922-probe0,79,268951,Excitatory,8143,1.4067146256791634
268951_20200922-probe0,80,268951,Excitatory,6036,1.0427274322239262
268951_20200922-probe0,81,268951,Excitatory,25624,4.426581796439013
268951_20200922-probe0,82,268951,Excitatory,15122,2.6123466252634544
268951_20200922-probe0,83,268951,Excitatory,20165,3.4835319202775796
268951_20200922-probe0,84,268951,Excitatory,17520,3.0266044752424097
268951_20200922-probe0,85,268951,Excitatory,12901,2.2286657725515027
268951_20200922-probe0,86,268951,Excitatory,14056,2.428193636073477
268951_20200922-probe0,87,268951,Excitatory,29435,5.084937370363033
268951_20200922-probe0,88,268951,Excitatory,6261,1.0815964965463885
268951_20200922-probe0,89,268951,Excitatory,7375,1.274041552791825
268951_20200922-probe0,90,268951,Excitatory,22965,3.967235831846001
268951_20200922-probe0,91,268951,Excitatory,12683,2.1910059680079614
268951_20200922-probe0,92,268951,Excitatory,34725,5.998792260433372
268951_20200922-probe0,93,268951,Inhibitory,20758,3.585973498691892
268951_20200922-probe0,94,268951,Excitatory,15232,2.631349278932214
268951_20200922-probe0,95,268951,Excitatory,36011,6.220950556960869
268951_20200922-probe0,96,268951,Excitatory,2534,0.4377520399694216
268951_20200922-probe0,97,268951,Excitatory,10541,1.8209724756581187
268951_20200922-probe0,98,268951,Excitatory,224,0.03869631292547373
268951_20200922-probe0,99,268951,Excitatory,513,0.08862146665521439
268951_20200922-probe0,100,268951,Excitatory,523,0.09034898062510162
268951_20200922-probe0,101,268951,Excitatory,12654,2.1859961774952885
268951_20200922-probe0,102,268951,Excitatory,40695,7.0301181004560425
268951_20200922-probe0,103,268951,Excitatory,36755,6.349477596320478
268951_20200922-probe0,104,268951,Excitatory,53975,9.324256652466271
268951_20200922-probe0,105,268951,Excitatory,16233,2.8042734273179244
268951_20200922-probe0,106,268951,Inhibitory,105497,18.22475412811921
268951_20200922-probe0,107,268951,Excitatory,45296,7.824947278001153
268951_20200922-probe0,108,268951,Inhibitory,74426,12.857195472282624
268951_20200922-probe0,109,268951,Excitatory,5346,0.9235289683017079
268951_20200922-probe0,110,268951,Excitatory,31342,5.414374284420526
268951_20200922-probe0,111,268951,Excitatory,15842,2.7367276310953343
268951_20200922-probe0,112,268951,Excitatory,13818,2.387078803590161
268951_20200922-probe0,113,268951,Excitatory,9452,1.6328462043374006
268951_20200922-probe0,114,268951,Excitatory,33565,5.798400639926455
268951_20200922-probe0,115,268951,Inhibitory,92439,15.968966386240474
268951_20200922-probe0,116,268951,Excitatory,42863,7.404643129127592
268951_20200922-probe0,117,268951,Excitatory,13344,2.3051946414175064
268951_20200922-probe0,118,268951,Excitatory,9238,1.595877405381814
268951_20200922-probe0,119,268951,Inhibitory,72414,12.509619661541317
268951_20200922-probe0,120,268951,Excitatory,12125,2.0946106884882543
268951_20200922-probe0,121,268951,Inhibitory,21366,3.6910063480610344
268951_20200922-probe0,123,268951,Inhibitory,12857,2.221064711083999
268951_20200922-probe0,124,268951,Excitatory,802,0.13854662038495505
268951_20200922-probe0,125,268951,Excitatory,23632,4.082461013637479
268951_20200922-probe0,126,268951,Excitatory,549,0.09484051694680838
268951_20200922-probe0,127,268951,Excitatory,2824,0.487849945096151
268951_20200922-probe0,128,268951,Excitatory,386,0.06668203923764669
268951_20200922-probe0,129,268951,Excitatory,1237,0.21369347807504913
268951_20200922-probe0,130,268951,Inhibitory,65826,11.371533458179616
268951_20200922-probe0,131,268951,Excitatory,4009,0.6925603505277865
268951_20200922-probe0,132,268951,Excitatory,6324,1.092479834556678
268951_20200922-probe0,133,268951,Excitatory,636,0.1098698884848272
268951_20200922-probe0,134,268951,Excitatory,3197,0.5522862161729443
268951_20200922-probe0,135,268951,Excitatory,23327,4.029771837555918
268951_20200922-probe0,136,268951,Excitatory,19899,3.4375800486785795
268951_20200922-probe0,137,268951,Excitatory,19669,3.3978472273711735
268951_20200922-probe0,138,268951,Excitatory,33879,5.852644578580914
268951_20200922-probe0,139,268951,Excitatory,42782,7.390650265971505
268951_20200922-probe0,140,268951,Excitatory,33698,5.821376575725955
268951_20200922-probe0,141,268951,Excitatory,22562,3.8976170188595463
268951_20200922-probe0,142,268951,Excitatory,791,0.13664635501807912
268951_20200922-probe0,143,268951,Excitatory,5408,0.9342395549150087
268951_20200922-probe0,144,268951,Excitatory,1536,0.265346145774677
268951_20200922-probe0,145,268951,Excitatory,2457,0.42445018240129
268951_20200922-probe0,146,268951,Excitatory,6099,1.0536107702342157
268951_20200922-probe0,147,268951,Excitatory,53268,9.202121414795245
268951_20200922-probe0,148,268951,Excitatory,925,0.15979504221456786
268951_20200922-probe0,149,268951,Excitatory,18521,3.1995286236281206
268951_20200922-probe0,150,268951,Excitatory,2649,0.4576184506231246
268951_20200922-probe0,151,268951,Excitatory,13531,2.337499152654398
268951_20200922-probe0,152,268951,Excitatory,3133,0.5412301267656661
268951_20200922-probe0,153,268951,Excitatory,3142,0.5427848893385646
273853_20200925-probe0,0,273853,Inhibitory,255141,52.83436313298828
273853_20200925-probe0,1,273853,Inhibitory,159091,32.9444176560813
273853_20200925-probe0,2,273853,Inhibitory,56479,11.69561926694669
273853_20200925-probe0,3,273853,Inhibitory,9115,1.8875257992921097
273853_20200925-probe0,4,273853,Excitatory,60949,12.621262747235853
273853_20200925-probe0,5,273853,Excitatory,64809,13.420587989722693
273853_20200925-probe0,6,273853,Inhibitory,8561,1.7728039898781955
273853_20200925-probe0,7,273853,Inhibitory,72375,14.987348296628245
273853_20200925-probe0,8,273853,Inhibitory,89446,18.522395243388047
273853_20200925-probe0,9,273853,Inhibitory,51447,10.653597344616694
273853_20200925-probe0,10,273853,Inhibitory,23817,4.9320024094064925
273853_20200925-probe0,12,273853,Inhibitory,13776,2.8527213835488867
273853_20200925-probe0,14,273853,Inhibitory,55369,11.465761489962132
273853_20200925-probe0,15,273853,Excitatory,11505,2.382444796583184
273853_20200925-probe0,16,273853,Inhibitory,35244,7.298295037877248
273853_20200925-probe0,17,273853,Inhibitory,2401,0.4971968671530834
273853_20200925-probe0,18,273853,Inhibitory,41881,8.672678880982211
273853_20200925-probe0,20,273853,Excitatory,3401,0.7042759455175497
273853_20200925-probe0,22,273853,Excitatory,7960,1.6483494637811513
273853_20200925-probe0,23,273853,Excitatory,43362,8.979362996039985
273853_20200925-probe0,24,273853,Inhibitory,88530,18.332710807606198
273853_20200925-probe0,25,273853,Excitatory,21067,4.36253494390421
273853_20200925-probe0,26,273853,Excitatory,6627,1.3723130523213178
273853_20200925-probe0,27,273853,Excitatory,27247,5.642283648196612
273853_20200925-probe0,28,273853,Excitatory,3188,0.6601681018259183
273853_20200925-probe0,29,273853,Excitatory,1564,0.3238716785620252
273853_20200925-probe0,30,273853,Excitatory,22163,4.5894936137916655
273853_20200925-probe0,31,273853,Excitatory,22632,4.6866137015446
273853_20200925-probe0,32,273853,Excitatory,5618,1.1633702622515714
273853_20200925-probe0,33,273853,Excitatory,3663,0.7585306640490398
273853_20200925-probe0,34,273853,Inhibitory,43793,9.06861407881507
273853_20200925-probe0,35,273853,Excitatory,27577,5.710619744056886
273853_20200925-probe0,36,273853,Excitatory,6358,1.3166087802412763
273853_20200925-probe0,37,273853,Excitatory,46657,9.661688559250901
273853_20200925-probe0,38,273853,Excitatory,56195,11.63680880869118
273853_20200925-probe0,39,273853,Excitatory,2716,0.5624267768378903
273853_20200925-probe0,40,273853,Excitatory,66643,13.800371019443123
273853_20200925-probe0,41,273853,Excitatory,109265,22.626495497493405
273853_20200925-probe0,42,273853,Excitatory,120129,24.876202604844966
273853_20200925-probe0,44,273853,Inhibitory,28611,5.924739511085743
273853_20200925-probe0,45,273853,Excitatory,92535,19.162062516455883
273853_20200925-probe0,46,273853,Excitatory,29471,6.1028275184791845
273853_20200925-probe0,47,273853,Inhibitory,38167,7.903587183936583
273853_20200925-probe0,48,273853,Inhibitory,80668,16.704655093504762
273853_20200925-probe0,49,273853,Excitatory,85865,17.780845063764893
273853_20200925-probe0,50,273853,Excitatory,475,0.09836256222312147
273853_20200925-probe0,51,273853,Inhibitory,20028,4.14737978148353
273853_20200925-probe0,52,273853,Excitatory,7404,1.533213496210508
273853_20200925-probe0,53,273853,Excitatory,45677,9.458751062453725
273853_20200925-probe0,54,273853,Excitatory,5302,1.0979332734884
273853_20200925-probe0,55,273853,Excitatory,6151,1.2737434110198318
273853_20200925-probe0,56,273853,Excitatory,3156,0.6535415713182554
273853_20200925-probe0,57,273853,Excitatory,24392,5.05107287946606
273853_20200925-probe0,58,273853,Inhibitory,43578,9.02409207696671
273853_20200925-probe0,59,273853,Excitatory,2301,0.4764889593166368
273853_20200925-probe0,60,273853,Excitatory,9940,2.0583660389427942
273853_20200925-probe0,61,273853,Excitatory,5918,1.2254939857609113
273853_20200925-probe0,63,273853,Excitatory,50854,10.530799451146565
273853_20200925-probe0,64,273853,Excitatory,6769,1.401718281449072
273853_20200925-probe0,65,273853,Excitatory,11568,2.3954907785201454
273853_20200925-probe0,66,273853,Excitatory,17150,3.551406193950596
273853_20200925-probe0,67,273853,Excitatory,1566,0.3242858367187541
273853_20200925-probe0,68,273853,Excitatory,617,0.12776779135087568
273853_20200925-probe0,69,273853,Excitatory,455,0.09422098065583213
273853_20200925-probe0,70,273853,Excitatory,1378,0.2853549699862345
273853_20200925-probe0,71,273853,Excitatory,19915,4.123979845628345
273853_20200925-probe0,72,273853,Excitatory,6169,1.2774708344303922
273853_20200925-probe0,73,273853,Excitatory,18257,3.78064273370006
273853_20200925-probe0,74,273853,Excitatory,55474,11.4875047931904
273853_20200925-probe0,75,273853,Excitatory,257,0.053219323139667825
273853_20200925-probe0,76,273853,Excitatory,122043,25.272551960834555
273853_20200925-probe0,77,273853,Excitatory,46768,9.684674336949357
273853_20200925-probe0,78,273853,Excitatory,2317,0.4798022245704683
273853_20200925-probe0,79,273853,Excitatory,25413,5.262500618476181
273853_20200925-probe0,80,273853,Excitatory,2630,0.5446179760985462
273853_20200925-probe0,81,273853,Excitatory,1614,0.3342256324802485
273853_20200925-probe0,82,273853,Inhibitory,10011,2.0730686535066716
273853_20200925-probe0,83,273853,Excitatory,9076,1.8794497152358955
273853_20200925-probe0,84,273853,Excitatory,51977,10.763349256149862
273853_20200925-probe0,85,273853,Excitatory,7521,1.5574417483791505
273853_20200925-probe0,86,273853,Inhibitory,19619,4.062684438432463
273853_20200925-probe0,87,273853,Excitatory,1044,0.21619055781250276
273853_20200925-probe0,88,273853,Excitatory,35339,7.317967550321873
273853_20200925-probe0,89,273853,Excitatory,1174,0.24311083799988337
273853_20200925-probe0,91,273853,Excitatory,2001,0.41436523580729695
273853_20200925-probe0,92,273853,Excitatory,491,0.10167582747695292
273853_20200925-probe0,93,273853,Excitatory,11826,2.4489171807381775
273853_20200925-probe0,94,273853,Excitatory,7146,1.4797870939924758
273853_20200925-probe0,95,273853,Excitatory,32494,6.728827572374966
273853_20200925-probe0,96,273853,Inhibitory,60857,12.602211472026323
273853_20200925-probe0,97,273853,Inhibitory,5234,1.0838518961596162
273853_20200925-probe0,98,273853,Excitatory,8725,1.806764958729968
273853_20200925-probe0,99,273853,Excitatory,3448,0.7140086622006796
273853_20200925-probe0,100,273853,Excitatory,3629,0.751489975384648
273853_20200925-probe0,101,273853,Inhibitory,21841,4.5228141505583075
273853_20200925-probe0,102,273853,Excitatory,1222,0.25305063376137776
273853_20200925-probe0,103,273853,Excitatory,11249,2.329432552521881
273853_20200925-probe0,104,273853,Inhibitory,45863,9.497267771029515
273853_20200925-probe0,105,273853,Excitatory,11925,2.46941800949626
273853_20200925-probe0,106,273853,Excitatory,9424,1.9515132345067299
273853_20200925-probe0,107,273853,Excitatory,2482,0.5139702725006052
273853_20200925-probe0,108,273853,Excitatory,9414,1.9494424437230853
273853_20200925-probe0,109,273853,Excitatory,9018,1.8674391286907566
273853_20200925-probe0,110,273853,Inhibitory,43596,9.02781950037727
273853_20200925-probe0,111,273853,Excitatory,62741,12.992348455664976
273853_20200925-probe0,112,273853,Excitatory,7702,1.594923061563119
273853_20200925-probe0,113,273853,Excitatory,104157,21.56873556520771
273853_20200925-probe0,114,273853,Excitatory,7374,1.527001123859574
273853_20200925-probe0,115,273853,Excitatory,16934,3.5066771130238714
273853_20200925-probe0,116,273853,Excitatory,8745,1.8109065402972573
273853_20200925-probe0,117,273853,Excitatory,2560,0.5301224406130336
273853_20200925-probe0,118,273853,Excitatory,8202,1.698462600745352
273853_20200925-probe0,119,273853,Excitatory,21761,4.50624782428915
273853_20200925-probe0,120,273853,Excitatory,2617,0.5419259480798081
273853_20200925-probe0,121,273853,Excitatory,16352,3.386157089415752
273853_20200925-probe0,122,273853,Excitatory,122090,25.282284677517683
273853_20200925-probe0,123,273853,Excitatory,46537,9.636839069847165
273853_20200925-probe0,124,273853,Excitatory,88966,18.422997285773103
273853_20200925-probe0,125,273853,Excitatory,8294,1.717513875954883
273853_20200925-probe0,126,273853,Excitatory,48951,10.136727965018986
273853_20200925-probe0,127,273853,Excitatory,13827,2.863282416545475
273853_20200925-probe0,128,273853,Excitatory,52518,10.875379037545038
273853_20200925-probe0,129,273853,Excitatory,28387,5.878353797532103
273853_20200925-probe0,130,273853,Excitatory,42029,8.703326584580152
273853_20200925-probe0,131,273853,Excitatory,32480,6.725928465277863
273853_20200925-probe0,132,273853,Excitatory,68554,14.196099138197619
273853_20200925-probe0,133,273853,Excitatory,142194,29.445402468956914
273853_20200925-probe0,134,273853,Excitatory,82680,17.121298199174067
273853_20200925-probe0,135,273853,Excitatory,3958,0.8196189921665574
273853_20200925-probe0,136,273853,Excitatory,72461,15.005157097367588
273853_20200925-probe0,137,273853,Excitatory,10149,2.101645566320968
273853_20200925-probe0,138,273853,Excitatory,67490,13.975766998817827
273853_20200925-probe0,139,273853,Excitatory,12565,2.6019486196495185
273853_20200925-probe0,140,273853,Excitatory,43092,8.92345164488158
273853_20200925-probe0,141,273853,Excitatory,1043,0.21598347873413828
273853_20200925-probe0,142,273853,Excitatory,21585,4.469801906497004
273853_20200925-probe0,143,273853,Excitatory,86153,17.84048383833386
273853_20200925-probe0,144,273853,Excitatory,106337,22.020167956042247
273853_20200925-probe0,145,273853,Excitatory,19386,4.014435013173543
273853_20200925-probe0,146,273853,Inhibitory,12670,2.623691922877787
273853_20200925-probe0,147,273853,Excitatory,69022,14.293012146872188
273853_20200925-probe0,148,273853,Excitatory,3785,0.7837943116095047
273853_20200925-probe0,149,273853,Inhibitory,30079,6.22873159812478
273853_20200925-probe0,150,273853,Excitatory,205699,42.59595934049234
273853_20200925-probe0,151,273853,Excitatory,39497,8.179002358161323
273853_20200925-probe0,152,273853,Excitatory,26990,5.589064325056944
273853_20200925-probe0,153,273853,Excitatory,16923,3.504399243161862
273853_20200925-probe0,154,273853,Inhibitory,21639,4.480984176728685
273853_20200925-probe0,155,273853,Inhibitory,7636,1.5812558423910643
273853_20200925-probe0,156,273853,Inhibitory,185551,38.42373006960508
273853_20200925-probe0,157,273853,Excitatory,12058,2.496959526918734
273853_20200925-probe0,158,273853,Excitatory,5572,1.153844624646806
273853_20200925-probe0,159,273853,Excitatory,1741,0.36052467543253575
273853_20200925-probe0,160,273853,Excitatory,11321,2.344342246164122
273853_20200925-probe0,161,273853,Inhibitory,11695,2.4217898214724327
273853_20200925-probe0,162,273853,Inhibitory,12608,2.6108530200191904
273853_20200925-probe0,163,273853,Excitatory,584,0.12093418176484828
273853_20200925-probe0,164,273853,Excitatory,1487,0.3079265895279613
273853_20200925-probe0,165,273853,Excitatory,755,0.15634470416517202
273853_20200925-probe0,166,273853,Excitatory,1244,0.257606373485396
273853_20200925-probe0,167,273853,Excitatory,244,0.05052729512092976
273853_20200925-probe0,168,273853,Excitatory,2111,0.43714393442738825
273853_20200925-probe0,169,273853,Excitatory,2135,0.44211383230813545
273853_20200925-probe0,170,273853,Inhibitory,3166,0.6556123621019001
273853_20200925-probe0,171,273853,Excitatory,464,0.09608469236111233
273853_20200925-probe0,172,273853,Excitatory,3109,0.6438088546351255
273853_20200925-probe0,173,273853,Excitatory,7020,1.453695130118553
273853_20200925-probe0,174,273853,Excitatory,8539,1.7682482501541772
273853_20200925-probe0,175,273853,Excitatory,7735,1.6017566711491464
273853_20200925-probe0,176,273853,Inhibitory,16717,3.461740953018782
273853_20200925-probe0,178,273853,Inhibitory,4844,1.0030910555974744
273853_20200925-probe0,179,273853,Excitatory,6084,1.2598691127694126
273853_20200925-probe0,180,273853,Excitatory,9651,1.9985201852954637
273853_20200925-probe0,181,273853,Excitatory,1819,0.3766768435449641
273853_20200925-probe0,182,273853,Excitatory,4809,0.9958432878547181
273853_20200925-probe0,183,273853,Excitatory,4720,0.9774132498802807
273853_20200925-probe0,184,273853,Inhibitory,41667,8.628363958212216
273853_20200925-probe0,185,273853,Inhibitory,22773,4.7158118515939895
273853_20200925-probe0,187,273853,Excitatory,5078,1.0515475599347595
273853_20200925-probe0,188,273853,Excitatory,7890,1.6338539282956386
273853_20200925-probe0,189,273853,Excitatory,450,0.0931855852640098
273853_20200925-probe0,190,273853,Excitatory,41292,8.55070930382554
273853_20200925-probe0,191,273853,Excitatory,17411,3.605453833403722
273853_20200925-probe0,192,273853,Excitatory,21138,4.377237558468087
273853_20200925-probe0,193,273853,Excitatory,6412,1.3277910504729575
273853_20200925-probe0,194,273853,Excitatory,1906,0.39469272336267264
273853_20200925-probe0,195,273853,Excitatory,9724,2.0136369580160696
273853_20200925-probe0,196,273853,Excitatory,28046,5.80773983180982
273853_20200925-probe0,197,273853,Excitatory,15039,3.114262259523208
273853_20200925-probe0,198,273853,Excitatory,16665,3.45097284094383
273853_20200925-probe0,199,273853,Excitatory,38425,7.957013586154615
273853_20200925-probe0,200,273853,Excitatory,6209,1.2857539975649708
273853_20200925-probe0,201,273853,Excitatory,4378,0.9065922050796332
273853_20200925-probe0,202,273853,Excitatory,5236,1.0842660543163452
273853_20200925-probe0,203,273853,Inhibitory,5644,1.1687543182890474
273853_20200925-probe0,204,273853,Excitatory,15002,3.1066003336237227
273853_20200925-probe0,205,273853,Inhibitory,49161,10.180214571475524
273853_20200925-probe0,206,273853,Inhibitory,62734,12.990898902116426
273853_20200925-probe0,207,273853,Excitatory,19214,3.9788174116948545
273853_20200925-probe0,208,273853,Inhibitory,13668,2.8303568430855246
273853_20200925-probe0,209,273853,Excitatory,39218,8.121227295297636
273853_20200925-probe0,210,273853,Excitatory,14229,2.94652820604799
273853_20200925-probe0,211,273853,Inhibitory,17698,3.6648855288943234
273853_20200925-probe0,212,273853,Excitatory,19220,3.980059886165041
273853_20200925-probe0,213,273853,Excitatory,12548,2.5984282753173225
273853_20200925-probe0,214,273853,Excitatory,5747,1.1900834633605875
273853_20200925-probe0,215,273853,Excitatory,12724,2.6348741931094684
273853_20200925-probe0,216,273853,Excitatory,12590,2.60712559660863
273853_20200925-probe0,217,273853,Excitatory,3780,0.7827589162176823
273853_20200925-probe0,218,273853,Excitatory,1447,0.29964342639338265
273853_20200925-probe0,219,273853,Excitatory,8842,1.8309932108986104
273853_20200925-probe0,220,273853,Excitatory,41833,8.662739085220716
273853_20200925-probe0,221,273853,Excitatory,6497,1.3453927721339372
273853_20200925-probe0,222,273853,Excitatory,6491,1.3441502976637503
273853_20200925-probe0,223,273853,Excitatory,8966,1.8566710166158042
273853_20200925-probe0,224,273853,Excitatory,4601,0.9527708395549092
273853_20200925-probe0,225,273853,Excitatory,2411,0.4992676579367281
273853_20200925-probe0,226,273853,Excitatory,55191,11.428901414013255
273853_20200925-probe0,227,273853,Excitatory,6234,1.2909309745240825
273853_20200925-probe0,228,273853,Excitatory,278,0.057567983785321616
273853_20200925-probe0,229,273853,Inhibitory,17131,3.5474716914616713
273853_20200925-probe0,230,273853,Excitatory,3822,0.79145623750899
273853_20200925-probe0,231,273853,Excitatory,19278,3.9920704727101803
273853_20200925-probe0,232,273853,Excitatory,5408,1.1198836557950334
273853_20200925-probe0,233,273853,Inhibitory,53100,10.995899061153157
273853_20200925-probe0,234,273853,Excitatory,20691,4.284673210439171
273853_20200925-probe0,235,273853,Excitatory,10513,2.1770223508456334
273853_20200925-probe0,236,273853,Excitatory,36513,7.561078388321755
273853_20200925-probe0,237,273853,Inhibitory,12304,2.5479009801963928
273853_20200925-probe0,238,273853,Excitatory,24359,5.044239269880033
273853_20200925-probe0,239,273853,Excitatory,5350,1.1078730692498944
273853_20200925-probe0,240,273853,Excitatory,58580,12.130692410590433
273853_20200925-probe0,241,273853,Inhibitory,30199,6.253581087528516
273853_20200925-probe0,242,273853,Excitatory,2936,0.6079841740780729
273853_20200925-probe0,243,273853,Excitatory,18451,3.8208160749027664
273853_20200925-probe0,244,273853,Excitatory,17212,3.5642450968091928
273853_20200925-probe0,245,273853,Excitatory,32123,6.652001234301749
273853_20200925-probe0,246,273853,Excitatory,12306,2.5483151383531215
273853_20200925-probe0,247,273853,Inhibitory,15507,3.211175268197778
273853_20200925-probe0,248,273853,Excitatory,29268,6.0607904655711975
273853_20200925-probe0,249,273853,Excitatory,14325,2.966407797570979
273853_20200925-probe0,250,273853,Excitatory,5043,1.0442997921920032
273853_20200925-probe0,251,273853,Excitatory,37501,7.765672517745848
273853_20200925-probe0,252,273853,Excitatory,13639,2.824351549812955
273853_20200925-probe0,253,273853,Inhibitory,9264,1.9183805819684152
273853_20200925-probe0,254,273853,Excitatory,7477,1.548330268931114
273853_20200925-probe0,255,273853,Excitatory,4892,1.0130308513589688
273853_20200925-probe0,256,273853,Excitatory,14151,2.9303760379355617
273853_20200925-probe0,257,273853,Excitatory,11159,2.3107954354690787
273853_20200925-probe0,258,273853,Excitatory,18166,3.7617985375688936
273853_20200925-probe0,259,273853,Excitatory,25845,5.35195878032963
273853_20200925-probe0,260,273853,Excitatory,25140,5.205968030082682
273853_20200925-probe0,261,273853,Excitatory,11426,2.366085549392391
273853_20200925-probe0,263,273853,Excitatory,7187,1.488277336205419
273853_20200925-probe0,264,273853,Excitatory,7677,1.5897460846040072
273853_20200925-probe0,265,273853,Excitatory,29737,6.1579105533241325
273853_20200925-probe0,266,273853,Excitatory,5449,1.1283738980079765
273853_20200925-probe0,267,273853,Excitatory,12474,2.583104423518352
273853_20200925-probe0,268,273853,Excitatory,19800,4.100165751616432
273853_20200925-probe0,269,273853,Excitatory,10029,2.076796076917232
273853_20200925-probe0,270,273853,Excitatory,44889,9.295572748702526
273853_20200925-probe0,271,273853,Excitatory,14669,3.0376430005283552
273853_20200925-probe0,272,273853,Inhibitory,28376,5.876075927670094
273853_20200925-probe0,273,273853,Excitatory,3835,0.794148265527728
273853_20200925-probe0,274,273853,Inhibitory,23480,4.862216759997668
273853_20200925-probe0,275,273853,Excitatory,30485,6.312805703940754
273853_20200925-probe0,276,273853,Inhibitory,35008,7.249424375383234
273853_20200925-probe0,277,273853,Excitatory,679,0.14060669420947258
273853_20200925-probe0,278,273853,Excitatory,110,0.022778698620091287
273853_20200925-probe0,279,273853,Excitatory,1397,0.28928947247515935
273853_20200925-probe0,280,273853,Excitatory,23365,4.838402665985754
273853_20200925-probe0,281,273853,Excitatory,1006,0.20832155283465303
273853_20200925-probe0,282,273853,Excitatory,3575,0.7403077051529668
273853_20200925-probe0,283,273853,Excitatory,441,0.09132187355872962
273853_20200925-probe0,284,273853,Excitatory,2621,0.542754264393266
273853_20200925-probe0,285,273853,Excitatory,895,0.18533577513619728
273853_20200925-probe0,286,273853,Excitatory,2752,0.5698816236590111
273853_20200925-probe0,287,273853,Excitatory,3269,0.6769415071734401
273853_20200925-probe0,288,273853,Excitatory,479,0.09919087853657933
273853_20200925-probe0,289,273853,Excitatory,532,0.11016606968989603
273853_20200925-probe0,290,273853,Excitatory,2936,0.6079841740780729
273853_20200925-probe0,291,273853,Excitatory,7459,1.5446028455205536
273853_20200925-probe0,292,273853,Excitatory,505,0.10457493457405545
273853_20200925-probe0,293,273853,Excitatory,5169,1.070391756065926
273853_20200925-probe0,294,273853,Excitatory,2532,0.5243242264188285
273853_20200925-probe0,295,273853,Excitatory,6934,1.435886329379209
273853_20200925-probe0,296,273853,Excitatory,4606,0.9538062349467314
273853_20200925-probe0,297,273853,Excitatory,11260,2.33171042238389
273853_20200925-probe0,298,273853,Excitatory,8803,1.8229171268423963
273853_20200925-probe0,299,273853,Inhibitory,21621,4.477256753318125
273853_20200925-probe0,300,273853,Excitatory,7364,1.5249303330759294
273853_20200925-probe0,301,273853,Inhibitory,15194,3.1463595166697003
273853_20200925-probe0,302,273853,Excitatory,1237,0.25615681993684475
273853_20200925-probe0,303,273853,Excitatory,9465,1.960003476719673
273853_20200925-probe0,304,273853,Excitatory,5396,1.1173987068546598
273853_20200925-probe0,305,273853,Excitatory,1538,0.3184876225245491
273853_20200925-probe0,306,273853,Excitatory,2725,0.5642904885431705
273853_20200925-probe0,307,273853,Excitatory,1943,0.4023546492621579
273853_20200925-probe0,309,273853,Excitatory,4873,1.009096348870044
273853_20200925-probe0,310,273853,Excitatory,1260,0.26091963873922747
273853_20200925-probe0,311,273853,Excitatory,622,0.128803186742698
273853_20200925-probe0,312,273853,Excitatory,4412,0.913632893744025
273853_20200925-probe0,313,273853,Excitatory,10156,2.103095119869519
273853_20200925-probe0,314,273853,Excitatory,20912,4.330437686757718
273853_20200925-probe0,315,273853,Excitatory,3997,0.8276950762227716
273853_20200925-probe0,316,273853,Excitatory,1092,0.22613035357399713
273853_20200925-probe0,317,273853,Excitatory,555,0.11492888849227877
273853_20200925-probe0,318,273853,Excitatory,4031,0.8347357648871634
273853_20200925-probe0,319,273853,Excitatory,566,0.11720675835428788
273853_20200925-probe0,320,273853,Excitatory,1257,0.2602984015041341
273853_20200925-probe0,321,273853,Excitatory,8295,1.7177209550332475
273853_20200925-probe0,322,273853,Excitatory,3103,0.6425663801649387
273853_20200925-probe0,323,273853,Excitatory,1821,0.377091001701693
273853_20200925-probe0,324,273853,Excitatory,1284,0.26588953661997466
273853_20200925-probe0,325,273853,Excitatory,9262,1.9179664238116862
273853_20200925-probe0,326,273853,Excitatory,4503,0.9324770898751915
273853_20200925-probe0,327,273853,Excitatory,3124,0.6469150408105925
273853_20200925-probe0,328,273853,Excitatory,1407,0.291360263258804
273853_20200925-probe0,329,273853,Excitatory,403,0.0834528685808799
273853_20200925-probe0,330,273853,Excitatory,22560,4.671704007902358
273853_20200925-probe0,331,273853,Excitatory,4079,0.8446755606486578
273853_20200925-probe0,332,273853,Excitatory,3766,0.7798598091205798
273853_20200925-probe0,333,273853,Inhibitory,24223,5.016076515222466
273853_20200925-probe0,334,273853,Inhibitory,8678,1.797032242046838
273853_20200925-probe0,335,273853,Excitatory,3905,0.8086438010132406
273853_20200925-probe0,336,273853,Excitatory,2677,0.5543506927816761
273853_20200925-probe0,337,273853,Excitatory,17619,3.6485262817035307
273853_20200925-probe0,338,273853,Excitatory,42118,8.721756622554588
273853_20200925-probe0,339,273853,Excitatory,6844,1.4172492123264069
273853_20200925-probe0,340,273853,Excitatory,16826,3.484312572560509
273853_20200925-probe0,341,273853,Excitatory,41078,8.506394381055545
273853_20200925-probe0,342,273853,Excitatory,17974,3.722039354522916
273853_20200925-probe0,343,273853,Inhibitory,18054,3.7386056807920736
273853_20200925-probe0,344,273853,Excitatory,45662,9.455644876278257
273853_20200925-probe0,345,273853,Excitatory,14327,2.966821955727708
273853_20200925-probe0,346,273853,Excitatory,22101,4.576654710933068
273853_20200925-probe0,347,273853,Inhibitory,3040,0.6295203982279773
273853_20200925-probe0,348,273853,Excitatory,42432,8.786779453161031
273853_20200925-probe0,349,273853,Excitatory,12140,2.51394001134462
273853_20200925-probe0,350,273853,Excitatory,2279,0.4719332195926186
273853_20200925-probe0,351,273853,Excitatory,13964,2.8916522502814064
273853_20200925-probe0,352,273853,Excitatory,13822,2.862247021153652
273853_20200925-probe0,353,273853,Excitatory,51539,10.672648619826225
273853_20200925-probe0,354,273853,Excitatory,10466,2.1672896341625036
273853_20200925-probe0,355,273853,Excitatory,11969,2.4785294889442966
273853_20200925-probe0,356,273853,Excitatory,12105,2.5066922436018637
273853_20200925-probe0,357,273853,Inhibitory,200205,41.45826688395796
273853_20200925-probe0,358,273853,Excitatory,22517,4.662799607532686
273853_20200925-probe0,359,273853,Excitatory,11113,2.3012697978643133
273853_20200925-probe0,360,273853,Excitatory,3680,0.7620510083812357
273853_20200925-probe0,361,273853,Excitatory,3264,0.6759061117816179
273853_20200925-probe0,362,273853,Excitatory,5780,1.1969170729466148
273853_20200925-probe0,363,273853,Excitatory,10066,2.0844580028167172
273853_20200925-probe0,364,273853,Excitatory,9673,2.003075925019482
273853_20200925-probe0,365,273853,Excitatory,155306,32.160623344471794
273853_20200925-probe0,366,273853,Excitatory,102683,21.263501003698487
273853_20200925-probe0,367,273853,Excitatory,28476,5.8967838355065405
273853_20200925-probe0,368,273853,Inhibitory,32414,6.712261246105808
273853_20200925-probe0,369,273853,Excitatory,1512,0.31310356648707294
273853_20200925-probe0,370,273853,Excitatory,10057,2.082594291111437
273853_20200925-probe0,371,273853,Excitatory,2375,0.4918128111156073
273853_20200925-probe0,372,273853,Excitatory,3024,0.6262071329741459
273853_20200925-probe0,373,273853,Excitatory,13704,2.8378116899066455
273853_20200925-probe0,374,273853,Inhibitory,1096,0.226958669887455
273853_20200925-probe0,375,273853,Excitatory,488,0.10105459024185952
273853_20200925-probe0,376,273853,Excitatory,2932,0.607155857764615
273853_20200925-probe0,377,273853,Excitatory,4949,1.0248343588257434
273853_20200925-probe0,378,273853,Excitatory,1194,0.2472524195671727
273853_20200925-probe0,379,273853,Excitatory,1264,0.26174795505268533
273853_20200925-probe0,380,273853,Excitatory,2820,0.5839630009877947
273853_20200925-probe0,381,273853,Excitatory,16437,3.4037588110767314
273853_20200925-probe0,382,273853,Excitatory,14396,2.981110412134856
273853_20200925-probe0,383,273853,Inhibitory,688,0.14247040591475277
273853_20200925-probe0,384,273853,Excitatory,9353,1.9368106199428528
273853_20200925-probe0,385,273853,Excitatory,8613,1.7835721019531476
273853_20200925-probe0,386,273853,Excitatory,106,0.02195038230663342
273853_20200925-probe0,387,273853,Excitatory,39448,8.168855483321463
273853_20200925-probe0,388,273853,Excitatory,5951,1.2323275953469386
273853_20200925-probe0,389,273853,Excitatory,9457,1.9583468440927572
273853_20200925-probe0,390,273853,Excitatory,3195,0.6616176553744696
273853_20200925-probe0,391,273853,Excitatory,3768,0.7802739672773088
273853_20200925-probe0,392,273853,Excitatory,730,0.15116772720606036
273853_20200925-probe0,393,273853,Excitatory,2442,0.5056871093660266
273853_20200925-probe0,394,273853,Excitatory,1498,0.31020445938997043
273853_20200925-probe0,395,273853,Excitatory,8994,1.8624692308100093
273853_20200925-probe0,396,273853,Excitatory,9867,2.043249266222188
273855_20200928-probe0,0,273855,Excitatory,21206,4.164703776098905
273855_20200928-probe0,1,273855,Excitatory,631,0.12392379905302317
273855_20200928-probe0,2,273855,Excitatory,3643,0.7154586370050133
273855_20200928-probe0,3,273855,Inhibitory,193246,37.95210534358243
273855_20200928-probe0,4,273855,Inhibitory,12813,2.516379773797759
273855_20200928-probe0,5,273855,Excitatory,62728,12.319321817746493
273855_20200928-probe0,6,273855,Excitatory,7523,1.4774623459205916
273855_20200928-probe0,7,273855,Excitatory,9119,1.7909051086600924
273855_20200928-probe0,8,273855,Inhibitory,67991,13.35293664249461
273855_20200928-probe0,9,273855,Excitatory,4182,0.821314306877564
273855_20200928-probe0,10,273855,Excitatory,33598,6.598402219625155
273855_20200928-probe0,11,273855,Excitatory,1498,0.2941962773081279
273855_20200928-probe0,12,273855,Inhibitory,22271,4.373862010633723
273855_20200928-probe0,13,273855,Excitatory,32553,6.393171839260005
273855_20200928-probe0,14,273855,Excitatory,8933,1.7543760648821807
273855_20200928-probe0,15,273855,Excitatory,9371,1.8403960711979084
273855_20200928-probe0,16,273855,Excitatory,4558,0.895157965267321
273855_20200928-probe0,17,273855,Excitatory,13233,2.5988647113607857
273855_20200928-probe0,18,273855,Excitatory,13701,2.6907764989310152
273855_20200928-probe0,19,273855,Excitatory,33570,6.592903223787619
273855_20200928-probe0,20,273855,Excitatory,1877,0.3686291138233352
273855_20200928-probe0,21,273855,Excitatory,5760,1.1312220008643636
273855_20200928-probe0,22,273855,Inhibitory,71184,13.980018560682094
273855_20200928-probe0,23,273855,Excitatory,30328,5.956198062884448
273855_20200928-probe0,24,273855,Excitatory,27837,5.466983826052307
273855_20200928-probe0,25,273855,Inhibitory,79530,15.619112105684522
273855_20200928-probe0,26,273855,Excitatory,8912,1.7502518180040294
273855_20200928-probe0,27,273855,Excitatory,1567,0.30774737419348225
273855_20200928-probe0,28,273855,Excitatory,4787,0.9401318955100189
273855_20200928-probe0,29,273855,Excitatory,14045,2.7583355906493034
273855_20200928-probe0,30,273855,Inhibitory,87546,17.193396056887426
273855_20200928-probe0,31,273855,Excitatory,5970,1.1724644696458768
273855_20200928-probe0,32,273855,Excitatory,11980,2.35278464763109
273855_20200928-probe0,33,273855,Inhibitory,2968,0.5828935587787207
273855_20200928-probe0,34,273855,Excitatory,547,0.10742681154041787
273855_20200928-probe0,35,273855,Inhibitory,13840,2.718075085410207
273855_20200928-probe0,36,273855,Excitatory,3145,0.6176550681802819
273855_20200928-probe0,37,273855,Excitatory,4037,0.7928373641474715
273855_20200928-probe0,38,273855,Excitatory,18667,3.666062689259562
273855_20200928-probe0,39,273855,Excitatory,32906,6.462498465354644
273855_20200928-probe0,40,273855,Excitatory,19925,3.9131247165316747
273855_20200928-probe0,41,273855,Excitatory,6375,1.2520035165816525
273855_20200928-probe0,42,273855,Excitatory,2256,0.44306195033854245
273855_20200928-probe0,43,273855,Excitatory,5847,1.148308166502419
273855_20200928-probe0,44,273855,Excitatory,2144,0.42106596698840204
273855_20200928-probe0,45,273855,Excitatory,8245,1.6192578814456038
273855_20200928-probe0,46,273855,Excitatory,6801,1.3356668103955793
273855_20200928-probe0,47,273855,Excitatory,4708,0.9246168715398305
273855_20200928-probe0,48,273855,Inhibitory,58494,11.487795090027793
273855_20200928-probe0,49,273855,Excitatory,26734,5.2503626685951215
273855_20200928-probe0,50,273855,Excitatory,6636,1.303262013495819
273855_20200928-probe0,51,273855,Excitatory,8714,1.7113660617243167
273855_20200928-probe0,52,273855,Excitatory,86489,16.985808964020478
273855_20200928-probe0,53,273855,Excitatory,2456,0.4823404920352217
273855_20200928-probe0,54,273855,Excitatory,9509,1.867498264968617
273855_20200928-probe0,55,273855,Excitatory,12907,2.534840688395198
273855_20200928-probe0,56,273855,Excitatory,1960,0.38492970862745707
273855_20200928-probe0,57,273855,Excitatory,4400,0.8641279173269445
273855_20200928-probe0,58,273855,Excitatory,2281,0.44797176805062733
273855_20200928-probe0,59,273855,Inhibitory,15591,3.061958717964634
273855_20200928-probe0,61,273855,Excitatory,24055,4.724226602568102
273855_20200928-probe0,62,273855,Excitatory,12112,2.378708485150898
273855_20200928-probe0,63,273855,Excitatory,18807,3.6935576684472373
273855_20200928-probe0,64,273855,Inhibitory,48793,9.582589425030363
273855_20200928-probe0,65,273855,Inhibitory,7058,1.3861397364758123
273855_20200928-probe0,66,273855,Excitatory,5937,1.1659835102659248
273855_20200928-probe0,67,273855,Excitatory,5355,1.0516829539285881
273855_20200928-probe0,68,273855,Inhibitory,7412,1.4556627552789345
273855_20200928-probe0,69,273855,Excitatory,32055,6.295368270435274
273855_20200928-probe0,70,273855,Excitatory,12089,2.3741914528557797
273855_20200928-probe0,72,273855,Excitatory,1003,0.19698188660884666
273855_20200928-probe0,73,273855,Inhibitory,21026,4.129353088571894
273855_20200928-probe0,74,273855,Inhibitory,15057,2.9570850116345007
273855_20200928-probe0,75,273855,Inhibitory,9945,1.9531254858673779
273855_20200928-probe0,76,273855,Inhibitory,44589,8.756954478566165
273855_20200928-probe0,77,273855,Excitatory,996,0.1956071376494629
273855_20200928-probe0,78,273855,Excitatory,1004,0.19717827931733006
273855_20200928-probe0,79,273855,Excitatory,9104,1.7879592180328414
273855_20200928-probe0,80,273855,Excitatory,1809,0.35527440964646423
273855_20200928-probe0,81,273855,Inhibitory,16270,3.1953093670248607
273855_20200928-probe0,82,273855,Inhibitory,18707,3.673918397598898
273855_20200928-probe0,83,273855,Excitatory,4773,0.9373823975912513
273855_20200928-probe0,84,273855,Excitatory,523,0.10271338653681636
273855_20200928-probe0,85,273855,Inhibitory,4373,0.8588253141978928
273855_20200928-probe0,86,273855,Inhibitory,10085,1.9806204650550534
273855_20200928-probe0,88,273855,Inhibitory,2759,0.5418474827056908
273855_20200928-probe0,89,273855,Inhibitory,16222,3.1858825170176575
273855_20200928-probe0,90,273855,Inhibitory,4110,0.8071740318667595
273855_20200928-probe0,91,273855,Inhibitory,1288,0.25295380852661464
273855_20200928-probe0,92,273855,Inhibitory,5732,1.1257230050268285
273855_20200928-probe0,93,273855,Inhibitory,4802,0.9430777861372699
273855_20200928-probe0,94,273855,Inhibitory,29655,5.824025770075123
273855_20200928-probe0,95,273855,Excitatory,31708,6.227220000591535
273855_20200928-probe0,96,273855,Excitatory,23007,4.518407044077502
273855_20200928-probe0,97,273855,Inhibitory,35386,6.949552382393468
273855_20200928-probe0,98,273855,Excitatory,13889,2.7276983281258937
273855_20200928-probe0,99,273855,Excitatory,3910,0.7678954901700802
273855_20200928-probe0,100,273855,Inhibitory,28314,5.560663147998888
273855_20200928-probe0,101,273855,Excitatory,13426,2.636768504098081
273855_20200928-probe0,102,273855,Excitatory,46553,9.142669758027555
273855_20200928-probe0,103,273855,Excitatory,49263,9.674893998017561
273855_20200928-probe0,104,273855,Inhibitory,20786,4.082218838535879
273855_20200928-probe0,105,273855,Excitatory,17435,3.4241068724080175
273855_20200928-probe0,106,273855,Excitatory,2407,0.4727172493195353
273855_20200928-probe0,107,273855,Excitatory,38504,7.561904847444698
273855_20200928-probe0,108,273855,Excitatory,29688,5.830506729455075
273855_20200928-probe0,109,273855,Inhibitory,3084,0.6056751129627947
273855_20200928-probe0,110,273855,Excitatory,26541,5.212458875857826
273855_20200928-probe0,111,273855,Excitatory,29628,5.818723166946071
273855_20200928-probe0,112,273855,Excitatory,62326,12.240371948936168
273855_20200928-probe0,113,273855,Excitatory,40603,7.974133142551347
273855_20200928-probe0,114,273855,Inhibitory,30954,6.079139898395054
273855_20200928-probe0,115,273855,Excitatory,9990,1.9619631577491308
273855_20200928-probe0,116,273855,Excitatory,7070,1.388496448977613
273855_20200928-probe0,117,273855,Excitatory,13866,2.7231812958307753
273855_20200928-probe0,118,273855,Inhibitory,19399,3.809822151869408
273855_20200928-probe0,119,273855,Inhibitory,3254,0.6390618734049721
273855_20200928-probe0,120,273855,Excitatory,12408,2.436840726861983
273855_20200928-probe0,121,273855,Excitatory,17628,3.462010665145313
273855_20200928-probe0,122,273855,Excitatory,27732,5.446362591661551
273855_20200928-probe0,123,273855,Excitatory,1990,0.39082148988195897
273855_20200928-probe0,124,273855,Excitatory,1558,0.30597983981713167
273855_20200928-probe0,125,273855,Excitatory,10265,2.0159711525820647
273855_20200928-probe0,126,273855,Excitatory,5853,1.1494865227533195
273855_20200928-probe0,127,273855,Inhibitory,21235,4.170399164644924
273855_20200928-probe0,128,273855,Excitatory,32477,6.378245993415267
273855_20200928-probe0,130,273855,Inhibitory,8339,1.637718796043043
273855_20200928-probe0,131,273855,Excitatory,22409,4.400964204404431
273855_20200928-probe0,132,273855,Excitatory,3415,0.6706810994707989
273855_20200928-probe0,133,273855,Excitatory,14361,2.820395686530057
273855_20200928-probe0,134,273855,Excitatory,551,0.10821238237435145
273855_20200928-probe0,135,273855,Excitatory,6031,1.184444424863364
273855_20200928-probe0,136,273855,Excitatory,6461,1.2688932895112246
273855_20200928-probe0,137,273855,Excitatory,3787,0.7437391870266225
273855_20200928-probe0,138,273855,Excitatory,72222,14.18387419208786
273855_20200928-probe0,139,273855,Excitatory,6439,1.26457264992459
273855_20200928-probe0,140,273855,Excitatory,14428,2.833553997998444
273855_20200928-probe0,141,273855,Excitatory,9453,1.8565002732935467
273855_20200928-probe0,142,273855,Excitatory,7972,1.5656426720296366
273855_20200928-probe0,143,273855,Inhibitory,83812,16.460065683410424
273855_20200928-probe0,144,273855,Excitatory,44202,8.68095050038309
273855_20200928-probe0,145,273855,Excitatory,23704,4.65529276189043
273855_20200928-probe0,146,273855,Excitatory,69720,13.692499635462402
273855_20200928-probe0,147,273855,Excitatory,35515,6.9748870417878255
273855_20200928-probe0,148,273855,Excitatory,7978,1.566821028280537
273855_20200928-probe0,149,273855,Inhibitory,7549,1.48256855634116
273855_20200928-probe0,150,273855,Excitatory,11699,2.2975982965472554
273855_20200928-probe0,151,273855,Excitatory,77195,15.16053513137579
273855_20200928-probe0,152,273855,Excitatory,11663,2.290528159041853
273855_20200928-probe0,153,273855,Excitatory,21933,4.307481275166335
273855_20200928-probe0,154,273855,Excitatory,10484,2.0589811557399287
273855_20200928-probe0,155,273855,Excitatory,5219,1.024973545574846
273855_20200928-probe0,156,273855,Excitatory,9143,1.7956185336636938
273855_20200928-probe0,157,273855,Excitatory,23665,4.647633446259578
273855_20200928-probe0,158,273855,Inhibitory,10655,2.0925643088905894
273855_20200928-probe0,159,273855,Excitatory,28187,5.535721274021496
273855_20200928-probe0,160,273855,Excitatory,2323,0.45622026180693
273855_20200928-probe0,161,273855,Excitatory,36355,7.139856916913879
273855_20200928-probe0,162,273855,Excitatory,1165,0.22879750538315688
273855_20200928-probe0,163,273855,Excitatory,90476,17.76882669274378
273855_20200928-probe0,164,273855,Excitatory,3361,0.6600758932126956
273855_20200928-probe0,165,273855,Excitatory,65593,12.881986927551425
273855_20200928-probe0,166,273855,Inhibitory,44574,8.754008587938914
273855_20200928-probe0,167,273855,Excitatory,22939,4.505052339900631
273855_20200928-probe0,168,273855,Excitatory,6358,1.2486648405374348
273855_20200928-probe0,169,273855,Excitatory,8608,1.6905484346250768
273855_20200928-probe0,170,273855,Excitatory,101116,19.858445111007118
273855_20200928-probe0,171,273855,Excitatory,10395,2.0415022046849063
273855_20200928-probe0,172,273855,Excitatory,17732,3.4824355068275863
273855_20200928-probe0,173,273855,Excitatory,24092,4.731493132781988
273855_20200928-probe0,174,273855,Excitatory,13646,2.6799748999644284
273855_20200928-probe0,175,273855,Inhibitory,44763,8.791126809842275
273855_20200928-probe0,176,273855,Excitatory,15990,3.1403194086495096
273855_20200928-probe0,177,273855,Excitatory,76511,15.026202518773147
273855_20200928-probe0,178,273855,Inhibitory,8028,1.5766406637047068
273855_20200928-probe0,179,273855,Excitatory,93513,18.365271348407855
273855_20200928-probe0,180,273855,Excitatory,1272,0.24981152519088032
273855_20200928-probe0,181,273855,Excitatory,7402,1.4536988281941006
273855_20200928-probe0,182,273855,Excitatory,13341,2.620075123876992
273855_20200928-probe0,183,273855,Excitatory,24541,4.819673458891033
273855_20200928-probe0,184,273855,Excitatory,49098,9.6424892011178
273855_20200928-probe0,185,273855,Excitatory,49736,9.767787749130207
273855_20200928-probe0,186,273855,Excitatory,13723,2.69509713851765
273855_20200928-probe0,187,273855,Inhibitory,44599,8.758918405650999
273855_20200928-probe0,188,273855,Excitatory,82811,16.263476582218544
273855_20200928-probe0,189,273855,Excitatory,2898,0.569146069184883
273855_20200928-probe0,190,273855,Excitatory,36821,7.231375919067141
273855_20200928-probe0,191,273855,Excitatory,7690,1.5102599282373188
273855_20200928-probe0,192,273855,Excitatory,28184,5.535132095896046
273855_20200928-probe0,193,273855,Excitatory,24106,4.734242630700756
273855_20200928-probe0,194,273855,Excitatory,11134,2.186636416254136
273855_20200928-probe0,195,273855,Excitatory,48942,9.61185193859439
273855_20200928-probe0,196,273855,Excitatory,25190,4.947132326696757
273855_20200928-probe0,197,273855,Excitatory,33583,6.595456328997904
273855_20200928-probe0,198,273855,Excitatory,2250,0.44188359408764205
273855_20200928-probe0,199,273855,Excitatory,59652,11.715217846451566
273855_20200928-probe0,200,273855,Excitatory,43055,8.455688063752635
273855_20200928-probe0,201,273855,Excitatory,49740,9.76857331996414
273855_20200928-probe0,202,273855,Excitatory,36193,7.108041298139568
273855_20200928-probe0,203,273855,Inhibitory,197189,38.726481793132464
273855_20200928-probe0,204,273855,Excitatory,8098,1.5903881532985447
273855_20200928-probe0,205,273855,Excitatory,9927,1.9495904171146767
273855_20200928-probe0,206,273855,Excitatory,7891,1.5497348626424816
273855_20200928-probe0,207,273855,Excitatory,73516,14.438006356865374
273855_20200928-probe0,208,273855,Inhibitory,166546,32.708420027075746
273855_20200928-probe0,209,273855,Excitatory,59128,11.612308067206266
273855_20200928-probe0,210,273855,Inhibitory,58339,11.457354220212867
273855_20200928-probe0,211,273855,Excitatory,8672,1.7031175679680142
273855_20200928-probe0,212,273855,Excitatory,1350,0.26513015645258525
273855_20200928-probe0,213,273855,Excitatory,20461,4.018391208278775
273855_20200928-probe0,214,273855,Inhibitory,46374,9.107515463209028
273855_20200928-probe0,215,273855,Excitatory,10001,1.964123477542448
273855_20200928-probe0,216,273855,Excitatory,12449,2.444892827909803
273855_20200928-probe0,217,273855,Excitatory,11386,2.2361273787919522
273855_20200928-probe0,218,273855,Excitatory,12183,2.392652367453219
273855_20200928-probe0,219,273855,Excitatory,34940,6.861961234409873
273855_20200928-probe0,220,273855,Excitatory,117666,23.108744436407328
273855_20200928-probe0,221,273855,Excitatory,7187,1.4114743958701703
273855_20200928-probe0,222,273855,Excitatory,7536,1.4800154511308758
273855_20200928-probe0,223,273855,Excitatory,12470,2.449017074787954
273855_20200928-probe0,224,273855,Excitatory,40869,8.026373603007931
273855_20200928-probe0,226,273855,Excitatory,25664,5.040222470517887
273855_20200928-probe0,227,273855,Excitatory,53003,10.409402727745462
273855_20200928-probe0,228,273855,Excitatory,9566,1.8786926493521705
273855_20200928-probe0,229,273855,Excitatory,16114,3.1646721045014505
273855_20200928-probe0,230,273855,Excitatory,41242,8.099628083272236
273855_20200928-probe0,231,273855,Excitatory,46475,9.12735112676585
273855_20200928-probe0,232,273855,Excitatory,12955,2.5442675384024014
273855_20200928-probe0,233,273855,Excitatory,37338,7.3329109493530575
273855_20200928-probe0,234,273855,Excitatory,14748,2.896399664713131
273855_20200928-probe0,235,273855,Excitatory,11580,2.274227564237731
273855_20200928-probe0,236,273855,Excitatory,11905,2.338055194494835
273855_20200928-probe0,237,273855,Excitatory,2435,0.4782162451570704
273855_20200928-probe0,238,273855,Excitatory,25146,4.938491047523487
273855_20200928-probe0,239,273855,Excitatory,21871,4.295304927240364
273855_20200928-probe0,240,273855,Excitatory,371,0.07286169484734009
273855_20200928-probe0,241,273855,Excitatory,23216,4.559453120150533
273855_20200928-probe0,242,273855,Excitatory,10812,2.1233979641224825
273855_20200928-probe0,243,273855,Excitatory,5474,1.0750536862381124
273855_20200928-probe0,245,273855,Excitatory,20640,4.053545503097303
273855_20200928-probe0,246,273855,Inhibitory,166950,32.78776268130304
273855_20200928-probe0,247,273855,Excitatory,12678,2.4898667581525005
273855_20200928-probe0,248,273855,Excitatory,20072,3.941994444678734
273855_20200928-probe0,249,273855,Excitatory,3865,0.7590578182883273
273855_20200928-probe0,250,273855,Excitatory,2029,0.39848080551281145
273855_20200928-probe0,251,273855,Excitatory,14758,2.898363591797965
273855_20200928-probe0,252,273855,Excitatory,18239,3.5820066100286683
273855_20200928-probe0,253,273855,Excitatory,5103,1.0021919913907722
273855_20200928-probe0,254,273855,Excitatory,13921,2.733982894797362
273855_20200928-probe0,255,273855,Excitatory,12475,2.449999038330371
273855_20200928-probe0,256,273855,Inhibitory,37698,7.40361232440708
273855_20200928-probe0,257,273855,Excitatory,11120,2.183886918335369
273855_20200928-probe0,258,273855,Inhibitory,33937,6.664979347801026
273855_20200928-probe0,259,273855,Excitatory,20156,3.958491432191339
273855_20200928-probe0,260,273855,Excitatory,1806,0.354685231521014
273855_20200928-probe0,261,273855,Excitatory,36635,7.19484687528923
273855_20200928-probe0,262,273855,Excitatory,930,0.1826452188895587
273855_20200928-probe0,263,273855,Inhibitory,6653,1.3066006895400366
273855_20200928-probe0,264,273855,Excitatory,6750,1.3256507822629262
273855_20200928-probe0,265,273855,Excitatory,23819,4.677877923366021
273855_20200928-probe0,266,273855,Excitatory,6826,1.3405766281076643
273855_20200928-probe0,267,273855,Excitatory,1452,0.28516221271789166
273855_20200928-probe0,268,273855,Excitatory,37074,7.281063274313441
273855_20200928-probe0,269,273855,Excitatory,845,0.16595183866847002
273855_20200928-probe0,270,273855,Excitatory,30866,6.061857340048515
273855_20200928-probe0,271,273855,Excitatory,600,0.11783562509003788
273855_20200928-probe0,272,273855,Excitatory,2584,0.5074787587210965
273855_20200928-probe0,273,273855,Excitatory,15311,3.006968759589283
273855_20200928-probe0,274,273855,Excitatory,3078,0.6044967567118943
273855_20200928-probe0,275,273855,Excitatory,29828,5.85800170864275
273855_20200928-probe0,276,273855,Excitatory,9607,1.88674475039999
273855_20200928-probe0,277,273855,Excitatory,18932,3.718106757007662
273855_20200928-probe0,278,273855,Excitatory,892,0.17518229596718965
273855_20200928-probe0,279,273855,Excitatory,1384,0.2718075085410207
273855_20200928-probe0,280,273855,Excitatory,2536,0.49805190871389343
273855_20200928-probe0,281,273855,Excitatory,7493,1.4715705646660897
273855_20200928-probe0,282,273855,Excitatory,11324,2.223951030865982
273855_20200928-probe0,283,273855,Excitatory,2396,0.4705569295262179
273855_20200928-probe0,284,273855,Excitatory,16241,3.189613978478842
273855_20200928-probe0,285,273855,Excitatory,4734,0.9297230819603989
273855_20200928-probe0,286,273855,Inhibitory,19140,3.7589564403722084
273855_20200928-probe0,287,273855,Inhibitory,8201,1.6106166022723345
273855_20200928-probe0,288,273855,Inhibitory,30724,6.033969575443873
273855_20200928-probe0,289,273855,Excitatory,18051,3.5450847808337898
273855_20200928-probe0,290,273855,Excitatory,2244,0.44070523783674165
273855_20200928-probe0,291,273855,Excitatory,946,0.18578750222529306
273855_20200928-probe0,292,273855,Excitatory,2888,0.567182142100049
273855_20200928-probe0,293,273855,Inhibitory,51122,10.039988043088194
273855_20200928-probe0,294,273855,Inhibitory,1929,0.3788415346644718
273855_20200928-probe0,295,273855,Excitatory,336,0.06598795005042121
273855_20200928-probe0,296,273855,Excitatory,2687,0.5277072076948863
273855_20200928-probe0,297,273855,Excitatory,9625,1.890279819152691
273855_20200928-probe0,298,273855,Excitatory,28713,5.639023838683762
273855_20200928-probe0,299,273855,Excitatory,18806,3.693361275738754
273855_20200928-probe0,300,273855,Excitatory,12689,2.4920270779458176
273855_20200928-probe0,301,273855,Excitatory,5275,1.0359715372499163
273855_20200928-probe0,302,273855,Excitatory,4554,0.8943723944333876
273855_20200928-probe0,303,273855,Excitatory,21500,4.222443232393024
273855_20200928-probe0,304,273855,Excitatory,17606,3.457690025558678
273855_20200928-probe0,305,273855,Inhibitory,1963,0.38551888675290724
273855_20200928-probe0,306,273855,Excitatory,12792,2.5122555269196076
273855_20200928-probe0,307,273855,Excitatory,3456,0.6787332005186182
273855_20200928-probe0,308,273855,Excitatory,11423,2.243393909005838
273855_20200928-probe0,309,273855,Excitatory,2869,0.5634506806388645
273855_20200928-probe0,310,273855,Excitatory,4570,0.8975146777691219
273855_20200928-probe0,311,273855,Excitatory,11111,2.182119383959018
273855_20200928-probe0,312,273855,Excitatory,3997,0.7849816558081357
273855_20200928-probe0,314,273855,Excitatory,9761,1.9169892275064329
273855_20200928-probe0,315,273855,Inhibitory,2649,0.5202442847725173
273855_20200928-probe0,316,273855,Excitatory,8831,1.7343440086168742
273855_20200928-probe0,317,273855,Excitatory,4384,0.8609856339912101
273855_20200928-probe0,318,273855,Excitatory,6472,1.271053609304542
273855_20200928-probe0,319,273855,Excitatory,7180,1.4100996469107867
273855_20200928-probe0,320,273855,Excitatory,9077,1.7826566149037897
273855_20200928-probe0,321,273855,Excitatory,22160,4.352062419992066
273855_20200928-probe0,322,273855,Excitatory,5159,1.0131899830658424
273855_20200928-probe0,323,273855,Inhibitory,56365,11.069675013666641
273855_20200928-probe0,324,273855,Inhibitory,351,0.06893384067767216
273855_20200928-probe0,325,273855,Excitatory,39143,7.687399788165588
273855_20200928-probe0,326,273855,Excitatory,4692,0.9214745882040962
273855_20200928-probe0,327,273855,Excitatory,10024,1.968640509837566
273855_20200928-probe0,328,273855,Inhibitory,17600,3.456511669307778
273855_20200928-probe0,329,273855,Excitatory,15559,3.0556741512931658
273855_20200928-probe0,330,273855,Excitatory,38170,7.496309682811243
273855_20200928-probe0,331,273855,Excitatory,15464,3.037016843987243
273855_20200928-probe0,332,273855,Excitatory,9860,1.9364321056462892
273855_20200928-probe0,333,273855,Excitatory,5746,1.1284725029455962
273855_20200928-probe0,334,273855,Excitatory,17559,3.4484595682599584
273855_20200928-probe0,335,273855,Excitatory,3619,0.7107452120014118
273855_20200928-probe0,336,273855,Excitatory,2203,0.4326531367889224
273855_20200928-probe0,337,273855,Excitatory,878,0.1724327980484221
273855_20200928-probe0,338,273855,Excitatory,15030,2.9517824085054487
273855_20200928-probe0,339,273855,Excitatory,24717,4.854238575584111
273855_20200928-probe0,340,273855,Excitatory,29129,5.720723205412856
273855_20200928-probe0,341,273855,Excitatory,24734,4.857577251628328
273855_20200928-probe0,342,273855,Excitatory,8013,1.573694773077456
273855_20200928-probe0,343,273855,Excitatory,37621,7.388490085853858
273855_20200928-probe0,344,273855,Excitatory,16128,3.167421602420218
273855_20200928-probe0,345,273855,Excitatory,42949,8.434870436653394
273855_20200928-probe0,346,273855,Excitatory,17767,3.4893092516245052
273855_20200928-probe0,347,273855,Excitatory,29321,5.758430605441668
273855_20200928-probe0,348,273855,Excitatory,723,0.14199192823349566
273855_20200928-probe0,349,273855,Excitatory,13830,2.716111158325373
273855_20200928-probe0,350,273855,Excitatory,3306,0.6492742942461087
273855_20200928-probe0,351,273855,Excitatory,3050,0.5989977608743592
273855_20200928-probe0,352,273855,Excitatory,1666,0.32719025233333854
273855_20200928-probe0,353,273855,Excitatory,1314,0.25806001894718295
273855_20200928-probe0,354,273855,Excitatory,26197,5.144899784139537
273855_20200928-probe0,355,273855,Excitatory,70103,13.767718042811543
273855_20200928-probe0,356,273855,Excitatory,1366,0.26827243978831955
273855_20200928-probe0,357,273855,Excitatory,3645,0.7158514224219801
273855_20200928-probe0,358,273855,Excitatory,6073,1.1926929186196666
273855_20200928-probe0,359,273855,Excitatory,10962,2.152856870394992
273855_20200928-probe0,360,273855,Excitatory,2168,0.42577939199200354
273855_20200928-probe0,361,273855,Excitatory,50180,9.854986111696835
273855_20200928-probe0,362,273855,Excitatory,10232,2.0094901932021125
273855_20200928-probe0,363,273855,Excitatory,4561,0.8957471433927713
273855_20200928-probe0,364,273855,Excitatory,10994,2.159141437066461
273855_20200928-probe0,365,273855,Excitatory,40319,7.918357613342062
273855_20200928-probe0,366,273855,Excitatory,17564,3.4494415318023757
273855_20200928-probe0,367,273855,Excitatory,3482,0.6838394109391865
273858_20200925-probe0,0,273858,Excitatory,490,0.09058377806476471
273858_20200925-probe0,1,273858,Excitatory,21587,3.9906775858858694
273858_20200925-probe0,2,273858,Excitatory,9108,1.6837490828854633
273858_20200925-probe0,3,273858,Inhibitory,81682,15.100130938543085
273858_20200925-probe0,4,273858,Excitatory,102097,18.874146916486293
273858_20200925-probe0,5,273858,Excitatory,4811,0.8893848087134348
273858_20200925-probe0,6,273858,Inhibitory,33521,6.196854743895874
273858_20200925-probe0,7,273858,Excitatory,6159,1.1385826308181344
273858_20200925-probe0,9,273858,Inhibitory,61859,11.43555495369037
273858_20200925-probe0,10,273858,Inhibitory,59382,10.977644712330324
273858_20200925-probe0,11,273858,Excitatory,16435,3.038253862233486
273858_20200925-probe0,12,273858,Excitatory,41285,7.632145464089411
273858_20200925-probe0,13,273858,Excitatory,23568,4.356894860061989
273858_20200925-probe0,14,273858,Excitatory,16322,3.0173641338226322
273858_20200925-probe0,15,273858,Excitatory,314,0.05804756390272678
273858_20200925-probe0,16,273858,Inhibitory,91878,16.985012981702965
273858_20200925-probe0,17,273858,Inhibitory,102950,19.03183663626026
273858_20200925-probe0,18,273858,Excitatory,15969,2.9521068406453628
273858_20200925-probe0,19,273858,Excitatory,116249,21.490354318879252
273858_20200925-probe0,20,273858,Inhibitory,30038,5.55297046022327
273858_20200925-probe0,21,273858,Excitatory,7211,1.3330604563775885
273858_20200925-probe0,22,273858,Excitatory,6758,1.2493166778809794
273858_20200925-probe0,23,273858,Excitatory,38407,7.100104416598813
273858_20200925-probe0,24,273858,Inhibitory,100625,18.602025852585612
273858_20200925-probe0,25,273858,Excitatory,18853,3.485257077255121
273858_20200925-probe0,26,273858,Excitatory,33403,6.175040691219053
273858_20200925-probe0,27,273858,Excitatory,6254,1.1561447918715073
273858_20200925-probe0,28,273858,Inhibitory,32114,5.936749895452763
273858_20200925-probe0,29,273858,Inhibitory,70888,13.104699713173554
273858_20200925-probe0,30,273858,Excitatory,50285,9.295929142829987
273858_20200925-probe0,31,273858,Inhibitory,6620,1.2238053281402907
273858_20200925-probe0,32,273858,Inhibitory,63673,11.770899797383192
273858_20200925-probe0,33,273858,Excitatory,25353,4.686878623012204
273858_20200925-probe0,34,273858,Excitatory,50219,9.283728062519224
273858_20200925-probe0,35,273858,Excitatory,9930,1.835707992210436
273858_20200925-probe0,36,273858,Excitatory,18637,3.445326268965347
273858_20200925-probe0,38,273858,Excitatory,56716,10.484795013716726
273858_20200925-probe0,39,273858,Excitatory,1885,0.3484702482695541
273858_20200925-probe0,40,273858,Excitatory,2886,0.5335199663161448
273858_20200925-probe0,41,273858,Inhibitory,30147,5.573120729221351
273858_20200925-probe0,42,273858,Excitatory,15436,2.853573873893282
273858_20200925-probe0,43,273858,Excitatory,23579,4.3589283734471165
273858_20200925-probe0,44,273858,Inhibitory,48677,8.998666458895004
273858_20200925-probe0,45,273858,Excitatory,169,0.03124216018968416
273858_20200925-probe0,46,273858,Inhibitory,20398,3.77087327543892
273858_20200925-probe0,47,273858,Excitatory,17126,3.1659954757901234
273858_20200925-probe0,48,273858,Excitatory,45378,8.388797308209986
273858_20200925-probe0,49,273858,Excitatory,45068,8.331489203720034
273858_20200925-probe0,50,273858,Inhibitory,11819,2.1849176998927637
273858_20200925-probe0,51,273858,Excitatory,20213,3.7366732775981415
273858_20200925-probe0,52,273858,Excitatory,660,0.12201080310764227
273858_20200925-probe0,53,273858,Excitatory,1202,0.22220755353846366
273858_20200925-probe0,54,273858,Excitatory,40213,7.433970341466089
273858_20200925-probe0,55,273858,Excitatory,5832,1.0781318238238935
273858_20200925-probe0,56,273858,Excitatory,3816,0.7054442797860044
273858_20200925-probe0,57,273858,Excitatory,14060,2.5991998358991673
273858_20200925-probe0,58,273858,Excitatory,248,0.04584648359196255
273858_20200925-probe0,59,273858,Excitatory,1273,0.23533295811519486
273858_20200925-probe0,60,273858,Inhibitory,29129,5.384928308670473
273858_20200925-probe0,61,273858,Excitatory,27552,5.093396435184485
273858_20200925-probe0,62,273858,Inhibitory,6766,1.2507955967065267
273858_20200925-probe0,63,273858,Excitatory,38989,7.20769576115737
273858_20200925-probe0,64,273858,Excitatory,714,0.13199350518008574
273858_20200925-probe0,65,273858,Excitatory,489,0.09039891321157133
273858_20200925-probe0,66,273858,Inhibitory,80905,14.956490947611815
273858_20200925-probe0,67,273858,Excitatory,22739,4.203641896764663
273858_20200925-probe0,68,273858,Excitatory,3611,0.667546984881358
273858_20200925-probe0,69,273858,Inhibitory,31181,5.764270987423324
273858_20200925-probe0,70,273858,Excitatory,88704,16.398251937667123
273858_20200925-probe0,71,273858,Excitatory,19512,3.60708301550957
273858_20200925-probe0,72,273858,Excitatory,18609,3.4401500530759317
273858_20200925-probe0,73,273858,Excitatory,1413,0.2612140375622705
273858_20200925-probe0,75,273858,Excitatory,27381,5.061784545288414
273858_20200925-probe0,76,273858,Inhibitory,51018,9.431435080220748
273858_20200925-probe0,77,273858,Excitatory,7163,1.3241869434243054
273858_20200925-probe0,78,273858,Inhibitory,14117,2.609737132531191
273858_20200925-probe0,79,273858,Excitatory,10753,1.9878517663886022
273858_20200925-probe0,80,273858,Inhibitory,27340,5.054205086307484
273858_20200925-probe0,81,273858,Excitatory,21364,3.949452723623742
273858_20200925-probe0,83,273858,Excitatory,6303,1.1652031696779837
273858_20200925-probe0,84,273858,Excitatory,21570,3.9875348833815814
273858_20200925-probe0,85,273858,Excitatory,8800,1.626810708101897
273858_20200925-probe0,86,273858,Excitatory,10914,2.017615007752739
273858_20200925-probe0,87,273858,Excitatory,36069,6.6678903898326505
273858_20200925-probe0,88,273858,Inhibitory,4163,0.7695923838441133
273858_20200925-probe0,89,273858,Excitatory,57375,10.606620951971175
273858_20200925-probe0,90,273858,Excitatory,23342,4.315115403240282
273858_20200925-probe0,91,273858,Excitatory,34671,6.40944932506828
273858_20200925-probe0,92,273858,Inhibitory,52671,9.737016682549434
273858_20200925-probe0,93,273858,Excitatory,10274,1.8993015017089647
273858_20200925-probe0,94,273858,Excitatory,13310,2.4605511960041193
273858_20200925-probe0,95,273858,Excitatory,31975,5.911053680858881
273858_20200925-probe0,96,273858,Inhibitory,1661,0.30706052115423305
273858_20200925-probe0,97,273858,Inhibitory,1096,0.20261187909996353
273858_20200925-probe0,98,273858,Excitatory,37186,6.874384430849675
273858_20200925-probe0,99,273858,Excitatory,31629,5.8470904416539655
273858_20200925-probe0,100,273858,Inhibitory,4842,0.8951156191624301
273858_20200925-probe0,101,273858,Inhibitory,118247,21.85971429555966
273858_20200925-probe0,102,273858,Inhibitory,5403,0.9988248018039261
273858_20200925-probe0,103,273858,Excitatory,44580,8.241275155361656
273858_20200925-probe0,104,273858,Inhibitory,8381,1.5493523346138636
273858_20200925-probe0,105,273858,Excitatory,1318,0.24365187650889775
273858_20200925-probe0,106,273858,Excitatory,1874,0.3464367348844267
273858_20200925-probe0,107,273858,Excitatory,1783,0.32961403324382754
273858_20200925-probe0,108,273858,Excitatory,62210,11.500442517161252
273858_20200925-probe0,109,273858,Inhibitory,10979,2.02963122321031
273858_20200925-probe0,110,273858,Excitatory,16872,3.1190398030790005
273858_20200925-probe0,111,273858,Excitatory,22095,4.084588931308115
273858_20200925-probe0,112,273858,Excitatory,44183,8.167883808643877
273858_20200925-probe0,113,273858,Excitatory,370,0.06839999568155704
273858_20200925-probe0,114,273858,Excitatory,7856,1.4522982866873297
273858_20200925-probe0,115,273858,Excitatory,4968,0.9184085906647982
273858_20200925-probe0,116,273858,Excitatory,33879,6.26303636133911
273858_20200925-probe0,117,273858,Excitatory,6847,1.2657696498151918
273858_20200925-probe0,118,273858,Excitatory,5762,1.0651912841003557
273858_20200925-probe0,119,273858,Inhibitory,72283,13.362586183378344
273858_20200925-probe0,120,273858,Inhibitory,31908,5.898667735694923
273858_20200925-probe0,121,273858,Excitatory,14951,2.7639144200944843
273858_20200925-probe0,122,273858,Excitatory,3991,0.737795629094849
273858_20200925-probe0,123,273858,Excitatory,3115,0.5758540176974328
273858_20200925-probe0,124,273858,Excitatory,5122,0.9468777780565814
273858_20200925-probe0,125,273858,Excitatory,40094,7.411971423936075
273858_20200925-probe0,126,273858,Excitatory,37159,6.869393079813453
273858_20200925-probe0,127,273858,Excitatory,10349,1.9131663656984694
273858_20200925-probe0,128,273858,Excitatory,11527,2.1309371627602918
273858_20200925-probe0,129,273858,Excitatory,1064,0.1966962037977748
273858_20200925-probe0,130,273858,Excitatory,17039,3.149912233562298
273858_20200925-probe0,132,273858,Excitatory,1461,0.27008755051555355
273858_20200925-probe0,133,273858,Excitatory,32179,5.948766110910334
273858_20200925-probe0,134,273858,Excitatory,1892,0.34976430224190785
273858_20200925-probe0,135,273858,Excitatory,40297,7.449498989134335
273858_20200925-probe0,136,273858,Inhibitory,11080,2.048302573382843
273858_20200925-probe0,138,273858,Inhibitory,17679,3.2682257396060725
273858_20200925-probe0,139,273858,Excitatory,27846,5.147746702023343
273858_20200925-probe0,140,273858,Excitatory,27955,5.167896971021424
273858_20200925-probe0,141,273858,Excitatory,15861,2.932141436500476
273858_20200925-probe0,142,273858,Excitatory,8708,1.6098031416081044
273858_20200925-probe0,143,273858,Excitatory,7437,1.3748399131992963
273858_20200925-probe0,144,273858,Inhibitory,138256,25.55867514310635
273858_20200925-probe0,145,273858,Excitatory,610,0.1127675604479724
273858_20200925-probe0,146,273858,Inhibitory,84287,15.581703881111885
273858_20200925-probe0,147,273858,Inhibitory,50345,9.307021034021592
273858_20200925-probe0,148,273858,Excitatory,14197,2.6245263207866625
273858_20200925-probe0,149,273858,Excitatory,42450,7.847513018059719
273858_20200925-probe0,150,273858,Excitatory,3237,0.5984075297870274
273858_20200925-probe0,151,273858,Excitatory,11891,2.1982279693226885
273858_20200925-probe0,152,273858,Excitatory,20917,3.866818134246293
273858_20200925-probe0,153,273858,Excitatory,11329,2.094333921827999
273858_20200925-probe0,154,273858,Excitatory,9329,1.7246042154412042
273858_20200925-probe0,155,273858,Excitatory,5049,0.9333826437734634
273858_20200925-probe0,156,273858,Excitatory,34123,6.308143385518299
273858_20200925-probe0,157,273858,Excitatory,15322,2.832499280629235
273858_20200925-probe0,159,273858,Excitatory,82440,15.24025849726368
273858_20200925-probe0,160,273858,Excitatory,2538,0.46918699740484254
273858_20200925-probe0,161,273858,Excitatory,5861,1.083492904566502
273858_20200925-probe0,162,273858,Excitatory,12703,2.348338230115727
273858_20200925-probe0,163,273858,Excitatory,6355,1.1748161420440404
273858_20200925-probe0,164,273858,Excitatory,14960,2.765578203773225
273858_20200925-probe0,165,273858,Excitatory,24466,4.5229034982296605
273858_20200925-probe0,166,273858,Excitatory,16050,2.967080893754028
273858_20200925-probe0,167,273858,Excitatory,92582,17.115157838351116
273858_20200925-probe0,168,273858,Excitatory,24739,4.5733716031514575
273858_20200925-probe0,169,273858,Excitatory,26621,4.921287256861432
273858_20200925-probe0,170,273858,Excitatory,39254,7.256684947253621
273858_20200925-probe0,171,273858,Excitatory,94958,17.554396729538627
273858_20200925-probe0,172,273858,Excitatory,2359,0.4360961886832244
273858_20200925-probe0,173,273858,Excitatory,21930,4.054086230531205
273858_20200925-probe0,174,273858,Inhibitory,16163,2.987970622164882
273858_20200925-probe0,175,273858,Inhibitory,2416,0.4466334853152481
273858_20200925-probe0,176,273858,Excitatory,1943,0.3591924097547711
273858_20200925-probe0,177,273858,Excitatory,15637,2.890731709385155
273858_20200925-probe0,178,273858,Excitatory,1800,0.3327567357481153
273858_20200925-probe0,179,273858,Excitatory,3369,0.6228096904085558
273858_20200925-probe0,180,273858,Excitatory,4851,0.8967794028411707
273858_20200925-probe0,181,273858,Excitatory,16963,3.1358625047196
273858_20200925-probe0,182,273858,Excitatory,12862,2.377731741773477
273858_20200925-probe0,184,273858,Excitatory,821,0.15177404447177925
273858_20200925-probe0,185,273858,Excitatory,634,0.11720431692461394
273858_20200925-probe0,186,273858,Excitatory,1113,0.20575458160425128
273858_20200925-probe0,187,273858,Excitatory,17853,3.3003922240617234
273858_20200925-probe0,188,273858,Excitatory,908,0.1678572866996048
273858_20200925-probe0,189,273858,Excitatory,1490,0.2754486312581621
273858_20200925-probe0,190,273858,Excitatory,1092,0.20187241968718994
273858_20200925-probe0,191,273858,Excitatory,10146,1.8756388005002098
273858_20200925-probe0,192,273858,Excitatory,6057,1.119726415792408
273858_20200925-probe0,193,273858,Excitatory,1958,0.3619653825526721
273858_20200925-probe0,194,273858,Excitatory,2040,0.37712430051453066
273858_20200925-probe0,195,273858,Excitatory,688,0.1271870189970574
273858_20200925-probe0,196,273858,Excitatory,2716,0.5020929412732673
273858_20200925-probe0,197,273858,Excitatory,12492,2.30933174609192
273858_20200925-probe0,198,273858,Excitatory,11297,2.0884182465258103
273858_20200925-probe0,199,273858,Excitatory,3222,0.5956345569891264
273858_20200925-probe0,200,273858,Excitatory,3516,0.6499848238279852
273858_20200925-probe0,201,273858,Excitatory,19287,3.5654884235410553
273858_20200925-probe0,202,273858,Excitatory,721,0.1332875591524395
273858_20200925-probe0,203,273858,Excitatory,736,0.13606053195034049
273858_20200925-probe0,204,273858,Excitatory,1283,0.23718160664712884
273858_20200925-probe0,205,273858,Excitatory,1299,0.2401394442982232
273858_20200925-probe0,206,273858,Excitatory,349,0.06451783376449569
273858_20200925-probe0,207,273858,Excitatory,5193,0.9600031826333126
273858_20200925-probe0,209,273858,Excitatory,804,0.1486313419674915
273858_20200925-probe0,210,273858,Excitatory,14616,2.7019846942746963
273858_20200925-probe0,211,273858,Excitatory,8652,1.599450709829274
273858_20200925-probe0,213,273858,Excitatory,575,0.10629729058620349
273858_20200925-probe0,214,273858,Excitatory,12010,2.2202268868527026
273858_20200925-probe0,215,273858,Excitatory,1085,0.20057836571483617
273858_20200925-probe0,216,273858,Excitatory,11439,2.114669055679273
273858_20200925-probe0,217,273858,Excitatory,848,0.15676539550800098
273858_20200925-probe0,218,273858,Inhibitory,1735,0.32074052029054445
273858_20200925-probe0,219,273858,Excitatory,11509,2.1276095954028107
273858_20200925-probe0,220,273858,Excitatory,12986,2.4006549835694586
273858_20200925-probe0,221,273858,Excitatory,1373,0.2538194434345346
273858_20200925-probe0,222,273858,Excitatory,1387,0.25640755137924215
273858_20200925-probe0,223,273858,Excitatory,3429,0.6339015816001596
273858_20200925-probe0,224,273858,Excitatory,637,0.11775891148419414
273858_20200925-probe0,225,273858,Excitatory,13394,2.4760798436723643
273858_20200925-probe0,226,273858,Excitatory,1937,0.3580832206356107
273858_20200925-probe0,227,273858,Excitatory,12012,2.2205966165590896
273858_20200925-probe0,228,273858,Excitatory,2329,0.4305502430874225
273858_20200925-probe0,229,273858,Excitatory,20441,3.778822464126236
273858_20200925-probe0,230,273858,Excitatory,6281,1.161136142907729
273858_20200925-probe0,231,273858,Excitatory,10605,1.9604917681159792
273858_20200925-probe0,232,273858,Excitatory,2153,0.39801402892538457
273858_20200925-probe0,233,273858,Excitatory,6672,1.2334183005063473
273858_20200925-probe0,234,273858,Excitatory,42052,7.773936806488747
273858_20200925-probe0,235,273858,Excitatory,11189,2.0684528423809234
273858_20200925-probe0,236,273858,Excitatory,3800,0.7024864421349101
273858_20200925-probe0,237,273858,Excitatory,31756,5.870568278009527
273858_20200925-probe0,238,273858,Excitatory,1467,0.27119673963471397
273858_20200925-probe0,239,273858,Excitatory,33806,6.249541227055992
273858_20200925-probe0,240,273858,Excitatory,10585,1.9567944710521112
273858_20200925-probe0,241,273858,Excitatory,15013,2.775376040992475
273858_20200925-probe0,242,273858,Excitatory,2356,0.43554159412364424
273858_20200925-probe0,243,273858,Excitatory,6615,1.2228810038743236
273858_20200925-probe0,244,273858,Excitatory,6083,1.1245329019754362
273858_20200925-probe0,245,273858,Excitatory,7793,1.4406518009361458
273858_20200925-probe0,246,273858,Excitatory,1375,0.2541891731409214
