0,1,2,3,4,5,6,7,8,9,10,11,12,13,14,15,16,17,18,19,20,21,22,23,24,25,26,27,28,29,30,31,32,33,34,35,36,37,38,39,40,41,42,43,44,45,46,47,48,49,50,51,52,53,54,55,56,57,58,59,60,61,62,63,64,65,66,67,68,69,70,71,72,73,74,75,76,77,78,79,80,81,82,83,84,85,86,87,88,89,90,91,92,93,94,95,96,97,98,99,100,101,102,103,104,105,106,107,108,109,110,111,112,113,114,115,116,117,118,119,120,121,122,123,124,125,126,127,128,129,130,131,132,133,134,135,136,137,138,139,140,141,142,143,144,145,146,147,148,149,150,151,152,153,154,155,156,157,158,159,160,161,162,163,164,165,166,167,168,169,170,171,172,173,174,175,176,177,178,179,180,181,182,183,184,185,186,187,188,189,190,191,192,193,194,195,196,197,198,199,200,201,202,203,204,205,206,207,208,209,210,211,212,213,214,215,216,217,218,219,220,221,222,223,224,225,226,227,228,229,230,231,232,233,234,235,236,237,238,239,240,241,242,243,244,245,246,247,248,249,250,251,252,253,254,255,label
-0.06198772,-0.020287344,0.06692476,0.010683244,0.01832807,0.02762587,0.06483163,-0.043189667,-0.017726012,-0.031072695,-0.09608856,0.013003111,0.046930738,-0.10976522,0.05030992,-0.03880123,0.024164004,-0.09655195,-0.040232368,-0.058259763,0.08762928,0.055553354,-0.06436118,0.06080976,-0.14031073,-0.009027966,-0.039637484,0.058942508,-0.010635656,0.037337497,0.07744849,0.099991746,-0.0032161213,0.10081363,-0.029225169,-0.044566132,0.002440093,-0.09684043,0.05895984,0.09754719,-0.0036921194,-0.043846242,-0.07488082,0.083060786,-0.07436684,0.124588996,0.019163284,0.010570189,0.12201123,0.019148331,0.023537286,0.078659445,0.02681674,-0.04795756,0.01721463,-0.07594765,0.05595391,0.0729409,-0.049460493,0.054777212,0.008675706,-0.095010534,-0.0418367,-0.019671984,-0.068083055,0.032004144,-0.075528435,-0.03745347,-0.009475502,0.009501633,0.028034389,-0.040027153,-0.044234045,-0.10279441,-0.04038811,0.07088237,0.03550496,0.0058999336,0.07057972,-0.08691341,-0.12314876,-0.059813634,0.014730306,-0.1239596,0.053860635,-0.08033995,0.017312849,-0.007444934,-0.10296564,-0.12941746,0.016777648,0.065691,0.094375856,-0.06761396,0.040367667,-0.010822572,-0.069757566,-0.075217545,-0.0008640904,-0.06336032,0.06257118,-0.04735343,-0.019531846,0.013812853,0.007975071,0.0638798,0.037425075,-0.018302547,0.1009726,-0.092268854,0.049224135,0.028885754,-0.01676786,-0.022344355,0.04727488,0.08989298,-0.06916992,0.015720757,0.100896314,0.00091049465,-0.062626615,0.031414405,0.07521644,0.033942822,-0.09753658,0.06933034,-0.029167417,0.011216568,-0.06871647,-0.118984245,-0.16223052,0.0297429,0.04566668,-0.014336888,-0.017789975,0.03384375,0.09092039,0.05116528,-0.06388727,-0.025714193,0.00027046073,0.08258605,0.16470079,0.011086568,-0.018437704,0.0036438042,0.038608253,0.016236825,-0.020730652,-0.018622555,-0.08543426,0.030166825,0.025180947,0.019586852,0.049460687,-0.100966275,-0.021607574,0.019148786,-0.10870313,-0.022765165,-0.035619214,-0.022612182,0.06292617,-0.056749158,0.033798423,0.04292985,-0.04358408,0.05524657,-0.01101074,-0.01625368,0.06460446,-0.050141335,0.018841397,-0.07471688,0.072759554,-0.0828316,0.11818482,-0.042581547,0.02336257,0.01357463,0.009695126,-0.11147255,0.04402485,-0.08906613,-0.052970633,0.07715125,0.047330253,-0.025183398,0.053232163,0.11758108,-0.0027530636,0.056340072,-0.076360404,0.01113121,0.06863652,0.1086428,-0.03881798,0.047394022,0.15415129,-0.10875115,-0.023978923,-0.05044769,-0.034438245,0.01670213,0.05404632,0.0634866,-0.011833385,-0.006949139,-0.030031614,0.053971753,-0.049659446,0.08854056,-0.0070871157,0.10761881,0.037849963,0.0135228075,-0.030461965,0.01146112,-0.011540812,-0.026005818,0.043894514,0.006555355,-0.062254198,-0.044639755,-0.03675435,0.006142095,0.02504418,-0.045492437,0.14560594,-0.013825196,0.021324802,-0.03601718,0.0008493378,-0.04885584,0.05703772,0.13826996,0.014691094,0.027878376,0.062171943,-0.10766531,0.04081402,0.009708548,0.03807555,-0.052294273,-0.019433912,0.00065976405,-0.015864903,-0.103904486,0.0405856,-0.008904786,0.03390278,-0.00074605946,0.05989127,-0.10420044,-0.042836607,-0.09906861,MFB
-0.06348058,-0.027372764,0.041993663,-0.020285964,0.0108134365,0.03295702,0.06429425,-0.062066086,-0.018389065,-0.008661512,-0.095908746,0.003962147,0.0263016,-0.1311304,0.036582503,-0.030319437,0.023395091,-0.09197968,-0.045105778,-0.042396314,0.064017124,0.049456336,-0.057785377,0.046523,-0.14399958,0.022841673,-0.060300373,0.06360354,-0.0063597653,0.033134185,0.05886613,0.07765164,-0.0042167855,0.09529726,-0.03738302,-0.0074419347,0.0056075817,-0.057271853,0.09895884,0.097984515,0.01476738,-0.045657326,-0.07860051,0.08920857,-0.097098604,0.16205682,0.043468125,-0.0067342063,0.1271027,0.03820163,0.013635399,0.082826115,0.021317251,-0.058063876,0.033058744,-0.10510374,0.037768878,0.070343375,-0.05037922,0.04105004,0.02637338,-0.066186205,-0.039078794,-0.023761112,-0.093211904,0.033260502,-0.067717165,-0.015712412,-0.035369195,-0.0006729453,0.024258249,0.008619737,-0.026838563,-0.12367386,-0.06422645,0.076348364,0.020866139,-0.0040617287,0.095036075,-0.054335188,-0.12635463,-0.051670775,0.01847441,-0.12688151,0.031210262,-0.040133476,-0.026481532,-0.043203525,-0.103660904,-0.15256622,0.019225435,0.07814092,0.07621816,-0.06536816,0.03302139,-0.030297015,-0.056442298,-0.107469276,0.0033404157,-0.07845573,0.059354514,-0.019213516,-0.0106615415,-0.0155561855,-0.021135174,0.040762432,0.015414458,-0.011843567,0.10935625,-0.09111614,0.06735765,0.007813794,-0.024106195,-0.014559304,0.05819703,0.08316459,-0.07270501,0.0074866563,0.12299824,0.0056352946,-0.07249369,0.056856796,0.06304936,0.06595418,-0.10575161,0.06121166,-0.012055119,-0.022614498,-0.05306036,-0.09644236,-0.14970106,0.044514105,0.025299184,-0.025362808,-0.0034495168,0.022119759,0.09695668,0.04511144,-0.05650133,-0.028242644,-0.011874448,0.054900102,0.1603818,0.02316542,-0.017543826,0.015168632,0.07212065,0.02391625,-0.020087373,-0.017943785,-0.0852855,0.02361074,0.021243973,0.035464123,0.032254845,-0.108171515,-0.020998627,0.024035875,-0.112146005,-0.042645156,-0.04957457,-0.019693049,0.07622734,-0.06185177,0.01981011,0.03519782,-0.054499578,0.076537624,0.012207501,-0.016222201,0.05975789,-0.035609175,0.013664547,-0.08774906,0.07430892,-0.06853257,0.116913654,-0.051458724,0.013308223,-0.008179406,0.019703519,-0.09832555,0.014760337,-0.06640166,-0.015026784,0.040161327,0.06994454,-0.012140598,0.06612645,0.11286246,-0.0008414462,0.05769354,-0.090429924,0.013719017,0.04945898,0.107305124,-0.057515547,0.05330257,0.13891363,-0.106216624,-0.028427549,-0.023872927,0.009555146,0.016667718,0.06471802,0.053076018,-0.0070577664,-0.016235767,-0.014917983,0.041385,-0.055551182,0.07516215,0.034679063,0.11930142,0.0055743787,0.0022465482,-0.03649947,0.0075054076,-0.009339429,-0.020647865,0.061624005,0.023900585,-0.04338119,-0.059501678,-0.058886416,0.017055346,0.03090464,-0.05113847,0.133037,-0.022886414,0.037042342,-0.0032910942,-0.0038107848,-0.053928345,0.05191289,0.13840719,0.0016677817,0.075602606,0.05195593,-0.094037816,0.042601164,0.023971131,0.019246161,-0.06430487,-0.03332484,-0.014302837,-0.01743694,-0.11297192,0.046899244,0.0072962767,0.04284194,0.046374466,0.061216354,-0.09648947,-0.043960355,-0.0988834,MFB
-0.06293836,-0.026550947,0.087775916,0.040725462,0.004088621,0.04833756,0.033189304,-0.0049896906,-0.05052083,-0.06898256,-0.09548165,-0.005335886,0.05413323,-0.101520285,0.04121401,0.024487223,0.026209246,-0.069657475,-0.06656035,-0.12542339,0.106025994,0.05655045,-0.058592234,0.07657404,-0.12552075,-0.02935661,-0.075868785,0.058506787,0.038883135,0.015824797,0.074953616,0.10130727,0.0153340325,0.0749021,-0.02226196,-0.053850166,-0.030224413,-0.08617553,0.0063173454,0.1214748,-0.00636065,-0.048186615,-0.07757074,0.062895074,-0.074507214,0.09357791,-0.0133823585,0.042603347,0.09942479,0.053928047,0.04914403,0.078101456,0.043417934,-0.06531393,0.02258408,-0.08194558,0.07288946,0.12520522,-0.03431648,0.09655736,-0.036378138,-0.112109825,-0.038909357,-0.017165191,-0.048603635,0.04375011,-0.07345914,-0.009055853,0.01879603,-0.012543534,0.0089162635,-0.08491717,-0.04939775,-0.11418551,-0.016619345,0.04891477,0.014591347,0.0026718695,0.059435636,-0.090889946,-0.108821884,-0.06761191,-0.004152435,-0.11415954,0.057519354,-0.06603606,0.04495211,0.026339395,-0.1043745,-0.10137625,0.04664386,0.050879024,0.08092934,-0.04457159,0.096376635,0.009764054,-0.08526046,-0.05150304,0.0082459245,-0.025918901,-0.0026138625,-0.09555574,0.0135802245,0.016156707,0.04190702,0.025811829,0.035339434,-0.0960615,0.11422133,-0.042276792,0.06840623,0.016102444,-0.024364514,-0.036458764,0.035499457,0.055929564,-0.051786445,0.034745667,0.103007026,0.027140645,-0.06611294,0.028600277,0.06378956,-0.027734786,-0.095034465,0.0010103151,-0.035428807,0.04224509,-0.029571693,-0.1618548,-0.17003524,0.053248174,0.053692468,0.010186173,0.021969885,0.061447285,0.054188974,0.052506536,-0.06362879,-0.06537356,0.0018428968,0.1253345,0.12447098,-0.016321301,-0.033422116,0.042826444,0.015216223,0.029048044,0.0005976063,0.0018337145,-0.042620827,0.0056423713,0.014043809,0.02224893,0.05157992,-0.077332236,-0.0399862,0.014347687,-0.070069954,0.010876246,-0.024834052,-0.033615895,0.07989136,-0.026209962,-0.017144062,-0.00737833,-0.021695059,0.04858387,-0.010683928,-0.007813815,0.019579519,-0.07677442,0.01905983,-0.04479868,0.06140308,-0.06607005,0.096030146,-0.07259199,0.05644656,0.022266552,-0.014305275,-0.14028963,0.08713062,-0.07994752,-0.07425082,0.10230918,0.030534059,-0.030754253,0.03133046,0.14382839,0.0155219715,0.05009108,-0.13050002,-0.023602314,0.07354539,0.04729403,0.00271833,0.048607577,0.1738057,-0.08589568,-0.003983604,-0.07871826,-0.055812664,-0.0018551596,0.07652173,0.063965544,0.0371593,-0.020979198,-0.01747194,0.06918751,-0.016927537,0.06783295,-0.0051027676,0.06938199,0.05885306,0.021128472,-0.007847405,0.04557,-0.03260562,-0.03968393,0.060573936,-0.004669014,-0.08041601,-0.052923955,-0.03605409,0.031230357,0.048258062,-0.06089536,0.12699124,0.009011707,0.010129577,-0.031904437,-0.02005269,-0.0450025,0.042166144,0.10568476,0.0020113657,-0.0025671853,0.055221707,-0.114056066,0.05470307,-0.055267483,0.07037937,-0.03852898,-0.01836882,0.019731183,-0.02891501,-0.082989395,0.03318567,-0.010957139,-0.015962467,-0.02084009,0.07597466,-0.06800437,-0.028099196,-0.061625186,MFB
-0.046162575,-0.00680261,0.077347144,0.06324735,0.017214954,0.010302054,0.038768325,-0.029756099,-0.009708184,-0.042614512,-0.090888284,0.0060342927,0.05653356,-0.08995421,0.057878528,-9.518e-05,0.048624203,-0.077335455,-0.038823478,-0.08216394,0.10080401,0.05206707,-0.06447417,0.035630144,-0.12459279,-0.052909724,-0.037591036,0.06980282,0.0041020373,0.055288874,0.07570693,0.11233966,-0.02957858,0.08191064,-0.0354252,-0.07826294,-0.010049842,-0.06561765,-0.010406656,0.09795421,-0.03588851,-0.05924543,-0.060997337,0.05015033,-0.04951432,0.11002438,-0.02962045,0.019597031,0.09473877,0.013552242,0.03821076,0.06613307,0.011104051,-0.0510509,0.016981635,-0.07515558,0.06729058,0.09327455,-0.0549118,0.07953707,-0.02033286,-0.11603557,-0.030896591,0.0020788459,-0.020096077,0.041337132,-0.08720534,-0.019691382,-0.0012032785,0.019413916,0.012689775,-0.103662714,-0.07057534,-0.074676886,-0.0061536245,0.06424736,0.06540657,0.010689118,0.042285312,-0.102027744,-0.09096004,-0.032851048,0.0042608175,-0.08768137,0.043622095,-0.087543555,0.07963217,0.034637995,-0.09236697,-0.10813616,0.0130974855,0.034867432,0.10966767,-0.05755771,0.060996346,0.006828883,-0.071233034,-0.048401218,-0.036882535,-0.034286417,0.032803323,-0.0999912,0.0048748786,0.04633735,0.046085067,0.07478854,0.070639156,-0.07086628,0.092557356,-0.07482557,0.01922797,0.044594236,-0.017825805,-0.03333658,0.026407875,0.1016939,-0.04745565,0.010159721,0.075336196,0.030779399,-0.050424654,0.01735305,0.088924974,-0.012938349,-0.06361911,0.034716826,-0.07164385,0.037442733,-0.049288552,-0.14257684,-0.18157724,0.008800115,0.08567618,0.0061844317,-0.022596296,0.038886208,0.042879224,0.070782445,-0.06977816,-0.06411302,0.027926559,0.10453045,0.16177967,-0.0038782703,-0.02723572,-0.0052461694,-0.019274686,0.00791711,0.016256452,0.012107692,-0.05704705,0.053278916,-0.02266415,0.012148629,0.08564268,-0.06764668,-0.023290185,0.0015441887,-0.054873373,-0.018562112,-0.04434834,-0.02818716,0.058608837,-0.026336584,0.019974941,0.019376505,-0.050482444,0.02079006,-0.030719237,-0.004956348,0.046491344,-0.08024314,0.027724192,-0.043975066,0.031436563,-0.077555254,0.074814044,-0.02625965,0.058494397,0.040314168,0.014687471,-0.14149007,0.06007742,-0.09868267,-0.107968956,0.13134825,0.014932479,-0.040948506,0.028211717,0.13001555,0.013104415,0.03262966,-0.11207373,-0.017291948,0.07417314,0.06480007,0.0010538378,0.051057383,0.13908525,-0.0793975,0.0013501677,-0.08509821,-0.069410086,0.0077937343,0.022129277,0.06498526,0.011640738,-0.036133252,-0.028336847,0.07883819,-0.00086458866,0.07803846,-0.054200128,0.06489627,0.07951222,0.014381593,-0.03403038,0.030408941,-0.024693873,-0.024500156,0.044635087,-0.028530953,-0.081575066,-0.0031005044,-0.0035159772,0.018741503,0.021229055,-0.059067845,0.13871795,-0.014331744,-0.014076302,-0.04662465,0.036848538,-0.07668874,0.053162873,0.13846302,0.025551507,-0.02634184,0.08035466,-0.10377358,0.050946653,-0.014108627,0.05229251,-0.07166952,0.035892043,0.024480838,0.0017805467,-0.059703972,0.045167457,0.001935821,0.007930362,-0.032362416,0.055889264,-0.09985635,-0.016195046,-0.07243134,MFB
-0.04462513,-0.054289915,0.11402204,0.0045415265,0.030868206,0.07323116,0.07558784,0.033003736,-0.075940475,-0.10956081,-0.054600455,-0.018113006,0.07321887,-0.061239563,0.056353457,0.04287543,-0.041480675,-0.037527774,-0.049655937,-0.1492905,0.111416325,0.112041295,0.000497418,0.1636003,-0.083423674,-0.03735749,-0.073102765,0.04521002,0.042941794,-0.08879561,0.047748946,0.11930749,0.0516985,0.068058304,-0.0048000915,-0.031061035,-0.023868281,-0.13226518,0.032452792,0.09790519,0.02180063,0.030818265,-0.040881097,0.061335478,-0.10651447,0.035637893,0.012911817,0.07483968,0.09208687,0.062979914,0.084334575,0.06947995,0.024858117,-0.032275934,0.023325961,-0.009867614,0.03324624,0.109077096,0.029684663,0.030650614,-0.042329766,-0.059368297,-0.04085779,-0.07185088,-0.07765722,-0.028161997,-0.038894214,-0.019230353,0.062440198,0.0064226463,-0.010602256,-0.04078649,-0.052210234,-0.103498615,-0.01613078,0.011998866,-0.063792795,0.039686806,0.019260993,-0.056262463,-0.056704342,-0.12315194,-0.017283607,-0.15671772,0.08248483,-0.07812154,-0.004618225,0.017717505,-0.07264525,-0.07566008,0.023877805,-0.014234936,0.011343607,-0.023850676,0.07531059,-0.0124518955,-0.113157004,-0.008936235,0.045231875,-0.005321319,0.008876029,-0.04930144,-0.048032213,0.02063067,0.053145602,-0.032397352,-0.029350428,-0.0871842,0.08777225,-0.041757666,0.085375644,0.0034316308,-0.02822266,-0.045930095,-0.0022984145,-0.009319712,-0.04599029,0.047018446,0.070779204,-0.02020577,-0.040006578,-0.030378476,0.037248977,-0.027338967,-0.087256014,0.004196679,-0.03228641,0.062039837,-0.007839901,-0.13578251,-0.104419164,0.08763579,0.028103372,0.016223414,0.050508294,0.0522203,0.09399107,-0.04618861,-0.015844503,0.014295298,-0.04018775,0.109668955,0.06434922,-0.08283592,-0.06259147,0.08081162,0.018972537,0.053944,-0.06311829,-0.04159365,-0.011895115,-0.027137626,0.062358595,0.042990245,0.012268237,-0.06311105,-0.004883618,0.025689969,-0.08263034,0.07041288,0.06354911,-0.0027654741,0.032263823,-0.04317365,0.0036585247,-0.0066389986,0.054417394,0.059205804,-0.041891806,-0.021570757,-0.023746029,-0.061751813,0.064527474,-0.040324055,0.07560724,-0.029030062,0.14702776,-0.10980797,0.014150372,0.011123114,-0.068934925,-0.097728536,0.084390044,-0.05752197,-0.06745364,0.025053462,0.00021091523,0.029698223,0.05411354,0.1368149,-0.025168082,0.056833122,-0.054165088,0.0044598044,0.06532553,0.04876237,0.004861185,-0.0134384,0.19458652,-0.0784625,-0.010383394,-0.026230633,-0.08019225,0.015540763,0.10671345,0.05818136,0.03170997,-0.004785157,-0.011366725,0.024242992,-0.06515017,0.0032681772,0.033998467,0.09903465,0.05278573,-0.0025226623,0.08131823,0.061035648,-0.035141144,-0.05112449,0.020356357,0.006617525,-0.10478233,-0.07907097,-0.033602465,0.0007426096,0.052687343,-0.00200956,0.1004353,-0.0048955698,0.03461684,-0.059340186,-0.07017612,0.00047663995,0.04671158,0.048230544,0.020613281,0.029454324,0.06753631,-0.11889416,0.029343698,-0.09626227,0.069930926,0.055658415,-0.104209974,0.010097871,-0.00744067,-0.108312555,-0.030984785,-0.04173482,-0.009782223,-0.08040157,0.08791973,-0.03650989,-0.016881447,-0.01662628,MFB
-0.058914214,-0.017292544,0.04610072,0.0070094923,-0.007811407,0.033563413,0.012583247,-0.00020210617,-0.041929916,-0.0874553,-0.09464121,-0.013000229,0.06415561,-0.0775504,0.020452809,0.038617827,0.064426556,-0.051856577,-0.0709797,-0.11848633,0.10081677,0.019498756,-0.09081809,0.04634993,-0.11933224,-0.042687424,-0.08528571,0.076538146,0.026051145,0.03450477,0.06703773,0.10165909,0.010241503,0.082262605,-0.043623038,-0.021322398,-0.043806154,-0.06149533,-0.023712788,0.14239946,0.022669712,-0.03855325,-0.06667185,0.059410945,-0.051479988,0.10491091,-0.032435607,0.045298617,0.10058809,0.05497504,0.034578472,0.073013425,0.04197523,-0.07801637,0.014393749,-0.1014234,0.072573215,0.117344275,-0.02533135,0.09597429,-0.02720172,-0.11112711,-0.036193326,-0.00953014,-0.042285413,0.04417244,-0.0812732,0.003777963,0.0061020385,0.005318332,0.012590012,-0.09434186,-0.03595657,-0.08899847,-0.024672676,0.04473445,0.004443802,-0.0019793785,0.044945184,-0.11854796,-0.10186379,-0.051394597,0.007884252,-0.10773834,0.046285883,-0.056343973,0.04851317,0.023974605,-0.10071843,-0.076163545,0.026187722,0.040629618,0.06701975,-0.054938793,0.097316265,0.039154835,-0.08895701,-0.06040303,-0.0015638038,-0.010863585,0.0020818287,-0.08951463,-0.005548646,0.019776413,0.0044172835,0.028921578,0.058523852,-0.09775291,0.10377458,-0.029943852,0.07935874,0.032520104,-0.0038408292,-0.039249606,0.035720658,0.078161284,-0.017456446,0.040311255,0.107235044,0.037243288,-0.053680155,0.038652778,0.059093118,-0.02052623,-0.09168794,-0.018375877,-0.021826457,0.06253182,-0.025320828,-0.16398653,-0.1695118,0.031919792,0.081452966,0.013672364,0.013982092,0.07472933,0.05453509,0.060929693,-0.048996273,-0.0520112,0.032171097,0.12190336,0.14212205,-0.029648963,-0.041446,0.024326691,-0.0056614582,0.019418271,0.025879718,0.0032285734,-0.041173927,0.013853804,0.011089275,0.010347662,0.059322648,-0.050610144,-0.04230272,-0.016425133,-0.051254187,-0.007456241,-0.0056190607,-0.03867037,0.07914055,-0.008937783,-0.035381176,-0.017457727,0.009020007,0.019610278,0.0066602463,-0.009752153,0.010049948,-0.09346717,-0.007535439,-0.03797594,0.04289292,-0.06299655,0.049094737,-0.07857278,0.06094446,0.02732899,0.00064572366,-0.14573324,0.08280054,-0.07326272,-0.08224927,0.10722357,0.043070823,-0.053188935,-0.0018387721,0.15588072,0.023299567,0.03307009,-0.12656447,-0.0051868055,0.09708556,0.046461456,-0.01293229,0.049281396,0.14114851,-0.09655073,-0.018429285,-0.08514908,-0.076880254,-0.015507849,0.062010176,0.056976616,0.042761415,-0.046355102,-0.035860054,0.06319578,0.0019827764,0.06729406,-0.0067281732,0.03578923,0.084328376,0.03606852,-0.024394616,0.0366555,-0.034524962,-0.010439898,0.07298806,0.0074178083,-0.0953902,-0.0591626,-0.043549594,0.036744796,0.04196748,-0.056245655,0.122086436,0.02968137,-0.002240426,-0.019537859,0.010744616,-0.024787944,0.025021635,0.100093216,-0.006233761,-0.01778814,0.07578397,-0.11521539,0.077325985,-0.0600169,0.07914719,-0.05219791,0.0036261159,0.029160615,-0.030927483,-0.093372494,0.06759273,0.019992106,-0.013871187,-0.0204711,0.049408615,-0.0679826,-0.049502842,-0.05195052,MFB
0.001762206,0.0702517,-0.01325142,0.05873022,0.08709243,-0.04512584,0.032119885,-0.031098709,0.06668468,-0.041755952,0.032846052,0.008811891,0.04691621,0.09054098,0.033303455,-0.019487482,0.078632556,-0.004191394,0.037862763,-0.022997322,0.052367587,0.014736645,-0.0056313863,-0.038274188,0.032329254,-0.081542805,0.11747835,0.036762994,-0.09303139,0.008268929,0.023452546,0.09539401,-0.044157453,0.03317283,-0.07982151,-0.09858376,0.041677948,-0.030777128,-0.09705157,-0.007938438,-0.0802801,0.031821366,0.039330553,0.04027526,0.08755361,-0.007575892,-0.0347744,0.039520368,-0.0054012663,-0.047577742,0.019054236,-0.03324371,-0.05140678,0.021286452,-0.00032753497,0.12180948,0.00992943,-0.011683103,0.05516502,-0.007021726,-0.061567936,-0.048497796,0.03520542,0.0033473372,0.06377664,0.0077381236,-0.10423346,-0.035046764,-0.007350791,0.12847924,0.006208096,-0.12774062,-0.055986073,0.067494825,0.050700612,0.040874816,0.088449724,-0.015489353,-0.06929947,-0.1390474,0.037003525,0.012560335,0.0127474675,-0.05931908,0.036926176,-0.12526028,0.14262438,0.05793774,-0.04442986,0.032061912,-0.08640006,-0.04720165,0.08353099,-0.06406982,-0.03377788,0.006108788,-0.04387872,0.05305834,-0.08780892,0.017971138,0.12083484,-0.0042483294,-0.08255342,0.13066149,0.030052468,0.12418121,0.104180716,0.014412275,-0.036287997,-0.07395762,-0.0798485,0.13448073,0.049069576,0.0020385506,-0.05312535,0.10774495,0.065573655,0.008658167,-0.06810727,-0.008732022,0.11863205,-0.0626791,0.0604295,-0.0025415558,0.012420871,0.04459738,-0.119048364,0.06594215,-0.004544365,-0.04637461,-0.047484197,-0.05238692,0.09261991,0.009759696,-0.09332669,-0.011502767,0.008027871,-0.011346218,-0.03257986,0.025524221,0.027362974,0.05441001,0.08097412,-0.09512578,-0.014669208,-0.1061786,-0.11504223,-0.079500005,0.0001777212,0.013086763,0.007548958,0.058126755,-0.041733697,-0.06616391,0.05286342,0.028560266,0.037928488,-0.066080116,0.05306561,-0.05935824,-0.005777423,-0.030040264,-0.06661937,0.026919246,0.037774775,0.08895302,0.03846226,-0.074703634,-0.08912984,-0.004489528,0.0068099834,-0.06544675,-0.013678425,0.0015176078,-0.03131994,-0.01354794,-0.08998285,0.08360635,0.01913023,0.05018021,0.021705048,0.009205511,-0.013548516,-0.12077897,-0.10287074,0.12193465,-0.023625357,-0.045973547,0.028276483,0.09523931,-0.0036503086,-0.067724325,0.03832279,0.07176858,0.107819095,0.07111788,-0.05561317,-0.078226924,0.002872333,-0.021955792,0.01369122,-0.033948474,-0.10866539,0.033715382,-0.080891885,0.06995417,-0.03338409,-0.027701136,-0.06622659,0.015203405,0.00051847985,0.008315381,-0.15891227,-0.075672,0.108640775,-0.057583913,0.019448897,-0.035654254,-0.015561622,0.049726013,-0.03284352,-0.016774021,-0.062795736,0.091042414,0.0012182236,-0.038816154,-0.046458445,-0.027879007,0.05432862,-0.019777378,-0.023883745,-0.065824725,0.0977328,-0.09845038,0.071321696,0.055405725,0.07661193,-0.060845863,0.104990914,-0.016271824,0.04274921,0.001825405,0.014100031,-0.037214346,0.04754628,0.011283705,0.088493496,-0.006218236,0.025973968,0.0022372995,0.057780765,-0.14871453,0.0014626409,-0.10137479,0.028721917,-0.0715752,PkC_ss
-0.063074455,-0.020622479,-0.04792638,-0.07339211,-0.0065997583,0.045347847,-0.09625924,0.14215448,-0.09095858,-0.12638268,0.015543052,-0.0489979,0.014301863,0.07124312,-0.06816831,0.107372895,0.009749248,0.110143915,-0.0735188,-0.13023843,-0.02441904,-0.055612445,-0.017929712,0.025811313,0.06676136,-0.040739514,-0.065572366,-0.029830717,0.06357039,-0.059040226,0.017877817,-0.010640288,0.07362416,-0.08899997,0.057470933,0.0035993978,-0.052603465,-0.036924582,-0.07134855,-0.015679287,0.064636216,0.0072810026,0.053518943,-0.0055415328,0.0025203684,-0.076908216,-0.054670617,0.09806764,-0.08016783,0.06683044,0.005150304,-0.049877007,0.06717993,0.0055693295,0.021903833,0.0036988147,0.0438267,0.045265093,0.04415218,0.043989085,0.010235615,-0.046001576,0.019271558,0.015688058,0.03654483,-0.009681133,0.034430362,0.06791324,0.109802976,-0.027017798,-0.025663316,-0.034873147,-0.000771638,0.02934993,-0.015346262,-0.09057875,-0.10335769,-0.008516579,-0.021135433,-0.029777672,0.06434458,-0.09300896,-0.037188936,-0.014187998,-0.01781993,0.040656418,0.055196747,0.04031916,-0.023921095,0.087395,0.07628134,-0.02111243,-0.07004172,0.04797961,0.099346675,0.076424986,0.009917254,0.12811926,0.075813174,0.11977756,-0.094423994,-0.038329095,0.04223481,-0.0530326,0.015110361,-0.11354735,0.04954997,-0.052097127,-0.0030233096,0.11722699,0.0845682,-0.020588517,0.05121799,-0.0698463,-0.043472793,-0.08211118,0.060172014,0.033040397,-0.018763859,0.020722952,0.044225924,0.0061842585,-0.09463367,-0.1486983,-0.032495826,-0.11484602,0.07753132,0.081792235,0.09071858,-0.02689622,0.09041458,0.10708967,-0.0011668082,0.066831835,0.110623956,0.09075105,-0.016954467,-0.03655435,0.01111836,-0.054694347,-0.024134351,0.08930597,-0.06397908,-0.02742715,0.010240154,0.09665394,-0.07531793,0.052240103,-0.0081742555,0.010847475,0.074869804,-0.11188991,0.10183664,-0.025401667,-0.07097934,0.024802491,-0.07818659,-0.02236766,0.024238836,0.06654466,0.09241848,-0.0068509458,0.050950713,0.028906945,-0.09075826,-0.13332763,0.080114186,0.003359801,-0.011475373,0.073971614,-0.09007959,-0.052953202,-0.031127455,0.04789995,0.0042352676,0.042094823,-0.052446805,-0.06864663,0.010612113,-0.021063725,-0.091954365,-0.04624214,0.08533211,-0.03801646,0.0035553356,0.013259082,-0.020982094,-0.013712762,-0.05702416,0.0056982907,0.006014517,-0.036853764,-0.070602685,-0.061586376,0.042991176,-0.07948013,-0.021996088,-0.07709606,0.0040458674,-0.03131128,0.004443396,-0.03643791,-0.06731817,-0.046958774,0.044263043,-0.022171268,0.08664666,0.008370829,-0.0047906684,-0.004636449,0.08583442,-0.07970198,0.06269627,-0.12114751,0.009265942,0.06289207,0.036004383,0.061566364,-0.023751127,-0.035765573,0.024798453,-0.0026081973,0.0040046885,-0.070910394,-0.0013565607,0.010691228,0.09113397,0.060176723,-0.029279724,0.07753665,0.0015175638,0.025795534,-0.067247555,0.0935511,-0.024068903,-0.13591029,-0.03390933,-0.058810964,0.012550853,0.006017224,0.047133617,-0.11789994,0.040657707,0.08315061,-0.008475893,0.050312184,-0.024242815,0.021333253,0.0019808065,0.0006051655,-0.13833368,-0.03230246,-0.005394126,0.13423935,-0.00077590114,0.078075305,PkC_ss
0.088252604,0.022978643,0.043114416,0.1032622,0.047419466,-0.050972275,0.06532297,-0.08936754,0.10181124,0.09978727,0.04488702,0.04826834,0.0033324999,0.020731337,0.05924116,-0.07081516,-0.043761685,-0.071857035,0.08674401,0.10281075,0.015776712,0.03996732,0.05887011,-0.026125627,0.02090593,-0.0014706757,0.13602255,0.0059384154,-0.06828156,0.0056341747,-0.054830074,0.020993058,-0.073296346,0.060142305,-0.023857933,-0.071259655,0.07166448,0.008461374,-0.0023539495,-0.052880827,-0.08910513,0.03262974,0.013003537,-0.015368632,0.013328425,-0.055101223,0.032255083,-0.052388914,0.0056600487,-0.069349125,0.022269215,-0.037187885,-0.06803192,0.031662337,-0.015274614,0.096432045,-0.05948639,-0.07687543,0.015230591,-0.06709343,-0.034534965,0.07984042,0.025226256,-0.028075531,0.02833397,-0.025742557,-0.015549053,-0.07273949,-0.06739931,0.0848991,0.0023590801,0.004292017,-0.024160333,0.059759267,0.04524979,0.07428855,0.08711007,0.022805978,-0.06346631,0.0334543,0.06322074,0.1160199,0.027599854,-0.007708247,0.06573862,-0.059140988,-0.024375722,0.010211671,0.08226097,0.014106527,-0.11175318,-0.07606691,0.035166763,-0.025114529,-0.10711176,-0.090752974,0.004926909,-0.035782404,-0.06407297,-0.0397631,0.10295844,0.042055637,-0.07571538,0.10208391,0.027993355,0.0763288,-0.034491908,0.06715621,-0.04410235,-0.12092364,-0.121852085,0.06816982,-0.018718716,0.066726156,-0.039489623,0.029357955,-0.015854847,-0.039341383,-0.078611284,-0.035187487,0.057083637,-0.048967626,0.047782242,0.07694568,0.08339548,0.102708906,-0.08408934,-0.031370938,-0.046748266,0.057307817,-0.0044419793,-0.11385156,0.021043947,-0.03180433,-0.11810851,-0.09766033,-0.013006818,-0.021842938,0.024950221,0.089548886,-0.009362014,-0.10777262,-0.022108238,-0.046927057,-0.013572523,-0.115107104,-0.025775142,-0.056705635,-0.013444723,-0.03298874,-0.036420733,0.113826014,-0.11412636,0.016710486,0.03955765,0.007396602,0.10227905,0.024837172,0.018049844,-0.022191267,-0.045795113,0.020843543,-0.112899855,0.008271634,0.10816819,0.11286697,-0.024446426,-0.04668509,-0.032218583,-0.07207428,0.04402949,0.061695635,0.03857357,0.017185874,-0.036667213,0.0073041255,0.008707477,0.09656613,0.002422887,0.025788063,0.045131065,0.09402943,-0.07792369,0.037060007,-0.018662369,-0.05463418,-0.034325667,0.037094012,0.007715091,-0.03687952,-0.027211893,0.016756387,0.120848335,0.07707429,-0.04809708,0.05950433,0.05774991,-0.036603965,-0.02699478,0.08869918,0.008087804,0.06811348,0.041057393,0.08928516,-0.08340497,-0.008749656,-0.087049514,0.027646855,-0.013082957,-0.013425112,-0.058101058,0.007278367,-0.1023559,0.033435293,0.02326595,-0.071949705,0.043980777,-0.046008214,0.026059454,0.03679891,-0.09193185,-0.027145877,-0.00019551022,0.08036567,0.041660897,-0.07817285,-0.12309347,0.003942313,-0.057418983,-0.07459894,-0.026763365,-0.050367296,0.0568334,-0.06503076,0.029430002,0.050128892,0.07540977,0.010759497,-0.013393417,0.028806355,-0.06684156,0.06810154,-0.026172418,0.005722138,-0.0075888475,-0.020597648,0.08944142,0.031610355,-0.060864374,-0.058332503,0.12485111,-0.033715524,-0.031309515,-0.08891713,0.020555055,-0.029187432,PkC_cs
0.079322726,0.004499996,0.07375717,0.08242775,0.038255125,-0.022505833,0.09530744,-0.08525616,0.07049845,0.08952512,0.03922937,0.04024531,-0.012101195,0.008530758,0.06235312,-0.07286189,-0.09053549,-0.08679267,0.08661057,0.10122351,0.008182318,0.07170171,0.06877988,0.021282563,0.0063498067,0.022506889,0.11292722,-0.0061579654,-0.054513693,-0.04262148,-0.063558266,0.034040637,-0.040179424,0.060981493,0.004468115,-0.034502715,0.071359046,-0.0056381295,0.061392073,-0.054818563,-0.067089565,0.03901767,-0.0014446802,-0.016789537,-0.019279188,-0.062139593,0.065407306,-0.050266877,0.03590017,-0.055656224,0.036323555,-0.009025876,-0.0711495,0.035999414,0.0010409667,0.100450605,-0.0846224,-0.06886679,0.024462076,-0.0717881,-0.015452901,0.10688639,0.007574274,-0.051218517,-0.024496324,-0.04708738,0.0074862447,-0.08313911,-0.05161263,0.05899161,-0.0044960044,0.045334943,-0.009470512,0.030976042,0.043671764,0.059727952,0.04909758,0.04183288,-0.05080273,0.05746363,0.06292805,0.084618315,0.01639288,-0.038113244,0.06247347,-0.0480914,-0.07318708,-0.016666599,0.09738149,-0.006590752,-0.104269266,-0.078372285,0.001281796,-0.019006733,-0.1189074,-0.1036687,-0.0031202498,-0.029316802,-0.032435875,-0.055001892,0.09659901,0.06808232,-0.09672541,0.08091671,0.027192922,0.050542414,-0.08821288,0.0910704,-0.025878299,-0.12902345,-0.096818775,0.04589834,-0.035798904,0.06911676,-0.033649825,-0.011323644,-0.035827205,-0.03984295,-0.073310584,-0.057653375,0.0450271,-0.06338299,0.028211832,0.09213516,0.065286614,0.11329159,-0.06906948,-0.046169415,-0.05020576,0.064211674,0.026562804,-0.09136173,-0.018262625,-0.050217584,-0.095585704,-0.10003354,0.0044619096,-0.049213864,0.03093063,0.11983168,-0.030974781,-0.14288901,-0.04171699,-0.048364677,-0.023664244,-0.0776272,0.007981113,-0.040898472,-0.05259347,-0.058803067,-0.040321827,0.09949607,-0.08583,0.045810223,0.016013049,-0.024096906,0.10779258,0.04250125,-0.018876825,0.014330627,-0.036829017,0.047111634,-0.110542655,-0.021537885,0.12665254,0.10540676,-0.003862753,-0.00786352,-0.0409017,-0.07745565,0.04407867,0.094074994,0.057615064,0.0046846042,-0.013385863,0.021014297,0.061953366,0.070502356,-0.016794683,0.016226033,0.010373063,0.09924644,-0.07856624,0.07956752,0.008142758,-0.11331509,-0.035225216,0.07374191,0.027961126,-0.04914239,-0.020421889,0.02811211,0.141044,0.07411139,-0.06891546,0.08307073,0.059812453,-0.043975666,-0.0034492814,0.081171334,-0.01061273,0.10998733,0.060664415,0.109487504,-0.05087117,-0.0018419819,-0.08623715,0.046308827,-0.00035640923,-0.022093058,-0.08749506,-0.024951575,-0.05860632,0.07931025,-0.0098932125,-0.081104234,0.057955883,-0.04149743,0.032579158,0.018887203,-0.09953858,-0.015180999,0.0042016273,0.06609817,0.040937766,-0.093853906,-0.12298916,0.020402806,-0.06504674,-0.08034287,-0.003577252,-0.041915547,0.018122822,-0.041848496,0.038274907,0.035993237,0.07242794,0.04253328,-0.0280165,0.01982539,-0.088425934,0.063378945,-0.028018003,0.04249441,-0.05380687,-0.04149392,0.08228567,0.018841848,-0.091996655,-0.07687789,0.12906942,-0.031774297,-0.0014253156,-0.078718364,0.03293573,-0.023681559,PkC_cs
-0.06388895,-0.018284325,0.081141174,0.014554485,-0.0018554758,0.038953826,0.08063118,-0.030231338,-0.04156156,-0.035736013,-0.09863164,-0.012464605,0.058815036,-0.1217743,0.054884154,-0.01609524,0.0034627793,-0.07855595,-0.05263704,-0.06023848,0.09012744,0.05859743,-0.04035677,0.07302419,-0.146997,0.005963197,-0.05662562,0.067607135,-0.005441993,0.018754944,0.051502395,0.10122126,-0.0026583099,0.09182984,-0.030222103,-0.041550558,-0.025676098,-0.095697954,0.06484366,0.10073614,0.009298625,-0.029427445,-0.0672792,0.07301096,-0.10326787,0.13581787,0.038285088,0.020085394,0.14004317,0.006640737,0.03597257,0.082503095,0.020246368,-0.04821337,0.025127696,-0.060695574,0.06317989,0.08789396,-0.0452475,0.026704045,0.014054151,-0.05753059,-0.037881132,-0.038055632,-0.08064926,0.024736878,-0.07104016,-0.016735876,-0.010251259,0.019756153,0.009512961,-0.033709116,-0.052842513,-0.109231226,-0.06495803,0.052700564,0.006386894,9.3987444e-05,0.058806602,-0.055471852,-0.12835667,-0.077906266,0.00061398745,-0.1384266,0.054088328,-0.061470106,-0.01396329,-0.029850757,-0.095886245,-0.12747967,0.025989957,0.057666756,0.08378247,-0.060664218,0.06423341,-0.041670214,-0.07542685,-0.09702284,-0.0009789211,-0.04701613,0.052476965,-0.02860633,-0.021676686,0.0045618527,0.005654545,0.060022168,0.027970688,-0.032454483,0.10626066,-0.09282747,0.0673865,0.01710882,-0.025100157,-0.030345708,0.011104925,0.061437927,-0.07698618,0.0064118747,0.104915485,-0.0064001027,-0.05807838,0.025451802,0.054409094,0.040996976,-0.1150217,0.053780306,-0.026005905,-0.0027932278,-0.050743297,-0.093118,-0.16934076,0.042459786,0.029588569,-0.031823188,0.0023755478,0.034984488,0.10865328,0.04000546,-0.02562352,-0.023225013,-0.014574686,0.08124497,0.16507077,-0.0035491532,-0.047295764,0.035765324,0.025281996,0.025699962,-0.031699404,-0.03597005,-0.063580096,0.022177543,0.016929455,0.045149326,0.03979988,-0.09806517,-0.01785442,0.0428589,-0.0989944,-0.0063820686,-0.031305797,-0.021041926,0.06345278,-0.05088616,0.049966883,0.022970557,-0.030292278,0.056893088,-0.0019494733,-0.021161087,0.04552394,-0.055698954,0.019080406,-0.094462335,0.08801827,-0.07526475,0.12508592,-0.06553361,0.025442515,0.014930436,0.0048028035,-0.113700606,0.040613998,-0.07808259,-0.059596263,0.027967356,0.03266751,-0.0066348934,0.04397548,0.14669874,-0.0046976446,0.054717388,-0.08292952,0.023591341,0.0686138,0.099082805,-0.032672837,0.04325016,0.14646192,-0.10666585,-0.012988169,-0.02497317,-0.023742046,0.012649374,0.063284345,0.06789464,0.0032526609,0.0039652567,-0.028081113,0.05094602,-0.07069803,0.06011137,0.020943124,0.112386435,0.054965764,0.01472358,-0.019462658,0.025944896,-0.015167073,-0.024852037,0.044466645,0.0238673,-0.07242033,-0.05353367,-0.047519233,0.020260101,0.017899994,-0.055558093,0.12920839,-0.034104884,0.027459672,-0.012517568,0.00062962715,-0.01647243,0.05556335,0.13249968,0.02196725,0.065356,0.07021043,-0.12167676,0.055521145,0.0112499185,0.062373683,-0.048784845,-0.04566651,0.021122407,0.004166551,-0.11992069,0.017827637,-0.01821386,0.047678977,-0.0135882115,0.07935614,-0.07855262,-0.04295714,-0.07927011,MFB
-0.035055093,-0.02500799,0.066367134,0.04747589,0.020022735,0.027562767,-0.04162796,0.080789015,-0.07154396,-0.1257186,-0.04039917,-0.029785877,0.053909063,-0.035070244,0.015840698,0.092278376,0.013640527,0.03696327,-0.061111733,-0.1511268,0.096257046,0.028787855,-0.033754162,0.09099389,-0.053403966,-0.096489735,-0.08281259,0.008929866,0.1005083,-0.021031134,0.027667787,0.05199127,0.0528887,-0.001411061,0.0213364,-0.05304324,-0.01691907,-0.087292954,-0.072994396,0.06358348,0.01969408,-0.004679797,-0.011698436,-0.04117418,-0.023761977,-0.022290263,-0.08092835,0.096066445,-0.029138967,0.061247997,0.06341943,0.0447614,0.059135463,-0.02902839,0.004326282,-0.04305379,0.075826086,0.14010194,3.8778642e-05,0.09103832,-0.03439275,-0.105026394,0.024350077,0.018210793,0.039949007,0.01219189,-0.028377619,0.020437455,0.0782283,-0.028474,-0.012458138,-0.09647076,-0.05898268,-0.020292748,0.014701351,-0.03466035,-0.034458596,-0.00014006533,0.003386848,-0.075171724,-0.0066594477,-0.09645501,-0.036526654,-0.03969018,0.054081596,-0.046664834,0.10800515,0.10478082,-0.048090763,0.015575128,0.068402186,-0.023733135,0.008818171,0.017986799,0.13639277,0.078651026,-0.062918544,0.07709562,0.017704837,0.082027,-0.09524225,-0.15598264,0.040396705,0.016237479,0.06229477,-0.049451813,0.02949667,-0.14465433,0.08294123,0.03844053,0.062080678,0.003193927,0.0014426524,-0.07078682,-0.024473868,-0.03010793,-0.0007587997,0.037323132,0.036670975,0.049388073,-0.03495005,-0.037188947,0.0029006526,-0.119461454,-0.02227192,-0.0785224,-0.022509262,0.095893964,0.02034521,-0.1528486,-0.100178525,0.07549834,0.09936379,0.067016274,0.058182694,0.06827407,-0.005344095,0.008578077,-0.04243928,-0.059187185,-0.023295714,0.11627254,0.004217015,-0.042868994,-0.02932495,0.057072915,-0.06487295,0.079418495,0.0017752973,0.025956668,0.032262493,-0.061387543,0.02805867,-0.0034988215,0.031068606,-0.0070549515,-0.06954521,-0.01867323,0.033363227,0.09755283,0.08470097,-0.033761337,0.053695418,0.008147021,-0.07926664,-0.08570276,0.037656732,0.0038150796,-0.03323485,0.032164864,-0.05348379,-0.097086474,0.04955922,0.037956133,0.0076461355,-0.05293376,0.03231359,-0.07748174,0.058244042,0.018686064,-0.06180375,-0.12099028,0.13857397,-0.046208896,-0.081592254,0.12119408,-0.030543255,-0.024993759,-0.029255867,0.0580923,-0.0018093255,0.021392545,-0.117259175,-0.077863485,0.09084548,-0.09524,0.08388517,0.017030846,0.12982064,-0.0063946657,0.044211082,-0.097365715,-0.1112891,-0.0031199837,0.056214962,0.03930201,0.07837136,-0.0095205195,-0.0048822397,0.050311882,0.069311306,-0.013107224,-0.015674636,-0.01735569,0.08536017,0.033301674,0.038854945,0.077973306,-0.045509256,-0.050283343,0.04726278,-0.056546573,-0.09259429,-0.06846125,0.041160524,0.018918674,0.051948205,0.012022586,0.048482075,0.050988562,-0.05558721,-0.0419607,-0.04081765,0.024929306,-0.00769744,-0.016282717,-0.015454222,-0.09088695,0.03213456,-0.076871365,0.027821694,-0.15489459,0.04539495,0.07222539,-0.00545807,0.050214358,-0.03240422,0.016866647,-0.030722756,-0.0030839343,-0.10089798,-0.08326891,0.029056005,0.033568606,0.004958128,0.04099913,MFB
-0.07215899,-0.023623006,0.09404929,0.0090515,0.03942912,0.06983742,0.042879134,0.04270637,-0.08898455,-0.12986939,-0.055353817,-0.040226616,0.08109797,-0.029357366,0.05540074,0.052385725,-0.013920063,-0.027311131,-0.06598898,-0.13795033,0.11974099,0.10545246,0.011796871,0.15163308,-0.054129396,-0.057544626,-0.055049043,0.038818922,0.049524244,-0.08268492,0.04803302,0.10248862,0.062346652,0.03724097,-0.0023852754,-0.029640641,-0.0358453,-0.117160335,0.034476776,0.089271024,0.009531716,0.041921422,-0.01775823,0.053604826,-0.08497904,0.013025377,0.010350064,0.09607738,0.06394181,0.05589843,0.071909934,0.063863166,0.035946447,-0.01083249,0.007693271,-0.0072963205,0.03467826,0.10038936,0.060567267,0.048614606,-0.062054925,-0.04752904,-0.033704832,-0.05545524,-0.067679204,-0.009312724,-0.03471943,-0.0026490754,0.083650626,-0.0014924018,-0.008492537,-0.07036897,-0.06252569,-0.087444104,-0.02233526,-0.021099094,-0.06669421,0.031266466,-0.011547634,-0.090758875,-0.056488737,-0.14648548,-0.017433433,-0.14261742,0.09724919,-0.05765672,0.013418919,0.048296005,-0.081085466,-0.03149887,0.03761474,0.004016407,0.005476854,0.008539576,0.08279987,0.026583584,-0.09639399,0.03572511,0.0440804,0.010739213,-0.021177385,-0.067722864,-0.036191404,0.024200775,0.034265634,-0.0480277,0.0066875746,-0.09101874,0.08174695,-0.023647,0.07940435,0.01879273,-0.0076891836,-0.031048741,-0.019876981,-0.020071648,-0.024149366,0.051035658,0.06957318,-0.008052641,-0.024360664,-0.034242205,0.039938595,-0.04814278,-0.078602195,-0.033732753,-0.023431636,0.07889331,-0.00068584684,-0.13955215,-0.08089955,0.10052305,0.04337997,0.021119915,0.07308887,0.07024479,0.07658132,-0.04857625,-0.026658604,0.018462911,-0.049153112,0.12299422,0.049271148,-0.105049774,-0.063277714,0.0995114,0.004139901,0.017897902,-0.08302163,-0.015108656,0.00045542285,-0.053334862,0.07724845,0.036349103,-0.01206084,-0.069367304,-0.009974939,0.03136075,-0.06549437,0.06468291,0.096364655,-0.0116354795,0.028508391,-0.0257165,-0.009066985,-0.013792169,0.070058845,0.03816966,-0.036767147,-0.004863658,-0.027822271,-0.080633946,0.04472644,-0.020664284,0.065118425,-0.028574692,0.123858504,-0.090516716,-0.0023587304,0.0019550472,-0.07063094,-0.11714879,0.09419583,-0.08795047,-0.059306197,0.05854269,-0.015078183,0.0021720019,0.08165966,0.1363,-0.03144721,0.0344588,-0.054755993,-0.01571266,0.09062451,0.030263271,0.032058734,-0.031563457,0.17893341,-0.108895645,0.013447175,-0.041870728,-0.11717129,-0.010263938,0.084723495,0.049299322,0.0504961,0.0027285279,-0.027396612,0.021033103,-0.021638392,-0.013568662,0.023057405,0.05681213,0.043490037,-0.013894739,0.07740693,0.07275331,-0.030817688,-0.040318694,0.02259759,-0.00014685746,-0.108855546,-0.102364495,-0.0070777507,0.0013828008,0.04368321,-0.01828337,0.10870525,0.012365535,0.023345614,-0.03328705,-0.077072755,0.027498038,0.037471496,0.02270649,0.010365464,0.022240374,0.048918582,-0.12251508,0.038675554,-0.11953026,0.0694077,0.07143426,-0.120305486,0.02690439,-0.0019936387,-0.09445059,-0.046346575,-0.0410704,-0.010762176,-0.10281475,0.080900885,-0.026570022,-0.00788488,-0.020525157,MFB
-0.05080209,-0.024398059,0.072002806,-0.0077365786,0.007764857,0.043983474,0.06632631,-0.019050853,-0.04362227,-0.042330388,-0.089804985,-0.007490381,0.062097915,-0.10844578,0.033671584,-0.0071646576,-0.023267215,-0.068268664,-0.06512129,-0.10404564,0.085663274,0.06671715,-0.032854136,0.06513919,-0.12191411,-0.006900846,-0.055134963,0.037399776,0.003924435,-0.010893241,0.06348023,0.08282741,0.020303326,0.093381375,-0.021218259,-0.029546583,-0.01915826,-0.08041105,0.033504788,0.10356766,-0.017648727,-0.03130712,-0.079204,0.1060153,-0.07105027,0.12281822,0.024819355,0.022550017,0.11185614,0.04828052,0.03291516,0.07942696,0.028780788,-0.043018296,0.023593847,-0.0680567,0.063424885,0.100572444,-0.017095022,0.05619007,-0.008646056,-0.07410331,-0.06469798,-0.012518383,-0.08981727,0.031678926,-0.07175359,0.0074836668,-0.0011958336,0.0007753321,0.021172306,-0.053872585,-0.046593763,-0.10407946,-0.06357787,0.062147345,0.0034704786,0.0009760568,0.03330359,-0.060789816,-0.08027163,-0.08064906,-0.0098535055,-0.1438276,0.05237959,-0.031231385,0.0062052123,0.00284102,-0.1089459,-0.12405683,0.02625235,0.04531481,0.07497043,-0.037276283,0.044100344,-0.010619683,-0.091529876,-0.090747714,0.019861773,-0.05795873,0.023451082,-0.05435089,-0.0076412726,-0.008219483,0.01733992,0.018654343,0.022550013,-0.061075106,0.093550876,-0.072212905,0.0823732,0.014147989,-0.0601348,-0.043141574,0.040929057,0.05539384,-0.05419046,0.03400635,0.10856512,-0.001865495,-0.046461117,0.038228188,0.053968742,0.0009571323,-0.10372043,0.03578812,-0.015833247,0.033798,-0.027718768,-0.09658773,-0.12405674,0.053453535,0.03262513,-0.032276485,0.0535636,0.036649786,0.08784829,0.03786464,-0.032159995,-0.048547223,-0.016785774,0.086930886,0.12852657,-0.022610731,-0.045210067,0.045636114,0.03388676,0.026305228,-0.016004818,-0.013008104,-0.03254459,0.029971406,0.025349969,0.028135149,0.030459752,-0.08323044,-0.015005351,0.016451232,-0.08199445,-0.0007226877,-0.026521761,-0.0322286,0.054487653,-0.043048378,0.024695123,0.020593125,-0.014400864,0.059886143,-0.014356347,-0.013319527,0.022269577,-0.04166655,0.04986853,-0.07602368,0.0878412,-0.03480099,0.11007999,-0.0677055,0.03095923,0.0117950365,0.0061823116,-0.11919291,0.045395993,-0.067625746,-0.033000425,0.04436431,0.022045549,-0.014756959,0.028024908,0.14603561,0.008759605,0.025744535,-0.082604125,-0.012576299,0.06524478,0.08496204,-0.032712862,0.023241948,0.14279087,-0.1060971,-0.013802008,-0.03310769,-0.02719196,0.0059485054,0.09236175,0.04505553,0.00018570013,-0.038952827,0.0010440163,0.028421318,-0.057804156,0.04643488,0.03550735,0.09293644,0.034397103,-0.0031212016,-0.0075465078,0.058021843,-0.012071608,-0.03344633,0.046045408,0.01912854,-0.05358979,-0.06581345,-0.050737,0.024734262,0.033688407,-0.06519988,0.120873265,-0.0017912677,0.046484772,-0.011054895,-0.034395095,-0.039522767,0.04031722,0.12833826,0.0074347965,0.031220242,0.053898115,-0.106666386,0.044728816,-0.0059501715,0.075467914,-0.057087876,-0.056711875,-0.017354142,0.013151709,-0.117362455,0.03274215,-0.014291809,0.025582187,-0.0061146724,0.07354373,-0.049259376,-0.030661542,-0.053155266,MFB
-0.068040974,-0.0065398794,0.057072267,0.0016029598,-0.008859752,0.04610913,0.028641831,-0.027105115,-0.02728106,-0.053991266,-0.102839455,-0.022671632,0.050098967,-0.09910497,0.039960716,0.012628667,0.032494567,-0.054890275,-0.07986598,-0.11989981,0.08405915,0.04679575,-0.056320135,0.050802976,-0.11829078,0.000434616,-0.08402337,0.05839079,0.008679972,0.017354494,0.07991512,0.109298766,-0.0034829965,0.085372,-0.04498206,-0.029513415,-0.034750324,-0.063222095,0.033810243,0.12317261,0.0087031545,-0.047289398,-0.081010364,0.095660515,-0.073333085,0.13987511,0.022098154,0.027054895,0.13723381,0.05003389,0.028933141,0.081561655,0.035737284,-0.07378816,0.03261123,-0.07444465,0.08050129,0.10399998,-0.037490234,0.082901336,0.0073823524,-0.10973957,-0.068632044,-0.013700923,-0.07774599,0.03462261,-0.073597655,0.010896229,0.015247195,-0.0040250365,0.012149119,-0.06801985,-0.02812585,-0.1246678,-0.036439292,0.05365897,0.036333263,-0.007410512,0.054685377,-0.08496988,-0.12261225,-0.09019272,0.0073754136,-0.12983635,0.04119527,-0.047364343,0.021504838,-0.003971477,-0.10898283,-0.13224132,0.036702897,0.07056698,0.04894909,-0.06033574,0.06469476,0.027513193,-0.08462915,-0.073044755,0.026548274,-0.040208507,0.019776598,-0.042203378,0.016011491,-0.007227456,0.025183784,0.0182432,0.042478997,-0.07208955,0.09114906,-0.054336593,0.07295798,0.011041138,-0.011619801,-0.037146244,0.04571221,0.08930569,-0.047460888,0.04160512,0.11317854,0.029590657,-0.06926237,0.04182695,0.057687774,-0.0068383585,-0.11316224,0.01911337,-0.023872882,0.028836263,-0.017974244,-0.1397164,-0.15156482,0.057612896,0.026641745,-0.0069934726,0.0291573,0.051358007,0.07550159,0.042314082,-0.063136145,-0.072093636,-0.010306463,0.098618224,0.13548382,-0.014751747,-0.040935896,0.0511897,0.031665146,0.0199043,0.0042053144,0.0025385516,-0.046769217,0.018570937,0.026282333,0.022769552,0.02799112,-0.075623855,-0.02964881,-0.0022055246,-0.06910054,-0.026948651,-0.022819487,-0.04019626,0.07705636,-0.028884858,0.014701937,0.012915576,-0.038573246,0.057804532,0.007892893,-0.011029008,0.03383161,-0.06326986,0.0051230513,-0.06757288,0.06644939,-0.047995783,0.085156314,-0.0692505,0.04084254,0.028465845,-0.026267452,-0.1289995,0.047947597,-0.06625677,-0.058307186,0.058482386,0.03966281,-0.02679744,0.045971166,0.14710563,0.0052651092,0.05262778,-0.12298755,-0.016826956,0.0679,0.07158963,-0.07034047,0.041232858,0.14977476,-0.10409158,-0.004868609,-0.06950608,-0.041881222,-0.02531574,0.08734079,0.0704573,0.05268856,-0.04095352,-0.01904662,0.046144992,-0.030662548,0.051410098,-0.0024512652,0.07111035,0.049519405,0.033181436,-0.016767267,0.03270842,-0.03986036,-0.044487618,0.060275488,0.007215886,-0.066744864,-0.047553673,-0.078425005,0.036915716,0.06036968,-0.052865975,0.12326366,0.01041767,0.043635145,-0.018057398,-0.010964359,-0.04599659,0.038765624,0.12780125,-0.0074325143,0.043054834,0.06313555,-0.10453071,0.068448156,-0.013751745,0.042795844,-0.05858095,-0.008484217,0.02267292,-0.027489118,-0.09146716,0.04608959,0.012729925,-0.02116464,0.0014855042,0.07055346,-0.056616172,-0.013624352,-0.08458369,MFB
0.007160831,0.021670107,-0.05159606,-0.045212623,-0.034838162,0.022060875,-0.11204824,0.08038215,-0.042872943,-0.0395789,0.037834246,-0.02837151,-0.03507831,0.070182145,-0.046548687,0.11445213,0.020473791,0.09314096,-0.03108698,-0.051665343,-0.08330831,-0.08067381,-0.017069785,-0.027219538,0.060849573,-0.024831522,-0.08114089,-0.034591623,0.08021013,-0.0054653836,0.0063775345,-0.08066733,0.03393373,-0.11973635,0.033910017,0.05680481,-0.03866802,0.0893184,-0.08018795,-0.0064988444,0.03491612,-0.029717216,0.07085472,-0.06836435,0.06422399,-0.037372824,-0.10284057,0.023364909,-0.13127534,0.055028107,-0.038420163,-0.043538652,0.050904214,0.013051543,-0.0010506744,-0.051412404,0.0067144632,0.008700421,0.00025213065,0.066510506,0.039190684,-0.02519811,0.015910175,0.06951696,0.053278096,-0.0017207343,0.051000334,0.066873565,0.051288586,-0.07930307,-0.010412066,-0.004424512,0.043861866,0.019959351,-0.0101180645,-0.102138296,-0.06364434,-0.0058760163,0.02978813,0.025017401,0.042514052,-0.032028444,-0.026299829,0.1291666,-0.084564224,0.064388186,0.032918256,0.060192138,0.022808637,0.08646539,0.0875511,-0.017586133,-0.06606833,0.057923242,0.061364174,0.10285575,0.06314992,0.102005206,0.03448849,0.1104683,-0.12371063,-0.055115078,0.09283377,-0.07567056,-0.01458535,-0.08608615,-0.0015386641,-0.041295845,-0.04633151,0.1658057,0.041659214,-0.05699078,0.020113414,-0.036735397,-0.006904776,-0.08450647,0.057896033,0.011133578,-0.022843365,0.05824476,-0.016365025,0.014539223,-0.07513209,-0.11343716,0.029241184,-0.13523833,0.082385905,0.030859796,0.07584396,-0.006184113,0.08589563,0.0655764,-0.008307103,0.053153265,0.081706785,0.061445117,-0.07088473,0.0060882536,-0.0021793034,-0.08740571,0.015060365,0.02804004,-0.09469567,0.04936802,0.048056923,0.056364633,-0.034187786,0.030212356,0.043517403,0.056647692,0.060715847,-0.086420655,0.054674514,-0.03286717,-0.036244273,0.055787988,-0.06935984,-0.045189373,0.03959948,0.046399105,0.03347466,0.00694869,0.04941823,0.05347278,-0.10447712,-0.13068601,0.021893982,-0.00020447094,-0.0015842002,0.03630886,-0.067832865,-0.017702995,-0.01603118,0.054807078,-0.04691057,0.021120843,-0.08581806,-0.021084767,0.0057278173,-0.023908839,-0.0537932,-0.029787293,0.030216455,0.057750273,0.033163063,0.02960144,-0.012684561,-0.017034007,-0.050708123,-0.09537321,0.0018857624,-0.048508793,-0.085147664,-0.10726327,-0.0110883275,-0.15138444,0.036155645,0.032520056,-0.067969896,0.037637543,0.013127271,-0.037445933,-0.032938592,-0.0818938,0.013717741,-0.04612571,0.05123741,0.0034722453,0.021109056,0.004655447,0.14323923,-0.056244597,0.07769443,-0.09284128,-0.044172358,0.057648063,-0.028352678,0.04741547,-0.009785748,-0.0133779105,0.04811691,-0.037750747,0.033699222,-0.046742164,0.03320024,0.06635527,0.06858839,0.034086704,-0.07546866,0.065721475,-0.031583134,0.035796806,-0.006316139,0.06940051,-0.07247867,-0.121981174,-0.07928138,-0.080011986,-0.030831851,0.047662683,-0.019134343,-0.08252926,0.0035024502,0.026419822,0.039931934,0.03566446,-0.06828493,0.0822542,0.015399266,0.05744534,-0.16710797,0.05918091,-0.03697062,0.13060096,0.028250547,0.09962494,PkC_ss
-0.007584535,0.019546818,0.041266475,0.048538484,0.071417294,-0.01649784,0.019524086,-0.00026388653,-0.0063001756,-0.081389785,-0.020768441,0.035191365,0.08295968,0.03166777,0.057260014,0.052355714,0.07108042,-0.0057577007,-0.0140425395,-0.088191345,0.058689065,0.010353148,-0.052579835,-0.011001462,-0.020870183,-0.119352356,0.015337513,0.048744835,-0.039118882,0.013647793,0.04937946,0.10586137,0.007045012,0.025840111,-0.05595481,-0.05483999,0.0015672618,-0.0571248,-0.085818574,-0.00023062527,-0.05280181,-0.02053826,0.003487594,0.029341605,0.022263175,0.016903572,-0.03668031,-0.024477616,0.006382595,0.0013385334,0.011862429,-0.0035515837,-0.02184343,0.017255088,0.008779476,0.024449583,0.04359559,0.046894345,0.008922804,0.109001115,-0.036504604,-0.15214911,-0.0073763076,-0.0014746925,0.011581209,0.00966095,-0.06909082,-0.038251594,0.013582272,0.019429324,0.009001098,-0.13219713,-0.042842038,0.022381784,0.07103441,0.02747144,0.04120662,-0.0044592265,-0.006926025,-0.16752462,0.0104617635,-0.041474786,-0.009637543,-0.037147265,0.04015471,-0.10191932,0.16253597,0.06971699,-0.07031788,-0.019080907,-0.024027102,-0.013098036,0.108873755,-0.0069306474,0.04035706,0.03374123,-0.025332212,0.027564071,-0.02229431,0.016810978,0.04759936,-0.112117514,-0.056281164,0.06651301,0.07640045,0.10645673,0.14472777,-0.057362117,0.040939756,-0.040457204,-0.027998889,0.05967657,-0.005861595,-0.048607316,0.004155724,0.079060346,0.052992318,0.02983152,-0.011923788,0.06335462,0.04692929,-0.03150277,0.051389776,-0.069098175,0.0043226834,-9.854045e-05,-0.11859381,0.047391,-0.022290649,-0.15166163,-0.088206545,0.03827379,0.08496047,0.013398625,-0.039224435,0.031144498,0.030828098,-0.0005710423,-0.048924178,-0.02824474,0.047879167,0.12897557,0.102129415,-0.08164595,-0.012678229,-0.043625206,-0.09271724,-0.041105386,0.016853413,0.065813206,4.7041103e-05,0.075593434,0.033488493,-0.039234187,0.051937886,0.010221608,-0.006549568,-0.05365149,0.0283598,-0.010738278,-0.0018844754,-0.037363082,-0.034036264,0.018930085,-0.029591316,0.013597125,0.04500051,-0.047236502,-0.084375836,0.0046484945,0.01159456,-0.051979456,0.040075265,0.027942205,-0.029049085,-0.02461972,0.018375253,0.016119054,0.039986182,0.030371606,0.025163345,-0.09681604,0.03514611,-0.11597268,-0.123447165,0.20159319,-0.0016193859,-0.05644861,0.02244543,0.07180453,0.041987605,-0.037729196,-0.06509988,-0.025816955,0.10589645,0.033772513,-0.034102045,-0.001129372,0.044091143,-0.06013825,0.012262914,-0.06105585,-0.13848689,-0.0035630625,-0.05201095,0.0695925,0.0013111192,-0.03436522,-0.05010301,0.05140792,0.047236744,0.0064158626,-0.11891807,-0.03273289,0.095388964,-0.035539594,-0.049070172,0.03529485,0.014129138,-0.027862016,0.003504551,-0.07211999,-0.07324436,0.029673323,0.016880488,0.025004353,-0.01886173,-0.023140218,0.07276863,0.033160523,-0.0049023014,-0.06761633,0.055485114,-0.09156945,0.060527638,0.04073281,0.05321268,-0.05742446,0.12998061,-0.06150607,0.04034512,-0.06796784,0.027135005,-0.040958714,0.028797502,-0.007430095,0.04989002,0.016475584,0.06685292,0.02750961,-0.04060819,-0.13209568,0.075658165,-0.07586246,0.0029522558,-0.018017687,PkC_ss
0.00102884,0.016114067,-0.14393708,-0.06106504,-0.02806067,-0.044569537,-0.12854849,0.04248495,0.01684238,0.03090607,0.052331693,-0.02197178,-0.052152805,0.066076845,-0.069737256,0.018378695,0.060138837,0.0871551,-0.012682112,0.030498212,-0.10678374,-0.121814236,-0.023731418,-0.11673984,0.083537176,-0.013915498,-0.025858145,-0.04611884,0.026781835,0.09738667,-0.02637142,-0.144538,-0.028743438,-0.101181254,-0.022802781,0.060336716,-0.03356557,0.12030456,-0.08381933,-0.04687159,0.051910162,-0.03269062,0.057986803,-0.08171898,0.11562319,0.004812185,-0.07481174,-0.03289973,-0.13282624,0.019774916,-0.068861045,-0.047865063,0.018816944,0.0156149445,-0.028855678,-0.05790264,0.0070465663,-0.04907369,-0.044711236,0.006031727,0.04525953,-0.010517024,0.029229354,0.08196096,0.08079079,0.04515988,0.019312264,0.07368354,-0.018431883,-0.03485722,0.008689543,0.030647427,0.041814663,0.08101395,-0.019071644,-0.046934687,-0.0063294116,-0.029704347,0.013797429,0.021209452,0.013703973,0.059425853,0.0077665905,0.18462083,-0.0995435,0.109166645,0.045427084,0.013261312,0.020580601,0.08420736,0.05463144,0.019002639,-0.018119594,0.06295296,0.028102782,0.07482768,0.09681894,0.047225006,-0.035063565,0.06475473,-0.0926069,-0.028594585,0.09429224,-0.07150548,-0.052676484,-0.044917647,0.046274126,-0.018191934,-0.034223065,0.13550387,-0.011475446,-0.05547276,0.027316574,-0.0017715648,-0.0043572597,-0.0009036921,0.056241155,0.0043921154,-0.019212434,0.06185367,-0.022420729,0.056565695,-0.049393263,-0.03292697,0.0641284,-0.10569065,0.07844159,-0.025791418,0.05673454,0.06498867,0.07166803,0.009764425,0.02027191,0.02010899,0.040095523,0.017488368,-0.10152342,0.03933828,0.02580026,-0.09316902,0.047015075,0.018250357,-0.041484643,0.091379926,0.072645605,0.0004940368,-0.0080984915,0.020153262,0.077724665,0.08980882,0.0432438,-0.076632045,0.014284715,-0.06260885,0.0051199216,0.08795458,-0.079071224,-0.048728928,0.086045235,-0.051384345,-0.019707028,-0.023408541,0.028848829,0.061919685,-0.11264014,-0.09633942,-0.011391765,-0.038110256,0.047617573,0.028196748,-0.050487574,-0.035402596,-0.056209005,0.041750938,-0.061098926,0.013618302,-0.13585201,0.033860184,-0.012211168,-0.011080977,0.038372595,0.033670813,-0.014875744,0.021512484,0.060175613,0.05020713,0.026574604,-0.061766963,-0.039748795,-0.09613046,0.007119929,-0.058177706,-0.05409173,-0.07228807,-0.023444753,-0.13484293,0.0035658868,0.047331557,-0.16528827,0.046292372,0.030927993,-0.06355265,0.022013687,-0.08707011,-0.07245148,-0.049571943,0.013570619,-0.04031587,0.014768923,0.00059915753,0.10057324,-0.0075337333,0.054205615,-0.1153914,-0.051848672,0.064095065,-0.095681615,-0.0011940286,-0.0020469492,0.038471818,0.06344693,-0.014202902,0.07350309,-0.003033151,0.012943036,0.07502471,0.04789727,0.02660921,-0.03882977,0.049552493,-0.039746046,0.05170632,0.03141374,0.03921952,-0.0802927,-0.076150246,-0.06195158,-0.035296656,-0.048249934,0.08622146,0.019770764,0.0032287915,-0.05332371,-0.059875578,0.0908269,0.01634715,-0.07604462,0.10096493,0.08895115,0.086930975,-0.07578088,0.087135315,-0.09173383,0.112171605,-0.012939761,0.02891463,PkC_ss
0.1014016,-0.0030952196,0.06329237,0.084831715,0.01743566,-0.037561927,0.06545003,-0.095115125,0.08361457,0.13080743,0.042616628,0.06532119,-0.027632952,-0.00757487,0.050480433,-0.07930485,-0.07384275,-0.09994361,0.08110951,0.13418573,0.00047605252,0.05606337,0.05373837,-0.0041755433,-0.00059086457,0.040025234,0.09372562,-0.00878175,-0.038302444,-0.0063855797,-0.055341452,-0.018504687,-0.047871105,0.06620407,0.015321929,-0.015440212,0.07033783,0.028244859,0.050817527,-0.05304911,-0.05704116,0.0173035,-0.025712587,-0.03877116,-0.027951788,-0.025087534,0.038140267,-0.0776766,0.013888508,-0.045154043,-0.0021122117,0.012374821,-0.0711212,0.03340458,-0.013716236,0.05589637,-0.08740361,-0.0777785,-0.0151691735,-0.07651367,-0.012995904,0.098942935,0.003616312,-0.015696066,-0.021350885,-0.0356276,0.015150214,-0.08786354,-0.080797784,0.02396667,-0.006155274,0.070780575,0.018213555,0.019632883,0.026132321,0.06318891,0.068015724,0.030950896,-0.02431925,0.08691044,0.04166945,0.13001525,0.017308652,0.023543313,0.029125892,-0.014064284,-0.08367483,-0.012339057,0.11190781,-0.032877337,-0.093378946,-0.049245976,0.004897654,0.005421898,-0.123629555,-0.0965647,0.020762704,-0.06324913,-0.04027076,-0.066382036,0.06850788,0.04554248,-0.05400099,0.05163499,0.017356697,0.049791507,-0.108586565,0.07467173,-0.019857675,-0.1038893,-0.09930545,0.009586291,-0.0449593,0.066994876,-0.0015199725,-0.0026169484,-0.060346954,-0.051802628,-0.0685435,-0.03358379,0.0020358302,-0.02658448,0.027652968,0.11387053,0.08590515,0.10711828,-0.05952148,-0.06950611,-0.05557432,0.081317544,0.019912362,-0.0987056,-0.01949379,-0.041411147,-0.09958947,-0.117463514,-0.018906968,-0.013524,0.033343047,0.08949381,-0.014043643,-0.16113764,-0.04052572,0.005194258,0.0062924414,-0.06946944,0.043573152,-0.028822934,-0.027318882,-0.045541406,-0.047327027,0.09963028,-0.10567044,0.03731266,0.050056893,-0.023162615,0.10259469,0.04851834,-0.022911673,-0.014987339,-0.05975812,0.052421156,-0.086824775,-0.019241657,0.10965826,0.10044411,-0.052171983,-0.008525391,-0.01575292,-0.08943471,0.04928984,0.086179934,0.05909413,0.002618657,-0.031144194,0.0070891003,0.05007375,0.071399376,-0.025147954,0.016459571,0.030945845,0.095175155,-0.079568945,0.10671596,0.04438678,-0.09225026,-0.013000885,0.059169438,0.015192227,-0.07821865,-0.017016958,0.033229068,0.11590372,0.05139525,-0.09652436,0.03957866,0.08493531,0.009726627,-0.02753751,0.10369389,-0.011575116,0.092907235,0.08724135,0.086944,-0.05926101,-0.023929343,-0.09050737,0.029224154,0.02294106,-0.012176066,-0.06753269,0.011075084,-0.03678959,0.1025382,-0.048511177,-0.07346659,0.027343173,-0.050489947,0.030233875,0.020924658,-0.0682329,-0.01946728,0.024994045,0.048511058,0.044814374,-0.078055,-0.11370323,0.0060665105,-0.05977656,-0.079606205,-0.0193435,-0.025516227,0.017135357,-0.044051178,0.004895003,0.04238826,0.053795267,0.044694893,-0.0467878,0.025729693,-0.10039137,0.082925215,-0.033586916,0.0011505745,-0.01815897,-0.039729547,0.03737923,0.035682254,-0.06365347,-0.041248955,0.12689361,0.029838437,-0.026403926,-0.072616875,0.035115473,-0.0055606184,PkC_cs
0.046198726,-0.022264423,0.094993286,0.053342428,0.010861443,-0.0056873485,0.09776831,-0.061829563,0.04249772,0.07130164,0.01584042,0.017325263,0.005983282,-0.024403458,0.05012747,-0.054752756,-0.10726257,-0.08613399,0.05074089,0.06894707,0.038615488,0.08649838,0.070969075,0.042004395,-0.007456443,0.05664852,0.074286416,-0.003374164,-0.044512212,-0.0608438,-0.051957443,0.048613377,-0.01989357,0.077634394,0.0012868781,-0.04147765,0.06452297,-0.03890512,0.07763348,-0.02193915,-0.049510065,0.04317343,-0.03382534,0.016151017,-0.060674407,-0.045067567,0.08698798,-0.016857622,0.07221376,-0.032069836,0.04763637,0.017324958,-0.05692903,0.024713391,0.013671942,0.09792782,-0.055652212,-0.043147344,0.028254077,-0.091434784,-0.00822353,0.09606327,-0.0047515137,-0.06357899,-0.0532993,-0.039218765,0.034191806,-0.06052489,-0.043087523,0.062064648,0.00064721983,0.050667092,-0.008933308,0.0036813682,0.013744369,0.0673752,0.0424956,0.03363297,-0.05299318,0.07823112,0.024553213,0.046256784,0.0050763795,-0.07315022,0.07901691,-0.022045197,-0.10633394,-0.026818102,0.07823485,-0.027762864,-0.09122147,-0.06422117,-0.02922691,-0.028867498,-0.10269297,-0.104083344,-0.029333135,-0.04944524,0.00677328,-0.06658943,0.07429636,0.08621541,-0.07348024,0.06930487,0.0068387967,0.016229887,-0.11506164,0.053732503,-0.010527883,-0.1290505,-0.04292355,0.026417935,-0.04564275,0.04592605,-0.020563055,-0.02210943,-0.050645355,-0.012809372,-0.03542711,-0.0693952,0.040480494,-0.032900795,0.0034788614,0.08828221,0.019122405,0.109923646,-0.04522912,-0.029852577,-0.041673843,0.049340256,0.013394995,-0.06840334,-0.023336755,-0.06406884,-0.051431935,-0.09474684,0.027891168,-0.050852105,0.030945133,0.10930928,-0.048912782,-0.1171641,-0.046722602,-0.052375168,-0.03935583,-0.036146756,0.032926723,-0.020553011,-0.06192202,-0.09265916,-0.025415331,0.079043075,-0.074171275,0.06478114,-0.00092261285,-0.048811786,0.09663716,0.065247074,-0.035885114,0.02949144,-0.01881519,0.0386282,-0.08306731,-0.0441498,0.11543985,0.09194522,0.0036992729,0.012266554,-0.023631396,-0.07320711,0.03172886,0.08371687,0.04110076,-0.016465586,0.029769499,0.029563256,0.08025973,0.035199158,-0.01669962,0.022277785,0.002383274,0.07454376,-0.058805868,0.07900441,0.013540268,-0.14185482,-0.03629585,0.08831422,0.01622644,-0.010907543,-0.04592288,0.051593542,0.112784535,0.081146434,-0.068364814,0.08433646,0.040007062,-0.05033524,0.034166228,0.076859444,-0.009260895,0.10280393,0.07072052,0.1019507,0.0015626885,0.014562096,-0.051282838,0.06338547,0.020804428,-0.042423114,-0.107252955,-0.015997643,-0.022454765,0.08199149,-0.004039351,-0.061915886,0.07868152,-0.022292137,0.011859013,-0.0059713395,-0.088616595,0.0046741776,0.0072217938,0.037813965,-0.014128568,-0.091016896,-0.08688855,0.023498286,-0.05115804,-0.07515819,0.004029178,-0.036993947,-0.02613853,-0.03393297,0.03252198,0.044857934,0.060842544,0.06708156,-0.034190606,0.009052561,-0.07541753,0.054175377,-0.0030569518,0.050166123,-0.07074281,-0.028882328,0.068986155,-0.018612927,-0.11258396,-0.083160415,0.11542118,-0.010852247,0.012951836,-0.05758015,0.008203831,-0.026422106,PkC_cs
0.09968956,0.006353417,0.07207932,0.0949513,0.04738278,-0.044074208,0.08589168,-0.090026066,0.079070866,0.11062595,0.042183522,0.05265735,-0.007830554,0.000636369,0.060190547,-0.07397248,-0.082162514,-0.09965402,0.087008156,0.10827106,0.017214745,0.071945146,0.07080829,0.0073553436,0.002619634,0.025502358,0.111858025,-0.0007985898,-0.05252858,-0.017200101,-0.061666973,0.019798275,-0.050117522,0.069982246,-0.0054462412,-0.043228317,0.07605149,-0.003001346,0.049436525,-0.060205765,-0.072091304,0.030493483,-0.013086749,-0.01481015,-0.025173973,-0.045692455,0.054482773,-0.072633564,0.030494336,-0.05851343,0.023497026,-0.009692481,-0.08160776,0.03755733,-0.008311044,0.08708584,-0.080110565,-0.07729946,0.0014715842,-0.07224867,-0.020294048,0.10283069,0.007254589,-0.04068383,-0.014346379,-0.04529031,0.0099955285,-0.08228822,-0.07211867,0.05695792,-0.004295676,0.047369637,-0.008400013,0.029574363,0.035827607,0.07287094,0.062151678,0.03087466,-0.043368317,0.06306348,0.056888156,0.110477895,0.027656123,-0.015434237,0.06591948,-0.044243924,-0.076448955,-0.004411651,0.09471089,-0.015617765,-0.1104361,-0.077050805,0.014703466,-0.008141117,-0.118649215,-0.1128995,0.004259284,-0.055675942,-0.04211123,-0.061249822,0.092601985,0.04528705,-0.08594153,0.07415436,0.03191015,0.05583919,-0.08384526,0.07579211,-0.029566808,-0.13092439,-0.10216094,0.030988023,-0.04313667,0.06666449,-0.019576738,0.0029945867,-0.042819254,-0.03855995,-0.08053893,-0.040536806,0.030629985,-0.049254615,0.029278092,0.09976422,0.08173253,0.11171886,-0.08485064,-0.053884737,-0.05816841,0.06565923,0.0136008235,-0.09735665,-0.008352202,-0.051438175,-0.101747245,-0.105583504,0.0015111787,-0.032329362,0.025214083,0.10654097,-0.028548352,-0.12567893,-0.030002778,-0.036899008,-0.01654539,-0.08161187,0.012878504,-0.037424423,-0.035083618,-0.05305824,-0.038433522,0.11587483,-0.09558347,0.039559934,0.03672473,-0.018783353,0.11720468,0.041590236,-0.021231364,-0.0031243004,-0.04610291,0.036101557,-0.112433285,-0.021914082,0.116027445,0.10857235,-0.02505804,-0.011292997,-0.03454054,-0.08701578,0.053899944,0.08927296,0.07058394,0.0061392738,-0.017794337,0.011335745,0.06525466,0.06954229,-0.015932169,0.020218544,0.032971125,0.08955656,-0.08366807,0.07862415,0.009734375,-0.08696073,-0.024558812,0.06554682,0.022551637,-0.059515975,-0.021477759,0.02854823,0.13568267,0.06270361,-0.0736686,0.0671519,0.058584347,-0.020954527,-0.011624053,0.09668061,-0.013722962,0.095482156,0.06448755,0.103721745,-0.054974012,-0.009790227,-0.08752224,0.043276116,0.009587498,-0.018660191,-0.08091514,0.0029137367,-0.06423547,0.08847688,-0.010643659,-0.087081015,0.050003517,-0.032756567,0.0361797,0.009735142,-0.09614335,-0.021771573,0.013982942,0.06158888,0.043004252,-0.091352366,-0.124097645,0.011610952,-0.054797232,-0.08532583,-0.0056287413,-0.045125887,0.025054052,-0.05390274,0.026205216,0.05159373,0.07374636,0.048506275,-0.03011186,0.020606294,-0.09909577,0.076046,-0.028025048,0.024360187,-0.030342827,-0.039419234,0.07382964,0.022704825,-0.07936627,-0.06816509,0.1383371,-0.013203201,-0.009799565,-0.08606061,0.026979197,-0.018598724,PkC_cs
-0.093124,0.014273739,-0.033330217,-0.124498874,0.03526496,0.07028757,0.063262716,0.0318108,-0.068233915,-0.10857788,0.011812776,-0.04446984,-0.00056549115,0.06729266,-0.018018499,-0.0142645985,-0.04619915,0.04694335,0.0016471889,-0.013920741,-0.02332151,0.017479988,0.0669419,0.06461504,0.060838148,0.056083698,0.034450073,-0.030586641,-0.059657462,-0.14129755,-0.012620255,0.06909762,0.09078598,-0.024869362,0.025141805,0.046235576,-0.0075078458,-0.048480775,0.09896526,-0.044298224,0.025774144,0.081682384,0.05118261,0.11624938,-0.03329563,-0.031047275,0.114980504,0.05673265,0.03569666,0.0037728702,0.01765195,-0.028174799,0.008035679,0.038212895,0.023130208,0.10741001,-0.031422336,-0.024000693,0.10365106,-0.055041194,0.032064848,0.032562673,-0.030172504,-0.106659785,-0.07914336,-0.043236583,0.031765882,-0.0034787175,0.09266123,0.019329682,-0.008439226,0.051527925,0.018872516,-0.020691881,-0.017572535,-0.044557944,-0.07312572,0.0035751949,-0.053969696,-0.036568608,0.01778374,-0.11777666,-0.02167951,-0.13043292,0.022893911,-0.0045251786,-0.031993877,-0.07628545,-0.04131937,0.03605406,-0.04061505,0.019489352,-0.10394454,-0.024886377,-0.056285962,-0.01777471,-0.04066819,0.035747986,0.1072699,0.032788448,0.0723912,0.14483482,-0.09176202,0.012444511,-0.0711436,-0.042811364,0.018810201,0.07944767,-0.009306327,-0.012980459,0.06528559,0.006028335,0.0404442,-0.009911327,-0.0027393762,-0.041150406,0.049577765,0.030216541,-0.011518638,-0.05923304,0.09025863,-0.0020031668,-0.037630443,0.009734888,-0.074545525,0.033305924,0.03728612,0.005755143,0.049435243,0.05972573,0.12516667,0.05212698,-0.08717653,-0.025311101,0.07320783,0.0114603555,0.069450155,-0.10444698,0.0016913777,0.08504494,-0.053711947,-0.0034341095,-0.029791748,-0.10785532,-0.025941618,0.044206254,0.004932685,-0.043738846,-0.093913496,-0.04844461,0.025468862,-0.068836026,0.11467189,-0.006979718,-0.15235537,-0.041982558,0.034300804,-0.009949932,-0.04107811,0.03276242,0.075363696,-0.004929821,-0.043566264,-0.033818204,-0.0153206745,0.008871868,0.1424242,0.028331928,-0.0043541873,0.042877793,-0.025047362,0.042488202,-0.049386688,-0.010609978,0.09322588,0.10674396,0.06579266,-0.03395659,-0.061371762,-0.03538096,-0.0713963,0.07628428,-0.0048028803,-0.059430502,0.05876562,-0.08666537,-0.003380761,0.047240388,0.040293425,0.061304815,-0.018288832,-0.06064507,0.07355493,0.083781876,0.048286863,0.13254622,-0.15314761,-0.16319016,-0.0039801043,-0.0964984,-0.025592145,0.07882343,-0.053375714,-0.000103000784,0.044740118,0.03196925,-0.011334464,0.059391085,-0.0048616524,-0.093110874,-0.081007436,-0.119918495,0.017053891,-0.06262089,-0.047321312,-0.010437633,0.065816656,-0.019017847,0.06157059,-0.0071356026,-0.048730057,0.096054584,-0.0035957524,-0.00909103,-0.10512617,-0.034935705,-0.010024364,-0.00812115,-0.013125347,0.04858797,0.090427324,-0.002303773,-0.051630694,0.06336276,0.059329085,-0.100726776,0.012745682,0.07340523,0.047890477,-0.0025763167,0.02317636,0.007830126,0.018817607,0.09283131,-0.15148637,-0.038787104,0.024695516,-0.086154714,-0.034009047,-0.019299923,0.027566494,-0.07296801,0.07030607,0.036660038,-0.00035286532,-0.015418835,MLI
-0.082759924,-0.009008503,-0.021027377,-0.13625288,0.002384812,0.07224254,0.049267963,0.06326852,-0.09952089,-0.100418925,0.0041373344,-0.052951097,-0.0152065065,0.04283518,-0.03863109,-0.012406885,-0.07815973,0.05788181,-0.010187732,-0.029164676,-0.025172621,0.008142027,0.07364184,0.06588819,0.038383797,0.059601746,-0.008534683,-0.03510173,-0.0013554702,-0.14919159,-0.014361532,0.047480825,0.08810706,-0.032200914,0.04934586,0.07511967,0.0088332165,-0.058967892,0.13591832,-0.01995211,0.06977946,0.079551004,0.014242593,0.057853654,-0.037044305,-0.06366941,0.10637836,0.06767859,0.02316995,0.019860948,0.026778728,-0.0040795472,0.020582974,0.03246114,0.033346105,0.07930441,-0.047026552,-0.0014355988,0.09832162,-0.050484,0.054658882,0.04907719,-0.03938406,-0.084141105,-0.08706729,-0.0436509,0.06778114,0.008219739,0.12154658,-0.01294576,-0.00033902074,0.07898611,0.032362368,-0.013257049,-0.021469552,-0.05789851,-0.11804065,0.008485295,-0.03820909,0.005790327,0.019870767,-0.13197729,-0.028749822,-0.10451206,0.025574254,0.017067567,-0.06954913,-0.06955685,-0.008338504,0.04392705,-0.0077311113,0.009126522,-0.12724817,0.009484926,-0.022517964,-0.024957458,-0.043374583,0.05260652,0.12152332,0.03136011,0.017851556,0.14327107,-0.05022114,-0.032760646,-0.060130075,-0.09515779,-0.035877034,0.072980836,-0.00970622,0.026092334,0.106121816,-0.025910191,0.027150292,-0.014551738,-0.0050877347,-0.06896803,0.01325006,0.030646931,0.005790104,-0.075623766,0.05596681,-0.006294522,-0.083278,0.0038864284,-0.08804899,0.0071869176,0.048472613,-0.002277469,0.043772556,0.054238662,0.11483321,0.054390214,-0.10276337,-0.025082363,0.10157436,0.01015827,0.066159405,-0.1065674,0.008353676,0.08250029,-0.0543081,-0.007180582,-0.0640614,-0.07701382,-0.039225414,0.07929022,0.036203735,-0.011069347,-0.09731583,-0.052584764,0.03571389,-0.09637112,0.11671277,0.026531909,-0.13939254,-0.03691702,0.013045397,0.0064524487,-0.042488784,0.08821508,0.07934635,0.009141209,-0.025216935,-0.045553133,-0.006911951,-0.034284204,0.11914625,0.053423896,0.022428358,0.02873068,-0.045991033,0.051728092,-0.033929657,-0.013425253,0.08939416,0.09603301,0.056268483,-0.04949822,-0.04716106,-0.043294445,-0.076632485,0.06839188,0.015037585,-0.011633946,0.08296972,-0.13084069,-0.012844955,0.066274345,0.028829485,0.011531079,-0.015273521,-0.030165672,0.0642039,0.033390313,0.022401482,0.0810146,-0.10888025,-0.13528793,-0.0033037886,-0.045317303,-0.04989273,0.09619093,-0.025780182,0.0030267301,0.09066776,0.027850382,0.0077708038,0.05076634,0.01523029,-0.084284306,-0.068081155,-0.12483078,0.060694426,-0.03714935,-0.052847955,0.014288485,0.07348126,-0.009393559,0.0487893,-0.022116648,-0.035026297,0.067909464,0.01254516,-0.03643297,-0.09842238,-0.022844734,0.012641064,0.040332217,-0.029420115,0.04924458,0.0954449,0.02074186,-0.10472655,0.08230464,0.01614859,-0.11204889,-0.028771829,0.06947072,0.0042041917,0.0001285444,0.0026043344,-0.012250629,0.036017526,0.11942208,-0.15847105,-0.019349992,-0.0021842811,-0.076315716,-0.061649144,-0.04077869,-0.0077109123,-0.054009147,0.079136655,0.0735573,-0.0014186227,-0.0005351391,MLI
-0.1165088,0.021335626,-0.1141182,-0.16889077,-0.013238986,0.05211787,-0.027337994,0.08527581,-0.07881785,-0.11166161,-9.6489675e-05,-0.073650494,-0.012876064,0.06980424,-0.07119931,0.006247947,0.010824412,0.12797758,-0.036260873,-0.0481228,-0.07591577,-0.06130392,0.048933864,-0.023961471,0.07390016,0.05976576,-0.020023,-0.032750696,-0.028640775,-0.072506264,0.0044023897,-0.007084287,0.077212766,-0.08819261,0.0049165967,0.081991225,-0.036167897,0.009151554,0.05183228,-0.026274558,0.08531557,0.07247011,0.041090723,0.07186055,0.030148506,-0.0105213635,0.06151157,0.07103617,-0.037175238,0.01473074,-0.009698013,-0.017912501,0.052655578,-0.008190399,0.005679811,0.045036025,-0.003557243,0.0013399161,0.08652322,-0.04821037,0.059689466,-0.006423122,-0.0073652724,-0.02723917,-0.032562505,-0.0150347445,0.03598377,0.04516687,0.097063236,-0.0006645664,-0.00117851,0.055606104,0.036774833,0.00025010295,-0.06922549,-0.07423313,-0.11354988,-0.051278856,-0.019176781,-0.034861617,-0.00342943,-0.13311556,-0.019822799,-0.024829375,-0.02863758,0.04965699,-0.005963387,-0.06027034,-0.050550304,0.059464157,0.03031452,0.07109769,-0.11177145,0.003922128,-0.0092831645,0.043819636,0.0011179622,0.08114275,0.112657145,0.06348267,-0.024578098,0.12223871,-0.0027832924,-0.04797165,-0.11934738,-0.08299864,0.06423195,0.051026452,-0.027712356,0.07600141,0.10377101,-0.008317993,0.06981389,-0.02163956,0.0032445558,-0.009922165,0.06860556,0.03683982,0.021766152,-0.031667825,0.06936334,0.04839275,-0.073387,-0.018296394,-0.09500434,-0.050447702,0.098060146,0.004744551,0.08672236,0.06233322,0.11916028,0.07850523,-0.07888451,-0.014776993,0.13409908,0.052960757,0.035132196,-0.07267,0.004630877,-0.0038599262,-0.031077942,0.05614049,-0.04643953,-0.037726995,-0.009818089,0.06956495,0.018048106,-0.012101569,-0.047602043,-0.0061687846,0.04275726,-0.14006469,0.12641522,-0.030632978,-0.1343219,-0.0053082006,-0.03864813,-0.052194256,0.016242921,0.017099045,0.09630729,-0.024164194,0.011651045,-0.01893253,-0.084998906,-0.075455934,0.098884255,0.027400225,0.06481108,0.09002881,-0.053446613,-0.005905928,-0.10452954,-0.0071801078,0.06872152,0.072352245,-0.025021784,-0.047528572,-0.055203266,-0.04179448,-0.034670793,0.053935073,0.009072902,-0.081523836,0.082829356,-0.05528687,0.021772671,-0.012012393,-0.004826348,0.036489844,-0.026511787,-0.070816934,-0.0073083453,0.022699669,0.05743734,0.040460374,-0.15148231,-0.104662776,-0.073535025,-0.08757842,-0.016371544,0.01922188,-0.033370953,-0.08201453,0.06844194,0.00085125864,0.036293227,0.01047116,0.0016013822,-0.072019294,-0.01718531,-0.08898106,0.07932417,-0.114521444,-0.056018796,0.04707599,0.007619199,0.00323978,0.039155647,0.00011769775,0.03262257,0.10601638,0.037557863,-0.036064517,-0.11511764,0.02228069,0.05417555,0.0005935078,-0.011726562,0.09276414,0.06650138,0.06156435,-0.055605516,0.075877905,-0.0045052017,-0.12882438,-0.04526344,0.036396425,0.022973213,0.034024805,0.056470558,-0.0066624256,0.010861013,0.052517064,-0.0788372,0.009838128,-0.037793636,-0.08364798,0.011233717,0.024173468,-0.049526382,-0.016480695,0.022919843,0.11901964,-0.0142471865,0.008684577,MLI
-0.03056119,-0.07628603,0.0057725944,-0.04065469,-0.08100934,0.041585576,-0.068544656,0.112623975,-0.068516836,0.006213556,0.01395396,-0.0377914,-0.044760335,-0.049679246,-0.0970588,0.06782754,-0.030156035,0.041606728,-0.05572947,-0.014233582,0.011421658,-0.04316128,-0.011520291,0.0112252645,0.012126112,0.06730178,-0.097226456,-0.027864765,0.08465747,-0.011677962,-0.018160257,-0.08377975,0.06799325,-0.062703416,0.08041356,0.042697117,-0.05382683,-0.01323033,-0.03410563,-0.018122394,0.10238859,-0.037538253,-0.022364864,-0.07494132,-0.038214587,-0.046342175,-0.04482842,0.07774173,-0.068224415,0.07422542,0.00019182777,0.003347315,0.05678108,-0.033929124,0.0016309321,-0.068606526,0.033174478,0.050259493,-0.0148016885,-0.049684584,0.035093464,0.006462034,0.021340277,0.035852555,0.01771618,0.0123103745,0.09819727,0.07250738,0.007483173,-0.07401951,-0.004907216,0.07091144,0.06465627,-0.0026238756,-0.07477841,-0.06627521,-0.07866207,-0.017346857,0.019408258,0.09169903,-0.0049531944,-0.02159573,-0.01536076,0.052426334,0.0025574672,0.11027462,-0.06507179,0.0008170884,0.059999272,0.058174826,0.057446525,0.025790744,-0.08416106,0.050274454,0.057168838,0.020069458,0.04269273,-0.0001766812,0.06254332,0.057788566,-0.15877758,-0.013271467,0.11948527,-0.077714965,-0.062978156,-0.11726433,-0.064794466,-0.066344485,0.019964816,0.10941723,0.10687201,-0.0820932,0.0060069486,-0.010608361,-0.0021878602,-0.08977179,-0.025124371,-0.019015513,0.04539092,0.0052622836,-0.0409525,0.06489955,-0.114553586,-0.0435185,-0.02814991,-0.0817821,0.12345732,0.0071700765,0.048525155,0.024446134,0.024426103,0.061201736,-0.019097446,0.01286243,0.0785663,0.030821882,-0.025337374,0.031892266,0.03528768,-0.07134449,-0.034668364,0.010834093,-0.10759121,0.091945395,0.03392695,0.06812394,0.042312056,0.07195196,0.035157453,-0.016919874,0.032011744,-0.1315545,0.0011842009,0.0025922896,-0.049449865,0.020822758,-0.094459146,0.03462964,0.02788996,0.110288456,0.06370415,-0.0035118079,0.0557992,0.007049878,-0.089108974,-0.1301475,0.027490092,0.03415446,0.06666525,0.039751552,-0.075665876,-0.020325135,-0.03862621,0.030728368,0.031659935,0.005843075,-0.0230719,-0.08304052,-0.0028020348,-0.008801803,-0.018265752,-0.00914881,0.056624334,0.086111635,0.07472103,-0.08736172,0.0006361189,0.0069217617,-0.086436644,-0.05934554,-0.02706584,0.046984576,-0.07274366,-0.019778023,-0.024540717,-0.123941675,0.06709658,0.029375752,0.006694263,0.051521804,-0.0048598056,-0.024924224,0.07592048,-0.04459571,0.05226545,-0.038534235,0.07102844,0.06200992,0.09167553,-0.043172855,0.04407317,-0.02040264,0.11080025,-0.039660376,-0.03587347,0.06994249,0.007926775,0.034696355,-0.036169328,-0.03632824,0.061185062,0.026425505,0.045732554,-0.0933384,-0.011056259,0.022227298,0.051879734,0.053886063,-0.058017284,0.048333734,-0.035204615,0.047252364,-0.07961901,0.10419284,-0.0956368,-0.10187876,-0.08840497,-0.021025358,-0.10368409,0.03820748,-0.004667701,-0.06536934,0.035923794,0.06649774,-0.0048772767,0.03934315,-0.111950666,0.028497253,-0.030284893,-0.010799942,-0.055589233,0.09180221,-0.059811592,0.13763627,-0.045467786,0.08775143,MLI
-0.060678698,-0.084765084,0.046605565,-0.028777605,-0.088694096,0.085363284,-0.042454112,0.06272504,-0.07706267,-0.02226436,-0.07030018,-0.049211487,0.007893814,-0.116107315,-0.028817507,0.054123074,-0.008223818,0.003030936,-0.11721286,-0.10246596,0.0351306,-0.0023751662,-0.05157581,0.057379752,-0.082602486,0.060532793,-0.15475169,0.010476845,0.08506438,0.007986642,0.034772217,-0.011326389,0.059727848,0.021705952,0.024329871,0.039859664,-0.06085198,-0.019179301,0.0052683763,0.08790715,0.091214776,-0.06696166,-0.0822774,0.016227817,-0.08287027,0.07522182,-0.006430726,0.044003036,0.045761548,0.09884474,0.010275979,0.073859915,0.10063692,-0.09013036,0.017994221,-0.12181009,0.079364285,0.10361248,-0.048810683,0.041233182,0.028072786,-0.07526179,-0.025672812,0.013215637,-0.073447734,0.025675233,0.021997085,0.041707538,0.009762152,-0.096926615,0.02660676,0.008403134,0.025350623,-0.10843211,-0.08053829,-0.025439717,-0.06504181,-0.01521083,0.077050075,0.016666984,-0.114566326,-0.07347169,-0.024782985,-0.027002243,0.008072384,0.07033128,-0.056423746,-0.00810767,-0.037630245,-0.05842266,0.08118002,0.09544321,-0.019119883,0.0028701006,0.103858784,0.035132736,-0.02302148,-0.062507935,0.06588514,-0.014924575,-0.1134099,-0.039639637,0.08345422,-0.07416794,-0.041780982,-0.100768216,-0.036530815,-0.104885295,0.072907746,0.08265166,0.12852418,-0.07762512,-0.021975055,-0.036364622,0.0427578,-0.018056884,-0.058090948,0.004309055,0.12287661,0.035653114,-0.101187475,0.10260687,-0.04469624,-0.033790044,-0.07687033,-0.06301646,0.085861914,0.007971268,0.020446641,-0.08268348,-0.08792724,0.08331071,-0.031158112,-0.0037588645,0.08998937,0.07486306,0.05036924,0.043437604,-0.022907568,-0.094479166,-0.02961712,0.057731405,0.006326208,0.047936745,-0.010459856,0.100976095,0.08188355,0.069399506,0.0077768606,-0.0048939073,-0.009367636,-0.0771937,0.0342247,0.03674802,-0.013581365,-0.057594024,-0.090900555,0.027303109,-0.03393809,0.057262138,0.024074811,-0.013832153,0.10199565,-0.0057948874,-0.072530985,-0.09073137,-0.020561112,0.07398185,0.07683929,0.034289204,-0.021843936,-0.05808735,-0.037506092,-0.030071156,0.060994133,-0.017438017,0.06696959,-0.1043614,0.021959059,0.014453441,-0.022671817,-0.095110565,0.08285452,0.041776076,0.04767707,-0.020793969,0.028776672,-0.008978221,-0.014096092,0.048866365,-0.004352961,0.06551458,-0.15495686,-0.04026528,0.007765658,-0.03757941,0.018481933,0.071678504,0.1213484,-0.03488164,-0.009662792,-0.04698781,0.051449485,-0.07128346,0.1163574,0.0054662186,0.091688514,0.011499184,0.044663955,0.014992251,0.008713776,0.04694321,0.09864235,0.028217971,-0.022251055,0.07366956,-0.003920325,0.042854425,-0.043856386,-0.04642252,0.11074138,0.03172216,-0.0068966467,-0.10748105,-0.053637315,0.0615622,0.0908252,0.003950866,0.042940397,0.06199193,0.003362502,0.038093366,-0.09120152,0.055451646,-0.03698004,0.0031970553,-0.07829236,0.017329289,-0.027948583,-0.066901445,0.026834358,-0.065683566,0.052420337,-0.0065079546,-0.0047258986,0.04255555,-0.1094446,-0.054606594,0.006012339,0.00316282,-0.045773577,0.08910371,0.0078060133,0.056928404,-0.048040085,0.039749004,MLI
0.03232747,-0.07738041,0.061382238,0.024000071,-0.045108102,0.04480639,-0.077876225,0.07620375,-0.09921897,-0.044172004,0.0010583517,0.009724724,-0.025813457,0.00088774506,-0.021869801,0.12890038,-0.018849693,0.035317272,-0.028465472,-0.07619973,0.02378234,0.003699996,-0.023185814,0.08501457,0.016009944,-0.047571536,-0.106447026,-0.004353285,0.14194635,-0.0461652,-0.00633582,-0.05192692,0.04559707,-0.057475418,0.084152654,0.015887264,-0.041489795,-0.0039478177,-0.05685513,-0.023910683,0.013425058,-0.04988958,0.013450693,-0.10911588,-0.037461888,-0.08457532,-0.09295204,0.020957278,-0.08023475,0.08035661,0.023639828,0.006683764,0.027230948,-0.0040718014,0.016188862,-0.1065602,-0.024758436,0.037885297,-0.037385754,0.10008831,0.036090378,-0.019623574,0.025466535,0.036492355,0.0068919132,-0.009680289,0.02855301,0.016428497,0.03548024,-0.13135725,-0.016367527,0.015599157,0.036190122,-0.020691171,0.04119958,-0.086766705,-0.103821225,0.046943873,0.026598804,0.026754048,0.04339394,-0.0419056,-0.015158519,0.077654004,-0.04421212,0.034412183,-0.044933088,0.0809409,0.056541085,0.054748565,0.0893589,-0.043875482,-0.024089823,0.0927884,0.1047069,0.033401303,0.022869214,0.057615675,0.02239652,0.06639165,-0.14135867,-0.1295287,0.08674507,-0.07863134,0.07683468,-0.09570198,-0.08582987,-0.08564436,0.031275764,0.13375732,0.04966965,-0.05799411,-0.0078469515,-0.049469445,-0.01070215,-0.116735056,-0.01225409,-0.018726647,0.00800733,0.05825519,-0.051747113,-0.025273006,-0.073569074,-0.10907353,0.038775768,-0.13401623,0.019166512,0.058100387,0.02591245,-0.025180321,0.031266786,0.07721046,-0.0006067507,0.07213975,0.0594197,0.06825165,-0.051944997,-0.015908595,-0.0007617369,-0.045849476,0.0035714377,0.007341678,-0.09739248,0.035617236,0.022698574,0.08066344,-0.00074862735,0.06888602,0.00071580755,0.04659448,0.024092114,-0.046609223,0.039796486,0.027435396,-0.025580574,0.036979385,-0.0389307,0.013684148,0.0010071818,0.12387356,0.04677496,0.052601315,0.043659363,0.03163777,-0.07238625,-0.12168658,0.04724823,0.008941829,-0.018823536,0.011173878,-0.0700823,-0.010559402,0.07421051,0.03470604,-0.060924113,-0.010187771,0.0152476095,-0.07506914,-0.001327604,-0.0064698597,-0.06245929,-0.08913802,0.069719866,0.09768194,0.014642048,0.027233986,-0.03189768,0.036223553,-0.015711036,-0.11387725,0.018897139,0.03199885,-0.06981212,-0.15145224,-0.030284245,-0.16247731,0.11566065,0.068308845,0.042367503,0.08001109,0.01403547,-0.03484547,-0.0013850443,-0.021140918,0.035404142,-0.030866763,0.07218748,0.01618452,0.026521455,0.05409297,0.11081321,-0.041118912,0.078655764,0.037796505,-0.036727667,0.03467815,-0.0064726337,0.081103295,-0.018595679,-0.049629636,0.019023124,-0.09729101,0.01564665,-0.0671235,0.098482445,0.024646137,0.059208762,0.087059245,-0.046581924,0.0562746,-0.04329612,0.034071136,-0.05106691,0.07478097,-0.059506334,-0.07821066,-0.073585466,-0.07571109,-0.088822275,-0.012138618,-0.024972435,-0.13438174,0.028068116,0.09007968,-0.00088919606,0.020029236,-0.062235445,0.10723337,-0.024815623,0.005402147,-0.1429424,0.0117591275,0.0045771236,0.07970549,0.04591956,0.11868366,PkC_ss
-0.01809083,-0.039206546,-0.0050769234,-0.041408002,-0.017662466,0.059479274,-0.04397273,0.12583414,-0.08714966,-0.07513806,0.040661033,-0.05762916,-0.029210443,0.067210674,-0.061568633,0.10679132,-0.04164637,0.08300865,0.004040835,-0.053301983,-0.006300969,-0.03214848,0.036096405,0.024703301,0.08230639,-0.0038783536,-0.041082025,-0.056195676,0.029598381,-0.08932455,-0.019774225,-0.037678074,0.07720691,-0.08394782,0.06867595,0.01676656,-0.034041196,-0.017599192,-0.048045427,-0.06593564,0.04094145,0.013832012,0.046573915,-0.029997148,0.023170842,-0.12367344,-0.019503154,0.07142113,-0.07937768,0.040512495,0.011521684,-0.047571514,0.053055048,0.015556322,-0.00084763346,0.035129346,0.007680856,0.021181662,0.05871947,-0.017887432,0.030320592,0.026172765,0.019529238,-0.01633432,0.039800484,-0.036443844,0.093505934,0.06354547,0.11200538,-0.03844792,-0.013030588,0.0033452166,0.040608607,0.045126222,-0.0025511114,-0.10810158,-0.101840615,0.028001128,-0.07301134,0.057844214,0.0716749,-0.079476126,-0.048725583,0.012439576,-0.0042491294,0.073763676,-0.0057768035,0.036286145,0.047235552,0.111305736,0.04913402,-0.060700856,-0.1456829,0.063363776,0.047293834,0.07464271,0.0033931434,0.09251957,0.07844703,0.11362961,-0.11084891,0.036743734,0.047567274,-0.036453336,0.013280264,-0.11986205,-0.026647547,-0.025177997,-0.04086338,0.10777961,0.066585526,-0.019007813,0.030376825,-0.020388441,-0.03742729,-0.14215799,0.053784996,0.032078028,-0.011392362,-0.013305038,0.06548968,-0.036219135,-0.12068172,-0.09603298,-0.017099215,-0.098014355,0.06187007,0.041977838,0.08652287,0.01747586,0.12040318,0.06578198,-0.018480623,0.03567159,0.09959281,0.0410745,-0.012514106,-0.060943067,0.041923016,-0.008568283,-0.041738987,0.027044218,-0.148797,-0.01715836,0.0022648359,0.07081417,-0.022186095,0.006893824,-0.02164821,0.003640391,0.06426411,-0.11867799,0.07841436,-0.001605511,-0.09038288,0.054301254,-0.029493082,-0.0023265686,0.022550281,0.11849728,0.093280956,0.02287263,0.005191286,0.01507519,-0.068780854,-0.11981808,0.10645199,0.007251216,-0.012643447,0.062772475,-0.07568252,0.01255067,-0.018236093,0.04207331,-0.002202245,0.05652836,-0.013247585,-0.05500132,-0.02839182,-0.02776967,-0.09856334,0.034071654,0.055191733,0.04869304,0.021652143,-0.089548826,-0.05223783,0.02472929,-0.059758544,-0.043060705,-0.028844643,-0.021845683,-0.0053380043,-0.047570143,0.0016611703,-0.1126492,0.016517712,-0.0728322,-0.04463802,0.038035534,0.02482079,0.010653324,-0.012550883,-0.008583037,0.04882288,-0.024176013,0.043934118,0.045245674,0.027310912,-0.073459655,0.03743978,-0.10950911,0.0629134,-0.0865103,-0.015855357,0.052975394,0.061717138,0.049661946,-0.015047466,-0.03947195,-0.029714243,-0.009817778,0.025348175,-0.039591175,0.01626433,-0.01777406,0.04680155,0.09607403,-0.08867763,0.0695727,-0.008257679,0.00904307,-0.08315969,0.10836031,-0.054459024,-0.15686035,-0.04665011,-0.03928575,-0.04226596,0.064611584,-0.027238052,-0.103182435,0.019005809,0.1317547,-0.047310077,0.039220206,-0.015651153,0.04214763,-0.08361963,-0.030248027,-0.12471853,-0.021683745,-0.0063013174,0.15669954,0.011788543,0.08781236,PkC_ss
-0.07813566,0.053554524,-0.161789,-0.12057926,-0.034125272,-0.02972791,-0.110883534,0.08243464,-0.0037176725,-0.04179237,0.024892356,-0.052015178,-0.005252917,0.08153756,-0.058665525,0.030669946,0.11078325,0.13459863,-0.04197499,-0.025165722,-0.090791374,-0.13597383,0.016833352,-0.13887703,0.094118804,0.005743229,0.010997705,-0.020965166,-0.03953037,0.05745849,0.02860086,-0.087811336,-0.005486989,-0.10947603,-0.02212171,0.042916078,-0.054992933,0.08898003,-0.08128066,-0.030875064,0.0639551,0.022623042,0.06170282,0.028693663,0.11516178,0.021407261,-0.023528112,0.025596231,-0.09342177,-0.009189661,-0.082219936,-0.04590138,0.06044583,-0.035311185,-0.03629639,-0.0009537163,0.029182727,-0.025237186,0.03140668,-0.0047336263,0.022904059,-0.019332007,0.028836973,0.066334195,0.06968799,0.014800775,-0.022761932,0.0490528,0.04989009,0.0055448553,0.010572166,-0.023225212,0.020007018,0.048779666,-0.059696205,-0.04760843,-0.029986482,-0.056141607,-0.0025445048,-0.04847472,-0.016964797,-0.03529963,0.014674036,0.07963814,-0.08053938,0.062529266,0.09203914,-0.000102038495,-0.07950926,0.06760499,0.04007584,0.08045252,-0.023844533,0.018488826,0.006397291,0.103406936,0.04467297,0.057504028,0.008775267,0.055096567,-0.051647898,0.034529574,0.04448922,-0.032104127,-0.090656534,-0.019410182,0.1471158,-0.0066833347,-0.05166655,0.110957116,0.0164146,-0.0002469807,0.059905037,0.0001667859,0.02101593,0.055321313,0.108740084,0.035417,0.025677733,0.045209274,0.06998223,0.056089647,-0.03383808,-0.035915907,-0.00344622,-0.10116629,0.08858371,0.010541502,0.0797865,0.053142857,0.08652151,9.8397955e-05,0.015067268,0.032234542,0.0641628,0.049328357,-0.02480292,0.0030168202,-0.006295347,-0.08362052,0.02971541,0.0741095,0.009735237,0.007002343,0.031261608,0.0003585799,-0.030521546,-0.024760943,0.066799164,0.06598137,0.049540646,-0.115718186,0.069741905,-0.096858144,-0.030633679,0.06140034,-0.06477383,-0.09430255,0.083856724,-0.06378342,0.042103693,-0.038307387,0.034317244,0.061294526,-0.086279534,-0.050124917,0.02843294,-0.0463941,0.065660335,0.08613238,-0.046664767,-0.08189477,-0.111858554,0.020089421,-0.009698183,0.022584569,-0.15307522,0.019084383,-0.029741365,-0.04010665,0.012394059,0.029470176,0.012141729,-0.094178975,0.026387632,0.08045,0.046026345,-0.090487346,-0.033066474,0.03162451,-0.009267025,-0.10182078,-0.035095602,-0.005402418,0.04668828,-0.029827917,-0.11465277,-0.037004877,-0.13470817,-0.08297226,0.026819618,-0.05248003,-0.05898056,-0.13664521,0.0007848814,-0.024277989,0.03431675,-0.045857653,-0.02539015,-0.04939191,0.06920469,0.0069296453,0.038010973,-0.19431803,-0.027507953,0.048070237,-0.056660317,-0.014686238,0.006910409,0.041546106,0.07318924,0.0456283,0.035766594,-0.01122154,-0.06973005,0.065228105,0.070795536,-0.027976796,-0.004115605,0.072336726,0.0038341545,0.04986254,0.023353495,0.025932923,-0.044333912,-0.10153149,-0.04801901,-0.004316531,0.028807957,0.055410855,0.065754995,0.019279642,-0.022371387,-0.05850652,0.0593576,0.023752093,-0.033092644,-0.033880476,0.092372894,0.08844225,-0.058498807,0.0302252,-0.036702346,0.08983453,-0.035180286,0.008342709,PkC_ss
-0.026313234,0.028250672,-0.17891693,-0.119198546,-0.035621535,-0.030309621,-0.11829646,0.055138156,0.011429421,0.008725093,0.053279117,-0.04758959,-0.04505495,0.10520173,-0.08297534,-0.003561211,0.07651922,0.13464725,-0.020726457,0.052149512,-0.12601352,-0.14940232,0.010898196,-0.16146356,0.11748831,0.024138462,0.016434757,-0.047813766,-0.031860888,0.060999624,-0.019221207,-0.11920891,-0.010422388,-0.11997531,-0.018705022,0.07473226,-0.053648084,0.13313854,-0.05983402,-0.038984455,0.047734935,0.015610244,0.06438608,-0.011696367,0.113527834,0.02106552,-0.0069177565,0.0032892092,-0.10936463,-0.029496035,-0.075061634,-0.046997655,0.021544628,0.007543389,-0.00923506,0.017169025,-0.004024852,-0.0719973,0.011911763,-0.049793176,0.052130137,-0.007949729,0.033261195,0.059310928,0.052814826,0.033134904,0.0025858553,0.051639244,0.009043962,-0.0121782,0.0058474424,0.043815807,0.04780057,0.07751622,-0.055352267,-0.040689506,-0.011099437,-0.050844934,-0.0073655806,-0.0023707328,0.023069384,0.033722185,-0.00944407,0.13380668,-0.10064393,0.09591087,0.030130208,-0.030303234,-0.00577313,0.096168794,0.022407806,0.057627235,-0.0479083,0.013090718,-0.026698766,0.06888013,0.07458919,0.040202033,0.010219028,0.057471313,-0.058477715,0.06852044,0.07195693,-0.053603947,-0.11066724,-0.011178716,0.091007695,0.030401763,-0.0772639,0.1077674,-0.010929509,-0.013804788,0.05973383,-0.0014801744,0.00014907448,0.026189014,0.07642609,0.019162469,-0.01249849,0.02355259,0.05319728,0.052512493,-0.062175624,0.00014824374,0.02705069,-0.07725534,0.09800967,-0.021237614,0.061840434,0.11598277,0.11988805,-0.013325574,-0.03163039,0.011417446,0.056839287,0.01898772,-0.06874139,0.04040867,0.025182158,-0.06986167,0.013022537,0.0009265003,-0.034934696,0.054294985,0.032025278,-0.02389814,-0.015372939,-0.03170619,0.070491955,0.05664089,0.053562418,-0.09174386,0.023199417,-0.07046899,-0.032922372,0.07214391,-0.0610654,-0.07208575,0.079357296,-0.06594542,-0.0063474947,-0.032194953,0.024867631,0.03193873,-0.0803285,-0.042049237,-0.008789467,-0.04094714,0.07602483,0.072965264,-0.034451716,-0.019235231,-0.10406097,0.038597703,-0.027447253,0.044336084,-0.16611758,0.062201414,-0.040771615,-0.034966066,0.037188858,0.0711461,-0.029324133,-0.034389626,0.060360648,-0.0041130204,0.035679583,-0.05232606,-0.059831098,-0.04607551,-0.0037156814,-0.08958422,-0.005564113,-0.005370146,0.0066421027,-0.068267524,-0.08157337,-0.021474253,-0.19029246,-0.01722816,0.025203906,-0.02082713,0.011328703,-0.10226689,-0.047157533,-0.055765755,0.012331163,-0.037722506,0.0018500183,-0.052982967,0.0696578,-0.008057564,0.04277216,-0.1682803,-0.043118294,0.056433514,-0.06193114,-0.03953561,0.015344952,0.050720144,0.051475376,0.050888203,0.09200296,0.020149743,-0.032921605,0.06711627,0.040549584,0.0046026995,-0.039720472,0.051792696,-0.00016714213,0.07152847,0.03606575,0.032344744,-0.05042345,-0.105381764,-0.041084643,-0.014897358,-0.014555492,0.1109412,0.06218595,0.061634477,-0.034354683,-0.062241334,0.07363355,0.011956407,-0.045814812,0.02243223,0.059601184,0.059917435,-0.05274205,0.05275704,-0.08955698,0.12701435,-0.033172246,0.038839765,PkC_ss
0.025880853,0.043619964,-0.14204007,-0.052527234,0.012054884,-0.062361017,-0.07332012,-0.023520544,0.07867316,0.0974444,0.0629403,-0.033219863,-0.029414136,0.102146044,0.021655023,-0.05029939,0.06282597,0.08874145,-0.003324566,0.07270207,-0.13481843,-0.097387224,0.072710514,-0.14091267,0.13316737,-0.0020924483,0.09517567,-0.042991847,-0.090739615,0.07461825,-0.03710811,-0.11929314,-0.10188365,-0.07410212,-0.10690701,0.04266092,0.0039756685,0.15871581,-0.063614726,-0.057163976,-0.040837325,0.020971704,0.04955289,0.0091793835,0.15605596,0.0129394615,0.010965732,-0.06162096,-0.07356414,-0.044137366,-0.054624557,-0.03740253,-0.014271737,0.021101177,-0.04480917,0.023287116,-0.05497288,-0.08570342,0.034258,-0.05724635,0.009464117,0.05299772,0.04680743,0.08301617,0.045539603,-0.012086484,-0.007252742,0.0037423582,-0.030805659,0.046087842,-0.0063071614,-0.0024253558,0.028161835,0.110305,-0.013488689,-0.025152452,0.106660545,-0.042609207,-0.026327703,0.006151029,0.042351324,0.06000513,0.042373445,0.1544191,-0.09314523,0.04314059,0.02557505,-0.008830777,0.0048536216,0.08451088,0.015545143,0.02419693,0.026196158,0.010125464,-0.082166165,0.08418284,0.07058036,0.0034905896,-0.07476099,-0.004512196,0.037373878,0.08216727,0.030807154,0.0049879444,-0.06325433,0.013763762,0.05139433,0.05860865,-0.10580698,0.041058235,-0.10624151,0.0052853636,0.032239147,0.035262704,0.0115373265,0.053515688,0.124790825,-0.0070413044,-0.032427654,0.03721034,0.08449115,0.008518137,0.049293693,0.038119614,0.08082953,-0.046139635,0.013076955,-0.031081846,0.03393501,0.07825318,0.13013756,-0.051584702,0.0020788226,-0.041218206,-0.0066874702,-0.04015777,-0.042016253,-0.0076194284,0.003947139,-0.015990019,0.027830753,-0.044643402,-0.023473226,0.015420876,0.022717332,-0.07842793,-0.02439496,-0.088032484,0.06793167,0.076033175,0.023830898,-0.011013841,0.016803678,-0.07593894,0.0030399389,0.11040895,0.017547064,-0.07154635,0.09123781,-0.13874069,-0.032531325,-0.04006672,-0.02933893,0.06619574,0.0036993804,0.06275459,-0.021620244,-0.084561266,0.022668941,-0.0030124346,0.015553735,0.009751237,-0.07851377,0.020304032,-0.06378676,0.056645,-0.15515608,0.12027995,-0.06741329,-0.02053367,0.050795473,0.089941464,-0.08069224,-0.018626144,0.047401093,0.061492875,-0.01085231,-0.062218025,0.018717103,-0.013510072,-0.030623939,-0.09864773,0.039852865,0.0330519,-0.0008541625,-0.026368855,-0.09083533,0.0013916296,-0.18023562,-0.011072864,0.03876066,-0.028652512,0.0007647318,-0.14714059,-0.13487211,-0.033459038,-0.018380541,-0.030557612,-0.028808776,-0.06078974,0.061585084,0.0054398663,0.0048859604,-0.12681428,-0.053904068,-0.0050907824,-0.03712911,-0.041653976,0.013320912,0.08180404,-0.020458462,0.03521384,0.07094544,0.062045515,0.009202589,0.025094394,-0.001083004,-0.06448899,-0.032982998,-0.02575057,0.0030160141,0.026076334,0.0849599,-0.0034331547,-0.056396753,-0.06142041,0.018269723,0.015013494,0.0070840456,0.105878904,0.02129797,0.06287424,-0.080447115,-0.09557413,0.0491923,-0.009651083,0.015613167,0.036370486,0.038886946,0.07863459,0.03148251,0.047820143,-0.077275306,0.05160842,-0.018646808,-0.045939904,PkC_ss
-0.022761974,0.041572466,-0.17565262,-0.1053543,-0.034742422,-0.016679052,-0.12937805,0.058287308,0.0023175604,0.01223724,0.051830307,-0.046785653,-0.03404515,0.09788621,-0.0786733,0.015454718,0.08495078,0.12330062,-0.01949911,0.018761385,-0.12516358,-0.14623135,0.014878494,-0.14928263,0.11975028,0.025452536,0.01027679,-0.044936515,-0.021855606,0.058872685,-0.0068775243,-0.108701535,-0.017405875,-0.12361823,-0.013143567,0.057695843,-0.05126162,0.11489278,-0.06408311,-0.04956815,0.045196384,0.016040739,0.068824664,-0.0031269407,0.12929383,0.011685381,-0.027391136,0.0002600386,-0.122847885,-0.023184182,-0.0833258,-0.05121266,0.033746734,-0.014913812,-0.01643695,-0.00034145825,-0.0011248207,-0.054114655,0.017384874,-0.030042546,0.04139544,-0.007959787,0.034899753,0.06269127,0.07687685,0.02388805,0.011955801,0.05417232,0.012254182,-0.006594505,-1.06361695e-05,0.018097436,0.048966825,0.060078144,-0.03503088,-0.051430248,-0.014740819,-0.0590975,-0.005828473,0.00040206872,0.0076301564,0.011173777,0.0027063438,0.14206713,-0.100365564,0.09361725,0.04568213,-0.012318975,-0.025047822,0.09570421,0.029711654,0.058088183,-0.038276106,0.009202852,-0.01580369,0.07155692,0.07267237,0.034988597,0.00064687245,0.07070595,-0.06826693,0.042241037,0.0589319,-0.036560215,-0.084175244,-0.024591185,0.09509829,0.022723805,-0.072040305,0.1363064,-0.0016289565,-0.014940467,0.05848062,0.0022609122,0.0066024694,0.006300893,0.086227685,0.012154877,-0.0064650374,0.038756847,0.038693324,0.058398798,-0.045834225,-0.019101504,0.02167416,-0.09720679,0.09452322,-0.0066432552,0.05734481,0.09406221,0.11713429,-0.016144386,-0.023251811,0.006817721,0.061897393,0.031045178,-0.05436135,0.019301564,0.009920284,-0.070168,0.028561795,0.021390622,-0.031312544,0.0493086,0.037677977,-0.014494199,-0.01774705,-0.020673422,0.07477705,0.0656673,0.06687188,-0.097799644,0.034015186,-0.0766509,-0.04005112,0.08615421,-0.058451712,-0.08672722,0.094120756,-0.06062705,0.0066606253,-0.03321951,0.017675774,0.06525162,-0.09561397,-0.050889302,-0.0024081133,-0.039417736,0.07641502,0.07561207,-0.04741771,-0.034796324,-0.10749234,0.033905514,-0.024109457,0.04743468,-0.15935048,0.046590827,-0.029770758,-0.031336933,0.030947208,0.06522014,-0.013158778,-0.03792301,0.054678448,0.029832497,0.03103717,-0.07223751,-0.041801535,-0.043161463,0.001824758,-0.10136656,-0.024849912,-0.0063597187,0.011248089,-0.06425233,-0.08320913,-0.028933335,-0.17123045,-0.024444308,0.021597274,-0.02683705,0.0026441622,-0.11762551,-0.047878645,-0.03514698,0.011919952,-0.03797125,0.0027548466,-0.06139335,0.07807432,-0.0059286403,0.030549174,-0.17369893,-0.0424891,0.06332946,-0.053883247,-0.030181995,0.011786505,0.048096795,0.050994024,0.048561506,0.0921494,0.018258298,-0.042974137,0.066797405,0.042698313,-0.0056318585,-0.058114875,0.0657554,-0.023646101,0.065719515,0.03793495,0.040248565,-0.049468055,-0.11193338,-0.055656098,-0.020812113,-0.021769695,0.098648734,0.044507585,0.045204807,-0.029159859,-0.06036556,0.069407925,0.0070007048,-0.043601226,0.023236422,0.07794643,0.06672712,-0.05431153,0.06041485,-0.06982672,0.10898365,-0.015962409,0.028938781,PkC_ss
0.10815576,-0.014614492,0.0032877717,0.04809842,0.0025470378,-0.06524862,0.008683534,-0.11808819,0.1056719,0.1494064,0.021320904,0.07188532,-0.03788323,0.0029305378,0.044171236,-0.09138562,0.00096442224,-0.05851706,0.058480177,0.13984245,-0.062845446,0.001338355,0.006803345,-0.08413769,-0.019774036,0.019783095,0.04539232,-0.03095512,-0.029011559,0.10169235,-0.04341652,-0.05363454,-0.08183856,0.040274434,-0.01544798,0.03579928,0.04941926,0.09857865,0.0044697355,-0.029361125,-0.07508292,-0.056107167,-0.040376246,-0.07790755,0.024040364,0.07484993,-0.0006974265,-0.10678792,0.013304291,-0.047236998,-0.070138305,0.021194613,-0.071557514,0.031511202,-0.0034031044,-0.05314128,-0.042041793,-0.07912482,-0.09615202,-0.022168616,0.011341637,0.04090443,-0.0032231878,0.06524454,-0.009595749,-0.004432128,-0.0059036193,-0.043211088,-0.11448231,-0.017639419,0.03007569,0.084581956,0.043311037,0.02876079,0.044594586,0.03678364,0.10289987,0.027912762,0.037724648,0.06875242,-0.0066548255,0.15573713,0.032997046,0.12733233,-0.065611124,0.055565584,-0.05567307,-0.0012347214,0.09718415,-0.05205575,-0.042600103,-0.042912193,0.040622674,-0.0036588092,-0.09790026,-0.048027493,0.04940965,-0.071375996,-0.06213834,-0.07685557,0.035919566,-0.003729484,0.024146046,-0.002809282,0.019155417,0.06473717,-0.06728044,0.047066644,-0.013983681,-0.03132401,-0.11295144,-0.015081045,-0.048363447,0.034149565,0.022929661,0.008588754,-0.043149542,-0.07610039,-0.02408291,0.006237832,-0.027750868,-0.011047309,0.051034536,0.10769863,0.102796376,0.04771875,-0.045109548,-0.10670602,-0.074715585,0.058342274,-0.013879957,-0.06399031,-0.000614958,-0.038990844,-0.07307057,-0.09322509,-0.058308706,0.06475352,0.013286523,0.017933456,0.05044453,-0.15008911,0.0055173887,0.08465185,0.042206414,-0.07872971,0.0147923175,-0.03678792,0.03693128,0.024600975,-0.051315427,0.12801728,-0.08794319,0.027102288,0.07175408,0.029635433,0.059595414,0.005408884,-0.0060398276,-0.106405914,-0.12290305,0.050442114,-0.033913795,0.014410108,0.054103103,0.09050429,-0.11513817,-0.0264344,-0.010242492,-0.060811907,0.07390107,0.061908126,0.05394262,-0.026928827,-0.1101844,-0.020126807,-0.0034089927,0.09658201,0.00024860166,0.011185807,0.07261218,0.028746745,-0.0952614,0.11132795,0.030183237,0.0008194074,0.0070856847,0.037257537,0.027898457,-0.114190035,0.005102764,0.010854583,0.047719285,-0.031315465,-0.11916898,-0.02482353,0.05160933,0.1141617,-0.11356865,0.09429095,-0.026967665,0.055144995,0.07442565,0.023825884,-0.13992128,-0.0028452892,-0.045763575,-0.029777948,0.023036342,0.054972872,0.036999688,0.032798506,0.0013722716,0.09881863,-0.06680873,-0.03689379,-0.07009166,-0.020207115,0.023260474,0.0031276029,0.0039693573,-0.09231816,0.06387854,0.07846227,0.08927859,-0.018136047,-0.04401648,0.008339993,-0.041733064,-0.09249891,-0.01763238,0.014437669,0.06799589,-0.060177546,-0.022445787,0.06533417,0.03223009,0.0031667352,-0.05072485,0.05431498,-0.07031417,0.087089546,-0.07374039,-0.113871165,0.06745852,-0.03537517,0.016656058,0.09008913,0.029836297,0.027282145,0.059713896,0.087139964,-0.0559884,-0.041411374,0.026995666,0.0054939114,PkC_cs
0.09918322,-0.007751293,0.054612882,0.08212413,0.014829779,-0.03813213,0.056046404,-0.09715639,0.09180337,0.14900881,0.03801372,0.039975196,-0.018490965,-0.0107057085,0.051567018,-0.08409499,-0.075767115,-0.08222315,0.06362584,0.12996277,-0.011143153,0.04367818,0.07018523,-0.021531913,0.00673699,0.056114525,0.09873643,-0.010116996,-0.053945847,0.010677949,-0.06734729,-0.02141006,-0.07141366,0.06077531,-0.012981666,-0.025760833,0.0700381,0.037988074,0.042487755,-0.044141907,-0.06829429,0.022220245,-0.029665794,-0.025809938,-0.015932063,-0.010777893,0.04676724,-0.07578686,0.03208363,-0.05341991,0.0068566254,0.002949906,-0.06568326,0.010650785,-0.01633584,0.0485239,-0.06994069,-0.08337216,-0.0024900786,-0.087559745,-0.008213118,0.11694514,0.020080863,-0.016773665,-0.019749796,-0.029599827,0.02439056,-0.058864493,-0.092700206,0.03656913,0.0043741176,0.061472826,0.007713314,0.029900927,0.017006796,0.070534624,0.07545268,0.023507586,-0.030292079,0.10443035,0.023022057,0.12211561,0.032284707,0.024139302,0.0334954,-0.000500923,-0.099439934,-0.017903224,0.09198616,-0.008385013,-0.084337026,-0.049357925,0.0018764848,-0.010368627,-0.11994296,-0.089254834,0.017407365,-0.07382789,-0.050408892,-0.0856458,0.063124925,0.061323583,-0.042221,0.0528125,-0.004059789,0.04226711,-0.10405783,0.06572905,-0.036608882,-0.10692099,-0.10718708,0.013845112,-0.048304573,0.0736432,-0.006176486,0.012453367,-0.045396194,-0.04496573,-0.047437456,-0.034863263,0.011318317,-0.01848177,0.02810369,0.11633167,0.07741928,0.088128775,-0.044947334,-0.06547387,-0.052017298,0.0857933,0.017162602,-0.111491024,-0.009375896,-0.052416142,-0.09602094,-0.11233116,-0.012257516,-0.009649721,0.030799624,0.08442051,-0.026022572,-0.15850389,-0.04619959,-0.005404992,-0.00757381,-0.087696716,0.042524613,-0.035281643,-0.002711364,-0.049243584,-0.038628593,0.10502884,-0.11415859,0.036537405,0.045124304,-0.0021288837,0.097916186,0.048805833,-0.0022810106,-0.030721536,-0.056355797,0.04017924,-0.086394235,-0.007700996,0.1119373,0.1058649,-0.055175826,-0.011195628,-0.0006235447,-0.08644102,0.05087126,0.08270082,0.04215762,-0.004832992,-0.03332194,0.0070643816,0.027480934,0.074941576,-0.018463615,0.015643127,0.04659193,0.0922487,-0.092324,0.10619105,0.04228138,-0.10099977,-0.024962734,0.059793763,0.0163836,-0.07053755,-0.041875973,0.03505547,0.10526541,0.06369141,-0.102929205,0.03663426,0.06817321,0.012244747,-0.025356568,0.10689211,0.0008946605,0.083084896,0.10432318,0.064556256,-0.06450649,-0.02016633,-0.06764808,0.02883231,0.016068473,-0.027536843,-0.06743262,0.021051155,-0.034995377,0.07752467,-0.03536199,-0.06743708,0.034617588,-0.048963238,0.02088663,0.031280115,-0.06986834,-0.008878313,0.042751454,0.05341964,0.033302415,-0.06603621,-0.100986116,0.002468484,-0.064444944,-0.09348903,-0.020628966,-0.020971421,0.027753247,-0.04112588,-0.0012854524,0.053661935,0.05495479,0.05211833,-0.06196159,0.044083484,-0.09198711,0.09761876,-0.043119736,0.0004150886,-0.007721956,-0.031897705,0.049693696,0.027098712,-0.076825574,-0.03346317,0.13204327,0.051887583,-0.042598024,-0.06012762,0.021226417,-0.02456047,PkC_cs
0.097582564,0.009905613,0.056680016,0.10853879,0.047390237,-0.041328453,0.069242775,-0.092042424,0.081976324,0.10765821,0.04763202,0.05490717,-0.010961533,0.013019519,0.0611021,-0.06738548,-0.06876853,-0.08406788,0.09329162,0.1112271,0.0032939333,0.056980334,0.0654869,-0.002069318,0.01760409,0.011754186,0.12565374,-0.00045861187,-0.054812185,-0.010280525,-0.06283672,0.018868098,-0.055586882,0.059224717,-0.001990344,-0.047966033,0.07825078,0.009643775,0.032828182,-0.07074497,-0.07483871,0.029269453,0.004093846,-0.0276265,-0.009636224,-0.065290205,0.04483878,-0.06831962,0.016712604,-0.06632161,0.022094425,-0.020230668,-0.07575159,0.037179478,-0.012193339,0.09189089,-0.0789243,-0.08688241,0.0070479824,-0.064355604,-0.024020154,0.097464055,0.013871644,-0.038567387,-0.000792508,-0.044515647,0.0036547575,-0.08412947,-0.067362964,0.058267426,-0.00011846883,0.035046034,-0.0109535605,0.04704708,0.054645,0.06826851,0.06435805,0.03245394,-0.052062646,0.05243486,0.067632325,0.10918846,0.028151747,-0.0064505944,0.06195536,-0.046575394,-0.052978165,0.0017390312,0.10262886,0.003032221,-0.11016736,-0.08265835,0.014007468,-0.009197939,-0.11388028,-0.10705843,0.008016168,-0.035772104,-0.04611464,-0.049548827,0.09310174,0.049220294,-0.08697467,0.077234305,0.035436552,0.06497857,-0.07104245,0.07639645,-0.037398748,-0.11984333,-0.11620876,0.045457292,-0.0363258,0.07192063,-0.030007664,-0.000393047,-0.027860533,-0.045285556,-0.08695896,-0.037725244,0.044153087,-0.056435116,0.032428257,0.08814645,0.086963385,0.10828647,-0.0815727,-0.043756936,-0.052353904,0.0650036,0.015255215,-0.1054148,-0.009395866,-0.037578676,-0.11438341,-0.10367137,-0.014815431,-0.032354236,0.028353501,0.11251266,-0.021250278,-0.13592094,-0.04474324,-0.03965675,-0.010874582,-0.091119155,-0.00227186,-0.049302932,-0.027915187,-0.043300405,-0.039648958,0.11907539,-0.10664083,0.036194574,0.036931936,-0.005923155,0.113810085,0.036941614,-0.0017401493,-0.00040408273,-0.045080304,0.039955687,-0.11665945,-0.0072980775,0.115343906,0.10295676,-0.023231992,-0.02309112,-0.03963513,-0.08355248,0.047674034,0.08407868,0.054595545,0.0148752425,-0.034984563,0.010855676,0.042604256,0.08349694,-0.010075937,0.020447988,0.021964286,0.105686516,-0.08610723,0.078913555,0.009212377,-0.0824952,-0.03373012,0.060383916,0.01468182,-0.06460768,-0.018965635,0.025825895,0.13683563,0.06616439,-0.07181439,0.05897284,0.07212311,-0.029218476,-0.02001196,0.10137808,-0.0033987192,0.09759976,0.057171,0.10041261,-0.074977025,-0.015341181,-0.084541865,0.042204693,-0.0034312345,-0.018472169,-0.06894064,-0.0054062647,-0.07915137,0.069752,-0.007368922,-0.07716514,0.04733857,-0.04035074,0.034087054,0.020060511,-0.10261586,-0.035073474,0.011269366,0.07696979,0.04742729,-0.09077558,-0.12511496,0.017497037,-0.06475537,-0.0804727,-0.017906439,-0.048803262,0.032922093,-0.051103447,0.030368408,0.03863782,0.07484764,0.030907964,-0.025645945,0.029932763,-0.093095765,0.065796696,-0.032368578,0.025697283,-0.021832401,-0.030786542,0.08232921,0.04425565,-0.07619142,-0.064649455,0.12208416,-0.026693944,-0.010477405,-0.08280953,0.032429032,-0.016755298,PkC_cs
0.045136586,-0.040047955,0.058200583,0.03170323,-0.040567823,0.00103335,0.059335165,-0.021530678,0.04479997,0.093628794,0.01899169,-0.0081561,-0.024128878,-0.008121809,0.00031974632,-0.056028277,-0.09931393,-0.05265844,0.056405414,0.094546154,0.0027585232,0.02598502,0.06479126,0.007402582,0.02503765,0.089823335,0.082519546,-0.033975083,-0.018449211,-0.061580278,-0.07509737,-0.00066743325,-0.021934064,0.0474521,0.028088156,-0.021937422,0.046029057,-0.015747925,0.06035669,-0.050119977,-0.009698635,0.029608313,-0.021918597,-0.01011401,-0.017263927,-0.07755478,0.09033399,-0.011644255,0.043317217,-0.047463495,0.050001763,-0.022436546,-0.02254523,0.014273501,0.020168198,0.111753866,-0.03397911,-0.048308942,0.043540332,-0.12467103,0.010928221,0.110416815,0.0070856307,-0.059646577,-0.017937887,-0.023198709,0.08310672,-0.037416723,-0.050735295,0.06583169,0.024520455,0.07742509,0.005513288,0.046484023,0.010404651,0.046365894,0.021300681,0.011926585,-0.070984945,0.13061132,0.041659642,0.058991626,-0.0012136903,-0.04186308,0.06776086,0.045042824,-0.11518186,-0.040993914,0.11848618,0.026444966,-0.07008438,-0.062425196,-0.08103238,-0.025105942,-0.1189875,-0.0998943,-0.0002677536,-0.04342057,0.031407606,-0.043642264,0.026762495,0.13180248,-0.034741122,0.04015388,-0.027250815,-0.0027522063,-0.115251064,0.06369443,-0.055970185,-0.0886485,-0.029286763,0.01771459,-0.02163686,0.046526924,-0.03259996,-0.07007213,-0.020070763,-0.015367796,-0.053036124,-0.09147795,0.04666566,-0.010469441,-0.03950196,0.07327135,0.024205247,0.09540282,0.0143153835,-0.04674364,-0.012823286,0.093616724,0.039526884,-0.09731805,-0.052352834,-0.06414166,-0.030500393,-0.100042924,-0.018217795,-0.021928951,0.056751907,0.09756875,-0.05339662,-0.14766124,-0.10812041,-0.013304322,-0.0059271147,-0.048253775,0.033321775,-0.028982343,-0.037677042,-0.106777936,-0.0036749346,0.05798215,-0.08847417,0.050867695,-0.030028038,-0.03154279,0.055914678,0.07445006,0.013712352,0.04422761,-0.022093961,0.04801809,-0.08617905,-0.024595752,0.09611123,0.066990584,-0.01124322,0.0041388907,0.0072606048,-0.036258005,0.007730442,0.07767096,-0.011818159,-0.0072517577,0.032145917,0.05681649,0.0043047466,0.039455824,-0.014623018,0.010097229,0.020851247,0.13052648,-0.07281888,0.12414399,0.03989318,-0.20009449,-0.050157018,0.077566706,-0.049568646,-0.057826217,-0.047548182,0.05263889,0.13154057,0.09499595,-0.091475695,0.036182012,0.052754693,-0.072971,-0.017445084,0.12140016,-0.00534148,0.11242211,0.10964188,0.1095646,-0.0065939333,-0.018062606,-0.04294564,0.08337848,0.062479623,-0.0809302,-0.09263027,-0.035486035,5.5752695e-05,0.0132758,-0.014593623,-0.025301559,0.07988784,-0.039166905,-0.00075385533,9.293854e-05,-0.08431167,0.028692558,0.046962805,0.036623366,-0.023357127,-0.0783118,-0.094680876,0.05451958,-0.12409867,-0.061252337,-0.0010541308,-0.017150817,-0.04337055,0.0060948003,-0.02122568,0.0077049257,0.046796687,0.046793167,-0.08087626,0.07741651,-0.057716146,0.064480916,0.010555829,0.05921452,-0.03530904,0.0028574446,0.054350317,0.004327438,-0.13197717,-0.08212228,0.087244615,0.03157145,-0.028815638,-0.010162221,-0.0185442,0.00071040634,PkC_cs
-0.028222477,-0.004310184,0.060578138,0.031296726,0.018660463,8.173566e-05,0.058345832,-0.068245694,0.016394192,-0.0036458727,-0.08729786,0.021290697,0.035784923,-0.10670672,0.05528891,-0.04068417,0.03940381,-0.08848805,-0.03367026,-0.02734157,0.08377805,0.05751095,-0.06610445,0.031814262,-0.1386772,-0.013794067,-0.028668698,0.06944066,-0.014911973,0.04986974,0.060033992,0.08969377,-0.030296713,0.10730489,-0.05607163,-0.044519678,0.006766363,-0.056992404,0.03700781,0.10227817,-0.02289325,-0.05444245,-0.08752869,0.06256427,-0.05608569,0.14409035,0.0088437665,-0.01069135,0.11911861,0.015194995,0.018212559,0.07816154,0.0045437505,-0.046782915,0.026024725,-0.06880522,0.050458387,0.07144956,-0.053603835,0.058899567,-0.0012833416,-0.08590835,-0.040484592,-0.011945181,-0.06812717,0.050486982,-0.0867552,-0.029614456,-0.04074628,0.020556362,0.013335236,-0.049798254,-0.04294703,-0.09022081,-0.02871536,0.082303375,0.070815764,-0.0033141822,0.07328689,-0.0691725,-0.11024054,-0.0138946455,0.0133742895,-0.102905296,0.036463235,-0.07539058,0.019678028,-0.011267208,-0.09092626,-0.14640707,0.004040042,0.058909163,0.10518423,-0.07590477,0.03153174,-0.013980471,-0.056580625,-0.08582516,-0.030690176,-0.08435103,0.06575452,-0.063839994,-0.009839888,0.023880398,0.020071318,0.09317344,0.033484153,-0.03564004,0.08798966,-0.10952081,0.025740966,0.030770998,-0.02603433,-0.017432977,0.045937505,0.104853034,-0.068253316,0.017599052,0.08452043,0.018494474,-0.056055494,0.03012019,0.08656947,0.044750493,-0.07632256,0.06479135,-0.056779355,0.0013873074,-0.06131354,-0.11566624,-0.17429706,0.0013313415,0.044553254,-0.017477501,-0.047417,0.001788714,0.07279491,0.059038088,-0.060504716,-0.03442762,0.016173726,0.062270273,0.16783595,0.017017357,-0.028448895,-0.016760562,0.030697681,0.007281271,0.0006213009,-0.0023543723,-0.08024025,0.06144917,-0.013044062,0.023136085,0.08207704,-0.08853136,-0.0032207158,0.008633195,-0.07203585,-0.057982773,-0.058121637,-0.021368528,0.07194002,-0.04750956,0.039545737,0.066283554,-0.0767821,0.046820935,-0.009914418,-0.027814982,0.07365058,-0.0466749,0.026095057,-0.07006788,0.04503929,-0.08267923,0.075981095,-0.01653709,0.030768532,0.015435175,0.030818041,-0.103341,0.02448783,-0.07669872,-0.06222695,0.08073574,0.04071568,-0.026694698,0.052094035,0.10799755,0.016713481,0.048913706,-0.08058542,0.0073225196,0.04316944,0.08871566,-0.029655177,0.06548604,0.1242415,-0.08336736,-0.0045017595,-0.0453897,-0.007942926,0.022410696,0.035193954,0.055045784,-0.013626506,-0.03591892,-0.031813115,0.0633386,-0.039916042,0.090891,-0.025845421,0.102422714,0.047819674,-0.00880247,-0.04723046,-0.0066473414,-0.02112488,-0.0044443654,0.05728258,-0.0049628937,-0.058478653,-0.009901187,-0.02715284,0.021565042,0.010513444,-0.06433784,0.1274401,-0.042622685,0.013540448,-0.034752063,0.02744318,-0.08292115,0.055000193,0.1606352,0.023597619,0.035203893,0.0622489,-0.09484242,0.04720099,0.028761767,0.028088253,-0.08743923,0.013264691,-0.0042140475,-0.0031896243,-0.07869188,0.04854907,0.010214593,0.0421947,0.0104200635,0.046705514,-0.12131923,-0.02127859,-0.086586624,MFB
-0.04837922,-0.01667492,0.0861598,0.039490946,0.0059010414,0.0430429,0.048050698,-0.041860655,-0.010676937,-0.037445296,-0.101472355,5.408819e-05,0.042798493,-0.11745228,0.06312249,-0.0059568677,0.020222561,-0.08369755,-0.06788275,-0.08942916,0.10318872,0.061184227,-0.06459634,0.061619062,-0.144896,0.0014014458,-0.06530258,0.06799987,0.0072013265,0.032786973,0.077300675,0.11305055,-0.0029430757,0.103309184,-0.036168966,-0.054038562,-0.023893796,-0.06298004,0.016201217,0.13920328,-0.0042269314,-0.05383989,-0.102314726,0.06867444,-0.08296247,0.11867163,0.014688118,0.015555558,0.12939134,0.03372347,0.027686179,0.07593062,0.03766751,-0.070520625,0.03303096,-0.071294084,0.06257359,0.10706073,-0.049592845,0.08548786,-0.021762116,-0.100194946,-0.064057395,-0.02939953,-0.07395605,0.048608962,-0.06915219,-0.017774109,-0.01162044,-0.0031685485,0.013375864,-0.061185196,-0.03040845,-0.11397035,-0.018087307,0.0648531,0.04511474,-0.003989816,0.0702481,-0.06612107,-0.11282408,-0.043728076,-0.002811898,-0.13346854,0.057261646,-0.0732778,0.018626874,-0.0066218455,-0.09577404,-0.13786522,0.037073217,0.0753964,0.07955185,-0.06175797,0.07127338,-0.0006293738,-0.07692207,-0.079546876,0.0012080758,-0.05578475,0.040720306,-0.06854941,-0.0038890797,0.018370502,0.029954772,0.05417478,0.031124901,-0.05907619,0.104934186,-0.08057198,0.050347954,0.027187822,-0.01888962,-0.028122563,0.03366023,0.07418507,-0.06604378,0.027898708,0.10184437,0.03202781,-0.068409115,0.04495203,0.072937265,0.006213648,-0.090932205,0.040298242,-0.049448043,0.019549012,-0.037990093,-0.143337,-0.17219421,0.026934924,0.021677587,-0.013404155,-0.018573346,0.031514835,0.069498196,0.047120348,-0.06026122,-0.05919315,0.0038145646,0.08678518,0.13443811,-0.008230946,-0.04190547,0.034338176,0.029440407,0.029657587,-0.005135063,-0.0123468535,-0.07307408,0.037501305,-0.01335745,0.019629486,0.053307697,-0.09081572,-0.010902785,0.016507912,-0.07030839,-0.032539338,-0.043712467,-0.028848521,0.08875659,-0.031561054,0.0123739205,0.024857705,-0.05084912,0.045409493,-0.0039099236,-0.023669489,0.04722263,-0.05548891,0.010279285,-0.064049214,0.050547037,-0.071316645,0.09761168,-0.052791744,0.04742095,0.025191877,-0.0011340906,-0.11454891,0.053214476,-0.062959224,-0.06262872,0.0588838,0.034301046,-0.014074303,0.041731752,0.14875847,0.013864834,0.06516785,-0.11786227,-0.0031122183,0.054726385,0.07007358,-0.023847125,0.0638268,0.17228416,-0.096193165,-0.010383268,-0.044278808,-0.018206777,0.011961194,0.07425837,0.052233413,0.023126533,-0.024645228,-0.022202257,0.06495309,-0.040870927,0.069612496,-0.01343563,0.09488913,0.039111163,0.008066408,-0.0152985975,0.016428128,-0.033100307,-0.028471306,0.058826394,0.0031381985,-0.07539423,-0.038789846,-0.047822677,0.035612535,0.035264242,-0.06583892,0.11739497,-0.009239027,0.02123475,-0.03761649,-0.0022947644,-0.057643592,0.05831486,0.13576946,0.013280609,0.037172366,0.057338204,-0.11148081,0.055473052,-0.017634846,0.049633987,-0.059591196,-0.0067390394,0.018653866,-0.023240872,-0.09039055,0.039629705,-0.007454628,0.0078496775,-0.0014747302,0.07283868,-0.08373867,-0.02422595,-0.07348969,MFB
-0.047780525,0.010997475,0.04651871,0.005224617,0.025568008,0.021076161,0.060275264,-0.062330656,-0.008769188,-0.063502714,-0.09125974,-0.0072783744,0.055237588,-0.084956735,0.052041706,-0.020271562,0.036586933,-0.044995207,-0.064729124,-0.09677148,0.063291796,0.050827317,-0.034911074,0.034025047,-0.10865298,-0.012414619,-0.023297817,0.054345816,-0.023504378,0.015590351,0.0705054,0.10028629,0.00022732839,0.09049049,-0.048316963,-0.060142692,0.0019613896,-0.053863563,0.011798393,0.11389267,-0.017062895,-0.039482012,-0.06791867,0.11923769,-0.045319445,0.1335184,0.020799039,0.019054823,0.110012725,0.010558812,0.044668347,0.062603444,0.033335604,-0.04850679,0.0232565,-0.03714256,0.07472288,0.0793741,-0.033443607,0.061709873,-0.005562595,-0.092844985,-0.07006406,-0.027057929,-0.08144238,0.037902523,-0.10244889,-0.020879809,0.013863579,0.031191533,0.013952615,-0.07925314,-0.057995994,-0.08729407,-0.021236124,0.06218844,0.038948264,-0.021893525,0.036451086,-0.10014108,-0.092336655,-0.0673409,-0.0017561314,-0.14116132,0.03829297,-0.07904764,0.05491006,-0.0032112729,-0.1267241,-0.12044189,0.01928012,0.047077376,0.08197014,-0.07383938,0.038396094,0.0042007808,-0.1018223,-0.0562793,0.019387828,-0.039156727,0.06453299,-0.028560068,-0.024013812,0.021061638,0.023467273,0.04707537,0.052864455,-0.05463864,0.07244098,-0.08887209,0.054091018,0.05956905,-0.034881774,-0.04333471,0.038625624,0.10977882,-0.037353173,0.0438309,0.066228226,0.013582705,-0.03136131,0.0367306,0.07948868,-0.0070683407,-0.10264324,0.055030655,-0.04623021,0.037167046,-0.012534796,-0.10782413,-0.15042248,0.035494503,0.024479194,-0.020165596,0.009963923,0.031397354,0.07481575,0.017294738,-0.0560008,-0.044470612,-0.010619748,0.08264586,0.14473554,-0.03353323,-0.05024053,0.021436324,-0.0029059676,0.0060754004,-0.017094089,-0.004417092,-0.059552,0.053232893,0.014607687,0.01754961,0.040570732,-0.07576509,0.0042286823,-0.017358689,-0.0478729,-0.03469853,-0.028141432,-0.042368203,0.051969323,-0.022536729,0.01981848,0.049946554,-0.039028883,0.04081432,-0.021238837,-0.020087946,0.048748672,-0.04796333,0.013236439,-0.063455224,0.05956518,-0.035261475,0.07942642,-0.03818571,0.04978626,0.032553308,-0.0010835072,-0.09302111,0.04134267,-0.09953112,-0.056952324,0.065182716,0.010102257,-0.020178331,0.025333537,0.15737146,0.011079729,0.023733923,-0.080126114,-0.01073602,0.089607656,0.10940821,-0.07050332,0.01795172,0.12679167,-0.09711894,0.006405806,-0.0415083,-0.051100567,0.000479526,0.05772841,0.069269,0.01575683,-0.05010984,-0.03499785,0.048816565,-0.0427477,0.03445024,-0.022964217,0.06881835,0.053029597,0.0058588693,-0.011864221,0.026393857,-0.016549738,-0.014680778,0.044766404,0.007440638,-0.0615706,-0.012149634,-0.08893862,0.031035926,0.020364007,-0.07796489,0.117507085,-0.0033505154,0.042513438,-0.027153254,-0.011220412,-0.058588795,0.06856373,0.1323202,0.024467032,0.023715097,0.09546347,-0.10663819,0.06443566,0.003986696,0.05018518,-0.054676615,-0.023543237,0.009693976,0.01490729,-0.09495218,0.05413037,0.011379059,0.018380942,-0.03532777,0.07793702,-0.072158754,-0.0131155215,-0.055487446,MFB
-0.048128583,-0.014034645,0.08278461,0.020984337,0.016665287,0.02394088,0.05368384,-0.040590134,-0.024336934,-0.06408856,-0.097996294,0.006833954,0.06370996,-0.103652164,0.058514506,0.010424958,0.028349016,-0.062063083,-0.075420186,-0.11108656,0.08505505,0.05490364,-0.062114686,0.06957267,-0.12896445,-0.023484133,-0.053140886,0.060286947,0.00512441,0.020646099,0.07865527,0.10771771,0.011588499,0.09589033,-0.043105014,-0.043519296,-0.007928241,-0.064807296,0.0128171425,0.11835887,-0.009609038,-0.05743683,-0.0844931,0.08318197,-0.05083612,0.13569587,0.0045414837,0.018224958,0.11483511,0.03760156,0.04603292,0.065878965,0.031366415,-0.07372771,0.030115433,-0.06861438,0.07972588,0.10058714,-0.0314352,0.09046014,-0.029502582,-0.10877073,-0.051872425,-0.027094947,-0.07684358,0.044571318,-0.08761568,-0.030479189,-0.0008674038,0.009040305,0.017645225,-0.087495044,-0.058721863,-0.10343398,-0.017321303,0.06410385,0.031711955,-0.007515846,0.048173275,-0.0924785,-0.10071732,-0.04689072,-0.015517599,-0.1319734,0.04011677,-0.06286364,0.047683127,0.0058987336,-0.1043954,-0.13283688,0.03508243,0.04015018,0.10086036,-0.062023997,0.06676206,0.0029376799,-0.092436954,-0.059710708,-0.0039507113,-0.05362283,0.030942561,-0.06621337,-0.013611076,0.029036572,0.046824895,0.03194603,0.042382784,-0.07804629,0.09899761,-0.07886697,0.05068893,0.029428054,-0.031447195,-0.04687149,0.048469633,0.08116199,-0.051562686,0.021047164,0.08873373,0.02872296,-0.054396547,0.02924053,0.085154995,-0.016060568,-0.09448225,0.029033845,-0.051880132,0.046695083,-0.026463117,-0.14877862,-0.17158724,0.040387135,0.049702376,-0.0048086564,6.3637504e-05,0.03745265,0.07857637,0.033463463,-0.06474191,-0.055743724,0.006573452,0.09515601,0.15273082,-0.029064223,-0.041423693,0.028518742,0.0027137152,0.008795683,-0.0027473278,-0.003829774,-0.056091182,0.05047516,0.018846579,0.039372474,0.057537165,-0.08646315,-0.008497017,0.008318053,-0.054174125,-0.028345339,-0.035984773,-0.031135162,0.07121251,-0.029510241,0.013177463,0.035493933,-0.047114164,0.051703915,-0.022911154,-0.02823994,0.04261442,-0.05499024,0.019009355,-0.04232594,0.050275415,-0.05321093,0.09754466,-0.043502934,0.06593177,0.033039413,-0.009983042,-0.12544334,0.058232307,-0.08704705,-0.06831236,0.09417401,0.016407195,-0.014018016,0.02754416,0.15319726,0.018108685,0.038173,-0.11173788,-0.021741534,0.059629314,0.08423789,-0.01861614,0.04210034,0.1631448,-0.09767276,-0.003939711,-0.05864741,-0.040599175,0.017503753,0.07311055,0.07565203,0.031696342,-0.046701208,-0.035737716,0.06928846,-0.027375609,0.063075654,-0.019095052,0.07661654,0.059257373,0.009152232,-0.015378681,0.039591484,-0.03486622,-0.012949383,0.06479736,-0.005866671,-0.07508822,-0.026116628,-0.052591793,0.02643044,0.027684156,-0.0653991,0.119568914,0.0044460497,0.013498833,-0.031731836,-0.011326559,-0.06695078,0.050187826,0.12395941,0.010042791,0.0010678614,0.084307745,-0.12153954,0.05345998,-0.01951008,0.053592257,-0.06427314,0.00029998843,-0.0067799804,-0.0065114256,-0.07537169,0.05245199,-0.005287405,0.0038095529,-0.019199375,0.07297659,-0.09606251,-0.01836429,-0.059809122,MFB
-0.060740903,-0.051389903,0.055506505,-0.050369076,-0.027823498,0.04173096,0.053378783,0.0034102597,-0.043457635,-0.033765513,-0.09815888,-0.00058930647,0.018216036,-0.11067101,0.0023673028,-0.00010283524,0.005564843,-0.03796686,-0.058377545,-0.07067111,0.08023282,0.04185457,-0.059891034,0.09951006,-0.114242345,0.046051923,-0.12642813,0.060913205,0.0013742996,-0.026520414,0.06673366,0.058746256,0.049588922,0.07433018,-0.022527821,0.03335418,-0.043315653,-0.090114966,0.087004505,0.11092,0.05723604,-0.043077234,-0.089648105,0.0801027,-0.11133456,0.1204544,0.04765144,0.029300272,0.13439694,0.05559654,-0.008381042,0.0953376,0.038165245,-0.047672443,0.03506101,-0.062762715,0.062224414,0.07358398,-0.042695887,0.033270836,0.016316652,-0.043430895,-0.051813126,-0.050162017,-0.10929915,-0.0020735655,-0.014717553,0.002864596,0.0040814914,-0.049157374,0.0177523,0.018659912,0.005604784,-0.12692997,-0.071615465,0.018135084,-0.047218584,3.664801e-05,0.091334045,-0.03429948,-0.13839741,-0.09528448,-0.003943325,-0.116013974,0.0038175816,-0.03447251,-0.06523114,-0.030928865,-0.1035769,-0.12400132,0.057753183,0.097062826,0.013198788,-0.038618516,0.069061235,-0.015839864,-0.072647884,-0.101730466,0.044541538,-0.073491395,0.0036123868,-0.013082813,0.010435715,-0.03658271,-0.024892416,-0.0022038408,-0.010247179,-0.007611321,0.106557116,-0.029962365,0.10863618,-0.031992715,-0.021358429,-0.03997732,0.05590027,0.029712694,-0.068027005,0.025865614,0.11388929,0.007981592,-0.09958078,0.054326586,0.033100214,0.046471067,-0.122696094,0.009225033,0.0068984423,-0.0071833017,-0.048542753,-0.09307167,-0.12683031,0.06827786,-0.02120851,0.0011398129,0.02828497,0.060193855,0.1055661,0.0076767383,-0.032087967,-0.019781463,-0.013806639,0.05079395,0.115897804,0.0045348345,-0.025755951,0.08027467,0.08782667,0.048709217,-0.038372494,-0.037692,-0.043968786,-0.038557265,0.05979099,0.050403085,0.0071114134,-0.096159406,-0.022890836,0.037594467,-0.11301013,-0.010625129,-0.011301346,-0.010164179,0.08905408,-0.03696761,0.0048947185,-0.012844183,-0.012825374,0.078904174,0.043631658,-0.018043136,0.033133913,-0.049619466,0.0006911182,-0.08278282,0.07943788,-0.044362172,0.116432704,-0.09016229,-0.017309887,-0.008921389,-0.02182835,-0.08383593,0.063303515,-0.029527253,0.022413563,0.010231586,0.06361122,0.014915122,0.0722656,0.09815207,0.020884229,0.06660056,-0.07549116,0.0026806986,0.040863834,0.0953792,-0.057360224,0.028924376,0.15050775,-0.109206885,-0.0079139015,-0.02446574,0.0075405804,-0.009508535,0.12211123,0.058492355,0.013797997,0.014030278,-0.034025915,0.031772148,-0.06818585,0.042667836,0.06671155,0.090471715,0.00019051833,0.022426065,-0.014778229,0.0113040265,-0.008758702,-0.026804082,0.08240039,0.053233694,-0.04804328,-0.10231003,-0.09266311,0.042707544,0.052568033,-0.046929866,0.10049246,0.006801978,0.07867577,-0.007010501,-0.06718737,0.007755921,0.024303824,0.079276,-0.011012934,0.09920652,0.03412323,-0.097474635,0.06399888,-0.0028192936,0.04408344,-0.028882831,-0.074693836,-0.024919853,-0.071850166,-0.12223526,0.043240808,0.010150092,0.015360502,0.026135571,0.087287985,-0.065057494,-0.043089084,-0.060440496,MFB
-0.04287123,-0.0058004134,0.08379038,0.03650234,0.012725328,0.03184469,0.047479667,-0.043797232,-0.015393058,-0.039263256,-0.1029042,-0.012803054,0.053248905,-0.105632186,0.060230296,-0.015129642,0.022035522,-0.087952256,-0.057378434,-0.10128787,0.09444907,0.068162404,-0.06733914,0.06418477,-0.1491569,-0.0068070856,-0.057171494,0.059879787,0.011118414,0.032531492,0.07589215,0.110268,-0.009033533,0.09886277,-0.0369707,-0.056505546,-0.026493162,-0.0695156,0.022869492,0.13305014,0.0042891884,-0.0550658,-0.093013115,0.089514695,-0.07661565,0.12135332,0.011371064,0.027891833,0.11818132,0.030368106,0.03463278,0.07337306,0.031698935,-0.07385607,0.029811576,-0.07529972,0.064600915,0.09432708,-0.054183297,0.08151223,-0.012362583,-0.09189363,-0.057975158,-0.025465358,-0.07791829,0.033205003,-0.07767001,-0.013684463,0.0040713777,0.005968606,0.027835902,-0.07569836,-0.03483981,-0.11151889,-0.017826404,0.06903909,0.030727796,-0.011436441,0.06293786,-0.08220686,-0.11090716,-0.0567192,0.008960992,-0.14254707,0.0494729,-0.071697325,0.027681045,-0.0061381906,-0.09468502,-0.12918717,0.022739224,0.074558064,0.08934504,-0.05436383,0.07826914,-0.005362872,-0.098504655,-0.07910449,-0.008206028,-0.0565689,0.028552892,-0.064926,-0.009109117,0.0082623735,0.028413812,0.037636153,0.030803252,-0.05645012,0.09768996,-0.06870182,0.05650368,0.032277472,-0.023079004,-0.031412598,0.04513447,0.08066152,-0.05635091,0.024495287,0.09788714,0.02952009,-0.07785821,0.03249276,0.07235882,-0.0009910911,-0.09353627,0.03352201,-0.04185619,0.028783236,-0.04306557,-0.12993737,-0.17361274,0.026365208,0.036221765,-0.0053657508,-0.00661107,0.041162908,0.06896755,0.04276643,-0.06601287,-0.044492856,0.009929266,0.089623936,0.15010364,-0.0023608182,-0.04192084,0.034784302,0.02085949,0.025554221,-0.005758303,-0.009638339,-0.059316486,0.041524798,-0.00027561095,0.017478757,0.0620438,-0.07529428,-0.012342761,0.016076207,-0.08293025,-0.017791828,-0.03508528,-0.026667615,0.068948135,-0.02774549,0.026502535,0.010183158,-0.032556027,0.048448034,-0.013357722,-0.029933732,0.04670378,-0.06466992,0.012439783,-0.061934765,0.051679015,-0.06500166,0.0991009,-0.04834845,0.054251924,0.03629826,-0.0035260632,-0.11555727,0.06268525,-0.0708877,-0.07141788,0.061462663,0.02661967,-0.01911501,0.044037197,0.14889076,0.008667231,0.057279207,-0.11700776,0.0038916674,0.054127004,0.08465688,-0.025130231,0.06176126,0.1620117,-0.10152441,-0.013662304,-0.04739178,-0.032694668,0.003705009,0.07175698,0.051056527,0.027244296,-0.026401205,-0.024757968,0.056453485,-0.044229202,0.07558196,-0.016537486,0.08944262,0.056495,0.018434886,-0.021626309,0.022086697,-0.026792813,-0.029558714,0.05233544,0.012015008,-0.079042405,-0.03337567,-0.060169503,0.0062501514,0.035644688,-0.066642195,0.1248464,-0.0037822933,0.036917735,-0.031449452,-0.008628584,-0.05665135,0.07163037,0.13793853,0.003686983,0.024341715,0.06947845,-0.118479475,0.05304176,-0.009544349,0.052774213,-0.0509278,-0.0034869388,0.011655708,-0.022130951,-0.086266235,0.0489328,-0.007146145,0.01282698,-0.012165395,0.076036155,-0.09279626,-0.032931045,-0.073041186,MFB
-0.035925955,0.040175147,-0.12882596,-0.028598882,-0.01989705,-0.033184934,-0.13140988,0.066774726,0.016892072,0.0014093881,0.04204651,-0.011470613,-0.02751578,0.07284732,-0.07193325,0.033209126,0.13335547,0.08897521,-0.017135192,0.005971521,-0.047142535,-0.1269489,-0.035101138,-0.14870559,0.063480996,-0.028454894,0.025881773,0.0021367979,-0.004933964,0.094488785,0.016902652,-0.066848956,-0.030981429,-0.10332242,-0.020453826,0.011898932,-0.04334207,0.078825265,-0.13364261,-0.037176542,0.025681319,-0.011252074,0.058988556,-0.044824474,0.117316104,0.01868892,-0.08997594,0.028184317,-0.14365019,-0.002578363,-0.052515805,-0.042566124,0.024160799,-0.025426637,-0.036057405,-0.025144812,0.007518066,-0.00761301,-0.02322679,-0.016105484,0.0003559126,-0.09931667,0.059246086,0.094297424,0.14456941,0.060193405,-0.02725117,0.05443465,-0.011190809,-0.0024588816,0.0040938323,-0.033839658,0.018299129,0.05951038,-0.020053152,-0.030394716,0.0018935837,-0.05666648,0.011958431,-0.049866598,-0.022915466,0.03538903,0.008155856,0.14758581,-0.05990248,0.03937139,0.1068818,0.037359916,-0.0221945,0.07674292,0.011883004,0.047486164,0.038301818,0.019740341,0.047415234,0.081535675,0.06338773,0.042304076,-0.035944995,0.074965715,-0.08551861,-0.0433864,0.095691666,-0.007883988,-0.045050256,0.028371977,0.13469888,-0.03763796,-0.013695218,0.11206596,-0.0040883403,-0.00034347991,0.08859098,-0.006657179,-0.005234384,0.05443801,0.06771423,0.001978708,0.004825272,0.06526775,0.017304668,0.04631529,-0.026234867,-0.052245922,0.034711547,-0.093285784,0.04424749,0.027893227,0.027319558,0.024114285,0.016818337,-0.026553163,0.045799825,0.057226464,0.017147994,0.03747656,-0.07253024,0.096237734,-0.008380407,-0.098120935,0.0803062,0.0825294,0.009491301,0.058766045,0.04570586,-0.026047658,-0.056006543,-0.00012228568,0.08815721,0.083403006,0.022486027,-0.08122087,-0.012401121,-0.091197625,0.029010473,0.09094697,-0.112321064,-0.07469654,0.1049139,-0.062495492,0.0069959317,-0.056172267,0.027288053,0.06904558,-0.11574473,-0.052289974,-0.0186439,-0.061611272,0.050365888,0.08851348,-0.042666487,-0.085326925,-0.09592383,0.04246588,-0.05064167,-0.023288887,-0.15234736,0.026268497,0.0036694729,-0.00039150752,0.05128824,-0.010060659,0.016212381,-0.09230594,-0.01590854,0.12448278,0.04791984,-0.107289076,-0.06114289,-0.013568651,0.014346324,-0.06608743,-0.06674628,-0.012433356,0.07232626,-0.08488232,-0.04897398,0.004621396,-0.13217343,-0.024142578,0.02201122,-0.092869,-0.039658688,-0.09753061,-0.0672614,-0.034896433,0.006024326,-0.04229608,-0.0012799627,-0.012767764,0.1174728,0.04036352,-0.024189088,-0.15347034,0.030661803,0.07417915,-0.06527971,-0.012145403,0.00064977584,0.036385715,0.06495699,0.0051718177,0.035417236,0.017145917,0.008846999,0.07678943,0.032251716,-0.016588353,-0.010163628,0.06374731,-0.07635074,0.03250783,0.071849115,-0.013837792,-0.0410194,-0.043621458,-0.03477008,-0.083898924,0.0034633433,0.057691827,0.052644566,0.009862252,-0.03010191,-0.08797392,0.13618687,0.047012165,-0.051868282,0.02058771,0.09827386,0.06535052,-0.049165484,0.020245954,-0.09507609,0.06257119,-0.052458256,0.012061069,PkC_ss
0.027776483,0.07138471,-0.13445944,-0.04802078,0.029310815,-0.043331206,-0.052959494,0.0003921176,0.068647265,0.02338848,0.10519581,-0.029368436,-0.013707995,0.15225635,-0.023836821,-0.023907742,0.04658512,0.0910282,0.025986474,0.055694032,-0.09987666,-0.08135375,0.06610286,-0.0960529,0.16879061,-0.015461966,0.102573015,-0.035659026,-0.09902603,0.018744702,-0.061914362,-0.08838443,-0.05106602,-0.097125456,-0.0605904,0.016151566,-0.0047818655,0.09548927,-0.049905106,-0.08019611,-0.05239162,0.06764032,0.10102615,0.009288145,0.14153303,-0.06500855,-0.015505187,-0.01830907,-0.092143,-0.050099302,-0.038695127,-0.06864652,-0.027562078,0.06408818,-0.034385882,0.108423755,-0.05792221,-0.09829764,0.08072269,-0.0829332,-0.009455102,0.076288715,0.0397698,0.046709068,0.066823944,-0.008011452,0.03637314,0.026050087,0.012850863,0.087353885,-0.036479376,-0.01700367,0.01592238,0.12973374,0.0144999605,-0.03660432,0.053283706,-0.038747035,-0.08404813,-0.0048158914,0.09877899,0.05849749,0.0070790155,0.10087154,-0.07050431,0.018516138,0.04239078,-0.0023693305,0.02590023,0.12859167,-0.01999392,-0.02144793,-0.029671665,0.030123938,-0.07460362,0.07210479,0.04210277,0.0637848,-0.022106726,0.048731323,0.026000027,0.072156236,-0.0050932993,0.044667542,-0.048461117,0.0014984128,0.05177217,0.067292005,-0.13143218,0.03205669,-0.10925135,0.03608339,0.07125819,0.0010494515,-0.030822588,0.0015168535,0.11632587,0.0012333628,-0.09446388,-0.013564038,0.10536673,-0.027653687,0.032054763,-0.0017375953,0.0729374,-0.051085263,-0.009970995,0.0012997274,0.046876058,0.087090924,0.17449805,-0.037036218,0.029282626,-0.035640657,0.013100741,-0.03519979,-0.044724673,-0.045044914,0.014717608,0.027762633,0.0144668035,-0.019526696,-0.06691219,-0.046455946,0.008075539,-0.071422026,-0.044033147,-0.08882979,0.007605353,0.040490933,0.07057191,-0.024557797,0.022098314,-0.072916344,-0.032832332,0.12134582,0.030421823,-0.055566482,0.111777484,-0.07619372,0.019382123,-0.03288442,-0.061987415,0.049133502,-0.0044355923,0.036566235,0.058248106,-0.08296328,-0.0065348796,0.0024128582,-0.030810613,0.023813216,-0.06318639,0.050248682,-0.047011048,0.085789025,-0.14378515,0.11429241,-0.050085306,-0.0032097811,0.017836116,0.10045464,-0.066663906,-0.020768225,-0.014293222,0.030764401,-0.014546451,-0.02921607,0.005559653,-0.030848024,-0.01985462,-0.08648926,0.077056356,0.033967767,0.007562494,-0.021615319,-0.080814525,-0.06579045,-0.16961582,-0.002484612,0.033177394,-0.03148168,-0.035792325,-0.068608746,-0.11442984,-0.038713638,-0.032517936,-0.03332208,-0.045531046,-0.07852928,0.039301004,-0.05284754,-0.044733368,-0.16563448,-0.024224516,-0.03833226,0.01512431,-0.039611846,-0.00895174,0.074645296,-0.04913155,0.06972374,0.07315011,0.083477244,0.019039165,0.014564752,-0.012287238,-0.02812579,-0.061982043,0.007714739,-0.016065676,0.010636346,0.06570597,0.008751789,-0.033519074,-0.10366663,0.019800112,-0.022911776,0.0020763027,0.09947555,0.007177937,0.037416637,-0.06447512,-0.02214588,0.030667912,-0.008664263,0.045627624,0.04960663,0.0309444,0.041585077,0.028719228,-0.04164685,-0.08093832,0.05724371,0.033921666,-0.013511132,PkC_ss
0.003767652,0.01705353,-0.12888888,-0.03451106,-0.020727908,-0.04481052,-0.118234485,0.050435394,0.006958484,0.0162279,0.048493378,-0.00061061187,-0.03566812,0.069363706,-0.052404255,0.039319832,0.124221615,0.095700055,0.0075838966,0.022307202,-0.06512848,-0.12769169,-0.052825212,-0.13214296,0.058210958,-0.052658886,-0.002632563,-0.021789107,0.0089048995,0.09363036,0.014168885,-0.10493332,-0.02811386,-0.0913938,-0.0059520663,0.052874666,-0.027847746,0.09335396,-0.13348013,-0.040617064,-0.0012904196,-0.04693768,0.043172386,-0.076746084,0.107314676,0.010399943,-0.11212352,-0.015336147,-0.13973558,0.0160704,-0.07163705,-0.048699785,0.011573463,0.0014373073,-0.032696426,-0.057149667,0.009119189,-0.014701269,-0.046921242,0.014831079,0.012464759,-0.06402396,0.04010806,0.096821316,0.120360866,0.042388722,-0.027758364,0.040036388,-0.018313022,-0.046087045,0.010184534,-0.017921504,0.040726393,0.062314183,-0.0022049453,-0.041997313,0.00264605,-0.033463277,0.029587626,-0.054353654,0.018742971,0.049006224,0.010308878,0.16997036,-0.086914964,0.034844358,0.08656942,0.0588718,0.0057893572,0.08195092,0.03700494,0.031646576,0.058738396,0.03873139,0.030253109,0.09105813,0.09134069,0.04631057,-0.060662907,0.07229587,-0.09120694,-0.07324132,0.10208611,-0.033438705,-0.015494088,0.027595278,0.09670482,-0.034722965,-0.044427063,0.119169235,-0.034772653,-0.01166741,0.061368924,-0.008007016,0.008631168,0.03236574,0.065525234,-0.01066856,-0.015202094,0.0729292,-0.0007250551,0.034969345,-0.015730415,-0.05586306,0.067586355,-0.09921444,0.038050488,0.015145314,0.022618247,0.026648235,0.038182016,-0.0045794547,0.04848061,0.051847346,-0.011789417,0.040082276,-0.07603186,0.076884046,-0.017421488,-0.10105486,0.073744915,0.051838666,-0.016910307,0.08426435,0.06781019,-0.03790235,-0.054990254,-0.002171564,0.08698112,0.089847565,0.03343741,-0.067670785,-0.005208941,-0.07486488,0.042851634,0.093528,-0.08162293,-0.07283091,0.08395355,-0.040626004,-0.0126143955,-0.043980755,0.0190201,0.051070213,-0.105205685,-0.054548766,-0.014396561,-0.06405531,0.037347235,0.067299664,-0.033269696,-0.06655178,-0.04455263,0.047062643,-0.09122501,-0.030728094,-0.14403005,0.03572045,0.0006163073,-0.009329391,0.04366037,-0.011542685,0.006493097,-0.038679257,-0.008094462,0.12551607,0.032568097,-0.08448048,-0.05319983,-0.07768607,0.013603908,-0.06392321,-0.053998895,-0.06834593,0.03655715,-0.13024347,0.00011710636,0.062863894,-0.13869247,0.013935678,0.018208774,-0.09268768,-0.019389378,-0.09840262,-0.07666431,-0.0400799,0.008208415,-0.039732844,0.0003528893,0.015198482,0.14322999,0.03806609,-0.0015412502,-0.116164,0.0073973075,0.04006964,-0.0898577,-0.009963428,0.016220052,0.025122225,0.06552377,-0.02298051,0.034471534,0.01107802,0.049153432,0.07240203,0.033131763,-0.0009862853,-0.008361823,0.07264822,-0.056641303,0.025543947,0.08106406,0.007163708,-0.048035562,-0.05739874,-0.037451312,-0.08226885,-0.0027751313,0.056720216,0.031103507,-0.026008913,-0.040366337,-0.069454744,0.13799243,0.038987264,-0.045561142,0.08752692,0.09720367,0.087664105,-0.07255583,0.02382572,-0.0948174,0.07933465,-0.0073866267,0.03420323,PkC_ss
0.015524885,0.005180035,-0.074083775,0.014222687,-0.020322036,-0.04418797,-0.11653206,0.050519265,0.007983098,0.018444804,0.03228216,0.02127574,-0.026555475,0.034697153,-0.036747247,0.056169413,0.12353967,0.05819469,0.004153832,0.0027896212,-0.019958612,-0.0954874,-0.084809974,-0.10134882,0.02595755,-0.08048126,-0.018143592,0.003151582,0.033411197,0.10373315,0.026341021,-0.079237774,-0.034677282,-0.06800853,0.0005545388,0.02653771,-0.030587375,0.06779454,-0.15235922,-0.018253818,-0.0133522125,-0.0714,0.021619203,-0.093118995,0.084411465,0.01680105,-0.14076582,-0.0035200524,-0.12811969,0.042579286,-0.050908297,-0.029221173,0.008759664,-0.011531726,-0.03401573,-0.08133942,0.021615459,0.017731711,-0.07312319,0.042742673,-0.0056605637,-0.09652728,0.039453138,0.106357604,0.12125808,0.055971786,-0.04762428,0.031307787,-0.020695014,-0.050744105,0.004454418,-0.050106905,0.019266874,0.04079681,0.016091974,-0.026660133,0.010598195,-0.02577838,0.03854464,-0.06368719,0.0006191542,0.06280205,0.016716694,0.15175787,-0.05951243,0.015362218,0.09258148,0.08883533,0.015993271,0.05978971,0.04315112,0.01953971,0.085052714,0.04139465,0.06779126,0.08120485,0.072412536,0.03029064,-0.07601621,0.06160382,-0.101452485,-0.13565451,0.113192834,-0.032061644,0.022844646,0.04250709,0.07755062,-0.070401125,-0.00914821,0.108494595,-0.02046409,-0.005439329,0.04557286,-0.015789628,0.0046308073,0.037148066,0.03957566,-0.013322527,-0.0076180403,0.080066115,-0.026568223,0.03512352,0.00033670058,-0.07426874,0.06936337,-0.09791002,0.0016899728,0.0301707,0.002971828,-0.02596641,-0.032235473,-0.0068240515,0.06798591,0.073857605,-0.019278847,0.052474655,-0.07907134,0.10795807,-0.02034513,-0.117520064,0.08571899,0.0710692,0.002130995,0.09162934,0.06414721,-0.038060345,-0.057134874,0.020201452,0.08353615,0.09639482,0.007428841,-0.04454778,-0.024248999,-0.060638964,0.07841872,0.07863877,-0.09778012,-0.057626203,0.07613614,-0.02054514,-0.02040187,-0.03682772,0.03556256,0.06033572,-0.100439385,-0.060772013,-0.0349737,-0.055107832,0.019151527,0.047335614,-0.028511755,-0.08708917,-0.020992639,0.04480167,-0.09684843,-0.057602257,-0.11154422,0.013969693,0.024001326,-0.0005836687,0.043262597,-0.0617804,0.027399173,-0.027980827,-0.03603402,0.155245,0.03287171,-0.09033765,-0.055640824,-0.06338306,0.027382862,-0.030272998,-0.08409372,-0.084724784,0.04722689,-0.14332029,0.045089934,0.09237809,-0.080251336,0.033034336,0.019778432,-0.10936092,-0.025355961,-0.0782535,-0.067690134,-0.034307405,0.013985248,-0.03924857,0.008355305,0.047839444,0.15389529,0.059503265,-0.019473935,-0.07966793,0.026970387,0.038027585,-0.087079145,0.0099985,0.0027430663,0.010262681,0.07112865,-0.051530443,-0.0025629331,-0.0064762584,0.077776305,0.06804168,0.03225202,-0.008814261,0.013036175,0.05946706,-0.07443324,0.011558,0.07227097,-0.00743366,-0.04408566,-0.02385026,-0.02747149,-0.09935097,-0.0021214895,0.027345153,0.017871717,-0.056686014,-0.016780786,-0.07646235,0.15463725,0.055892088,-0.054723717,0.08580189,0.09344378,0.06951808,-0.0779116,0.015421616,-0.08524944,0.042291813,-0.017255042,0.03687744,PkC_ss
0.0062575657,-0.007205264,-0.060130887,0.0051759006,-0.028033812,-0.026528198,-0.11665757,0.062433258,-0.025519792,-0.011026988,0.026205836,0.011877438,-0.023597825,0.027654856,-0.044813596,0.08701888,0.10401278,0.06885491,-0.0035412973,-0.021976478,-0.0152930785,-0.08943166,-0.07390566,-0.07517083,0.029152958,-0.07632707,-0.046306722,0.002105353,0.06161435,0.079841286,0.037859425,-0.07844733,-0.009742242,-0.080465734,0.030914593,0.03430649,-0.034486655,0.060318064,-0.1393868,-0.021212474,0.0052579045,-0.066230126,0.020282242,-0.10076641,0.06825818,-0.000711916,-0.1346514,0.011584914,-0.13199607,0.05357469,-0.037135787,-0.027903438,0.014699894,-0.010578647,-0.036002003,-0.08177025,0.028768545,0.03454385,-0.06317896,0.058164332,-0.0032819358,-0.09261416,0.04058554,0.09465472,0.109972,0.03805694,-0.038914733,0.035793222,8.44989e-05,-0.06922199,-0.0010157168,-0.041148376,0.019296827,0.035856523,0.015685206,-0.040870793,-0.019867204,-0.014957639,0.0393864,-0.05532956,0.009948747,0.025380038,0.01078039,0.13906738,-0.061155092,0.017989403,0.08390699,0.08275589,0.011204165,0.06384613,0.05347736,0.017420886,0.057015046,0.05469883,0.08481307,0.084346786,0.06884979,0.05252485,-0.0522695,0.07162228,-0.119620785,-0.14052522,0.11052027,-0.040110484,0.03168235,0.011504151,0.059388004,-0.08524585,-0.0030695992,0.120980315,0.0007313937,-0.025635581,0.042548962,-0.02528629,0.008554757,0.012475524,0.037651986,-0.009609014,0.0028886292,0.08132157,-0.03446365,0.02882525,-0.01847606,-0.09286643,0.056812014,-0.115982264,0.01241592,0.042902634,0.019158114,-0.03424394,-0.01600734,0.020208381,0.056724727,0.07494717,0.005573392,0.063684076,-0.074061215,0.08935124,-0.021815624,-0.11216671,0.07435364,0.06948344,-0.009138394,0.0752639,0.061520904,-0.004387333,-0.057601076,0.03136622,0.07141207,0.08470383,0.021101352,-0.06076633,0.0021083092,-0.048823938,0.053795245,0.07702038,-0.10923229,-0.054255217,0.06832439,0.017419182,0.0047960775,-0.025674218,0.04279284,0.043858975,-0.10218142,-0.08792829,-0.012177704,-0.046181045,0.01733385,0.052863084,-0.046764154,-0.08348955,-0.011439654,0.04663597,-0.08855662,-0.05666188,-0.10434776,-0.0053063203,0.02172039,0.00280586,0.018987808,-0.07061498,0.045400858,-0.016326373,-0.03234906,0.13381615,0.033060983,-0.07394749,-0.061230987,-0.06745194,0.028522603,-0.027778473,-0.08949735,-0.10500738,0.045619667,-0.15844172,0.052120764,0.08454916,-0.06432407,0.032499302,0.017637875,-0.1097044,-0.031164907,-0.07143131,-0.037579738,-0.03809361,0.035162963,-0.030488279,0.015612813,0.049168985,0.15282023,0.043091603,0.002616935,-0.075945504,0.017950362,0.04419434,-0.084847875,0.022541184,-0.008108133,-0.0022569057,0.0631621,-0.054293066,0.0008610827,-0.015343166,0.07650176,0.06633215,0.052678008,0.011372794,0.0035317293,0.06719659,-0.06321399,0.011301951,0.048194714,0.011985041,-0.054138668,-0.045268897,-0.04026027,-0.10313836,0.0027575328,0.015896894,0.019269347,-0.07631461,-0.013547385,-0.040430848,0.13467076,0.055748835,-0.0615102,0.09619639,0.078491315,0.06498886,-0.10383977,0.009214956,-0.07275242,0.05718054,-0.0037333125,0.05453244,PkC_ss
0.020999787,0.034888756,-0.14830323,-0.041179404,-0.009892424,-0.059547957,-0.11293288,0.044466466,0.0245222,0.018526245,0.073978625,-0.005872741,-0.044683706,0.11898154,-0.057943262,0.026041782,0.1171729,0.10573048,0.030248765,0.035153493,-0.08288525,-0.11952092,-0.017871292,-0.15417159,0.106639534,-0.04492104,0.035582647,-0.02715151,-0.02744379,0.07774902,-0.00080196746,-0.10092892,-0.035747916,-0.10340577,-0.013727695,0.03893485,-0.028297033,0.11122732,-0.13458678,-0.05620195,-0.004308463,-0.013780778,0.068871,-0.065189116,0.1431377,-0.021922195,-0.0812581,-0.008927084,-0.15217689,-0.02683451,-0.0633031,-0.061519187,-0.00746675,0.026203357,-0.04071361,0.006482701,-0.011505109,-0.054175023,-0.0015359579,-0.02843437,0.013840998,-0.03513746,0.044102833,0.07148349,0.12760088,0.022056647,-0.010820694,0.02867128,-0.005867316,-0.00039389334,-0.0057115904,-0.009557091,0.034984455,0.09641492,0.011026473,-0.05186646,0.013837026,-0.04202483,-0.018831613,-0.03348206,0.054691568,0.07138639,0.005153361,0.17067395,-0.08907382,0.03937593,0.08108978,0.046190117,0.023345215,0.10052628,0.0048563383,0.014786027,0.007633686,0.028076569,-0.013153904,0.078019544,0.084226996,0.06087083,-0.039599054,0.08377455,-0.061518647,-0.016549164,0.055766262,-0.0055756466,-0.033236198,0.028145421,0.093211666,0.0070157014,-0.07721062,0.11002591,-0.061862174,0.01650833,0.06500855,-0.0012254615,-0.010908759,0.02464751,0.091323204,0.010531008,-0.062416796,0.05019147,0.04201044,0.009753311,-0.02755048,-0.03348131,0.081192695,-0.092290744,0.023844464,0.008426145,0.035285212,0.06815899,0.080224045,-0.03698025,0.035280548,0.045517482,-0.00704261,0.016741779,-0.090473734,0.052588947,0.0036461137,-0.07017468,0.06203602,0.025687737,-0.04014184,0.04612188,0.054589573,-0.068803474,-0.07056664,-0.03342365,0.08106552,0.07619404,0.051618278,-0.0484112,-0.0065812278,-0.08159311,0.025004338,0.09993372,-0.042131484,-0.08844182,0.10483019,-0.049455807,-0.011001421,-0.038325038,-0.019396916,0.05648082,-0.08552605,-0.03340473,-0.008932648,-0.07386456,0.038122434,0.06755313,-0.042617783,-0.042773467,-0.062104404,0.060876608,-0.08145608,0.010360824,-0.17522743,0.07116482,-0.021409258,-0.003599431,0.04379291,0.04139936,-0.026130721,-0.03758584,-0.017974589,0.080614775,0.021374632,-0.07892786,-0.051412236,-0.07505236,0.014584726,-0.08988434,0.0020316006,-0.038178995,0.021193068,-0.10583395,-0.017608047,0.02099863,-0.17828268,0.030359581,0.029960465,-0.057751723,-0.01778237,-0.07345184,-0.09897459,-0.054353833,-0.014156455,-0.04757621,-0.009035468,-0.0056575136,0.124161996,0.013066318,-0.03057225,-0.14545345,-0.00078791636,0.03221925,-0.059208706,-0.023641339,0.013981922,0.04016347,0.025157057,0.0032184115,0.06724616,0.054442443,0.043708302,0.05248221,0.019377466,0.010120406,-0.044084467,0.048875257,-0.04945617,0.027643848,0.08256598,0.0061661093,-0.038075965,-0.08682738,-0.021069277,-0.087206304,0.00023875153,0.09682599,0.022205854,0.007416116,-0.039506003,-0.06542625,0.12545982,0.028019603,-0.0202517,0.08795449,0.076856464,0.058696665,-0.057446823,-0.00036924426,-0.102025844,0.08844191,0.007053448,0.057757866,PkC_ss
-0.0795185,-0.019846471,-0.047770355,-0.028072711,-0.040465303,0.017917817,-0.11071725,0.17137942,-0.07309857,-0.0709463,0.01946739,-0.031679,-0.034774095,0.033243034,-0.10405103,0.09091979,0.058555853,0.08230889,-0.0259483,-0.063944034,0.038519435,-0.085127264,-0.015986722,-0.030506928,0.029078092,0.0039355215,-0.026430313,-0.022225976,0.064519696,-0.016980654,0.010217074,-0.03386372,0.049334973,-0.10512368,0.060609825,-0.006536192,-0.066330925,-0.019328978,-0.12776199,-0.04328882,0.0816065,0.0058481265,0.026812661,-0.04698758,0.038794257,-0.051892236,-0.07170894,0.10551746,-0.10165793,0.03136379,-0.0046090623,-0.02586272,0.051872592,-0.027877182,-0.022608915,0.008316237,0.038538244,0.07994729,-0.0055290367,-0.026093766,-0.001720433,-0.086634904,0.07266486,0.0445432,0.13699478,0.025417564,0.046468075,0.069331944,0.056463845,-0.015968382,-0.00073512876,-0.025872903,0.0012938723,0.04200202,-0.041236524,-0.059626333,-0.08798848,-0.040159434,-0.007105396,-0.009445057,0.0010782536,-0.05587148,-0.02097594,0.059497327,0.009448532,0.056335017,0.07497586,0.04062046,-0.0014615394,0.08836828,0.036355235,0.020180421,-0.038208336,0.051223822,0.08851438,0.07531373,0.033647727,0.061686616,0.021677619,0.10625537,-0.13862872,-0.050812736,0.09923824,-0.008811869,-0.0441511,-0.04961224,0.06911094,-0.08668463,0.04202791,0.12713015,0.11312312,-0.022921933,0.0736853,-0.036122814,-0.04114681,-0.036750168,0.029519686,-0.0002540392,0.010056492,0.035441644,0.039491896,0.032968666,-0.10596286,-0.10214754,-0.031852037,-0.112351954,0.077159315,0.07476236,0.07377206,0.0048695724,0.0100053605,0.016847739,0.03205107,0.07370232,0.08498727,0.06508729,-0.02762462,0.06790594,0.011447595,-0.07629647,0.032586627,0.11091149,-0.035008878,0.01442772,0.021419149,0.065047175,-0.060799427,0.070383534,0.0408507,0.03892682,0.047910146,-0.16183046,0.018119274,-0.072051704,-0.040180333,0.037591025,-0.13928325,-0.025653534,0.08462593,0.075451136,0.09335287,-0.019482546,0.03793688,0.037334047,-0.12938096,-0.118451625,0.06002287,-0.033784796,0.039035756,0.10727228,-0.0899092,-0.08152825,-0.07332042,0.04033801,0.035318572,0.011763832,-0.08256881,-0.075013876,-0.00297785,-0.012239403,-0.024157755,-0.029682621,0.09764306,-0.049946636,-0.0072575463,0.040744305,0.018537423,-0.06029348,-0.10752609,0.006548554,0.0125095565,-0.024223622,-0.07912223,0.011067926,0.08227269,-0.11652388,-0.020086465,-0.058935836,-0.030632777,-0.012406541,0.010179837,-0.085069805,-0.041198798,-0.049178824,0.018057628,-0.0116182575,0.047350314,0.03792316,0.050428443,-0.04297967,0.08404404,-0.013456169,0.02183529,-0.14562432,0.040344976,0.088795185,-0.00860683,0.015026588,-0.02303527,-0.025024544,0.043550417,0.009041065,-0.0018030494,-0.03801757,-0.015491341,0.039663352,0.04947993,0.047847897,-0.03631583,0.06920947,-0.06949005,-0.0054026037,-0.04883468,0.0633664,-0.067184284,-0.101074874,-0.04667797,-0.07045803,-0.026486287,0.036762908,0.042630292,-0.08094186,0.030590056,0.03364982,0.06824109,0.059113342,-0.0710928,-0.012651017,0.012811113,-0.0015221714,-0.07147625,-0.008623111,-0.052023694,0.1066182,-0.06367801,0.06691471,PkC_ss
0.02915122,0.0054088356,-0.08179392,0.009518851,-0.03519316,-0.050541602,-0.12321597,0.04300165,0.011987241,0.033759937,0.02908945,0.016822992,-0.03136774,0.030350015,-0.041371636,0.049023796,0.103622735,0.05326789,0.0028324097,0.011492282,-0.030323591,-0.09440606,-0.084066235,-0.10096528,0.018330391,-0.06965712,-0.023129713,-0.008325373,0.04176926,0.1128972,0.01775969,-0.10722836,-0.031824876,-0.06988305,0.014595678,0.02405916,-0.032562822,0.07733865,-0.13933986,-0.02378763,0.0010793498,-0.0730564,0.017816106,-0.09391641,0.07495426,0.014550193,-0.14227681,-0.015849195,-0.13101164,0.037098076,-0.056164593,-0.040184043,0.018538512,-0.010321249,-0.035088092,-0.10067202,0.026050199,0.011099099,-0.078253135,0.039040845,-0.0068866634,-0.07346703,0.050159737,0.10988048,0.12240426,0.058057036,-0.035098486,0.03311909,-0.03685277,-0.060011826,0.007905422,-0.033032462,0.030293532,0.047307245,0.0034252184,-0.027216855,0.008686691,-0.024330992,0.05084713,-0.035302524,0.0032707863,0.06571221,0.008649245,0.17410772,-0.067787364,0.029108552,0.077188954,0.08737339,0.02417893,0.06015349,0.05728153,0.020588867,0.07815375,0.044311572,0.060447067,0.08051771,0.08956053,0.03250181,-0.07254831,0.050774463,-0.10914306,-0.12501872,0.11473712,-0.041753713,0.012018282,0.02918552,0.057952244,-0.0620299,-0.015041572,0.111424,-0.020292696,-0.01739603,0.035277482,-0.012128479,0.00052865874,0.01951901,0.03601761,-0.030116983,0.0012461115,0.084428705,-0.041916013,0.039961353,-0.01873768,-0.069537446,0.07541306,-0.0967865,0.024703283,0.019229962,0.011842034,0.0025604144,-0.020646852,-0.0037221194,0.062453777,0.06739134,-0.025597647,0.042099282,-0.08249807,0.1023122,-0.015167767,-0.12212983,0.07519171,0.053956743,-0.015631706,0.11024332,0.065376654,-0.02945711,-0.048456445,0.026804835,0.090441465,0.09259194,0.014414412,-0.051260784,-0.032752644,-0.053275913,0.07011674,0.07613358,-0.10353708,-0.038311176,0.07288122,-0.023090191,-0.021150397,-0.030320287,0.042666197,0.055538855,-0.09991595,-0.07523619,-0.0432204,-0.04487797,0.026612505,0.04891646,-0.027908899,-0.0789767,-0.006385256,0.045551255,-0.09184177,-0.05320761,-0.11160274,0.011123936,0.027400356,-0.00022572349,0.055451676,-0.055221852,0.026952732,-0.0071841,-0.013576278,0.13460901,0.034390308,-0.08477636,-0.06401545,-0.08530046,0.021282073,-0.031008057,-0.080171615,-0.08999464,0.025591373,-0.16454643,0.064475045,0.09810965,-0.08483908,0.03940894,0.025916805,-0.09784427,0.00058367965,-0.08075848,-0.062993996,-0.050522726,0.021985115,-0.036360435,0.008497482,0.040366605,0.149279,0.066006556,-0.002331995,-0.06232764,0.011231643,0.035021707,-0.09466471,0.005975211,-0.001364551,0.012962806,0.07512078,-0.051977895,0.022231845,-0.009482842,0.079521276,0.06773083,0.031189397,0.0071198847,0.0062337006,0.05666466,-0.08192262,0.028796103,0.06731013,0.008108707,-0.057708435,-0.026997728,-0.04001154,-0.09747797,-0.027739536,0.02676196,0.0073540495,-0.051674884,-0.022037845,-0.06952824,0.14884888,0.044627972,-0.061887693,0.101985276,0.091061115,0.07146854,-0.075344354,0.048302695,-0.100356035,0.050267823,-0.015283116,0.044244826,PkC_ss
0.084816344,0.011882634,0.07511552,0.09787667,0.051796965,-0.040064096,0.09090011,-0.102629855,0.07740185,0.088088095,0.039370015,0.053949323,-0.00067717594,0.0057016383,0.07131368,-0.0736959,-0.06360937,-0.10179731,0.08778839,0.10315576,0.025915794,0.07117133,0.05753825,0.011522756,-0.0011920643,0.007090631,0.118348,0.011713322,-0.055733923,-0.02273148,-0.04667202,0.043436047,-0.048232414,0.07391763,-0.009738524,-0.055021472,0.08007103,-0.007884573,0.04712055,-0.05384893,-0.083524436,0.034754377,-0.0017395855,-0.013076933,-0.01807932,-0.048362203,0.04816372,-0.06583844,0.037888385,-0.057716317,0.02882259,-0.011845807,-0.077363126,0.03679794,-0.0046816245,0.093178585,-0.07799022,-0.06771577,0.01588022,-0.058152385,-0.02597885,0.083508104,0.0066701365,-0.04464014,-0.0144013,-0.03747662,-0.012955996,-0.09003928,-0.06826426,0.066693045,-0.0031090062,0.023726473,-0.014451387,0.0321449,0.05283843,0.07391126,0.07253447,0.04030487,-0.04476025,0.037822455,0.054811556,0.100426376,0.025250424,-0.026064849,0.06886212,-0.06889038,-0.050106164,-0.00010329578,0.08100468,-0.020181537,-0.1114926,-0.0787958,0.028655421,-0.019526802,-0.11353856,-0.101025455,0.00036985334,-0.03798499,-0.049221568,-0.05760558,0.105281845,0.040432304,-0.10008404,0.089253254,0.045675628,0.07648989,-0.072415546,0.07556885,-0.022681255,-0.14088762,-0.10552537,0.0521499,-0.039074793,0.06586759,-0.024415394,0.014882947,-0.03641546,-0.041489966,-0.07914369,-0.042562596,0.03611725,-0.056968667,0.04604733,0.09479684,0.07680785,0.119002126,-0.09351054,-0.044366006,-0.060009103,0.046546154,-8.6446526e-05,-0.09935382,0.0029446518,-0.04262308,-0.110778764,-0.10070117,-0.0008290354,-0.03453778,0.015472704,0.10749127,-0.019862575,-0.12025285,-0.017371774,-0.03779441,-0.018427582,-0.09197147,-0.003763114,-0.0436272,-0.03956618,-0.051413976,-0.044247404,0.120472774,-0.09758707,0.03528595,0.04203204,-0.024713188,0.10547188,0.042816244,-0.019070545,-0.005885977,-0.04845147,0.035088647,-0.11047183,-0.022655342,0.11785809,0.11618225,-0.01850297,-0.018144047,-0.047616437,-0.08633657,0.05016049,0.07385382,0.06393769,0.00721907,-0.019428093,0.0010390631,0.05805465,0.07857779,-0.0069467453,0.026044488,0.025279682,0.08020016,-0.07955107,0.0496832,-0.013517665,-0.06582587,-0.023200355,0.05758387,0.031067327,-0.038211443,-0.015051894,0.02821397,0.13180405,0.066617556,-0.06042604,0.07803097,0.06428282,-0.028292332,0.0036299168,0.08223079,-0.006486822,0.092412345,0.043196462,0.10897927,-0.0620109,-0.0045655137,-0.087621376,0.032531746,-0.009399444,-0.008785379,-0.072793044,0.0024421865,-0.08473962,0.090576306,0.00019289693,-0.085781336,0.04383501,-0.041168384,0.03672712,0.014914904,-0.09741309,-0.03346885,-0.0029779319,0.076276764,0.04495947,-0.09079341,-0.12604702,0.00812055,-0.037318368,-0.084394544,-0.012615258,-0.051808745,0.03658396,-0.06486496,0.041928105,0.0596606,0.080479994,0.031392872,-0.0067394725,0.007221208,-0.08689326,0.06464471,-0.025736794,0.024226213,-0.03547945,-0.03518597,0.0881757,0.01947431,-0.073345885,-0.06636997,0.13128342,-0.035955105,0.00066616246,-0.10505943,0.033022195,-0.03084546,PkC_cs
0.065387756,0.012109775,0.0767699,0.07276988,0.056559015,-0.025842851,0.099433675,-0.09103491,0.057997275,0.05546603,0.025614595,0.041975804,0.003657428,0.010339759,0.0664776,-0.06850868,-0.06715402,-0.08750212,0.08147189,0.08254106,0.029556036,0.08376853,0.0631637,0.03262644,-0.004755875,0.00882296,0.10839762,0.014263522,-0.05686391,-0.05357202,-0.040521614,0.061579324,-0.031953327,0.07548937,-0.008750387,-0.048990846,0.07810587,-0.030869443,0.07347415,-0.040799923,-0.073715076,0.047577873,0.0010660759,0.0027142707,-0.033066858,-0.05264901,0.069928356,-0.042707026,0.055162065,-0.051988564,0.038803775,-0.0017281431,-0.069236934,0.03920133,0.00469132,0.10517833,-0.07423748,-0.058218412,0.032672726,-0.05651526,-0.016542928,0.08001149,0.00043298956,-0.06775047,-0.03405891,-0.04270456,-0.008203972,-0.08874631,-0.043907173,0.0743677,-0.002713125,0.028785052,-0.020603368,0.019983444,0.05012509,0.062633015,0.05045609,0.044943176,-0.0475238,0.02572395,0.04815245,0.062082402,0.019018289,-0.06133115,0.07164463,-0.06902488,-0.05533121,-0.0080066845,0.067076236,-0.020360388,-0.10468367,-0.073194146,0.005724586,-0.022879373,-0.11234024,-0.10206327,-0.020180188,-0.027499104,-0.02218469,-0.05504526,0.10951358,0.060352147,-0.107786715,0.08485805,0.032298647,0.06110753,-0.07511677,0.07744601,-0.017347751,-0.14329715,-0.08409157,0.05520414,-0.031316664,0.056104824,-0.023700232,0.009197506,-0.028448772,-0.025244232,-0.07055992,-0.05773722,0.045851633,-0.0675971,0.04144149,0.09295665,0.05061107,0.12007038,-0.092843354,-0.036309447,-0.057683095,0.03563548,0.008399769,-0.08260557,-0.004106597,-0.043981664,-0.096098974,-0.09078349,0.017220546,-0.050657984,0.01720096,0.121426396,-0.030765176,-0.11260116,-0.012547927,-0.059326287,-0.030899977,-0.07275343,0.0014311234,-0.04161116,-0.060449,-0.06047698,-0.04020915,0.105003476,-0.07152054,0.046595335,0.017982762,-0.03961808,0.10862239,0.041480914,-0.03216681,0.0069651343,-0.027858164,0.032414816,-0.1075273,-0.03925888,0.11673431,0.11422421,0.0058841854,-0.0071257306,-0.051547095,-0.07992606,0.047491252,0.07326637,0.061040804,-0.005461312,0.0016035796,0.015430386,0.07373143,0.06125301,-0.016033942,0.01832657,0.0077111665,0.07289087,-0.06926913,0.037014656,-0.0164076,-0.072981186,-0.02431159,0.06475927,0.04428592,-0.01927807,-0.017483825,0.02780287,0.13404052,0.07302392,-0.04253588,0.096804224,0.035676815,-0.05036266,0.021156482,0.06393582,-0.015720703,0.09994796,0.023833867,0.11319889,-0.039628252,0.017798332,-0.07596039,0.039972797,-0.012655046,-0.016829576,-0.09049502,-0.013295385,-0.07043995,0.082483575,0.00023295451,-0.08544491,0.05633595,-0.036875457,0.032516617,0.010256651,-0.09971225,-0.018606719,-0.0129396785,0.0646918,0.020165738,-0.09664344,-0.10761484,0.013365872,-0.026285902,-0.08020429,0.009941455,-0.053740144,0.018095473,-0.055442728,0.05083705,0.054770958,0.08171648,0.04544279,0.0004439,-0.004051621,-0.07434882,0.052247606,-0.017855033,0.045291632,-0.06701933,-0.035850648,0.09144899,-0.0044359723,-0.081702545,-0.06847661,0.11957475,-0.054907013,0.024081457,-0.10119471,0.031124076,-0.04090631,PkC_cs
0.09365189,0.010980749,0.06602195,0.103909016,0.046977103,-0.048008464,0.08252879,-0.09955162,0.08153668,0.1030744,0.042627312,0.06269131,-0.010343222,0.0065883296,0.065378994,-0.0787783,-0.059348952,-0.09756456,0.09271066,0.111955255,0.021280434,0.065516606,0.059986465,0.002976412,0.0018931716,0.01138205,0.11632186,0.0070969947,-0.053143285,-0.009231876,-0.05138985,0.027290598,-0.056630954,0.072179675,-0.009091276,-0.051476367,0.07936545,0.002128909,0.042010836,-0.056812502,-0.077359706,0.030957516,-0.003360041,-0.024822421,-0.015472185,-0.04676047,0.040827475,-0.07331,0.029661449,-0.06239623,0.01945629,-0.011770483,-0.08070725,0.037937496,-0.01316197,0.08331874,-0.07905259,-0.07746311,0.004797583,-0.05943658,-0.029016403,0.088151366,0.0067328783,-0.034721453,-0.007363476,-0.037097298,-0.010140199,-0.0895133,-0.07537108,0.06285721,-0.0011364821,0.034582406,-0.0077917925,0.037144445,0.05218301,0.07361083,0.074919954,0.03374251,-0.042381935,0.046159647,0.056566406,0.11579424,0.02995057,-0.0060418695,0.06403733,-0.055871904,-0.056753732,0.0024388884,0.08917974,-0.017175684,-0.10870573,-0.0779082,0.024432555,-0.013242045,-0.11723877,-0.10466115,0.007881324,-0.043301627,-0.05206213,-0.06166201,0.0988232,0.034711696,-0.087616846,0.082121186,0.04093045,0.07502575,-0.0758913,0.076815315,-0.024340477,-0.13321224,-0.10809375,0.041457348,-0.041289747,0.06901248,-0.020823546,0.014985234,-0.039905258,-0.047620106,-0.080611795,-0.039973132,0.032150358,-0.0547171,0.047115088,0.10189739,0.08406858,0.11496642,-0.091035426,-0.052631773,-0.06240941,0.054086477,0.004748223,-0.10203651,-0.0014289455,-0.042653654,-0.11759123,-0.106465146,-0.0092855925,-0.025611218,0.017278958,0.10565893,-0.015194499,-0.1289921,-0.026054164,-0.028345078,-0.012091709,-0.0944874,0.0014700154,-0.042856123,-0.032361723,-0.0465952,-0.04309318,0.12199508,-0.10645786,0.032705303,0.047917813,-0.018203318,0.10950306,0.041141786,-0.016349185,-0.00922153,-0.053909637,0.039440982,-0.10817778,-0.018568393,0.11615251,0.11672743,-0.031680435,-0.020748693,-0.041277736,-0.08787651,0.05327775,0.07295237,0.06437164,0.008289401,-0.027663052,-0.0019312156,0.048261154,0.08198682,-0.0097140465,0.022648241,0.030322488,0.0879559,-0.081786826,0.06174943,-0.001033634,-0.063781485,-0.020246912,0.053463753,0.025055991,-0.053764973,-0.018354248,0.03068706,0.13340238,0.060137544,-0.069649264,0.06565456,0.073048204,-0.016657544,-0.010337894,0.09494817,-0.007374026,0.09114289,0.052707005,0.1033687,-0.064163655,-0.011336194,-0.08847827,0.033871017,-0.0011479845,-0.0064825625,-0.071831435,0.00953276,-0.07776107,0.08948091,-0.00707764,-0.08446375,0.04011634,-0.04056271,0.03555107,0.016320907,-0.091727,-0.030630145,0.004617856,0.07212973,0.05277173,-0.08901146,-0.12507735,0.0070079872,-0.045422137,-0.08970761,-0.013766052,-0.047617108,0.040728122,-0.06487697,0.029645117,0.05641338,0.079610266,0.03372719,-0.019485021,0.015686344,-0.0902129,0.068833604,-0.03185661,0.016297212,-0.024976198,-0.03415404,0.07987612,0.030010452,-0.0683398,-0.058636338,0.13264713,-0.023396432,-0.007804149,-0.10204519,0.02844472,-0.024401061,PkC_cs
0.100520745,0.0012154924,0.06510621,0.09804128,0.042377826,-0.044060204,0.077263296,-0.110866435,0.09075385,0.10925254,0.038720198,0.058115605,-0.0072634607,0.0035197209,0.07386908,-0.07217597,-0.05403187,-0.089222424,0.08868262,0.11100283,0.007957097,0.06815977,0.051849294,0.0060163583,-0.00267529,-0.00065438636,0.11513558,0.0032545167,-0.05148212,-0.009394534,-0.05570209,0.0240601,-0.061013103,0.07511692,-0.012875812,-0.039160922,0.079122245,0.007186516,0.03433314,-0.056263153,-0.08319308,0.014946324,-0.008217743,-0.03215993,-0.012460122,-0.030240942,0.038697504,-0.08025697,0.029570531,-0.051223956,0.0129089635,-0.0053904853,-0.07639012,0.039891515,-0.007860696,0.06789531,-0.07762365,-0.07264078,-0.009638173,-0.051325344,-0.020562686,0.07629439,0.005707171,-0.026805878,-0.013904933,-0.034899965,-0.010581525,-0.094346,-0.07927165,0.04810725,0.0013925832,0.03242629,-0.012267577,0.03290709,0.055522557,0.075796634,0.07794911,0.039015695,-0.029557146,0.04241892,0.049982585,0.11371663,0.02689351,0.00019849511,0.05159592,-0.04690955,-0.04969538,0.0077887876,0.09009349,-0.03284453,-0.10414353,-0.07549677,0.035768345,-0.017590277,-0.11713461,-0.09708431,0.005868993,-0.05118519,-0.05601204,-0.06823377,0.104456194,0.02836459,-0.087140754,0.077567875,0.04656203,0.08022312,-0.07540678,0.072049774,-0.018983252,-0.12439252,-0.116535984,0.044710346,-0.042330742,0.061987273,-0.022448529,0.012955022,-0.035947554,-0.047166765,-0.07890256,-0.030214235,0.023708872,-0.060420543,0.05143272,0.0962887,0.0969606,0.11088908,-0.092399046,-0.053707883,-0.060209267,0.04380395,-0.004739585,-0.099000424,0.005258963,-0.039589338,-0.112902105,-0.10741466,-0.016489297,-0.017902745,0.012096088,0.105581686,-0.010881438,-0.14041297,-0.018951738,-0.030459393,-0.0057742298,-0.10132818,0.0029756245,-0.04335901,-0.034843102,-0.030120876,-0.047236085,0.14043476,-0.10143517,0.041565474,0.052724823,-0.012272954,0.10416441,0.030672152,-0.015202189,-0.015463424,-0.0644884,0.039941784,-0.106003,-0.01560954,0.12166695,0.12374277,-0.03324059,-0.024018485,-0.044776395,-0.086049944,0.05791712,0.073829375,0.06752299,-0.0006715439,-0.041347407,0.0040117237,0.050823186,0.086441614,-0.0071113645,0.027238995,0.02834927,0.08307428,-0.08352415,0.06806417,-0.0039458205,-0.059372663,-0.023327697,0.056209616,0.032258727,-0.057329245,-0.014300805,0.025435284,0.11955899,0.053995136,-0.07176809,0.069226086,0.07302581,-0.0055955946,-0.01231795,0.09801283,-0.003480032,0.088228,0.057061788,0.09979266,-0.08645515,-0.0033110315,-0.08930074,0.021484483,-0.0035398484,0.004718932,-0.059516296,0.008060308,-0.07694559,0.09245074,-0.010326805,-0.079070434,0.030728176,-0.043342214,0.03529849,0.018843748,-0.080267064,-0.042570826,0.004177101,0.07400356,0.062767915,-0.07937488,-0.12271893,0.0108625665,-0.04759053,-0.083106115,-0.012324186,-0.049138613,0.039669663,-0.06931543,0.03236925,0.063999295,0.07854766,0.023291862,-0.015172628,0.019466914,-0.08650604,0.06669927,-0.036407605,0.0036607278,-0.011527239,-0.03632948,0.08070512,0.048685834,-0.062395297,-0.05437664,0.12292331,-0.019599155,-0.011907235,-0.105859265,0.032004204,-0.022800509,PkC_cs
0.09745435,0.0007096026,0.075897515,0.10228551,0.050502248,-0.04444986,0.08819942,-0.114954345,0.0775725,0.110192895,0.030405506,0.06470642,0.0011787454,-0.016291194,0.07703501,-0.07673463,-0.07110931,-0.113988265,0.08355436,0.10689595,0.0211308,0.075432144,0.05331936,0.013379183,-0.015366993,0.019052831,0.09512597,0.013126008,-0.054737315,-0.0048851254,-0.044220638,0.029850565,-0.050761458,0.09109551,-0.010275686,-0.05161413,0.087570176,0.0044216793,0.055122174,-0.04246302,-0.07903936,0.023829836,-0.024922594,-0.016226135,-0.03742958,-0.018864151,0.048677493,-0.08084008,0.04796377,-0.052943625,0.013065458,0.005769365,-0.08688663,0.032179687,-0.006776446,0.06887045,-0.07325302,-0.06965563,-0.0018813421,-0.04577902,-0.026660811,0.074335575,0.0023490235,-0.033489242,-0.029897414,-0.037843473,-0.013302853,-0.093655296,-0.07359268,0.049502503,0.0050329613,0.037729546,-0.005451698,0.018914083,0.043126382,0.08038403,0.07755243,0.035994966,-0.022615796,0.050060462,0.03708093,0.109436534,0.026214646,-0.013301692,0.055572696,-0.049177,-0.0697681,0.0003190972,0.07472728,-0.04270935,-0.10718332,-0.0754243,0.032234736,-0.012241401,-0.11265076,-0.10633715,-0.002413367,-0.067558646,-0.049968034,-0.08579707,0.101248845,0.026056603,-0.09416844,0.06795251,0.043180887,0.07406629,-0.08544178,0.06899653,-0.01132728,-0.13512623,-0.0975064,0.034454234,-0.054063834,0.06118656,-0.0028905573,0.015179339,-0.05031957,-0.045827523,-0.06376876,-0.030126853,0.013299417,-0.037665162,0.046309095,0.10748812,0.077457964,0.113024615,-0.0922626,-0.06445734,-0.070188165,0.037701316,-0.014242873,-0.096497,-0.00014401921,-0.04443473,-0.10841969,-0.10836392,0.004049159,-0.019035991,0.0091974605,0.100704685,-0.0164724,-0.13431737,-0.012959144,-0.036917992,-0.0030006564,-0.08875414,0.016859107,-0.037436962,-0.035311703,-0.0474971,-0.047730837,0.14083803,-0.10052082,0.042326346,0.053364873,-0.02617277,0.10901772,0.04263805,-0.035851017,-0.016011164,-0.06419399,0.04438137,-0.09393137,-0.028920528,0.12188029,0.115407854,-0.039005525,-0.012323748,-0.038985327,-0.08679902,0.057787508,0.07987787,0.07695506,-0.011538537,-0.028408093,0.0014769029,0.075880185,0.07609101,-0.0056079132,0.023982974,0.03726107,0.07295258,-0.08674473,0.070445105,0.004894753,-0.058217153,-0.0123273665,0.06561043,0.036273696,-0.049264647,-0.013793976,0.03911997,0.11251636,0.052312046,-0.07518246,0.067826435,0.07239324,0.0043115537,0.0041350843,0.093706034,-0.014390701,0.09205421,0.05226292,0.102024324,-0.058942437,-0.0022965234,-0.09103605,0.02898057,-0.0010282523,0.00055993465,-0.07414308,0.020372622,-0.07195726,0.113709,-0.017017199,-0.08401333,0.030157298,-0.041134983,0.035968855,0.01085484,-0.0870596,-0.038211927,0.007974285,0.06471008,0.042435247,-0.08300758,-0.11331668,0.007316116,-0.033699982,-0.08812735,-0.002861342,-0.04483894,0.033669595,-0.075056866,0.03360347,0.07961945,0.075353146,0.036665842,-0.012838271,0.010076089,-0.09760181,0.07614147,-0.02994772,0.0041195713,-0.028112782,-0.038071346,0.07400112,0.01705519,-0.05948175,-0.049791455,0.13538563,-0.009073227,0.00047516427,-0.1133454,0.037850134,-0.028952623,PkC_cs
0.07060798,0.007926681,0.078731865,0.08146952,0.056876674,-0.022325497,0.09900288,-0.0883614,0.06188368,0.06644234,0.033072554,0.047314897,0.0027210922,0.008773224,0.07189327,-0.07148902,-0.074410014,-0.08784713,0.08568401,0.08643267,0.02773447,0.079613745,0.06550692,0.032929767,-0.0005073659,0.008896554,0.11223222,0.005158241,-0.059105825,-0.04910162,-0.046175223,0.05782794,-0.0327893,0.07733239,-0.00896276,-0.044711865,0.08019568,-0.023730077,0.06447258,-0.04554479,-0.07577851,0.041369688,-0.0031343312,-0.0018458134,-0.031340923,-0.051907845,0.06328944,-0.050060477,0.048585124,-0.049047418,0.035202608,-0.0032638279,-0.072151825,0.040365748,-0.0022941297,0.10152449,-0.079462916,-0.062436413,0.029792314,-0.057669505,-0.020805629,0.083371475,-0.0028046235,-0.059524685,-0.033504747,-0.042368423,-0.004069198,-0.092035085,-0.04717465,0.0663265,-0.005743147,0.028508566,-0.01628609,0.022960465,0.052892655,0.06512472,0.05651502,0.04350067,-0.04942636,0.03232728,0.056645833,0.075011626,0.018396454,-0.053778887,0.071216,-0.0663912,-0.052671783,-0.0072956374,0.07561773,-0.026646174,-0.10794163,-0.074645,0.010263916,-0.017112114,-0.11611922,-0.09705964,-0.017962668,-0.03500793,-0.02902142,-0.058360398,0.1096232,0.05298606,-0.10756728,0.090631254,0.035801914,0.06544,-0.07262361,0.07955306,-0.014362761,-0.14177799,-0.09115262,0.05315008,-0.034320608,0.058366902,-0.02138139,0.0062506353,-0.03466951,-0.03287448,-0.07560047,-0.05033529,0.045058977,-0.06322944,0.045445733,0.091322824,0.06307275,0.120364055,-0.09446496,-0.035997953,-0.056414016,0.038560305,0.012093451,-0.08446677,-0.0057807094,-0.044191428,-0.09948961,-0.099465124,0.0098479595,-0.052574813,0.014121734,0.119979724,-0.029986922,-0.121356815,-0.020102266,-0.057700433,-0.027602036,-0.075677045,0.005214306,-0.043950826,-0.060402527,-0.05477252,-0.042653825,0.10925616,-0.080391005,0.04144355,0.024493298,-0.03505809,0.11436698,0.03842572,-0.026094638,0.00744492,-0.031974576,0.0351946,-0.10973535,-0.030943206,0.12376355,0.11482033,0.0030351435,-0.012356322,-0.050196767,-0.08113481,0.046202336,0.07840802,0.06417727,-0.0010642288,-0.0068504666,0.016999658,0.07360272,0.06863839,-0.01780348,0.020204144,0.0056486833,0.08144436,-0.06774616,0.045193464,-0.0060656816,-0.07679521,-0.030377824,0.06518541,0.041110832,-0.02540368,-0.018911133,0.025090579,0.12853158,0.070536256,-0.04988906,0.09615444,0.04328204,-0.04491394,0.013341431,0.069940254,-0.011570433,0.09618418,0.028994605,0.10979241,-0.049106628,0.01066187,-0.08640289,0.037016734,-0.009772534,-0.017840084,-0.085903995,-0.01662229,-0.07412388,0.08653845,-0.0037212772,-0.08635835,0.05702317,-0.03850787,0.036832288,0.015323271,-0.09670364,-0.01754881,-0.012957388,0.06506137,0.03054554,-0.09553234,-0.11823648,0.0070797377,-0.037691806,-0.077538,0.005595807,-0.05627257,0.020176949,-0.055989146,0.047406517,0.04987347,0.08211288,0.041487724,0.00077364966,0.0011233333,-0.08026525,0.055092067,-0.021740062,0.040095232,-0.060183115,-0.040087067,0.08545911,0.008590858,-0.07564952,-0.06447251,0.1240509,-0.05031216,0.020426141,-0.09621443,0.03364605,-0.036700238,PkC_cs
0.08639066,0.020459583,0.043823138,0.047966503,0.055133216,-0.040207364,0.08349366,-0.11343148,0.07670595,0.09285538,0.046330675,0.053357355,-0.011352219,0.033874996,0.0702181,-0.0892561,-0.047426336,-0.07612467,0.09346395,0.12108654,-0.0063025006,0.057363156,0.06583725,0.0017505459,0.011481931,0.012208918,0.11164586,-0.0056215655,-0.06739278,-0.02863304,-0.046185575,0.021448528,-0.039756574,0.06363762,-0.015728422,-0.0047788164,0.09145293,0.014792763,0.07830435,-0.06872776,-0.08280421,0.032257985,0.0064601176,-0.019326732,-0.002705012,-0.036252752,0.06304324,-0.085976034,0.035601366,-0.050601013,0.00066520553,0.0078318985,-0.08549956,0.065093316,-0.0032860306,0.0842527,-0.09614488,-0.08594819,0.022990797,-0.062047143,0.0038843928,0.07752502,-0.0035519318,-0.029347759,-0.0415417,-0.03396042,0.0025944933,-0.0950206,-0.058306575,0.0505666,-0.0038995156,0.046358924,0.0044949003,0.03805136,0.059417024,0.04656151,0.07554504,0.039086923,-0.026599951,0.042848125,0.052142024,0.09923225,0.016852966,0.014151012,0.015430058,-0.04704726,-0.05405754,-0.008623602,0.08438248,-0.030537408,-0.09890424,-0.06948659,0.008717353,-0.0072546136,-0.13596112,-0.07932455,0.012491625,-0.030062746,-0.03361655,-0.059688594,0.104468495,0.05145979,-0.09477382,0.063939184,0.030370153,0.06724386,-0.080803536,0.09595925,-0.024215942,-0.11922833,-0.1112655,0.037325375,-0.03555721,0.0540222,0.0017608297,0.0031137948,-0.017522553,-0.038434844,-0.09027439,-0.04384732,0.03695433,-0.056618676,0.052084204,0.11085108,0.09475672,0.11005281,-0.093967915,-0.06294668,-0.06303206,0.05851666,0.049611423,-0.08913596,-0.010389356,-0.04414612,-0.09203929,-0.11825003,-0.0015731927,-0.05093484,0.013263492,0.10729693,-0.007963237,-0.14368984,-0.021265002,-0.015056769,-0.0014108093,-0.08651832,0.013073616,-0.057812482,-0.054880433,-0.038537133,-0.030823676,0.12404774,-0.06128131,0.03137517,0.02958371,-0.02144001,0.11378729,0.034003187,-0.015946718,-0.027285945,-0.06251581,0.03999091,-0.107904166,-0.034400713,0.10540409,0.11390752,-0.012028438,-0.018691907,-0.037782617,-0.08137494,0.047404114,0.0830082,0.07116552,-0.0057025542,-0.04657255,0.023583803,0.04453022,0.097593084,-0.033391315,0.01195504,0.01891832,0.092621535,-0.09269742,0.048183754,0.008679204,-0.056210496,-0.013960744,0.061847836,0.054636985,-0.06815396,-0.007935531,0.0069441,0.13558528,0.041082144,-0.07368752,0.07660691,0.023430746,-0.01909917,-0.045240905,0.07246104,-0.022572061,0.098552994,0.03426659,0.09320322,-0.081597455,-0.0061706263,-0.09289074,0.010474864,-0.013538501,-0.0058221864,-0.04381785,-0.010680581,-0.055452764,0.086270876,-0.037109192,-0.080113396,0.0057420842,-0.056646734,0.04622923,0.01696226,-0.08798007,-0.037200682,0.011364754,0.08444926,0.031465635,-0.08287118,-0.100257024,0.0028205854,-0.041254614,-0.07944886,0.012798175,-0.04025757,0.03394319,-0.053218387,0.037682317,0.03353495,0.07358438,0.032415487,-0.010709235,0.026349848,-0.087380424,0.07035512,-0.041626547,0.0060829306,-0.046255104,-0.05268703,0.080323786,0.030100621,-0.05839523,-0.028377049,0.1108532,-0.024450498,0.004353675,-0.083873466,0.05650741,-0.026440032,PkC_cs
0.09671467,0.019719753,0.04842437,0.087316856,0.04278019,-0.06254872,0.062625155,-0.12566146,0.09964909,0.1158829,0.039255828,0.070294306,-0.010637667,0.0037004906,0.07999379,-0.086092345,-0.023021009,-0.08531023,0.090033025,0.121004015,0.0036001327,0.043547854,0.040126022,-0.01806377,-0.006121734,-0.006715988,0.10967377,0.012307707,-0.065316126,0.02344627,-0.044034425,0.012813097,-0.06511301,0.07061462,-0.026580257,-0.032435756,0.090838924,0.029616486,0.039909154,-0.057750426,-0.09000547,-0.0037594605,-0.016018327,-0.030886047,0.009830238,-0.0065683164,0.03431371,-0.10618743,0.029635055,-0.05683613,-0.0070488118,0.010485188,-0.08025302,0.039212,-0.008854147,0.054885156,-0.068191886,-0.08103487,-0.02456953,-0.04337522,-0.012726316,0.05224914,-0.0030827576,-0.0067893807,-0.016071236,-0.019677434,-0.026511446,-0.089410745,-0.09098449,0.0506859,0.0028749118,0.025238248,-0.0055692187,0.03220676,0.05559785,0.07598236,0.102981605,0.023961544,-0.016103664,0.03149741,0.033936497,0.1241929,0.03078886,0.027665589,0.021027025,-0.04578151,-0.03489289,0.009299874,0.07826526,-0.047050923,-0.09557616,-0.062331438,0.04726235,-0.016376862,-0.11492692,-0.07712945,0.017648999,-0.05370607,-0.06307007,-0.06799227,0.0986402,0.011239331,-0.07858966,0.069343075,0.045639902,0.09885424,-0.0613193,0.07075504,-0.020569686,-0.124972194,-0.117010355,0.039774045,-0.04155222,0.05874278,0.006990062,0.037007913,-0.027647575,-0.048487157,-0.08310501,-0.018690929,0.022212885,-0.03975551,0.069514975,0.09988263,0.10011539,0.1110435,-0.10008369,-0.059848428,-0.067755096,0.040146504,-0.012191801,-0.10078345,0.008963495,-0.041519508,-0.11156902,-0.105969,-0.02259183,-0.008239765,0.007862296,0.07680641,0.012933157,-0.12390137,0.0044847345,0.010832,0.005818532,-0.102180235,0.0034758882,-0.0495291,-0.023276445,-0.021964258,-0.055732124,0.15446137,-0.09504147,0.02912904,0.074146636,-0.011737469,0.09892334,0.02502377,-0.0076414933,-0.042043313,-0.080829576,0.029579978,-0.09537247,-0.024982445,0.10087756,0.12049171,-0.058390126,-0.029016893,-0.03982517,-0.088850975,0.06532027,0.060599964,0.06755188,-0.009179469,-0.06038703,-0.0064097196,0.037104465,0.09964749,-0.011734963,0.024131753,0.045462806,0.06654171,-0.09653953,0.0481727,-0.008650266,-0.02262699,-0.003979289,0.034969144,0.037469357,-0.05738061,-0.006698299,0.024551524,0.108537994,0.027268078,-0.06723699,0.058911417,0.059478424,0.017641794,-0.037190195,0.08752971,-0.0023147496,0.074630275,0.04733242,0.09127637,-0.09243953,-0.010728892,-0.0863183,-0.0005239593,-0.007697923,0.016898155,-0.03297255,0.021194236,-0.07790299,0.10296062,-0.020010669,-0.071584836,-0.014096699,-0.048905388,0.038441077,0.021774141,-0.06654607,-0.056432623,0.010339083,0.086647145,0.05480852,-0.06761613,-0.103765495,-0.0092331,-0.030030292,-0.084914096,-0.016404342,-0.04644363,0.058816835,-0.084989116,0.041913923,0.075231545,0.07416623,0.019152973,-0.003564992,0.022675393,-0.084019005,0.08030924,-0.04294885,-0.03271182,0.008803945,-0.038121983,0.075285085,0.047279656,-0.033500534,-0.03289552,0.110604,-0.009881071,-0.014302584,-0.107006885,0.038388282,-0.025699127,PkC_cs
-0.04016296,-0.023577936,-0.08972761,-0.053819865,-0.038564622,0.00029692682,-0.122134775,0.08413048,-0.06725749,-0.064843394,0.04002606,-0.016117478,-0.030507412,0.063016035,-0.091802284,0.07958545,0.039127305,0.12036039,-0.033953585,-0.039034594,-0.07097928,-0.08876122,-0.029305294,-0.04350633,0.08234544,-0.020744076,-0.048155375,-0.068074286,0.057897028,-0.0044047288,0.0027456107,-0.08193773,0.04999871,-0.118608296,0.072506346,0.048358425,-0.040669285,0.038826216,-0.09449969,-0.030321151,0.064110056,-0.018299378,0.048113912,-0.08301376,0.06428978,-0.08649686,-0.07184899,0.065999635,-0.13548711,0.030343752,-0.053436723,-0.066856,0.015082436,0.014717456,-0.0069001243,-0.013069429,0.014050342,0.01581521,0.021848146,0.024420926,0.030911684,-0.024832457,0.03695964,0.051673986,0.066714965,-0.014598183,0.030099288,0.062300675,0.057611346,-0.06562914,-0.0053328117,0.018517183,0.05386823,0.06035567,-0.0039598737,-0.10141614,-0.087054685,-0.031267595,-0.009155367,0.01858127,0.07481029,-0.021159455,-0.020096626,0.102309205,-0.06887091,0.07455441,0.038418654,0.029536624,0.03005575,0.10386093,0.053993993,-0.010654074,-0.056367487,0.06349961,0.050985232,0.07075393,0.058186516,0.09276478,0.025921624,0.096179724,-0.11501344,-0.019712469,0.07204035,-0.064928524,0.017838933,-0.069683485,0.023634223,-0.006571344,-0.037342634,0.16117701,0.039859474,-0.024173569,0.049254864,-0.04007989,-0.009347239,-0.072788335,0.06584263,0.021895569,-0.045227073,0.041071672,0.018715963,0.028120484,-0.08362324,-0.10777281,-0.0062167756,-0.12939277,0.09878487,0.03405626,0.07230962,0.05158034,0.10301055,0.04456915,-0.017937837,0.050072744,0.07374816,0.0533846,-0.08301789,0.018732129,0.00021958724,-0.09352566,0.023541816,0.027284851,-0.10926195,0.040215462,0.06122043,0.03572569,-0.068900526,0.020613186,0.04484214,0.033603657,0.060558934,-0.10036013,0.03834961,-0.028984623,-0.058911745,0.08228287,-0.06425878,-0.05178704,0.08072974,0.059909306,0.058900647,-0.012921315,0.027305923,0.027326569,-0.09707807,-0.13363136,0.051156472,-0.029217776,0.041417517,0.08789742,-0.088088274,-0.030831136,-0.061595626,0.055167206,-0.060274933,0.020034732,-0.10573536,-0.02286864,-0.010465343,-8.834619e-05,-0.03964199,0.006384016,0.02163609,-0.004081276,0.026259251,-0.024627704,0.0015426616,-0.019327367,-0.081865564,-0.06692937,0.028356155,-0.047321044,-0.050988566,-0.083943024,0.0052766968,-0.14148955,0.010651788,-0.006444139,-0.10728376,0.016018545,0.011200136,-0.042050414,-0.023699567,-0.05090451,-0.005921108,-0.021985902,0.062331304,-0.0081881,0.024801202,-0.0055460283,0.1023281,-0.0453336,0.055754192,-0.112152696,-0.030239694,0.0828826,-0.01822476,0.015199762,-0.015555873,-0.0105487965,0.0458446,-0.0032800036,0.067474365,-0.0030781762,0.016921038,0.044633847,0.06743139,0.076568946,-0.06958607,0.10573579,-0.037872754,0.05454361,-0.00908231,0.08774792,-0.049406394,-0.13939843,-0.06111251,-0.08201429,-0.034069538,0.0643511,0.027366135,-0.04568682,0.0076749055,0.04119287,0.043742713,0.037550345,-0.041507907,0.109782204,0.040962756,0.04213832,-0.12959845,0.0067416183,-0.057120472,0.1527715,0.0311778,0.097205624,PkC_ss
0.048538975,0.027994052,-0.07077231,0.014680869,-0.04717753,-0.03337486,-0.12853497,0.030022155,0.027927328,0.03146284,0.020376833,0.029602997,-0.043067656,0.02777262,-0.04369303,0.0635148,0.08844334,0.0651495,0.0108821,0.04211446,-0.054479443,-0.10687089,-0.06864712,-0.10586118,0.02356733,-0.0438408,-0.040703773,-0.021928389,0.061244495,0.10293718,-0.0034088267,-0.10702807,-0.022974584,-0.08430893,0.032237586,0.03746801,-0.0259591,0.10885653,-0.11468539,-0.029199984,-0.00069804327,-0.07026205,0.028944887,-0.108002484,0.07674432,-0.005063795,-0.12560199,-0.02240001,-0.12006488,0.022606663,-0.07496278,-0.043076906,0.00399907,-0.005446575,-0.026154745,-0.11022142,0.014996534,-0.016596919,-0.07390326,0.046438593,0.016186295,-0.04447955,0.03598655,0.114512354,0.09748731,0.043025434,-0.008470219,0.049858276,-0.03926166,-0.07425356,0.009820057,-0.012490829,0.04221821,0.026725162,0.014553493,-0.044723574,-0.0004234584,-0.01966492,0.051181972,0.002851544,0.009471717,0.06662616,0.014739763,0.18635613,-0.08731206,0.061551597,0.042724974,0.047249794,0.05544889,0.06507193,0.06733495,0.009005587,0.038093314,0.032386493,0.04929151,0.06900631,0.08952364,0.041008692,-0.044504147,0.0562369,-0.10978967,-0.101114735,0.12220238,-0.060233377,0.005920053,0.021959713,0.023952711,-0.04475379,-0.030654144,0.13081814,-0.02178467,-0.03919985,0.027199175,-0.0057960674,0.012761866,-0.0022025248,0.028656887,-0.031304143,-0.019360416,0.07489437,-0.04051032,0.03438297,-0.024028555,-0.06915966,0.0730785,-0.10537395,0.052269336,-0.0057308734,0.011323197,0.026222875,0.013844535,-0.012525148,0.011736512,0.06052228,-0.010171936,0.0415409,-0.10960607,0.0871249,0.0029414245,-0.101443335,0.075239226,0.008951688,-0.044058885,0.12744784,0.070962384,-0.0063367337,-0.04296321,0.02103758,0.08522874,0.076464005,0.016688276,-0.030230898,-0.04022007,-0.04688123,0.040785253,0.08564209,-0.09304795,-0.043534562,0.07452358,-0.021819545,-0.01818401,-0.0059931707,0.03836885,0.05556481,-0.0945038,-0.07293354,-0.053062253,-0.048720114,0.0135009475,0.023864642,-0.019999616,-0.043531913,-0.01759865,0.03574266,-0.10786165,-0.046022095,-0.11600533,0.01918399,0.031860482,-0.011989921,0.048816007,-0.038591526,0.013201071,0.040288337,0.008181356,0.079195395,0.021664292,-0.055230677,-0.07656638,-0.10547135,0.0204749,-0.024842016,-0.07327618,-0.08840726,-0.03349538,-0.16710368,0.059353866,0.10115364,-0.1081402,0.07257454,0.0145734,-0.05878534,0.029610109,-0.06868296,-0.063990474,-0.049167223,0.028198324,-0.026291661,0.034770176,0.038973138,0.13991365,0.038726367,0.023583846,-0.06597477,-0.011202548,0.051615864,-0.09999326,-0.003764592,0.0073321955,0.009210858,0.0635155,-0.060160797,0.035409555,0.00089064194,0.0769574,0.07681668,0.031280987,0.0040275203,-0.039030902,0.053024016,-0.062219024,0.03809865,0.056087077,0.00802602,-0.06848541,-0.03632835,-0.05071204,-0.097981445,-0.0532851,0.06237694,-0.0020582709,-0.03477669,-0.023490041,-0.06852421,0.14047466,0.039840013,-0.059628084,0.114318736,0.06763084,0.07248424,-0.10851641,0.08871892,-0.09068701,0.0666941,-0.0017972931,0.06908054,PkC_ss
0.017672623,0.0019556251,-0.08018213,0.0017335555,-0.033942327,-0.03679875,-0.13682514,0.036252968,0.006715044,0.031558342,0.014546358,0.002858963,-0.014397853,0.024149789,-0.045010272,0.056345236,0.09385839,0.0717421,-0.0017211763,-0.0071022394,-0.04993416,-0.08938484,-0.0663213,-0.083459124,0.028604219,-0.055102773,-0.03154885,0.0037635034,0.05059661,0.103266746,0.0144965965,-0.1097071,-0.027441923,-0.076440245,-0.00078682136,0.032745875,-0.044113435,0.098212756,-0.13906828,-0.025500374,-0.0030861618,-0.059220243,0.022395603,-0.09137945,0.07763875,0.01941065,-0.13117202,-0.027630392,-0.12935384,0.03410829,-0.04882825,-0.025721207,0.038175922,-0.019997403,-0.033046987,-0.09251647,0.025013126,0.0032398333,-0.061147094,0.058622546,0.02166474,-0.08655164,0.047331065,0.10201354,0.116056964,0.06133347,-0.030103877,0.037823804,-0.02711027,-0.05251696,0.0013206212,-0.029869389,0.02936263,0.032636937,0.0054532327,-0.028462067,0.0044582095,-0.029447809,0.053665683,-0.034003012,-0.001100522,0.047652286,-0.0008920012,0.1755495,-0.07070854,0.032605506,0.08280645,0.07259383,0.020023018,0.041886885,0.07094802,0.016544506,0.06390166,0.050752886,0.068537846,0.08182289,0.09296855,0.038454123,-0.05032027,0.057744622,-0.10406418,-0.12530361,0.097605675,-0.040553004,-0.00022053625,0.010824182,0.059941135,-0.063594356,-0.023668237,0.12026687,-0.021006275,-0.022162426,0.035437975,-0.025030121,0.0056320094,0.01376781,0.040825754,-0.017051144,0.015493764,0.09585726,-0.043453414,0.04145504,-0.02396217,-0.071526155,0.06983158,-0.113546394,0.021686377,0.01549321,0.027849875,0.000683133,-0.00054510776,0.012320667,0.06799477,0.057629414,-0.0032814643,0.035901476,-0.08470796,0.084448725,-0.015353771,-0.12665981,0.07106742,0.058671057,-0.028766127,0.09010108,0.06327936,-0.019867271,-0.04240434,0.025334692,0.08548194,0.099028245,0.01654922,-0.044270907,-0.0137263,-0.052272175,0.061989464,0.05935856,-0.09268603,-0.035178427,0.08785401,-0.03270218,-0.023739163,-0.025942024,0.041132547,0.05491052,-0.114629716,-0.08383374,-0.046555925,-0.042006653,0.016399534,0.054575138,-0.040100835,-0.07179552,-0.007055834,0.0563548,-0.077924624,-0.04275523,-0.09788845,0.0033275068,0.02655486,-0.016064398,0.055005856,-0.051490985,0.019078221,-0.003937655,-0.011713874,0.14378119,0.021123933,-0.08607433,-0.058653124,-0.09248364,0.021661663,-0.04231953,-0.10361691,-0.09356853,0.019491965,-0.15532559,0.055014685,0.08831331,-0.08466214,0.03558362,0.031186514,-0.09979224,-0.0010513566,-0.0838826,-0.05978086,-0.041641906,0.025916733,-0.041030787,-0.0038207527,0.044516385,0.16032615,0.056668848,0.012079465,-0.08028434,0.00822157,0.03488536,-0.10070725,0.031974882,-0.0045184675,0.020126956,0.07570401,-0.046659093,0.032217953,-0.0071947505,0.06984205,0.07646827,0.05397304,0.008147025,0.0035066258,0.04975626,-0.08556524,0.04668349,0.06443149,0.012241915,-0.06434822,-0.03656599,-0.049663838,-0.103043914,-0.030790143,0.034221172,0.0046865703,-0.05589138,-0.01909641,-0.067806035,0.14802825,0.03786394,-0.07005976,0.09522932,0.08927275,0.07387908,-0.10170381,0.04338773,-0.08844304,0.058122322,0.00076753274,0.042590745,PkC_ss
0.029441087,-0.047494177,0.043044258,0.015905907,-0.028851602,0.032263823,-0.03275264,0.113873884,-0.075957134,-0.09116,0.018469878,-0.013209647,-0.015999198,0.04402151,-0.06328255,0.10440698,-0.058173697,0.048394337,-2.380833e-05,-0.040272977,0.008497473,0.01720127,-0.0054154354,0.083998345,0.053544857,-0.022549326,-0.08921794,-0.051596146,0.13167337,-0.09569526,-0.016535478,-0.008396503,0.10051103,-0.053661063,0.13134003,0.013175357,-0.013686276,-0.048118517,-0.019732593,-0.04080877,0.03922608,-0.0050863414,0.041070186,-0.11722249,-0.055994872,-0.1676138,-0.046098303,0.06720529,-0.052502498,0.04855866,0.021690117,-0.046465203,0.0049623083,0.050991505,0.046033528,0.026651736,0.008939282,0.0051903366,0.015493312,0.037615884,0.020099085,0.045998394,0.0024195686,-0.020698275,0.026216837,-0.051725633,0.10159174,0.04617335,0.07293084,-0.054199867,-0.0071855285,0.015921118,0.034125656,0.014009442,0.035358094,-0.08483124,-0.12081061,0.047242686,-0.011899527,0.050317083,0.10185917,-0.032776367,-0.03358268,-0.0034528216,0.025000226,0.04577064,-0.052009538,0.02173613,0.088435516,0.11398631,0.038230296,-0.09470484,-0.07884528,0.07966704,0.06328719,-0.024348052,0.026955424,0.116797686,0.048968416,0.09325203,-0.09486384,-0.022091461,0.02166035,-0.053160004,0.05649166,-0.107804365,-0.08892165,-0.044686284,-0.021145973,0.07853547,0.0599309,-0.06878179,-0.011896517,-0.032462984,-0.066105485,-0.16879001,-0.0008411268,0.00072346395,-0.05004776,-0.026162874,-0.010522906,-0.0610333,-0.124189526,-0.09995721,-0.0065235356,-0.05613824,0.045430154,0.041860428,0.035151184,0.005797157,0.08846982,0.046203982,-0.037378088,0.06595704,0.03332608,0.05505114,-0.048373736,-0.044114426,0.038645394,0.01264016,-0.0049792826,0.0029620063,-0.13477524,-0.00031077582,0.022855904,0.09245536,-0.050847184,0.048477,-0.03549663,-0.035362016,0.05277797,-0.065173715,0.016691104,0.01579121,-0.06354953,0.031021243,-0.027403135,0.03313181,0.011791743,0.15664136,0.07977536,0.060012847,0.007055457,0.006532803,-0.03051696,-0.12631494,0.088695854,0.013500694,-0.040434346,0.00807992,-0.06315472,0.028657578,0.03814577,0.04569741,-0.026678035,0.022435078,0.005197179,-0.051450178,0.016277784,-0.009159124,-0.12180062,-0.013569337,0.05692255,0.101607524,-0.010347963,-0.072583474,-0.0456173,0.065828964,-0.043345585,-0.10474996,0.015228236,0.010513231,0.0069143586,-0.07592574,-0.057977095,-0.111569256,0.09555927,-0.0120356735,0.016906885,0.07764703,-0.017740369,0.036765896,0.021130605,0.061908033,0.046181597,-0.0038559688,0.07795037,0.07925313,0.036829777,-0.0006889922,0.045123897,-0.10611497,0.04953897,-0.022149336,0.0046559796,0.0418194,0.03109083,0.04199284,-0.040798675,-0.053862583,-0.057800747,-0.04421068,0.0069171456,-0.03413411,0.050604727,-0.038197517,0.055625886,0.12067759,-0.09737079,0.021174872,-0.016639391,-0.0025424138,-0.10227624,0.089400835,-0.045354612,-0.13169184,-0.032476176,-0.045722514,-0.07628329,0.024525832,-0.039144196,-0.092369385,0.022068832,0.13763802,-0.037871428,0.03679703,-0.01635446,0.105393566,-0.057383083,-0.06905911,-0.12612315,-0.04313914,0.009173509,0.093895726,0.038060814,0.10463682,PkC_ss
0.0673452,-0.013934332,-0.011235006,0.016497074,-0.05429869,-0.002610351,-0.062233523,0.0713485,-0.02753724,-0.007615074,0.044624478,-0.0027440414,-0.056183532,0.06311236,-0.08200389,0.079228275,-0.030606676,0.04164007,0.033605665,0.03861563,-0.021360537,-0.047376785,-0.034614727,-0.011731232,0.061034076,0.014886898,-0.047924303,-0.054157987,0.061991856,-0.019226901,-0.056548398,-0.07338004,0.060669377,-0.07785936,0.09699041,0.008094216,-0.022278477,-0.002370621,-0.056870244,-0.060166933,0.041192375,-0.026685677,0.057434037,-0.106076814,0.013068235,-0.115876734,-0.0773437,0.033934154,-0.080805026,-0.006721385,-0.020890176,-0.076134965,-0.0027718171,0.05532381,0.017847877,-0.041329548,0.009753641,-0.022733124,-0.024869382,-0.04113172,0.016878514,0.029450923,0.029222652,0.023249513,0.084047616,-0.0064736465,0.11907749,0.063601874,-0.0051805004,-0.025532871,-0.0125572495,0.06522962,0.07000005,0.059886906,0.028261283,-0.07326071,-0.05987911,0.030582696,-0.031151026,0.09129378,0.07041761,0.054171868,-0.042783976,0.11252079,-0.024267534,0.08276792,-0.042129222,0.03388159,0.121788085,0.12128057,0.035238057,-0.0809355,-0.08076927,0.030420229,0.025516707,0.009819239,0.072371095,0.08020891,0.032297492,0.097974814,-0.12609857,0.026823465,0.08363586,-0.054110814,-0.00012601912,-0.06828453,-0.077449135,-0.010276852,-0.05547587,0.10276161,0.015071874,-0.0675111,0.006475922,0.001912087,-0.040162504,-0.14705111,-0.0005075233,-0.052453592,-0.07814049,-0.010747725,0.012366749,-0.013957016,-0.11688865,-0.058083527,0.024704387,-0.060989395,0.08833483,5.940441e-06,0.063260555,0.06382975,0.07928808,0.0017332323,-0.02719076,0.0469941,0.025835577,0.041804243,-0.08657743,0.01488204,0.06401022,-0.0039961534,-0.008735525,-0.009310137,-0.14154914,0.082359016,0.05269812,0.021424728,-0.03248445,0.034656644,0.035107963,-0.025328923,0.066839494,-0.07080479,-0.0341582,0.0003039157,-0.043527037,0.059692226,-0.033597723,0.022280961,0.025610588,0.108982176,0.03321889,0.039760243,-0.0066249627,0.0074577075,-0.06914857,-0.09645151,0.010377036,-0.002856781,-0.009395095,0.021177802,-0.055493664,0.022280935,-0.011297345,0.036436684,-0.036310315,0.016881194,-0.052489676,-0.008731033,0.021061901,0.0052190535,-0.032924708,0.01165519,0.027673136,0.11847776,0.006431123,-0.10321134,-0.022785552,0.031964954,-0.11132635,-0.12599534,-0.0019112583,0.013116876,0.013347614,-0.037785824,-0.088540226,-0.17353871,0.097987875,0.027626293,-0.08398279,0.1274707,0.016064802,0.03177949,0.057904016,0.025028989,-0.020734547,-0.0364604,0.048368424,0.072687924,0.0620569,-0.016860293,0.060403325,-0.06779382,0.038834058,-0.042213537,-0.0041021733,0.039667375,0.0043207193,0.0035246098,-0.027865956,-0.034295913,-0.044705223,-0.035278115,0.072957106,-0.0016649524,0.06348093,-0.025650684,0.00805599,0.1160832,-0.13196912,0.033044666,-0.052783847,0.0148258535,-0.03703781,0.082034394,-0.0700255,-0.11297843,-0.047982216,-0.07895796,-0.089441046,0.07681488,-0.055382654,-0.056444585,-0.0046567065,0.07291827,0.025943074,0.0320464,-0.032030676,0.12523554,-0.058155417,-0.01648651,-0.10401626,0.072933674,-0.05989307,0.095297515,-0.00629157,0.1151974,PkC_ss
0.08545691,0.0048681945,0.07657168,0.087331034,0.059048895,-0.0243783,0.09419501,-0.088863164,0.06963554,0.08308138,0.04059785,0.047706455,-0.0015953614,0.01114989,0.06895027,-0.05881556,-0.080265455,-0.094402984,0.093169205,0.092021406,0.01673984,0.07181074,0.063116536,0.027408782,0.0072909943,0.008908516,0.11256276,-0.0020205432,-0.05317605,-0.04203192,-0.05041417,0.046953518,-0.034534834,0.07182649,-0.0001992567,-0.04222033,0.08162832,-0.01116084,0.060967658,-0.054519117,-0.08692233,0.032390468,-0.0012426716,-0.011882855,-0.025671335,-0.061593745,0.056277853,-0.057353675,0.03798581,-0.046953693,0.02841753,-0.009376232,-0.07556925,0.041577,-0.0026453529,0.097169414,-0.08157076,-0.06848453,0.021830145,-0.05252709,-0.017262265,0.09288911,-0.001979104,-0.051974893,-0.028354218,-0.047674768,-0.0016346248,-0.088737324,-0.055152368,0.058060948,-0.00390956,0.030376893,-0.011657084,0.032295264,0.056172892,0.060023077,0.05677168,0.050377756,-0.04493496,0.040232286,0.07175466,0.085366204,0.02066141,-0.036041915,0.06531333,-0.06157481,-0.061280232,-0.00084657036,0.093873814,-0.019913781,-0.110422775,-0.08434306,0.017760944,-0.013970002,-0.11298281,-0.10055119,-0.008188797,-0.034456465,-0.036017966,-0.051400237,0.106749475,0.041562743,-0.11140537,0.08245482,0.048970543,0.05855552,-0.075321,0.08497873,-0.021689825,-0.1310704,-0.09845521,0.048270166,-0.038611546,0.060440682,-0.02548562,-0.0067829364,-0.028544791,-0.040023483,-0.0824526,-0.04752074,0.042104542,-0.06715065,0.040660474,0.080915436,0.08113885,0.11413735,-0.09070164,-0.04251139,-0.06148295,0.050878465,0.018023476,-0.08573322,-0.008025628,-0.04394012,-0.099798724,-0.099870555,0.007314292,-0.0483374,0.019193929,0.11632379,-0.028802976,-0.12506147,-0.031616095,-0.04837269,-0.016614536,-0.07670321,-0.00230978,-0.04704095,-0.05446302,-0.047998324,-0.038719974,0.12290205,-0.085269555,0.041156586,0.018892797,-0.023092585,0.11491346,0.039591342,-0.02339749,0.008515887,-0.041117087,0.040222384,-0.117369205,-0.023184046,0.118825965,0.10598186,0.002088861,-0.015199473,-0.053658318,-0.08597584,0.044592515,0.08857508,0.075049385,0.0041411547,-0.021677092,0.02017707,0.07120539,0.07243344,-0.012235427,0.020977577,0.0072201686,0.083744615,-0.07627022,0.06455167,-0.0068429643,-0.08508225,-0.033956975,0.06897966,0.032977305,-0.047496665,-0.01464707,0.023405306,0.13331616,0.061288573,-0.06614193,0.08792049,0.053429194,-0.0357238,0.0038608045,0.07925168,-0.016905116,0.10265061,0.04066952,0.11510801,-0.057366062,0.00038381806,-0.09087752,0.03882219,-0.008527316,-0.014879324,-0.07100188,-0.017655274,-0.07046371,0.08715098,-0.008878423,-0.085854754,0.05223297,-0.036752954,0.0429598,0.0059670564,-0.10604149,-0.028750628,-0.005456866,0.06898387,0.04713963,-0.09576087,-0.11642489,0.013838858,-0.052334137,-0.07809153,-0.0011368776,-0.052447554,0.021111637,-0.056035228,0.04432916,0.049239244,0.07671375,0.03247648,-0.014869452,0.010842634,-0.0924757,0.052641716,-0.021296874,0.036384545,-0.05172515,-0.043002825,0.089219496,0.023638189,-0.077882886,-0.072823375,0.11987327,-0.04010847,0.008470352,-0.09189366,0.03993372,-0.023989426,PkC_cs
0.09498976,0.010273702,0.060307078,0.08472821,0.04294669,-0.039921865,0.07880844,-0.10188334,0.08440462,0.103817284,0.04927744,0.05535483,-0.010126831,0.011112662,0.067417875,-0.0794013,-0.07083931,-0.09149563,0.09054057,0.11878298,0.006724368,0.060753644,0.06530541,0.004140534,0.0068983706,0.01853193,0.11806454,-0.0022483438,-0.057166874,-0.017143318,-0.061795212,0.018470738,-0.05117941,0.06375089,-0.0036337203,-0.0332172,0.079840556,0.01300098,0.05090268,-0.060386375,-0.07636767,0.028019847,-0.002423564,-0.027099717,-0.012491817,-0.04362131,0.0533152,-0.07518597,0.026975747,-0.058965527,0.01859881,-0.008281155,-0.07995528,0.042661354,-0.00668647,0.08497323,-0.08692884,-0.08133204,0.009009552,-0.07072264,-0.014834244,0.09409222,0.0076672994,-0.034581084,-0.016511705,-0.04085017,-0.0010596006,-0.08687945,-0.072143786,0.051206753,-0.0030958105,0.045574743,-0.00032624695,0.031835496,0.050694942,0.06591951,0.06650314,0.037845917,-0.041632935,0.058468692,0.0544947,0.11320338,0.027121875,-0.004574329,0.04592917,-0.0383978,-0.066101395,-0.0093950145,0.09704273,-0.015257743,-0.10477634,-0.07838995,0.013037966,-0.011542287,-0.12530535,-0.09983684,0.009205891,-0.042406812,-0.044315416,-0.062369972,0.09506516,0.052950814,-0.088221446,0.07580831,0.030974781,0.06727234,-0.084955916,0.082143396,-0.03056416,-0.122304484,-0.113549486,0.039054655,-0.03788042,0.07129982,-0.016866697,0.0013717092,-0.034533866,-0.047037758,-0.08317273,-0.04226642,0.036076725,-0.05266659,0.039093047,0.10267511,0.087762624,0.11001718,-0.080053866,-0.05663872,-0.057102427,0.068139315,0.022024728,-0.10324629,-0.01105069,-0.047684666,-0.1052003,-0.11007406,-0.011410831,-0.03408217,0.027771076,0.10807648,-0.018823301,-0.14425932,-0.033947617,-0.02545527,-0.009339249,-0.08886037,0.010377028,-0.046331964,-0.037527703,-0.04824558,-0.043852106,0.11430891,-0.0953298,0.038919456,0.038263857,-0.014816163,0.11136076,0.04137265,-0.012249455,-0.010020673,-0.053391747,0.043402426,-0.10883436,-0.019414792,0.11599986,0.11470753,-0.028403223,-0.021268617,-0.0359104,-0.08378157,0.050450772,0.0865405,0.060632363,0.0029988398,-0.035668805,0.015536275,0.052597016,0.084989205,-0.017164262,0.016837204,0.028523896,0.09555937,-0.08788844,0.076331384,0.010663315,-0.08552049,-0.02274122,0.0637682,0.030504141,-0.062314376,-0.018188909,0.027823199,0.13504678,0.060567774,-0.074420154,0.06264244,0.062557735,-0.019804273,-0.025577353,0.09636758,-0.007983587,0.09786476,0.058621556,0.103581555,-0.06956023,-0.011272786,-0.08563438,0.033745095,0.0012386349,-0.016400918,-0.0706083,-0.005224131,-0.06513304,0.08487287,-0.01846098,-0.079672806,0.038349006,-0.048299484,0.035917405,0.02131565,-0.09203093,-0.03203984,0.015510946,0.07379504,0.044579063,-0.0867846,-0.122197405,0.011987822,-0.05646324,-0.08322752,-0.012053264,-0.038267154,0.034330368,-0.05291628,0.027964357,0.045172438,0.07030901,0.0363354,-0.025134671,0.027183808,-0.093459025,0.077048175,-0.037401516,0.017102823,-0.031775355,-0.042113,0.077224344,0.034017548,-0.07208647,-0.057146937,0.12621218,-0.016024092,-0.012437499,-0.0859129,0.034766413,-0.020457303,PkC_cs
0.090035304,0.01400883,0.06836419,0.10150595,0.046832606,-0.049743906,0.08957265,-0.10211468,0.080961145,0.10083157,0.039232746,0.060498513,-0.0056957607,0.00713174,0.07164005,-0.07410239,-0.061741136,-0.09820287,0.09041087,0.11077686,0.016771033,0.06599358,0.057585314,0.0025485437,0.0014500252,0.011262177,0.112482816,0.007129817,-0.058956515,-0.00960475,-0.05232043,0.03426071,-0.05325318,0.073363766,-0.009825888,-0.047403753,0.07595675,0.0019649945,0.04698646,-0.058643557,-0.07788165,0.02927668,-0.007184436,-0.022968128,-0.017782666,-0.044475295,0.05282434,-0.07491908,0.03459648,-0.06208617,0.02249333,-0.006475133,-0.085927784,0.03881882,-0.007214299,0.08684862,-0.07897408,-0.07545598,0.008802554,-0.059431218,-0.022022447,0.079842374,0.00822047,-0.03642088,-0.0154520925,-0.04118944,-0.010775939,-0.089031994,-0.07076873,0.059880123,-0.0019418483,0.033235453,-0.007558485,0.03703565,0.053045243,0.07416895,0.07134408,0.035150487,-0.040646974,0.046092376,0.05533718,0.10853336,0.033032443,-0.00684439,0.058162257,-0.056335524,-0.053880118,0.00042013265,0.08700813,-0.022799544,-0.10986453,-0.07815063,0.022940602,-0.012438329,-0.11868441,-0.10742748,0.010142728,-0.043222606,-0.050201893,-0.069674954,0.09924386,0.03745971,-0.09591182,0.08152643,0.04109245,0.08028726,-0.07324067,0.07354808,-0.02054681,-0.13389568,-0.11156031,0.03867408,-0.0441735,0.06783209,-0.018023217,0.016670616,-0.035689276,-0.04252956,-0.07919482,-0.038267888,0.034547556,-0.054103516,0.044998787,0.1000857,0.08042529,0.115818426,-0.09168764,-0.05111237,-0.061474733,0.049100198,0.007169256,-0.10100652,-0.003812531,-0.044573493,-0.11153812,-0.10803209,-0.005078624,-0.027842376,0.021054938,0.107623324,-0.01595119,-0.13245736,-0.024346411,-0.03248934,-0.015688127,-0.092928395,0.0024594911,-0.04382392,-0.035063446,-0.04813072,-0.042762347,0.12577853,-0.09873149,0.03545995,0.044554204,-0.018310323,0.11111477,0.038380824,-0.016551428,-0.010472448,-0.053500257,0.044539817,-0.10892983,-0.025293933,0.12001556,0.11613992,-0.027041545,-0.018410629,-0.042153154,-0.08690698,0.052231804,0.07621202,0.06549091,0.0050893733,-0.026172686,0.0014294998,0.051012635,0.082094856,-0.0117696645,0.025025554,0.03136081,0.080372915,-0.08049169,0.06279269,-0.0034828815,-0.06397845,-0.017814666,0.056318052,0.024576494,-0.049839463,-0.019462433,0.0298911,0.13306859,0.062766016,-0.069620684,0.06796552,0.06835486,-0.01864555,-0.01045293,0.093601,-0.009544694,0.09020716,0.04738207,0.09933135,-0.06540533,-0.009981307,-0.086474665,0.03668786,-0.0005533949,-0.008587776,-0.070465125,0.0045544105,-0.080851845,0.091820866,-0.009823309,-0.082448825,0.030607292,-0.043133292,0.036640853,0.011563843,-0.09487025,-0.03571195,0.004758246,0.074576065,0.05246058,-0.087469414,-0.1168794,0.0065321377,-0.042946182,-0.08857033,-0.0112055,-0.046887618,0.03931452,-0.06632419,0.0357685,0.058328964,0.083755,0.035678,-0.012046333,0.01818201,-0.089656115,0.0707393,-0.036013663,0.012276278,-0.029819168,-0.03984782,0.083942376,0.028048206,-0.06937766,-0.055743262,0.13024965,-0.028531332,-0.0019442381,-0.10267799,0.030763756,-0.023411859,PkC_cs
0.09779523,-0.018538509,0.08778459,0.10055439,0.0051203826,-0.025081974,0.078954965,-0.09140316,0.08361991,0.12172999,0.016919946,0.04387089,-0.0068727843,-0.02793983,0.05816467,-0.075835064,-0.087584496,-0.099150404,0.068368904,0.104138464,0.025627648,0.0660611,0.06488663,0.007773878,-0.012516792,0.045251817,0.0965516,0.0029236162,-0.039336186,-0.017403299,-0.06565278,0.009364115,-0.053134114,0.081811324,0.003687174,-0.04511562,0.07055451,0.010846239,0.0469492,-0.035965882,-0.0661135,0.026244536,-0.026332915,-0.01876247,-0.038049337,-0.031039126,0.054269496,-0.051957957,0.044046257,-0.04752861,0.028514378,0.00827682,-0.05790344,0.0071205785,-0.0061574536,0.06622901,-0.06438074,-0.06611081,-0.0023737028,-0.09126791,-0.02177978,0.09703023,0.0031521963,-0.036944535,-0.024589356,-0.03148015,0.014250642,-0.07168379,-0.085091665,0.048705783,0.013317281,0.04919317,-0.005680295,0.017257877,0.025187295,0.07370138,0.06419846,0.0311808,-0.043866374,0.087871015,0.03622034,0.112109855,0.01771128,-0.016646206,0.058274433,-0.0147221135,-0.08992891,-0.011963002,0.10300488,-0.028784942,-0.091395184,-0.06848955,-0.0033163694,-0.022132041,-0.111752205,-0.107316226,-0.0064846887,-0.07210762,-0.032825712,-0.07418457,0.07091278,0.06520791,-0.06338095,0.069899656,0.012457458,0.044670396,-0.11129351,0.05211709,-0.026934642,-0.12814538,-0.09103379,0.025875857,-0.059253536,0.069400325,-0.014540739,-0.00814079,-0.06329172,-0.044283077,-0.050132856,-0.048876636,0.014918127,-0.03056979,0.026746336,0.108961076,0.066167116,0.11235021,-0.04668927,-0.057404786,-0.04696282,0.06627765,-0.004428224,-0.10128212,-0.01698644,-0.052540362,-0.10199705,-0.10769442,-0.006978611,-0.014926912,0.038955074,0.10042351,-0.035331763,-0.15331794,-0.043149605,-0.028370712,-0.015876183,-0.08068815,0.036139175,-0.028691387,-0.028623141,-0.07056108,-0.038531408,0.11537297,-0.12730458,0.054661483,0.045253776,-0.027346822,0.10494679,0.05922328,-0.017711852,0.011683406,-0.049937107,0.0472942,-0.096063524,-0.017462894,0.12741147,0.10604783,-0.04803159,-0.0004986073,-0.014070703,-0.08803389,0.044138543,0.077904835,0.048961088,-0.0024884364,-0.0031126542,0.006879009,0.057066537,0.06371932,-0.0056815967,0.025557483,0.027548771,0.08615102,-0.07139668,0.10987224,0.018264841,-0.1171394,-0.03180328,0.0679258,0.004160163,-0.04304237,-0.0351825,0.052592963,0.111451,0.074379385,-0.089041084,0.055151563,0.09349498,-0.0073119476,0.009788106,0.10438684,-0.0034989726,0.10410147,0.09215753,0.10056862,-0.042393632,-0.014654054,-0.07069104,0.040740557,0.02442426,-0.021737162,-0.093174025,0.01443199,-0.042648926,0.09562971,-0.014840547,-0.067790896,0.05159703,-0.034918584,0.01219145,0.012112516,-0.075881526,-0.012257952,0.01785478,0.04795126,0.025804522,-0.079516366,-0.1191118,0.0076528275,-0.061158724,-0.08537721,-0.017693888,-0.039172053,0.008336515,-0.05067925,0.009987673,0.06507899,0.060955413,0.041200932,-0.047982685,0.025062494,-0.088660866,0.077709876,-0.013988784,0.017137926,-0.031874504,-0.021734342,0.06677133,0.016231772,-0.09487878,-0.06256846,0.13361372,0.021741038,-0.014627539,-0.08033617,0.018362476,-0.012499781,PkC_cs
0.07343061,-0.01306784,0.07467577,0.071236014,0.006677444,-0.018823117,0.08393926,-0.08124693,0.06861426,0.1299542,0.021518953,0.032978803,-0.00488026,-0.034128066,0.044979107,-0.084694386,-0.09609273,-0.09308402,0.050757192,0.10385567,0.022718249,0.06924178,0.078631915,0.011179612,-0.0063161105,0.07051473,0.09270005,0.0011274628,-0.05470796,-0.014209354,-0.055406667,0.00902324,-0.04963994,0.08074561,-0.0125759095,-0.03994558,0.06197144,0.0023577774,0.06400646,-0.02717363,-0.058665108,0.036639977,-0.03824918,0.014285639,-0.04236258,-0.014324376,0.07818531,-0.051305566,0.063522026,-0.042345263,0.029770818,0.022416744,-0.06259982,0.00026583672,-0.003990321,0.07409163,-0.062211312,-0.05802918,0.015112288,-0.0922483,-0.01825208,0.108882554,0.008641752,-0.04305298,-0.04241974,-0.033279218,0.021443117,-0.065168686,-0.07398923,0.050034318,0.0037341332,0.057041056,-0.0024006458,0.005168123,-0.0051546805,0.07496193,0.06492763,0.024609368,-0.039535157,0.09471947,0.018076137,0.09044996,0.022849005,-0.029401504,0.06457823,-0.012101537,-0.10487676,-0.03365985,0.075859785,-0.034884587,-0.091046706,-0.04396856,-0.007198344,-0.02004769,-0.116523065,-0.11024432,-0.0070943357,-0.08533488,-0.024406174,-0.09351484,0.07296673,0.07523815,-0.061235696,0.06171268,-0.0085594505,0.035505716,-0.10239034,0.060208604,-0.022958562,-0.13239914,-0.074849874,0.0156866,-0.05633477,0.06815459,-0.0049577,0.009413197,-0.056918837,-0.02911922,-0.029663874,-0.05213641,0.017128829,-0.014637422,0.023895273,0.11619076,0.040386703,0.10846016,-0.042792458,-0.06353838,-0.04915096,0.06988168,0.0048382226,-0.09567172,-0.019744197,-0.06408305,-0.08178181,-0.10902707,0.021606365,-0.021793153,0.03409623,0.09562162,-0.044120513,-0.13324752,-0.023343366,-0.033468977,-0.03227079,-0.06795167,0.050216213,-0.028218603,-0.027061027,-0.072048046,-0.034366563,0.08787476,-0.10430606,0.044615243,0.029851908,-0.03487994,0.103726886,0.059118558,-0.022142865,-0.012871866,-0.042430475,0.034248576,-0.08215472,-0.026146214,0.12367766,0.10962487,-0.037495982,0.010430793,-0.002239895,-0.086669855,0.04302721,0.08157239,0.04233704,-0.013268545,0.017059531,0.0113454275,0.057591762,0.05076453,-0.023959693,0.014962867,0.03846949,0.08920093,-0.07492294,0.09091468,0.03246125,-0.11370324,-0.021363225,0.066412225,0.016688477,-0.025183165,-0.040024396,0.04541198,0.11277433,0.090859,-0.083360195,0.07138048,0.05241236,-0.021536618,0.013977249,0.07749672,-0.008617685,0.092714414,0.09286428,0.08216142,-0.020420797,-0.011257186,-0.07199456,0.042115103,0.015790747,-0.040236153,-0.11074179,0.017358793,-0.03070062,0.08215898,-0.024749117,-0.07159195,0.055910848,-0.03996951,0.018068165,0.02067,-0.06847532,0.012590281,0.027038783,0.039153486,-0.0019155629,-0.07571968,-0.1067235,-0.006288091,-0.049489547,-0.09229559,-0.0045591346,-0.026371121,0.0023311954,-0.04750787,0.013698507,0.063687585,0.06156256,0.076832145,-0.04218793,0.020264873,-0.08179194,0.09612502,-0.01277602,0.013901982,-0.04580009,-0.034533177,0.056043215,-0.023117336,-0.08724075,-0.054068092,0.14852247,0.026692327,-0.012644863,-0.07876839,0.010882137,-0.03036474,PkC_cs
-0.056326035,-0.0143326,0.051294405,-0.09120914,-0.005469772,0.08426154,0.08750402,0.049949706,-0.07598834,-0.035319682,-0.014335452,-0.033447135,0.020526694,-0.027499879,0.00084443577,-0.02885624,-0.13055569,0.001292306,-0.026087051,-0.035559006,0.0024965229,0.05273728,0.056348376,0.10437992,-0.012687998,0.06649183,-0.015154093,-0.032648813,-0.020095982,-0.13796917,-0.027222041,0.041439213,0.07343053,0.019221729,0.027461367,0.052529342,-0.0014684891,-0.059498206,0.12471365,0.004178581,0.017854242,0.07491171,-0.024807481,0.08421378,-0.076795034,-0.017674057,0.11222283,0.047078885,0.062096357,0.036038127,0.045411516,0.04054653,0.015475132,0.009435372,0.028594388,0.05589934,-0.028178643,0.028874218,0.08925246,-0.0643738,0.035854213,0.08082327,-0.037960246,-0.07139748,-0.12262346,-0.03622728,0.042147428,0.011107589,0.06690225,-0.01683999,0.0020866748,0.07036704,0.0031254608,-0.056687653,-0.06920545,-0.010751883,-0.096282676,0.018779166,-0.023979604,0.040039364,0.01156668,-0.10412315,-0.025660895,-0.14170736,0.041460108,0.027632546,-0.10404391,-0.06399995,-0.00771607,-0.00800487,-0.0059173005,0.027420498,-0.06742538,0.017194234,-0.031085907,-0.052830443,-0.048991557,-0.018964063,0.085133515,-0.037213624,0.014218103,0.089099556,-0.043265328,-0.027500793,-0.069459654,-0.06078329,-0.076699,0.055377215,0.03351715,-0.04931666,0.08466755,-0.021400467,-0.030959947,0.009418632,0.0066872705,-0.049664326,-0.030373456,0.014309606,0.043569468,-0.078567594,0.053081095,0.00075697806,-0.033562902,0.03765614,-0.11462632,0.03445747,0.049035873,0.0050722114,0.021190932,0.03732942,0.08030859,0.05162425,-0.0797062,-0.04812299,0.0855032,0.0031318073,0.10763558,-0.09046151,0.028990576,0.06020921,-0.061122574,-0.02831275,-0.0384977,-0.07169032,-0.06522347,0.07363133,0.08143304,0.0017744126,-0.09094019,-0.07048625,0.008962541,-0.06293262,0.08476627,0.042086326,-0.102330126,-0.08266298,0.025575243,0.036552705,-0.07502633,0.09092076,0.069129035,0.031213846,-0.026421342,-0.05077356,0.054997295,-0.0016965214,0.0965859,0.06927495,0.0054155737,0.0066973,-0.013384804,0.0580223,0.019575197,-0.045145616,0.086574614,0.06512703,0.120717466,-0.071198255,-0.06386388,-0.049492527,-0.054876808,0.0072004218,0.0067913374,0.029833324,0.09387006,-0.15420678,-0.025764521,0.062897585,0.030531548,0.056047473,-0.044185594,-0.007658228,0.040522415,0.046180762,-0.0040579075,0.09512471,-0.057448592,-0.079034895,0.06897758,-0.05477649,-0.028532917,0.092485234,0.0382901,0.008372961,0.105176866,0.01292364,-0.01753892,0.047486085,0.024360232,-0.06841713,-0.12018826,-0.07382639,0.10442631,0.048172515,-0.040860847,-0.013363447,0.06995896,0.022543626,0.035259634,-0.019469574,-0.030521898,0.095341496,0.005456301,-0.08294755,-0.07366967,-0.047720138,-0.0029070377,-0.009828286,-0.024859797,0.004809563,0.06873241,0.0073181903,-0.09757684,0.06437054,0.012213976,-0.039015573,-0.012168353,0.1022615,-0.029708598,-0.02251569,-0.0064527006,0.007345207,0.045521334,0.075182885,-0.17393464,-0.05656864,0.015604459,-0.1161651,-0.09221437,-0.055953003,0.045426,-0.008416598,0.07234931,0.037514567,-0.0068442076,-0.012996372,MLI
-0.08392923,-0.07211777,0.010835648,-0.062114324,-0.091089785,0.0648888,-0.0589437,0.079377964,-0.07856544,-0.018826108,-0.061275117,-0.054369938,-0.009484513,-0.101835765,-0.0654338,0.05841878,-0.014282034,0.029906284,-0.11266647,-0.084329836,-0.0055742343,-0.033533964,-0.03165852,0.024840532,-0.043140657,0.075924635,-0.14533383,-0.0015205772,0.079933405,0.0071888207,0.03505477,-0.038706843,0.061912663,-0.026226677,0.027400948,0.06449023,-0.0582174,0.0037302733,-0.0043031834,0.06609595,0.10707717,-0.050957136,-0.0715903,0.012092976,-0.06239899,0.062072434,-0.0158704,0.050710637,0.0037858393,0.09637858,-0.009403239,0.06534161,0.07838033,-0.07720375,0.016352113,-0.11182186,0.05713357,0.097164646,-0.039836086,0.016165346,0.044361435,-0.06753073,-0.02445731,0.024045706,-0.062237874,0.0122786155,0.035933685,0.064578265,0.034942977,-0.10258153,0.017800502,0.03230405,0.042619113,-0.0719053,-0.089833215,-0.040702283,-0.07828832,-0.025441531,0.07524462,0.033457153,-0.09338701,-0.07712531,-0.02099212,0.00076847523,-0.024293888,0.09321746,-0.03613197,-0.018037805,-0.03252326,-0.045947317,0.07753563,0.09719108,-0.04970616,0.016180022,0.08361852,0.05461416,-0.011143549,-0.044319384,0.072469786,-0.0046382155,-0.13921839,-0.028598437,0.10608208,-0.092037946,-0.070260495,-0.108562395,-0.022924148,-0.08912657,0.05976843,0.11022672,0.14377426,-0.07767069,-0.011485127,-0.027429327,0.057290643,-0.017806917,-0.0447955,0.023890663,0.11720652,0.044086296,-0.08677028,0.11306496,-0.06406766,-0.033491638,-0.08474545,-0.084835455,0.10934782,0.012863821,0.0359794,-0.035279687,-0.027487233,0.08246286,-0.053909726,0.0075528594,0.10510287,0.06547372,0.02972103,0.045846686,-0.025276009,-0.09656036,-0.024812136,0.026803605,-0.016937925,0.060902428,0.00504251,0.102297656,0.09818232,0.06473874,0.02123948,0.012472764,0.011300754,-0.098698735,0.050896585,0.025152203,-0.028252158,-0.0385928,-0.09032418,0.009806283,-0.017790873,0.05335336,0.035123385,-0.013400851,0.113245755,-0.0072816843,-0.08707331,-0.108021155,-0.011172263,0.07232812,0.080499664,0.049545057,-0.025919978,-0.039336897,-0.05690086,-0.00080459844,0.053435776,-0.0077728876,0.023271842,-0.10909763,0.0011818832,-0.0129321255,-0.02186723,-0.0602036,0.076200105,0.03388872,0.08619386,-0.036494784,0.023458766,-0.0131133655,-0.04278057,0.030176114,-0.009372612,0.035075344,-0.15044412,-0.03356167,0.002221402,-0.049091604,0.00038359687,0.050689906,0.072205,-0.03217228,-0.010799042,-0.043789767,0.048384227,-0.09693295,0.10746656,-0.0074846777,0.082727656,0.0075051254,0.061500162,-0.016067386,0.025575701,0.034280367,0.11878003,-0.0078603905,-0.038069725,0.07510058,-0.012154616,0.03230896,-0.023230327,-0.03330057,0.11823755,0.047519825,0.011358485,-0.10447989,-0.07434226,0.069862135,0.09005549,0.00469526,0.030768907,0.0713941,0.017491639,0.045904826,-0.08093849,0.0510889,-0.061710194,-0.029058013,-0.079967186,0.016565463,-0.032015048,-0.014672905,0.030745331,-0.04089945,0.05057002,0.0038012192,-0.00041601527,0.024779152,-0.12321482,-0.03767025,-0.0020463355,0.03270212,-0.07469838,0.08883186,-0.0003318563,0.09824832,-0.05017131,0.045900155,MLI
-0.04731572,-0.0971058,0.056919947,-0.01817366,-0.11178079,0.060625236,-0.04708315,0.06339403,-0.052847043,0.021793468,-0.06375705,-0.025558427,-0.009255175,-0.12982139,-0.03965909,0.04533124,-0.027632168,-0.0018981183,-0.11393128,-0.09371124,0.008181404,-0.0002493281,-0.051786847,0.04828276,-0.07345161,0.07323344,-0.15737635,0.012064415,0.08821991,0.014107098,0.0297428,-0.0534479,0.04587079,0.0124057755,0.027713194,0.051139988,-0.04601855,0.0047750394,-0.0062349094,0.082239434,0.08775735,-0.06534511,-0.08923533,-0.00090218254,-0.06941182,0.058469802,-0.021138022,0.01596804,0.033570394,0.09953706,0.008188272,0.08814177,0.08804853,-0.092939466,0.01584565,-0.12121323,0.059254885,0.093241885,-0.06632786,0.038943224,0.025677232,-0.05323623,-0.010258758,0.018750176,-0.071240894,0.02372209,0.04527116,0.046308294,0.005829949,-0.113979116,0.014634382,0.011011406,0.02980693,-0.09701589,-0.07366754,-0.024640273,-0.05284894,-0.00813831,0.08687205,0.06941334,-0.10240805,-0.046332948,-0.020933185,0.0014432366,-0.031672142,0.09161213,-0.051464166,-0.003257982,-0.019717354,-0.06616415,0.080310166,0.08088476,-0.037329186,0.022475021,0.08814571,0.030259382,-0.0116591845,-0.082066536,0.047447026,-0.04333736,-0.13169178,-0.04543985,0.10158779,-0.08089788,-0.036929406,-0.10301797,-0.0715941,-0.118251294,0.06856031,0.09181163,0.123502284,-0.08215356,-0.051061034,-0.021551043,0.055520196,-0.021315299,-0.07021758,0.01159748,0.117325395,0.045724347,-0.12017421,0.10654595,-0.050004445,-0.022597352,-0.06392506,-0.07375195,0.09324789,0.0073088626,0.010139499,-0.05678327,-0.06439569,0.038054854,-0.041945025,-0.0015702188,0.07161013,0.064676344,0.038002364,0.047872238,-0.021495853,-0.08931306,-0.025969043,0.00072733685,-0.0152376415,0.05604511,0.0024579254,0.09851645,0.10697678,0.08288103,0.022475732,0.00800167,0.0042576017,-0.06664012,0.021665828,0.04595214,0.008320646,-0.04676328,-0.077607244,0.024385503,-0.02218256,0.061631903,0.0077479514,0.0017840689,0.112167366,0.0030368418,-0.05573657,-0.08436571,-0.041795492,0.07781588,0.07677074,0.023946727,-0.014646684,-0.028827615,-0.027429176,-0.0056910417,0.041464485,-0.015421148,0.051748745,-0.11058995,0.010523378,0.00368765,-0.02044918,-0.07101266,0.08267315,0.08852938,0.08182085,-0.038453806,0.00800831,0.0016540177,-0.03240976,0.017240701,0.0010424848,0.06270841,-0.15337929,-0.03421631,-0.028900534,-0.06479074,0.05330105,0.08131078,0.1172605,0.009466318,-3.8079917e-05,-0.044652868,0.08515136,-0.07492545,0.10939838,-0.0065563004,0.078418694,0.0033955893,0.06377099,-0.0002676472,0.011683636,0.058538154,0.1065072,0.027870126,-0.03685315,0.065086104,0.0019600955,0.030068826,-0.050211094,-0.023248171,0.11044347,0.022910811,0.0021410394,-0.10712516,-0.05568052,0.085088246,0.07411192,0.006004313,0.01718259,0.053060077,-0.0045107407,0.04602747,-0.096434146,0.052227043,-0.066585064,0.0010104226,-0.07492724,0.007935304,-0.043467358,-0.04450541,0.00032894727,-0.039803136,0.04386004,-0.014870618,0.026792878,0.017835524,-0.116164066,-0.03153553,-0.00931204,0.021965723,-0.054491885,0.09905472,-0.0045301304,0.065843545,-0.032898907,0.05404231,MLI
-0.057595003,-0.06829305,0.0810649,-0.037013624,-0.032932192,0.09384312,0.011375431,0.051444873,-0.06775065,-0.058197748,-0.072989605,-0.031382028,0.034819786,-0.0971113,0.0048766895,0.03513849,-0.065825246,0.0046008467,-0.1149814,-0.13387096,0.023837483,0.04606892,-0.019823704,0.10406801,-0.07418357,0.064314164,-0.1445704,0.014035706,0.045473516,-0.06875506,0.03853651,0.039809257,0.0863968,0.03254275,0.009491206,0.03898652,-0.031816754,-0.04369704,0.047370944,0.10365011,0.08531767,-0.020244787,-0.09315665,0.060783364,-0.09872746,0.054040335,0.03173515,0.033501163,0.10026705,0.08761912,0.029907858,0.09279062,0.0735544,-0.06747267,0.029487416,-0.048336778,0.06465724,0.088014066,0.012634132,0.05861697,0.026251674,-0.046529964,-0.0639136,-0.042227417,-0.14551464,-0.009053887,0.02898511,0.010808029,0.06507516,-0.07673878,0.017263163,-0.000697969,0.021988776,-0.11136611,-0.053593382,-0.031378213,-0.07712259,-0.0017884038,0.056142822,0.025754243,-0.07034266,-0.11863951,-0.025398497,-0.10577022,0.012567165,0.031692024,-0.043779474,-0.026902098,-0.045121484,-0.093019545,0.06105481,0.0644357,-0.054712042,0.006365598,0.075273335,0.026964664,-0.064726785,-0.053983808,0.09466033,-0.032719966,-0.042704094,0.003451792,0.011208361,-0.0643674,-0.006866634,-0.10683006,-0.05852181,-0.06603148,0.063053966,0.0392167,0.1331601,-0.053647466,-0.03497364,-0.038888995,0.04290001,-0.034061875,-0.046512954,0.041719653,0.08656302,0.020808483,-0.07490026,0.06045624,-0.022692846,-0.031524945,-0.1037882,-0.039676007,0.048888847,0.028332697,0.034695916,-0.09275138,-0.041361067,0.09519746,-0.06818111,-0.01791196,0.09224301,0.05921247,0.09226022,-0.037259683,-0.027823268,-0.044577837,-0.05871484,0.036631312,0.0059379116,-0.021417476,-0.039666567,0.12992626,0.0816212,0.049912054,-0.040559612,-0.032187216,-0.0023601614,-0.03864429,0.08857049,0.045332547,-0.0406622,-0.070687145,-0.008330548,0.013871575,-0.05975294,0.058643047,0.04353003,0.012253271,0.078597546,-0.020876162,-0.031543355,-0.06356298,0.023862515,0.07619455,0.03270784,-0.0042447913,-0.012190074,-0.008460764,-0.0066411863,-0.040531468,0.06293791,0.030045092,0.11588827,-0.10993311,1.284061e-05,0.010103774,-0.08387573,-0.05482202,0.07511555,0.036002398,0.055700883,-0.071191594,-0.014135584,0.045507677,0.01680353,0.079843655,0.0029356994,0.05427607,-0.11582657,-0.027650714,-0.0098023955,0.017225679,-0.024873856,0.022681952,0.14200047,-0.058586534,-0.024891391,-0.008552488,0.02928993,-0.03567366,0.13561824,0.04383484,0.07153286,0.010302179,0.02840106,-0.00034710113,-0.041472964,-0.005438607,0.08841494,0.048904255,-0.03395253,0.040698014,0.024997726,0.03542552,-0.04315842,-0.047826257,0.067673676,0.039622832,-0.028446108,-0.092403695,-0.10386583,0.041053317,0.09046917,-0.0027504973,0.03371055,0.039114527,0.058661837,0.007780335,-0.13963616,0.04662914,-0.017295375,-0.0026661726,-0.05592829,0.05765865,0.014187808,-0.071413726,0.022785673,-0.052576922,0.0537052,0.021300107,-0.068599105,-0.0014242374,-0.062622465,-0.07880895,-0.031746615,0.009316856,-0.05767344,0.03277304,0.081449956,0.034688592,-0.009701065,0.02746994,MLI
-0.05794315,-0.010410259,-0.037779655,-0.11755814,0.030653588,0.038481522,-0.00550375,0.10479972,-0.10853352,-0.11774479,0.045247942,-0.022045644,-0.031031901,0.10872076,-0.051485475,0.043789744,-0.047549352,0.09401781,0.035019293,-0.04050948,-0.029766472,-0.011957489,0.038078472,0.0645214,0.07871416,0.008214224,-0.018823182,-0.03565202,0.028869156,-0.14743832,-0.011453452,0.029680785,0.103561506,-0.093145415,0.07043083,0.064859256,0.008636584,-0.037874237,0.08429146,-0.091078505,0.05620519,0.06867267,0.05452992,-0.019859392,-0.009286003,-0.12039485,0.042530075,0.060796857,-0.061843548,0.030502975,0.0057444647,-0.041870527,-0.0047390144,0.08309825,0.038355,0.08506401,-0.06727936,-0.01778926,0.07693998,-0.01572533,0.06742537,0.01684602,-0.0020934674,-0.049392752,-0.021215584,-0.050794072,0.087587014,-0.0033512572,0.11336287,-0.03470515,-0.022595119,0.06401162,0.045064732,0.040539578,0.035213385,-0.09993958,-0.13521323,0.02035088,-0.04340741,-0.010976214,0.09461579,-0.12090027,-0.0317293,-0.008889051,-0.012546662,-0.00041537918,-0.01012015,-0.0050627743,0.049060803,0.10017903,-0.0030194381,-0.03755407,-0.114861295,0.05599877,0.01400103,-0.0064389263,0.017464,0.1044191,0.10135612,0.08887248,-0.0269741,0.07267045,-0.044165507,-0.043308236,-0.020243794,-0.09332099,-0.019422196,0.06592334,-0.016102703,0.08346576,0.087047584,-0.03498495,0.050949223,-0.0338773,-0.013851453,-0.115839966,0.056883797,0.0063038757,-0.05091278,-0.034041926,0.07045475,-0.057176284,-0.119452804,-0.050389476,-0.007812041,-0.043100253,0.0037960093,-0.0011945209,0.0420853,0.042495515,0.15788415,0.07292709,-0.059983317,0.0068746908,0.076681636,0.040505312,0.0287832,-0.119528756,0.015085075,0.055616774,-0.011405725,0.016555058,-0.09609966,-0.039462715,0.0020314741,0.059090547,-0.019471632,-0.00496874,-0.082104295,-0.0059100217,0.061581947,-0.08377707,0.1430411,0.0061137527,-0.14501756,0.006344125,0.0023543392,-0.013094346,-0.009414561,0.11456813,0.0932776,0.009021208,-0.046695273,-0.03408821,-0.063746974,-0.083822936,0.14959398,0.013668481,-0.009842452,0.042073376,-0.05682875,0.053350657,0.0019826107,0.036480192,0.013965109,0.09144983,0.030388799,-0.041997135,-0.05255119,-0.03458396,-0.08677608,0.05975415,0.0063253976,-0.009819495,0.056480404,-0.06578339,-0.023533046,0.043543227,0.02141303,-0.07202392,0.020178962,-0.058417737,0.045847982,-0.022106046,0.0018678294,0.0060758404,-0.08464973,-0.12658507,-0.054838564,-0.010399331,-0.052500613,0.07288207,-0.058563747,0.00088964804,0.03223547,0.023937576,0.010819439,0.059138797,0.019872714,-0.054971196,0.009746892,-0.13805652,0.04025492,-0.06376282,-0.047681358,0.028790254,0.042725913,0.013216452,0.051211827,-0.05401496,-0.051256284,0.004978299,0.015595686,-0.023460895,-0.01970117,-0.02729898,0.03174864,0.090136446,-0.060429357,0.066634156,0.06852587,0.017106418,-0.073941,0.09084566,0.0093978215,-0.16940755,-0.03906451,0.00501741,-0.027722819,0.031629868,-0.018206429,-0.06593208,0.018675828,0.14029334,-0.11095108,-0.03209486,-0.0054020802,0.017963557,-0.05985265,-0.032727547,-0.07135126,-0.08488035,0.059879925,0.091169104,0.031061746,0.048868,GoC
-0.0017467015,-0.0465187,0.023739155,-0.08607197,-0.038647987,0.06115633,0.03573972,0.009398362,-0.044425264,0.01706345,-0.021933928,-0.027939735,-0.0137558915,-0.05037681,-0.051889833,-0.02652802,-0.10623893,0.0025868705,-0.03661063,0.04142557,-0.016868018,0.036394052,0.04098273,0.06993586,-0.030259455,0.10700311,-0.07994033,-0.033314377,0.032823835,-0.09092063,-0.014480139,-0.030821532,0.0632264,0.03589391,0.047363468,0.09131904,0.00508762,-0.018970722,0.118015006,0.0010974365,0.049822934,0.053978678,-0.057602987,0.040968474,-0.09960966,0.043963514,0.10206695,0.032238405,0.07438621,0.062251538,-0.002372188,0.073612146,0.0030614133,-0.008708846,0.019471481,-0.016571011,-0.030546611,0.004927692,0.03884777,-0.057092898,0.072770745,0.079471126,-0.004324819,-0.026483074,-0.1275152,-0.027790044,0.07089072,0.0375278,0.01640487,-0.06620308,0.016821258,0.13873726,0.056616507,-0.08322524,-0.08624321,-0.026324727,-0.07645055,0.0032671364,0.035827957,0.12469518,-0.052193105,-0.050976437,-0.0030748914,-0.03829746,-0.024592176,0.09973471,-0.17327525,-0.08865848,-0.0081031835,-0.040369954,-0.010137016,0.04081683,-0.12672153,0.015495243,-0.04248711,-0.055547595,0.0064342157,-0.0606564,0.0884722,-0.079344645,-0.053650036,0.07595423,0.023770444,-0.102167785,-0.092759125,-0.0939576,-0.12688759,-0.009312679,0.030234165,0.014139554,0.09560704,-0.09385851,-0.036891118,-0.0021193726,0.06411733,-0.05549839,-0.057548955,0.015259778,0.050432965,-0.08659606,-0.045760408,0.056621753,-0.055061117,0.086281046,-0.09668356,0.00048642978,0.100116104,-0.054264687,0.007724272,0.06206949,0.06490858,0.032567635,-0.0997504,-0.05564994,0.09687941,-0.03656423,0.07076867,-0.04436868,0.035430558,0.03242057,-0.071736075,-0.069730744,-0.03741418,0.009296256,-0.025850486,0.082919985,0.11226356,0.051063776,-0.03410011,-0.07018552,0.009887945,-0.067521915,0.070444465,0.051587142,-0.0872751,-0.058155216,-0.023012755,0.065269664,-0.08504899,0.032338955,0.03655976,0.027009288,0.025481196,-0.066485405,0.002352599,-0.0134588955,0.019204557,0.086414374,0.0564505,-0.005839352,-0.013971376,0.053966135,0.007602119,-0.06547354,0.07876915,0.05434098,0.08185438,-0.051463228,-0.0736761,-0.033853304,-0.015899774,0.0069386465,-0.0069978456,0.075196505,0.14325917,-0.13153298,0.023498073,0.1008411,0.0362058,-0.024041152,-0.009240283,0.039218795,0.007830134,0.03589406,-0.07715511,0.021164577,-0.050963547,-0.031016849,0.050607126,-0.004746243,-0.043726407,0.08195545,0.07915206,-0.02195894,0.10388935,-0.019049823,0.019544717,0.032000385,0.06741671,-0.07278732,-0.09105706,-0.010602947,0.1408174,0.057647094,-0.09784819,0.010254545,0.016415829,-0.0034854803,0.025140148,-0.011646491,0.012743865,0.029711576,0.06000129,-0.076762475,-0.09395013,-0.0040945085,0.045616258,0.030639622,-0.01406313,0.0012800805,0.07239051,0.060923204,-0.10254696,0.069224596,-0.045519672,-0.03181041,-0.03194922,0.10000405,-0.075719014,0.00727267,-0.028911544,0.058975514,0.023121197,0.059964463,-0.1415314,-0.05002374,-0.044083603,-0.09372655,-0.073410526,-0.0081580505,0.020688683,0.09950867,0.033961758,0.042680465,0.008845648,0.018501576,MLI
0.04238477,0.027178075,-0.10373905,-0.024992548,-0.048636958,-0.038247544,-0.13215658,0.038311362,0.027831638,0.036736246,0.036345564,0.0071423645,-0.049996175,0.04795348,-0.05980391,0.037725832,0.072422795,0.08379866,0.0065635405,0.04540363,-0.07953914,-0.11416915,-0.055794332,-0.112956986,0.05504262,-0.022151867,-0.019831324,-0.034087047,0.03655362,0.08399804,-0.01145253,-0.12816104,-0.021987524,-0.0983428,0.0189352,0.05082175,-0.031233933,0.110674806,-0.10244772,-0.036647197,0.02080909,-0.05845982,0.037537556,-0.08143984,0.09592196,-0.00083862594,-0.10578754,-0.01875368,-0.1233302,0.014420307,-0.08117921,-0.05447199,0.015241614,0.007615572,-0.0239205,-0.085981,0.0075380662,-0.032077022,-0.059444755,0.01241117,0.024251932,-0.025322367,0.032880872,0.10527778,0.09463964,0.039470226,0.01643817,0.054323092,-0.029975925,-0.05884397,0.006944248,0.013413905,0.054612357,0.045750782,-0.0020632595,-0.05470614,-0.009582173,-0.027708977,0.036038376,0.025974916,0.023907438,0.06762771,0.0075945356,0.18832427,-0.09772664,0.07685924,0.03462319,0.03777553,0.051195815,0.078892246,0.06879106,0.0115332585,0.009805957,0.038138278,0.028967123,0.066625684,0.0969819,0.04561381,-0.022462957,0.053451464,-0.105280995,-0.042746983,0.115123376,-0.07094389,-0.029364437,-0.0022630263,0.018215822,-0.017120909,-0.050741915,0.13858017,-0.011156459,-0.032818906,0.025622893,-0.0064608194,0.0061687883,-0.012245759,0.046965845,-0.028773207,-0.02193591,0.054171197,-0.023090027,0.040146686,-0.045635223,-0.057255305,0.07089403,-0.09907991,0.07479252,-0.018149503,0.035832696,0.054462727,0.047160555,-0.00695769,-0.003648376,0.043849744,0.005991537,0.034924496,-0.09864922,0.071443066,0.020396385,-0.10319656,0.05491332,0.010169317,-0.05800104,0.12705176,0.073273,-0.014771959,-0.024204472,0.011147593,0.081859745,0.07491487,0.031813443,-0.04842513,-0.0142177725,-0.05131244,0.020730376,0.083795205,-0.0822736,-0.042300932,0.07762572,-0.026605472,-0.016129851,-0.009094088,0.03193179,0.059142612,-0.100915626,-0.07673438,-0.03992254,-0.034903277,0.027400581,0.036660135,-0.02591578,-0.032704417,-0.03792344,0.036113672,-0.08860654,-0.0029153898,-0.12185602,0.016715527,0.019636944,-0.015634673,0.042865403,0.0013575964,-0.0017986223,0.04174175,0.036697734,0.050188255,0.016178913,-0.05999756,-0.07756318,-0.109590776,0.010705455,-0.036704857,-0.057039052,-0.0705228,-0.03607299,-0.15270777,0.02974864,0.07083291,-0.13506107,0.06164685,0.01826401,-0.04235453,0.036594823,-0.079374395,-0.061767004,-0.05864684,0.025613371,-0.019520625,0.027295642,0.012461204,0.12511829,0.01982757,0.037992816,-0.08322089,-0.027085528,0.05440817,-0.08439392,-0.014427137,0.002993552,0.016008317,0.0540997,-0.034801014,0.06117547,-0.0076349652,0.048898198,0.06534176,0.03786691,0.014647463,-0.05566424,0.048037603,-0.053039208,0.04804296,0.040207684,0.02531317,-0.07394469,-0.067778796,-0.056347184,-0.07930841,-0.06189099,0.08056195,-0.0063671907,-0.02379766,-0.0207112,-0.058564655,0.11447096,0.030266335,-0.05954568,0.100257486,0.06481992,0.06975733,-0.10456495,0.10397389,-0.10013313,0.09152457,-0.0121040875,0.07180508,PkC_ss
0.0042502694,0.020139854,-0.08362289,-0.00083197514,-0.023674453,-0.038902275,-0.13014075,0.040798545,0.02531697,0.0062990766,-0.004221662,0.015064002,-0.004578219,0.020760532,-0.04677029,0.042028066,0.0983304,0.07450915,-0.013974834,-0.020056175,-0.043083534,-0.0895004,-0.09424602,-0.105283454,0.0077248733,-0.06461115,-0.03412658,0.014775699,0.029638212,0.11752792,0.032709822,-0.08758876,-0.025751678,-0.065482706,-0.0057137366,0.018228214,-0.04169599,0.081967585,-0.13889486,0.003983603,0.004353404,-0.06832555,0.0040551666,-0.056897238,0.07859258,0.044183996,-0.13268884,-0.018046768,-0.11088495,0.030361567,-0.056200095,-0.02217164,0.039064348,-0.025826462,-0.027178988,-0.09609387,0.047441058,0.01917903,-0.074747294,0.06913305,0.015235014,-0.11278354,0.03744568,0.09722269,0.0965283,0.07849384,-0.0536788,0.039900526,-0.02036923,-0.047607634,0.008561123,-0.05234453,0.024171675,0.025067866,-0.00022345781,-0.01371182,0.015725102,-0.04113653,0.06652902,-0.06131787,-0.008431222,0.038932912,-0.006908072,0.14130107,-0.07213847,0.018476075,0.11703146,0.07042189,-0.010439777,0.024757836,0.07047463,0.036128692,0.075218216,0.026104987,0.08276552,0.090216696,0.07559997,0.030693334,-0.044136137,0.04245002,-0.08106311,-0.12213044,0.09945512,-0.042337403,0.003244006,0.031932965,0.09219776,-0.06566867,-0.0153588345,0.10306576,-0.008238055,-0.012187344,0.039626133,-0.03047395,0.0074175424,0.055913247,0.035745837,-0.01415792,0.018713923,0.10775289,-0.041841626,0.058698244,-0.0077863107,-0.076358944,0.039846048,-0.10133357,0.019018494,0.02247528,0.024697848,-0.011344492,-0.031314813,0.009662312,0.05948186,0.05698613,-0.012050885,0.04414162,-0.07149477,0.0948271,-0.026286935,-0.1427487,0.069936916,0.07886861,0.01179415,0.0896242,0.060636207,-0.011509319,-0.044735163,0.023251764,0.0849414,0.10074364,0.0051118284,-0.033565093,-0.011323464,-0.06671194,0.067196794,0.05550392,-0.101244844,-0.052967276,0.08100885,-0.05142373,-0.02184031,-0.046430815,0.057657823,0.052848704,-0.10944847,-0.08064814,-0.049510136,-0.039097175,0.022511723,0.059677653,-0.027353827,-0.09741205,-0.032159872,0.042677514,-0.06977694,-0.043076884,-0.1014344,1.6748574e-05,0.047292415,-0.0038729287,0.057437137,-0.0583048,0.033147156,-0.03756097,-0.010329995,0.15229931,0.022580344,-0.09632231,-0.064713925,-0.044320747,0.02934647,-0.033394873,-0.123018414,-0.08402372,0.037744418,-0.13065793,0.012604073,0.07982832,-0.07073859,0.011004447,0.028648617,-0.10432136,-0.010472973,-0.083724186,-0.044763,-0.02318808,0.030176457,-0.053737216,-0.008722315,0.042361163,0.14165008,0.06935465,-0.010261753,-0.08752763,0.02802321,0.04013113,-0.10601237,0.011314511,-0.008827944,0.015424193,0.09366579,-0.041487064,0.013710591,-0.0039037708,0.03790229,0.0953967,0.05701232,-0.0031231674,0.027033508,0.05636648,-0.065596715,0.034597598,0.06308198,-0.01462964,-0.04882697,-0.011954116,-0.042044867,-0.09851651,-0.0025368584,0.016075118,0.031044792,-0.042514887,-0.009913095,-0.09774268,0.15561953,0.04412498,-0.063859224,0.07125257,0.11211671,0.08879171,-0.106582865,0.046485215,-0.073895,0.04346573,-0.012899432,0.020824553,PkC_ss
0.003213191,0.027984664,-0.11674192,-0.01852096,-0.026142396,-0.055677176,-0.12869495,0.044771317,0.03232526,0.02085604,0.018013554,0.007812729,-0.01827099,0.041621685,-0.064944446,0.021492567,0.108531855,0.08129467,0.004836936,0.01269198,-0.04878102,-0.107335106,-0.08242279,-0.13359907,0.022585291,-0.04915644,-0.009074237,0.0015209713,0.010009916,0.121194854,0.017665869,-0.10309273,-0.033371218,-0.07456654,-0.0041870964,0.0141974,-0.035865653,0.07684021,-0.13766906,-0.020587008,0.0123048285,-0.04858175,0.023469973,-0.05757586,0.09372992,0.03256706,-0.12763721,-0.0073633026,-0.12509115,0.010904185,-0.06349069,-0.04251338,0.028599264,-0.012527946,-0.03356652,-0.074817576,0.037802406,-0.00033839094,-0.07053859,0.022068132,0.015541244,-0.088984616,0.0534649,0.0988789,0.12319411,0.08055264,-0.041304104,0.0480185,-0.03469457,-0.024571555,0.01113078,-0.035146624,0.032759268,0.052276604,-0.010981269,-0.016688082,0.017074646,-0.04670663,0.04885965,-0.05059406,0.00013845786,0.055037696,-0.0015871921,0.15826571,-0.072283536,0.03364677,0.10194354,0.0563031,0.00033067446,0.054298475,0.051923707,0.034999464,0.07237775,0.027303811,0.059077293,0.07980297,0.09059669,0.03571633,-0.05418569,0.046810973,-0.07602067,-0.08452405,0.09889355,-0.029890079,-0.019630728,0.041001327,0.09582078,-0.04580094,-0.03158351,0.10265312,-0.014587188,-0.004300948,0.05126463,-0.017091481,-0.0048634643,0.052234754,0.04245542,-0.023579156,0.008935384,0.08464046,-0.019888842,0.053662285,-0.022543836,-0.05965859,0.046564445,-0.0904502,0.035857443,0.012253918,0.025732242,0.025468599,-0.013437336,-0.012235798,0.06588676,0.054687466,-0.018107772,0.03858055,-0.075542964,0.099966496,-0.010673943,-0.12363147,0.07001281,0.07883931,0.005310338,0.099681295,0.06828983,-0.03663592,-0.052989557,0.011936791,0.090658024,0.088773355,0.014169147,-0.05949855,-0.021892242,-0.07671696,0.054585773,0.073969215,-0.104592405,-0.048123468,0.091695964,-0.05710359,-0.016766373,-0.04696683,0.038270324,0.05434855,-0.112050846,-0.071431145,-0.040340893,-0.05113487,0.035792645,0.07080191,-0.0324463,-0.09521306,-0.04969033,0.04120113,-0.06434474,-0.03739692,-0.13306758,0.01996976,0.034803282,-0.0032662326,0.07353282,-0.030188551,0.02271935,-0.045858048,-0.010245728,0.13266286,0.02993055,-0.10096519,-0.07359065,-0.05656135,0.02251203,-0.047080517,-0.08166523,-0.053501382,0.038059674,-0.13645588,0.0010011429,0.063842714,-0.11078332,0.015399424,0.02660944,-0.09950772,-0.0026580102,-0.08333375,-0.063363805,-0.03393496,0.016408622,-0.04298516,-0.0046103825,0.019596837,0.13162693,0.06900661,-0.012135499,-0.10863885,0.031618305,0.039909314,-0.10120809,-0.006344812,-0.0065354127,0.02507082,0.080366895,-0.030081194,0.037590623,0.0053459723,0.037630618,0.08730903,0.041457452,0.0066918693,0.014407421,0.056124873,-0.07149935,0.04022149,0.072268106,-0.002185643,-0.051972017,-0.025917664,-0.038847744,-0.09300594,-0.017304529,0.035141,0.033142008,-0.023010988,-0.016329827,-0.09407492,0.15570045,0.043228984,-0.05599749,0.06731164,0.10595524,0.082092285,-0.08179732,0.049864788,-0.09859749,0.05011974,-0.033059094,0.016263785,PkC_ss
-0.022033524,0.035884872,-0.14914182,-0.069893874,-0.038139854,-0.052809916,-0.11999211,0.05615183,0.018423684,0.009964339,0.037351888,-0.017277148,-0.021194128,0.057611592,-0.07788546,0.0016429927,0.0980435,0.10661476,-0.0093518095,0.015095423,-0.06609679,-0.12617454,-0.050644528,-0.13885115,0.05849655,-0.009123503,0.0153962355,-0.017579984,-0.017403377,0.091056466,0.010432841,-0.109922364,-0.022341575,-0.09130812,-0.019372992,0.036350273,-0.037820093,0.078191385,-0.11588642,-0.02271022,0.03537073,-0.014292922,0.027130613,-0.010760622,0.1083304,0.032244764,-0.08141593,0.0112248305,-0.11971511,0.0006602034,-0.069794975,-0.05860151,0.03505574,-0.013396513,-0.03447604,-0.03403058,0.030786969,-0.016238589,-0.029606273,-0.027339669,0.013255415,-0.06028204,0.043538976,0.081179366,0.12033666,0.06138344,-0.017568802,0.054409623,-0.013355173,-0.0076558907,0.012291854,-0.013837187,0.03665255,0.06838804,-0.043870933,-0.023278033,-0.00045617734,-0.06425557,0.01650374,-0.03408684,0.00029758643,0.028344838,-0.001655658,0.13739547,-0.06529648,0.05013381,0.091998644,0.023335095,-0.018439583,0.066881455,0.038271215,0.051049985,0.03924466,0.013937335,0.021866594,0.0827262,0.08486803,0.034621187,-0.023205059,0.042663146,-0.06712298,4.1089952e-05,0.08891743,-0.02718735,-0.07058621,0.023635468,0.10851815,-0.014744522,-0.0631994,0.09662001,-0.0016107988,-0.00028915145,0.06637222,-0.011029901,-0.0010199592,0.05381033,0.06505585,-0.007855651,0.0101383,0.05296621,0.01025619,0.0675201,-0.042905245,-0.041226443,0.029243134,-0.07104182,0.06891095,0.017932493,0.054690123,0.05939149,0.03580085,-0.015970407,0.0331887,0.03234418,0.007068821,0.02678997,-0.057333894,0.0741775,-0.0011872486,-0.10604519,0.04630343,0.07297313,-0.009392136,0.07703617,0.05606046,-0.039499506,-0.03296625,0.00331539,0.08237498,0.06667616,0.039578613,-0.10053119,0.0007227482,-0.08613895,0.018875381,0.06920755,-0.08800483,-0.060919542,0.09251911,-0.0635967,0.0007911511,-0.05427503,0.02635136,0.04623117,-0.11123496,-0.054440297,-0.018296363,-0.041069806,0.059643067,0.08793153,-0.040231563,-0.07274411,-0.08283235,0.03474457,-0.029714324,0.0028364016,-0.14497682,0.019623239,0.012573356,-0.010285775,0.05827347,0.029461525,0.015692621,-0.05876503,0.025741082,0.08572225,0.032307673,-0.10201785,-0.08516206,-0.031937342,0.0026154094,-0.065206155,-0.05317896,-0.008849205,0.05053935,-0.09889022,-0.0461164,0.01820387,-0.14046115,-0.009009337,0.023222797,-0.0798379,-0.004463134,-0.10281209,-0.04345803,-0.042225312,0.016112452,-0.032451037,-0.0011869184,-0.025456479,0.08708609,0.039037578,0.0023580708,-0.14454739,0.014283546,0.04144829,-0.068704024,-0.026434006,-0.0013781803,0.041980013,0.07993671,0.0238272,0.051120583,-0.0057447376,-0.016261712,0.07450161,0.0330487,-0.0054940623,-0.0035195448,0.0722639,-0.051836852,0.042604506,0.05695966,0.009832401,-0.055206273,-0.06232789,-0.048294205,-0.054400027,-0.0029902859,0.060543932,0.044879213,0.009259715,-0.009525516,-0.07716748,0.115673006,0.034528702,-0.054753788,0.0308378,0.09953248,0.0798253,-0.058454387,0.054525655,-0.10347763,0.077567756,-0.043087076,0.012950504,PkC_ss
0.008779134,0.016748551,-0.10721323,-0.018783545,-0.03308969,-0.037836444,-0.116139404,0.049600672,0.005875674,0.00399958,0.024617944,-0.0017684498,-0.029325515,0.045665562,-0.040212356,0.05183165,0.12673569,0.08243583,-0.008943762,-0.008259458,-0.059783217,-0.104233116,-0.0715613,-0.11795086,0.040860128,-0.0462626,-0.032656264,-0.01448019,0.02629165,0.091689974,0.025735684,-0.10093722,-0.030877847,-0.08054915,-0.0065951287,0.029249538,-0.051348224,0.079157576,-0.14559017,-0.009176336,0.0079642255,-0.07304901,0.03723602,-0.064674385,0.09908205,0.025063932,-0.12509328,-0.0032357008,-0.12427994,0.025204914,-0.06407657,-0.04235159,0.023212139,-0.019081643,-0.034280896,-0.08176099,0.046232928,0.012016766,-0.05659105,0.03848035,0.0013795784,-0.08147415,0.031537216,0.091985345,0.11271173,0.042061906,-0.018116347,0.04312994,-0.018351596,-0.04081909,0.010179256,-0.042129263,0.023385797,0.037750687,-0.0052321977,-0.05471336,-0.004635319,-0.04872232,0.03618571,-0.035393395,-0.0052546756,0.032391716,-0.0022194763,0.16430554,-0.084297225,0.0395751,0.09123792,0.06540007,0.0006153006,0.061258897,0.074973375,0.040605694,0.042411573,0.022726519,0.05027249,0.09674718,0.07167101,0.029501842,-0.039599337,0.0729913,-0.09449206,-0.08820301,0.11417104,-0.057175294,-0.012715671,0.027954243,0.078163065,-0.041142438,-0.034254033,0.13344681,-0.003987805,0.0057706432,0.04648941,-0.021597609,0.0072651715,0.01928329,0.05952062,-0.0036412296,-0.018433042,0.06451726,-0.013227824,0.04195187,-0.030344661,-0.06672365,0.055660777,-0.1056519,0.049938448,0.022690168,0.04051221,0.0009269142,-0.0034650555,0.010827743,0.04126031,0.06544472,0.0040093334,0.06511913,-0.08886404,0.08753461,-0.005601284,-0.12452161,0.06381915,0.077551946,-0.0060832137,0.09010818,0.07357244,-0.02969284,-0.056820273,0.022450808,0.08533919,0.08696854,0.034753375,-0.06002744,-0.006528601,-0.063526325,0.06104707,0.088402554,-0.083048284,-0.06690185,0.076335356,-0.03467393,-0.02442668,-0.031133536,0.049315907,0.059978783,-0.114092916,-0.06962344,-0.03626935,-0.040911004,0.022606801,0.06830394,-0.020146461,-0.07063785,-0.048337854,0.040988788,-0.08587696,-0.030860314,-0.13240474,0.013634311,0.026928168,-0.003147174,0.04150966,-0.041142706,0.008391079,-0.036365267,-0.020261599,0.12989497,0.021456413,-0.1046834,-0.07915175,-0.052211657,0.007945526,-0.041583724,-0.08739416,-0.084923476,0.02708708,-0.13820857,0.014104083,0.084089935,-0.10461465,0.014350075,0.027576508,-0.08880485,-0.013442973,-0.089436755,-0.05402073,-0.04590553,0.02181758,-0.04408143,0.0055443402,0.05057899,0.14239666,0.04278513,0.0062661506,-0.0908858,0.016416283,0.05230612,-0.084112614,0.012785333,0.0039547393,0.007631611,0.081033334,-0.016546983,0.032268807,-0.022600623,0.047370434,0.06493449,0.04075241,-0.007209368,-0.008509317,0.07276294,-0.0688263,0.030506402,0.065058954,0.0074404003,-0.05274037,-0.046105113,-0.04708362,-0.10420554,-0.008197952,0.059515014,0.028101185,-0.05411948,-0.0074098688,-0.08039267,0.15019259,0.052860156,-0.047023557,0.07549076,0.09177262,0.084737465,-0.09364701,0.04879781,-0.08685689,0.082847856,-0.009179643,0.06724752,PkC_ss
0.034736834,0.004774547,-0.019663218,0.026366998,-0.028478874,-0.0044763386,-0.11278181,0.04718169,-0.0034034979,-0.026427714,0.0009789784,0.012351755,-0.0046927407,0.0106114885,-0.016559506,0.092677906,0.061856937,0.059758306,-0.030854361,-0.07286166,-0.024102272,-0.055260718,-0.076575115,-0.041004356,0.011183819,-0.059488233,-0.089886904,-0.017040092,0.06937629,0.061700955,0.024240278,-0.068592265,0.0075213276,-0.05828637,0.028752806,0.016082944,-0.030119028,0.07550582,-0.13234988,0.03156711,0.0024101916,-0.077933654,-0.006682957,-0.073504575,0.05208167,-0.022173237,-0.12968516,-0.0012422556,-0.09297882,0.06134608,-0.035876993,0.0007283706,0.028846271,-0.02356289,-0.021748994,-0.091429785,0.03516641,0.04160669,-0.059121702,0.116232574,0.0075063105,-0.091715135,-0.0035876185,0.08534697,0.04406287,0.0318373,-0.028090803,0.03169981,0.025075912,-0.08951551,0.0038811245,-0.07421674,0.03721469,-0.0002612425,0.045595247,-0.061737325,-0.01408486,-0.019226119,0.047581285,-0.029253911,0.026187802,0.013048766,-0.011082904,0.11562523,-0.07268809,0.034219537,0.074782036,0.07789244,0.028245063,0.025362924,0.08416438,0.007194741,0.036282036,0.055366047,0.08175203,0.108284466,0.03284343,0.050461207,-0.01687619,0.05887089,-0.112479,-0.12981677,0.09824001,-0.06006916,0.059005465,-0.029023347,0.015357159,-0.09996042,-0.017864153,0.1342097,0.0073392903,-0.027451737,0.0077045998,-0.037730943,0.011868823,-0.015922243,0.034867138,0.00015181582,-0.01718473,0.09908408,-0.0617496,0.03603682,-0.0073925266,-0.11277008,0.049530152,-0.1303537,0.014613014,0.0482878,0.031865805,-0.05256958,0.0006309038,0.03267344,0.017764123,0.059997693,0.025568012,0.06602228,-0.07375992,0.048769757,-0.038924903,-0.12615673,0.048536137,0.039580606,-0.05436407,0.06259098,0.046519723,0.048684794,-0.045727707,0.027943302,0.050265975,0.08080721,0.023712184,-0.015129162,-0.0027757306,-0.033571985,0.03532229,0.0641097,-0.06820798,-0.04442285,0.07169136,0.015269144,0.018472493,-0.011528248,0.041122288,0.06104044,-0.09741093,-0.09528318,-0.011708989,-0.035058573,-0.011845577,0.018297365,-0.038527533,-0.051377673,-0.0059682326,0.046780944,-0.098754756,-0.016383518,-0.0679129,-0.013976208,0.04130376,0.0135843335,-0.01140889,-0.06727796,0.05537785,0.04701643,-0.008366156,0.10607054,-0.016028713,-0.033678513,-0.056275867,-0.058549494,0.034929298,-0.016194565,-0.11219593,-0.12754941,-0.010526876,-0.15521064,0.054743573,0.101103134,-0.03742607,0.051008515,0.015142669,-0.0799052,-0.014734256,-0.071617074,-0.0088492595,-0.010044829,0.06852558,-0.037646607,0.022755483,0.055539444,0.13788734,0.015984152,0.020757224,-0.05923381,0.0076010004,0.04300441,-0.07174106,0.025889045,-0.022669014,-0.017337916,0.06351921,-0.057983506,-0.0035089576,-0.0126714,0.047545034,0.08816424,0.059065185,0.017047204,-0.024101483,0.0765357,-0.040211577,0.0171315,0.005715858,0.011596635,-0.053081557,-0.029034236,-0.060586464,-0.10816421,-0.007546764,0.015811166,0.0023383554,-0.093986556,0.004958996,-0.03706368,0.115127906,0.047372088,-0.06023591,0.10348414,0.06745196,0.08495312,-0.14820448,0.023584306,-0.031225313,0.07221438,0.036263872,0.079283684,PkC_ss
0.040147934,0.002083202,-0.022700898,0.040223245,-0.029812299,-0.025662355,-0.101421714,0.024589125,0.0041211788,0.006352976,-0.0068600397,0.030763304,-0.017766792,-0.012364064,-0.01596425,0.07517661,0.08912529,0.022744054,-0.010735023,-0.01053947,-0.005730776,-0.06490218,-0.10287465,-0.05456508,-0.02905081,-0.074271485,-0.06603347,0.008064895,0.081452385,0.10185309,0.03281693,-0.06825956,-0.015433832,-0.04861347,0.0215316,0.0025166515,-0.035189465,0.057120606,-0.119641334,0.007889516,0.0023506363,-0.0972959,0.005839482,-0.09684088,0.03927326,0.03110242,-0.1476514,-0.018546721,-0.09039536,0.042495176,-0.047706865,-0.0114270635,0.023222782,-0.015467923,-0.018334396,-0.14320008,0.040709157,0.040214278,-0.09350063,0.089853026,-0.0059644096,-0.09416279,0.027758647,0.104782626,0.089561485,0.052052498,-0.031666506,0.037700415,-0.038150165,-0.079320684,0.008791902,-0.042249963,0.012325028,-0.0035997294,0.011405994,-0.029403303,-0.0004987321,-0.012869343,0.074264735,-0.035141785,-0.022403771,0.043039635,0.0051145633,0.14367938,-0.051874753,0.012934733,0.06466278,0.08305672,0.018412344,0.016569627,0.0856456,0.006764803,0.07728599,0.022940697,0.09014258,0.06438205,0.06138992,0.025497196,-0.04758969,0.046854667,-0.107915714,-0.15870643,0.116634846,-0.058013603,0.036678687,0.030794661,0.034995645,-0.08298538,0.025631607,0.10769674,0.006555724,-0.025377654,0.011475647,-0.024356168,0.011329005,0.011621664,0.0070283255,-0.029432863,0.009812912,0.08842156,-0.07720061,0.035124123,-0.0011916477,-0.07964675,0.054100133,-0.09755421,0.025167054,0.010947701,0.0015534675,-0.051629987,-0.064840615,0.020339267,0.05129241,0.07064549,-0.010818204,0.06574602,-0.08431922,0.10482289,-0.02283879,-0.12189272,0.06722752,0.062232554,0.004054468,0.11705178,0.062497042,0.0050618583,-0.04212869,0.048627265,0.0780731,0.083468884,-0.0017763982,-0.013365775,-0.03453335,-0.028895952,0.07835303,0.047201887,-0.10839724,-0.030850142,0.03423952,-0.0022968731,-0.024628893,-0.020081459,0.06541089,0.046979383,-0.10050775,-0.07845304,-0.05773812,-0.023941783,-0.0039188103,0.015535642,-0.008988571,-0.07422161,0.01720746,0.026928347,-0.082581565,-0.07731326,-0.055228766,-0.020456053,0.05427531,0.0035918818,0.042450625,-0.10060025,0.041070472,0.007817048,-0.022994936,0.13321222,0.025230598,-0.06866479,-0.054832157,-0.06416585,0.023701623,0.0012512496,-0.12177282,-0.111534774,0.0020446451,-0.15320478,0.08760141,0.12627217,-0.02575178,0.0439784,0.017503247,-0.08540865,0.0037096927,-0.058312573,-0.038130313,-0.032347776,0.03905375,-0.02785284,0.016631896,0.07617167,0.14446718,0.067400455,0.018589951,-0.010796111,0.020979073,0.047908876,-0.09738166,0.023584712,-0.003406046,-0.014799852,0.07938619,-0.07907189,-0.0044946666,-0.028288802,0.08432166,0.07530271,0.037015863,-0.0011756525,0.018174924,0.05116144,-0.06916265,0.014970459,0.04605409,-0.0015900752,-0.05283747,0.0071814135,-0.04600512,-0.10564307,-0.02867145,-0.0035354737,0.004731722,-0.07690663,-0.00039917498,-0.05975911,0.12354824,0.04765673,-0.06694582,0.09305194,0.075952955,0.060889304,-0.107432365,0.064426385,-0.057405647,0.028457118,-0.017303517,0.05671721,PkC_ss
0.018128334,-0.080966726,0.1141616,0.049420938,-0.033776034,0.06758349,-0.027488569,0.06603759,-0.10865437,-0.0828501,-0.04184241,-0.013929595,0.027803686,-0.032696337,-0.0065357005,0.1429262,-0.06275281,-0.014350925,-0.04648248,-0.10661627,0.046145104,0.052203137,-0.030523207,0.14422728,-0.033351757,-0.042493917,-0.1368242,-0.0011065076,0.14063504,-0.05014473,0.04842403,0.012313626,0.053250074,-0.024224585,0.101511985,-0.012772344,-0.025166107,-0.050945986,-0.027269572,0.042125482,0.026057355,-0.049700394,-0.015048043,-0.05577998,-0.09631925,-0.05518866,-0.084814414,0.04719378,-0.030162556,0.101705045,0.04153665,0.031946305,0.04532498,0.0025520264,0.03611174,-0.06034001,0.02049789,0.09423669,-0.0153154675,0.1053231,-0.00638003,-0.013977177,-0.0100580845,0.021621894,-0.018581398,-0.0391017,0.02666775,0.0011839349,0.052544173,-0.1078444,-0.0062338365,-0.022794683,-0.0016843288,-0.04938675,0.02901657,-0.04046674,-0.09622665,0.05187393,0.033304807,0.020750413,0.024824282,-0.07425088,-0.033509433,-0.0115724625,-0.0050038835,0.0026690324,-0.026171008,0.06425175,0.022689592,0.00017404859,0.08877829,-0.061181538,-0.03021491,0.08143896,0.11613019,0.041616015,-0.027928632,0.064635396,0.0101375,0.04005853,-0.09982099,-0.14321566,0.023313701,-0.060170922,0.09282238,-0.09332536,-0.10239212,-0.106793955,0.05237812,0.09711595,0.07748385,-0.05228073,-0.033525907,-0.043450177,-0.0072720586,-0.14029762,-0.0052859876,0.016300825,0.005622085,0.049114235,-0.08620103,-0.022282261,-0.049478535,-0.12065254,-0.00045824703,-0.081167236,-0.00490055,0.07217015,0.020394053,-0.09560524,-0.03671675,0.090024695,0.030394241,0.05272269,0.046944473,0.08023392,-0.013359119,-0.01867034,-0.014980409,-0.020049239,-0.013764376,0.017946495,-0.06527285,-0.014740108,0.014507012,0.1025299,-0.0002918113,0.07963328,-0.02068485,-0.0018167756,0.009756309,-0.025417667,0.040193204,0.054391913,0.0019210284,-0.023585455,-0.050071687,0.02725226,-0.05616795,0.13357228,0.04564767,0.035183504,0.058107875,0.0070447493,-0.029736467,-0.12244909,0.044238802,0.018955946,-0.037987962,-0.022570342,-0.051486917,-0.035423644,0.08451209,0.02673345,-0.016097631,-0.00974812,0.05798224,-0.097711325,0.023668729,0.012174774,-0.10060715,-0.111149006,0.07940606,0.100274704,-0.007069608,-0.006044596,-0.040475108,0.04945881,-0.015277943,-0.029119384,0.01645962,0.05508557,-0.08711791,-0.13104591,-0.011577598,-0.10819328,0.13370173,0.058906585,0.12082738,0.036273982,0.0027429587,-0.04263992,-0.01524885,0.025252659,0.08665387,0.014436487,0.08011478,0.031331822,0.03124455,0.062296756,0.084626876,-0.03863906,0.10029575,0.06342484,0.002435033,0.037834816,0.013167834,0.086203754,-0.043889746,-0.071682535,0.004590627,-0.07496408,-0.030224295,-0.09171568,0.08042435,-0.00051857065,0.06595097,0.070778616,-0.01334014,0.028277256,-0.020415444,-0.011716507,-0.09535044,0.058908504,-0.04458155,-0.065076366,-0.06557911,-0.057458885,-0.02462877,-0.067479596,-0.0242325,-0.13770783,0.03942532,0.11044669,-0.029933602,0.031072482,-0.057464723,0.08079745,-0.042910084,-0.026920078,-0.11378801,-0.0067088073,0.04718785,0.03421437,0.03693941,0.088710845,PkC_ss
0.101578295,0.014225518,0.05860197,0.10270684,0.03175836,-0.04246327,0.0703897,-0.10055061,0.089404956,0.12162356,0.050652824,0.06542767,-0.020541685,0.0043062074,0.054694604,-0.07533318,-0.069682196,-0.100435875,0.08572416,0.12978742,0.0068142964,0.053923726,0.059626974,-0.0075602536,0.007775222,0.029265307,0.111436866,0.0026506505,-0.04764591,-0.004075842,-0.06111912,-0.0049731797,-0.05594431,0.06295214,0.005672517,-0.03776919,0.06931249,0.02476088,0.037995007,-0.059800208,-0.06321591,0.030660879,-0.0040434008,-0.0355843,-0.019609217,-0.042967368,0.03841374,-0.07820157,0.0077382973,-0.05888587,0.012061443,-0.021809597,-0.07424389,0.025220323,-0.016394816,0.07091701,-0.08059881,-0.08668326,-0.003371749,-0.0752852,-0.027719846,0.100636885,0.012336304,-0.028671212,-0.00037196232,-0.033418473,0.0026087724,-0.08353261,-0.08215381,0.041233715,-0.008929649,0.05236665,0.00495875,0.028041184,0.036238927,0.0655998,0.0680978,0.028845858,-0.04344885,0.07447622,0.046970386,0.13285527,0.023543011,0.015904354,0.052822135,-0.029232915,-0.07281372,-0.004327734,0.09814501,-0.0069436487,-0.10146213,-0.06757213,0.0108041,-0.0032695937,-0.11675014,-0.10207626,0.025351753,-0.057495475,-0.05017198,-0.06035615,0.078999564,0.047160313,-0.06880691,0.070501395,0.02673037,0.064155206,-0.09065291,0.0735566,-0.032729622,-0.116116434,-0.10860039,0.025488975,-0.0366017,0.08073266,-0.017950442,0.001971778,-0.05108042,-0.05749522,-0.08036074,-0.03420934,0.015004113,-0.039385997,0.03463344,0.111003146,0.08462455,0.104923934,-0.06478577,-0.056577355,-0.05173286,0.07693167,0.013080069,-0.1075602,-0.0128477635,-0.037373126,-0.11307359,-0.10504454,-0.020353924,-0.019851258,0.029439978,0.09619147,-0.01810665,-0.14637546,-0.04114727,-0.015558545,-0.0044318526,-0.091044486,0.022809286,-0.036410257,-0.019917838,-0.045771297,-0.04384239,0.10077794,-0.113209784,0.03072583,0.04684678,-0.012484683,0.09831952,0.05051448,-0.01325449,-0.011948137,-0.053330384,0.040849257,-0.09811114,-0.009466726,0.11406046,0.10916766,-0.04768073,-0.017043028,-0.02031533,-0.085487515,0.044112273,0.08031977,0.0475355,0.01253661,-0.030434176,0.00016133487,0.044908784,0.080752954,-0.014394019,0.0137027465,0.0345908,0.10224028,-0.08617728,0.09019571,0.028145088,-0.087796465,-0.012739363,0.055759966,0.013697583,-0.069113046,-0.017831037,0.040043868,0.12591636,0.062315185,-0.08082636,0.040320024,0.08560893,-0.01279778,-0.02246429,0.10507186,-0.0014939373,0.09324767,0.078629635,0.09004822,-0.0604152,-0.030364944,-0.09117422,0.03533282,0.012682087,-0.014421216,-0.076409206,0.012172921,-0.06922877,0.08691777,-0.018546905,-0.07730807,0.036172826,-0.046471898,0.031615466,0.031181078,-0.08301855,-0.020298854,0.020495556,0.0629306,0.047482193,-0.078213245,-0.12938976,0.011132475,-0.062509045,-0.0765664,-0.02742217,-0.03454008,0.037408553,-0.04820949,0.016688783,0.042012706,0.06326383,0.041342992,-0.03397953,0.030626751,-0.100714825,0.082579724,-0.035218563,0.012917985,-0.019405337,-0.030767104,0.05657266,0.038358733,-0.066996634,-0.055683862,0.13604009,0.008836313,-0.031578343,-0.089081705,0.034317397,-0.011558314,PkC_cs
0.09361179,0.012774689,0.065559104,0.10472089,0.049484488,-0.047707997,0.08164696,-0.10616895,0.08428716,0.104541734,0.040145677,0.06033252,-0.006276874,0.005859388,0.0697587,-0.07305062,-0.059358478,-0.09822932,0.0918044,0.11303525,0.012918525,0.06326574,0.056202058,-0.0008521995,0.0021173176,0.0077556293,0.1178423,0.00786661,-0.056527205,-0.008519352,-0.052417964,0.027374644,-0.057023827,0.07043155,-0.010669942,-0.050190255,0.078963086,0.0044433908,0.04114548,-0.05831066,-0.08019375,0.027829584,-0.0025048968,-0.025437335,-0.014770356,-0.045767583,0.043020807,-0.07514097,0.027625382,-0.062181834,0.01863899,-0.013924544,-0.07826108,0.03718438,-0.0098469835,0.083196156,-0.07659623,-0.07813132,0.004411723,-0.058663443,-0.023065038,0.085102946,0.009812053,-0.03628162,-0.0067010056,-0.037836842,-0.010701968,-0.08869313,-0.073109195,0.06074865,-0.0016048274,0.03131729,-0.011480914,0.037528478,0.055323303,0.07477625,0.074882165,0.034787633,-0.039709993,0.04510283,0.054771774,0.11129298,0.028824475,-0.008195756,0.060056534,-0.058521137,-0.05274193,0.0026754597,0.08954422,-0.016186396,-0.10910315,-0.07639071,0.028918786,-0.014931016,-0.113308474,-0.1018908,0.008278627,-0.042474076,-0.0530001,-0.06067308,0.10100711,0.03599271,-0.0912365,0.08345718,0.041419618,0.077652656,-0.07051727,0.077683896,-0.02641179,-0.13099033,-0.11322161,0.047794387,-0.03521675,0.06989056,-0.023003917,0.015549451,-0.036113035,-0.046028584,-0.08146039,-0.035504643,0.03321174,-0.052083947,0.044920452,0.09590869,0.085247606,0.11573689,-0.091536626,-0.048375126,-0.06150843,0.050887782,0.0022773738,-0.10286927,-0.0007633236,-0.039828733,-0.115680724,-0.104277775,-0.008594952,-0.026611257,0.018070735,0.10651339,-0.014889452,-0.13021158,-0.024384333,-0.03217966,-0.009517934,-0.09673727,-0.00058704335,-0.044961635,-0.03195071,-0.042948514,-0.047432303,0.12535241,-0.10215296,0.03537497,0.045642212,-0.016128752,0.10909407,0.038795702,-0.013687164,-0.011188079,-0.05530227,0.039688304,-0.11031083,-0.017195318,0.11580506,0.11501555,-0.030661711,-0.022049049,-0.040754568,-0.08578013,0.05404792,0.077157535,0.061123103,0.009168028,-0.03224422,0.0006639119,0.050038546,0.084322475,-0.006903465,0.022762159,0.03003957,0.086895734,-0.08388324,0.061496217,-0.005169606,-0.066010825,-0.022478912,0.056093864,0.024886396,-0.054886587,-0.016958253,0.0292563,0.13007343,0.06256238,-0.06938256,0.06664474,0.07086706,-0.016558452,-0.011597543,0.09530093,-0.005312873,0.0904433,0.051292483,0.10187341,-0.070548266,-0.012496374,-0.08698879,0.034231666,-0.007911811,-0.0063334433,-0.066608444,0.005986235,-0.08414856,0.08684151,-0.0040625604,-0.08273007,0.036130164,-0.04210507,0.035833947,0.018424366,-0.09588655,-0.037094515,0.002686292,0.073253356,0.051675074,-0.087992266,-0.122319564,0.010132707,-0.045738645,-0.084043324,-0.016507484,-0.04837183,0.041099284,-0.06404236,0.034220815,0.05723315,0.077891454,0.032274388,-0.01588915,0.017509254,-0.09036358,0.0696398,-0.034566116,0.013641674,-0.021742605,-0.03263273,0.08272438,0.03430823,-0.06681975,-0.060305275,0.12732394,-0.02568378,-0.0076422263,-0.10054287,0.030458152,-0.026143905,PkC_cs
0.09430875,0.010947961,0.06508747,0.1022483,0.040907465,-0.042140473,0.076313846,-0.09736791,0.08298289,0.1069105,0.04710892,0.058789454,-0.014996547,0.00545697,0.06311518,-0.07267697,-0.06891757,-0.09845835,0.092558466,0.11439244,0.01677901,0.062363822,0.06034629,0.004516382,0.00524541,0.013217289,0.12102651,0.00047230406,-0.050836995,-0.012503622,-0.05315952,0.015725357,-0.055306528,0.06487298,-0.0005925853,-0.048532188,0.07518146,0.0088076955,0.03786522,-0.06176103,-0.076232135,0.028468803,-0.0030409049,-0.026981417,-0.012901099,-0.052752607,0.04000666,-0.07325803,0.017535623,-0.0581834,0.02116654,-0.014570735,-0.07549548,0.03484103,-0.013461063,0.08342346,-0.08302914,-0.07644795,0.0027754395,-0.06516911,-0.0262536,0.095793016,0.00948131,-0.033725325,-0.0034533609,-0.036720723,-0.0037956592,-0.090871155,-0.07615799,0.056036,-0.0033597746,0.03473936,-0.0053706923,0.035302598,0.046980172,0.07298169,0.07123786,0.03321637,-0.044767246,0.053772304,0.061664823,0.117067635,0.0247229,-0.0058200248,0.061577525,-0.05112917,-0.05683594,0.0009076921,0.09893534,-0.0115574,-0.107389554,-0.07420604,0.022811014,-0.008725628,-0.11545488,-0.10246156,0.011376063,-0.042231478,-0.05186787,-0.04979686,0.09613186,0.04183637,-0.08476891,0.08044984,0.037769355,0.06780788,-0.07708335,0.078273594,-0.02895328,-0.12678714,-0.109849654,0.044153593,-0.03803268,0.071930036,-0.024857987,0.0064307842,-0.03954022,-0.04931151,-0.08473626,-0.034965813,0.032801226,-0.05231545,0.038621124,0.09528606,0.087588765,0.11380417,-0.08244781,-0.05068681,-0.055722486,0.06617003,0.008773392,-0.1042438,-0.003882186,-0.041028984,-0.11394225,-0.104747534,-0.013772342,-0.028259933,0.027428161,0.10315199,-0.017398117,-0.1315079,-0.031707287,-0.028045606,-0.009970285,-0.09004344,0.0053599775,-0.040424433,-0.031038087,-0.0466215,-0.046420623,0.11364875,-0.106783666,0.033781383,0.044972464,-0.016479928,0.106335685,0.042173058,-0.014212016,-0.0050252816,-0.051152047,0.038923725,-0.109630845,-0.013310083,0.11538396,0.1101995,-0.02904373,-0.0201803,-0.038476937,-0.089485586,0.050318547,0.08074172,0.06390007,0.0115108015,-0.02996264,0.0038950504,0.05191508,0.07814284,-0.009613577,0.021775452,0.027782448,0.09781432,-0.08422126,0.0725645,0.005993463,-0.07726511,-0.022739504,0.05408843,0.019421386,-0.058654793,-0.016297229,0.02755091,0.13247308,0.063379705,-0.070335455,0.059411436,0.07667017,-0.019970166,-0.011897938,0.094227,-0.0047755674,0.093199335,0.06259588,0.10352273,-0.06678213,-0.016829906,-0.09262295,0.032920636,0.0008492677,-0.011910906,-0.07167912,0.004213752,-0.07701618,0.08662364,-0.011281849,-0.08347483,0.042585347,-0.040273912,0.03497465,0.020198766,-0.09460491,-0.029223766,0.007620287,0.06962223,0.051549017,-0.087094784,-0.12926449,0.007693672,-0.05429594,-0.08017233,-0.020118149,-0.044754386,0.03659054,-0.05450255,0.028874986,0.04798767,0.07028477,0.031895317,-0.022755878,0.019271368,-0.094465144,0.07055268,-0.029323198,0.01898675,-0.02329337,-0.034281936,0.07410853,0.0346187,-0.07204782,-0.06487669,0.13046405,-0.019412676,-0.013501844,-0.091592774,0.030565463,-0.018351154,PkC_cs
0.09446733,0.012948967,0.0619851,0.10514967,0.04539591,-0.044845916,0.07456276,-0.0902128,0.08185464,0.103872195,0.050076738,0.058416527,-0.0134218605,0.015663378,0.060952216,-0.07022087,-0.07206465,-0.08771596,0.094231024,0.114087805,0.0061837733,0.05909848,0.061860032,0.0006754189,0.017081682,0.012555098,0.12109229,-0.0020402912,-0.05185306,-0.016790805,-0.060693573,0.014970587,-0.053737137,0.056336466,0.00023764913,-0.04864954,0.07541819,0.009936128,0.035067625,-0.06559857,-0.07047893,0.039847903,0.0047802343,-0.034809493,-0.011680605,-0.06618515,0.03847952,-0.06484821,0.009701838,-0.06481889,0.022201456,-0.023291558,-0.07503734,0.03733778,-0.012983695,0.092209056,-0.08407779,-0.080178365,0.01014535,-0.073093496,-0.02615295,0.099834025,0.01725208,-0.037253384,0.0064603114,-0.041070484,0.0015858687,-0.084782526,-0.067269884,0.058322433,-0.006844201,0.040250245,-0.0068264506,0.04511413,0.05035548,0.062345296,0.061615944,0.03445472,-0.050317757,0.057237856,0.068283275,0.11324607,0.023136904,-0.0005091978,0.062162127,-0.047886312,-0.05603,0.0020504436,0.10254873,0.0064397766,-0.1060459,-0.082634315,0.014311201,-0.0045438213,-0.11426657,-0.10238236,0.016453043,-0.031029869,-0.050446525,-0.048245154,0.08987989,0.046307735,-0.0822732,0.08341612,0.03290562,0.0632074,-0.08117986,0.08016685,-0.036487587,-0.12387416,-0.11012748,0.042195894,-0.027453102,0.0752261,-0.030827543,0.002045214,-0.036177583,-0.05183833,-0.0881839,-0.03833808,0.041697513,-0.05743706,0.029925153,0.09395915,0.08249396,0.10864775,-0.07969341,-0.043932475,-0.051911578,0.06620958,0.018862946,-0.104849756,-0.0038423846,-0.0357114,-0.115477026,-0.10318561,-0.01371495,-0.032424636,0.029057745,0.10923533,-0.017151464,-0.13661246,-0.046026804,-0.037276685,-0.010232354,-0.09250094,0.0028684088,-0.04039274,-0.03076141,-0.04672917,-0.039423592,0.104416706,-0.10328318,0.03183565,0.038935408,-0.00857028,0.10692349,0.039721124,-0.0068443953,0.0025805347,-0.039261423,0.044720296,-0.11192234,-0.01050023,0.115531385,0.10678881,-0.01944716,-0.024457963,-0.038336445,-0.08028435,0.04257085,0.08080018,0.056517504,0.016489327,-0.032220677,0.007109775,0.04083035,0.07923739,-0.01087071,0.019550532,0.02208424,0.101941735,-0.07997407,0.074432984,0.0073000626,-0.08416946,-0.027248934,0.058983766,0.0134928385,-0.0653205,-0.022723814,0.025779152,0.13606364,0.06584261,-0.06901661,0.049650066,0.07997996,-0.025843274,-0.018580606,0.10335804,-0.004087657,0.09644062,0.0587558,0.100306444,-0.06822746,-0.015798517,-0.08963384,0.04284004,-7.5443415e-05,-0.0130290985,-0.070701726,-0.0045617847,-0.07530694,0.072411574,-0.005328506,-0.081332326,0.0472152,-0.043836005,0.03091792,0.021578016,-0.09964834,-0.026763128,0.008686193,0.070088685,0.053015225,-0.09438509,-0.12557496,0.017819796,-0.06561427,-0.07818355,-0.024744939,-0.04662135,0.03277989,-0.04857166,0.025898255,0.03351801,0.072081566,0.031027481,-0.029355984,0.025545385,-0.09552917,0.06447782,-0.03706883,0.02993048,-0.023007829,-0.030509682,0.07349912,0.041169267,-0.077652425,-0.063389435,0.12712762,-0.022690581,-0.018475655,-0.083597146,0.03229606,-0.01635622,PkC_cs
0.09002431,0.019320823,0.06267854,0.0980106,0.04905905,-0.04422217,0.079424635,-0.09939809,0.08245502,0.09140758,0.050250784,0.059417054,-0.012033636,0.018235292,0.0685451,-0.071061105,-0.057062827,-0.09141682,0.09399881,0.11016876,0.020048253,0.06056582,0.057858903,0.0044652256,0.0076036854,0.0016888827,0.12406725,0.004204861,-0.056275778,-0.016666288,-0.049113438,0.027801007,-0.052156083,0.06404681,-0.00682769,-0.049346887,0.078663245,0.00544876,0.037056997,-0.062840275,-0.07908718,0.031497434,0.00372617,-0.025191186,-0.0050785607,-0.054795843,0.03778021,-0.07082045,0.01753804,-0.058771223,0.02286134,-0.014543082,-0.07881318,0.03866322,-0.01171052,0.091234714,-0.08242605,-0.07390514,0.011119083,-0.059073523,-0.02515472,0.08343481,0.0075210338,-0.036881026,-0.006641168,-0.035202093,-0.010264707,-0.09206158,-0.069204256,0.060907803,-0.0026746367,0.024655227,-0.0042878464,0.039636403,0.058045488,0.06825848,0.07232684,0.0322439,-0.0478413,0.035847697,0.06363431,0.11030805,0.025412912,-0.007602318,0.058720633,-0.06250054,-0.042985104,0.0063289646,0.09057982,-0.013673628,-0.10914524,-0.07613351,0.024241949,-0.0089319125,-0.11724489,-0.09297,0.011030812,-0.031683248,-0.050466433,-0.04666522,0.10060233,0.036872134,-0.095685646,0.08953329,0.042387165,0.07679295,-0.06778456,0.0794345,-0.030766498,-0.12935692,-0.11213921,0.049256552,-0.035130374,0.069985114,-0.022858696,0.010977458,-0.030106917,-0.045463115,-0.09109409,-0.034487654,0.039465472,-0.060947325,0.04559092,0.09341583,0.087074995,0.11349568,-0.09441812,-0.04505456,-0.05305168,0.055008948,0.012832459,-0.10207097,-0.0011554277,-0.036268774,-0.11533318,-0.1019523,-0.016941592,-0.034486655,0.019522388,0.10375056,-0.01325558,-0.12715712,-0.026171258,-0.03226907,-0.013758187,-0.091335,-0.0033445088,-0.04621449,-0.037386104,-0.04203167,-0.042137474,0.11809212,-0.10110829,0.02915309,0.045594327,-0.018271323,0.10767843,0.036292158,-0.009341276,-0.00906422,-0.048859984,0.037313335,-0.11296185,-0.015400406,0.11489992,0.11344741,-0.022520758,-0.027041893,-0.04584586,-0.08573655,0.044659898,0.072522126,0.06227177,0.012627617,-0.03336943,0.0027455706,0.044970676,0.08712438,-0.010388592,0.023315616,0.023753975,0.09044927,-0.0821463,0.05558259,-0.0053459993,-0.06016545,-0.021298477,0.04868316,0.027928893,-0.05016111,-0.013484992,0.021072108,0.13338473,0.057359815,-0.060314327,0.0645786,0.06928393,-0.026422288,-0.014612973,0.087856635,-0.004525154,0.09083685,0.047393158,0.104328826,-0.070383355,-0.012782611,-0.09198521,0.025570743,-0.006257089,-0.009269123,-0.064922675,0.00015135016,-0.08579599,0.08147232,-0.007878931,-0.083460234,0.03511851,-0.04330055,0.037747663,0.021427557,-0.09346789,-0.030447796,0.0027674746,0.07860159,0.05198822,-0.08814128,-0.12531942,0.0031626164,-0.046668764,-0.07614094,-0.01816555,-0.049071368,0.043361537,-0.061934218,0.03603455,0.046809554,0.07703045,0.02510895,-0.0075661745,0.016147904,-0.09087015,0.063595206,-0.03145664,0.016712446,-0.025621142,-0.035896685,0.08202025,0.034175973,-0.064446814,-0.057796326,0.12456262,-0.03582938,-0.004238682,-0.09829821,0.037033126,-0.020180132,PkC_cs
0.09554602,0.012104744,0.07311959,0.102348894,0.047745403,-0.047006696,0.08434329,-0.10723959,0.08323929,0.099115625,0.03790529,0.06135136,-0.008370514,0.0014177073,0.07191718,-0.073660076,-0.05463338,-0.1023249,0.08938772,0.11095071,0.025037127,0.06592056,0.054086253,0.0010151877,-0.00732085,0.0035561817,0.11337094,0.005879103,-0.051928353,-0.011041385,-0.047286533,0.030362934,-0.055549756,0.07581489,-0.010230666,-0.053560004,0.07725319,-0.0004362231,0.03991332,-0.05443981,-0.08231164,0.023511281,-0.0048693223,-0.02781424,-0.015404217,-0.04035484,0.04021758,-0.07978139,0.028185068,-0.05796506,0.019669294,-0.006534883,-0.08104694,0.034164026,-0.004772228,0.0771076,-0.07363374,-0.0710484,0.00025140727,-0.05620153,-0.023209292,0.07724982,0.006930916,-0.034876447,-0.009332536,-0.033338927,-0.014679749,-0.08818887,-0.078888014,0.058133245,0.0045461804,0.02947219,-0.009883933,0.029170576,0.053332955,0.076497555,0.07333012,0.035166614,-0.037196144,0.04000959,0.047892123,0.11414933,0.029158633,-0.006887763,0.05814826,-0.059419032,-0.054371018,0.005129344,0.08707662,-0.02434008,-0.10592081,-0.075292334,0.03422259,-0.015551905,-0.11161194,-0.10120352,0.008083359,-0.044992168,-0.054792102,-0.05820238,0.09660054,0.028910154,-0.08565617,0.08249994,0.04628648,0.08156588,-0.07445623,0.06961277,-0.023130674,-0.1369594,-0.11005925,0.045769833,-0.039245427,0.06796663,-0.019624326,0.015316449,-0.039778322,-0.044350453,-0.08038579,-0.033751607,0.02957008,-0.05658779,0.047249593,0.09624748,0.08573584,0.117107764,-0.09504611,-0.052475654,-0.06395255,0.044449184,-0.0024022497,-0.10130158,0.0028835447,-0.03978174,-0.11621696,-0.09892161,-0.012788534,-0.02266846,0.01844449,0.09772366,-0.014620514,-0.12337177,-0.018185182,-0.023857724,-0.01420566,-0.0928284,0.0007250905,-0.040476367,-0.032001287,-0.043740403,-0.04713866,0.12322284,-0.10594781,0.036231842,0.052823424,-0.020582233,0.10741246,0.039643362,-0.018809041,-0.01131941,-0.05813226,0.03963939,-0.10701054,-0.02081227,0.115845725,0.11682988,-0.03675257,-0.020688867,-0.044550747,-0.086312905,0.05440917,0.07201247,0.07000905,0.005922909,-0.029770812,-0.007284886,0.05613473,0.08586125,-0.007562187,0.023715414,0.03392806,0.07127011,-0.07947628,0.057668507,-0.014296127,-0.055559892,-0.01688423,0.051843785,0.027676534,-0.051934183,-0.014984211,0.031918563,0.12879167,0.056010365,-0.06429952,0.06209752,0.07612536,-0.011023821,-0.006224546,0.09291506,-0.007192828,0.08936164,0.051287014,0.10791224,-0.066374704,-0.009027761,-0.085878305,0.029073603,-0.0005888571,-0.0018755356,-0.06595507,0.011409799,-0.07739455,0.09721032,-0.002419487,-0.08167474,0.029742185,-0.038358264,0.03870029,0.014917901,-0.08736202,-0.043690898,0.003939855,0.071793444,0.055673867,-0.08601398,-0.118980706,0.00817778,-0.034269862,-0.08534492,-0.020139292,-0.051987533,0.04463875,-0.06815535,0.034593277,0.06523861,0.07929872,0.027891925,-0.012479864,0.01304723,-0.08862662,0.06746027,-0.030958753,0.011546782,-0.023845911,-0.033995017,0.082852304,0.030877005,-0.0667773,-0.058865055,0.12442382,-0.02534627,-0.004008242,-0.10193619,0.029095525,-0.023613025,PkC_cs
0.061120808,-0.01787203,0.10297449,0.07718827,0.013536785,-0.004066929,0.09010093,-0.056414552,0.045461968,0.07733877,0.025842294,0.018880833,3.028824e-05,-0.018478319,0.050414708,-0.054624654,-0.11262418,-0.07789232,0.05384711,0.07286434,0.030942053,0.082113,0.08134624,0.049415372,0.00047371024,0.050036624,0.08359006,-0.006233894,-0.033035837,-0.056311585,-0.06394699,0.033025227,-0.026572745,0.063958175,0.012770097,-0.04297366,0.062782615,-0.025434129,0.06598514,-0.040901035,-0.048807535,0.043761507,-0.017984519,-0.0046878047,-0.054712888,-0.0709313,0.07425746,-0.022384766,0.04744382,-0.033111483,0.04976915,0.0053263935,-0.050865036,0.015147946,0.008301412,0.091767296,-0.066669464,-0.04846121,0.02902811,-0.08965555,-0.01142101,0.110879876,-6.573729e-05,-0.06497385,-0.03880689,-0.04739753,0.039815832,-0.06145163,-0.044824623,0.051765006,-0.00054964656,0.049059946,-0.0053343237,0.012212337,0.028011236,0.050888933,0.031773694,0.03610701,-0.06295623,0.08471702,0.039376162,0.06126953,0.009406304,-0.059929177,0.07994725,-0.026150152,-0.1015574,-0.021412082,0.09466024,-0.0045597153,-0.08494194,-0.07173716,-0.033262067,-0.012470074,-0.09422158,-0.10499042,-0.018552825,-0.039438877,-0.0006896686,-0.05223722,0.061731298,0.080965005,-0.07111944,0.0674325,0.010596945,0.008036954,-0.124231756,0.04888031,-0.020522363,-0.122197345,-0.05636124,0.022344116,-0.047089342,0.06039834,-0.027498407,-0.035395678,-0.052526303,-0.03339901,-0.051750503,-0.06241932,0.036074936,-0.043932702,0.004507511,0.08407195,0.033933066,0.106628716,-0.039641492,-0.029447235,-0.03355366,0.058363385,0.023818549,-0.07874879,-0.030624153,-0.053422064,-0.07307236,-0.0903569,0.012016662,-0.061180577,0.03691586,0.115613244,-0.053674556,-0.13210931,-0.06465155,-0.050136074,-0.038781106,-0.04145609,0.030689295,-0.01577932,-0.054788858,-0.086449906,-0.02872607,0.073929615,-0.08412118,0.060730595,-0.00053841434,-0.036964793,0.09954813,0.06334884,-0.023684949,0.046180997,-0.0068194997,0.046319883,-0.09574107,-0.024685718,0.11663228,0.08568884,-0.001559116,0.013111381,-0.020436268,-0.07908975,0.03230111,0.084484205,0.04671001,0.0027523343,0.014916777,0.027076786,0.077418536,0.040618487,-0.015227713,0.018981054,-0.011644555,0.08808702,-0.05584165,0.10093318,0.023988687,-0.1511535,-0.042922735,0.08641328,0.01266554,-0.028979756,-0.045249917,0.049147274,0.11831516,0.07820157,-0.07924725,0.06270409,0.073641196,-0.046260655,0.03596034,0.08963095,-0.00082224415,0.10871603,0.081387624,0.10276984,-0.011568069,-0.0009133448,-0.047493074,0.069104865,0.022945888,-0.038190678,-0.10345678,-0.022239143,-0.02684448,0.08162588,-0.008048601,-0.059673324,0.08298181,-0.024057455,0.008517474,0.00101355,-0.09744744,-0.0021010176,0.009710062,0.03559513,0.007229088,-0.09933526,-0.09850262,0.023726247,-0.07026122,-0.07732049,-0.0071260403,-0.04159827,-0.021038676,-0.016865596,0.024864724,0.022086587,0.05224952,0.06087678,-0.046003085,0.01645165,-0.08920613,0.05260964,-0.011526175,0.06550813,-0.070454955,-0.023431638,0.06719881,0.008275226,-0.12120655,-0.08836998,0.115587264,-0.009719612,0.007285998,-0.052902892,0.01870865,-0.006374974,PkC_cs
0.058880128,-0.005206083,0.08142388,0.056950193,0.012257066,-0.0053439215,0.09435716,-0.07578746,0.06070762,0.09581831,0.01652812,0.028937316,0.0095914835,-0.029196955,0.04583983,-0.09055665,-0.09928692,-0.088652946,0.04220004,0.09073172,0.021966236,0.06901581,0.08319594,0.029464208,-0.005705982,0.07727282,0.09149885,0.0044783168,-0.055176213,-0.04788229,-0.058199327,0.025643328,-0.032546125,0.0853951,-0.011215109,-0.03529734,0.0629934,-0.0142646395,0.075089544,-0.02016978,-0.040249925,0.06121683,-0.029592138,0.02967957,-0.057887405,-0.012457697,0.08418248,-0.03403997,0.0683468,-0.045495532,0.036139112,0.017198391,-0.04100457,-0.004986667,-0.0019040469,0.08548552,-0.057286166,-0.05008233,0.035922855,-0.10252987,-0.01609539,0.1077964,0.0018942803,-0.059699334,-0.055923726,-0.032683887,0.018629327,-0.06092441,-0.052905787,0.053089455,-0.003158684,0.058362752,-0.0040775537,-0.0056869583,-0.010397852,0.06428646,0.041386314,0.01950989,-0.04779161,0.087616846,0.006779827,0.0652647,0.017660838,-0.054557085,0.071721375,-0.021205511,-0.095451124,-0.0425838,0.0507231,-0.03460089,-0.08933019,-0.035914473,-0.02094745,-0.024361752,-0.11443643,-0.104170114,-0.016421512,-0.07508293,-0.00842352,-0.08883857,0.079663575,0.09336336,-0.07317223,0.07015473,-0.023779469,0.028201545,-0.10212378,0.061031617,-0.021071028,-0.13554785,-0.054372575,0.020509362,-0.04267521,0.06702559,0.00010044221,0.016786657,-0.06378465,-0.027463034,-0.02538298,-0.06524611,0.016096115,-0.015197808,0.022222118,0.123824105,0.016545381,0.11208309,-0.035490714,-0.04816001,-0.034180425,0.06217472,0.009699706,-0.08531511,-0.029911635,-0.06315338,-0.07386277,-0.09892446,0.03244882,-0.044399694,0.029032474,0.10478517,-0.05795887,-0.12885633,-0.024644157,-0.052273214,-0.041368805,-0.05785544,0.05848462,-0.026651692,-0.04501755,-0.08468823,-0.03463549,0.06521986,-0.08521518,0.042707197,0.016367188,-0.053140134,0.10075627,0.060689874,-0.030515138,0.0043992307,-0.01687193,0.032721967,-0.08412994,-0.03158044,0.1249433,0.11286677,-0.022839192,0.017196186,0.006724517,-0.07465415,0.035129536,0.07373467,0.02552328,-0.015025619,0.03935909,0.018262347,0.06641368,0.041573238,-0.025942357,0.013359862,0.019082282,0.087364405,-0.06291573,0.06908949,0.040821936,-0.12992835,-0.023917606,0.07092078,0.026954954,-0.00027967617,-0.043716542,0.048345998,0.10946904,0.10595741,-0.06832945,0.09105015,0.038529616,-0.044475973,0.03322474,0.059618592,-0.008469371,0.0957917,0.0792876,0.07672784,-0.0006048642,-0.009331218,-0.06616269,0.04675386,0.015005334,-0.04899735,-0.12744063,0.0051642787,-0.025845986,0.081560254,-0.0208134,-0.0688622,0.075092174,-0.044879332,0.015214704,0.027326386,-0.065446645,0.034968168,0.014279521,0.024290482,-0.025943566,-0.07525912,-0.10551837,-0.0102162305,-0.0410672,-0.07724535,0.0069349254,-0.027063785,-0.013729409,-0.037131205,0.020217897,0.047120947,0.060125932,0.08795455,-0.033796176,0.005099945,-0.0700024,0.09352803,-0.009717342,0.035434652,-0.076008365,-0.033730477,0.048493676,-0.041582596,-0.09630534,-0.053554703,0.14920348,0.01932744,0.0039370637,-0.07858822,0.010046493,-0.038402796,PkC_cs
-0.059008844,0.029897671,-0.07045784,-0.09502957,0.040555965,0.03173129,0.012604077,0.06315048,-0.030698938,-0.10035895,0.08168523,-0.036972,-0.013594547,0.12066863,-0.05520446,-0.01771885,-0.016525067,0.08758641,0.03741306,-0.011388783,-0.025162814,-0.0048240763,0.064297296,0.029421397,0.11739938,0.03850703,0.06307883,-0.030674923,-0.05296053,-0.11240738,-0.040325467,0.032163993,0.053895853,-0.058647953,0.029889513,0.024567802,0.016211763,-0.038337737,0.03194588,-0.07496253,0.028175779,0.11197859,0.09023626,0.064616874,0.0373337,-0.09462599,0.06934583,0.09573901,-0.01759107,-0.028212471,0.028977718,-0.06511514,-0.0008314091,0.054249212,-0.003929683,0.14336666,-0.044022407,-0.040891,0.12124344,-0.07686488,0.009254171,0.06522477,0.027753707,-0.07517028,0.0044861096,-0.045805857,0.04401966,0.012926423,0.08918874,0.06019394,-0.014281156,0.0322708,0.018244332,0.039496392,0.0059591867,-0.07059937,-0.07035954,-0.001078411,-0.08163056,-0.027820513,0.07182088,-0.06611073,-0.01431126,-0.07441808,0.023815513,-0.0056833,-0.006521737,-0.04223485,0.002960424,0.11231497,-0.05721717,-0.035349365,-0.112645864,-0.0092828665,-0.059225686,-0.0066431807,-0.0035671527,0.10291593,0.078775726,0.072175294,0.035173252,0.14679855,-0.07497347,0.038643166,-0.061732106,-0.05833879,0.033193275,0.07328446,-0.06165959,0.012972513,0.02373015,0.027214248,0.05751176,0.0062246304,-0.040279996,-0.04079888,0.08001877,0.013029666,-0.049971864,-0.08157337,0.12880215,-0.043867476,-0.055628844,-0.010843491,-0.039585106,0.0071126106,0.037210487,0.014292659,0.062092245,0.085588776,0.15162736,0.0020625736,-0.058249667,-0.019869149,0.034487955,0.004699344,0.033657685,-0.102951825,0.02198474,0.091739975,-0.027177293,-0.006457478,-0.06815511,-0.091884725,-0.01886328,0.010680646,-0.035544604,-0.064287916,-0.06402778,-0.04465599,0.036564298,-0.08271299,0.08489978,-0.018503323,-0.13677193,0.0047033187,0.021162944,-0.030487131,0.018226258,0.05119961,0.10113911,-0.008840859,-0.078626044,-0.012796231,-0.022179186,-0.01008563,0.14234178,-0.012500899,-0.0051726997,0.058427062,-0.056175437,0.021551253,-0.06336308,0.01913196,0.030805456,0.105155855,-0.013442705,-0.010742009,-0.045129314,-0.009898766,-0.07106486,0.11458042,-0.01519132,-0.05542406,0.040799208,-0.06839368,-0.024135321,0.039913915,0.028626751,0.016153898,-0.021417677,-0.06874198,0.10827944,0.080792494,0.048801497,0.07345918,-0.11954178,-0.18175933,-0.052967113,-0.052561402,-0.027168294,0.06993241,-0.05826898,0.002300038,6.3913874e-05,0.009335505,0.0030630357,0.06514638,-0.021745395,-0.11486672,-0.05019491,-0.11179801,-0.009834584,-0.13127863,-0.027317075,-0.010155123,0.09494117,-0.026716676,0.032756314,0.009110665,-0.059821393,0.07643409,0.010131297,0.030925624,-0.076203175,-0.052343406,-0.007045163,0.03558979,-0.054164294,0.044610888,0.056559563,0.0034439554,-0.028803455,0.06894552,0.0405771,-0.14743307,0.0048473496,0.02619281,0.013150444,0.016079979,0.002356125,-0.015444263,0.015367539,0.11387488,-0.10106124,-0.011873957,0.041240003,-0.056020316,-0.051956892,-0.03332723,0.0028754163,-0.0969695,0.011282492,0.043140717,-0.0004948732,-0.011165176,GoC
-0.021985117,-0.0076718773,-0.05330555,0.026776271,7.44306e-05,-0.01692615,-0.104523286,0.09113431,-0.018457185,-0.052340277,0.0011599117,-0.0032467702,0.010082364,0.04273332,-0.045875452,0.0809257,0.09109555,0.046465896,-0.020082908,-0.07146435,-0.0019042715,-0.07079363,-0.08190089,-0.060218677,0.009981774,-0.08563833,-0.0488637,-0.0051686503,0.043887697,0.08079875,0.016536105,-0.038600042,0.014426555,-0.057020433,0.017308123,-0.030283932,-0.046964534,-0.00059298566,-0.15617368,-0.014711696,0.026900139,-0.065624446,0.033440255,-0.069352046,0.059440352,-0.01655674,-0.14741683,0.050020657,-0.11337034,0.048788823,-0.019412076,-0.018131599,0.03373138,-0.0044614105,-0.021506224,-0.070099354,0.060556777,0.0626189,-0.062997594,0.058573976,-0.0089102145,-0.11407412,0.04475057,0.07348791,0.109142646,0.058816936,-0.031225853,0.04839886,0.012248264,-0.020656403,-0.0090462435,-0.06597001,0.00538251,0.04923275,-0.00013052684,-0.058075566,-0.01938136,-0.0196474,0.02432317,-0.08001625,-0.007000452,0.0005540699,-0.0142417215,0.104653046,-0.020372372,0.008632135,0.11229029,0.10253319,-0.0045111873,0.07369678,0.06113778,0.0035951156,0.050795168,0.04242392,0.1112763,0.0877046,0.04230197,0.07060363,-0.038155757,0.09881869,-0.11270365,-0.14111742,0.08634896,-0.022801792,0.027938098,-0.011752301,0.078927755,-0.10174967,0.046207674,0.11137042,0.03791242,-0.01485396,0.041391682,-0.020714186,-0.016857548,0.0023131524,0.033387654,-0.010574768,-0.0034008545,0.08961569,0.0014602232,0.025844537,-0.026501186,-0.122656345,0.016974017,-0.1113625,0.03407578,0.053706244,0.044793174,-0.054419246,-0.0547286,0.038334448,0.088752374,0.061154425,0.0083103925,0.075369775,-0.06331619,0.062772155,-0.013785246,-0.1182603,0.064915426,0.121480025,-0.005610883,0.06405431,0.05958011,0.022893418,-0.07695027,0.048495516,0.062005498,0.083978266,0.023632979,-0.055964984,-0.02140252,-0.074790835,0.042467564,0.067083225,-0.11219494,-0.041140415,0.075269684,0.020888966,0.039263416,-0.05736636,0.038460568,0.062535286,-0.12153866,-0.117964685,0.030394793,-0.051883243,0.003447296,0.04673599,-0.052915152,-0.11747326,-0.027786212,0.048411675,-0.03970344,-0.036803238,-0.09192239,-0.021273378,0.03803837,0.018838616,0.012399436,-0.08382341,0.06875284,-0.050769065,-0.04693747,0.14625272,0.012766313,-0.075271934,-0.058839124,0.0016006229,0.006250861,-0.020005051,-0.104637966,-0.0937057,0.07324986,-0.13610834,0.04769865,0.042994853,-0.029254265,0.020062447,0.027575262,-0.119846344,-0.0542641,-0.072675794,-0.037142914,0.006274186,0.036804907,-0.019034524,0.0015380557,0.034081053,0.12498134,0.026846055,-0.0007607057,-0.0790793,0.06019655,0.052429564,-0.055260543,0.033590637,-0.019137722,-0.021738922,0.07194134,-0.045885913,-0.0025790846,-0.021562476,0.04737962,0.05329424,0.048292615,0.03555724,0.028213913,0.070834726,-0.08059646,0.00035657734,0.031328812,0.014342405,-0.029573465,-0.037521943,-0.03625444,-0.11007664,-0.0076265456,-0.01061963,0.031184811,-0.12300386,0.0030814074,-0.015872903,0.0998362,0.07104677,-0.058746792,0.0637223,0.0744333,0.0512074,-0.096017145,0.0049857367,-0.04224377,0.06318576,-0.028512815,0.028199766,PkC_ss
0.008006314,0.038774047,-0.11674379,-0.0614101,-0.039587334,-0.012073284,-0.1106861,0.09329404,-0.0045096106,-0.03328853,0.053208034,-0.030783921,-0.04173199,0.108425096,-0.103233725,0.050941356,0.020283643,0.12015125,0.025686275,0.0183893,-0.07805785,-0.09830022,0.0027107452,-0.090944424,0.11716375,0.021103136,-0.016180664,-0.05904527,-0.0026599139,0.0057632155,-0.042449385,-0.0948346,0.02964909,-0.11486545,0.041856486,0.027444184,-0.035115357,0.049549077,-0.0650362,-0.050807826,0.049090184,0.022304807,0.085293755,-0.025532648,0.090287946,-0.074487224,-0.0650049,0.05204802,-0.09889066,-0.025056742,-0.0392724,-0.093499914,0.0057072546,0.03232479,-0.020438028,0.0020624371,0.013840407,-0.044567037,0.0030572657,-0.0615426,0.031468347,0.014438648,0.0367032,0.029684074,0.076813206,0.005876869,0.06749629,0.07141369,0.0315502,0.001251617,-0.017060524,0.02564912,0.080824815,0.084098004,0.006709246,-0.08361861,-0.06378295,-0.017403727,-0.048829462,0.035005502,0.06735033,0.025171552,-0.036364958,0.11279647,-0.06988038,0.100601435,0.009891457,2.789314e-05,0.058078114,0.14011702,0.029263228,-0.0012731533,-0.075903565,0.034505524,0.011883946,0.05647143,0.07497001,0.08572666,0.03138432,0.090594396,-0.07947485,0.07830039,0.06764055,-0.033040065,-0.05547204,-0.07058203,0.019625397,0.023459736,-0.10000679,0.1257391,0.00825708,-0.028188802,0.045007084,-0.00690539,-0.019885039,-0.06476251,0.059428383,-0.022541195,-0.053389512,0.0069663445,0.050118357,0.030923218,-0.09282755,-0.05773002,0.006008466,-0.08767651,0.10270463,0.013669701,0.08972187,0.10720205,0.110326305,-0.0043683033,-0.03751142,0.026451329,0.05775836,0.045329623,-0.060758144,0.0051035113,0.048272662,-0.011386108,0.0027181958,0.03263852,-0.09426682,0.037178833,0.04002469,0.0043582153,-0.029755864,-0.02091315,0.042125545,0.014809852,0.07464264,-0.11784904,0.027501486,-0.05709795,-0.08582246,0.09584032,-0.03283777,-0.037416957,0.08895973,0.029780937,0.06233732,0.016660947,-0.00028585084,0.024993842,-0.09888393,-0.09285819,0.029317707,-0.030292101,0.035505567,0.059258297,-0.07826185,-0.0067197406,-0.08675322,0.039525874,-0.027332198,0.06594498,-0.12702042,0.022532426,-0.0011295853,-0.0050350865,-0.010924566,0.040602095,0.03233243,0.026441548,0.025630372,-0.04834929,-0.010509133,-0.020690821,-0.1014165,-0.0834049,0.008502659,-0.05240267,0.019174842,-0.002702124,-0.025654498,-0.12328179,-0.016136277,-0.03141688,-0.15758032,0.031807713,0.0212692,-0.0034702495,0.003298393,-0.05989577,-0.02866755,-0.031553205,0.024268923,0.029823292,0.016330943,-0.065596774,0.06578506,-0.06693948,0.019208744,-0.1546061,-0.0169963,0.049624816,-0.005559274,-0.028267827,-0.022792803,0.009352811,-0.01651775,0.01984784,0.096759394,0.00087273936,0.006653223,0.011795372,0.04601618,0.07628998,-0.102695554,0.06991945,-0.035528082,0.050669063,-0.011780952,0.06872578,-0.05826649,-0.14635864,-0.048340894,-0.057792023,-0.053751186,0.109763324,-0.008327574,-0.017701525,-0.004149996,0.014298083,0.043532614,0.021991262,-0.03330586,0.07065383,0.011959381,0.04827594,-0.0987716,0.057074785,-0.07343353,0.10765595,-0.020068757,0.07284663,PkC_ss
0.09815003,0.011002465,0.07005273,0.1081573,0.03407357,-0.04328823,0.06816707,-0.090487175,0.08336285,0.11153108,0.05036979,0.06287132,-0.0145810945,0.0053572464,0.06352502,-0.06817366,-0.07163023,-0.08638632,0.08137117,0.1108906,0.0015643276,0.053828493,0.06297667,-0.0010775151,0.01090189,0.015328059,0.11130072,-0.0042100474,-0.043936472,-0.00956266,-0.059716158,-0.002319852,-0.058713622,0.053341188,0.0048369956,-0.044951156,0.067200415,0.025511887,0.03049534,-0.062119406,-0.067392886,0.034703977,-0.008531864,-0.036676787,-0.010644896,-0.05716518,0.031808477,-0.07676265,0.0026788432,-0.060877405,0.016926188,-0.020755237,-0.06844893,0.02379358,-0.016421478,0.075781025,-0.08408806,-0.07129614,-0.00018535927,-0.06425327,-0.02768696,0.10005708,0.013209419,-0.02794459,0.001779668,-0.042211432,-0.00337268,-0.08060713,-0.07333485,0.045401808,-0.001027134,0.041136235,0.00225391,0.037077427,0.045156255,0.061175913,0.061997794,0.02531607,-0.052788682,0.060662664,0.06444005,0.12420854,0.025307652,0.010391679,0.056194022,-0.040447216,-0.06504561,0.0016550487,0.10251185,0.0015699228,-0.09687735,-0.06991221,0.018412072,-0.0014030538,-0.109657645,-0.10055658,0.023021383,-0.042633817,-0.05295343,-0.048855934,0.07449615,0.038780775,-0.06958151,0.07560989,0.034721315,0.053698666,-0.086588174,0.07288399,-0.040926624,-0.1195178,-0.10773056,0.030922025,-0.037617724,0.07713303,-0.021992154,0.0046683354,-0.0395945,-0.057400882,-0.078207806,-0.026209924,0.024440415,-0.045414187,0.037326068,0.09581071,0.07890304,0.10125105,-0.07031734,-0.045720257,-0.048076015,0.06522867,0.015507514,-0.09721321,-0.011799472,-0.039489068,-0.11272471,-0.09499669,-0.018249566,-0.028485775,0.026714854,0.09057416,-0.018389665,-0.14223562,-0.04923266,-0.028487213,-0.0121249445,-0.084625006,0.011065882,-0.03376671,-0.019822383,-0.04386539,-0.03847961,0.105123304,-0.10490786,0.03179389,0.0445869,-0.009065714,0.10094866,0.041642524,-0.0089835655,0.0061149476,-0.043338165,0.046002828,-0.112779014,-0.0037407577,0.113922104,0.104602806,-0.036872573,-0.018954009,-0.031394195,-0.08423127,0.04587083,0.07934438,0.057178307,0.019184355,-0.034544706,0.00018996559,0.04383375,0.07517657,-0.008988359,0.01808304,0.025108233,0.099325754,-0.083809376,0.090001464,0.020847086,-0.08267703,-0.022376545,0.05132806,0.009067154,-0.067673706,-0.018523537,0.02839106,0.12720652,0.054092005,-0.07779673,0.038242813,0.09559798,-0.008933932,-0.017787935,0.10411793,0.0018970794,0.093702495,0.07617989,0.09085257,-0.060551975,-0.023279633,-0.085686326,0.03099558,0.0117441155,-0.006608927,-0.070624955,0.004643214,-0.058521755,0.08469488,-0.013228239,-0.07701534,0.038507853,-0.036489967,0.031794965,0.022459492,-0.09100662,-0.025833769,0.020570282,0.06533444,0.05586422,-0.08235121,-0.12422124,0.01092116,-0.066027574,-0.07605687,-0.029473672,-0.04127073,0.034906857,-0.047105823,0.015802048,0.03478291,0.061976526,0.032980975,-0.033304773,0.026531432,-0.09819889,0.06760761,-0.03907157,0.018893164,-0.022244284,-0.034729723,0.06569624,0.045220263,-0.07897174,-0.059945963,0.124890655,-0.0011749286,-0.017070243,-0.07929996,0.030055398,-0.008339282,PkC_cs
0.09079823,0.0112858005,0.060376026,0.09258612,0.052696466,-0.03193899,0.08295877,-0.08730151,0.071116954,0.09262674,0.050680622,0.054449335,-0.010775603,0.017145377,0.05738117,-0.073686436,-0.07810552,-0.08523797,0.09341521,0.105969906,0.01254311,0.06523268,0.074236974,0.017060515,0.014218552,0.020225476,0.11528219,-0.0009462527,-0.053934976,-0.031467948,-0.05894617,0.029170085,-0.04296524,0.06221042,0.0023643218,-0.042614993,0.0811972,-0.003436796,0.051248405,-0.06787787,-0.06937608,0.044366892,0.0040299566,-0.01814257,-0.022441367,-0.06403625,0.05550889,-0.062423356,0.02699929,-0.060236428,0.0265586,-0.016821988,-0.07542412,0.039129447,-0.012199735,0.10013754,-0.08430513,-0.08510296,0.018606428,-0.06604168,-0.021359747,0.10271437,0.008661778,-0.045706168,-0.016035948,-0.0500184,0.0056674276,-0.08506478,-0.05830181,0.05962141,-0.0049832324,0.044978783,-0.0053258017,0.036126483,0.051960364,0.06281086,0.053976983,0.03367263,-0.051696464,0.05217552,0.067509376,0.10037058,0.027788287,-0.022465881,0.06602737,-0.050745085,-0.066171445,-0.007993042,0.09455533,-0.0031682325,-0.11384231,-0.08072764,0.0009354476,-0.004714624,-0.11806008,-0.1071644,0.005733183,-0.032584988,-0.036247358,-0.054398328,0.09763581,0.052988544,-0.099820755,0.07767941,0.03220448,0.054546066,-0.07906987,0.083483055,-0.030922562,-0.12211411,-0.09938711,0.037431337,-0.035969023,0.0672088,-0.024329532,-0.0041064164,-0.033788502,-0.044302672,-0.08968058,-0.047628716,0.0426568,-0.057665817,0.03188426,0.097749665,0.07697871,0.10978125,-0.081115104,-0.046412487,-0.048890196,0.067654066,0.028922582,-0.09710935,-0.01707479,-0.04433448,-0.103190124,-0.10435806,-0.0035267803,-0.047697246,0.026906513,0.11955179,-0.027492225,-0.13085958,-0.04270672,-0.0476164,-0.015323771,-0.080024034,0.003959436,-0.04335317,-0.045050003,-0.053822283,-0.03816061,0.11098286,-0.092003375,0.033930395,0.024003308,-0.017503407,0.11613254,0.041626006,-0.01707726,0.0055614794,-0.034806333,0.040260255,-0.11747265,-0.019489825,0.116484344,0.10390476,-0.008198401,-0.016614392,-0.03865798,-0.087025434,0.045046337,0.08687396,0.060568873,0.010855437,-0.023018273,0.017252252,0.056612287,0.07320283,-0.019677695,0.017552208,0.014552653,0.10366047,-0.084577486,0.07156381,0.017974868,-0.09144334,-0.029308658,0.06589582,0.028093204,-0.056321196,-0.020631278,0.026925407,0.14126295,0.06607969,-0.0720383,0.07154557,0.055551335,-0.04058572,-0.011379053,0.09295516,-0.008951654,0.10131331,0.049870834,0.10129694,-0.05650705,-0.014149555,-0.0821891,0.042873662,0.00040072383,-0.02356726,-0.08090086,-0.011848194,-0.07161708,0.082286194,-0.015621973,-0.08254261,0.054833595,-0.039705686,0.040063243,0.01389493,-0.1070582,-0.021502744,0.008269035,0.06778975,0.03982923,-0.09365919,-0.12337263,0.015241306,-0.06253937,-0.078583255,-0.00022100448,-0.044588644,0.022990633,-0.04563615,0.03174801,0.032122616,0.07477888,0.045196928,-0.021463968,0.021155573,-0.09670946,0.06607308,-0.028971361,0.04189148,-0.046256624,-0.03657154,0.078328624,0.02767316,-0.08152602,-0.06681157,0.12924783,-0.032259814,-0.0017137239,-0.0860956,0.03741936,-0.016367864,PkC_cs
-0.121233776,0.033355862,-0.07874999,-0.16905178,0.00936085,0.044684358,0.04775619,0.017759189,-0.06919946,-0.07963748,-0.007496686,-0.06456617,-0.009862067,0.058416955,-0.03159707,-0.060584158,-0.033007547,0.07077989,0.00036721,0.0021646905,-0.055621322,-0.03735835,0.08786833,-0.0016669743,0.033598438,0.06411424,0.032786716,-0.022271784,-0.048369072,-0.087397024,0.0059532537,0.044197857,0.039480254,-0.037876103,-0.005595755,0.06157054,-0.002333291,-0.0057835924,0.13258699,-0.028018473,0.068255946,0.07573931,0.03645558,0.11175876,0.0057281093,0.01862827,0.12812488,0.06399418,0.05234697,-0.023911417,0.008024216,-0.0047556628,0.01803038,0.03805892,0.016005017,0.09156138,-0.019012064,-0.031198874,0.09043755,-0.076666325,0.05664326,0.048072703,-0.043632023,-0.07050356,-0.06897235,-0.038916063,0.019070182,0.018972248,0.090267,0.03864569,0.012530469,0.076318406,0.00019973703,-0.010981827,-0.05628702,-0.02722545,-0.069419645,-0.027229868,-0.051898807,-0.034120418,-0.014208581,-0.13399467,-0.012867353,-0.11758475,-0.0045105927,0.02317639,-0.019186554,-0.12402258,-0.055096637,0.022932038,-0.034415085,0.050704524,-0.102451146,-0.028638825,-0.05550362,-0.010499808,-0.054703977,0.02446999,0.11397593,0.012525864,0.06678064,0.18899623,-0.06579906,-0.025268288,-0.11650416,-0.057366394,0.034222577,0.10706609,-0.013155058,-0.0010889012,0.07522176,0.016182065,0.05655495,0.0012783768,0.013499521,0.0007883655,0.05740008,0.028076101,0.018811474,-0.08186266,0.08026582,0.02073822,-0.027365621,0.048887007,-0.092711926,0.038289756,0.056899242,-0.015037301,0.049477898,0.09376012,0.12104226,0.036941256,-0.08060913,-0.056182086,0.09711438,-0.0037135696,0.07243923,-0.08364047,0.017526334,0.061702933,-0.04682071,0.010733606,0.0044404063,-0.06881976,-0.026665784,0.048097573,0.016669007,-0.045881283,-0.08588493,-0.046422742,0.011598788,-0.07045163,0.12122298,-0.0180241,-0.12859738,-0.042289846,0.037989058,-0.008610296,-0.034960583,-0.008328759,0.05442062,-0.015238352,-0.017528476,-0.052994978,-0.01273493,0.025454126,0.095761634,0.0208825,0.033341084,0.046674337,-0.016097222,0.032316357,-0.07969313,-0.041926697,0.091081336,0.08152915,0.011767451,-0.013763754,-0.061268464,-0.051987,-0.044425916,0.088909835,-0.042176355,-0.07822413,0.07493973,-0.091679275,-0.0027160842,0.019275479,0.04408633,0.08288702,-0.01317686,-0.06537336,0.06721062,0.058042478,0.051898602,0.13770851,-0.17537795,-0.1454167,-0.058321796,-0.1236105,-0.04884448,0.07004502,-0.03503969,-0.023535065,0.074468955,0.010285693,-0.015176541,0.0059781675,-0.004416813,-0.08631905,-0.07230303,-0.0901179,0.06372455,-0.07029596,-0.059415758,0.0059983335,0.023192225,-0.021879973,0.046894938,0.012002753,-0.03136939,0.1118591,0.015147256,-0.006824622,-0.123547584,-0.021755613,0.002578156,-0.028301567,0.0076929317,0.028076649,0.11743888,0.037297018,-0.051720552,0.043059673,0.038135357,-0.07565563,-0.0044040224,0.0886155,0.042273458,0.027651798,0.048778072,0.04857885,0.02128583,0.054241695,-0.11648345,-0.031431906,0.024089264,-0.1271129,-0.00011088699,-0.0025326496,0.038406767,-0.052335545,0.062219188,0.0639243,-0.016503219,-0.03180462,MLI
0.020739295,0.00024668034,-0.11388548,-0.015366251,-0.026079033,-0.04229445,-0.12038065,0.06471928,-0.017138857,-0.0018804276,0.049072262,-0.005809889,-0.044317976,0.07011488,-0.0573803,0.07535665,0.102121636,0.09326737,0.019708227,0.009558188,-0.05501122,-0.11731844,-0.048560947,-0.11859511,0.056189865,-0.058534093,-0.028104674,-0.03146057,0.038565572,0.07938586,0.0193036,-0.11406736,-0.0175229,-0.09959877,0.027853085,0.03693831,-0.03150084,0.09411457,-0.13851792,-0.043841854,0.009493697,-0.05607306,0.03781402,-0.10180686,0.091327466,-0.026457835,-0.11579397,-0.004382037,-0.14400816,0.019415706,-0.067611456,-0.053838544,0.0103533175,0.011207107,-0.023556389,-0.049295176,0.022634415,-0.002368837,-0.04692893,0.017466791,0.022458319,-0.039164808,0.037980057,0.08122041,0.1244571,0.021241235,-0.0064150244,0.04438316,-0.0020144158,-0.05544605,0.0038464186,-0.012636779,0.04110279,0.07770098,0.006083929,-0.061847866,-0.012820313,-0.02078383,0.015403818,-0.029144498,0.04971253,0.03736904,0.0027206773,0.16868597,-0.077644,0.038010873,0.06469439,0.06929299,0.028152766,0.0947968,0.054421153,0.01273468,0.024327764,0.055312365,0.03215162,0.09282644,0.099127844,0.06212743,-0.04937053,0.09647417,-0.10561566,-0.080041155,0.09620354,-0.0329543,0.00161228,0.008138778,0.06343684,-0.045601837,-0.04962229,0.13579512,-0.02232382,-0.017937282,0.057870112,-0.012873156,-0.003146505,-0.01056768,0.06375744,0.00069873873,-0.024354026,0.07493584,-0.006192993,0.011944271,-0.045694515,-0.07864756,0.0683599,-0.109362155,0.045133047,0.019542772,0.036576923,0.0273305,0.04457248,0.0018731494,0.051868476,0.06599896,-0.006416293,0.039942063,-0.09405644,0.067069136,-0.010962065,-0.093507096,0.062232364,0.034541316,-0.049925823,0.07698831,0.06693825,-0.028430337,-0.07303184,0.004170417,0.084299415,0.07469675,0.053566836,-0.06629977,-0.0022263122,-0.067911096,0.025807986,0.098070756,-0.069282785,-0.06577693,0.07696948,-0.0018276763,-0.011722018,-0.029294364,0.016369738,0.040823776,-0.09882991,-0.07115047,0.008573312,-0.06907371,0.03354916,0.06293914,-0.0404035,-0.061704025,-0.029393483,0.06249743,-0.095396966,-0.0161127,-0.1469462,0.03358062,0.0017138422,-0.00641144,0.017083548,-0.0048355213,0.011348897,0.0021322598,-0.021802766,0.0796826,0.021920744,-0.062158383,-0.077138245,-0.10070371,0.018394526,-0.05984115,-0.038360965,-0.09456834,0.012132083,-0.1669325,0.04192763,0.064688124,-0.12602247,0.034571156,0.0234396,-0.09253137,-0.009661904,-0.0751161,-0.063206285,-0.048939735,0.018018909,-0.018274287,0.013702327,0.022086352,0.15327215,0.023334723,0.008806161,-0.1075785,0.009678703,0.03942744,-0.07686131,0.0059342445,0.0016064798,0.0075372313,0.047050998,-0.034515444,0.04394871,0.014244134,0.07473787,0.06182102,0.042194624,0.027351335,-0.029793452,0.069928885,-0.05213855,0.018217366,0.061757665,0.030222364,-0.06214238,-0.089211345,-0.040749088,-0.10039241,-0.015494304,0.06011474,0.018392429,-0.052182164,-0.032475803,-0.03600019,0.1288442,0.045843277,-0.043691263,0.1177315,0.06658244,0.06194008,-0.101785354,0.018575482,-0.092763446,0.09634048,0.009561287,0.08341322,PkC_ss
0.09232171,0.007961988,0.065152615,0.09011246,0.04216283,-0.040060896,0.08132774,-0.09793112,0.0853965,0.10546272,0.04744313,0.057810068,-0.0132080875,0.004435108,0.064925976,-0.07692239,-0.074228674,-0.09423058,0.090027675,0.11425076,0.009622466,0.06220991,0.06491086,0.0046372823,0.005405385,0.020815313,0.11413075,0.0007604558,-0.056979474,-0.01977833,-0.05578053,0.017998237,-0.051491294,0.06557651,-0.0028016823,-0.038666673,0.077692375,0.005817384,0.05373203,-0.059426863,-0.07268374,0.03179125,-0.0077021453,-0.027080126,-0.018592339,-0.049068503,0.054968596,-0.07098259,0.027794557,-0.059304833,0.019294903,-0.009959515,-0.077544115,0.036698937,-0.008330769,0.08498211,-0.08451929,-0.078360006,0.009380497,-0.07126247,-0.01811258,0.09910378,0.009476107,-0.03719698,-0.016219445,-0.0418327,0.00034194393,-0.085840836,-0.07215692,0.056448236,-0.0033085837,0.045191616,-0.0027738581,0.03322034,0.04417164,0.06968047,0.06684787,0.03416495,-0.04410895,0.06071324,0.05687333,0.10922924,0.027771134,-0.012361936,0.05446772,-0.04338128,-0.07052088,-0.008820576,0.094614714,-0.014430858,-0.106392965,-0.07498101,0.013783111,-0.014144933,-0.12357445,-0.10435529,0.009417535,-0.043612197,-0.04436463,-0.06034699,0.09823768,0.05402202,-0.08476168,0.07573002,0.03254505,0.061870985,-0.0863584,0.08129823,-0.029796526,-0.1276038,-0.10643172,0.036133695,-0.03761822,0.07103104,-0.020311002,0.003285463,-0.037041,-0.045741376,-0.07751779,-0.043854438,0.035005696,-0.050863277,0.036772914,0.10260348,0.08040817,0.11231177,-0.07759045,-0.05219943,-0.058976777,0.067099646,0.017630335,-0.100943446,-0.00861236,-0.05032734,-0.10594552,-0.10901389,-0.0056550275,-0.034150682,0.028169462,0.107290745,-0.023215443,-0.13847578,-0.035188593,-0.027816264,-0.011976204,-0.08789006,0.013046369,-0.042030938,-0.03559445,-0.052661054,-0.044380937,0.11232372,-0.097053975,0.03952185,0.03532984,-0.015630156,0.11184459,0.045398753,-0.017959807,-0.004406565,-0.049286023,0.0434902,-0.11045058,-0.021275062,0.11962434,0.112579405,-0.02623739,-0.016871093,-0.035898015,-0.08810779,0.05306991,0.08562723,0.05995427,0.004763595,-0.026431885,0.011016943,0.055840865,0.0785411,-0.015897758,0.01851181,0.02854541,0.09636104,-0.08901786,0.07704182,0.012509704,-0.089135915,-0.02226696,0.06343295,0.027413242,-0.06125583,-0.022056347,0.032225676,0.13798936,0.06652455,-0.075673945,0.06549513,0.06492776,-0.023725417,-0.01715564,0.092873156,-0.007619776,0.09752781,0.06321303,0.10498488,-0.061590053,-0.009571143,-0.08503527,0.03919522,0.0076454408,-0.01717334,-0.07712625,-0.0017186907,-0.065994844,0.088605806,-0.017186012,-0.08032192,0.04235441,-0.04477432,0.034183923,0.017752199,-0.097512245,-0.028048158,0.012900368,0.068506025,0.044370875,-0.08623178,-0.12114772,0.014165167,-0.057775296,-0.085474715,-0.010728922,-0.04284764,0.028208494,-0.050815135,0.028696992,0.0475467,0.07039836,0.040081542,-0.026311232,0.023498502,-0.09324439,0.07494521,-0.037284233,0.022745188,-0.033791184,-0.04211811,0.077450484,0.030161386,-0.07784714,-0.063543014,0.13031583,-0.014658532,-0.010206885,-0.08616445,0.02947732,-0.022861175,PkC_cs
-0.10050908,0.0008931548,-0.067358874,-0.1724135,-0.00070005516,0.061015323,0.045687683,0.019790739,-0.038050026,-0.02201603,-0.006321757,-0.053553175,-0.013312889,0.007635861,-0.040456004,-0.068932876,-0.055771843,0.05339625,-0.022547292,0.03623948,-0.06626319,-0.024814906,0.06122181,-0.0057001626,0.02297473,0.095224485,0.030100765,-0.021177966,-0.078470275,-0.07701352,-0.012932854,0.006183999,0.052803237,-0.014131647,-0.016744714,0.09839904,-0.008400027,-0.01907824,0.14050074,-0.020832665,0.06578421,0.06467977,-0.006108708,0.12614775,-0.030212037,0.06679623,0.14070459,0.03698227,0.0629842,0.016482271,-0.018072516,0.047308885,0.010599266,-0.007983609,0.032929763,0.053926155,-0.029022466,-0.029119907,0.06764807,-0.09635843,0.07243323,0.042602174,-0.0372761,-0.060455058,-0.11522183,-0.011166457,0.04897967,0.016862271,0.06994869,0.014945526,-0.0019654497,0.11483817,0.040101442,-0.031958174,-0.0871113,-0.023553362,-0.061904997,-0.02444038,-0.0013890765,0.026639549,-0.046660155,-0.09567313,-0.010133626,-0.082465604,-0.017357582,0.048902836,-0.086404964,-0.12401454,-0.052846685,-0.026956085,-0.027287956,0.08620344,-0.09662077,-0.02295683,-0.07015765,-0.027233195,-0.02700411,-0.039533563,0.10933524,-0.032443784,0.0440989,0.16567512,-0.050029047,-0.050830185,-0.14359552,-0.032236073,0.010277603,0.107497536,-0.0044963267,-0.021292573,0.09093803,-0.02004587,0.025569834,-0.006025127,0.056603827,-0.002442059,0.017812647,0.025712337,0.04341892,-0.08364092,0.061222635,0.056025214,-0.03617477,0.08070484,-0.11135255,0.045083024,0.07360302,-0.035331175,0.034944393,0.08833362,0.09231286,0.02246233,-0.08423096,-0.04394623,0.103032,-0.01990569,0.0783052,-0.06373734,0.018883955,0.06790258,-0.0566101,-0.021476319,0.007973403,-0.003883198,-0.02405639,0.041117165,0.079984054,-0.019232988,-0.065397486,-0.033829536,0.011527406,-0.07460767,0.11073936,-0.014137624,-0.11239424,-0.046724685,0.011714194,0.00053629,-0.03945383,-0.036889598,0.014767038,-0.009108696,-0.004784239,-0.05309695,-0.025654512,0.011135469,0.07708221,0.04962515,0.05004704,0.036335707,-0.0051154653,0.03762763,-0.08040394,-0.05838098,0.08851676,0.06680192,0.04203189,-0.040993765,-0.09037322,-0.07414151,-0.009246428,0.08476786,-0.012797076,-0.04225033,0.12461592,-0.11128033,0.037733868,0.023773585,0.015061125,0.053065524,-0.024941536,-0.01848056,0.051754773,0.10323927,0.021461306,0.14068958,-0.16667756,-0.116754666,-0.03462793,-0.0955859,-0.036535148,0.087689534,0.003647687,-0.041783273,0.060069874,-0.00028074207,-0.0165826,0.019911423,0.009439377,-0.10046116,-0.10479675,-0.07343373,0.07002397,-0.03199622,-0.064809814,0.011268269,0.013113858,-0.051424045,0.051307775,0.018860737,0.022999894,0.12685415,0.025751658,-0.034282953,-0.14000776,-0.025240585,0.009215995,-0.025838463,-0.001354114,0.026375009,0.08889575,0.05572518,-0.052104644,0.04132457,0.017603194,-0.052610207,-0.0010197167,0.124643795,0.024942301,0.029539816,0.026241641,0.08839694,0.014483538,0.022970736,-0.12882105,-0.04039006,-0.018916925,-0.1441172,-0.0080769425,0.010575189,0.0530599,0.030311503,0.03973852,0.032352015,-0.0371807,-0.030516729,MLI
-0.043456282,0.03742542,-0.15916662,-0.15552515,-0.04325424,-0.006677746,-0.07037354,0.04150902,-0.016976759,0.008369694,0.03441186,-0.08363972,-0.035763074,0.070672676,-0.07070698,-0.02416342,0.016198732,0.11851146,-0.024932858,0.05999352,-0.1324785,-0.09510836,0.08709134,-0.08843355,0.12716061,0.08505309,0.024819927,-0.06567669,-0.052041046,0.019062333,-0.02406855,-0.102846116,-0.018024378,-0.11367865,-0.037052497,0.06827557,-0.036263518,0.086151496,0.008765585,-0.050175946,0.044854682,0.071515806,0.04889821,0.068815894,0.08783536,0.018873189,0.05172185,0.030789033,-0.056101907,-0.018496953,-0.07219577,-0.04399427,0.025763072,-0.026758894,-0.014576709,0.028830923,-0.021799996,-0.056254644,0.070925914,-0.08131446,0.06578615,0.07162101,0.02851674,0.006052215,-0.0027793124,-0.019799128,0.053760104,0.0431331,0.03659509,-0.005123677,0.016233914,0.075715035,0.06535283,0.04820795,-0.090056375,-0.06354253,-0.03235837,-0.057440773,-0.036866874,0.041551523,-0.013657716,-0.052638583,0.009724434,0.078854434,-0.064478725,0.12320385,-0.031531624,-0.068248235,-0.062928334,0.08389763,0.032001697,0.0820005,-0.07051209,0.0027761422,-0.039217927,0.043349456,0.04559451,-0.0019741883,0.034957334,0.023235297,-0.028433988,0.1531317,0.06299106,-0.039871376,-0.1366607,-0.065250546,0.049999677,0.053811908,-0.080112934,0.10698878,0.029756248,-0.04699017,0.039257765,0.03285697,0.028949998,0.003743804,0.071844295,0.022443287,0.0578869,-0.012309535,0.06725296,0.06058712,-0.06519208,0.015589608,-0.025959257,-0.053431205,0.11626758,-0.023989234,0.074249394,0.13129692,0.13902172,-0.012092814,-0.069727,-0.02834066,0.08404152,-0.0031678295,0.010949174,-0.032456294,0.021223418,-0.0036715535,-0.0333791,-0.01337732,-0.030592747,-0.0074932557,-0.0041348278,0.0126417745,0.035892338,-0.01829278,0.030675206,0.02243661,0.052192222,-0.116716914,0.06363966,-0.04949841,-0.09518422,0.063358694,-0.009864017,-0.04468384,0.055453215,-0.069054395,0.04057177,-0.027245235,0.0051983977,0.01914988,-0.047355354,-0.00977038,0.03007434,-0.010283701,0.07642356,0.05272539,-0.036649767,0.015583347,-0.12734637,0.010803532,0.039872527,0.07706757,-0.107197255,0.018202387,-0.08289242,-0.050606854,0.024712855,0.09106918,-0.019236559,-0.033906966,0.115424424,-0.036671646,0.014912472,-0.008816151,-0.008116762,-0.012123354,-0.0376119,-0.08503991,0.03815363,0.057586543,0.0065611303,0.015227916,-0.13097611,-0.061205853,-0.15710497,-0.06744345,0.0020683468,0.006366398,0.019412342,-0.14120066,-0.0022418266,-0.016334675,-0.0047920486,0.0031895984,-0.009185297,-0.11128043,-0.010950692,-0.027782258,0.07383607,-0.16523212,-0.06618844,0.044694982,-0.012323363,-0.028887363,-0.0005994588,0.069523975,0.027350571,0.11514433,0.08885606,-0.017946478,-0.101013884,0.033658326,0.04614223,-0.03703211,-0.03803222,0.04359696,0.030614918,0.07799843,-0.0090589635,0.052878425,-0.036073003,-0.11963354,-0.063726805,0.06727959,-0.020240527,0.09973631,0.041039772,0.08292046,-0.034035157,-0.019527825,-0.025375584,-0.020293878,-0.038388047,-0.060659878,0.03001172,0.057669047,-0.013030976,0.062386468,-0.037700914,0.10082415,-0.035725005,8.39266e-05,PkC_ss
0.052118715,0.002597012,0.06277125,0.03962921,0.046927214,-0.0022500735,0.09934075,-0.07465035,0.035560764,0.059085283,0.030088304,0.031330924,-0.0014835047,0.008971366,0.051680617,-0.07633919,-0.08844939,-0.07325007,0.0756323,0.082007006,0.015013396,0.078439094,0.08201467,0.040920228,0.005705139,0.03364327,0.09662915,-0.005580834,-0.059903737,-0.0691038,-0.04455763,0.049318776,-0.01371446,0.06401181,0.00086726225,-0.01751051,0.07397988,-0.028458416,0.09408239,-0.050105162,-0.05733148,0.054415554,-0.0029467011,0.021096516,-0.03666336,-0.04826711,0.09025363,-0.039322305,0.058467604,-0.03956545,0.028484762,0.0045412416,-0.06801088,0.04459977,0.0025846793,0.10625903,-0.08262758,-0.06955824,0.041831758,-0.06899291,-0.0036896102,0.096536666,-0.011001301,-0.06427178,-0.05655006,-0.05372925,0.01670916,-0.083236605,-0.023101527,0.05424417,-0.004424019,0.054924577,-0.008107123,0.013455886,0.030255988,0.04842094,0.030330144,0.037869778,-0.047527835,0.04158494,0.04894899,0.049791235,0.009708207,-0.064760074,0.060871415,-0.047186255,-0.08008444,-0.03140819,0.07271035,-0.022593698,-0.10241091,-0.05946602,-0.01678488,-0.013096114,-0.11499415,-0.099566385,-0.02000704,-0.030758314,0.0027740933,-0.057617567,0.10523601,0.08287157,-0.106698886,0.06260052,0.013393627,0.033515688,-0.07916431,0.095914945,-0.01482199,-0.12472232,-0.06193114,0.03572025,-0.032872587,0.04732126,-0.013598506,-0.010952045,-0.026706645,-0.02490088,-0.061357804,-0.06368438,0.048013743,-0.04792031,0.024008865,0.09391138,0.039424405,0.110187516,-0.06498437,-0.047989182,-0.043935083,0.058209896,0.04611384,-0.06472724,-0.033764143,-0.05361046,-0.060381852,-0.09660156,0.03273104,-0.06820712,0.019139793,0.12530085,-0.040915668,-0.1135596,-0.026878737,-0.062102467,-0.0249026,-0.05324002,0.021779124,-0.044719726,-0.07351095,-0.06627494,-0.03157776,0.08491847,-0.044977106,0.043752618,-0.011648724,-0.04130307,0.11482763,0.04084758,-0.037269797,0.011058373,-0.023738416,0.038835853,-0.10610819,-0.03998887,0.10840924,0.09599163,0.026119564,0.0068287533,-0.034684904,-0.0761994,0.03716694,0.09012115,0.05394773,-0.009014025,0.0128473705,0.03959745,0.08042011,0.050569594,-0.03447493,0.006117833,-0.0039113387,0.097464785,-0.06850399,0.049434315,0.023712913,-0.10679296,-0.02654663,0.07565586,0.04404469,-0.028250298,-0.01843455,0.0175561,0.13640626,0.07071602,-0.054767698,0.1136709,0.009691041,-0.063461974,0.002935812,0.047396928,-0.023620855,0.11100825,0.031593207,0.092954755,-0.021284228,0.0088500455,-0.077962324,0.04006795,-0.008298439,-0.035738494,-0.09608133,-0.037747636,-0.039566174,0.07908185,-0.025165804,-0.07834639,0.06014461,-0.035988536,0.04521519,0.009380535,-0.09682171,0.0007009711,-0.0007952498,0.05064887,0.0030577201,-0.09419188,-0.103671,0.0094904285,-0.04486227,-0.06580029,0.03185873,-0.039763033,-0.0060209706,-0.033000518,0.045089576,0.02545026,0.062283926,0.06615268,-0.0077357125,0.0051374543,-0.07345854,0.064458266,-0.008986804,0.054769125,-0.090722516,-0.045954403,0.07839388,-0.017715078,-0.08221137,-0.064632595,0.11893134,-0.04330561,0.032998294,-0.07327718,0.034379095,-0.029945238,PkC_cs
